group_id,participant_id,response_value,stimuli_presented,stimulus_files_presented,block,item_base,item_type,condition,nonphon_err_type,phon_err_details,answer,second_attempt_used,trial_num_sequential,participant_num
default,1c06ecbba73988e7ff38a0c41f40584e9c83811b795b884f78b6b18494487300,Male,gender,NA,Questionnaire,NA,other_non_err_detection,NA,NA,NA,NA,No,1,1
default,1c06ecbba73988e7ff38a0c41f40584e9c83811b795b884f78b6b18494487300,['White'],race/ethnicity,NA,Questionnaire,NA,other_non_err_detection,NA,NA,NA,NA,No,2,1
default,1c06ecbba73988e7ff38a0c41f40584e9c83811b795b884f78b6b18494487300,Ph.D.,highest_level_edu,NA,Questionnaire,NA,other_non_err_detection,NA,NA,NA,NA,No,3,1
default,1c06ecbba73988e7ff38a0c41f40584e9c83811b795b884f78b6b18494487300,['English'],native_language,NA,Questionnaire,NA,other_non_err_detection,NA,NA,NA,NA,No,4,1
default,1c06ecbba73988e7ff38a0c41f40584e9c83811b795b884f78b6b18494487300,Yes,same_state_5_year,NA,Questionnaire,NA,other_non_err_detection,NA,NA,NA,NA,No,5,1
default,1c06ecbba73988e7ff38a0c41f40584e9c83811b795b884f78b6b18494487300,Yes,same_state_5_year_yes,NA,Questionnaire,NA,other_non_err_detection,NA,NA,NA,NA,No,6,1
default,1c06ecbba73988e7ff38a0c41f40584e9c83811b795b884f78b6b18494487300,Right,handedness,NA,Questionnaire,NA,other_non_err_detection,NA,NA,NA,NA,No,7,1
default,1c06ecbba73988e7ff38a0c41f40584e9c83811b795b884f78b6b18494487300,No,hearing,NA,Questionnaire,NA,other_non_err_detection,NA,NA,NA,NA,No,8,1
default,1c06ecbba73988e7ff38a0c41f40584e9c83811b795b884f78b6b18494487300,No,vision,NA,Questionnaire,NA,other_non_err_detection,NA,NA,NA,NA,No,9,1
default,1c06ecbba73988e7ff38a0c41f40584e9c83811b795b884f78b6b18494487300,No,langDis,NA,Questionnaire,NA,other_non_err_detection,NA,NA,NA,NA,No,10,1
default,1c06ecbba73988e7ff38a0c41f40584e9c83811b795b884f78b6b18494487300,No,learnDis,NA,Questionnaire,NA,other_non_err_detection,NA,NA,NA,NA,No,11,1
default,1c06ecbba73988e7ff38a0c41f40584e9c83811b795b884f78b6b18494487300,No,attention,NA,Questionnaire,NA,other_non_err_detection,NA,NA,NA,NA,No,12,1
default,1c06ecbba73988e7ff38a0c41f40584e9c83811b795b884f78b6b18494487300,No,headInjury,NA,Questionnaire,NA,other_non_err_detection,NA,NA,NA,NA,No,13,1
default,1c06ecbba73988e7ff38a0c41f40584e9c83811b795b884f78b6b18494487300,No,neuroImpair,NA,Questionnaire,NA,other_non_err_detection,NA,NA,NA,NA,No,14,1
default,1c06ecbba73988e7ff38a0c41f40584e9c83811b795b884f78b6b18494487300,No,household_accent,NA,Questionnaire,NA,other_non_err_detection,NA,NA,NA,NA,No,15,1
default,1c06ecbba73988e7ff38a0c41f40584e9c83811b795b884f78b6b18494487300,No,current_accent,NA,Questionnaire,NA,other_non_err_detection,NA,NA,NA,NA,No,16,1
default,1c06ecbba73988e7ff38a0c41f40584e9c83811b795b884f78b6b18494487300,Sometimes,exposure_spanish,NA,Questionnaire,NA,other_non_err_detection,NA,NA,NA,NA,No,17,1
default,1c06ecbba73988e7ff38a0c41f40584e9c83811b795b884f78b6b18494487300,Half the time,exposure_spanish_accent,NA,Questionnaire,NA,other_non_err_detection,NA,NA,NA,NA,No,18,1
default,1c06ecbba73988e7ff38a0c41f40584e9c83811b795b884f78b6b18494487300,36,age,NA,Questionnaire,NA,other_non_err_detection,NA,NA,NA,NA,No,19,1
default,1c06ecbba73988e7ff38a0c41f40584e9c83811b795b884f78b6b18494487300,Massachusetts,origin_state,NA,Questionnaire,NA,other_non_err_detection,NA,NA,NA,NA,No,20,1
default,1c06ecbba73988e7ff38a0c41f40584e9c83811b795b884f78b6b18494487300,02135,origin_zipcode,NA,Questionnaire,NA,other_non_err_detection,NA,NA,NA,NA,No,21,1
default,1c06ecbba73988e7ff38a0c41f40584e9c83811b795b884f78b6b18494487300,Wisconsin,current_state,NA,Questionnaire,NA,other_non_err_detection,NA,NA,NA,NA,No,22,1
default,1c06ecbba73988e7ff38a0c41f40584e9c83811b795b884f78b6b18494487300,53703,current_zipcode,NA,Questionnaire,NA,other_non_err_detection,NA,NA,NA,NA,No,23,1
default,1c06ecbba73988e7ff38a0c41f40584e9c83811b795b884f78b6b18494487300,NA,same_state_5_year_no,NA,Questionnaire,NA,other_non_err_detection,NA,NA,NA,NA,No,24,1
default,1c06ecbba73988e7ff38a0c41f40584e9c83811b795b884f78b6b18494487300,NA,diseaseDetail,NA,Questionnaire,NA,other_non_err_detection,NA,NA,NA,NA,No,25,1
default,1c06ecbba73988e7ff38a0c41f40584e9c83811b795b884f78b6b18494487300,"My friend, Sean, standard American accent;
my dad, Don, moderate Boston accent; my colleague Egor, moderate Russian accent; my colleague Jim, standard American accent; my friend Rachel, strong Wisconsin accent.",most_frequent_accent,NA,Questionnaire,NA,other_non_err_detection,NA,NA,NA,NA,No,26,1
default,1c06ecbba73988e7ff38a0c41f40584e9c83811b795b884f78b6b18494487300,"I took Spanish in college, but it didn't really stick. I lived in Berlin for a summer, but only picked up enough phrases to get by when people didn't speak English.",additional_language_experience,NA,Questionnaire,NA,other_non_err_detection,NA,NA,NA,NA,No,27,1
default,216f69eb51f2b606796c8c0004524edcc0fe25ae72db98a0c82e94840dacb92f,Female,gender,NA,Questionnaire,NA,other_non_err_detection,NA,NA,NA,NA,No,1,2
default,216f69eb51f2b606796c8c0004524edcc0fe25ae72db98a0c82e94840dacb92f,['White'],race/ethnicity,NA,Questionnaire,NA,other_non_err_detection,NA,NA,NA,NA,No,2,2
default,216f69eb51f2b606796c8c0004524edcc0fe25ae72db98a0c82e94840dacb92f,High school,highest_level_edu,NA,Questionnaire,NA,other_non_err_detection,NA,NA,NA,NA,No,3,2
default,216f69eb51f2b606796c8c0004524edcc0fe25ae72db98a0c82e94840dacb92f,['English'],native_language,NA,Questionnaire,NA,other_non_err_detection,NA,NA,NA,NA,No,4,2
default,216f69eb51f2b606796c8c0004524edcc0fe25ae72db98a0c82e94840dacb92f,Yes,same_state_5_year,NA,Questionnaire,NA,other_non_err_detection,NA,NA,NA,NA,No,5,2
default,216f69eb51f2b606796c8c0004524edcc0fe25ae72db98a0c82e94840dacb92f,Yes,same_state_5_year_yes,NA,Questionnaire,NA,other_non_err_detection,NA,NA,NA,NA,No,6,2
default,216f69eb51f2b606796c8c0004524edcc0fe25ae72db98a0c82e94840dacb92f,Right,handedness,NA,Questionnaire,NA,other_non_err_detection,NA,NA,NA,NA,No,7,2
default,216f69eb51f2b606796c8c0004524edcc0fe25ae72db98a0c82e94840dacb92f,No,hearing,NA,Questionnaire,NA,other_non_err_detection,NA,NA,NA,NA,No,8,2
default,216f69eb51f2b606796c8c0004524edcc0fe25ae72db98a0c82e94840dacb92f,Yes,vision,NA,Questionnaire,NA,other_non_err_detection,NA,NA,NA,NA,No,9,2
default,216f69eb51f2b606796c8c0004524edcc0fe25ae72db98a0c82e94840dacb92f,No,langDis,NA,Questionnaire,NA,other_non_err_detection,NA,NA,NA,NA,No,10,2
default,216f69eb51f2b606796c8c0004524edcc0fe25ae72db98a0c82e94840dacb92f,No,learnDis,NA,Questionnaire,NA,other_non_err_detection,NA,NA,NA,NA,No,11,2
default,216f69eb51f2b606796c8c0004524edcc0fe25ae72db98a0c82e94840dacb92f,No,attention,NA,Questionnaire,NA,other_non_err_detection,NA,NA,NA,NA,No,12,2
default,216f69eb51f2b606796c8c0004524edcc0fe25ae72db98a0c82e94840dacb92f,No,headInjury,NA,Questionnaire,NA,other_non_err_detection,NA,NA,NA,NA,No,13,2
default,216f69eb51f2b606796c8c0004524edcc0fe25ae72db98a0c82e94840dacb92f,No,neuroImpair,NA,Questionnaire,NA,other_non_err_detection,NA,NA,NA,NA,No,14,2
default,216f69eb51f2b606796c8c0004524edcc0fe25ae72db98a0c82e94840dacb92f,"Yes, they spoke English with a Spanish accent",household_accent,NA,Questionnaire,NA,other_non_err_detection,NA,NA,NA,NA,No,15,2
default,216f69eb51f2b606796c8c0004524edcc0fe25ae72db98a0c82e94840dacb92f,No,current_accent,NA,Questionnaire,NA,other_non_err_detection,NA,NA,NA,NA,No,16,2
default,216f69eb51f2b606796c8c0004524edcc0fe25ae72db98a0c82e94840dacb92f,Never,exposure_spanish,NA,Questionnaire,NA,other_non_err_detection,NA,NA,NA,NA,No,17,2
default,216f69eb51f2b606796c8c0004524edcc0fe25ae72db98a0c82e94840dacb92f,Never,exposure_spanish_accent,NA,Questionnaire,NA,other_non_err_detection,NA,NA,NA,NA,No,18,2
default,216f69eb51f2b606796c8c0004524edcc0fe25ae72db98a0c82e94840dacb92f,35,age,NA,Questionnaire,NA,other_non_err_detection,NA,NA,NA,NA,No,19,2
default,216f69eb51f2b606796c8c0004524edcc0fe25ae72db98a0c82e94840dacb92f,Tennessee,origin_state,NA,Questionnaire,NA,other_non_err_detection,NA,NA,NA,NA,No,20,2
default,216f69eb51f2b606796c8c0004524edcc0fe25ae72db98a0c82e94840dacb92f,38135,origin_zipcode,NA,Questionnaire,NA,other_non_err_detection,NA,NA,NA,NA,No,21,2
default,216f69eb51f2b606796c8c0004524edcc0fe25ae72db98a0c82e94840dacb92f,Tennessee,current_state,NA,Questionnaire,NA,other_non_err_detection,NA,NA,NA,NA,No,22,2
default,216f69eb51f2b606796c8c0004524edcc0fe25ae72db98a0c82e94840dacb92f,38135,current_zipcode,NA,Questionnaire,NA,other_non_err_detection,NA,NA,NA,NA,No,23,2
default,216f69eb51f2b606796c8c0004524edcc0fe25ae72db98a0c82e94840dacb92f,NA,same_state_5_year_no,NA,Questionnaire,NA,other_non_err_detection,NA,NA,NA,NA,No,24,2
default,216f69eb51f2b606796c8c0004524edcc0fe25ae72db98a0c82e94840dacb92f,I'm near-sighted (but not severely) and have to wear glasses or contacts,diseaseDetail,NA,Questionnaire,NA,other_non_err_detection,NA,NA,NA,NA,No,25,2
default,216f69eb51f2b606796c8c0004524edcc0fe25ae72db98a0c82e94840dacb92f,"My sister, American; my mother, American; my friend, American",most_frequent_accent,NA,Questionnaire,NA,other_non_err_detection,NA,NA,NA,NA,No,26,2
default,216f69eb51f2b606796c8c0004524edcc0fe25ae72db98a0c82e94840dacb92f,I learned a little Spanish in elementary school and also learned French in high school and have studied Japanese independently on/off for years.,additional_language_experience,NA,Questionnaire,NA,other_non_err_detection,NA,NA,NA,NA,No,27,2
default,24a26dec6546ed37e6ca81f85efee18fff9babff63f332ce0c41e6b6e7f9eb14,Male,gender,NA,Questionnaire,NA,other_non_err_detection,NA,NA,NA,NA,No,1,3
default,24a26dec6546ed37e6ca81f85efee18fff9babff63f332ce0c41e6b6e7f9eb14,['White'],race/ethnicity,NA,Questionnaire,NA,other_non_err_detection,NA,NA,NA,NA,No,2,3
default,24a26dec6546ed37e6ca81f85efee18fff9babff63f332ce0c41e6b6e7f9eb14,2- or 4-year college degree,highest_level_edu,NA,Questionnaire,NA,other_non_err_detection,NA,NA,NA,NA,No,3,3
default,24a26dec6546ed37e6ca81f85efee18fff9babff63f332ce0c41e6b6e7f9eb14,['English'],native_language,NA,Questionnaire,NA,other_non_err_detection,NA,NA,NA,NA,No,4,3
default,24a26dec6546ed37e6ca81f85efee18fff9babff63f332ce0c41e6b6e7f9eb14,Yes,same_state_5_year,NA,Questionnaire,NA,other_non_err_detection,NA,NA,NA,NA,No,5,3
default,24a26dec6546ed37e6ca81f85efee18fff9babff63f332ce0c41e6b6e7f9eb14,No,same_state_5_year_yes,NA,Questionnaire,NA,other_non_err_detection,NA,NA,NA,NA,No,6,3
default,24a26dec6546ed37e6ca81f85efee18fff9babff63f332ce0c41e6b6e7f9eb14,Right,handedness,NA,Questionnaire,NA,other_non_err_detection,NA,NA,NA,NA,No,7,3
default,24a26dec6546ed37e6ca81f85efee18fff9babff63f332ce0c41e6b6e7f9eb14,No,hearing,NA,Questionnaire,NA,other_non_err_detection,NA,NA,NA,NA,No,8,3
default,24a26dec6546ed37e6ca81f85efee18fff9babff63f332ce0c41e6b6e7f9eb14,No,vision,NA,Questionnaire,NA,other_non_err_detection,NA,NA,NA,NA,No,9,3
default,24a26dec6546ed37e6ca81f85efee18fff9babff63f332ce0c41e6b6e7f9eb14,No,langDis,NA,Questionnaire,NA,other_non_err_detection,NA,NA,NA,NA,No,10,3
default,24a26dec6546ed37e6ca81f85efee18fff9babff63f332ce0c41e6b6e7f9eb14,No,learnDis,NA,Questionnaire,NA,other_non_err_detection,NA,NA,NA,NA,No,11,3
default,24a26dec6546ed37e6ca81f85efee18fff9babff63f332ce0c41e6b6e7f9eb14,No,attention,NA,Questionnaire,NA,other_non_err_detection,NA,NA,NA,NA,No,12,3
default,24a26dec6546ed37e6ca81f85efee18fff9babff63f332ce0c41e6b6e7f9eb14,No,headInjury,NA,Questionnaire,NA,other_non_err_detection,NA,NA,NA,NA,No,13,3
default,24a26dec6546ed37e6ca81f85efee18fff9babff63f332ce0c41e6b6e7f9eb14,No,neuroImpair,NA,Questionnaire,NA,other_non_err_detection,NA,NA,NA,NA,No,14,3
default,24a26dec6546ed37e6ca81f85efee18fff9babff63f332ce0c41e6b6e7f9eb14,No,household_accent,NA,Questionnaire,NA,other_non_err_detection,NA,NA,NA,NA,No,15,3
default,24a26dec6546ed37e6ca81f85efee18fff9babff63f332ce0c41e6b6e7f9eb14,No,current_accent,NA,Questionnaire,NA,other_non_err_detection,NA,NA,NA,NA,No,16,3
default,24a26dec6546ed37e6ca81f85efee18fff9babff63f332ce0c41e6b6e7f9eb14,Sometimes,exposure_spanish,NA,Questionnaire,NA,other_non_err_detection,NA,NA,NA,NA,No,17,3
default,24a26dec6546ed37e6ca81f85efee18fff9babff63f332ce0c41e6b6e7f9eb14,Sometimes,exposure_spanish_accent,NA,Questionnaire,NA,other_non_err_detection,NA,NA,NA,NA,No,18,3
default,24a26dec6546ed37e6ca81f85efee18fff9babff63f332ce0c41e6b6e7f9eb14,33,age,NA,Questionnaire,NA,other_non_err_detection,NA,NA,NA,NA,No,19,3
default,24a26dec6546ed37e6ca81f85efee18fff9babff63f332ce0c41e6b6e7f9eb14,New York,origin_state,NA,Questionnaire,NA,other_non_err_detection,NA,NA,NA,NA,No,20,3
default,24a26dec6546ed37e6ca81f85efee18fff9babff63f332ce0c41e6b6e7f9eb14,11729,origin_zipcode,NA,Questionnaire,NA,other_non_err_detection,NA,NA,NA,NA,No,21,3
default,24a26dec6546ed37e6ca81f85efee18fff9babff63f332ce0c41e6b6e7f9eb14,New York,current_state,NA,Questionnaire,NA,other_non_err_detection,NA,NA,NA,NA,No,22,3
default,24a26dec6546ed37e6ca81f85efee18fff9babff63f332ce0c41e6b6e7f9eb14,11787,current_zipcode,NA,Questionnaire,NA,other_non_err_detection,NA,NA,NA,NA,No,23,3
default,24a26dec6546ed37e6ca81f85efee18fff9babff63f332ce0c41e6b6e7f9eb14,NA,same_state_5_year_no,NA,Questionnaire,NA,other_non_err_detection,NA,NA,NA,NA,No,24,3
default,24a26dec6546ed37e6ca81f85efee18fff9babff63f332ce0c41e6b6e7f9eb14,NA,diseaseDetail,NA,Questionnaire,NA,other_non_err_detection,NA,NA,NA,NA,No,25,3
default,24a26dec6546ed37e6ca81f85efee18fff9babff63f332ce0c41e6b6e7f9eb14,"my mom, American
my wife, American
my boss, Indian
my best friend, American
my colleague, American",most_frequent_accent,NA,Questionnaire,NA,other_non_err_detection,NA,NA,NA,NA,No,26,3
default,24a26dec6546ed37e6ca81f85efee18fff9babff63f332ce0c41e6b6e7f9eb14,I took Italian in school for about 5 years. I speak with my boss who is from India and has a heavy Indian accent everyday. I speak to my grandfather-in-law who speaks with a fairly heavy Spanish accent.,additional_language_experience,NA,Questionnaire,NA,other_non_err_detection,NA,NA,NA,NA,No,27,3
default,41a9d66b3741b9d9f97ea21b108e3bde9fe3bb1b23dc13e4328e6bd620d3dd7c,Male,gender,NA,Questionnaire,NA,other_non_err_detection,NA,NA,NA,NA,No,1,4
default,41a9d66b3741b9d9f97ea21b108e3bde9fe3bb1b23dc13e4328e6bd620d3dd7c,['White'],race/ethnicity,NA,Questionnaire,NA,other_non_err_detection,NA,NA,NA,NA,No,2,4
default,41a9d66b3741b9d9f97ea21b108e3bde9fe3bb1b23dc13e4328e6bd620d3dd7c,High school,highest_level_edu,NA,Questionnaire,NA,other_non_err_detection,NA,NA,NA,NA,No,3,4
default,41a9d66b3741b9d9f97ea21b108e3bde9fe3bb1b23dc13e4328e6bd620d3dd7c,['English'],native_language,NA,Questionnaire,NA,other_non_err_detection,NA,NA,NA,NA,No,4,4
default,41a9d66b3741b9d9f97ea21b108e3bde9fe3bb1b23dc13e4328e6bd620d3dd7c,Yes,same_state_5_year,NA,Questionnaire,NA,other_non_err_detection,NA,NA,NA,NA,No,5,4
default,41a9d66b3741b9d9f97ea21b108e3bde9fe3bb1b23dc13e4328e6bd620d3dd7c,Yes,same_state_5_year_yes,NA,Questionnaire,NA,other_non_err_detection,NA,NA,NA,NA,No,6,4
default,41a9d66b3741b9d9f97ea21b108e3bde9fe3bb1b23dc13e4328e6bd620d3dd7c,Left,handedness,NA,Questionnaire,NA,other_non_err_detection,NA,NA,NA,NA,No,7,4
default,41a9d66b3741b9d9f97ea21b108e3bde9fe3bb1b23dc13e4328e6bd620d3dd7c,No,hearing,NA,Questionnaire,NA,other_non_err_detection,NA,NA,NA,NA,No,8,4
default,41a9d66b3741b9d9f97ea21b108e3bde9fe3bb1b23dc13e4328e6bd620d3dd7c,No,vision,NA,Questionnaire,NA,other_non_err_detection,NA,NA,NA,NA,No,9,4
default,41a9d66b3741b9d9f97ea21b108e3bde9fe3bb1b23dc13e4328e6bd620d3dd7c,No,langDis,NA,Questionnaire,NA,other_non_err_detection,NA,NA,NA,NA,No,10,4
default,41a9d66b3741b9d9f97ea21b108e3bde9fe3bb1b23dc13e4328e6bd620d3dd7c,No,learnDis,NA,Questionnaire,NA,other_non_err_detection,NA,NA,NA,NA,No,11,4
default,41a9d66b3741b9d9f97ea21b108e3bde9fe3bb1b23dc13e4328e6bd620d3dd7c,No,attention,NA,Questionnaire,NA,other_non_err_detection,NA,NA,NA,NA,No,12,4
default,41a9d66b3741b9d9f97ea21b108e3bde9fe3bb1b23dc13e4328e6bd620d3dd7c,No,headInjury,NA,Questionnaire,NA,other_non_err_detection,NA,NA,NA,NA,No,13,4
default,41a9d66b3741b9d9f97ea21b108e3bde9fe3bb1b23dc13e4328e6bd620d3dd7c,No,neuroImpair,NA,Questionnaire,NA,other_non_err_detection,NA,NA,NA,NA,No,14,4
default,41a9d66b3741b9d9f97ea21b108e3bde9fe3bb1b23dc13e4328e6bd620d3dd7c,No,household_accent,NA,Questionnaire,NA,other_non_err_detection,NA,NA,NA,NA,No,15,4
default,41a9d66b3741b9d9f97ea21b108e3bde9fe3bb1b23dc13e4328e6bd620d3dd7c,No,current_accent,NA,Questionnaire,NA,other_non_err_detection,NA,NA,NA,NA,No,16,4
default,41a9d66b3741b9d9f97ea21b108e3bde9fe3bb1b23dc13e4328e6bd620d3dd7c,Sometimes,exposure_spanish,NA,Questionnaire,NA,other_non_err_detection,NA,NA,NA,NA,No,17,4
default,41a9d66b3741b9d9f97ea21b108e3bde9fe3bb1b23dc13e4328e6bd620d3dd7c,Sometimes,exposure_spanish_accent,NA,Questionnaire,NA,other_non_err_detection,NA,NA,NA,NA,No,18,4
default,41a9d66b3741b9d9f97ea21b108e3bde9fe3bb1b23dc13e4328e6bd620d3dd7c,39,age,NA,Questionnaire,NA,other_non_err_detection,NA,NA,NA,NA,No,19,4
default,41a9d66b3741b9d9f97ea21b108e3bde9fe3bb1b23dc13e4328e6bd620d3dd7c,Washington,origin_state,NA,Questionnaire,NA,other_non_err_detection,NA,NA,NA,NA,No,20,4
default,41a9d66b3741b9d9f97ea21b108e3bde9fe3bb1b23dc13e4328e6bd620d3dd7c,20015,origin_zipcode,NA,Questionnaire,NA,other_non_err_detection,NA,NA,NA,NA,No,21,4
default,41a9d66b3741b9d9f97ea21b108e3bde9fe3bb1b23dc13e4328e6bd620d3dd7c,Utah,current_state,NA,Questionnaire,NA,other_non_err_detection,NA,NA,NA,NA,No,22,4
default,41a9d66b3741b9d9f97ea21b108e3bde9fe3bb1b23dc13e4328e6bd620d3dd7c,84081,current_zipcode,NA,Questionnaire,NA,other_non_err_detection,NA,NA,NA,NA,No,23,4
default,41a9d66b3741b9d9f97ea21b108e3bde9fe3bb1b23dc13e4328e6bd620d3dd7c,NA,same_state_5_year_no,NA,Questionnaire,NA,other_non_err_detection,NA,NA,NA,NA,No,24,4
default,41a9d66b3741b9d9f97ea21b108e3bde9fe3bb1b23dc13e4328e6bd620d3dd7c,NA,diseaseDetail,NA,Questionnaire,NA,other_non_err_detection,NA,NA,NA,NA,No,25,4
default,41a9d66b3741b9d9f97ea21b108e3bde9fe3bb1b23dc13e4328e6bd620d3dd7c,Normal English speaker's accent,most_frequent_accent,NA,Questionnaire,NA,other_non_err_detection,NA,NA,NA,NA,No,26,4
default,41a9d66b3741b9d9f97ea21b108e3bde9fe3bb1b23dc13e4328e6bd620d3dd7c,None.,additional_language_experience,NA,Questionnaire,NA,other_non_err_detection,NA,NA,NA,NA,No,27,4
default,4e8d362b03a875077768617a1d127fb40e60028daedc9cd0680bfae356970019,Male,gender,NA,Questionnaire,NA,other_non_err_detection,NA,NA,NA,NA,No,1,5
default,4e8d362b03a875077768617a1d127fb40e60028daedc9cd0680bfae356970019,['White'],race/ethnicity,NA,Questionnaire,NA,other_non_err_detection,NA,NA,NA,NA,No,2,5
default,4e8d362b03a875077768617a1d127fb40e60028daedc9cd0680bfae356970019,High school,highest_level_edu,NA,Questionnaire,NA,other_non_err_detection,NA,NA,NA,NA,No,3,5
default,4e8d362b03a875077768617a1d127fb40e60028daedc9cd0680bfae356970019,['English'],native_language,NA,Questionnaire,NA,other_non_err_detection,NA,NA,NA,NA,No,4,5
default,4e8d362b03a875077768617a1d127fb40e60028daedc9cd0680bfae356970019,Yes,same_state_5_year,NA,Questionnaire,NA,other_non_err_detection,NA,NA,NA,NA,No,5,5
default,4e8d362b03a875077768617a1d127fb40e60028daedc9cd0680bfae356970019,Yes,same_state_5_year_yes,NA,Questionnaire,NA,other_non_err_detection,NA,NA,NA,NA,No,6,5
default,4e8d362b03a875077768617a1d127fb40e60028daedc9cd0680bfae356970019,Left,handedness,NA,Questionnaire,NA,other_non_err_detection,NA,NA,NA,NA,No,7,5
default,4e8d362b03a875077768617a1d127fb40e60028daedc9cd0680bfae356970019,No,hearing,NA,Questionnaire,NA,other_non_err_detection,NA,NA,NA,NA,No,8,5
default,4e8d362b03a875077768617a1d127fb40e60028daedc9cd0680bfae356970019,No,vision,NA,Questionnaire,NA,other_non_err_detection,NA,NA,NA,NA,No,9,5
default,4e8d362b03a875077768617a1d127fb40e60028daedc9cd0680bfae356970019,No,langDis,NA,Questionnaire,NA,other_non_err_detection,NA,NA,NA,NA,No,10,5
default,4e8d362b03a875077768617a1d127fb40e60028daedc9cd0680bfae356970019,No,learnDis,NA,Questionnaire,NA,other_non_err_detection,NA,NA,NA,NA,No,11,5
default,4e8d362b03a875077768617a1d127fb40e60028daedc9cd0680bfae356970019,No,attention,NA,Questionnaire,NA,other_non_err_detection,NA,NA,NA,NA,No,12,5
default,4e8d362b03a875077768617a1d127fb40e60028daedc9cd0680bfae356970019,No,headInjury,NA,Questionnaire,NA,other_non_err_detection,NA,NA,NA,NA,No,13,5
default,4e8d362b03a875077768617a1d127fb40e60028daedc9cd0680bfae356970019,No,neuroImpair,NA,Questionnaire,NA,other_non_err_detection,NA,NA,NA,NA,No,14,5
default,4e8d362b03a875077768617a1d127fb40e60028daedc9cd0680bfae356970019,No,household_accent,NA,Questionnaire,NA,other_non_err_detection,NA,NA,NA,NA,No,15,5
default,4e8d362b03a875077768617a1d127fb40e60028daedc9cd0680bfae356970019,No,current_accent,NA,Questionnaire,NA,other_non_err_detection,NA,NA,NA,NA,No,16,5
default,4e8d362b03a875077768617a1d127fb40e60028daedc9cd0680bfae356970019,Sometimes,exposure_spanish,NA,Questionnaire,NA,other_non_err_detection,NA,NA,NA,NA,No,17,5
default,4e8d362b03a875077768617a1d127fb40e60028daedc9cd0680bfae356970019,Sometimes,exposure_spanish_accent,NA,Questionnaire,NA,other_non_err_detection,NA,NA,NA,NA,No,18,5
default,4e8d362b03a875077768617a1d127fb40e60028daedc9cd0680bfae356970019,25,age,NA,Questionnaire,NA,other_non_err_detection,NA,NA,NA,NA,No,19,5
default,4e8d362b03a875077768617a1d127fb40e60028daedc9cd0680bfae356970019,Alabama,origin_state,NA,Questionnaire,NA,other_non_err_detection,NA,NA,NA,NA,No,20,5
default,4e8d362b03a875077768617a1d127fb40e60028daedc9cd0680bfae356970019,35023,origin_zipcode,NA,Questionnaire,NA,other_non_err_detection,NA,NA,NA,NA,No,21,5
default,4e8d362b03a875077768617a1d127fb40e60028daedc9cd0680bfae356970019,Alabama,current_state,NA,Questionnaire,NA,other_non_err_detection,NA,NA,NA,NA,No,22,5
default,4e8d362b03a875077768617a1d127fb40e60028daedc9cd0680bfae356970019,35023,current_zipcode,NA,Questionnaire,NA,other_non_err_detection,NA,NA,NA,NA,No,23,5
default,4e8d362b03a875077768617a1d127fb40e60028daedc9cd0680bfae356970019,N/A,same_state_5_year_no,NA,Questionnaire,NA,other_non_err_detection,NA,NA,NA,NA,No,24,5
default,4e8d362b03a875077768617a1d127fb40e60028daedc9cd0680bfae356970019,N/A,diseaseDetail,NA,Questionnaire,NA,other_non_err_detection,NA,NA,NA,NA,No,25,5
default,4e8d362b03a875077768617a1d127fb40e60028daedc9cd0680bfae356970019,"My closest family all have the same accent as me, the only exception would be my best friend who is from Brazil. So I hear Portuguese-accented English quite regularly",most_frequent_accent,NA,Questionnaire,NA,other_non_err_detection,NA,NA,NA,NA,No,26,5
default,4e8d362b03a875077768617a1d127fb40e60028daedc9cd0680bfae356970019,"I spent years studying Spanish during my teens but fell out of it, so I recall an awful lot of vocabulary and pronunciation",additional_language_experience,NA,Questionnaire,NA,other_non_err_detection,NA,NA,NA,NA,No,27,5
default,514fded993b3e5f7c9379195bd1df423e33b4ac926c509359d24341a22abb609,Male,gender,NA,Questionnaire,NA,other_non_err_detection,NA,NA,NA,NA,No,1,6
default,514fded993b3e5f7c9379195bd1df423e33b4ac926c509359d24341a22abb609,"['Hispanic or Latino', 'White']",race/ethnicity,NA,Questionnaire,NA,other_non_err_detection,NA,NA,NA,NA,No,2,6
default,514fded993b3e5f7c9379195bd1df423e33b4ac926c509359d24341a22abb609,Master’s degree,highest_level_edu,NA,Questionnaire,NA,other_non_err_detection,NA,NA,NA,NA,No,3,6
default,514fded993b3e5f7c9379195bd1df423e33b4ac926c509359d24341a22abb609,['English'],native_language,NA,Questionnaire,NA,other_non_err_detection,NA,NA,NA,NA,No,4,6
default,514fded993b3e5f7c9379195bd1df423e33b4ac926c509359d24341a22abb609,Yes,same_state_5_year,NA,Questionnaire,NA,other_non_err_detection,NA,NA,NA,NA,No,5,6
default,514fded993b3e5f7c9379195bd1df423e33b4ac926c509359d24341a22abb609,Yes,same_state_5_year_yes,NA,Questionnaire,NA,other_non_err_detection,NA,NA,NA,NA,No,6,6
default,514fded993b3e5f7c9379195bd1df423e33b4ac926c509359d24341a22abb609,Right,handedness,NA,Questionnaire,NA,other_non_err_detection,NA,NA,NA,NA,No,7,6
default,514fded993b3e5f7c9379195bd1df423e33b4ac926c509359d24341a22abb609,No,hearing,NA,Questionnaire,NA,other_non_err_detection,NA,NA,NA,NA,No,8,6
default,514fded993b3e5f7c9379195bd1df423e33b4ac926c509359d24341a22abb609,No,vision,NA,Questionnaire,NA,other_non_err_detection,NA,NA,NA,NA,No,9,6
default,514fded993b3e5f7c9379195bd1df423e33b4ac926c509359d24341a22abb609,No,langDis,NA,Questionnaire,NA,other_non_err_detection,NA,NA,NA,NA,No,10,6
default,514fded993b3e5f7c9379195bd1df423e33b4ac926c509359d24341a22abb609,No,learnDis,NA,Questionnaire,NA,other_non_err_detection,NA,NA,NA,NA,No,11,6
default,514fded993b3e5f7c9379195bd1df423e33b4ac926c509359d24341a22abb609,No,attention,NA,Questionnaire,NA,other_non_err_detection,NA,NA,NA,NA,No,12,6
default,514fded993b3e5f7c9379195bd1df423e33b4ac926c509359d24341a22abb609,No,headInjury,NA,Questionnaire,NA,other_non_err_detection,NA,NA,NA,NA,No,13,6
default,514fded993b3e5f7c9379195bd1df423e33b4ac926c509359d24341a22abb609,No,neuroImpair,NA,Questionnaire,NA,other_non_err_detection,NA,NA,NA,NA,No,14,6
default,514fded993b3e5f7c9379195bd1df423e33b4ac926c509359d24341a22abb609,No,household_accent,NA,Questionnaire,NA,other_non_err_detection,NA,NA,NA,NA,No,15,6
default,514fded993b3e5f7c9379195bd1df423e33b4ac926c509359d24341a22abb609,No,current_accent,NA,Questionnaire,NA,other_non_err_detection,NA,NA,NA,NA,No,16,6
default,514fded993b3e5f7c9379195bd1df423e33b4ac926c509359d24341a22abb609,Never,exposure_spanish,NA,Questionnaire,NA,other_non_err_detection,NA,NA,NA,NA,No,17,6
default,514fded993b3e5f7c9379195bd1df423e33b4ac926c509359d24341a22abb609,Never,exposure_spanish_accent,NA,Questionnaire,NA,other_non_err_detection,NA,NA,NA,NA,No,18,6
default,514fded993b3e5f7c9379195bd1df423e33b4ac926c509359d24341a22abb609,42,age,NA,Questionnaire,NA,other_non_err_detection,NA,NA,NA,NA,No,19,6
default,514fded993b3e5f7c9379195bd1df423e33b4ac926c509359d24341a22abb609,Maryland,origin_state,NA,Questionnaire,NA,other_non_err_detection,NA,NA,NA,NA,No,20,6
default,514fded993b3e5f7c9379195bd1df423e33b4ac926c509359d24341a22abb609,20902,origin_zipcode,NA,Questionnaire,NA,other_non_err_detection,NA,NA,NA,NA,No,21,6
default,514fded993b3e5f7c9379195bd1df423e33b4ac926c509359d24341a22abb609,Maryland,current_state,NA,Questionnaire,NA,other_non_err_detection,NA,NA,NA,NA,No,22,6
default,514fded993b3e5f7c9379195bd1df423e33b4ac926c509359d24341a22abb609,20902,current_zipcode,NA,Questionnaire,NA,other_non_err_detection,NA,NA,NA,NA,No,23,6
default,514fded993b3e5f7c9379195bd1df423e33b4ac926c509359d24341a22abb609,NA,same_state_5_year_no,NA,Questionnaire,NA,other_non_err_detection,NA,NA,NA,NA,No,24,6
default,514fded993b3e5f7c9379195bd1df423e33b4ac926c509359d24341a22abb609,NA,diseaseDetail,NA,Questionnaire,NA,other_non_err_detection,NA,NA,NA,NA,No,25,6
default,514fded993b3e5f7c9379195bd1df423e33b4ac926c509359d24341a22abb609,"My partner, children and friends America",most_frequent_accent,NA,Questionnaire,NA,other_non_err_detection,NA,NA,NA,NA,No,26,6
default,514fded993b3e5f7c9379195bd1df423e33b4ac926c509359d24341a22abb609,NA,additional_language_experience,NA,Questionnaire,NA,other_non_err_detection,NA,NA,NA,NA,No,27,6
default,5f3c934e9aa042bd64aee577b99eb7dfe00102c48331c5c5436e33e418a497ae,Female,gender,NA,Questionnaire,NA,other_non_err_detection,NA,NA,NA,NA,No,1,7
default,5f3c934e9aa042bd64aee577b99eb7dfe00102c48331c5c5436e33e418a497ae,['White'],race/ethnicity,NA,Questionnaire,NA,other_non_err_detection,NA,NA,NA,NA,No,2,7
default,5f3c934e9aa042bd64aee577b99eb7dfe00102c48331c5c5436e33e418a497ae,Ph.D.,highest_level_edu,NA,Questionnaire,NA,other_non_err_detection,NA,NA,NA,NA,No,3,7
default,5f3c934e9aa042bd64aee577b99eb7dfe00102c48331c5c5436e33e418a497ae,['English'],native_language,NA,Questionnaire,NA,other_non_err_detection,NA,NA,NA,NA,No,4,7
default,5f3c934e9aa042bd64aee577b99eb7dfe00102c48331c5c5436e33e418a497ae,Yes,same_state_5_year,NA,Questionnaire,NA,other_non_err_detection,NA,NA,NA,NA,No,5,7
default,5f3c934e9aa042bd64aee577b99eb7dfe00102c48331c5c5436e33e418a497ae,Yes,same_state_5_year_yes,NA,Questionnaire,NA,other_non_err_detection,NA,NA,NA,NA,No,6,7
default,5f3c934e9aa042bd64aee577b99eb7dfe00102c48331c5c5436e33e418a497ae,Right,handedness,NA,Questionnaire,NA,other_non_err_detection,NA,NA,NA,NA,No,7,7
default,5f3c934e9aa042bd64aee577b99eb7dfe00102c48331c5c5436e33e418a497ae,No,hearing,NA,Questionnaire,NA,other_non_err_detection,NA,NA,NA,NA,No,8,7
default,5f3c934e9aa042bd64aee577b99eb7dfe00102c48331c5c5436e33e418a497ae,No,vision,NA,Questionnaire,NA,other_non_err_detection,NA,NA,NA,NA,No,9,7
default,5f3c934e9aa042bd64aee577b99eb7dfe00102c48331c5c5436e33e418a497ae,No,langDis,NA,Questionnaire,NA,other_non_err_detection,NA,NA,NA,NA,No,10,7
default,5f3c934e9aa042bd64aee577b99eb7dfe00102c48331c5c5436e33e418a497ae,No,learnDis,NA,Questionnaire,NA,other_non_err_detection,NA,NA,NA,NA,No,11,7
default,5f3c934e9aa042bd64aee577b99eb7dfe00102c48331c5c5436e33e418a497ae,No,attention,NA,Questionnaire,NA,other_non_err_detection,NA,NA,NA,NA,No,12,7
default,5f3c934e9aa042bd64aee577b99eb7dfe00102c48331c5c5436e33e418a497ae,No,headInjury,NA,Questionnaire,NA,other_non_err_detection,NA,NA,NA,NA,No,13,7
default,5f3c934e9aa042bd64aee577b99eb7dfe00102c48331c5c5436e33e418a497ae,No,neuroImpair,NA,Questionnaire,NA,other_non_err_detection,NA,NA,NA,NA,No,14,7
default,5f3c934e9aa042bd64aee577b99eb7dfe00102c48331c5c5436e33e418a497ae,No,household_accent,NA,Questionnaire,NA,other_non_err_detection,NA,NA,NA,NA,No,15,7
default,5f3c934e9aa042bd64aee577b99eb7dfe00102c48331c5c5436e33e418a497ae,No,current_accent,NA,Questionnaire,NA,other_non_err_detection,NA,NA,NA,NA,No,16,7
default,5f3c934e9aa042bd64aee577b99eb7dfe00102c48331c5c5436e33e418a497ae,Never,exposure_spanish,NA,Questionnaire,NA,other_non_err_detection,NA,NA,NA,NA,No,17,7
default,5f3c934e9aa042bd64aee577b99eb7dfe00102c48331c5c5436e33e418a497ae,Never,exposure_spanish_accent,NA,Questionnaire,NA,other_non_err_detection,NA,NA,NA,NA,No,18,7
default,5f3c934e9aa042bd64aee577b99eb7dfe00102c48331c5c5436e33e418a497ae,38,age,NA,Questionnaire,NA,other_non_err_detection,NA,NA,NA,NA,No,19,7
default,5f3c934e9aa042bd64aee577b99eb7dfe00102c48331c5c5436e33e418a497ae,Idaho,origin_state,NA,Questionnaire,NA,other_non_err_detection,NA,NA,NA,NA,No,20,7
default,5f3c934e9aa042bd64aee577b99eb7dfe00102c48331c5c5436e33e418a497ae,83704,origin_zipcode,NA,Questionnaire,NA,other_non_err_detection,NA,NA,NA,NA,No,21,7
default,5f3c934e9aa042bd64aee577b99eb7dfe00102c48331c5c5436e33e418a497ae,Idaho,current_state,NA,Questionnaire,NA,other_non_err_detection,NA,NA,NA,NA,No,22,7
default,5f3c934e9aa042bd64aee577b99eb7dfe00102c48331c5c5436e33e418a497ae,83704,current_zipcode,NA,Questionnaire,NA,other_non_err_detection,NA,NA,NA,NA,No,23,7
default,5f3c934e9aa042bd64aee577b99eb7dfe00102c48331c5c5436e33e418a497ae,NA,same_state_5_year_no,NA,Questionnaire,NA,other_non_err_detection,NA,NA,NA,NA,No,24,7
default,5f3c934e9aa042bd64aee577b99eb7dfe00102c48331c5c5436e33e418a497ae,NA,diseaseDetail,NA,Questionnaire,NA,other_non_err_detection,NA,NA,NA,NA,No,25,7
default,5f3c934e9aa042bd64aee577b99eb7dfe00102c48331c5c5436e33e418a497ae,English,most_frequent_accent,NA,Questionnaire,NA,other_non_err_detection,NA,NA,NA,NA,No,26,7
default,5f3c934e9aa042bd64aee577b99eb7dfe00102c48331c5c5436e33e418a497ae,NA,additional_language_experience,NA,Questionnaire,NA,other_non_err_detection,NA,NA,NA,NA,No,27,7
default,8a0023f7578a917b79da29f7ed06b9bb9ed6c22a657edc0e00de6f18490dffc6,Male,gender,NA,Questionnaire,NA,other_non_err_detection,NA,NA,NA,NA,No,1,8
default,8a0023f7578a917b79da29f7ed06b9bb9ed6c22a657edc0e00de6f18490dffc6,['Black or African American'],race/ethnicity,NA,Questionnaire,NA,other_non_err_detection,NA,NA,NA,NA,No,2,8
default,8a0023f7578a917b79da29f7ed06b9bb9ed6c22a657edc0e00de6f18490dffc6,Master’s degree,highest_level_edu,NA,Questionnaire,NA,other_non_err_detection,NA,NA,NA,NA,No,3,8
default,8a0023f7578a917b79da29f7ed06b9bb9ed6c22a657edc0e00de6f18490dffc6,['English'],native_language,NA,Questionnaire,NA,other_non_err_detection,NA,NA,NA,NA,No,4,8
default,8a0023f7578a917b79da29f7ed06b9bb9ed6c22a657edc0e00de6f18490dffc6,Yes,same_state_5_year,NA,Questionnaire,NA,other_non_err_detection,NA,NA,NA,NA,No,5,8
default,8a0023f7578a917b79da29f7ed06b9bb9ed6c22a657edc0e00de6f18490dffc6,Yes,same_state_5_year_yes,NA,Questionnaire,NA,other_non_err_detection,NA,NA,NA,NA,No,6,8
default,8a0023f7578a917b79da29f7ed06b9bb9ed6c22a657edc0e00de6f18490dffc6,Right,handedness,NA,Questionnaire,NA,other_non_err_detection,NA,NA,NA,NA,No,7,8
default,8a0023f7578a917b79da29f7ed06b9bb9ed6c22a657edc0e00de6f18490dffc6,No,hearing,NA,Questionnaire,NA,other_non_err_detection,NA,NA,NA,NA,No,8,8
default,8a0023f7578a917b79da29f7ed06b9bb9ed6c22a657edc0e00de6f18490dffc6,No,vision,NA,Questionnaire,NA,other_non_err_detection,NA,NA,NA,NA,No,9,8
default,8a0023f7578a917b79da29f7ed06b9bb9ed6c22a657edc0e00de6f18490dffc6,No,langDis,NA,Questionnaire,NA,other_non_err_detection,NA,NA,NA,NA,No,10,8
default,8a0023f7578a917b79da29f7ed06b9bb9ed6c22a657edc0e00de6f18490dffc6,No,learnDis,NA,Questionnaire,NA,other_non_err_detection,NA,NA,NA,NA,No,11,8
default,8a0023f7578a917b79da29f7ed06b9bb9ed6c22a657edc0e00de6f18490dffc6,No,attention,NA,Questionnaire,NA,other_non_err_detection,NA,NA,NA,NA,No,12,8
default,8a0023f7578a917b79da29f7ed06b9bb9ed6c22a657edc0e00de6f18490dffc6,No,headInjury,NA,Questionnaire,NA,other_non_err_detection,NA,NA,NA,NA,No,13,8
default,8a0023f7578a917b79da29f7ed06b9bb9ed6c22a657edc0e00de6f18490dffc6,No,neuroImpair,NA,Questionnaire,NA,other_non_err_detection,NA,NA,NA,NA,No,14,8
default,8a0023f7578a917b79da29f7ed06b9bb9ed6c22a657edc0e00de6f18490dffc6,No,household_accent,NA,Questionnaire,NA,other_non_err_detection,NA,NA,NA,NA,No,15,8
default,8a0023f7578a917b79da29f7ed06b9bb9ed6c22a657edc0e00de6f18490dffc6,No,current_accent,NA,Questionnaire,NA,other_non_err_detection,NA,NA,NA,NA,No,16,8
default,8a0023f7578a917b79da29f7ed06b9bb9ed6c22a657edc0e00de6f18490dffc6,Never,exposure_spanish,NA,Questionnaire,NA,other_non_err_detection,NA,NA,NA,NA,No,17,8
default,8a0023f7578a917b79da29f7ed06b9bb9ed6c22a657edc0e00de6f18490dffc6,Never,exposure_spanish_accent,NA,Questionnaire,NA,other_non_err_detection,NA,NA,NA,NA,No,18,8
default,8a0023f7578a917b79da29f7ed06b9bb9ed6c22a657edc0e00de6f18490dffc6,32,age,NA,Questionnaire,NA,other_non_err_detection,NA,NA,NA,NA,No,19,8
default,8a0023f7578a917b79da29f7ed06b9bb9ed6c22a657edc0e00de6f18490dffc6,ohio,origin_state,NA,Questionnaire,NA,other_non_err_detection,NA,NA,NA,NA,No,20,8
default,8a0023f7578a917b79da29f7ed06b9bb9ed6c22a657edc0e00de6f18490dffc6,45402,origin_zipcode,NA,Questionnaire,NA,other_non_err_detection,NA,NA,NA,NA,No,21,8
default,8a0023f7578a917b79da29f7ed06b9bb9ed6c22a657edc0e00de6f18490dffc6,ohio,current_state,NA,Questionnaire,NA,other_non_err_detection,NA,NA,NA,NA,No,22,8
default,8a0023f7578a917b79da29f7ed06b9bb9ed6c22a657edc0e00de6f18490dffc6,45402,current_zipcode,NA,Questionnaire,NA,other_non_err_detection,NA,NA,NA,NA,No,23,8
default,8a0023f7578a917b79da29f7ed06b9bb9ed6c22a657edc0e00de6f18490dffc6,n/a,same_state_5_year_no,NA,Questionnaire,NA,other_non_err_detection,NA,NA,NA,NA,No,24,8
default,8a0023f7578a917b79da29f7ed06b9bb9ed6c22a657edc0e00de6f18490dffc6,n/a,diseaseDetail,NA,Questionnaire,NA,other_non_err_detection,NA,NA,NA,NA,No,25,8
default,8a0023f7578a917b79da29f7ed06b9bb9ed6c22a657edc0e00de6f18490dffc6,American Accent,most_frequent_accent,NA,Questionnaire,NA,other_non_err_detection,NA,NA,NA,NA,No,26,8
default,8a0023f7578a917b79da29f7ed06b9bb9ed6c22a657edc0e00de6f18490dffc6,n/a,additional_language_experience,NA,Questionnaire,NA,other_non_err_detection,NA,NA,NA,NA,No,27,8
default,9f9bd373207fd092e825861c5f217d7c25003350fe8cfa1ccc1c91d56c0de1d0,Male,gender,NA,Questionnaire,NA,other_non_err_detection,NA,NA,NA,NA,No,1,9
default,9f9bd373207fd092e825861c5f217d7c25003350fe8cfa1ccc1c91d56c0de1d0,['White'],race/ethnicity,NA,Questionnaire,NA,other_non_err_detection,NA,NA,NA,NA,No,2,9
default,9f9bd373207fd092e825861c5f217d7c25003350fe8cfa1ccc1c91d56c0de1d0,2- or 4-year college degree,highest_level_edu,NA,Questionnaire,NA,other_non_err_detection,NA,NA,NA,NA,No,3,9
default,9f9bd373207fd092e825861c5f217d7c25003350fe8cfa1ccc1c91d56c0de1d0,['English'],native_language,NA,Questionnaire,NA,other_non_err_detection,NA,NA,NA,NA,No,4,9
default,9f9bd373207fd092e825861c5f217d7c25003350fe8cfa1ccc1c91d56c0de1d0,Yes,same_state_5_year,NA,Questionnaire,NA,other_non_err_detection,NA,NA,NA,NA,No,5,9
default,9f9bd373207fd092e825861c5f217d7c25003350fe8cfa1ccc1c91d56c0de1d0,Yes,same_state_5_year_yes,NA,Questionnaire,NA,other_non_err_detection,NA,NA,NA,NA,No,6,9
default,9f9bd373207fd092e825861c5f217d7c25003350fe8cfa1ccc1c91d56c0de1d0,Right,handedness,NA,Questionnaire,NA,other_non_err_detection,NA,NA,NA,NA,No,7,9
default,9f9bd373207fd092e825861c5f217d7c25003350fe8cfa1ccc1c91d56c0de1d0,No,hearing,NA,Questionnaire,NA,other_non_err_detection,NA,NA,NA,NA,No,8,9
default,9f9bd373207fd092e825861c5f217d7c25003350fe8cfa1ccc1c91d56c0de1d0,No,vision,NA,Questionnaire,NA,other_non_err_detection,NA,NA,NA,NA,No,9,9
default,9f9bd373207fd092e825861c5f217d7c25003350fe8cfa1ccc1c91d56c0de1d0,No,langDis,NA,Questionnaire,NA,other_non_err_detection,NA,NA,NA,NA,No,10,9
default,9f9bd373207fd092e825861c5f217d7c25003350fe8cfa1ccc1c91d56c0de1d0,No,learnDis,NA,Questionnaire,NA,other_non_err_detection,NA,NA,NA,NA,No,11,9
default,9f9bd373207fd092e825861c5f217d7c25003350fe8cfa1ccc1c91d56c0de1d0,No,attention,NA,Questionnaire,NA,other_non_err_detection,NA,NA,NA,NA,No,12,9
default,9f9bd373207fd092e825861c5f217d7c25003350fe8cfa1ccc1c91d56c0de1d0,No,headInjury,NA,Questionnaire,NA,other_non_err_detection,NA,NA,NA,NA,No,13,9
default,9f9bd373207fd092e825861c5f217d7c25003350fe8cfa1ccc1c91d56c0de1d0,No,neuroImpair,NA,Questionnaire,NA,other_non_err_detection,NA,NA,NA,NA,No,14,9
default,9f9bd373207fd092e825861c5f217d7c25003350fe8cfa1ccc1c91d56c0de1d0,"Yes, they spoke English with a Spanish accent",household_accent,NA,Questionnaire,NA,other_non_err_detection,NA,NA,NA,NA,No,15,9
default,9f9bd373207fd092e825861c5f217d7c25003350fe8cfa1ccc1c91d56c0de1d0,No,current_accent,NA,Questionnaire,NA,other_non_err_detection,NA,NA,NA,NA,No,16,9
default,9f9bd373207fd092e825861c5f217d7c25003350fe8cfa1ccc1c91d56c0de1d0,Sometimes,exposure_spanish,NA,Questionnaire,NA,other_non_err_detection,NA,NA,NA,NA,No,17,9
default,9f9bd373207fd092e825861c5f217d7c25003350fe8cfa1ccc1c91d56c0de1d0,Never,exposure_spanish_accent,NA,Questionnaire,NA,other_non_err_detection,NA,NA,NA,NA,No,18,9
default,9f9bd373207fd092e825861c5f217d7c25003350fe8cfa1ccc1c91d56c0de1d0,25,age,NA,Questionnaire,NA,other_non_err_detection,NA,NA,NA,NA,No,19,9
default,9f9bd373207fd092e825861c5f217d7c25003350fe8cfa1ccc1c91d56c0de1d0,Massachusette,origin_state,NA,Questionnaire,NA,other_non_err_detection,NA,NA,NA,NA,No,20,9
default,9f9bd373207fd092e825861c5f217d7c25003350fe8cfa1ccc1c91d56c0de1d0,02420,origin_zipcode,NA,Questionnaire,NA,other_non_err_detection,NA,NA,NA,NA,No,21,9
default,9f9bd373207fd092e825861c5f217d7c25003350fe8cfa1ccc1c91d56c0de1d0,Massachusette,current_state,NA,Questionnaire,NA,other_non_err_detection,NA,NA,NA,NA,No,22,9
default,9f9bd373207fd092e825861c5f217d7c25003350fe8cfa1ccc1c91d56c0de1d0,02420,current_zipcode,NA,Questionnaire,NA,other_non_err_detection,NA,NA,NA,NA,No,23,9
default,9f9bd373207fd092e825861c5f217d7c25003350fe8cfa1ccc1c91d56c0de1d0,NA,same_state_5_year_no,NA,Questionnaire,NA,other_non_err_detection,NA,NA,NA,NA,No,24,9
default,9f9bd373207fd092e825861c5f217d7c25003350fe8cfa1ccc1c91d56c0de1d0,NA,diseaseDetail,NA,Questionnaire,NA,other_non_err_detection,NA,NA,NA,NA,No,25,9
default,9f9bd373207fd092e825861c5f217d7c25003350fe8cfa1ccc1c91d56c0de1d0,American English,most_frequent_accent,NA,Questionnaire,NA,other_non_err_detection,NA,NA,NA,NA,No,26,9
default,9f9bd373207fd092e825861c5f217d7c25003350fe8cfa1ccc1c91d56c0de1d0,NA,additional_language_experience,NA,Questionnaire,NA,other_non_err_detection,NA,NA,NA,NA,No,27,9
default,c3abb03fcf6055d1b25eef028060e957c3a14249450fa5495d1708d8615b14d0,Female,gender,NA,Questionnaire,NA,other_non_err_detection,NA,NA,NA,NA,No,1,10
default,c3abb03fcf6055d1b25eef028060e957c3a14249450fa5495d1708d8615b14d0,['White'],race/ethnicity,NA,Questionnaire,NA,other_non_err_detection,NA,NA,NA,NA,No,2,10
default,c3abb03fcf6055d1b25eef028060e957c3a14249450fa5495d1708d8615b14d0,Master’s degree,highest_level_edu,NA,Questionnaire,NA,other_non_err_detection,NA,NA,NA,NA,No,3,10
default,c3abb03fcf6055d1b25eef028060e957c3a14249450fa5495d1708d8615b14d0,['English'],native_language,NA,Questionnaire,NA,other_non_err_detection,NA,NA,NA,NA,No,4,10
default,c3abb03fcf6055d1b25eef028060e957c3a14249450fa5495d1708d8615b14d0,Yes,same_state_5_year,NA,Questionnaire,NA,other_non_err_detection,NA,NA,NA,NA,No,5,10
default,c3abb03fcf6055d1b25eef028060e957c3a14249450fa5495d1708d8615b14d0,Yes,same_state_5_year_yes,NA,Questionnaire,NA,other_non_err_detection,NA,NA,NA,NA,No,6,10
default,c3abb03fcf6055d1b25eef028060e957c3a14249450fa5495d1708d8615b14d0,Right,handedness,NA,Questionnaire,NA,other_non_err_detection,NA,NA,NA,NA,No,7,10
default,c3abb03fcf6055d1b25eef028060e957c3a14249450fa5495d1708d8615b14d0,No,hearing,NA,Questionnaire,NA,other_non_err_detection,NA,NA,NA,NA,No,8,10
default,c3abb03fcf6055d1b25eef028060e957c3a14249450fa5495d1708d8615b14d0,No,vision,NA,Questionnaire,NA,other_non_err_detection,NA,NA,NA,NA,No,9,10
default,c3abb03fcf6055d1b25eef028060e957c3a14249450fa5495d1708d8615b14d0,No,langDis,NA,Questionnaire,NA,other_non_err_detection,NA,NA,NA,NA,No,10,10
default,c3abb03fcf6055d1b25eef028060e957c3a14249450fa5495d1708d8615b14d0,No,learnDis,NA,Questionnaire,NA,other_non_err_detection,NA,NA,NA,NA,No,11,10
default,c3abb03fcf6055d1b25eef028060e957c3a14249450fa5495d1708d8615b14d0,No,attention,NA,Questionnaire,NA,other_non_err_detection,NA,NA,NA,NA,No,12,10
default,c3abb03fcf6055d1b25eef028060e957c3a14249450fa5495d1708d8615b14d0,No,headInjury,NA,Questionnaire,NA,other_non_err_detection,NA,NA,NA,NA,No,13,10
default,c3abb03fcf6055d1b25eef028060e957c3a14249450fa5495d1708d8615b14d0,No,neuroImpair,NA,Questionnaire,NA,other_non_err_detection,NA,NA,NA,NA,No,14,10
default,c3abb03fcf6055d1b25eef028060e957c3a14249450fa5495d1708d8615b14d0,No,household_accent,NA,Questionnaire,NA,other_non_err_detection,NA,NA,NA,NA,No,15,10
default,c3abb03fcf6055d1b25eef028060e957c3a14249450fa5495d1708d8615b14d0,No,current_accent,NA,Questionnaire,NA,other_non_err_detection,NA,NA,NA,NA,No,16,10
default,c3abb03fcf6055d1b25eef028060e957c3a14249450fa5495d1708d8615b14d0,Sometimes,exposure_spanish,NA,Questionnaire,NA,other_non_err_detection,NA,NA,NA,NA,No,17,10
default,c3abb03fcf6055d1b25eef028060e957c3a14249450fa5495d1708d8615b14d0,Half the time,exposure_spanish_accent,NA,Questionnaire,NA,other_non_err_detection,NA,NA,NA,NA,No,18,10
default,c3abb03fcf6055d1b25eef028060e957c3a14249450fa5495d1708d8615b14d0,33,age,NA,Questionnaire,NA,other_non_err_detection,NA,NA,NA,NA,No,19,10
default,c3abb03fcf6055d1b25eef028060e957c3a14249450fa5495d1708d8615b14d0,Alabama,origin_state,NA,Questionnaire,NA,other_non_err_detection,NA,NA,NA,NA,No,20,10
default,c3abb03fcf6055d1b25eef028060e957c3a14249450fa5495d1708d8615b14d0,36091,origin_zipcode,NA,Questionnaire,NA,other_non_err_detection,NA,NA,NA,NA,No,21,10
default,c3abb03fcf6055d1b25eef028060e957c3a14249450fa5495d1708d8615b14d0,Alabama,current_state,NA,Questionnaire,NA,other_non_err_detection,NA,NA,NA,NA,No,22,10
default,c3abb03fcf6055d1b25eef028060e957c3a14249450fa5495d1708d8615b14d0,36576,current_zipcode,NA,Questionnaire,NA,other_non_err_detection,NA,NA,NA,NA,No,23,10
default,c3abb03fcf6055d1b25eef028060e957c3a14249450fa5495d1708d8615b14d0,NA,same_state_5_year_no,NA,Questionnaire,NA,other_non_err_detection,NA,NA,NA,NA,No,24,10
default,c3abb03fcf6055d1b25eef028060e957c3a14249450fa5495d1708d8615b14d0,NA,diseaseDetail,NA,Questionnaire,NA,other_non_err_detection,NA,NA,NA,NA,No,25,10
default,c3abb03fcf6055d1b25eef028060e957c3a14249450fa5495d1708d8615b14d0,American,most_frequent_accent,NA,Questionnaire,NA,other_non_err_detection,NA,NA,NA,NA,No,26,10
default,c3abb03fcf6055d1b25eef028060e957c3a14249450fa5495d1708d8615b14d0,NA,additional_language_experience,NA,Questionnaire,NA,other_non_err_detection,NA,NA,NA,NA,No,27,10
default,ca374b54d3eb1c64cb6a022c131fa6ec6acb47aac32a514468ce428fc2a1c03f,Female,gender,NA,Questionnaire,NA,other_non_err_detection,NA,NA,NA,NA,No,1,11
default,ca374b54d3eb1c64cb6a022c131fa6ec6acb47aac32a514468ce428fc2a1c03f,"['Asian', 'White']",race/ethnicity,NA,Questionnaire,NA,other_non_err_detection,NA,NA,NA,NA,No,2,11
default,ca374b54d3eb1c64cb6a022c131fa6ec6acb47aac32a514468ce428fc2a1c03f,2- or 4-year college degree,highest_level_edu,NA,Questionnaire,NA,other_non_err_detection,NA,NA,NA,NA,No,3,11
default,ca374b54d3eb1c64cb6a022c131fa6ec6acb47aac32a514468ce428fc2a1c03f,['English'],native_language,NA,Questionnaire,NA,other_non_err_detection,NA,NA,NA,NA,No,4,11
default,ca374b54d3eb1c64cb6a022c131fa6ec6acb47aac32a514468ce428fc2a1c03f,Yes,same_state_5_year,NA,Questionnaire,NA,other_non_err_detection,NA,NA,NA,NA,No,5,11
default,ca374b54d3eb1c64cb6a022c131fa6ec6acb47aac32a514468ce428fc2a1c03f,This doesn't apply to me becuase I answered 'No' previously,same_state_5_year_yes,NA,Questionnaire,NA,other_non_err_detection,NA,NA,NA,NA,No,6,11
default,ca374b54d3eb1c64cb6a022c131fa6ec6acb47aac32a514468ce428fc2a1c03f,Right,handedness,NA,Questionnaire,NA,other_non_err_detection,NA,NA,NA,NA,No,7,11
default,ca374b54d3eb1c64cb6a022c131fa6ec6acb47aac32a514468ce428fc2a1c03f,No,hearing,NA,Questionnaire,NA,other_non_err_detection,NA,NA,NA,NA,No,8,11
default,ca374b54d3eb1c64cb6a022c131fa6ec6acb47aac32a514468ce428fc2a1c03f,No,vision,NA,Questionnaire,NA,other_non_err_detection,NA,NA,NA,NA,No,9,11
default,ca374b54d3eb1c64cb6a022c131fa6ec6acb47aac32a514468ce428fc2a1c03f,No,langDis,NA,Questionnaire,NA,other_non_err_detection,NA,NA,NA,NA,No,10,11
default,ca374b54d3eb1c64cb6a022c131fa6ec6acb47aac32a514468ce428fc2a1c03f,No,learnDis,NA,Questionnaire,NA,other_non_err_detection,NA,NA,NA,NA,No,11,11
default,ca374b54d3eb1c64cb6a022c131fa6ec6acb47aac32a514468ce428fc2a1c03f,No,attention,NA,Questionnaire,NA,other_non_err_detection,NA,NA,NA,NA,No,12,11
default,ca374b54d3eb1c64cb6a022c131fa6ec6acb47aac32a514468ce428fc2a1c03f,No,headInjury,NA,Questionnaire,NA,other_non_err_detection,NA,NA,NA,NA,No,13,11
default,ca374b54d3eb1c64cb6a022c131fa6ec6acb47aac32a514468ce428fc2a1c03f,No,neuroImpair,NA,Questionnaire,NA,other_non_err_detection,NA,NA,NA,NA,No,14,11
default,ca374b54d3eb1c64cb6a022c131fa6ec6acb47aac32a514468ce428fc2a1c03f,No,household_accent,NA,Questionnaire,NA,other_non_err_detection,NA,NA,NA,NA,No,15,11
default,ca374b54d3eb1c64cb6a022c131fa6ec6acb47aac32a514468ce428fc2a1c03f,No,current_accent,NA,Questionnaire,NA,other_non_err_detection,NA,NA,NA,NA,No,16,11
default,ca374b54d3eb1c64cb6a022c131fa6ec6acb47aac32a514468ce428fc2a1c03f,Never,exposure_spanish,NA,Questionnaire,NA,other_non_err_detection,NA,NA,NA,NA,No,17,11
default,ca374b54d3eb1c64cb6a022c131fa6ec6acb47aac32a514468ce428fc2a1c03f,Never,exposure_spanish_accent,NA,Questionnaire,NA,other_non_err_detection,NA,NA,NA,NA,No,18,11
default,ca374b54d3eb1c64cb6a022c131fa6ec6acb47aac32a514468ce428fc2a1c03f,28,age,NA,Questionnaire,NA,other_non_err_detection,NA,NA,NA,NA,No,19,11
default,ca374b54d3eb1c64cb6a022c131fa6ec6acb47aac32a514468ce428fc2a1c03f,Kentucky,origin_state,NA,Questionnaire,NA,other_non_err_detection,NA,NA,NA,NA,No,20,11
default,ca374b54d3eb1c64cb6a022c131fa6ec6acb47aac32a514468ce428fc2a1c03f,40383,origin_zipcode,NA,Questionnaire,NA,other_non_err_detection,NA,NA,NA,NA,No,21,11
default,ca374b54d3eb1c64cb6a022c131fa6ec6acb47aac32a514468ce428fc2a1c03f,Kentucky,current_state,NA,Questionnaire,NA,other_non_err_detection,NA,NA,NA,NA,No,22,11
default,ca374b54d3eb1c64cb6a022c131fa6ec6acb47aac32a514468ce428fc2a1c03f,40503,current_zipcode,NA,Questionnaire,NA,other_non_err_detection,NA,NA,NA,NA,No,23,11
default,ca374b54d3eb1c64cb6a022c131fa6ec6acb47aac32a514468ce428fc2a1c03f,NA,same_state_5_year_no,NA,Questionnaire,NA,other_non_err_detection,NA,NA,NA,NA,No,24,11
default,ca374b54d3eb1c64cb6a022c131fa6ec6acb47aac32a514468ce428fc2a1c03f,NA,diseaseDetail,NA,Questionnaire,NA,other_non_err_detection,NA,NA,NA,NA,No,25,11
default,ca374b54d3eb1c64cb6a022c131fa6ec6acb47aac32a514468ce428fc2a1c03f,American accent,most_frequent_accent,NA,Questionnaire,NA,other_non_err_detection,NA,NA,NA,NA,No,26,11
default,ca374b54d3eb1c64cb6a022c131fa6ec6acb47aac32a514468ce428fc2a1c03f,"I regularly speak American English, but occasionally, I'll speak basic Tagalog to converse with my Filipino friends and family",additional_language_experience,NA,Questionnaire,NA,other_non_err_detection,NA,NA,NA,NA,No,27,11
default,d4cb90e8ad0b287a2c892750cc413e469e2ff0f13eee5e5218628850e3f4e2ba,Female,gender,NA,Questionnaire,NA,other_non_err_detection,NA,NA,NA,NA,No,1,12
default,d4cb90e8ad0b287a2c892750cc413e469e2ff0f13eee5e5218628850e3f4e2ba,['White'],race/ethnicity,NA,Questionnaire,NA,other_non_err_detection,NA,NA,NA,NA,No,2,12
default,d4cb90e8ad0b287a2c892750cc413e469e2ff0f13eee5e5218628850e3f4e2ba,Master’s degree,highest_level_edu,NA,Questionnaire,NA,other_non_err_detection,NA,NA,NA,NA,No,3,12
default,d4cb90e8ad0b287a2c892750cc413e469e2ff0f13eee5e5218628850e3f4e2ba,['English'],native_language,NA,Questionnaire,NA,other_non_err_detection,NA,NA,NA,NA,No,4,12
default,d4cb90e8ad0b287a2c892750cc413e469e2ff0f13eee5e5218628850e3f4e2ba,Yes,same_state_5_year,NA,Questionnaire,NA,other_non_err_detection,NA,NA,NA,NA,No,5,12
default,d4cb90e8ad0b287a2c892750cc413e469e2ff0f13eee5e5218628850e3f4e2ba,Yes,same_state_5_year_yes,NA,Questionnaire,NA,other_non_err_detection,NA,NA,NA,NA,No,6,12
default,d4cb90e8ad0b287a2c892750cc413e469e2ff0f13eee5e5218628850e3f4e2ba,Right,handedness,NA,Questionnaire,NA,other_non_err_detection,NA,NA,NA,NA,No,7,12
default,d4cb90e8ad0b287a2c892750cc413e469e2ff0f13eee5e5218628850e3f4e2ba,No,hearing,NA,Questionnaire,NA,other_non_err_detection,NA,NA,NA,NA,No,8,12
default,d4cb90e8ad0b287a2c892750cc413e469e2ff0f13eee5e5218628850e3f4e2ba,No,vision,NA,Questionnaire,NA,other_non_err_detection,NA,NA,NA,NA,No,9,12
default,d4cb90e8ad0b287a2c892750cc413e469e2ff0f13eee5e5218628850e3f4e2ba,No,langDis,NA,Questionnaire,NA,other_non_err_detection,NA,NA,NA,NA,No,10,12
default,d4cb90e8ad0b287a2c892750cc413e469e2ff0f13eee5e5218628850e3f4e2ba,No,learnDis,NA,Questionnaire,NA,other_non_err_detection,NA,NA,NA,NA,No,11,12
default,d4cb90e8ad0b287a2c892750cc413e469e2ff0f13eee5e5218628850e3f4e2ba,No,attention,NA,Questionnaire,NA,other_non_err_detection,NA,NA,NA,NA,No,12,12
default,d4cb90e8ad0b287a2c892750cc413e469e2ff0f13eee5e5218628850e3f4e2ba,No,headInjury,NA,Questionnaire,NA,other_non_err_detection,NA,NA,NA,NA,No,13,12
default,d4cb90e8ad0b287a2c892750cc413e469e2ff0f13eee5e5218628850e3f4e2ba,No,neuroImpair,NA,Questionnaire,NA,other_non_err_detection,NA,NA,NA,NA,No,14,12
default,d4cb90e8ad0b287a2c892750cc413e469e2ff0f13eee5e5218628850e3f4e2ba,No,household_accent,NA,Questionnaire,NA,other_non_err_detection,NA,NA,NA,NA,No,15,12
default,d4cb90e8ad0b287a2c892750cc413e469e2ff0f13eee5e5218628850e3f4e2ba,No,current_accent,NA,Questionnaire,NA,other_non_err_detection,NA,NA,NA,NA,No,16,12
default,d4cb90e8ad0b287a2c892750cc413e469e2ff0f13eee5e5218628850e3f4e2ba,Sometimes,exposure_spanish,NA,Questionnaire,NA,other_non_err_detection,NA,NA,NA,NA,No,17,12
default,d4cb90e8ad0b287a2c892750cc413e469e2ff0f13eee5e5218628850e3f4e2ba,Sometimes,exposure_spanish_accent,NA,Questionnaire,NA,other_non_err_detection,NA,NA,NA,NA,No,18,12
default,d4cb90e8ad0b287a2c892750cc413e469e2ff0f13eee5e5218628850e3f4e2ba,40,age,NA,Questionnaire,NA,other_non_err_detection,NA,NA,NA,NA,No,19,12
default,d4cb90e8ad0b287a2c892750cc413e469e2ff0f13eee5e5218628850e3f4e2ba,Oregon,origin_state,NA,Questionnaire,NA,other_non_err_detection,NA,NA,NA,NA,No,20,12
default,d4cb90e8ad0b287a2c892750cc413e469e2ff0f13eee5e5218628850e3f4e2ba,Provo,origin_zipcode,NA,Questionnaire,NA,other_non_err_detection,NA,NA,NA,NA,No,21,12
default,d4cb90e8ad0b287a2c892750cc413e469e2ff0f13eee5e5218628850e3f4e2ba,Oregon,current_state,NA,Questionnaire,NA,other_non_err_detection,NA,NA,NA,NA,No,22,12
default,d4cb90e8ad0b287a2c892750cc413e469e2ff0f13eee5e5218628850e3f4e2ba,97089,current_zipcode,NA,Questionnaire,NA,other_non_err_detection,NA,NA,NA,NA,No,23,12
default,d4cb90e8ad0b287a2c892750cc413e469e2ff0f13eee5e5218628850e3f4e2ba,NA,same_state_5_year_no,NA,Questionnaire,NA,other_non_err_detection,NA,NA,NA,NA,No,24,12
default,d4cb90e8ad0b287a2c892750cc413e469e2ff0f13eee5e5218628850e3f4e2ba,NA,diseaseDetail,NA,Questionnaire,NA,other_non_err_detection,NA,NA,NA,NA,No,25,12
default,d4cb90e8ad0b287a2c892750cc413e469e2ff0f13eee5e5218628850e3f4e2ba,"NORMAL, NATIVE",most_frequent_accent,NA,Questionnaire,NA,other_non_err_detection,NA,NA,NA,NA,No,26,12
default,d4cb90e8ad0b287a2c892750cc413e469e2ff0f13eee5e5218628850e3f4e2ba,I feel spanish is important and i like it and want to learn it,additional_language_experience,NA,Questionnaire,NA,other_non_err_detection,NA,NA,NA,NA,No,27,12
default,e9ecc9c6362730250e37dd44ac00e7e94259e7cafb550e1b0bcf95871a93a0b3,Male,gender,NA,Questionnaire,NA,other_non_err_detection,NA,NA,NA,NA,No,1,13
default,e9ecc9c6362730250e37dd44ac00e7e94259e7cafb550e1b0bcf95871a93a0b3,['White'],race/ethnicity,NA,Questionnaire,NA,other_non_err_detection,NA,NA,NA,NA,No,2,13
default,e9ecc9c6362730250e37dd44ac00e7e94259e7cafb550e1b0bcf95871a93a0b3,2- or 4-year college degree,highest_level_edu,NA,Questionnaire,NA,other_non_err_detection,NA,NA,NA,NA,No,3,13
default,e9ecc9c6362730250e37dd44ac00e7e94259e7cafb550e1b0bcf95871a93a0b3,['English'],native_language,NA,Questionnaire,NA,other_non_err_detection,NA,NA,NA,NA,No,4,13
default,e9ecc9c6362730250e37dd44ac00e7e94259e7cafb550e1b0bcf95871a93a0b3,Yes,same_state_5_year,NA,Questionnaire,NA,other_non_err_detection,NA,NA,NA,NA,No,5,13
default,e9ecc9c6362730250e37dd44ac00e7e94259e7cafb550e1b0bcf95871a93a0b3,Yes,same_state_5_year_yes,NA,Questionnaire,NA,other_non_err_detection,NA,NA,NA,NA,No,6,13
default,e9ecc9c6362730250e37dd44ac00e7e94259e7cafb550e1b0bcf95871a93a0b3,Right,handedness,NA,Questionnaire,NA,other_non_err_detection,NA,NA,NA,NA,No,7,13
default,e9ecc9c6362730250e37dd44ac00e7e94259e7cafb550e1b0bcf95871a93a0b3,No,hearing,NA,Questionnaire,NA,other_non_err_detection,NA,NA,NA,NA,No,8,13
default,e9ecc9c6362730250e37dd44ac00e7e94259e7cafb550e1b0bcf95871a93a0b3,No,vision,NA,Questionnaire,NA,other_non_err_detection,NA,NA,NA,NA,No,9,13
default,e9ecc9c6362730250e37dd44ac00e7e94259e7cafb550e1b0bcf95871a93a0b3,No,langDis,NA,Questionnaire,NA,other_non_err_detection,NA,NA,NA,NA,No,10,13
default,e9ecc9c6362730250e37dd44ac00e7e94259e7cafb550e1b0bcf95871a93a0b3,No,learnDis,NA,Questionnaire,NA,other_non_err_detection,NA,NA,NA,NA,No,11,13
default,e9ecc9c6362730250e37dd44ac00e7e94259e7cafb550e1b0bcf95871a93a0b3,No,attention,NA,Questionnaire,NA,other_non_err_detection,NA,NA,NA,NA,No,12,13
default,e9ecc9c6362730250e37dd44ac00e7e94259e7cafb550e1b0bcf95871a93a0b3,No,headInjury,NA,Questionnaire,NA,other_non_err_detection,NA,NA,NA,NA,No,13,13
default,e9ecc9c6362730250e37dd44ac00e7e94259e7cafb550e1b0bcf95871a93a0b3,No,neuroImpair,NA,Questionnaire,NA,other_non_err_detection,NA,NA,NA,NA,No,14,13
default,e9ecc9c6362730250e37dd44ac00e7e94259e7cafb550e1b0bcf95871a93a0b3,No,household_accent,NA,Questionnaire,NA,other_non_err_detection,NA,NA,NA,NA,No,15,13
default,e9ecc9c6362730250e37dd44ac00e7e94259e7cafb550e1b0bcf95871a93a0b3,"Yes, they spoke English with a foreign accent other than the Spanish accent",current_accent,NA,Questionnaire,NA,other_non_err_detection,NA,NA,NA,NA,No,16,13
default,e9ecc9c6362730250e37dd44ac00e7e94259e7cafb550e1b0bcf95871a93a0b3,Half the time,exposure_spanish,NA,Questionnaire,NA,other_non_err_detection,NA,NA,NA,NA,No,17,13
default,e9ecc9c6362730250e37dd44ac00e7e94259e7cafb550e1b0bcf95871a93a0b3,Half the time,exposure_spanish_accent,NA,Questionnaire,NA,other_non_err_detection,NA,NA,NA,NA,No,18,13
default,e9ecc9c6362730250e37dd44ac00e7e94259e7cafb550e1b0bcf95871a93a0b3,31,age,NA,Questionnaire,NA,other_non_err_detection,NA,NA,NA,NA,No,19,13
default,e9ecc9c6362730250e37dd44ac00e7e94259e7cafb550e1b0bcf95871a93a0b3,Massachusetts,origin_state,NA,Questionnaire,NA,other_non_err_detection,NA,NA,NA,NA,No,20,13
default,e9ecc9c6362730250e37dd44ac00e7e94259e7cafb550e1b0bcf95871a93a0b3,"Conway, MA",origin_zipcode,NA,Questionnaire,NA,other_non_err_detection,NA,NA,NA,NA,No,21,13
default,e9ecc9c6362730250e37dd44ac00e7e94259e7cafb550e1b0bcf95871a93a0b3,Massachusetts,current_state,NA,Questionnaire,NA,other_non_err_detection,NA,NA,NA,NA,No,22,13
default,e9ecc9c6362730250e37dd44ac00e7e94259e7cafb550e1b0bcf95871a93a0b3,02472,current_zipcode,NA,Questionnaire,NA,other_non_err_detection,NA,NA,NA,NA,No,23,13
default,e9ecc9c6362730250e37dd44ac00e7e94259e7cafb550e1b0bcf95871a93a0b3,NA,same_state_5_year_no,NA,Questionnaire,NA,other_non_err_detection,NA,NA,NA,NA,No,24,13
default,e9ecc9c6362730250e37dd44ac00e7e94259e7cafb550e1b0bcf95871a93a0b3,NA,diseaseDetail,NA,Questionnaire,NA,other_non_err_detection,NA,NA,NA,NA,No,25,13
default,e9ecc9c6362730250e37dd44ac00e7e94259e7cafb550e1b0bcf95871a93a0b3,"Mom, American, my partner, mandarin, my best friend , American",most_frequent_accent,NA,Questionnaire,NA,other_non_err_detection,NA,NA,NA,NA,No,26,13
default,e9ecc9c6362730250e37dd44ac00e7e94259e7cafb550e1b0bcf95871a93a0b3,I only speak American English.,additional_language_experience,NA,Questionnaire,NA,other_non_err_detection,NA,NA,NA,NA,No,27,13
default,fe03aab0b5f8cc1122b011984bb630100c00e1531ea7f5d346c33e579d0500ee,Female,gender,NA,Questionnaire,NA,other_non_err_detection,NA,NA,NA,NA,No,1,14
default,fe03aab0b5f8cc1122b011984bb630100c00e1531ea7f5d346c33e579d0500ee,['White'],race/ethnicity,NA,Questionnaire,NA,other_non_err_detection,NA,NA,NA,NA,No,2,14
default,fe03aab0b5f8cc1122b011984bb630100c00e1531ea7f5d346c33e579d0500ee,Master’s degree,highest_level_edu,NA,Questionnaire,NA,other_non_err_detection,NA,NA,NA,NA,No,3,14
default,fe03aab0b5f8cc1122b011984bb630100c00e1531ea7f5d346c33e579d0500ee,['English'],native_language,NA,Questionnaire,NA,other_non_err_detection,NA,NA,NA,NA,No,4,14
default,fe03aab0b5f8cc1122b011984bb630100c00e1531ea7f5d346c33e579d0500ee,Yes,same_state_5_year,NA,Questionnaire,NA,other_non_err_detection,NA,NA,NA,NA,No,5,14
default,fe03aab0b5f8cc1122b011984bb630100c00e1531ea7f5d346c33e579d0500ee,Yes,same_state_5_year_yes,NA,Questionnaire,NA,other_non_err_detection,NA,NA,NA,NA,No,6,14
default,fe03aab0b5f8cc1122b011984bb630100c00e1531ea7f5d346c33e579d0500ee,Right,handedness,NA,Questionnaire,NA,other_non_err_detection,NA,NA,NA,NA,No,7,14
default,fe03aab0b5f8cc1122b011984bb630100c00e1531ea7f5d346c33e579d0500ee,No,hearing,NA,Questionnaire,NA,other_non_err_detection,NA,NA,NA,NA,No,8,14
default,fe03aab0b5f8cc1122b011984bb630100c00e1531ea7f5d346c33e579d0500ee,No,vision,NA,Questionnaire,NA,other_non_err_detection,NA,NA,NA,NA,No,9,14
default,fe03aab0b5f8cc1122b011984bb630100c00e1531ea7f5d346c33e579d0500ee,No,langDis,NA,Questionnaire,NA,other_non_err_detection,NA,NA,NA,NA,No,10,14
default,fe03aab0b5f8cc1122b011984bb630100c00e1531ea7f5d346c33e579d0500ee,No,learnDis,NA,Questionnaire,NA,other_non_err_detection,NA,NA,NA,NA,No,11,14
default,fe03aab0b5f8cc1122b011984bb630100c00e1531ea7f5d346c33e579d0500ee,No,attention,NA,Questionnaire,NA,other_non_err_detection,NA,NA,NA,NA,No,12,14
default,fe03aab0b5f8cc1122b011984bb630100c00e1531ea7f5d346c33e579d0500ee,No,headInjury,NA,Questionnaire,NA,other_non_err_detection,NA,NA,NA,NA,No,13,14
default,fe03aab0b5f8cc1122b011984bb630100c00e1531ea7f5d346c33e579d0500ee,No,neuroImpair,NA,Questionnaire,NA,other_non_err_detection,NA,NA,NA,NA,No,14,14
default,fe03aab0b5f8cc1122b011984bb630100c00e1531ea7f5d346c33e579d0500ee,No,household_accent,NA,Questionnaire,NA,other_non_err_detection,NA,NA,NA,NA,No,15,14
default,fe03aab0b5f8cc1122b011984bb630100c00e1531ea7f5d346c33e579d0500ee,No,current_accent,NA,Questionnaire,NA,other_non_err_detection,NA,NA,NA,NA,No,16,14
default,fe03aab0b5f8cc1122b011984bb630100c00e1531ea7f5d346c33e579d0500ee,Never,exposure_spanish,NA,Questionnaire,NA,other_non_err_detection,NA,NA,NA,NA,No,17,14
default,fe03aab0b5f8cc1122b011984bb630100c00e1531ea7f5d346c33e579d0500ee,Never,exposure_spanish_accent,NA,Questionnaire,NA,other_non_err_detection,NA,NA,NA,NA,No,18,14
default,fe03aab0b5f8cc1122b011984bb630100c00e1531ea7f5d346c33e579d0500ee,34,age,NA,Questionnaire,NA,other_non_err_detection,NA,NA,NA,NA,No,19,14
default,fe03aab0b5f8cc1122b011984bb630100c00e1531ea7f5d346c33e579d0500ee,Georgia,origin_state,NA,Questionnaire,NA,other_non_err_detection,NA,NA,NA,NA,No,20,14
default,fe03aab0b5f8cc1122b011984bb630100c00e1531ea7f5d346c33e579d0500ee,30230,origin_zipcode,NA,Questionnaire,NA,other_non_err_detection,NA,NA,NA,NA,No,21,14
default,fe03aab0b5f8cc1122b011984bb630100c00e1531ea7f5d346c33e579d0500ee,Georgia,current_state,NA,Questionnaire,NA,other_non_err_detection,NA,NA,NA,NA,No,22,14
default,fe03aab0b5f8cc1122b011984bb630100c00e1531ea7f5d346c33e579d0500ee,30230,current_zipcode,NA,Questionnaire,NA,other_non_err_detection,NA,NA,NA,NA,No,23,14
default,fe03aab0b5f8cc1122b011984bb630100c00e1531ea7f5d346c33e579d0500ee,N/A,same_state_5_year_no,NA,Questionnaire,NA,other_non_err_detection,NA,NA,NA,NA,No,24,14
default,fe03aab0b5f8cc1122b011984bb630100c00e1531ea7f5d346c33e579d0500ee,N/A,diseaseDetail,NA,Questionnaire,NA,other_non_err_detection,NA,NA,NA,NA,No,25,14
default,fe03aab0b5f8cc1122b011984bb630100c00e1531ea7f5d346c33e579d0500ee,English,most_frequent_accent,NA,Questionnaire,NA,other_non_err_detection,NA,NA,NA,NA,No,26,14
default,fe03aab0b5f8cc1122b011984bb630100c00e1531ea7f5d346c33e579d0500ee,None,additional_language_experience,NA,Questionnaire,NA,other_non_err_detection,NA,NA,NA,NA,No,27,14
default,2a239225403e133baff7358cb6334bfd572cc868b19f7540d77bac016bde1fcb,Male,gender,NA,Questionnaire,NA,other_non_err_detection,NA,NA,NA,NA,No,1,1
default,2a239225403e133baff7358cb6334bfd572cc868b19f7540d77bac016bde1fcb,['White'],race/ethnicity,NA,Questionnaire,NA,other_non_err_detection,NA,NA,NA,NA,No,2,1
default,2a239225403e133baff7358cb6334bfd572cc868b19f7540d77bac016bde1fcb,Master’s degree,highest_level_edu,NA,Questionnaire,NA,other_non_err_detection,NA,NA,NA,NA,No,3,1
default,2a239225403e133baff7358cb6334bfd572cc868b19f7540d77bac016bde1fcb,['English'],native_language,NA,Questionnaire,NA,other_non_err_detection,NA,NA,NA,NA,No,4,1
default,2a239225403e133baff7358cb6334bfd572cc868b19f7540d77bac016bde1fcb,Yes,same_state_5_year,NA,Questionnaire,NA,other_non_err_detection,NA,NA,NA,NA,No,5,1
default,2a239225403e133baff7358cb6334bfd572cc868b19f7540d77bac016bde1fcb,This doesn't apply to me becuase I answered 'No' previously,same_state_5_year_yes,NA,Questionnaire,NA,other_non_err_detection,NA,NA,NA,NA,No,6,1
default,2a239225403e133baff7358cb6334bfd572cc868b19f7540d77bac016bde1fcb,Right,handedness,NA,Questionnaire,NA,other_non_err_detection,NA,NA,NA,NA,No,7,1
default,2a239225403e133baff7358cb6334bfd572cc868b19f7540d77bac016bde1fcb,No,hearing,NA,Questionnaire,NA,other_non_err_detection,NA,NA,NA,NA,No,8,1
default,2a239225403e133baff7358cb6334bfd572cc868b19f7540d77bac016bde1fcb,No,vision,NA,Questionnaire,NA,other_non_err_detection,NA,NA,NA,NA,No,9,1
default,2a239225403e133baff7358cb6334bfd572cc868b19f7540d77bac016bde1fcb,No,langDis,NA,Questionnaire,NA,other_non_err_detection,NA,NA,NA,NA,No,10,1
default,2a239225403e133baff7358cb6334bfd572cc868b19f7540d77bac016bde1fcb,No,learnDis,NA,Questionnaire,NA,other_non_err_detection,NA,NA,NA,NA,No,11,1
default,2a239225403e133baff7358cb6334bfd572cc868b19f7540d77bac016bde1fcb,No,attention,NA,Questionnaire,NA,other_non_err_detection,NA,NA,NA,NA,No,12,1
default,2a239225403e133baff7358cb6334bfd572cc868b19f7540d77bac016bde1fcb,No,headInjury,NA,Questionnaire,NA,other_non_err_detection,NA,NA,NA,NA,No,13,1
default,2a239225403e133baff7358cb6334bfd572cc868b19f7540d77bac016bde1fcb,No,neuroImpair,NA,Questionnaire,NA,other_non_err_detection,NA,NA,NA,NA,No,14,1
default,2a239225403e133baff7358cb6334bfd572cc868b19f7540d77bac016bde1fcb,No,household_accent,NA,Questionnaire,NA,other_non_err_detection,NA,NA,NA,NA,No,15,1
default,2a239225403e133baff7358cb6334bfd572cc868b19f7540d77bac016bde1fcb,No,current_accent,NA,Questionnaire,NA,other_non_err_detection,NA,NA,NA,NA,No,16,1
default,2a239225403e133baff7358cb6334bfd572cc868b19f7540d77bac016bde1fcb,Never,exposure_spanish,NA,Questionnaire,NA,other_non_err_detection,NA,NA,NA,NA,No,17,1
default,2a239225403e133baff7358cb6334bfd572cc868b19f7540d77bac016bde1fcb,Sometimes,exposure_spanish_accent,NA,Questionnaire,NA,other_non_err_detection,NA,NA,NA,NA,No,18,1
default,2a239225403e133baff7358cb6334bfd572cc868b19f7540d77bac016bde1fcb,32,age,NA,Questionnaire,NA,other_non_err_detection,NA,NA,NA,NA,No,19,1
default,2a239225403e133baff7358cb6334bfd572cc868b19f7540d77bac016bde1fcb,Florida,origin_state,NA,Questionnaire,NA,other_non_err_detection,NA,NA,NA,NA,No,20,1
default,2a239225403e133baff7358cb6334bfd572cc868b19f7540d77bac016bde1fcb,33468,origin_zipcode,NA,Questionnaire,NA,other_non_err_detection,NA,NA,NA,NA,No,21,1
default,2a239225403e133baff7358cb6334bfd572cc868b19f7540d77bac016bde1fcb,Florida,current_state,NA,Questionnaire,NA,other_non_err_detection,NA,NA,NA,NA,No,22,1
default,2a239225403e133baff7358cb6334bfd572cc868b19f7540d77bac016bde1fcb,33468,current_zipcode,NA,Questionnaire,NA,other_non_err_detection,NA,NA,NA,NA,No,23,1
default,2a239225403e133baff7358cb6334bfd572cc868b19f7540d77bac016bde1fcb,NA,same_state_5_year_no,NA,Questionnaire,NA,other_non_err_detection,NA,NA,NA,NA,No,24,1
default,2a239225403e133baff7358cb6334bfd572cc868b19f7540d77bac016bde1fcb,NA,diseaseDetail,NA,Questionnaire,NA,other_non_err_detection,NA,NA,NA,NA,No,25,1
default,2a239225403e133baff7358cb6334bfd572cc868b19f7540d77bac016bde1fcb,Mostly I speak with people with American accent,most_frequent_accent,NA,Questionnaire,NA,other_non_err_detection,NA,NA,NA,NA,No,26,1
default,2a239225403e133baff7358cb6334bfd572cc868b19f7540d77bac016bde1fcb,NA,additional_language_experience,NA,Questionnaire,NA,other_non_err_detection,NA,NA,NA,NA,No,27,1
default,465653b87722369c746839f465d96f121fd190206549bf46070620a44eb8c74c,Male,gender,NA,Questionnaire,NA,other_non_err_detection,NA,NA,NA,NA,No,1,2
default,465653b87722369c746839f465d96f121fd190206549bf46070620a44eb8c74c,['White'],race/ethnicity,NA,Questionnaire,NA,other_non_err_detection,NA,NA,NA,NA,No,2,2
default,465653b87722369c746839f465d96f121fd190206549bf46070620a44eb8c74c,2- or 4-year college degree,highest_level_edu,NA,Questionnaire,NA,other_non_err_detection,NA,NA,NA,NA,No,3,2
default,465653b87722369c746839f465d96f121fd190206549bf46070620a44eb8c74c,['English'],native_language,NA,Questionnaire,NA,other_non_err_detection,NA,NA,NA,NA,No,4,2
default,465653b87722369c746839f465d96f121fd190206549bf46070620a44eb8c74c,Yes,same_state_5_year,NA,Questionnaire,NA,other_non_err_detection,NA,NA,NA,NA,No,5,2
default,465653b87722369c746839f465d96f121fd190206549bf46070620a44eb8c74c,Yes,same_state_5_year_yes,NA,Questionnaire,NA,other_non_err_detection,NA,NA,NA,NA,No,6,2
default,465653b87722369c746839f465d96f121fd190206549bf46070620a44eb8c74c,Left,handedness,NA,Questionnaire,NA,other_non_err_detection,NA,NA,NA,NA,No,7,2
default,465653b87722369c746839f465d96f121fd190206549bf46070620a44eb8c74c,No,hearing,NA,Questionnaire,NA,other_non_err_detection,NA,NA,NA,NA,No,8,2
default,465653b87722369c746839f465d96f121fd190206549bf46070620a44eb8c74c,No,vision,NA,Questionnaire,NA,other_non_err_detection,NA,NA,NA,NA,No,9,2
default,465653b87722369c746839f465d96f121fd190206549bf46070620a44eb8c74c,No,langDis,NA,Questionnaire,NA,other_non_err_detection,NA,NA,NA,NA,No,10,2
default,465653b87722369c746839f465d96f121fd190206549bf46070620a44eb8c74c,No,learnDis,NA,Questionnaire,NA,other_non_err_detection,NA,NA,NA,NA,No,11,2
default,465653b87722369c746839f465d96f121fd190206549bf46070620a44eb8c74c,Yes,attention,NA,Questionnaire,NA,other_non_err_detection,NA,NA,NA,NA,No,12,2
default,465653b87722369c746839f465d96f121fd190206549bf46070620a44eb8c74c,No,headInjury,NA,Questionnaire,NA,other_non_err_detection,NA,NA,NA,NA,No,13,2
default,465653b87722369c746839f465d96f121fd190206549bf46070620a44eb8c74c,No,neuroImpair,NA,Questionnaire,NA,other_non_err_detection,NA,NA,NA,NA,No,14,2
default,465653b87722369c746839f465d96f121fd190206549bf46070620a44eb8c74c,No,household_accent,NA,Questionnaire,NA,other_non_err_detection,NA,NA,NA,NA,No,15,2
default,465653b87722369c746839f465d96f121fd190206549bf46070620a44eb8c74c,No,current_accent,NA,Questionnaire,NA,other_non_err_detection,NA,NA,NA,NA,No,16,2
default,465653b87722369c746839f465d96f121fd190206549bf46070620a44eb8c74c,Never,exposure_spanish,NA,Questionnaire,NA,other_non_err_detection,NA,NA,NA,NA,No,17,2
default,465653b87722369c746839f465d96f121fd190206549bf46070620a44eb8c74c,Sometimes,exposure_spanish_accent,NA,Questionnaire,NA,other_non_err_detection,NA,NA,NA,NA,No,18,2
default,465653b87722369c746839f465d96f121fd190206549bf46070620a44eb8c74c,38,age,NA,Questionnaire,NA,other_non_err_detection,NA,NA,NA,NA,No,19,2
default,465653b87722369c746839f465d96f121fd190206549bf46070620a44eb8c74c,Louisiana,origin_state,NA,Questionnaire,NA,other_non_err_detection,NA,NA,NA,NA,No,20,2
default,465653b87722369c746839f465d96f121fd190206549bf46070620a44eb8c74c,"New Orleans, LA",origin_zipcode,NA,Questionnaire,NA,other_non_err_detection,NA,NA,NA,NA,No,21,2
default,465653b87722369c746839f465d96f121fd190206549bf46070620a44eb8c74c,Texas,current_state,NA,Questionnaire,NA,other_non_err_detection,NA,NA,NA,NA,No,22,2
default,465653b87722369c746839f465d96f121fd190206549bf46070620a44eb8c74c,77406,current_zipcode,NA,Questionnaire,NA,other_non_err_detection,NA,NA,NA,NA,No,23,2
default,465653b87722369c746839f465d96f121fd190206549bf46070620a44eb8c74c,NA,same_state_5_year_no,NA,Questionnaire,NA,other_non_err_detection,NA,NA,NA,NA,No,24,2
default,465653b87722369c746839f465d96f121fd190206549bf46070620a44eb8c74c,ADHD,diseaseDetail,NA,Questionnaire,NA,other_non_err_detection,NA,NA,NA,NA,No,25,2
default,465653b87722369c746839f465d96f121fd190206549bf46070620a44eb8c74c,Southern English for most people. A little twang.,most_frequent_accent,NA,Questionnaire,NA,other_non_err_detection,NA,NA,NA,NA,No,26,2
default,465653b87722369c746839f465d96f121fd190206549bf46070620a44eb8c74c,NA,additional_language_experience,NA,Questionnaire,NA,other_non_err_detection,NA,NA,NA,NA,No,27,2
default,4a78ab14d193338fa16ed327e6627f1307ba91d2b24ab91116d6bb380c417a79,Female,gender,NA,Questionnaire,NA,other_non_err_detection,NA,NA,NA,NA,No,1,3
default,4a78ab14d193338fa16ed327e6627f1307ba91d2b24ab91116d6bb380c417a79,['White'],race/ethnicity,NA,Questionnaire,NA,other_non_err_detection,NA,NA,NA,NA,No,2,3
default,4a78ab14d193338fa16ed327e6627f1307ba91d2b24ab91116d6bb380c417a79,2- or 4-year college degree,highest_level_edu,NA,Questionnaire,NA,other_non_err_detection,NA,NA,NA,NA,No,3,3
default,4a78ab14d193338fa16ed327e6627f1307ba91d2b24ab91116d6bb380c417a79,['English'],native_language,NA,Questionnaire,NA,other_non_err_detection,NA,NA,NA,NA,No,4,3
default,4a78ab14d193338fa16ed327e6627f1307ba91d2b24ab91116d6bb380c417a79,No,same_state_5_year,NA,Questionnaire,NA,other_non_err_detection,NA,NA,NA,NA,No,5,3
default,4a78ab14d193338fa16ed327e6627f1307ba91d2b24ab91116d6bb380c417a79,No,same_state_5_year_yes,NA,Questionnaire,NA,other_non_err_detection,NA,NA,NA,NA,No,6,3
default,4a78ab14d193338fa16ed327e6627f1307ba91d2b24ab91116d6bb380c417a79,Right,handedness,NA,Questionnaire,NA,other_non_err_detection,NA,NA,NA,NA,No,7,3
default,4a78ab14d193338fa16ed327e6627f1307ba91d2b24ab91116d6bb380c417a79,No,hearing,NA,Questionnaire,NA,other_non_err_detection,NA,NA,NA,NA,No,8,3
default,4a78ab14d193338fa16ed327e6627f1307ba91d2b24ab91116d6bb380c417a79,No,vision,NA,Questionnaire,NA,other_non_err_detection,NA,NA,NA,NA,No,9,3
default,4a78ab14d193338fa16ed327e6627f1307ba91d2b24ab91116d6bb380c417a79,No,langDis,NA,Questionnaire,NA,other_non_err_detection,NA,NA,NA,NA,No,10,3
default,4a78ab14d193338fa16ed327e6627f1307ba91d2b24ab91116d6bb380c417a79,No,learnDis,NA,Questionnaire,NA,other_non_err_detection,NA,NA,NA,NA,No,11,3
default,4a78ab14d193338fa16ed327e6627f1307ba91d2b24ab91116d6bb380c417a79,No,attention,NA,Questionnaire,NA,other_non_err_detection,NA,NA,NA,NA,No,12,3
default,4a78ab14d193338fa16ed327e6627f1307ba91d2b24ab91116d6bb380c417a79,No,headInjury,NA,Questionnaire,NA,other_non_err_detection,NA,NA,NA,NA,No,13,3
default,4a78ab14d193338fa16ed327e6627f1307ba91d2b24ab91116d6bb380c417a79,No,neuroImpair,NA,Questionnaire,NA,other_non_err_detection,NA,NA,NA,NA,No,14,3
default,4a78ab14d193338fa16ed327e6627f1307ba91d2b24ab91116d6bb380c417a79,"Yes, they spoke English with a Spanish accent",household_accent,NA,Questionnaire,NA,other_non_err_detection,NA,NA,NA,NA,No,15,3
default,4a78ab14d193338fa16ed327e6627f1307ba91d2b24ab91116d6bb380c417a79,No,current_accent,NA,Questionnaire,NA,other_non_err_detection,NA,NA,NA,NA,No,16,3
default,4a78ab14d193338fa16ed327e6627f1307ba91d2b24ab91116d6bb380c417a79,Sometimes,exposure_spanish,NA,Questionnaire,NA,other_non_err_detection,NA,NA,NA,NA,No,17,3
default,4a78ab14d193338fa16ed327e6627f1307ba91d2b24ab91116d6bb380c417a79,Sometimes,exposure_spanish_accent,NA,Questionnaire,NA,other_non_err_detection,NA,NA,NA,NA,No,18,3
default,4a78ab14d193338fa16ed327e6627f1307ba91d2b24ab91116d6bb380c417a79,38,age,NA,Questionnaire,NA,other_non_err_detection,NA,NA,NA,NA,No,19,3
default,4a78ab14d193338fa16ed327e6627f1307ba91d2b24ab91116d6bb380c417a79,Pennsylvania,origin_state,NA,Questionnaire,NA,other_non_err_detection,NA,NA,NA,NA,No,20,3
default,4a78ab14d193338fa16ed327e6627f1307ba91d2b24ab91116d6bb380c417a79,15241,origin_zipcode,NA,Questionnaire,NA,other_non_err_detection,NA,NA,NA,NA,No,21,3
default,4a78ab14d193338fa16ed327e6627f1307ba91d2b24ab91116d6bb380c417a79,Texas,current_state,NA,Questionnaire,NA,other_non_err_detection,NA,NA,NA,NA,No,22,3
default,4a78ab14d193338fa16ed327e6627f1307ba91d2b24ab91116d6bb380c417a79,77004,current_zipcode,NA,Questionnaire,NA,other_non_err_detection,NA,NA,NA,NA,No,23,3
default,4a78ab14d193338fa16ed327e6627f1307ba91d2b24ab91116d6bb380c417a79,Louisiana,same_state_5_year_no,NA,Questionnaire,NA,other_non_err_detection,NA,NA,NA,NA,No,24,3
default,4a78ab14d193338fa16ed327e6627f1307ba91d2b24ab91116d6bb380c417a79,NA,diseaseDetail,NA,Questionnaire,NA,other_non_err_detection,NA,NA,NA,NA,No,25,3
default,4a78ab14d193338fa16ed327e6627f1307ba91d2b24ab91116d6bb380c417a79,Typical American or American Southern,most_frequent_accent,NA,Questionnaire,NA,other_non_err_detection,NA,NA,NA,NA,No,26,3
default,4a78ab14d193338fa16ed327e6627f1307ba91d2b24ab91116d6bb380c417a79,"I lived in Japan for 1 year, I was raised with a live-in housekeeper who is from Mexico.",additional_language_experience,NA,Questionnaire,NA,other_non_err_detection,NA,NA,NA,NA,No,27,3
default,4f4154b1338bad6398c0c185016e2c8b7b417efe66a5d1759ba33305d9e053bd,Male,gender,NA,Questionnaire,NA,other_non_err_detection,NA,NA,NA,NA,No,1,4
default,4f4154b1338bad6398c0c185016e2c8b7b417efe66a5d1759ba33305d9e053bd,['Hispanic or Latino'],race/ethnicity,NA,Questionnaire,NA,other_non_err_detection,NA,NA,NA,NA,No,2,4
default,4f4154b1338bad6398c0c185016e2c8b7b417efe66a5d1759ba33305d9e053bd,Master’s degree,highest_level_edu,NA,Questionnaire,NA,other_non_err_detection,NA,NA,NA,NA,No,3,4
default,4f4154b1338bad6398c0c185016e2c8b7b417efe66a5d1759ba33305d9e053bd,['English'],native_language,NA,Questionnaire,NA,other_non_err_detection,NA,NA,NA,NA,No,4,4
default,4f4154b1338bad6398c0c185016e2c8b7b417efe66a5d1759ba33305d9e053bd,Yes,same_state_5_year,NA,Questionnaire,NA,other_non_err_detection,NA,NA,NA,NA,No,5,4
default,4f4154b1338bad6398c0c185016e2c8b7b417efe66a5d1759ba33305d9e053bd,This doesn't apply to me becuase I answered 'No' previously,same_state_5_year_yes,NA,Questionnaire,NA,other_non_err_detection,NA,NA,NA,NA,No,6,4
default,4f4154b1338bad6398c0c185016e2c8b7b417efe66a5d1759ba33305d9e053bd,Right,handedness,NA,Questionnaire,NA,other_non_err_detection,NA,NA,NA,NA,No,7,4
default,4f4154b1338bad6398c0c185016e2c8b7b417efe66a5d1759ba33305d9e053bd,No,hearing,NA,Questionnaire,NA,other_non_err_detection,NA,NA,NA,NA,No,8,4
default,4f4154b1338bad6398c0c185016e2c8b7b417efe66a5d1759ba33305d9e053bd,No,vision,NA,Questionnaire,NA,other_non_err_detection,NA,NA,NA,NA,No,9,4
default,4f4154b1338bad6398c0c185016e2c8b7b417efe66a5d1759ba33305d9e053bd,No,langDis,NA,Questionnaire,NA,other_non_err_detection,NA,NA,NA,NA,No,10,4
default,4f4154b1338bad6398c0c185016e2c8b7b417efe66a5d1759ba33305d9e053bd,No,learnDis,NA,Questionnaire,NA,other_non_err_detection,NA,NA,NA,NA,No,11,4
default,4f4154b1338bad6398c0c185016e2c8b7b417efe66a5d1759ba33305d9e053bd,No,attention,NA,Questionnaire,NA,other_non_err_detection,NA,NA,NA,NA,No,12,4
default,4f4154b1338bad6398c0c185016e2c8b7b417efe66a5d1759ba33305d9e053bd,No,headInjury,NA,Questionnaire,NA,other_non_err_detection,NA,NA,NA,NA,No,13,4
default,4f4154b1338bad6398c0c185016e2c8b7b417efe66a5d1759ba33305d9e053bd,No,neuroImpair,NA,Questionnaire,NA,other_non_err_detection,NA,NA,NA,NA,No,14,4
default,4f4154b1338bad6398c0c185016e2c8b7b417efe66a5d1759ba33305d9e053bd,No,household_accent,NA,Questionnaire,NA,other_non_err_detection,NA,NA,NA,NA,No,15,4
default,4f4154b1338bad6398c0c185016e2c8b7b417efe66a5d1759ba33305d9e053bd,No,current_accent,NA,Questionnaire,NA,other_non_err_detection,NA,NA,NA,NA,No,16,4
default,4f4154b1338bad6398c0c185016e2c8b7b417efe66a5d1759ba33305d9e053bd,Never,exposure_spanish,NA,Questionnaire,NA,other_non_err_detection,NA,NA,NA,NA,No,17,4
default,4f4154b1338bad6398c0c185016e2c8b7b417efe66a5d1759ba33305d9e053bd,Never,exposure_spanish_accent,NA,Questionnaire,NA,other_non_err_detection,NA,NA,NA,NA,No,18,4
default,4f4154b1338bad6398c0c185016e2c8b7b417efe66a5d1759ba33305d9e053bd,32,age,NA,Questionnaire,NA,other_non_err_detection,NA,NA,NA,NA,No,19,4
default,4f4154b1338bad6398c0c185016e2c8b7b417efe66a5d1759ba33305d9e053bd,Texas,origin_state,NA,Questionnaire,NA,other_non_err_detection,NA,NA,NA,NA,No,20,4
default,4f4154b1338bad6398c0c185016e2c8b7b417efe66a5d1759ba33305d9e053bd,78207,origin_zipcode,NA,Questionnaire,NA,other_non_err_detection,NA,NA,NA,NA,No,21,4
default,4f4154b1338bad6398c0c185016e2c8b7b417efe66a5d1759ba33305d9e053bd,Texas,current_state,NA,Questionnaire,NA,other_non_err_detection,NA,NA,NA,NA,No,22,4
default,4f4154b1338bad6398c0c185016e2c8b7b417efe66a5d1759ba33305d9e053bd,78207,current_zipcode,NA,Questionnaire,NA,other_non_err_detection,NA,NA,NA,NA,No,23,4
default,4f4154b1338bad6398c0c185016e2c8b7b417efe66a5d1759ba33305d9e053bd,NA,same_state_5_year_no,NA,Questionnaire,NA,other_non_err_detection,NA,NA,NA,NA,No,24,4
default,4f4154b1338bad6398c0c185016e2c8b7b417efe66a5d1759ba33305d9e053bd,NA,diseaseDetail,NA,Questionnaire,NA,other_non_err_detection,NA,NA,NA,NA,No,25,4
default,4f4154b1338bad6398c0c185016e2c8b7b417efe66a5d1759ba33305d9e053bd,American,most_frequent_accent,NA,Questionnaire,NA,other_non_err_detection,NA,NA,NA,NA,No,26,4
default,4f4154b1338bad6398c0c185016e2c8b7b417efe66a5d1759ba33305d9e053bd,NA,additional_language_experience,NA,Questionnaire,NA,other_non_err_detection,NA,NA,NA,NA,No,27,4
default,69b7b1ee099a005e34731f186cee18eeda1177e6ab8e3c36aed7a75419f1f092,Female,gender,NA,Questionnaire,NA,other_non_err_detection,NA,NA,NA,NA,No,1,5
default,69b7b1ee099a005e34731f186cee18eeda1177e6ab8e3c36aed7a75419f1f092,['White'],race/ethnicity,NA,Questionnaire,NA,other_non_err_detection,NA,NA,NA,NA,No,2,5
default,69b7b1ee099a005e34731f186cee18eeda1177e6ab8e3c36aed7a75419f1f092,2- or 4-year college degree,highest_level_edu,NA,Questionnaire,NA,other_non_err_detection,NA,NA,NA,NA,No,3,5
default,69b7b1ee099a005e34731f186cee18eeda1177e6ab8e3c36aed7a75419f1f092,['English'],native_language,NA,Questionnaire,NA,other_non_err_detection,NA,NA,NA,NA,No,4,5
default,69b7b1ee099a005e34731f186cee18eeda1177e6ab8e3c36aed7a75419f1f092,Yes,same_state_5_year,NA,Questionnaire,NA,other_non_err_detection,NA,NA,NA,NA,No,5,5
default,69b7b1ee099a005e34731f186cee18eeda1177e6ab8e3c36aed7a75419f1f092,Yes,same_state_5_year_yes,NA,Questionnaire,NA,other_non_err_detection,NA,NA,NA,NA,No,6,5
default,69b7b1ee099a005e34731f186cee18eeda1177e6ab8e3c36aed7a75419f1f092,Right,handedness,NA,Questionnaire,NA,other_non_err_detection,NA,NA,NA,NA,No,7,5
default,69b7b1ee099a005e34731f186cee18eeda1177e6ab8e3c36aed7a75419f1f092,No,hearing,NA,Questionnaire,NA,other_non_err_detection,NA,NA,NA,NA,No,8,5
default,69b7b1ee099a005e34731f186cee18eeda1177e6ab8e3c36aed7a75419f1f092,Yes,vision,NA,Questionnaire,NA,other_non_err_detection,NA,NA,NA,NA,No,9,5
default,69b7b1ee099a005e34731f186cee18eeda1177e6ab8e3c36aed7a75419f1f092,No,langDis,NA,Questionnaire,NA,other_non_err_detection,NA,NA,NA,NA,No,10,5
default,69b7b1ee099a005e34731f186cee18eeda1177e6ab8e3c36aed7a75419f1f092,No,learnDis,NA,Questionnaire,NA,other_non_err_detection,NA,NA,NA,NA,No,11,5
default,69b7b1ee099a005e34731f186cee18eeda1177e6ab8e3c36aed7a75419f1f092,No,attention,NA,Questionnaire,NA,other_non_err_detection,NA,NA,NA,NA,No,12,5
default,69b7b1ee099a005e34731f186cee18eeda1177e6ab8e3c36aed7a75419f1f092,No,headInjury,NA,Questionnaire,NA,other_non_err_detection,NA,NA,NA,NA,No,13,5
default,69b7b1ee099a005e34731f186cee18eeda1177e6ab8e3c36aed7a75419f1f092,No,neuroImpair,NA,Questionnaire,NA,other_non_err_detection,NA,NA,NA,NA,No,14,5
default,69b7b1ee099a005e34731f186cee18eeda1177e6ab8e3c36aed7a75419f1f092,No,household_accent,NA,Questionnaire,NA,other_non_err_detection,NA,NA,NA,NA,No,15,5
default,69b7b1ee099a005e34731f186cee18eeda1177e6ab8e3c36aed7a75419f1f092,No,current_accent,NA,Questionnaire,NA,other_non_err_detection,NA,NA,NA,NA,No,16,5
default,69b7b1ee099a005e34731f186cee18eeda1177e6ab8e3c36aed7a75419f1f092,Sometimes,exposure_spanish,NA,Questionnaire,NA,other_non_err_detection,NA,NA,NA,NA,No,17,5
default,69b7b1ee099a005e34731f186cee18eeda1177e6ab8e3c36aed7a75419f1f092,Sometimes,exposure_spanish_accent,NA,Questionnaire,NA,other_non_err_detection,NA,NA,NA,NA,No,18,5
default,69b7b1ee099a005e34731f186cee18eeda1177e6ab8e3c36aed7a75419f1f092,38,age,NA,Questionnaire,NA,other_non_err_detection,NA,NA,NA,NA,No,19,5
default,69b7b1ee099a005e34731f186cee18eeda1177e6ab8e3c36aed7a75419f1f092,West Virginia,origin_state,NA,Questionnaire,NA,other_non_err_detection,NA,NA,NA,NA,No,20,5
default,69b7b1ee099a005e34731f186cee18eeda1177e6ab8e3c36aed7a75419f1f092,24970,origin_zipcode,NA,Questionnaire,NA,other_non_err_detection,NA,NA,NA,NA,No,21,5
default,69b7b1ee099a005e34731f186cee18eeda1177e6ab8e3c36aed7a75419f1f092,West Virginia,current_state,NA,Questionnaire,NA,other_non_err_detection,NA,NA,NA,NA,No,22,5
default,69b7b1ee099a005e34731f186cee18eeda1177e6ab8e3c36aed7a75419f1f092,26559,current_zipcode,NA,Questionnaire,NA,other_non_err_detection,NA,NA,NA,NA,No,23,5
default,69b7b1ee099a005e34731f186cee18eeda1177e6ab8e3c36aed7a75419f1f092,NA,same_state_5_year_no,NA,Questionnaire,NA,other_non_err_detection,NA,NA,NA,NA,No,24,5
default,69b7b1ee099a005e34731f186cee18eeda1177e6ab8e3c36aed7a75419f1f092,NA,diseaseDetail,NA,Questionnaire,NA,other_non_err_detection,NA,NA,NA,NA,No,25,5
default,69b7b1ee099a005e34731f186cee18eeda1177e6ab8e3c36aed7a75419f1f092,"My spouse - American, country
My best friend - American, northern country
My work friend - American, Ohio",most_frequent_accent,NA,Questionnaire,NA,other_non_err_detection,NA,NA,NA,NA,No,26,5
default,69b7b1ee099a005e34731f186cee18eeda1177e6ab8e3c36aed7a75419f1f092,I have been learning Spanish for over a year and also learned in high school.,additional_language_experience,NA,Questionnaire,NA,other_non_err_detection,NA,NA,NA,NA,No,27,5
default,82557df3b7f097afc7081da826b2ac7ea94096314f4d908d20326916041c009f,Female,gender,NA,Questionnaire,NA,other_non_err_detection,NA,NA,NA,NA,No,1,6
default,82557df3b7f097afc7081da826b2ac7ea94096314f4d908d20326916041c009f,['Black or African American'],race/ethnicity,NA,Questionnaire,NA,other_non_err_detection,NA,NA,NA,NA,No,2,6
default,82557df3b7f097afc7081da826b2ac7ea94096314f4d908d20326916041c009f,Some college,highest_level_edu,NA,Questionnaire,NA,other_non_err_detection,NA,NA,NA,NA,No,3,6
default,82557df3b7f097afc7081da826b2ac7ea94096314f4d908d20326916041c009f,['English'],native_language,NA,Questionnaire,NA,other_non_err_detection,NA,NA,NA,NA,No,4,6
default,82557df3b7f097afc7081da826b2ac7ea94096314f4d908d20326916041c009f,Yes,same_state_5_year,NA,Questionnaire,NA,other_non_err_detection,NA,NA,NA,NA,No,5,6
default,82557df3b7f097afc7081da826b2ac7ea94096314f4d908d20326916041c009f,No,same_state_5_year_yes,NA,Questionnaire,NA,other_non_err_detection,NA,NA,NA,NA,No,6,6
default,82557df3b7f097afc7081da826b2ac7ea94096314f4d908d20326916041c009f,Right,handedness,NA,Questionnaire,NA,other_non_err_detection,NA,NA,NA,NA,No,7,6
default,82557df3b7f097afc7081da826b2ac7ea94096314f4d908d20326916041c009f,No,hearing,NA,Questionnaire,NA,other_non_err_detection,NA,NA,NA,NA,No,8,6
default,82557df3b7f097afc7081da826b2ac7ea94096314f4d908d20326916041c009f,No,vision,NA,Questionnaire,NA,other_non_err_detection,NA,NA,NA,NA,No,9,6
default,82557df3b7f097afc7081da826b2ac7ea94096314f4d908d20326916041c009f,No,langDis,NA,Questionnaire,NA,other_non_err_detection,NA,NA,NA,NA,No,10,6
default,82557df3b7f097afc7081da826b2ac7ea94096314f4d908d20326916041c009f,No,learnDis,NA,Questionnaire,NA,other_non_err_detection,NA,NA,NA,NA,No,11,6
default,82557df3b7f097afc7081da826b2ac7ea94096314f4d908d20326916041c009f,No,attention,NA,Questionnaire,NA,other_non_err_detection,NA,NA,NA,NA,No,12,6
default,82557df3b7f097afc7081da826b2ac7ea94096314f4d908d20326916041c009f,No,headInjury,NA,Questionnaire,NA,other_non_err_detection,NA,NA,NA,NA,No,13,6
default,82557df3b7f097afc7081da826b2ac7ea94096314f4d908d20326916041c009f,No,neuroImpair,NA,Questionnaire,NA,other_non_err_detection,NA,NA,NA,NA,No,14,6
default,82557df3b7f097afc7081da826b2ac7ea94096314f4d908d20326916041c009f,No,household_accent,NA,Questionnaire,NA,other_non_err_detection,NA,NA,NA,NA,No,15,6
default,82557df3b7f097afc7081da826b2ac7ea94096314f4d908d20326916041c009f,No,current_accent,NA,Questionnaire,NA,other_non_err_detection,NA,NA,NA,NA,No,16,6
default,82557df3b7f097afc7081da826b2ac7ea94096314f4d908d20326916041c009f,Never,exposure_spanish,NA,Questionnaire,NA,other_non_err_detection,NA,NA,NA,NA,No,17,6
default,82557df3b7f097afc7081da826b2ac7ea94096314f4d908d20326916041c009f,Sometimes,exposure_spanish_accent,NA,Questionnaire,NA,other_non_err_detection,NA,NA,NA,NA,No,18,6
default,82557df3b7f097afc7081da826b2ac7ea94096314f4d908d20326916041c009f,43,age,NA,Questionnaire,NA,other_non_err_detection,NA,NA,NA,NA,No,19,6
default,82557df3b7f097afc7081da826b2ac7ea94096314f4d908d20326916041c009f,Wisconsin,origin_state,NA,Questionnaire,NA,other_non_err_detection,NA,NA,NA,NA,No,20,6
default,82557df3b7f097afc7081da826b2ac7ea94096314f4d908d20326916041c009f,53209,origin_zipcode,NA,Questionnaire,NA,other_non_err_detection,NA,NA,NA,NA,No,21,6
default,82557df3b7f097afc7081da826b2ac7ea94096314f4d908d20326916041c009f,Wisconsin,current_state,NA,Questionnaire,NA,other_non_err_detection,NA,NA,NA,NA,No,22,6
default,82557df3b7f097afc7081da826b2ac7ea94096314f4d908d20326916041c009f,53221,current_zipcode,NA,Questionnaire,NA,other_non_err_detection,NA,NA,NA,NA,No,23,6
default,82557df3b7f097afc7081da826b2ac7ea94096314f4d908d20326916041c009f,NA,same_state_5_year_no,NA,Questionnaire,NA,other_non_err_detection,NA,NA,NA,NA,No,24,6
default,82557df3b7f097afc7081da826b2ac7ea94096314f4d908d20326916041c009f,NA,diseaseDetail,NA,Questionnaire,NA,other_non_err_detection,NA,NA,NA,NA,No,25,6
default,82557df3b7f097afc7081da826b2ac7ea94096314f4d908d20326916041c009f,"My mom, dad and siblings; American",most_frequent_accent,NA,Questionnaire,NA,other_non_err_detection,NA,NA,NA,NA,No,26,6
default,82557df3b7f097afc7081da826b2ac7ea94096314f4d908d20326916041c009f,I've tutored foreign students in English.,additional_language_experience,NA,Questionnaire,NA,other_non_err_detection,NA,NA,NA,NA,No,27,6
default,dc95a90a7ff67cedcd698eea4e429ffe41115959f4924bf18dadc94d71f980d6,Female,gender,NA,Questionnaire,NA,other_non_err_detection,NA,NA,NA,NA,No,1,7
default,dc95a90a7ff67cedcd698eea4e429ffe41115959f4924bf18dadc94d71f980d6,['White'],race/ethnicity,NA,Questionnaire,NA,other_non_err_detection,NA,NA,NA,NA,No,2,7
default,dc95a90a7ff67cedcd698eea4e429ffe41115959f4924bf18dadc94d71f980d6,Some college,highest_level_edu,NA,Questionnaire,NA,other_non_err_detection,NA,NA,NA,NA,No,3,7
default,dc95a90a7ff67cedcd698eea4e429ffe41115959f4924bf18dadc94d71f980d6,['English'],native_language,NA,Questionnaire,NA,other_non_err_detection,NA,NA,NA,NA,No,4,7
default,dc95a90a7ff67cedcd698eea4e429ffe41115959f4924bf18dadc94d71f980d6,Yes,same_state_5_year,NA,Questionnaire,NA,other_non_err_detection,NA,NA,NA,NA,No,5,7
default,dc95a90a7ff67cedcd698eea4e429ffe41115959f4924bf18dadc94d71f980d6,Yes,same_state_5_year_yes,NA,Questionnaire,NA,other_non_err_detection,NA,NA,NA,NA,No,6,7
default,dc95a90a7ff67cedcd698eea4e429ffe41115959f4924bf18dadc94d71f980d6,Right,handedness,NA,Questionnaire,NA,other_non_err_detection,NA,NA,NA,NA,No,7,7
default,dc95a90a7ff67cedcd698eea4e429ffe41115959f4924bf18dadc94d71f980d6,No,hearing,NA,Questionnaire,NA,other_non_err_detection,NA,NA,NA,NA,No,8,7
default,dc95a90a7ff67cedcd698eea4e429ffe41115959f4924bf18dadc94d71f980d6,No,vision,NA,Questionnaire,NA,other_non_err_detection,NA,NA,NA,NA,No,9,7
default,dc95a90a7ff67cedcd698eea4e429ffe41115959f4924bf18dadc94d71f980d6,No,langDis,NA,Questionnaire,NA,other_non_err_detection,NA,NA,NA,NA,No,10,7
default,dc95a90a7ff67cedcd698eea4e429ffe41115959f4924bf18dadc94d71f980d6,No,learnDis,NA,Questionnaire,NA,other_non_err_detection,NA,NA,NA,NA,No,11,7
default,dc95a90a7ff67cedcd698eea4e429ffe41115959f4924bf18dadc94d71f980d6,No,attention,NA,Questionnaire,NA,other_non_err_detection,NA,NA,NA,NA,No,12,7
default,dc95a90a7ff67cedcd698eea4e429ffe41115959f4924bf18dadc94d71f980d6,No,headInjury,NA,Questionnaire,NA,other_non_err_detection,NA,NA,NA,NA,No,13,7
default,dc95a90a7ff67cedcd698eea4e429ffe41115959f4924bf18dadc94d71f980d6,No,neuroImpair,NA,Questionnaire,NA,other_non_err_detection,NA,NA,NA,NA,No,14,7
default,dc95a90a7ff67cedcd698eea4e429ffe41115959f4924bf18dadc94d71f980d6,No,household_accent,NA,Questionnaire,NA,other_non_err_detection,NA,NA,NA,NA,No,15,7
default,dc95a90a7ff67cedcd698eea4e429ffe41115959f4924bf18dadc94d71f980d6,No,current_accent,NA,Questionnaire,NA,other_non_err_detection,NA,NA,NA,NA,No,16,7
default,dc95a90a7ff67cedcd698eea4e429ffe41115959f4924bf18dadc94d71f980d6,Sometimes,exposure_spanish,NA,Questionnaire,NA,other_non_err_detection,NA,NA,NA,NA,No,17,7
default,dc95a90a7ff67cedcd698eea4e429ffe41115959f4924bf18dadc94d71f980d6,Sometimes,exposure_spanish_accent,NA,Questionnaire,NA,other_non_err_detection,NA,NA,NA,NA,No,18,7
default,dc95a90a7ff67cedcd698eea4e429ffe41115959f4924bf18dadc94d71f980d6,39,age,NA,Questionnaire,NA,other_non_err_detection,NA,NA,NA,NA,No,19,7
default,dc95a90a7ff67cedcd698eea4e429ffe41115959f4924bf18dadc94d71f980d6,California,origin_state,NA,Questionnaire,NA,other_non_err_detection,NA,NA,NA,NA,No,20,7
default,dc95a90a7ff67cedcd698eea4e429ffe41115959f4924bf18dadc94d71f980d6,90806,origin_zipcode,NA,Questionnaire,NA,other_non_err_detection,NA,NA,NA,NA,No,21,7
default,dc95a90a7ff67cedcd698eea4e429ffe41115959f4924bf18dadc94d71f980d6,California,current_state,NA,Questionnaire,NA,other_non_err_detection,NA,NA,NA,NA,No,22,7
default,dc95a90a7ff67cedcd698eea4e429ffe41115959f4924bf18dadc94d71f980d6,93301,current_zipcode,NA,Questionnaire,NA,other_non_err_detection,NA,NA,NA,NA,No,23,7
default,dc95a90a7ff67cedcd698eea4e429ffe41115959f4924bf18dadc94d71f980d6,na,same_state_5_year_no,NA,Questionnaire,NA,other_non_err_detection,NA,NA,NA,NA,No,24,7
default,dc95a90a7ff67cedcd698eea4e429ffe41115959f4924bf18dadc94d71f980d6,na,diseaseDetail,NA,Questionnaire,NA,other_non_err_detection,NA,NA,NA,NA,No,25,7
default,dc95a90a7ff67cedcd698eea4e429ffe41115959f4924bf18dadc94d71f980d6,"My husband, american. My mom, american. My friend, american.",most_frequent_accent,NA,Questionnaire,NA,other_non_err_detection,NA,NA,NA,NA,No,26,7
default,dc95a90a7ff67cedcd698eea4e429ffe41115959f4924bf18dadc94d71f980d6,none,additional_language_experience,NA,Questionnaire,NA,other_non_err_detection,NA,NA,NA,NA,No,27,7
default,df40d187cf4c1205747b9015fb83601690b72179f3346acb6490ac453b0207b0,Male,gender,NA,Questionnaire,NA,other_non_err_detection,NA,NA,NA,NA,No,1,8
default,df40d187cf4c1205747b9015fb83601690b72179f3346acb6490ac453b0207b0,['Black or African American'],race/ethnicity,NA,Questionnaire,NA,other_non_err_detection,NA,NA,NA,NA,No,2,8
default,df40d187cf4c1205747b9015fb83601690b72179f3346acb6490ac453b0207b0,2- or 4-year college degree,highest_level_edu,NA,Questionnaire,NA,other_non_err_detection,NA,NA,NA,NA,No,3,8
default,df40d187cf4c1205747b9015fb83601690b72179f3346acb6490ac453b0207b0,['English'],native_language,NA,Questionnaire,NA,other_non_err_detection,NA,NA,NA,NA,No,4,8
default,df40d187cf4c1205747b9015fb83601690b72179f3346acb6490ac453b0207b0,Yes,same_state_5_year,NA,Questionnaire,NA,other_non_err_detection,NA,NA,NA,NA,No,5,8
default,df40d187cf4c1205747b9015fb83601690b72179f3346acb6490ac453b0207b0,Yes,same_state_5_year_yes,NA,Questionnaire,NA,other_non_err_detection,NA,NA,NA,NA,No,6,8
default,df40d187cf4c1205747b9015fb83601690b72179f3346acb6490ac453b0207b0,Right,handedness,NA,Questionnaire,NA,other_non_err_detection,NA,NA,NA,NA,No,7,8
default,df40d187cf4c1205747b9015fb83601690b72179f3346acb6490ac453b0207b0,No,hearing,NA,Questionnaire,NA,other_non_err_detection,NA,NA,NA,NA,No,8,8
default,df40d187cf4c1205747b9015fb83601690b72179f3346acb6490ac453b0207b0,Yes,vision,NA,Questionnaire,NA,other_non_err_detection,NA,NA,NA,NA,No,9,8
default,df40d187cf4c1205747b9015fb83601690b72179f3346acb6490ac453b0207b0,No,langDis,NA,Questionnaire,NA,other_non_err_detection,NA,NA,NA,NA,No,10,8
default,df40d187cf4c1205747b9015fb83601690b72179f3346acb6490ac453b0207b0,Yes,learnDis,NA,Questionnaire,NA,other_non_err_detection,NA,NA,NA,NA,No,11,8
default,df40d187cf4c1205747b9015fb83601690b72179f3346acb6490ac453b0207b0,No,attention,NA,Questionnaire,NA,other_non_err_detection,NA,NA,NA,NA,No,12,8
default,df40d187cf4c1205747b9015fb83601690b72179f3346acb6490ac453b0207b0,No,headInjury,NA,Questionnaire,NA,other_non_err_detection,NA,NA,NA,NA,No,13,8
default,df40d187cf4c1205747b9015fb83601690b72179f3346acb6490ac453b0207b0,No,neuroImpair,NA,Questionnaire,NA,other_non_err_detection,NA,NA,NA,NA,No,14,8
default,df40d187cf4c1205747b9015fb83601690b72179f3346acb6490ac453b0207b0,No,household_accent,NA,Questionnaire,NA,other_non_err_detection,NA,NA,NA,NA,No,15,8
default,df40d187cf4c1205747b9015fb83601690b72179f3346acb6490ac453b0207b0,No,current_accent,NA,Questionnaire,NA,other_non_err_detection,NA,NA,NA,NA,No,16,8
default,df40d187cf4c1205747b9015fb83601690b72179f3346acb6490ac453b0207b0,Often,exposure_spanish,NA,Questionnaire,NA,other_non_err_detection,NA,NA,NA,NA,No,17,8
default,df40d187cf4c1205747b9015fb83601690b72179f3346acb6490ac453b0207b0,Often,exposure_spanish_accent,NA,Questionnaire,NA,other_non_err_detection,NA,NA,NA,NA,No,18,8
default,df40d187cf4c1205747b9015fb83601690b72179f3346acb6490ac453b0207b0,21,age,NA,Questionnaire,NA,other_non_err_detection,NA,NA,NA,NA,No,19,8
default,df40d187cf4c1205747b9015fb83601690b72179f3346acb6490ac453b0207b0,Illinois,origin_state,NA,Questionnaire,NA,other_non_err_detection,NA,NA,NA,NA,No,20,8
default,df40d187cf4c1205747b9015fb83601690b72179f3346acb6490ac453b0207b0,"Chicago, IL",origin_zipcode,NA,Questionnaire,NA,other_non_err_detection,NA,NA,NA,NA,No,21,8
default,df40d187cf4c1205747b9015fb83601690b72179f3346acb6490ac453b0207b0,Illinois,current_state,NA,Questionnaire,NA,other_non_err_detection,NA,NA,NA,NA,No,22,8
default,df40d187cf4c1205747b9015fb83601690b72179f3346acb6490ac453b0207b0,60644,current_zipcode,NA,Questionnaire,NA,other_non_err_detection,NA,NA,NA,NA,No,23,8
default,df40d187cf4c1205747b9015fb83601690b72179f3346acb6490ac453b0207b0,NA,same_state_5_year_no,NA,Questionnaire,NA,other_non_err_detection,NA,NA,NA,NA,No,24,8
default,df40d187cf4c1205747b9015fb83601690b72179f3346acb6490ac453b0207b0,"Corrected Vision, Autism",diseaseDetail,NA,Questionnaire,NA,other_non_err_detection,NA,NA,NA,NA,No,25,8
default,df40d187cf4c1205747b9015fb83601690b72179f3346acb6490ac453b0207b0,"Coworkers, hispanic",most_frequent_accent,NA,Questionnaire,NA,other_non_err_detection,NA,NA,NA,NA,No,26,8
default,df40d187cf4c1205747b9015fb83601690b72179f3346acb6490ac453b0207b0,Learned Spanish in high school,additional_language_experience,NA,Questionnaire,NA,other_non_err_detection,NA,NA,NA,NA,No,27,8
default,ee35eda2737d15d58cca43ce1dfb4997d91ecf2f2507b8b21ee3791e1a1883a5,Male,gender,NA,Questionnaire,NA,other_non_err_detection,NA,NA,NA,NA,No,1,9
default,ee35eda2737d15d58cca43ce1dfb4997d91ecf2f2507b8b21ee3791e1a1883a5,['White'],race/ethnicity,NA,Questionnaire,NA,other_non_err_detection,NA,NA,NA,NA,No,2,9
default,ee35eda2737d15d58cca43ce1dfb4997d91ecf2f2507b8b21ee3791e1a1883a5,2- or 4-year college degree,highest_level_edu,NA,Questionnaire,NA,other_non_err_detection,NA,NA,NA,NA,No,3,9
default,ee35eda2737d15d58cca43ce1dfb4997d91ecf2f2507b8b21ee3791e1a1883a5,['English'],native_language,NA,Questionnaire,NA,other_non_err_detection,NA,NA,NA,NA,No,4,9
default,ee35eda2737d15d58cca43ce1dfb4997d91ecf2f2507b8b21ee3791e1a1883a5,Yes,same_state_5_year,NA,Questionnaire,NA,other_non_err_detection,NA,NA,NA,NA,No,5,9
default,ee35eda2737d15d58cca43ce1dfb4997d91ecf2f2507b8b21ee3791e1a1883a5,This doesn't apply to me becuase I answered 'No' previously,same_state_5_year_yes,NA,Questionnaire,NA,other_non_err_detection,NA,NA,NA,NA,No,6,9
default,ee35eda2737d15d58cca43ce1dfb4997d91ecf2f2507b8b21ee3791e1a1883a5,Right,handedness,NA,Questionnaire,NA,other_non_err_detection,NA,NA,NA,NA,No,7,9
default,ee35eda2737d15d58cca43ce1dfb4997d91ecf2f2507b8b21ee3791e1a1883a5,No,hearing,NA,Questionnaire,NA,other_non_err_detection,NA,NA,NA,NA,No,8,9
default,ee35eda2737d15d58cca43ce1dfb4997d91ecf2f2507b8b21ee3791e1a1883a5,No,vision,NA,Questionnaire,NA,other_non_err_detection,NA,NA,NA,NA,No,9,9
default,ee35eda2737d15d58cca43ce1dfb4997d91ecf2f2507b8b21ee3791e1a1883a5,No,langDis,NA,Questionnaire,NA,other_non_err_detection,NA,NA,NA,NA,No,10,9
default,ee35eda2737d15d58cca43ce1dfb4997d91ecf2f2507b8b21ee3791e1a1883a5,No,learnDis,NA,Questionnaire,NA,other_non_err_detection,NA,NA,NA,NA,No,11,9
default,ee35eda2737d15d58cca43ce1dfb4997d91ecf2f2507b8b21ee3791e1a1883a5,No,attention,NA,Questionnaire,NA,other_non_err_detection,NA,NA,NA,NA,No,12,9
default,ee35eda2737d15d58cca43ce1dfb4997d91ecf2f2507b8b21ee3791e1a1883a5,No,headInjury,NA,Questionnaire,NA,other_non_err_detection,NA,NA,NA,NA,No,13,9
default,ee35eda2737d15d58cca43ce1dfb4997d91ecf2f2507b8b21ee3791e1a1883a5,No,neuroImpair,NA,Questionnaire,NA,other_non_err_detection,NA,NA,NA,NA,No,14,9
default,ee35eda2737d15d58cca43ce1dfb4997d91ecf2f2507b8b21ee3791e1a1883a5,No,household_accent,NA,Questionnaire,NA,other_non_err_detection,NA,NA,NA,NA,No,15,9
default,ee35eda2737d15d58cca43ce1dfb4997d91ecf2f2507b8b21ee3791e1a1883a5,No,current_accent,NA,Questionnaire,NA,other_non_err_detection,NA,NA,NA,NA,No,16,9
default,ee35eda2737d15d58cca43ce1dfb4997d91ecf2f2507b8b21ee3791e1a1883a5,Never,exposure_spanish,NA,Questionnaire,NA,other_non_err_detection,NA,NA,NA,NA,No,17,9
default,ee35eda2737d15d58cca43ce1dfb4997d91ecf2f2507b8b21ee3791e1a1883a5,Sometimes,exposure_spanish_accent,NA,Questionnaire,NA,other_non_err_detection,NA,NA,NA,NA,No,18,9
default,ee35eda2737d15d58cca43ce1dfb4997d91ecf2f2507b8b21ee3791e1a1883a5,28,age,NA,Questionnaire,NA,other_non_err_detection,NA,NA,NA,NA,No,19,9
default,ee35eda2737d15d58cca43ce1dfb4997d91ecf2f2507b8b21ee3791e1a1883a5,New Jersey,origin_state,NA,Questionnaire,NA,other_non_err_detection,NA,NA,NA,NA,No,20,9
default,ee35eda2737d15d58cca43ce1dfb4997d91ecf2f2507b8b21ee3791e1a1883a5,08805,origin_zipcode,NA,Questionnaire,NA,other_non_err_detection,NA,NA,NA,NA,No,21,9
default,ee35eda2737d15d58cca43ce1dfb4997d91ecf2f2507b8b21ee3791e1a1883a5,New Jersey,current_state,NA,Questionnaire,NA,other_non_err_detection,NA,NA,NA,NA,No,22,9
default,ee35eda2737d15d58cca43ce1dfb4997d91ecf2f2507b8b21ee3791e1a1883a5,07034,current_zipcode,NA,Questionnaire,NA,other_non_err_detection,NA,NA,NA,NA,No,23,9
default,ee35eda2737d15d58cca43ce1dfb4997d91ecf2f2507b8b21ee3791e1a1883a5,NA,same_state_5_year_no,NA,Questionnaire,NA,other_non_err_detection,NA,NA,NA,NA,No,24,9
default,ee35eda2737d15d58cca43ce1dfb4997d91ecf2f2507b8b21ee3791e1a1883a5,NA,diseaseDetail,NA,Questionnaire,NA,other_non_err_detection,NA,NA,NA,NA,No,25,9
default,ee35eda2737d15d58cca43ce1dfb4997d91ecf2f2507b8b21ee3791e1a1883a5,American,most_frequent_accent,NA,Questionnaire,NA,other_non_err_detection,NA,NA,NA,NA,No,26,9
default,ee35eda2737d15d58cca43ce1dfb4997d91ecf2f2507b8b21ee3791e1a1883a5,NA,additional_language_experience,NA,Questionnaire,NA,other_non_err_detection,NA,NA,NA,NA,No,27,9
default,fc69a37087329e45c3ebf212bb91a9b776756b4f09e66cf7c960e0e529c2dbc7,Female,gender,NA,Questionnaire,NA,other_non_err_detection,NA,NA,NA,NA,No,1,10
default,fc69a37087329e45c3ebf212bb91a9b776756b4f09e66cf7c960e0e529c2dbc7,['White'],race/ethnicity,NA,Questionnaire,NA,other_non_err_detection,NA,NA,NA,NA,No,2,10
default,fc69a37087329e45c3ebf212bb91a9b776756b4f09e66cf7c960e0e529c2dbc7,2- or 4-year college degree,highest_level_edu,NA,Questionnaire,NA,other_non_err_detection,NA,NA,NA,NA,No,3,10
default,fc69a37087329e45c3ebf212bb91a9b776756b4f09e66cf7c960e0e529c2dbc7,['English'],native_language,NA,Questionnaire,NA,other_non_err_detection,NA,NA,NA,NA,No,4,10
default,fc69a37087329e45c3ebf212bb91a9b776756b4f09e66cf7c960e0e529c2dbc7,Yes,same_state_5_year,NA,Questionnaire,NA,other_non_err_detection,NA,NA,NA,NA,No,5,10
default,fc69a37087329e45c3ebf212bb91a9b776756b4f09e66cf7c960e0e529c2dbc7,Yes,same_state_5_year_yes,NA,Questionnaire,NA,other_non_err_detection,NA,NA,NA,NA,No,6,10
default,fc69a37087329e45c3ebf212bb91a9b776756b4f09e66cf7c960e0e529c2dbc7,Right,handedness,NA,Questionnaire,NA,other_non_err_detection,NA,NA,NA,NA,No,7,10
default,fc69a37087329e45c3ebf212bb91a9b776756b4f09e66cf7c960e0e529c2dbc7,No,hearing,NA,Questionnaire,NA,other_non_err_detection,NA,NA,NA,NA,No,8,10
default,fc69a37087329e45c3ebf212bb91a9b776756b4f09e66cf7c960e0e529c2dbc7,Yes,vision,NA,Questionnaire,NA,other_non_err_detection,NA,NA,NA,NA,No,9,10
default,fc69a37087329e45c3ebf212bb91a9b776756b4f09e66cf7c960e0e529c2dbc7,No,langDis,NA,Questionnaire,NA,other_non_err_detection,NA,NA,NA,NA,No,10,10
default,fc69a37087329e45c3ebf212bb91a9b776756b4f09e66cf7c960e0e529c2dbc7,No,learnDis,NA,Questionnaire,NA,other_non_err_detection,NA,NA,NA,NA,No,11,10
default,fc69a37087329e45c3ebf212bb91a9b776756b4f09e66cf7c960e0e529c2dbc7,No,attention,NA,Questionnaire,NA,other_non_err_detection,NA,NA,NA,NA,No,12,10
default,fc69a37087329e45c3ebf212bb91a9b776756b4f09e66cf7c960e0e529c2dbc7,No,headInjury,NA,Questionnaire,NA,other_non_err_detection,NA,NA,NA,NA,No,13,10
default,fc69a37087329e45c3ebf212bb91a9b776756b4f09e66cf7c960e0e529c2dbc7,No,neuroImpair,NA,Questionnaire,NA,other_non_err_detection,NA,NA,NA,NA,No,14,10
default,fc69a37087329e45c3ebf212bb91a9b776756b4f09e66cf7c960e0e529c2dbc7,No,household_accent,NA,Questionnaire,NA,other_non_err_detection,NA,NA,NA,NA,No,15,10
default,fc69a37087329e45c3ebf212bb91a9b776756b4f09e66cf7c960e0e529c2dbc7,No,current_accent,NA,Questionnaire,NA,other_non_err_detection,NA,NA,NA,NA,No,16,10
default,fc69a37087329e45c3ebf212bb91a9b776756b4f09e66cf7c960e0e529c2dbc7,Sometimes,exposure_spanish,NA,Questionnaire,NA,other_non_err_detection,NA,NA,NA,NA,No,17,10
default,fc69a37087329e45c3ebf212bb91a9b776756b4f09e66cf7c960e0e529c2dbc7,Often,exposure_spanish_accent,NA,Questionnaire,NA,other_non_err_detection,NA,NA,NA,NA,No,18,10
default,fc69a37087329e45c3ebf212bb91a9b776756b4f09e66cf7c960e0e529c2dbc7,41,age,NA,Questionnaire,NA,other_non_err_detection,NA,NA,NA,NA,No,19,10
default,fc69a37087329e45c3ebf212bb91a9b776756b4f09e66cf7c960e0e529c2dbc7,California,origin_state,NA,Questionnaire,NA,other_non_err_detection,NA,NA,NA,NA,No,20,10
default,fc69a37087329e45c3ebf212bb91a9b776756b4f09e66cf7c960e0e529c2dbc7,90712,origin_zipcode,NA,Questionnaire,NA,other_non_err_detection,NA,NA,NA,NA,No,21,10
default,fc69a37087329e45c3ebf212bb91a9b776756b4f09e66cf7c960e0e529c2dbc7,California,current_state,NA,Questionnaire,NA,other_non_err_detection,NA,NA,NA,NA,No,22,10
default,fc69a37087329e45c3ebf212bb91a9b776756b4f09e66cf7c960e0e529c2dbc7,90712,current_zipcode,NA,Questionnaire,NA,other_non_err_detection,NA,NA,NA,NA,No,23,10
default,fc69a37087329e45c3ebf212bb91a9b776756b4f09e66cf7c960e0e529c2dbc7,NA,same_state_5_year_no,NA,Questionnaire,NA,other_non_err_detection,NA,NA,NA,NA,No,24,10
default,fc69a37087329e45c3ebf212bb91a9b776756b4f09e66cf7c960e0e529c2dbc7,I have corrected vision with glasses/contacts.,diseaseDetail,NA,Questionnaire,NA,other_non_err_detection,NA,NA,NA,NA,No,25,10
default,fc69a37087329e45c3ebf212bb91a9b776756b4f09e66cf7c960e0e529c2dbc7,"My spouse, American; Friend, Lebanese; Co-worker, Vietnamese; Co-Worker, British; Children, American",most_frequent_accent,NA,Questionnaire,NA,other_non_err_detection,NA,NA,NA,NA,No,26,10
default,fc69a37087329e45c3ebf212bb91a9b776756b4f09e66cf7c960e0e529c2dbc7,NA,additional_language_experience,NA,Questionnaire,NA,other_non_err_detection,NA,NA,NA,NA,No,27,10
