group_id,participant_id,response_value,stimuli_presented,stimulus_files_presented,block,item_base,item_type,condition,nonphon_err_type,phon_err_details,answer,second_attempt_used,trial_num_sequential,participant_num
Group_3,06549475e28535bf090e5c27b3685fb12c9426f8fc1e599da8d892c13bde7a32,4,instruction_clarity,NA,Questionnaire,NA,other_non_err_detection,NA,NA,NA,NA,No,1,1
Group_3,06549475e28535bf090e5c27b3685fb12c9426f8fc1e599da8d892c13bde7a32,4,error_detection_difficulty,NA,Questionnaire,NA,other_non_err_detection,NA,NA,NA,NA,No,2,1
Group_3,06549475e28535bf090e5c27b3685fb12c9426f8fc1e599da8d892c13bde7a32,3,trivia_accent_strength,NA,Questionnaire,NA,other_non_err_detection,NA,NA,NA,NA,No,3,1
Group_3,06549475e28535bf090e5c27b3685fb12c9426f8fc1e599da8d892c13bde7a32,3,transcription_accent_strength,NA,Questionnaire,NA,other_non_err_detection,NA,NA,NA,NA,No,4,1
Group_3,06549475e28535bf090e5c27b3685fb12c9426f8fc1e599da8d892c13bde7a32,Yes,speaker_identity_check,NA,Questionnaire,NA,other_non_err_detection,NA,NA,NA,NA,No,5,1
Group_3,06549475e28535bf090e5c27b3685fb12c9426f8fc1e599da8d892c13bde7a32,['English'],native_language,NA,Questionnaire,NA,other_non_err_detection,NA,NA,NA,NA,No,6,1
Group_3,06549475e28535bf090e5c27b3685fb12c9426f8fc1e599da8d892c13bde7a32,No,household_accent,NA,Questionnaire,NA,other_non_err_detection,NA,NA,NA,NA,No,7,1
Group_3,06549475e28535bf090e5c27b3685fb12c9426f8fc1e599da8d892c13bde7a32,No,current_accent,NA,Questionnaire,NA,other_non_err_detection,NA,NA,NA,NA,No,8,1
Group_3,06549475e28535bf090e5c27b3685fb12c9426f8fc1e599da8d892c13bde7a32,2,exposure_spanish_accent,NA,Questionnaire,NA,other_non_err_detection,NA,NA,NA,NA,No,9,1
Group_3,06549475e28535bf090e5c27b3685fb12c9426f8fc1e599da8d892c13bde7a32,2,exposure_spanish,NA,Questionnaire,NA,other_non_err_detection,NA,NA,NA,NA,No,10,1
Group_3,06549475e28535bf090e5c27b3685fb12c9426f8fc1e599da8d892c13bde7a32,Yes,same_state_5_year,NA,Questionnaire,NA,other_non_err_detection,NA,NA,NA,NA,No,11,1
Group_3,06549475e28535bf090e5c27b3685fb12c9426f8fc1e599da8d892c13bde7a32,This doesn't apply to me becuase I answered 'No' previously,same_state_5_year_yes,NA,Questionnaire,NA,other_non_err_detection,NA,NA,NA,NA,No,12,1
Group_3,06549475e28535bf090e5c27b3685fb12c9426f8fc1e599da8d892c13bde7a32,NA,questionnaire_part3_begin,NA,Questionnaire,NA,other_non_err_detection,NA,NA,NA,NA,No,13,1
Group_3,06549475e28535bf090e5c27b3685fb12c9426f8fc1e599da8d892c13bde7a32,Female,gender,NA,Questionnaire,NA,other_non_err_detection,NA,NA,NA,NA,No,14,1
Group_3,06549475e28535bf090e5c27b3685fb12c9426f8fc1e599da8d892c13bde7a32,['White'],race/ethnicity,NA,Questionnaire,NA,other_non_err_detection,NA,NA,NA,NA,No,15,1
Group_3,06549475e28535bf090e5c27b3685fb12c9426f8fc1e599da8d892c13bde7a32,2- or 4-year college degree,highest_level_edu,NA,Questionnaire,NA,other_non_err_detection,NA,NA,NA,NA,No,16,1
Group_3,06549475e28535bf090e5c27b3685fb12c9426f8fc1e599da8d892c13bde7a32,No,learnDis,NA,Questionnaire,NA,other_non_err_detection,NA,NA,NA,NA,No,17,1
Group_3,06549475e28535bf090e5c27b3685fb12c9426f8fc1e599da8d892c13bde7a32,No,attention,NA,Questionnaire,NA,other_non_err_detection,NA,NA,NA,NA,No,18,1
Group_3,06549475e28535bf090e5c27b3685fb12c9426f8fc1e599da8d892c13bde7a32,No,headInjury,NA,Questionnaire,NA,other_non_err_detection,NA,NA,NA,NA,No,19,1
Group_3,06549475e28535bf090e5c27b3685fb12c9426f8fc1e599da8d892c13bde7a32,No,neuroImpair,NA,Questionnaire,NA,other_non_err_detection,NA,NA,NA,NA,No,20,1
Group_3,06549475e28535bf090e5c27b3685fb12c9426f8fc1e599da8d892c13bde7a32,Latin American Accent,trivia_accent_identification,NA,Questionnaire,NA,other_non_err_detection,NA,NA,NA,NA,No,21,1
Group_3,06549475e28535bf090e5c27b3685fb12c9426f8fc1e599da8d892c13bde7a32,Latin American Accent,transcription_accent_identification,NA,Questionnaire,NA,other_non_err_detection,NA,NA,NA,NA,No,22,1
Group_3,06549475e28535bf090e5c27b3685fb12c9426f8fc1e599da8d892c13bde7a32,There were times I heard things that didn't make sense but were hard to type out why they didn't make sense.,task_experience,NA,Questionnaire,NA,other_non_err_detection,NA,NA,NA,NA,No,23,1
Group_3,06549475e28535bf090e5c27b3685fb12c9426f8fc1e599da8d892c13bde7a32,All American,most_frequent_accent,NA,Questionnaire,NA,other_non_err_detection,NA,NA,NA,NA,No,24,1
Group_3,06549475e28535bf090e5c27b3685fb12c9426f8fc1e599da8d892c13bde7a32,"My mother in law was Filipino, and I worked in an industry where different accents were very common for a long time.",additional_language_experience,NA,Questionnaire,NA,other_non_err_detection,NA,NA,NA,NA,No,25,1
Group_3,06549475e28535bf090e5c27b3685fb12c9426f8fc1e599da8d892c13bde7a32,North Carolina,origin_state,NA,Questionnaire,NA,other_non_err_detection,NA,NA,NA,NA,No,26,1
Group_3,06549475e28535bf090e5c27b3685fb12c9426f8fc1e599da8d892c13bde7a32,"Sanford, NC",origin_zipcode,NA,Questionnaire,NA,other_non_err_detection,NA,NA,NA,NA,No,27,1
Group_3,06549475e28535bf090e5c27b3685fb12c9426f8fc1e599da8d892c13bde7a32,Kansas,current_state,NA,Questionnaire,NA,other_non_err_detection,NA,NA,NA,NA,No,28,1
Group_3,06549475e28535bf090e5c27b3685fb12c9426f8fc1e599da8d892c13bde7a32,67226,current_zipcode,NA,Questionnaire,NA,other_non_err_detection,NA,NA,NA,NA,No,29,1
Group_3,06549475e28535bf090e5c27b3685fb12c9426f8fc1e599da8d892c13bde7a32,NA,same_state_5_year_no,NA,Questionnaire,NA,other_non_err_detection,NA,NA,NA,NA,No,30,1
Group_3,06549475e28535bf090e5c27b3685fb12c9426f8fc1e599da8d892c13bde7a32,34,age,NA,Questionnaire,NA,other_non_err_detection,NA,NA,NA,NA,No,31,1
Group_3,06549475e28535bf090e5c27b3685fb12c9426f8fc1e599da8d892c13bde7a32,NA,diseaseDetail,NA,Questionnaire,NA,other_non_err_detection,NA,NA,NA,NA,No,32,1
Group_3,06549475e28535bf090e5c27b3685fb12c9426f8fc1e599da8d892c13bde7a32,"Give an ""There needs to be corrections, but I am unsure what I heard"" option",suggestions_improvement,NA,Questionnaire,NA,other_non_err_detection,NA,NA,NA,NA,No,33,1
Group_3,06549475e28535bf090e5c27b3685fb12c9426f8fc1e599da8d892c13bde7a32,NA,technical_issues,NA,Questionnaire,NA,other_non_err_detection,NA,NA,NA,NA,No,34,1
Group_4,0ca17763e765e4e65a0c2352eb97c89b5556a9decadd55dab22752af4320c557,5,instruction_clarity,NA,Questionnaire,NA,other_non_err_detection,NA,NA,NA,NA,No,1,2
Group_4,0ca17763e765e4e65a0c2352eb97c89b5556a9decadd55dab22752af4320c557,2,error_detection_difficulty,NA,Questionnaire,NA,other_non_err_detection,NA,NA,NA,NA,No,2,2
Group_4,0ca17763e765e4e65a0c2352eb97c89b5556a9decadd55dab22752af4320c557,4,trivia_accent_strength,NA,Questionnaire,NA,other_non_err_detection,NA,NA,NA,NA,No,3,2
Group_4,0ca17763e765e4e65a0c2352eb97c89b5556a9decadd55dab22752af4320c557,4,transcription_accent_strength,NA,Questionnaire,NA,other_non_err_detection,NA,NA,NA,NA,No,4,2
Group_4,0ca17763e765e4e65a0c2352eb97c89b5556a9decadd55dab22752af4320c557,Yes,speaker_identity_check,NA,Questionnaire,NA,other_non_err_detection,NA,NA,NA,NA,No,5,2
Group_4,0ca17763e765e4e65a0c2352eb97c89b5556a9decadd55dab22752af4320c557,['English'],native_language,NA,Questionnaire,NA,other_non_err_detection,NA,NA,NA,NA,No,6,2
Group_4,0ca17763e765e4e65a0c2352eb97c89b5556a9decadd55dab22752af4320c557,No,household_accent,NA,Questionnaire,NA,other_non_err_detection,NA,NA,NA,NA,No,7,2
Group_4,0ca17763e765e4e65a0c2352eb97c89b5556a9decadd55dab22752af4320c557,No,current_accent,NA,Questionnaire,NA,other_non_err_detection,NA,NA,NA,NA,No,8,2
Group_4,0ca17763e765e4e65a0c2352eb97c89b5556a9decadd55dab22752af4320c557,2,exposure_spanish_accent,NA,Questionnaire,NA,other_non_err_detection,NA,NA,NA,NA,No,9,2
Group_4,0ca17763e765e4e65a0c2352eb97c89b5556a9decadd55dab22752af4320c557,2,exposure_spanish,NA,Questionnaire,NA,other_non_err_detection,NA,NA,NA,NA,No,10,2
Group_4,0ca17763e765e4e65a0c2352eb97c89b5556a9decadd55dab22752af4320c557,Yes,same_state_5_year,NA,Questionnaire,NA,other_non_err_detection,NA,NA,NA,NA,No,11,2
Group_4,0ca17763e765e4e65a0c2352eb97c89b5556a9decadd55dab22752af4320c557,Yes,same_state_5_year_yes,NA,Questionnaire,NA,other_non_err_detection,NA,NA,NA,NA,No,12,2
Group_4,0ca17763e765e4e65a0c2352eb97c89b5556a9decadd55dab22752af4320c557,NA,questionnaire_part3_begin,NA,Questionnaire,NA,other_non_err_detection,NA,NA,NA,NA,No,13,2
Group_4,0ca17763e765e4e65a0c2352eb97c89b5556a9decadd55dab22752af4320c557,Male,gender,NA,Questionnaire,NA,other_non_err_detection,NA,NA,NA,NA,No,14,2
Group_4,0ca17763e765e4e65a0c2352eb97c89b5556a9decadd55dab22752af4320c557,['Black or African American'],race/ethnicity,NA,Questionnaire,NA,other_non_err_detection,NA,NA,NA,NA,No,15,2
Group_4,0ca17763e765e4e65a0c2352eb97c89b5556a9decadd55dab22752af4320c557,2- or 4-year college degree,highest_level_edu,NA,Questionnaire,NA,other_non_err_detection,NA,NA,NA,NA,No,16,2
Group_4,0ca17763e765e4e65a0c2352eb97c89b5556a9decadd55dab22752af4320c557,No,learnDis,NA,Questionnaire,NA,other_non_err_detection,NA,NA,NA,NA,No,17,2
Group_4,0ca17763e765e4e65a0c2352eb97c89b5556a9decadd55dab22752af4320c557,No,attention,NA,Questionnaire,NA,other_non_err_detection,NA,NA,NA,NA,No,18,2
Group_4,0ca17763e765e4e65a0c2352eb97c89b5556a9decadd55dab22752af4320c557,No,headInjury,NA,Questionnaire,NA,other_non_err_detection,NA,NA,NA,NA,No,19,2
Group_4,0ca17763e765e4e65a0c2352eb97c89b5556a9decadd55dab22752af4320c557,No,neuroImpair,NA,Questionnaire,NA,other_non_err_detection,NA,NA,NA,NA,No,20,2
Group_4,0ca17763e765e4e65a0c2352eb97c89b5556a9decadd55dab22752af4320c557,Spanish,trivia_accent_identification,NA,Questionnaire,NA,other_non_err_detection,NA,NA,NA,NA,No,21,2
Group_4,0ca17763e765e4e65a0c2352eb97c89b5556a9decadd55dab22752af4320c557,Spanish,transcription_accent_identification,NA,Questionnaire,NA,other_non_err_detection,NA,NA,NA,NA,No,22,2
Group_4,0ca17763e765e4e65a0c2352eb97c89b5556a9decadd55dab22752af4320c557,No,task_experience,NA,Questionnaire,NA,other_non_err_detection,NA,NA,NA,NA,No,23,2
Group_4,0ca17763e765e4e65a0c2352eb97c89b5556a9decadd55dab22752af4320c557,"Mom, American(Southern dialect), 
Girlfriend, American(Northern Dialect)
Bestfriend, American(Southern Dialect)",most_frequent_accent,NA,Questionnaire,NA,other_non_err_detection,NA,NA,NA,NA,No,24,2
Group_4,0ca17763e765e4e65a0c2352eb97c89b5556a9decadd55dab22752af4320c557,N/A,additional_language_experience,NA,Questionnaire,NA,other_non_err_detection,NA,NA,NA,NA,No,25,2
Group_4,0ca17763e765e4e65a0c2352eb97c89b5556a9decadd55dab22752af4320c557,Tennessee,origin_state,NA,Questionnaire,NA,other_non_err_detection,NA,NA,NA,NA,No,26,2
Group_4,0ca17763e765e4e65a0c2352eb97c89b5556a9decadd55dab22752af4320c557,38107,origin_zipcode,NA,Questionnaire,NA,other_non_err_detection,NA,NA,NA,NA,No,27,2
Group_4,0ca17763e765e4e65a0c2352eb97c89b5556a9decadd55dab22752af4320c557,Tennessee,current_state,NA,Questionnaire,NA,other_non_err_detection,NA,NA,NA,NA,No,28,2
Group_4,0ca17763e765e4e65a0c2352eb97c89b5556a9decadd55dab22752af4320c557,38107,current_zipcode,NA,Questionnaire,NA,other_non_err_detection,NA,NA,NA,NA,No,29,2
Group_4,0ca17763e765e4e65a0c2352eb97c89b5556a9decadd55dab22752af4320c557,NA,same_state_5_year_no,NA,Questionnaire,NA,other_non_err_detection,NA,NA,NA,NA,No,30,2
Group_4,0ca17763e765e4e65a0c2352eb97c89b5556a9decadd55dab22752af4320c557,26,age,NA,Questionnaire,NA,other_non_err_detection,NA,NA,NA,NA,No,31,2
Group_4,0ca17763e765e4e65a0c2352eb97c89b5556a9decadd55dab22752af4320c557,NA,diseaseDetail,NA,Questionnaire,NA,other_non_err_detection,NA,NA,NA,NA,No,32,2
Group_4,0ca17763e765e4e65a0c2352eb97c89b5556a9decadd55dab22752af4320c557,The volume was not consistent across the board so reminders to adjust before section would help,suggestions_improvement,NA,Questionnaire,NA,other_non_err_detection,NA,NA,NA,NA,No,33,2
Group_4,0ca17763e765e4e65a0c2352eb97c89b5556a9decadd55dab22752af4320c557,NO,technical_issues,NA,Questionnaire,NA,other_non_err_detection,NA,NA,NA,NA,No,34,2
Group_3,0cebf80ae0e778f47efd8e65b22365fb50a487db98a8e0985c8a831df8d4012b,5,instruction_clarity,NA,Questionnaire,NA,other_non_err_detection,NA,NA,NA,NA,No,1,3
Group_3,0cebf80ae0e778f47efd8e65b22365fb50a487db98a8e0985c8a831df8d4012b,3,error_detection_difficulty,NA,Questionnaire,NA,other_non_err_detection,NA,NA,NA,NA,No,2,3
Group_3,0cebf80ae0e778f47efd8e65b22365fb50a487db98a8e0985c8a831df8d4012b,4,trivia_accent_strength,NA,Questionnaire,NA,other_non_err_detection,NA,NA,NA,NA,No,3,3
Group_3,0cebf80ae0e778f47efd8e65b22365fb50a487db98a8e0985c8a831df8d4012b,4,transcription_accent_strength,NA,Questionnaire,NA,other_non_err_detection,NA,NA,NA,NA,No,4,3
Group_3,0cebf80ae0e778f47efd8e65b22365fb50a487db98a8e0985c8a831df8d4012b,Yes,speaker_identity_check,NA,Questionnaire,NA,other_non_err_detection,NA,NA,NA,NA,No,5,3
Group_3,0cebf80ae0e778f47efd8e65b22365fb50a487db98a8e0985c8a831df8d4012b,['English'],native_language,NA,Questionnaire,NA,other_non_err_detection,NA,NA,NA,NA,No,6,3
Group_3,0cebf80ae0e778f47efd8e65b22365fb50a487db98a8e0985c8a831df8d4012b,No,household_accent,NA,Questionnaire,NA,other_non_err_detection,NA,NA,NA,NA,No,7,3
Group_3,0cebf80ae0e778f47efd8e65b22365fb50a487db98a8e0985c8a831df8d4012b,No,current_accent,NA,Questionnaire,NA,other_non_err_detection,NA,NA,NA,NA,No,8,3
Group_3,0cebf80ae0e778f47efd8e65b22365fb50a487db98a8e0985c8a831df8d4012b,2,exposure_spanish_accent,NA,Questionnaire,NA,other_non_err_detection,NA,NA,NA,NA,No,9,3
Group_3,0cebf80ae0e778f47efd8e65b22365fb50a487db98a8e0985c8a831df8d4012b,2,exposure_spanish,NA,Questionnaire,NA,other_non_err_detection,NA,NA,NA,NA,No,10,3
Group_3,0cebf80ae0e778f47efd8e65b22365fb50a487db98a8e0985c8a831df8d4012b,Yes,same_state_5_year,NA,Questionnaire,NA,other_non_err_detection,NA,NA,NA,NA,No,11,3
Group_3,0cebf80ae0e778f47efd8e65b22365fb50a487db98a8e0985c8a831df8d4012b,This doesn't apply to me becuase I answered 'No' previously,same_state_5_year_yes,NA,Questionnaire,NA,other_non_err_detection,NA,NA,NA,NA,No,12,3
Group_3,0cebf80ae0e778f47efd8e65b22365fb50a487db98a8e0985c8a831df8d4012b,NA,questionnaire_part3_begin,NA,Questionnaire,NA,other_non_err_detection,NA,NA,NA,NA,No,13,3
Group_3,0cebf80ae0e778f47efd8e65b22365fb50a487db98a8e0985c8a831df8d4012b,Male,gender,NA,Questionnaire,NA,other_non_err_detection,NA,NA,NA,NA,No,14,3
Group_3,0cebf80ae0e778f47efd8e65b22365fb50a487db98a8e0985c8a831df8d4012b,['White'],race/ethnicity,NA,Questionnaire,NA,other_non_err_detection,NA,NA,NA,NA,No,15,3
Group_3,0cebf80ae0e778f47efd8e65b22365fb50a487db98a8e0985c8a831df8d4012b,Master’s degree,highest_level_edu,NA,Questionnaire,NA,other_non_err_detection,NA,NA,NA,NA,No,16,3
Group_3,0cebf80ae0e778f47efd8e65b22365fb50a487db98a8e0985c8a831df8d4012b,No,learnDis,NA,Questionnaire,NA,other_non_err_detection,NA,NA,NA,NA,No,17,3
Group_3,0cebf80ae0e778f47efd8e65b22365fb50a487db98a8e0985c8a831df8d4012b,No,attention,NA,Questionnaire,NA,other_non_err_detection,NA,NA,NA,NA,No,18,3
Group_3,0cebf80ae0e778f47efd8e65b22365fb50a487db98a8e0985c8a831df8d4012b,No,headInjury,NA,Questionnaire,NA,other_non_err_detection,NA,NA,NA,NA,No,19,3
Group_3,0cebf80ae0e778f47efd8e65b22365fb50a487db98a8e0985c8a831df8d4012b,No,neuroImpair,NA,Questionnaire,NA,other_non_err_detection,NA,NA,NA,NA,No,20,3
Group_3,0cebf80ae0e778f47efd8e65b22365fb50a487db98a8e0985c8a831df8d4012b,asian,trivia_accent_identification,NA,Questionnaire,NA,other_non_err_detection,NA,NA,NA,NA,No,21,3
Group_3,0cebf80ae0e778f47efd8e65b22365fb50a487db98a8e0985c8a831df8d4012b,asian,transcription_accent_identification,NA,Questionnaire,NA,other_non_err_detection,NA,NA,NA,NA,No,22,3
Group_3,0cebf80ae0e778f47efd8e65b22365fb50a487db98a8e0985c8a831df8d4012b,audio clips frequently started in the middle of words making it hard to determine if that word was intended to be evaluated or not,task_experience,NA,Questionnaire,NA,other_non_err_detection,NA,NA,NA,NA,No,23,3
Group_3,0cebf80ae0e778f47efd8e65b22365fb50a487db98a8e0985c8a831df8d4012b,"mom, english. wife, english. friend, english.",most_frequent_accent,NA,Questionnaire,NA,other_non_err_detection,NA,NA,NA,NA,No,24,3
Group_3,0cebf80ae0e778f47efd8e65b22365fb50a487db98a8e0985c8a831df8d4012b,none,additional_language_experience,NA,Questionnaire,NA,other_non_err_detection,NA,NA,NA,NA,No,25,3
Group_3,0cebf80ae0e778f47efd8e65b22365fb50a487db98a8e0985c8a831df8d4012b,texas,origin_state,NA,Questionnaire,NA,other_non_err_detection,NA,NA,NA,NA,No,26,3
Group_3,0cebf80ae0e778f47efd8e65b22365fb50a487db98a8e0985c8a831df8d4012b,75180,origin_zipcode,NA,Questionnaire,NA,other_non_err_detection,NA,NA,NA,NA,No,27,3
Group_3,0cebf80ae0e778f47efd8e65b22365fb50a487db98a8e0985c8a831df8d4012b,texas,current_state,NA,Questionnaire,NA,other_non_err_detection,NA,NA,NA,NA,No,28,3
Group_3,0cebf80ae0e778f47efd8e65b22365fb50a487db98a8e0985c8a831df8d4012b,78132,current_zipcode,NA,Questionnaire,NA,other_non_err_detection,NA,NA,NA,NA,No,29,3
Group_3,0cebf80ae0e778f47efd8e65b22365fb50a487db98a8e0985c8a831df8d4012b,na,same_state_5_year_no,NA,Questionnaire,NA,other_non_err_detection,NA,NA,NA,NA,No,30,3
Group_3,0cebf80ae0e778f47efd8e65b22365fb50a487db98a8e0985c8a831df8d4012b,43,age,NA,Questionnaire,NA,other_non_err_detection,NA,NA,NA,NA,No,31,3
Group_3,0cebf80ae0e778f47efd8e65b22365fb50a487db98a8e0985c8a831df8d4012b,na,diseaseDetail,NA,Questionnaire,NA,other_non_err_detection,NA,NA,NA,NA,No,32,3
Group_3,0cebf80ae0e778f47efd8e65b22365fb50a487db98a8e0985c8a831df8d4012b,let us replay the audio,suggestions_improvement,NA,Questionnaire,NA,other_non_err_detection,NA,NA,NA,NA,No,33,3
Group_3,0cebf80ae0e778f47efd8e65b22365fb50a487db98a8e0985c8a831df8d4012b,no,technical_issues,NA,Questionnaire,NA,other_non_err_detection,NA,NA,NA,NA,No,34,3
Group_3,0da8fe4902237d224b17c5f0ad7586472161ddc315062133a0f57d3666d9661d,5,instruction_clarity,NA,Questionnaire,NA,other_non_err_detection,NA,NA,NA,NA,No,1,4
Group_3,0da8fe4902237d224b17c5f0ad7586472161ddc315062133a0f57d3666d9661d,3,error_detection_difficulty,NA,Questionnaire,NA,other_non_err_detection,NA,NA,NA,NA,No,2,4
Group_3,0da8fe4902237d224b17c5f0ad7586472161ddc315062133a0f57d3666d9661d,3,trivia_accent_strength,NA,Questionnaire,NA,other_non_err_detection,NA,NA,NA,NA,No,3,4
Group_3,0da8fe4902237d224b17c5f0ad7586472161ddc315062133a0f57d3666d9661d,3,transcription_accent_strength,NA,Questionnaire,NA,other_non_err_detection,NA,NA,NA,NA,No,4,4
Group_3,0da8fe4902237d224b17c5f0ad7586472161ddc315062133a0f57d3666d9661d,Yes,speaker_identity_check,NA,Questionnaire,NA,other_non_err_detection,NA,NA,NA,NA,No,5,4
Group_3,0da8fe4902237d224b17c5f0ad7586472161ddc315062133a0f57d3666d9661d,['English'],native_language,NA,Questionnaire,NA,other_non_err_detection,NA,NA,NA,NA,No,6,4
Group_3,0da8fe4902237d224b17c5f0ad7586472161ddc315062133a0f57d3666d9661d,No,household_accent,NA,Questionnaire,NA,other_non_err_detection,NA,NA,NA,NA,No,7,4
Group_3,0da8fe4902237d224b17c5f0ad7586472161ddc315062133a0f57d3666d9661d,No,current_accent,NA,Questionnaire,NA,other_non_err_detection,NA,NA,NA,NA,No,8,4
Group_3,0da8fe4902237d224b17c5f0ad7586472161ddc315062133a0f57d3666d9661d,1,exposure_spanish_accent,NA,Questionnaire,NA,other_non_err_detection,NA,NA,NA,NA,No,9,4
Group_3,0da8fe4902237d224b17c5f0ad7586472161ddc315062133a0f57d3666d9661d,1,exposure_spanish,NA,Questionnaire,NA,other_non_err_detection,NA,NA,NA,NA,No,10,4
Group_3,0da8fe4902237d224b17c5f0ad7586472161ddc315062133a0f57d3666d9661d,Yes,same_state_5_year,NA,Questionnaire,NA,other_non_err_detection,NA,NA,NA,NA,No,11,4
Group_3,0da8fe4902237d224b17c5f0ad7586472161ddc315062133a0f57d3666d9661d,Yes,same_state_5_year_yes,NA,Questionnaire,NA,other_non_err_detection,NA,NA,NA,NA,No,12,4
Group_3,0da8fe4902237d224b17c5f0ad7586472161ddc315062133a0f57d3666d9661d,NA,questionnaire_part3_begin,NA,Questionnaire,NA,other_non_err_detection,NA,NA,NA,NA,No,13,4
Group_3,0da8fe4902237d224b17c5f0ad7586472161ddc315062133a0f57d3666d9661d,Male,gender,NA,Questionnaire,NA,other_non_err_detection,NA,NA,NA,NA,No,14,4
Group_3,0da8fe4902237d224b17c5f0ad7586472161ddc315062133a0f57d3666d9661d,['White'],race/ethnicity,NA,Questionnaire,NA,other_non_err_detection,NA,NA,NA,NA,No,15,4
Group_3,0da8fe4902237d224b17c5f0ad7586472161ddc315062133a0f57d3666d9661d,2- or 4-year college degree,highest_level_edu,NA,Questionnaire,NA,other_non_err_detection,NA,NA,NA,NA,No,16,4
Group_3,0da8fe4902237d224b17c5f0ad7586472161ddc315062133a0f57d3666d9661d,No,learnDis,NA,Questionnaire,NA,other_non_err_detection,NA,NA,NA,NA,No,17,4
Group_3,0da8fe4902237d224b17c5f0ad7586472161ddc315062133a0f57d3666d9661d,No,attention,NA,Questionnaire,NA,other_non_err_detection,NA,NA,NA,NA,No,18,4
Group_3,0da8fe4902237d224b17c5f0ad7586472161ddc315062133a0f57d3666d9661d,No,headInjury,NA,Questionnaire,NA,other_non_err_detection,NA,NA,NA,NA,No,19,4
Group_3,0da8fe4902237d224b17c5f0ad7586472161ddc315062133a0f57d3666d9661d,No,neuroImpair,NA,Questionnaire,NA,other_non_err_detection,NA,NA,NA,NA,No,20,4
Group_3,0da8fe4902237d224b17c5f0ad7586472161ddc315062133a0f57d3666d9661d,Spanish,trivia_accent_identification,NA,Questionnaire,NA,other_non_err_detection,NA,NA,NA,NA,No,21,4
Group_3,0da8fe4902237d224b17c5f0ad7586472161ddc315062133a0f57d3666d9661d,Spanish,transcription_accent_identification,NA,Questionnaire,NA,other_non_err_detection,NA,NA,NA,NA,No,22,4
Group_3,0da8fe4902237d224b17c5f0ad7586472161ddc315062133a0f57d3666d9661d,It was more difficult to understand the speaker in the transcription task.,task_experience,NA,Questionnaire,NA,other_non_err_detection,NA,NA,NA,NA,No,23,4
Group_3,0da8fe4902237d224b17c5f0ad7586472161ddc315062133a0f57d3666d9661d,my wife: American; my son: American; my daughter: American,most_frequent_accent,NA,Questionnaire,NA,other_non_err_detection,NA,NA,NA,NA,No,24,4
Group_3,0da8fe4902237d224b17c5f0ad7586472161ddc315062133a0f57d3666d9661d,I lived in California for over 22 years.  I heard Spanish; Spanish-accented English and I studied Spanish in high school.,additional_language_experience,NA,Questionnaire,NA,other_non_err_detection,NA,NA,NA,NA,No,25,4
Group_3,0da8fe4902237d224b17c5f0ad7586472161ddc315062133a0f57d3666d9661d,California,origin_state,NA,Questionnaire,NA,other_non_err_detection,NA,NA,NA,NA,No,26,4
Group_3,0da8fe4902237d224b17c5f0ad7586472161ddc315062133a0f57d3666d9661d,95963,origin_zipcode,NA,Questionnaire,NA,other_non_err_detection,NA,NA,NA,NA,No,27,4
Group_3,0da8fe4902237d224b17c5f0ad7586472161ddc315062133a0f57d3666d9661d,Texas,current_state,NA,Questionnaire,NA,other_non_err_detection,NA,NA,NA,NA,No,28,4
Group_3,0da8fe4902237d224b17c5f0ad7586472161ddc315062133a0f57d3666d9661d,75559,current_zipcode,NA,Questionnaire,NA,other_non_err_detection,NA,NA,NA,NA,No,29,4
Group_3,0da8fe4902237d224b17c5f0ad7586472161ddc315062133a0f57d3666d9661d,NA,same_state_5_year_no,NA,Questionnaire,NA,other_non_err_detection,NA,NA,NA,NA,No,30,4
Group_3,0da8fe4902237d224b17c5f0ad7586472161ddc315062133a0f57d3666d9661d,42,age,NA,Questionnaire,NA,other_non_err_detection,NA,NA,NA,NA,No,31,4
Group_3,0da8fe4902237d224b17c5f0ad7586472161ddc315062133a0f57d3666d9661d,NA,diseaseDetail,NA,Questionnaire,NA,other_non_err_detection,NA,NA,NA,NA,No,32,4
Group_3,0da8fe4902237d224b17c5f0ad7586472161ddc315062133a0f57d3666d9661d,Make the voice easier to understand in the transcription task.,suggestions_improvement,NA,Questionnaire,NA,other_non_err_detection,NA,NA,NA,NA,No,33,4
Group_3,0da8fe4902237d224b17c5f0ad7586472161ddc315062133a0f57d3666d9661d,NA,technical_issues,NA,Questionnaire,NA,other_non_err_detection,NA,NA,NA,NA,No,34,4
Group_2,160c3f8234e4ce92ace3ff33d5d6f3d268f95c2410afe2d5ed815984b664aeed,4,instruction_clarity,NA,Questionnaire,NA,other_non_err_detection,NA,NA,NA,NA,No,1,5
Group_2,160c3f8234e4ce92ace3ff33d5d6f3d268f95c2410afe2d5ed815984b664aeed,4,error_detection_difficulty,NA,Questionnaire,NA,other_non_err_detection,NA,NA,NA,NA,No,2,5
Group_2,160c3f8234e4ce92ace3ff33d5d6f3d268f95c2410afe2d5ed815984b664aeed,4,trivia_accent_strength,NA,Questionnaire,NA,other_non_err_detection,NA,NA,NA,NA,No,3,5
Group_2,160c3f8234e4ce92ace3ff33d5d6f3d268f95c2410afe2d5ed815984b664aeed,4,transcription_accent_strength,NA,Questionnaire,NA,other_non_err_detection,NA,NA,NA,NA,No,4,5
Group_2,160c3f8234e4ce92ace3ff33d5d6f3d268f95c2410afe2d5ed815984b664aeed,Yes,speaker_identity_check,NA,Questionnaire,NA,other_non_err_detection,NA,NA,NA,NA,No,5,5
Group_2,160c3f8234e4ce92ace3ff33d5d6f3d268f95c2410afe2d5ed815984b664aeed,['English'],native_language,NA,Questionnaire,NA,other_non_err_detection,NA,NA,NA,NA,No,6,5
Group_2,160c3f8234e4ce92ace3ff33d5d6f3d268f95c2410afe2d5ed815984b664aeed,"Yes, they spoke English with a foreign accent other than the Spanish accent",household_accent,NA,Questionnaire,NA,other_non_err_detection,NA,NA,NA,NA,No,7,5
Group_2,160c3f8234e4ce92ace3ff33d5d6f3d268f95c2410afe2d5ed815984b664aeed,No,current_accent,NA,Questionnaire,NA,other_non_err_detection,NA,NA,NA,NA,No,8,5
Group_2,160c3f8234e4ce92ace3ff33d5d6f3d268f95c2410afe2d5ed815984b664aeed,2,exposure_spanish_accent,NA,Questionnaire,NA,other_non_err_detection,NA,NA,NA,NA,No,9,5
Group_2,160c3f8234e4ce92ace3ff33d5d6f3d268f95c2410afe2d5ed815984b664aeed,2,exposure_spanish,NA,Questionnaire,NA,other_non_err_detection,NA,NA,NA,NA,No,10,5
Group_2,160c3f8234e4ce92ace3ff33d5d6f3d268f95c2410afe2d5ed815984b664aeed,Yes,same_state_5_year,NA,Questionnaire,NA,other_non_err_detection,NA,NA,NA,NA,No,11,5
Group_2,160c3f8234e4ce92ace3ff33d5d6f3d268f95c2410afe2d5ed815984b664aeed,No,same_state_5_year_yes,NA,Questionnaire,NA,other_non_err_detection,NA,NA,NA,NA,No,12,5
Group_2,160c3f8234e4ce92ace3ff33d5d6f3d268f95c2410afe2d5ed815984b664aeed,NA,questionnaire_part3_begin,NA,Questionnaire,NA,other_non_err_detection,NA,NA,NA,NA,No,13,5
Group_2,160c3f8234e4ce92ace3ff33d5d6f3d268f95c2410afe2d5ed815984b664aeed,Male,gender,NA,Questionnaire,NA,other_non_err_detection,NA,NA,NA,NA,No,14,5
Group_2,160c3f8234e4ce92ace3ff33d5d6f3d268f95c2410afe2d5ed815984b664aeed,['White'],race/ethnicity,NA,Questionnaire,NA,other_non_err_detection,NA,NA,NA,NA,No,15,5
Group_2,160c3f8234e4ce92ace3ff33d5d6f3d268f95c2410afe2d5ed815984b664aeed,High school,highest_level_edu,NA,Questionnaire,NA,other_non_err_detection,NA,NA,NA,NA,No,16,5
Group_2,160c3f8234e4ce92ace3ff33d5d6f3d268f95c2410afe2d5ed815984b664aeed,No,learnDis,NA,Questionnaire,NA,other_non_err_detection,NA,NA,NA,NA,No,17,5
Group_2,160c3f8234e4ce92ace3ff33d5d6f3d268f95c2410afe2d5ed815984b664aeed,No,attention,NA,Questionnaire,NA,other_non_err_detection,NA,NA,NA,NA,No,18,5
Group_2,160c3f8234e4ce92ace3ff33d5d6f3d268f95c2410afe2d5ed815984b664aeed,No,headInjury,NA,Questionnaire,NA,other_non_err_detection,NA,NA,NA,NA,No,19,5
Group_2,160c3f8234e4ce92ace3ff33d5d6f3d268f95c2410afe2d5ed815984b664aeed,No,neuroImpair,NA,Questionnaire,NA,other_non_err_detection,NA,NA,NA,NA,No,20,5
Group_2,160c3f8234e4ce92ace3ff33d5d6f3d268f95c2410afe2d5ed815984b664aeed,Indian,trivia_accent_identification,NA,Questionnaire,NA,other_non_err_detection,NA,NA,NA,NA,No,21,5
Group_2,160c3f8234e4ce92ace3ff33d5d6f3d268f95c2410afe2d5ed815984b664aeed,Indian,transcription_accent_identification,NA,Questionnaire,NA,other_non_err_detection,NA,NA,NA,NA,No,22,5
Group_2,160c3f8234e4ce92ace3ff33d5d6f3d268f95c2410afe2d5ed815984b664aeed,Trying to make out alot of the womans voice was somewhat difficult.,task_experience,NA,Questionnaire,NA,other_non_err_detection,NA,NA,NA,NA,No,23,5
Group_2,160c3f8234e4ce92ace3ff33d5d6f3d268f95c2410afe2d5ed815984b664aeed,Appalachian English,most_frequent_accent,NA,Questionnaire,NA,other_non_err_detection,NA,NA,NA,NA,No,24,5
Group_2,160c3f8234e4ce92ace3ff33d5d6f3d268f95c2410afe2d5ed815984b664aeed,Working in the public. Like the grocery store I worked in. I feel as if knowing spanish would help.,additional_language_experience,NA,Questionnaire,NA,other_non_err_detection,NA,NA,NA,NA,No,25,5
Group_2,160c3f8234e4ce92ace3ff33d5d6f3d268f95c2410afe2d5ed815984b664aeed,New Hampshire,origin_state,NA,Questionnaire,NA,other_non_err_detection,NA,NA,NA,NA,No,26,5
Group_2,160c3f8234e4ce92ace3ff33d5d6f3d268f95c2410afe2d5ed815984b664aeed,Boston New Hampshire,origin_zipcode,NA,Questionnaire,NA,other_non_err_detection,NA,NA,NA,NA,No,27,5
Group_2,160c3f8234e4ce92ace3ff33d5d6f3d268f95c2410afe2d5ed815984b664aeed,North Carolina,current_state,NA,Questionnaire,NA,other_non_err_detection,NA,NA,NA,NA,No,28,5
Group_2,160c3f8234e4ce92ace3ff33d5d6f3d268f95c2410afe2d5ed815984b664aeed,28743,current_zipcode,NA,Questionnaire,NA,other_non_err_detection,NA,NA,NA,NA,No,29,5
Group_2,160c3f8234e4ce92ace3ff33d5d6f3d268f95c2410afe2d5ed815984b664aeed,na,same_state_5_year_no,NA,Questionnaire,NA,other_non_err_detection,NA,NA,NA,NA,No,30,5
Group_2,160c3f8234e4ce92ace3ff33d5d6f3d268f95c2410afe2d5ed815984b664aeed,25,age,NA,Questionnaire,NA,other_non_err_detection,NA,NA,NA,NA,No,31,5
Group_2,160c3f8234e4ce92ace3ff33d5d6f3d268f95c2410afe2d5ed815984b664aeed,NA,diseaseDetail,NA,Questionnaire,NA,other_non_err_detection,NA,NA,NA,NA,No,32,5
Group_2,160c3f8234e4ce92ace3ff33d5d6f3d268f95c2410afe2d5ed815984b664aeed,Make this study compatible with Smartphones,suggestions_improvement,NA,Questionnaire,NA,other_non_err_detection,NA,NA,NA,NA,No,33,5
Group_2,160c3f8234e4ce92ace3ff33d5d6f3d268f95c2410afe2d5ed815984b664aeed,Nope,technical_issues,NA,Questionnaire,NA,other_non_err_detection,NA,NA,NA,NA,No,34,5
Group_1,189cf01c0e29fdfcac6a14f04394e397e95354358ee4aaf6c9be967b72f4cebc,5,instruction_clarity,NA,Questionnaire,NA,other_non_err_detection,NA,NA,NA,NA,No,1,6
Group_1,189cf01c0e29fdfcac6a14f04394e397e95354358ee4aaf6c9be967b72f4cebc,4,error_detection_difficulty,NA,Questionnaire,NA,other_non_err_detection,NA,NA,NA,NA,No,2,6
Group_1,189cf01c0e29fdfcac6a14f04394e397e95354358ee4aaf6c9be967b72f4cebc,4,trivia_accent_strength,NA,Questionnaire,NA,other_non_err_detection,NA,NA,NA,NA,No,3,6
Group_1,189cf01c0e29fdfcac6a14f04394e397e95354358ee4aaf6c9be967b72f4cebc,3,transcription_accent_strength,NA,Questionnaire,NA,other_non_err_detection,NA,NA,NA,NA,No,4,6
Group_1,189cf01c0e29fdfcac6a14f04394e397e95354358ee4aaf6c9be967b72f4cebc,No,speaker_identity_check,NA,Questionnaire,NA,other_non_err_detection,NA,NA,NA,NA,No,5,6
Group_1,189cf01c0e29fdfcac6a14f04394e397e95354358ee4aaf6c9be967b72f4cebc,['English'],native_language,NA,Questionnaire,NA,other_non_err_detection,NA,NA,NA,NA,No,6,6
Group_1,189cf01c0e29fdfcac6a14f04394e397e95354358ee4aaf6c9be967b72f4cebc,No,household_accent,NA,Questionnaire,NA,other_non_err_detection,NA,NA,NA,NA,No,7,6
Group_1,189cf01c0e29fdfcac6a14f04394e397e95354358ee4aaf6c9be967b72f4cebc,No,current_accent,NA,Questionnaire,NA,other_non_err_detection,NA,NA,NA,NA,No,8,6
Group_1,189cf01c0e29fdfcac6a14f04394e397e95354358ee4aaf6c9be967b72f4cebc,2,exposure_spanish_accent,NA,Questionnaire,NA,other_non_err_detection,NA,NA,NA,NA,No,9,6
Group_1,189cf01c0e29fdfcac6a14f04394e397e95354358ee4aaf6c9be967b72f4cebc,2,exposure_spanish,NA,Questionnaire,NA,other_non_err_detection,NA,NA,NA,NA,No,10,6
Group_1,189cf01c0e29fdfcac6a14f04394e397e95354358ee4aaf6c9be967b72f4cebc,No,same_state_5_year,NA,Questionnaire,NA,other_non_err_detection,NA,NA,NA,NA,No,11,6
Group_1,189cf01c0e29fdfcac6a14f04394e397e95354358ee4aaf6c9be967b72f4cebc,No,same_state_5_year_yes,NA,Questionnaire,NA,other_non_err_detection,NA,NA,NA,NA,No,12,6
Group_1,189cf01c0e29fdfcac6a14f04394e397e95354358ee4aaf6c9be967b72f4cebc,NA,questionnaire_part3_begin,NA,Questionnaire,NA,other_non_err_detection,NA,NA,NA,NA,No,13,6
Group_1,189cf01c0e29fdfcac6a14f04394e397e95354358ee4aaf6c9be967b72f4cebc,Female,gender,NA,Questionnaire,NA,other_non_err_detection,NA,NA,NA,NA,No,14,6
Group_1,189cf01c0e29fdfcac6a14f04394e397e95354358ee4aaf6c9be967b72f4cebc,['White'],race/ethnicity,NA,Questionnaire,NA,other_non_err_detection,NA,NA,NA,NA,No,15,6
Group_1,189cf01c0e29fdfcac6a14f04394e397e95354358ee4aaf6c9be967b72f4cebc,2- or 4-year college degree,highest_level_edu,NA,Questionnaire,NA,other_non_err_detection,NA,NA,NA,NA,No,16,6
Group_1,189cf01c0e29fdfcac6a14f04394e397e95354358ee4aaf6c9be967b72f4cebc,No,learnDis,NA,Questionnaire,NA,other_non_err_detection,NA,NA,NA,NA,No,17,6
Group_1,189cf01c0e29fdfcac6a14f04394e397e95354358ee4aaf6c9be967b72f4cebc,No,attention,NA,Questionnaire,NA,other_non_err_detection,NA,NA,NA,NA,No,18,6
Group_1,189cf01c0e29fdfcac6a14f04394e397e95354358ee4aaf6c9be967b72f4cebc,No,headInjury,NA,Questionnaire,NA,other_non_err_detection,NA,NA,NA,NA,No,19,6
Group_1,189cf01c0e29fdfcac6a14f04394e397e95354358ee4aaf6c9be967b72f4cebc,No,neuroImpair,NA,Questionnaire,NA,other_non_err_detection,NA,NA,NA,NA,No,20,6
Group_1,189cf01c0e29fdfcac6a14f04394e397e95354358ee4aaf6c9be967b72f4cebc,It was an Asian dialect- I'm not sure which one,trivia_accent_identification,NA,Questionnaire,NA,other_non_err_detection,NA,NA,NA,NA,No,21,6
Group_1,189cf01c0e29fdfcac6a14f04394e397e95354358ee4aaf6c9be967b72f4cebc,It was an Asian dialect- I'm not sure which one,transcription_accent_identification,NA,Questionnaire,NA,other_non_err_detection,NA,NA,NA,NA,No,22,6
Group_1,189cf01c0e29fdfcac6a14f04394e397e95354358ee4aaf6c9be967b72f4cebc,No,task_experience,NA,Questionnaire,NA,other_non_err_detection,NA,NA,NA,NA,No,23,6
Group_1,189cf01c0e29fdfcac6a14f04394e397e95354358ee4aaf6c9be967b72f4cebc,All have American accents,most_frequent_accent,NA,Questionnaire,NA,other_non_err_detection,NA,NA,NA,NA,No,24,6
Group_1,189cf01c0e29fdfcac6a14f04394e397e95354358ee4aaf6c9be967b72f4cebc,I took 6 years of Spanish in middle/high school,additional_language_experience,NA,Questionnaire,NA,other_non_err_detection,NA,NA,NA,NA,No,25,6
Group_1,189cf01c0e29fdfcac6a14f04394e397e95354358ee4aaf6c9be967b72f4cebc,Maryland,origin_state,NA,Questionnaire,NA,other_non_err_detection,NA,NA,NA,NA,No,26,6
Group_1,189cf01c0e29fdfcac6a14f04394e397e95354358ee4aaf6c9be967b72f4cebc,"Columbia, MD",origin_zipcode,NA,Questionnaire,NA,other_non_err_detection,NA,NA,NA,NA,No,27,6
Group_1,189cf01c0e29fdfcac6a14f04394e397e95354358ee4aaf6c9be967b72f4cebc,New York,current_state,NA,Questionnaire,NA,other_non_err_detection,NA,NA,NA,NA,No,28,6
Group_1,189cf01c0e29fdfcac6a14f04394e397e95354358ee4aaf6c9be967b72f4cebc,10039,current_zipcode,NA,Questionnaire,NA,other_non_err_detection,NA,NA,NA,NA,No,29,6
Group_1,189cf01c0e29fdfcac6a14f04394e397e95354358ee4aaf6c9be967b72f4cebc,Maryland,same_state_5_year_no,NA,Questionnaire,NA,other_non_err_detection,NA,NA,NA,NA,No,30,6
Group_1,189cf01c0e29fdfcac6a14f04394e397e95354358ee4aaf6c9be967b72f4cebc,25,age,NA,Questionnaire,NA,other_non_err_detection,NA,NA,NA,NA,No,31,6
Group_1,189cf01c0e29fdfcac6a14f04394e397e95354358ee4aaf6c9be967b72f4cebc,NA,diseaseDetail,NA,Questionnaire,NA,other_non_err_detection,NA,NA,NA,NA,No,32,6
Group_1,189cf01c0e29fdfcac6a14f04394e397e95354358ee4aaf6c9be967b72f4cebc,I would have liked a progress bar during the first task,suggestions_improvement,NA,Questionnaire,NA,other_non_err_detection,NA,NA,NA,NA,No,33,6
Group_1,189cf01c0e29fdfcac6a14f04394e397e95354358ee4aaf6c9be967b72f4cebc,No,technical_issues,NA,Questionnaire,NA,other_non_err_detection,NA,NA,NA,NA,No,34,6
Group_3,18a4bfae17cab24544ae347e9d8cbdb95bb95d496d218b424bccc3c2ad1e09c7,4,instruction_clarity,NA,Questionnaire,NA,other_non_err_detection,NA,NA,NA,NA,No,1,7
Group_3,18a4bfae17cab24544ae347e9d8cbdb95bb95d496d218b424bccc3c2ad1e09c7,4,error_detection_difficulty,NA,Questionnaire,NA,other_non_err_detection,NA,NA,NA,NA,No,2,7
Group_3,18a4bfae17cab24544ae347e9d8cbdb95bb95d496d218b424bccc3c2ad1e09c7,4,trivia_accent_strength,NA,Questionnaire,NA,other_non_err_detection,NA,NA,NA,NA,No,3,7
Group_3,18a4bfae17cab24544ae347e9d8cbdb95bb95d496d218b424bccc3c2ad1e09c7,4,transcription_accent_strength,NA,Questionnaire,NA,other_non_err_detection,NA,NA,NA,NA,No,4,7
Group_3,18a4bfae17cab24544ae347e9d8cbdb95bb95d496d218b424bccc3c2ad1e09c7,Yes,speaker_identity_check,NA,Questionnaire,NA,other_non_err_detection,NA,NA,NA,NA,No,5,7
Group_3,18a4bfae17cab24544ae347e9d8cbdb95bb95d496d218b424bccc3c2ad1e09c7,['English'],native_language,NA,Questionnaire,NA,other_non_err_detection,NA,NA,NA,NA,No,6,7
Group_3,18a4bfae17cab24544ae347e9d8cbdb95bb95d496d218b424bccc3c2ad1e09c7,No,household_accent,NA,Questionnaire,NA,other_non_err_detection,NA,NA,NA,NA,No,7,7
Group_3,18a4bfae17cab24544ae347e9d8cbdb95bb95d496d218b424bccc3c2ad1e09c7,No,current_accent,NA,Questionnaire,NA,other_non_err_detection,NA,NA,NA,NA,No,8,7
Group_3,18a4bfae17cab24544ae347e9d8cbdb95bb95d496d218b424bccc3c2ad1e09c7,2,exposure_spanish_accent,NA,Questionnaire,NA,other_non_err_detection,NA,NA,NA,NA,No,9,7
Group_3,18a4bfae17cab24544ae347e9d8cbdb95bb95d496d218b424bccc3c2ad1e09c7,2,exposure_spanish,NA,Questionnaire,NA,other_non_err_detection,NA,NA,NA,NA,No,10,7
Group_3,18a4bfae17cab24544ae347e9d8cbdb95bb95d496d218b424bccc3c2ad1e09c7,Yes,same_state_5_year,NA,Questionnaire,NA,other_non_err_detection,NA,NA,NA,NA,No,11,7
Group_3,18a4bfae17cab24544ae347e9d8cbdb95bb95d496d218b424bccc3c2ad1e09c7,Yes,same_state_5_year_yes,NA,Questionnaire,NA,other_non_err_detection,NA,NA,NA,NA,No,12,7
Group_3,18a4bfae17cab24544ae347e9d8cbdb95bb95d496d218b424bccc3c2ad1e09c7,NA,questionnaire_part3_begin,NA,Questionnaire,NA,other_non_err_detection,NA,NA,NA,NA,No,13,7
Group_3,18a4bfae17cab24544ae347e9d8cbdb95bb95d496d218b424bccc3c2ad1e09c7,Female,gender,NA,Questionnaire,NA,other_non_err_detection,NA,NA,NA,NA,No,14,7
Group_3,18a4bfae17cab24544ae347e9d8cbdb95bb95d496d218b424bccc3c2ad1e09c7,['Black or African American'],race/ethnicity,NA,Questionnaire,NA,other_non_err_detection,NA,NA,NA,NA,No,15,7
Group_3,18a4bfae17cab24544ae347e9d8cbdb95bb95d496d218b424bccc3c2ad1e09c7,Some college,highest_level_edu,NA,Questionnaire,NA,other_non_err_detection,NA,NA,NA,NA,No,16,7
Group_3,18a4bfae17cab24544ae347e9d8cbdb95bb95d496d218b424bccc3c2ad1e09c7,No,learnDis,NA,Questionnaire,NA,other_non_err_detection,NA,NA,NA,NA,No,17,7
Group_3,18a4bfae17cab24544ae347e9d8cbdb95bb95d496d218b424bccc3c2ad1e09c7,No,attention,NA,Questionnaire,NA,other_non_err_detection,NA,NA,NA,NA,No,18,7
Group_3,18a4bfae17cab24544ae347e9d8cbdb95bb95d496d218b424bccc3c2ad1e09c7,No,headInjury,NA,Questionnaire,NA,other_non_err_detection,NA,NA,NA,NA,No,19,7
Group_3,18a4bfae17cab24544ae347e9d8cbdb95bb95d496d218b424bccc3c2ad1e09c7,No,neuroImpair,NA,Questionnaire,NA,other_non_err_detection,NA,NA,NA,NA,No,20,7
Group_3,18a4bfae17cab24544ae347e9d8cbdb95bb95d496d218b424bccc3c2ad1e09c7,unsure,trivia_accent_identification,NA,Questionnaire,NA,other_non_err_detection,NA,NA,NA,NA,No,21,7
Group_3,18a4bfae17cab24544ae347e9d8cbdb95bb95d496d218b424bccc3c2ad1e09c7,unsure,transcription_accent_identification,NA,Questionnaire,NA,other_non_err_detection,NA,NA,NA,NA,No,22,7
Group_3,18a4bfae17cab24544ae347e9d8cbdb95bb95d496d218b424bccc3c2ad1e09c7,no,task_experience,NA,Questionnaire,NA,other_non_err_detection,NA,NA,NA,NA,No,23,7
Group_3,18a4bfae17cab24544ae347e9d8cbdb95bb95d496d218b424bccc3c2ad1e09c7,no one,most_frequent_accent,NA,Questionnaire,NA,other_non_err_detection,NA,NA,NA,NA,No,24,7
Group_3,18a4bfae17cab24544ae347e9d8cbdb95bb95d496d218b424bccc3c2ad1e09c7,lot of spanish speaking people in my neighborhood,additional_language_experience,NA,Questionnaire,NA,other_non_err_detection,NA,NA,NA,NA,No,25,7
Group_3,18a4bfae17cab24544ae347e9d8cbdb95bb95d496d218b424bccc3c2ad1e09c7,Virginia,origin_state,NA,Questionnaire,NA,other_non_err_detection,NA,NA,NA,NA,No,26,7
Group_3,18a4bfae17cab24544ae347e9d8cbdb95bb95d496d218b424bccc3c2ad1e09c7,23608,origin_zipcode,NA,Questionnaire,NA,other_non_err_detection,NA,NA,NA,NA,No,27,7
Group_3,18a4bfae17cab24544ae347e9d8cbdb95bb95d496d218b424bccc3c2ad1e09c7,virginia,current_state,NA,Questionnaire,NA,other_non_err_detection,NA,NA,NA,NA,No,28,7
Group_3,18a4bfae17cab24544ae347e9d8cbdb95bb95d496d218b424bccc3c2ad1e09c7,23608,current_zipcode,NA,Questionnaire,NA,other_non_err_detection,NA,NA,NA,NA,No,29,7
Group_3,18a4bfae17cab24544ae347e9d8cbdb95bb95d496d218b424bccc3c2ad1e09c7,na,same_state_5_year_no,NA,Questionnaire,NA,other_non_err_detection,NA,NA,NA,NA,No,30,7
Group_3,18a4bfae17cab24544ae347e9d8cbdb95bb95d496d218b424bccc3c2ad1e09c7,39,age,NA,Questionnaire,NA,other_non_err_detection,NA,NA,NA,NA,No,31,7
Group_3,18a4bfae17cab24544ae347e9d8cbdb95bb95d496d218b424bccc3c2ad1e09c7,NA,diseaseDetail,NA,Questionnaire,NA,other_non_err_detection,NA,NA,NA,NA,No,32,7
Group_3,18a4bfae17cab24544ae347e9d8cbdb95bb95d496d218b424bccc3c2ad1e09c7,just a little shorter,suggestions_improvement,NA,Questionnaire,NA,other_non_err_detection,NA,NA,NA,NA,No,33,7
Group_3,18a4bfae17cab24544ae347e9d8cbdb95bb95d496d218b424bccc3c2ad1e09c7,no,technical_issues,NA,Questionnaire,NA,other_non_err_detection,NA,NA,NA,NA,No,34,7
Group_4,1c1a7f64e7f4447e57fbd8d14bffc7b87cb3ea6b8ecc56da492de37af51306d6,4,instruction_clarity,NA,Questionnaire,NA,other_non_err_detection,NA,NA,NA,NA,No,1,8
Group_4,1c1a7f64e7f4447e57fbd8d14bffc7b87cb3ea6b8ecc56da492de37af51306d6,5,error_detection_difficulty,NA,Questionnaire,NA,other_non_err_detection,NA,NA,NA,NA,No,2,8
Group_4,1c1a7f64e7f4447e57fbd8d14bffc7b87cb3ea6b8ecc56da492de37af51306d6,4,trivia_accent_strength,NA,Questionnaire,NA,other_non_err_detection,NA,NA,NA,NA,No,3,8
Group_4,1c1a7f64e7f4447e57fbd8d14bffc7b87cb3ea6b8ecc56da492de37af51306d6,4,transcription_accent_strength,NA,Questionnaire,NA,other_non_err_detection,NA,NA,NA,NA,No,4,8
Group_4,1c1a7f64e7f4447e57fbd8d14bffc7b87cb3ea6b8ecc56da492de37af51306d6,Yes,speaker_identity_check,NA,Questionnaire,NA,other_non_err_detection,NA,NA,NA,NA,No,5,8
Group_4,1c1a7f64e7f4447e57fbd8d14bffc7b87cb3ea6b8ecc56da492de37af51306d6,['English'],native_language,NA,Questionnaire,NA,other_non_err_detection,NA,NA,NA,NA,No,6,8
Group_4,1c1a7f64e7f4447e57fbd8d14bffc7b87cb3ea6b8ecc56da492de37af51306d6,No,household_accent,NA,Questionnaire,NA,other_non_err_detection,NA,NA,NA,NA,No,7,8
Group_4,1c1a7f64e7f4447e57fbd8d14bffc7b87cb3ea6b8ecc56da492de37af51306d6,No,current_accent,NA,Questionnaire,NA,other_non_err_detection,NA,NA,NA,NA,No,8,8
Group_4,1c1a7f64e7f4447e57fbd8d14bffc7b87cb3ea6b8ecc56da492de37af51306d6,1,exposure_spanish_accent,NA,Questionnaire,NA,other_non_err_detection,NA,NA,NA,NA,No,9,8
Group_4,1c1a7f64e7f4447e57fbd8d14bffc7b87cb3ea6b8ecc56da492de37af51306d6,1,exposure_spanish,NA,Questionnaire,NA,other_non_err_detection,NA,NA,NA,NA,No,10,8
Group_4,1c1a7f64e7f4447e57fbd8d14bffc7b87cb3ea6b8ecc56da492de37af51306d6,Yes,same_state_5_year,NA,Questionnaire,NA,other_non_err_detection,NA,NA,NA,NA,No,11,8
Group_4,1c1a7f64e7f4447e57fbd8d14bffc7b87cb3ea6b8ecc56da492de37af51306d6,This doesn't apply to me becuase I answered 'No' previously,same_state_5_year_yes,NA,Questionnaire,NA,other_non_err_detection,NA,NA,NA,NA,No,12,8
Group_4,1c1a7f64e7f4447e57fbd8d14bffc7b87cb3ea6b8ecc56da492de37af51306d6,NA,questionnaire_part3_begin,NA,Questionnaire,NA,other_non_err_detection,NA,NA,NA,NA,No,13,8
Group_4,1c1a7f64e7f4447e57fbd8d14bffc7b87cb3ea6b8ecc56da492de37af51306d6,Male,gender,NA,Questionnaire,NA,other_non_err_detection,NA,NA,NA,NA,No,14,8
Group_4,1c1a7f64e7f4447e57fbd8d14bffc7b87cb3ea6b8ecc56da492de37af51306d6,['White'],race/ethnicity,NA,Questionnaire,NA,other_non_err_detection,NA,NA,NA,NA,No,15,8
Group_4,1c1a7f64e7f4447e57fbd8d14bffc7b87cb3ea6b8ecc56da492de37af51306d6,2- or 4-year college degree,highest_level_edu,NA,Questionnaire,NA,other_non_err_detection,NA,NA,NA,NA,No,16,8
Group_4,1c1a7f64e7f4447e57fbd8d14bffc7b87cb3ea6b8ecc56da492de37af51306d6,No,learnDis,NA,Questionnaire,NA,other_non_err_detection,NA,NA,NA,NA,No,17,8
Group_4,1c1a7f64e7f4447e57fbd8d14bffc7b87cb3ea6b8ecc56da492de37af51306d6,No,attention,NA,Questionnaire,NA,other_non_err_detection,NA,NA,NA,NA,No,18,8
Group_4,1c1a7f64e7f4447e57fbd8d14bffc7b87cb3ea6b8ecc56da492de37af51306d6,No,headInjury,NA,Questionnaire,NA,other_non_err_detection,NA,NA,NA,NA,No,19,8
Group_4,1c1a7f64e7f4447e57fbd8d14bffc7b87cb3ea6b8ecc56da492de37af51306d6,No,neuroImpair,NA,Questionnaire,NA,other_non_err_detection,NA,NA,NA,NA,No,20,8
Group_4,1c1a7f64e7f4447e57fbd8d14bffc7b87cb3ea6b8ecc56da492de37af51306d6,Thai or Vietnamese,trivia_accent_identification,NA,Questionnaire,NA,other_non_err_detection,NA,NA,NA,NA,No,21,8
Group_4,1c1a7f64e7f4447e57fbd8d14bffc7b87cb3ea6b8ecc56da492de37af51306d6,Vietnamese,transcription_accent_identification,NA,Questionnaire,NA,other_non_err_detection,NA,NA,NA,NA,No,22,8
Group_4,1c1a7f64e7f4447e57fbd8d14bffc7b87cb3ea6b8ecc56da492de37af51306d6,It's frustrating not being able to replay the audio as many times as I need. But I'm assuming that's by design.,task_experience,NA,Questionnaire,NA,other_non_err_detection,NA,NA,NA,NA,No,23,8
Group_4,1c1a7f64e7f4447e57fbd8d14bffc7b87cb3ea6b8ecc56da492de37af51306d6,American,most_frequent_accent,NA,Questionnaire,NA,other_non_err_detection,NA,NA,NA,NA,No,24,8
Group_4,1c1a7f64e7f4447e57fbd8d14bffc7b87cb3ea6b8ecc56da492de37af51306d6,I took a french class in high school.,additional_language_experience,NA,Questionnaire,NA,other_non_err_detection,NA,NA,NA,NA,No,25,8
Group_4,1c1a7f64e7f4447e57fbd8d14bffc7b87cb3ea6b8ecc56da492de37af51306d6,Kentucky,origin_state,NA,Questionnaire,NA,other_non_err_detection,NA,NA,NA,NA,No,26,8
Group_4,1c1a7f64e7f4447e57fbd8d14bffc7b87cb3ea6b8ecc56da492de37af51306d6,40383,origin_zipcode,NA,Questionnaire,NA,other_non_err_detection,NA,NA,NA,NA,No,27,8
Group_4,1c1a7f64e7f4447e57fbd8d14bffc7b87cb3ea6b8ecc56da492de37af51306d6,Kentucky,current_state,NA,Questionnaire,NA,other_non_err_detection,NA,NA,NA,NA,No,28,8
Group_4,1c1a7f64e7f4447e57fbd8d14bffc7b87cb3ea6b8ecc56da492de37af51306d6,40342,current_zipcode,NA,Questionnaire,NA,other_non_err_detection,NA,NA,NA,NA,No,29,8
Group_4,1c1a7f64e7f4447e57fbd8d14bffc7b87cb3ea6b8ecc56da492de37af51306d6,N/A,same_state_5_year_no,NA,Questionnaire,NA,other_non_err_detection,NA,NA,NA,NA,No,30,8
Group_4,1c1a7f64e7f4447e57fbd8d14bffc7b87cb3ea6b8ecc56da492de37af51306d6,41,age,NA,Questionnaire,NA,other_non_err_detection,NA,NA,NA,NA,No,31,8
Group_4,1c1a7f64e7f4447e57fbd8d14bffc7b87cb3ea6b8ecc56da492de37af51306d6,N/A,diseaseDetail,NA,Questionnaire,NA,other_non_err_detection,NA,NA,NA,NA,No,32,8
Group_4,1c1a7f64e7f4447e57fbd8d14bffc7b87cb3ea6b8ecc56da492de37af51306d6,Allow participants to replay the audio at will a couple more times.,suggestions_improvement,NA,Questionnaire,NA,other_non_err_detection,NA,NA,NA,NA,No,33,8
Group_4,1c1a7f64e7f4447e57fbd8d14bffc7b87cb3ea6b8ecc56da492de37af51306d6,No technical issues.,technical_issues,NA,Questionnaire,NA,other_non_err_detection,NA,NA,NA,NA,No,34,8
Group_1,2b59454ffbb3a7af796a6fc9347d05282e36dc003a795fbfa255e48c90d5b188,5,instruction_clarity,NA,Questionnaire,NA,other_non_err_detection,NA,NA,NA,NA,No,1,9
Group_1,2b59454ffbb3a7af796a6fc9347d05282e36dc003a795fbfa255e48c90d5b188,2,error_detection_difficulty,NA,Questionnaire,NA,other_non_err_detection,NA,NA,NA,NA,No,2,9
Group_1,2b59454ffbb3a7af796a6fc9347d05282e36dc003a795fbfa255e48c90d5b188,3,trivia_accent_strength,NA,Questionnaire,NA,other_non_err_detection,NA,NA,NA,NA,No,3,9
Group_1,2b59454ffbb3a7af796a6fc9347d05282e36dc003a795fbfa255e48c90d5b188,3,transcription_accent_strength,NA,Questionnaire,NA,other_non_err_detection,NA,NA,NA,NA,No,4,9
Group_1,2b59454ffbb3a7af796a6fc9347d05282e36dc003a795fbfa255e48c90d5b188,Yes,speaker_identity_check,NA,Questionnaire,NA,other_non_err_detection,NA,NA,NA,NA,No,5,9
Group_1,2b59454ffbb3a7af796a6fc9347d05282e36dc003a795fbfa255e48c90d5b188,['English'],native_language,NA,Questionnaire,NA,other_non_err_detection,NA,NA,NA,NA,No,6,9
Group_1,2b59454ffbb3a7af796a6fc9347d05282e36dc003a795fbfa255e48c90d5b188,No,household_accent,NA,Questionnaire,NA,other_non_err_detection,NA,NA,NA,NA,No,7,9
Group_1,2b59454ffbb3a7af796a6fc9347d05282e36dc003a795fbfa255e48c90d5b188,"Yes, they spoke English with a foreign accent other than the Spanish accent",current_accent,NA,Questionnaire,NA,other_non_err_detection,NA,NA,NA,NA,No,8,9
Group_1,2b59454ffbb3a7af796a6fc9347d05282e36dc003a795fbfa255e48c90d5b188,2,exposure_spanish_accent,NA,Questionnaire,NA,other_non_err_detection,NA,NA,NA,NA,No,9,9
Group_1,2b59454ffbb3a7af796a6fc9347d05282e36dc003a795fbfa255e48c90d5b188,2,exposure_spanish,NA,Questionnaire,NA,other_non_err_detection,NA,NA,NA,NA,No,10,9
Group_1,2b59454ffbb3a7af796a6fc9347d05282e36dc003a795fbfa255e48c90d5b188,No,same_state_5_year,NA,Questionnaire,NA,other_non_err_detection,NA,NA,NA,NA,No,11,9
Group_1,2b59454ffbb3a7af796a6fc9347d05282e36dc003a795fbfa255e48c90d5b188,This doesn't apply to me becuase I answered 'No' previously,same_state_5_year_yes,NA,Questionnaire,NA,other_non_err_detection,NA,NA,NA,NA,No,12,9
Group_1,2b59454ffbb3a7af796a6fc9347d05282e36dc003a795fbfa255e48c90d5b188,NA,questionnaire_part3_begin,NA,Questionnaire,NA,other_non_err_detection,NA,NA,NA,NA,No,13,9
Group_1,2b59454ffbb3a7af796a6fc9347d05282e36dc003a795fbfa255e48c90d5b188,Non-binary/third gender,gender,NA,Questionnaire,NA,other_non_err_detection,NA,NA,NA,NA,No,14,9
Group_1,2b59454ffbb3a7af796a6fc9347d05282e36dc003a795fbfa255e48c90d5b188,"['Hispanic or Latino', 'White']",race/ethnicity,NA,Questionnaire,NA,other_non_err_detection,NA,NA,NA,NA,No,15,9
Group_1,2b59454ffbb3a7af796a6fc9347d05282e36dc003a795fbfa255e48c90d5b188,2- or 4-year college degree,highest_level_edu,NA,Questionnaire,NA,other_non_err_detection,NA,NA,NA,NA,No,16,9
Group_1,2b59454ffbb3a7af796a6fc9347d05282e36dc003a795fbfa255e48c90d5b188,No,learnDis,NA,Questionnaire,NA,other_non_err_detection,NA,NA,NA,NA,No,17,9
Group_1,2b59454ffbb3a7af796a6fc9347d05282e36dc003a795fbfa255e48c90d5b188,No,attention,NA,Questionnaire,NA,other_non_err_detection,NA,NA,NA,NA,No,18,9
Group_1,2b59454ffbb3a7af796a6fc9347d05282e36dc003a795fbfa255e48c90d5b188,No,headInjury,NA,Questionnaire,NA,other_non_err_detection,NA,NA,NA,NA,No,19,9
Group_1,2b59454ffbb3a7af796a6fc9347d05282e36dc003a795fbfa255e48c90d5b188,No,neuroImpair,NA,Questionnaire,NA,other_non_err_detection,NA,NA,NA,NA,No,20,9
Group_1,2b59454ffbb3a7af796a6fc9347d05282e36dc003a795fbfa255e48c90d5b188,Eastern European/Russian,trivia_accent_identification,NA,Questionnaire,NA,other_non_err_detection,NA,NA,NA,NA,No,21,9
Group_1,2b59454ffbb3a7af796a6fc9347d05282e36dc003a795fbfa255e48c90d5b188,Eastern European/Russian,transcription_accent_identification,NA,Questionnaire,NA,other_non_err_detection,NA,NA,NA,NA,No,22,9
Group_1,2b59454ffbb3a7af796a6fc9347d05282e36dc003a795fbfa255e48c90d5b188,Not that I could think of!,task_experience,NA,Questionnaire,NA,other_non_err_detection,NA,NA,NA,NA,No,23,9
Group_1,2b59454ffbb3a7af796a6fc9347d05282e36dc003a795fbfa255e48c90d5b188,"My partner, German/British; my brother, American; my sister-in-law, American",most_frequent_accent,NA,Questionnaire,NA,other_non_err_detection,NA,NA,NA,NA,No,24,9
Group_1,2b59454ffbb3a7af796a6fc9347d05282e36dc003a795fbfa255e48c90d5b188,"I learned a little bit of Spanish in high school, but retained very little of the lessons",additional_language_experience,NA,Questionnaire,NA,other_non_err_detection,NA,NA,NA,NA,No,25,9
Group_1,2b59454ffbb3a7af796a6fc9347d05282e36dc003a795fbfa255e48c90d5b188,Texas,origin_state,NA,Questionnaire,NA,other_non_err_detection,NA,NA,NA,NA,No,26,9
Group_1,2b59454ffbb3a7af796a6fc9347d05282e36dc003a795fbfa255e48c90d5b188,77520,origin_zipcode,NA,Questionnaire,NA,other_non_err_detection,NA,NA,NA,NA,No,27,9
Group_1,2b59454ffbb3a7af796a6fc9347d05282e36dc003a795fbfa255e48c90d5b188,Colorado,current_state,NA,Questionnaire,NA,other_non_err_detection,NA,NA,NA,NA,No,28,9
Group_1,2b59454ffbb3a7af796a6fc9347d05282e36dc003a795fbfa255e48c90d5b188,80211,current_zipcode,NA,Questionnaire,NA,other_non_err_detection,NA,NA,NA,NA,No,29,9
Group_1,2b59454ffbb3a7af796a6fc9347d05282e36dc003a795fbfa255e48c90d5b188,"Texas, Colorado",same_state_5_year_no,NA,Questionnaire,NA,other_non_err_detection,NA,NA,NA,NA,No,30,9
Group_1,2b59454ffbb3a7af796a6fc9347d05282e36dc003a795fbfa255e48c90d5b188,30,age,NA,Questionnaire,NA,other_non_err_detection,NA,NA,NA,NA,No,31,9
Group_1,2b59454ffbb3a7af796a6fc9347d05282e36dc003a795fbfa255e48c90d5b188,NA,diseaseDetail,NA,Questionnaire,NA,other_non_err_detection,NA,NA,NA,NA,No,32,9
Group_1,2b59454ffbb3a7af796a6fc9347d05282e36dc003a795fbfa255e48c90d5b188,Nothing comes to mind; perhaps an optional Dark Mode?,suggestions_improvement,NA,Questionnaire,NA,other_non_err_detection,NA,NA,NA,NA,No,33,9
Group_1,2b59454ffbb3a7af796a6fc9347d05282e36dc003a795fbfa255e48c90d5b188,No technical issues at all!,technical_issues,NA,Questionnaire,NA,other_non_err_detection,NA,NA,NA,NA,No,34,9
Group_4,363e4e879486381394ae27b8400723d6c9c4718b242eb87fd3a5aefbada21a69,5,instruction_clarity,NA,Questionnaire,NA,other_non_err_detection,NA,NA,NA,NA,No,1,10
Group_4,363e4e879486381394ae27b8400723d6c9c4718b242eb87fd3a5aefbada21a69,3,error_detection_difficulty,NA,Questionnaire,NA,other_non_err_detection,NA,NA,NA,NA,No,2,10
Group_4,363e4e879486381394ae27b8400723d6c9c4718b242eb87fd3a5aefbada21a69,5,trivia_accent_strength,NA,Questionnaire,NA,other_non_err_detection,NA,NA,NA,NA,No,3,10
Group_4,363e4e879486381394ae27b8400723d6c9c4718b242eb87fd3a5aefbada21a69,4,transcription_accent_strength,NA,Questionnaire,NA,other_non_err_detection,NA,NA,NA,NA,No,4,10
Group_4,363e4e879486381394ae27b8400723d6c9c4718b242eb87fd3a5aefbada21a69,No,speaker_identity_check,NA,Questionnaire,NA,other_non_err_detection,NA,NA,NA,NA,No,5,10
Group_4,363e4e879486381394ae27b8400723d6c9c4718b242eb87fd3a5aefbada21a69,['English'],native_language,NA,Questionnaire,NA,other_non_err_detection,NA,NA,NA,NA,No,6,10
Group_4,363e4e879486381394ae27b8400723d6c9c4718b242eb87fd3a5aefbada21a69,No,household_accent,NA,Questionnaire,NA,other_non_err_detection,NA,NA,NA,NA,No,7,10
Group_4,363e4e879486381394ae27b8400723d6c9c4718b242eb87fd3a5aefbada21a69,No,current_accent,NA,Questionnaire,NA,other_non_err_detection,NA,NA,NA,NA,No,8,10
Group_4,363e4e879486381394ae27b8400723d6c9c4718b242eb87fd3a5aefbada21a69,2,exposure_spanish_accent,NA,Questionnaire,NA,other_non_err_detection,NA,NA,NA,NA,No,9,10
Group_4,363e4e879486381394ae27b8400723d6c9c4718b242eb87fd3a5aefbada21a69,2,exposure_spanish,NA,Questionnaire,NA,other_non_err_detection,NA,NA,NA,NA,No,10,10
Group_4,363e4e879486381394ae27b8400723d6c9c4718b242eb87fd3a5aefbada21a69,No,same_state_5_year,NA,Questionnaire,NA,other_non_err_detection,NA,NA,NA,NA,No,11,10
Group_4,363e4e879486381394ae27b8400723d6c9c4718b242eb87fd3a5aefbada21a69,This doesn't apply to me becuase I answered 'No' previously,same_state_5_year_yes,NA,Questionnaire,NA,other_non_err_detection,NA,NA,NA,NA,No,12,10
Group_4,363e4e879486381394ae27b8400723d6c9c4718b242eb87fd3a5aefbada21a69,NA,questionnaire_part3_begin,NA,Questionnaire,NA,other_non_err_detection,NA,NA,NA,NA,No,13,10
Group_4,363e4e879486381394ae27b8400723d6c9c4718b242eb87fd3a5aefbada21a69,Female,gender,NA,Questionnaire,NA,other_non_err_detection,NA,NA,NA,NA,No,14,10
Group_4,363e4e879486381394ae27b8400723d6c9c4718b242eb87fd3a5aefbada21a69,['Black or African American'],race/ethnicity,NA,Questionnaire,NA,other_non_err_detection,NA,NA,NA,NA,No,15,10
Group_4,363e4e879486381394ae27b8400723d6c9c4718b242eb87fd3a5aefbada21a69,2- or 4-year college degree,highest_level_edu,NA,Questionnaire,NA,other_non_err_detection,NA,NA,NA,NA,No,16,10
Group_4,363e4e879486381394ae27b8400723d6c9c4718b242eb87fd3a5aefbada21a69,No,learnDis,NA,Questionnaire,NA,other_non_err_detection,NA,NA,NA,NA,No,17,10
Group_4,363e4e879486381394ae27b8400723d6c9c4718b242eb87fd3a5aefbada21a69,No,attention,NA,Questionnaire,NA,other_non_err_detection,NA,NA,NA,NA,No,18,10
Group_4,363e4e879486381394ae27b8400723d6c9c4718b242eb87fd3a5aefbada21a69,No,headInjury,NA,Questionnaire,NA,other_non_err_detection,NA,NA,NA,NA,No,19,10
Group_4,363e4e879486381394ae27b8400723d6c9c4718b242eb87fd3a5aefbada21a69,No,neuroImpair,NA,Questionnaire,NA,other_non_err_detection,NA,NA,NA,NA,No,20,10
Group_4,363e4e879486381394ae27b8400723d6c9c4718b242eb87fd3a5aefbada21a69,Possibly Indian,trivia_accent_identification,NA,Questionnaire,NA,other_non_err_detection,NA,NA,NA,NA,No,21,10
Group_4,363e4e879486381394ae27b8400723d6c9c4718b242eb87fd3a5aefbada21a69,Possibly Indian,transcription_accent_identification,NA,Questionnaire,NA,other_non_err_detection,NA,NA,NA,NA,No,22,10
Group_4,363e4e879486381394ae27b8400723d6c9c4718b242eb87fd3a5aefbada21a69,No,task_experience,NA,Questionnaire,NA,other_non_err_detection,NA,NA,NA,NA,No,23,10
Group_4,363e4e879486381394ae27b8400723d6c9c4718b242eb87fd3a5aefbada21a69,"My mom, American; my best friend, American; my school advisor, Indian",most_frequent_accent,NA,Questionnaire,NA,other_non_err_detection,NA,NA,NA,NA,No,24,10
Group_4,363e4e879486381394ae27b8400723d6c9c4718b242eb87fd3a5aefbada21a69,"Have only lived in the US, took two Spanish courses in high school, and lived in Florida where there are many Spanish speakers",additional_language_experience,NA,Questionnaire,NA,other_non_err_detection,NA,NA,NA,NA,No,25,10
Group_4,363e4e879486381394ae27b8400723d6c9c4718b242eb87fd3a5aefbada21a69,Georgia,origin_state,NA,Questionnaire,NA,other_non_err_detection,NA,NA,NA,NA,No,26,10
Group_4,363e4e879486381394ae27b8400723d6c9c4718b242eb87fd3a5aefbada21a69,12345,origin_zipcode,NA,Questionnaire,NA,other_non_err_detection,NA,NA,NA,NA,No,27,10
Group_4,363e4e879486381394ae27b8400723d6c9c4718b242eb87fd3a5aefbada21a69,Georgia,current_state,NA,Questionnaire,NA,other_non_err_detection,NA,NA,NA,NA,No,28,10
Group_4,363e4e879486381394ae27b8400723d6c9c4718b242eb87fd3a5aefbada21a69,12345,current_zipcode,NA,Questionnaire,NA,other_non_err_detection,NA,NA,NA,NA,No,29,10
Group_4,363e4e879486381394ae27b8400723d6c9c4718b242eb87fd3a5aefbada21a69,"Florida, Georgia",same_state_5_year_no,NA,Questionnaire,NA,other_non_err_detection,NA,NA,NA,NA,No,30,10
Group_4,363e4e879486381394ae27b8400723d6c9c4718b242eb87fd3a5aefbada21a69,35,age,NA,Questionnaire,NA,other_non_err_detection,NA,NA,NA,NA,No,31,10
Group_4,363e4e879486381394ae27b8400723d6c9c4718b242eb87fd3a5aefbada21a69,NA,diseaseDetail,NA,Questionnaire,NA,other_non_err_detection,NA,NA,NA,NA,No,32,10
Group_4,363e4e879486381394ae27b8400723d6c9c4718b242eb87fd3a5aefbada21a69,Nothing,suggestions_improvement,NA,Questionnaire,NA,other_non_err_detection,NA,NA,NA,NA,No,33,10
Group_4,363e4e879486381394ae27b8400723d6c9c4718b242eb87fd3a5aefbada21a69,None,technical_issues,NA,Questionnaire,NA,other_non_err_detection,NA,NA,NA,NA,No,34,10
Group_4,36479fac13494ff570c1bf8b573b0ce0a2c96b63991ab7ff2293d4200995a5ee,5,instruction_clarity,NA,Questionnaire,NA,other_non_err_detection,NA,NA,NA,NA,No,1,11
Group_4,36479fac13494ff570c1bf8b573b0ce0a2c96b63991ab7ff2293d4200995a5ee,2,error_detection_difficulty,NA,Questionnaire,NA,other_non_err_detection,NA,NA,NA,NA,No,2,11
Group_4,36479fac13494ff570c1bf8b573b0ce0a2c96b63991ab7ff2293d4200995a5ee,4,trivia_accent_strength,NA,Questionnaire,NA,other_non_err_detection,NA,NA,NA,NA,No,3,11
Group_4,36479fac13494ff570c1bf8b573b0ce0a2c96b63991ab7ff2293d4200995a5ee,4,transcription_accent_strength,NA,Questionnaire,NA,other_non_err_detection,NA,NA,NA,NA,No,4,11
Group_4,36479fac13494ff570c1bf8b573b0ce0a2c96b63991ab7ff2293d4200995a5ee,Yes,speaker_identity_check,NA,Questionnaire,NA,other_non_err_detection,NA,NA,NA,NA,No,5,11
Group_4,36479fac13494ff570c1bf8b573b0ce0a2c96b63991ab7ff2293d4200995a5ee,['English'],native_language,NA,Questionnaire,NA,other_non_err_detection,NA,NA,NA,NA,No,6,11
Group_4,36479fac13494ff570c1bf8b573b0ce0a2c96b63991ab7ff2293d4200995a5ee,No,household_accent,NA,Questionnaire,NA,other_non_err_detection,NA,NA,NA,NA,No,7,11
Group_4,36479fac13494ff570c1bf8b573b0ce0a2c96b63991ab7ff2293d4200995a5ee,No,current_accent,NA,Questionnaire,NA,other_non_err_detection,NA,NA,NA,NA,No,8,11
Group_4,36479fac13494ff570c1bf8b573b0ce0a2c96b63991ab7ff2293d4200995a5ee,2,exposure_spanish_accent,NA,Questionnaire,NA,other_non_err_detection,NA,NA,NA,NA,No,9,11
Group_4,36479fac13494ff570c1bf8b573b0ce0a2c96b63991ab7ff2293d4200995a5ee,1,exposure_spanish,NA,Questionnaire,NA,other_non_err_detection,NA,NA,NA,NA,No,10,11
Group_4,36479fac13494ff570c1bf8b573b0ce0a2c96b63991ab7ff2293d4200995a5ee,Yes,same_state_5_year,NA,Questionnaire,NA,other_non_err_detection,NA,NA,NA,NA,No,11,11
Group_4,36479fac13494ff570c1bf8b573b0ce0a2c96b63991ab7ff2293d4200995a5ee,No,same_state_5_year_yes,NA,Questionnaire,NA,other_non_err_detection,NA,NA,NA,NA,No,12,11
Group_4,36479fac13494ff570c1bf8b573b0ce0a2c96b63991ab7ff2293d4200995a5ee,NA,questionnaire_part3_begin,NA,Questionnaire,NA,other_non_err_detection,NA,NA,NA,NA,No,13,11
Group_4,36479fac13494ff570c1bf8b573b0ce0a2c96b63991ab7ff2293d4200995a5ee,Female,gender,NA,Questionnaire,NA,other_non_err_detection,NA,NA,NA,NA,No,14,11
Group_4,36479fac13494ff570c1bf8b573b0ce0a2c96b63991ab7ff2293d4200995a5ee,['White'],race/ethnicity,NA,Questionnaire,NA,other_non_err_detection,NA,NA,NA,NA,No,15,11
Group_4,36479fac13494ff570c1bf8b573b0ce0a2c96b63991ab7ff2293d4200995a5ee,High school,highest_level_edu,NA,Questionnaire,NA,other_non_err_detection,NA,NA,NA,NA,No,16,11
Group_4,36479fac13494ff570c1bf8b573b0ce0a2c96b63991ab7ff2293d4200995a5ee,No,learnDis,NA,Questionnaire,NA,other_non_err_detection,NA,NA,NA,NA,No,17,11
Group_4,36479fac13494ff570c1bf8b573b0ce0a2c96b63991ab7ff2293d4200995a5ee,No,attention,NA,Questionnaire,NA,other_non_err_detection,NA,NA,NA,NA,No,18,11
Group_4,36479fac13494ff570c1bf8b573b0ce0a2c96b63991ab7ff2293d4200995a5ee,No,headInjury,NA,Questionnaire,NA,other_non_err_detection,NA,NA,NA,NA,No,19,11
Group_4,36479fac13494ff570c1bf8b573b0ce0a2c96b63991ab7ff2293d4200995a5ee,No,neuroImpair,NA,Questionnaire,NA,other_non_err_detection,NA,NA,NA,NA,No,20,11
Group_4,36479fac13494ff570c1bf8b573b0ce0a2c96b63991ab7ff2293d4200995a5ee,Unsure,trivia_accent_identification,NA,Questionnaire,NA,other_non_err_detection,NA,NA,NA,NA,No,21,11
Group_4,36479fac13494ff570c1bf8b573b0ce0a2c96b63991ab7ff2293d4200995a5ee,Unsure,transcription_accent_identification,NA,Questionnaire,NA,other_non_err_detection,NA,NA,NA,NA,No,22,11
Group_4,36479fac13494ff570c1bf8b573b0ce0a2c96b63991ab7ff2293d4200995a5ee,No,task_experience,NA,Questionnaire,NA,other_non_err_detection,NA,NA,NA,NA,No,23,11
Group_4,36479fac13494ff570c1bf8b573b0ce0a2c96b63991ab7ff2293d4200995a5ee,"My boyfriend - American
Boyfriend's mom - American
Friend - American
Friend - Mexican
Daughter - American",most_frequent_accent,NA,Questionnaire,NA,other_non_err_detection,NA,NA,NA,NA,No,24,11
Group_4,36479fac13494ff570c1bf8b573b0ce0a2c96b63991ab7ff2293d4200995a5ee,I took half a year of Spanish in high school and half a year of French.,additional_language_experience,NA,Questionnaire,NA,other_non_err_detection,NA,NA,NA,NA,No,25,11
Group_4,36479fac13494ff570c1bf8b573b0ce0a2c96b63991ab7ff2293d4200995a5ee,Washington,origin_state,NA,Questionnaire,NA,other_non_err_detection,NA,NA,NA,NA,No,26,11
Group_4,36479fac13494ff570c1bf8b573b0ce0a2c96b63991ab7ff2293d4200995a5ee,98273,origin_zipcode,NA,Questionnaire,NA,other_non_err_detection,NA,NA,NA,NA,No,27,11
Group_4,36479fac13494ff570c1bf8b573b0ce0a2c96b63991ab7ff2293d4200995a5ee,Washington,current_state,NA,Questionnaire,NA,other_non_err_detection,NA,NA,NA,NA,No,28,11
Group_4,36479fac13494ff570c1bf8b573b0ce0a2c96b63991ab7ff2293d4200995a5ee,98837,current_zipcode,NA,Questionnaire,NA,other_non_err_detection,NA,NA,NA,NA,No,29,11
Group_4,36479fac13494ff570c1bf8b573b0ce0a2c96b63991ab7ff2293d4200995a5ee,NA,same_state_5_year_no,NA,Questionnaire,NA,other_non_err_detection,NA,NA,NA,NA,No,30,11
Group_4,36479fac13494ff570c1bf8b573b0ce0a2c96b63991ab7ff2293d4200995a5ee,32,age,NA,Questionnaire,NA,other_non_err_detection,NA,NA,NA,NA,No,31,11
Group_4,36479fac13494ff570c1bf8b573b0ce0a2c96b63991ab7ff2293d4200995a5ee,NA,diseaseDetail,NA,Questionnaire,NA,other_non_err_detection,NA,NA,NA,NA,No,32,11
Group_4,36479fac13494ff570c1bf8b573b0ce0a2c96b63991ab7ff2293d4200995a5ee,Nothing,suggestions_improvement,NA,Questionnaire,NA,other_non_err_detection,NA,NA,NA,NA,No,33,11
Group_4,36479fac13494ff570c1bf8b573b0ce0a2c96b63991ab7ff2293d4200995a5ee,No,technical_issues,NA,Questionnaire,NA,other_non_err_detection,NA,NA,NA,NA,No,34,11
Group_1,377ab5db2d6d747ea8f4a967e46d437e0c972e65b402d60226afce6f8c37105a,5,instruction_clarity,NA,Questionnaire,NA,other_non_err_detection,NA,NA,NA,NA,No,1,12
Group_1,377ab5db2d6d747ea8f4a967e46d437e0c972e65b402d60226afce6f8c37105a,4,error_detection_difficulty,NA,Questionnaire,NA,other_non_err_detection,NA,NA,NA,NA,No,2,12
Group_1,377ab5db2d6d747ea8f4a967e46d437e0c972e65b402d60226afce6f8c37105a,4,trivia_accent_strength,NA,Questionnaire,NA,other_non_err_detection,NA,NA,NA,NA,No,3,12
Group_1,377ab5db2d6d747ea8f4a967e46d437e0c972e65b402d60226afce6f8c37105a,5,transcription_accent_strength,NA,Questionnaire,NA,other_non_err_detection,NA,NA,NA,NA,No,4,12
Group_1,377ab5db2d6d747ea8f4a967e46d437e0c972e65b402d60226afce6f8c37105a,Yes,speaker_identity_check,NA,Questionnaire,NA,other_non_err_detection,NA,NA,NA,NA,No,5,12
Group_1,377ab5db2d6d747ea8f4a967e46d437e0c972e65b402d60226afce6f8c37105a,['English'],native_language,NA,Questionnaire,NA,other_non_err_detection,NA,NA,NA,NA,No,6,12
Group_1,377ab5db2d6d747ea8f4a967e46d437e0c972e65b402d60226afce6f8c37105a,No,household_accent,NA,Questionnaire,NA,other_non_err_detection,NA,NA,NA,NA,No,7,12
Group_1,377ab5db2d6d747ea8f4a967e46d437e0c972e65b402d60226afce6f8c37105a,No,current_accent,NA,Questionnaire,NA,other_non_err_detection,NA,NA,NA,NA,No,8,12
Group_1,377ab5db2d6d747ea8f4a967e46d437e0c972e65b402d60226afce6f8c37105a,3,exposure_spanish_accent,NA,Questionnaire,NA,other_non_err_detection,NA,NA,NA,NA,No,9,12
Group_1,377ab5db2d6d747ea8f4a967e46d437e0c972e65b402d60226afce6f8c37105a,3,exposure_spanish,NA,Questionnaire,NA,other_non_err_detection,NA,NA,NA,NA,No,10,12
Group_1,377ab5db2d6d747ea8f4a967e46d437e0c972e65b402d60226afce6f8c37105a,Yes,same_state_5_year,NA,Questionnaire,NA,other_non_err_detection,NA,NA,NA,NA,No,11,12
Group_1,377ab5db2d6d747ea8f4a967e46d437e0c972e65b402d60226afce6f8c37105a,This doesn't apply to me becuase I answered 'No' previously,same_state_5_year_yes,NA,Questionnaire,NA,other_non_err_detection,NA,NA,NA,NA,No,12,12
Group_1,377ab5db2d6d747ea8f4a967e46d437e0c972e65b402d60226afce6f8c37105a,NA,questionnaire_part3_begin,NA,Questionnaire,NA,other_non_err_detection,NA,NA,NA,NA,No,13,12
Group_1,377ab5db2d6d747ea8f4a967e46d437e0c972e65b402d60226afce6f8c37105a,Female,gender,NA,Questionnaire,NA,other_non_err_detection,NA,NA,NA,NA,No,14,12
Group_1,377ab5db2d6d747ea8f4a967e46d437e0c972e65b402d60226afce6f8c37105a,['White'],race/ethnicity,NA,Questionnaire,NA,other_non_err_detection,NA,NA,NA,NA,No,15,12
Group_1,377ab5db2d6d747ea8f4a967e46d437e0c972e65b402d60226afce6f8c37105a,Some college,highest_level_edu,NA,Questionnaire,NA,other_non_err_detection,NA,NA,NA,NA,No,16,12
Group_1,377ab5db2d6d747ea8f4a967e46d437e0c972e65b402d60226afce6f8c37105a,No,learnDis,NA,Questionnaire,NA,other_non_err_detection,NA,NA,NA,NA,No,17,12
Group_1,377ab5db2d6d747ea8f4a967e46d437e0c972e65b402d60226afce6f8c37105a,Yes,attention,NA,Questionnaire,NA,other_non_err_detection,NA,NA,NA,NA,No,18,12
Group_1,377ab5db2d6d747ea8f4a967e46d437e0c972e65b402d60226afce6f8c37105a,No,headInjury,NA,Questionnaire,NA,other_non_err_detection,NA,NA,NA,NA,No,19,12
Group_1,377ab5db2d6d747ea8f4a967e46d437e0c972e65b402d60226afce6f8c37105a,No,neuroImpair,NA,Questionnaire,NA,other_non_err_detection,NA,NA,NA,NA,No,20,12
Group_1,377ab5db2d6d747ea8f4a967e46d437e0c972e65b402d60226afce6f8c37105a,Unsure,trivia_accent_identification,NA,Questionnaire,NA,other_non_err_detection,NA,NA,NA,NA,No,21,12
Group_1,377ab5db2d6d747ea8f4a967e46d437e0c972e65b402d60226afce6f8c37105a,Unsure,transcription_accent_identification,NA,Questionnaire,NA,other_non_err_detection,NA,NA,NA,NA,No,22,12
Group_1,377ab5db2d6d747ea8f4a967e46d437e0c972e65b402d60226afce6f8c37105a,"I was so frustrated with the transcription task because some of it sounded like a different language. The were multiple sentences that I could not understand any part of, even with my volume all the way up on my headphones.",task_experience,NA,Questionnaire,NA,other_non_err_detection,NA,NA,NA,NA,No,23,12
Group_1,377ab5db2d6d747ea8f4a967e46d437e0c972e65b402d60226afce6f8c37105a,"Everyone I know personally has a southern American accent. I live near the Mexico border, though, so I hear Spanish accents quite often from strangers within my community.",most_frequent_accent,NA,Questionnaire,NA,other_non_err_detection,NA,NA,NA,NA,No,24,12
Group_1,377ab5db2d6d747ea8f4a967e46d437e0c972e65b402d60226afce6f8c37105a,I live near the Mexico border and hear Spanish and Spanish accents frequently.,additional_language_experience,NA,Questionnaire,NA,other_non_err_detection,NA,NA,NA,NA,No,25,12
Group_1,377ab5db2d6d747ea8f4a967e46d437e0c972e65b402d60226afce6f8c37105a,Texas,origin_state,NA,Questionnaire,NA,other_non_err_detection,NA,NA,NA,NA,No,26,12
Group_1,377ab5db2d6d747ea8f4a967e46d437e0c972e65b402d60226afce6f8c37105a,"Houston, TX",origin_zipcode,NA,Questionnaire,NA,other_non_err_detection,NA,NA,NA,NA,No,27,12
Group_1,377ab5db2d6d747ea8f4a967e46d437e0c972e65b402d60226afce6f8c37105a,Texas,current_state,NA,Questionnaire,NA,other_non_err_detection,NA,NA,NA,NA,No,28,12
Group_1,377ab5db2d6d747ea8f4a967e46d437e0c972e65b402d60226afce6f8c37105a,77339,current_zipcode,NA,Questionnaire,NA,other_non_err_detection,NA,NA,NA,NA,No,29,12
Group_1,377ab5db2d6d747ea8f4a967e46d437e0c972e65b402d60226afce6f8c37105a,NA,same_state_5_year_no,NA,Questionnaire,NA,other_non_err_detection,NA,NA,NA,NA,No,30,12
Group_1,377ab5db2d6d747ea8f4a967e46d437e0c972e65b402d60226afce6f8c37105a,38,age,NA,Questionnaire,NA,other_non_err_detection,NA,NA,NA,NA,No,31,12
Group_1,377ab5db2d6d747ea8f4a967e46d437e0c972e65b402d60226afce6f8c37105a,I was diagnosed with ADHD as a child.,diseaseDetail,NA,Questionnaire,NA,other_non_err_detection,NA,NA,NA,NA,No,32,12
Group_1,377ab5db2d6d747ea8f4a967e46d437e0c972e65b402d60226afce6f8c37105a,I would have loved a second replay button on the transcription task.,suggestions_improvement,NA,Questionnaire,NA,other_non_err_detection,NA,NA,NA,NA,No,33,12
Group_1,377ab5db2d6d747ea8f4a967e46d437e0c972e65b402d60226afce6f8c37105a,NA,technical_issues,NA,Questionnaire,NA,other_non_err_detection,NA,NA,NA,NA,No,34,12
Group_4,3a39d3c30173b8543c7d46d8a584c6571b9041cd6f4f36f5f1df2fb661ef135c,4,instruction_clarity,NA,Questionnaire,NA,other_non_err_detection,NA,NA,NA,NA,No,1,13
Group_4,3a39d3c30173b8543c7d46d8a584c6571b9041cd6f4f36f5f1df2fb661ef135c,3,error_detection_difficulty,NA,Questionnaire,NA,other_non_err_detection,NA,NA,NA,NA,No,2,13
Group_4,3a39d3c30173b8543c7d46d8a584c6571b9041cd6f4f36f5f1df2fb661ef135c,3,trivia_accent_strength,NA,Questionnaire,NA,other_non_err_detection,NA,NA,NA,NA,No,3,13
Group_4,3a39d3c30173b8543c7d46d8a584c6571b9041cd6f4f36f5f1df2fb661ef135c,2,transcription_accent_strength,NA,Questionnaire,NA,other_non_err_detection,NA,NA,NA,NA,No,4,13
Group_4,3a39d3c30173b8543c7d46d8a584c6571b9041cd6f4f36f5f1df2fb661ef135c,No,speaker_identity_check,NA,Questionnaire,NA,other_non_err_detection,NA,NA,NA,NA,No,5,13
Group_4,3a39d3c30173b8543c7d46d8a584c6571b9041cd6f4f36f5f1df2fb661ef135c,['English'],native_language,NA,Questionnaire,NA,other_non_err_detection,NA,NA,NA,NA,No,6,13
Group_4,3a39d3c30173b8543c7d46d8a584c6571b9041cd6f4f36f5f1df2fb661ef135c,No,household_accent,NA,Questionnaire,NA,other_non_err_detection,NA,NA,NA,NA,No,7,13
Group_4,3a39d3c30173b8543c7d46d8a584c6571b9041cd6f4f36f5f1df2fb661ef135c,No,current_accent,NA,Questionnaire,NA,other_non_err_detection,NA,NA,NA,NA,No,8,13
Group_4,3a39d3c30173b8543c7d46d8a584c6571b9041cd6f4f36f5f1df2fb661ef135c,2,exposure_spanish_accent,NA,Questionnaire,NA,other_non_err_detection,NA,NA,NA,NA,No,9,13
Group_4,3a39d3c30173b8543c7d46d8a584c6571b9041cd6f4f36f5f1df2fb661ef135c,2,exposure_spanish,NA,Questionnaire,NA,other_non_err_detection,NA,NA,NA,NA,No,10,13
Group_4,3a39d3c30173b8543c7d46d8a584c6571b9041cd6f4f36f5f1df2fb661ef135c,No,same_state_5_year,NA,Questionnaire,NA,other_non_err_detection,NA,NA,NA,NA,No,11,13
Group_4,3a39d3c30173b8543c7d46d8a584c6571b9041cd6f4f36f5f1df2fb661ef135c,This doesn't apply to me becuase I answered 'No' previously,same_state_5_year_yes,NA,Questionnaire,NA,other_non_err_detection,NA,NA,NA,NA,No,12,13
Group_4,3a39d3c30173b8543c7d46d8a584c6571b9041cd6f4f36f5f1df2fb661ef135c,NA,questionnaire_part3_begin,NA,Questionnaire,NA,other_non_err_detection,NA,NA,NA,NA,No,13,13
Group_4,3a39d3c30173b8543c7d46d8a584c6571b9041cd6f4f36f5f1df2fb661ef135c,Male,gender,NA,Questionnaire,NA,other_non_err_detection,NA,NA,NA,NA,No,14,13
Group_4,3a39d3c30173b8543c7d46d8a584c6571b9041cd6f4f36f5f1df2fb661ef135c,['Black or African American'],race/ethnicity,NA,Questionnaire,NA,other_non_err_detection,NA,NA,NA,NA,No,15,13
Group_4,3a39d3c30173b8543c7d46d8a584c6571b9041cd6f4f36f5f1df2fb661ef135c,Some college,highest_level_edu,NA,Questionnaire,NA,other_non_err_detection,NA,NA,NA,NA,No,16,13
Group_4,3a39d3c30173b8543c7d46d8a584c6571b9041cd6f4f36f5f1df2fb661ef135c,No,learnDis,NA,Questionnaire,NA,other_non_err_detection,NA,NA,NA,NA,No,17,13
Group_4,3a39d3c30173b8543c7d46d8a584c6571b9041cd6f4f36f5f1df2fb661ef135c,No,attention,NA,Questionnaire,NA,other_non_err_detection,NA,NA,NA,NA,No,18,13
Group_4,3a39d3c30173b8543c7d46d8a584c6571b9041cd6f4f36f5f1df2fb661ef135c,No,headInjury,NA,Questionnaire,NA,other_non_err_detection,NA,NA,NA,NA,No,19,13
Group_4,3a39d3c30173b8543c7d46d8a584c6571b9041cd6f4f36f5f1df2fb661ef135c,No,neuroImpair,NA,Questionnaire,NA,other_non_err_detection,NA,NA,NA,NA,No,20,13
Group_4,3a39d3c30173b8543c7d46d8a584c6571b9041cd6f4f36f5f1df2fb661ef135c,Unsure or Asian.,trivia_accent_identification,NA,Questionnaire,NA,other_non_err_detection,NA,NA,NA,NA,No,21,13
Group_4,3a39d3c30173b8543c7d46d8a584c6571b9041cd6f4f36f5f1df2fb661ef135c,Unsure,transcription_accent_identification,NA,Questionnaire,NA,other_non_err_detection,NA,NA,NA,NA,No,22,13
Group_4,3a39d3c30173b8543c7d46d8a584c6571b9041cd6f4f36f5f1df2fb661ef135c,No.,task_experience,NA,Questionnaire,NA,other_non_err_detection,NA,NA,NA,NA,No,23,13
Group_4,3a39d3c30173b8543c7d46d8a584c6571b9041cd6f4f36f5f1df2fb661ef135c,American,most_frequent_accent,NA,Questionnaire,NA,other_non_err_detection,NA,NA,NA,NA,No,24,13
Group_4,3a39d3c30173b8543c7d46d8a584c6571b9041cd6f4f36f5f1df2fb661ef135c,N/A,additional_language_experience,NA,Questionnaire,NA,other_non_err_detection,NA,NA,NA,NA,No,25,13
Group_4,3a39d3c30173b8543c7d46d8a584c6571b9041cd6f4f36f5f1df2fb661ef135c,Texas,origin_state,NA,Questionnaire,NA,other_non_err_detection,NA,NA,NA,NA,No,26,13
Group_4,3a39d3c30173b8543c7d46d8a584c6571b9041cd6f4f36f5f1df2fb661ef135c,77385,origin_zipcode,NA,Questionnaire,NA,other_non_err_detection,NA,NA,NA,NA,No,27,13
Group_4,3a39d3c30173b8543c7d46d8a584c6571b9041cd6f4f36f5f1df2fb661ef135c,California,current_state,NA,Questionnaire,NA,other_non_err_detection,NA,NA,NA,NA,No,28,13
Group_4,3a39d3c30173b8543c7d46d8a584c6571b9041cd6f4f36f5f1df2fb661ef135c,91911,current_zipcode,NA,Questionnaire,NA,other_non_err_detection,NA,NA,NA,NA,No,29,13
Group_4,3a39d3c30173b8543c7d46d8a584c6571b9041cd6f4f36f5f1df2fb661ef135c,"Texas, California, Nevada",same_state_5_year_no,NA,Questionnaire,NA,other_non_err_detection,NA,NA,NA,NA,No,30,13
Group_4,3a39d3c30173b8543c7d46d8a584c6571b9041cd6f4f36f5f1df2fb661ef135c,37,age,NA,Questionnaire,NA,other_non_err_detection,NA,NA,NA,NA,No,31,13
Group_4,3a39d3c30173b8543c7d46d8a584c6571b9041cd6f4f36f5f1df2fb661ef135c,No I didn't do that. But the question after the one where I entered my zip code..I accidentally hit something random and it went forward.,diseaseDetail,NA,Questionnaire,NA,other_non_err_detection,NA,NA,NA,NA,No,32,13
Group_4,3a39d3c30173b8543c7d46d8a584c6571b9041cd6f4f36f5f1df2fb661ef135c,"N/A,",suggestions_improvement,NA,Questionnaire,NA,other_non_err_detection,NA,NA,NA,NA,No,33,13
Group_4,3a39d3c30173b8543c7d46d8a584c6571b9041cd6f4f36f5f1df2fb661ef135c,N/A.,technical_issues,NA,Questionnaire,NA,other_non_err_detection,NA,NA,NA,NA,No,34,13
Group_1,3ecef783f6efc2180ba7cf96119ad54902bc45452b2538cc6fffe19dbf66bf3e,5,instruction_clarity,NA,Questionnaire,NA,other_non_err_detection,NA,NA,NA,NA,No,1,14
Group_1,3ecef783f6efc2180ba7cf96119ad54902bc45452b2538cc6fffe19dbf66bf3e,3,error_detection_difficulty,NA,Questionnaire,NA,other_non_err_detection,NA,NA,NA,NA,No,2,14
Group_1,3ecef783f6efc2180ba7cf96119ad54902bc45452b2538cc6fffe19dbf66bf3e,3,trivia_accent_strength,NA,Questionnaire,NA,other_non_err_detection,NA,NA,NA,NA,No,3,14
Group_1,3ecef783f6efc2180ba7cf96119ad54902bc45452b2538cc6fffe19dbf66bf3e,3,transcription_accent_strength,NA,Questionnaire,NA,other_non_err_detection,NA,NA,NA,NA,No,4,14
Group_1,3ecef783f6efc2180ba7cf96119ad54902bc45452b2538cc6fffe19dbf66bf3e,No,speaker_identity_check,NA,Questionnaire,NA,other_non_err_detection,NA,NA,NA,NA,No,5,14
Group_1,3ecef783f6efc2180ba7cf96119ad54902bc45452b2538cc6fffe19dbf66bf3e,['English'],native_language,NA,Questionnaire,NA,other_non_err_detection,NA,NA,NA,NA,No,6,14
Group_1,3ecef783f6efc2180ba7cf96119ad54902bc45452b2538cc6fffe19dbf66bf3e,No,household_accent,NA,Questionnaire,NA,other_non_err_detection,NA,NA,NA,NA,No,7,14
Group_1,3ecef783f6efc2180ba7cf96119ad54902bc45452b2538cc6fffe19dbf66bf3e,No,current_accent,NA,Questionnaire,NA,other_non_err_detection,NA,NA,NA,NA,No,8,14
Group_1,3ecef783f6efc2180ba7cf96119ad54902bc45452b2538cc6fffe19dbf66bf3e,2,exposure_spanish_accent,NA,Questionnaire,NA,other_non_err_detection,NA,NA,NA,NA,No,9,14
Group_1,3ecef783f6efc2180ba7cf96119ad54902bc45452b2538cc6fffe19dbf66bf3e,2,exposure_spanish,NA,Questionnaire,NA,other_non_err_detection,NA,NA,NA,NA,No,10,14
Group_1,3ecef783f6efc2180ba7cf96119ad54902bc45452b2538cc6fffe19dbf66bf3e,Yes,same_state_5_year,NA,Questionnaire,NA,other_non_err_detection,NA,NA,NA,NA,No,11,14
Group_1,3ecef783f6efc2180ba7cf96119ad54902bc45452b2538cc6fffe19dbf66bf3e,Yes,same_state_5_year_yes,NA,Questionnaire,NA,other_non_err_detection,NA,NA,NA,NA,No,12,14
Group_1,3ecef783f6efc2180ba7cf96119ad54902bc45452b2538cc6fffe19dbf66bf3e,NA,questionnaire_part3_begin,NA,Questionnaire,NA,other_non_err_detection,NA,NA,NA,NA,No,13,14
Group_1,3ecef783f6efc2180ba7cf96119ad54902bc45452b2538cc6fffe19dbf66bf3e,Male,gender,NA,Questionnaire,NA,other_non_err_detection,NA,NA,NA,NA,No,14,14
Group_1,3ecef783f6efc2180ba7cf96119ad54902bc45452b2538cc6fffe19dbf66bf3e,"['American Indian or Alaska Native', 'White']",race/ethnicity,NA,Questionnaire,NA,other_non_err_detection,NA,NA,NA,NA,No,15,14
Group_1,3ecef783f6efc2180ba7cf96119ad54902bc45452b2538cc6fffe19dbf66bf3e,2- or 4-year college degree,highest_level_edu,NA,Questionnaire,NA,other_non_err_detection,NA,NA,NA,NA,No,16,14
Group_1,3ecef783f6efc2180ba7cf96119ad54902bc45452b2538cc6fffe19dbf66bf3e,No,learnDis,NA,Questionnaire,NA,other_non_err_detection,NA,NA,NA,NA,No,17,14
Group_1,3ecef783f6efc2180ba7cf96119ad54902bc45452b2538cc6fffe19dbf66bf3e,No,attention,NA,Questionnaire,NA,other_non_err_detection,NA,NA,NA,NA,No,18,14
Group_1,3ecef783f6efc2180ba7cf96119ad54902bc45452b2538cc6fffe19dbf66bf3e,No,headInjury,NA,Questionnaire,NA,other_non_err_detection,NA,NA,NA,NA,No,19,14
Group_1,3ecef783f6efc2180ba7cf96119ad54902bc45452b2538cc6fffe19dbf66bf3e,No,neuroImpair,NA,Questionnaire,NA,other_non_err_detection,NA,NA,NA,NA,No,20,14
Group_1,3ecef783f6efc2180ba7cf96119ad54902bc45452b2538cc6fffe19dbf66bf3e,Indian,trivia_accent_identification,NA,Questionnaire,NA,other_non_err_detection,NA,NA,NA,NA,No,21,14
Group_1,3ecef783f6efc2180ba7cf96119ad54902bc45452b2538cc6fffe19dbf66bf3e,Accent from speaking spanish,transcription_accent_identification,NA,Questionnaire,NA,other_non_err_detection,NA,NA,NA,NA,No,22,14
Group_1,3ecef783f6efc2180ba7cf96119ad54902bc45452b2538cc6fffe19dbf66bf3e,No,task_experience,NA,Questionnaire,NA,other_non_err_detection,NA,NA,NA,NA,No,23,14
Group_1,3ecef783f6efc2180ba7cf96119ad54902bc45452b2538cc6fffe19dbf66bf3e,"All my closest associates, friends, and parents speak with an American accent.",most_frequent_accent,NA,Questionnaire,NA,other_non_err_detection,NA,NA,NA,NA,No,24,14
Group_1,3ecef783f6efc2180ba7cf96119ad54902bc45452b2538cc6fffe19dbf66bf3e,I took two years of Spanish in High School. I often listen to Spanish music.,additional_language_experience,NA,Questionnaire,NA,other_non_err_detection,NA,NA,NA,NA,No,25,14
Group_1,3ecef783f6efc2180ba7cf96119ad54902bc45452b2538cc6fffe19dbf66bf3e,Washington,origin_state,NA,Questionnaire,NA,other_non_err_detection,NA,NA,NA,NA,No,26,14
Group_1,3ecef783f6efc2180ba7cf96119ad54902bc45452b2538cc6fffe19dbf66bf3e,99218,origin_zipcode,NA,Questionnaire,NA,other_non_err_detection,NA,NA,NA,NA,No,27,14
Group_1,3ecef783f6efc2180ba7cf96119ad54902bc45452b2538cc6fffe19dbf66bf3e,Washington,current_state,NA,Questionnaire,NA,other_non_err_detection,NA,NA,NA,NA,No,28,14
Group_1,3ecef783f6efc2180ba7cf96119ad54902bc45452b2538cc6fffe19dbf66bf3e,99180,current_zipcode,NA,Questionnaire,NA,other_non_err_detection,NA,NA,NA,NA,No,29,14
Group_1,3ecef783f6efc2180ba7cf96119ad54902bc45452b2538cc6fffe19dbf66bf3e,NA,same_state_5_year_no,NA,Questionnaire,NA,other_non_err_detection,NA,NA,NA,NA,No,30,14
Group_1,3ecef783f6efc2180ba7cf96119ad54902bc45452b2538cc6fffe19dbf66bf3e,33,age,NA,Questionnaire,NA,other_non_err_detection,NA,NA,NA,NA,No,31,14
Group_1,3ecef783f6efc2180ba7cf96119ad54902bc45452b2538cc6fffe19dbf66bf3e,NA,diseaseDetail,NA,Questionnaire,NA,other_non_err_detection,NA,NA,NA,NA,No,32,14
Group_1,3ecef783f6efc2180ba7cf96119ad54902bc45452b2538cc6fffe19dbf66bf3e,Give a slightly longer estimate for intended completion time.,suggestions_improvement,NA,Questionnaire,NA,other_non_err_detection,NA,NA,NA,NA,No,33,14
Group_1,3ecef783f6efc2180ba7cf96119ad54902bc45452b2538cc6fffe19dbf66bf3e,No,technical_issues,NA,Questionnaire,NA,other_non_err_detection,NA,NA,NA,NA,No,34,14
Group_4,425668930f62daf7e24db6e26b958d18f750bcbf97d551ec702fb1f617badf38,4,instruction_clarity,NA,Questionnaire,NA,other_non_err_detection,NA,NA,NA,NA,No,1,15
Group_4,425668930f62daf7e24db6e26b958d18f750bcbf97d551ec702fb1f617badf38,4,error_detection_difficulty,NA,Questionnaire,NA,other_non_err_detection,NA,NA,NA,NA,No,2,15
Group_4,425668930f62daf7e24db6e26b958d18f750bcbf97d551ec702fb1f617badf38,2,trivia_accent_strength,NA,Questionnaire,NA,other_non_err_detection,NA,NA,NA,NA,No,3,15
Group_4,425668930f62daf7e24db6e26b958d18f750bcbf97d551ec702fb1f617badf38,3,transcription_accent_strength,NA,Questionnaire,NA,other_non_err_detection,NA,NA,NA,NA,No,4,15
Group_4,425668930f62daf7e24db6e26b958d18f750bcbf97d551ec702fb1f617badf38,No,speaker_identity_check,NA,Questionnaire,NA,other_non_err_detection,NA,NA,NA,NA,No,5,15
Group_4,425668930f62daf7e24db6e26b958d18f750bcbf97d551ec702fb1f617badf38,['English'],native_language,NA,Questionnaire,NA,other_non_err_detection,NA,NA,NA,NA,No,6,15
Group_4,425668930f62daf7e24db6e26b958d18f750bcbf97d551ec702fb1f617badf38,No,household_accent,NA,Questionnaire,NA,other_non_err_detection,NA,NA,NA,NA,No,7,15
Group_4,425668930f62daf7e24db6e26b958d18f750bcbf97d551ec702fb1f617badf38,No,current_accent,NA,Questionnaire,NA,other_non_err_detection,NA,NA,NA,NA,No,8,15
Group_4,425668930f62daf7e24db6e26b958d18f750bcbf97d551ec702fb1f617badf38,3,exposure_spanish_accent,NA,Questionnaire,NA,other_non_err_detection,NA,NA,NA,NA,No,9,15
Group_4,425668930f62daf7e24db6e26b958d18f750bcbf97d551ec702fb1f617badf38,4,exposure_spanish,NA,Questionnaire,NA,other_non_err_detection,NA,NA,NA,NA,No,10,15
Group_4,425668930f62daf7e24db6e26b958d18f750bcbf97d551ec702fb1f617badf38,Yes,same_state_5_year,NA,Questionnaire,NA,other_non_err_detection,NA,NA,NA,NA,No,11,15
Group_4,425668930f62daf7e24db6e26b958d18f750bcbf97d551ec702fb1f617badf38,This doesn't apply to me becuase I answered 'No' previously,same_state_5_year_yes,NA,Questionnaire,NA,other_non_err_detection,NA,NA,NA,NA,No,12,15
Group_4,425668930f62daf7e24db6e26b958d18f750bcbf97d551ec702fb1f617badf38,NA,questionnaire_part3_begin,NA,Questionnaire,NA,other_non_err_detection,NA,NA,NA,NA,No,13,15
Group_4,425668930f62daf7e24db6e26b958d18f750bcbf97d551ec702fb1f617badf38,Female,gender,NA,Questionnaire,NA,other_non_err_detection,NA,NA,NA,NA,No,14,15
Group_4,425668930f62daf7e24db6e26b958d18f750bcbf97d551ec702fb1f617badf38,"['Black or African American', 'White']",race/ethnicity,NA,Questionnaire,NA,other_non_err_detection,NA,NA,NA,NA,No,15,15
Group_4,425668930f62daf7e24db6e26b958d18f750bcbf97d551ec702fb1f617badf38,Some college,highest_level_edu,NA,Questionnaire,NA,other_non_err_detection,NA,NA,NA,NA,No,16,15
Group_4,425668930f62daf7e24db6e26b958d18f750bcbf97d551ec702fb1f617badf38,No,learnDis,NA,Questionnaire,NA,other_non_err_detection,NA,NA,NA,NA,No,17,15
Group_4,425668930f62daf7e24db6e26b958d18f750bcbf97d551ec702fb1f617badf38,No,attention,NA,Questionnaire,NA,other_non_err_detection,NA,NA,NA,NA,No,18,15
Group_4,425668930f62daf7e24db6e26b958d18f750bcbf97d551ec702fb1f617badf38,No,headInjury,NA,Questionnaire,NA,other_non_err_detection,NA,NA,NA,NA,No,19,15
Group_4,425668930f62daf7e24db6e26b958d18f750bcbf97d551ec702fb1f617badf38,No,neuroImpair,NA,Questionnaire,NA,other_non_err_detection,NA,NA,NA,NA,No,20,15
Group_4,425668930f62daf7e24db6e26b958d18f750bcbf97d551ec702fb1f617badf38,Latin/Hispanic,trivia_accent_identification,NA,Questionnaire,NA,other_non_err_detection,NA,NA,NA,NA,No,21,15
Group_4,425668930f62daf7e24db6e26b958d18f750bcbf97d551ec702fb1f617badf38,Chinese/Asian/PI,transcription_accent_identification,NA,Questionnaire,NA,other_non_err_detection,NA,NA,NA,NA,No,22,15
Group_4,425668930f62daf7e24db6e26b958d18f750bcbf97d551ec702fb1f617badf38,just a little tricky sometimes,task_experience,NA,Questionnaire,NA,other_non_err_detection,NA,NA,NA,NA,No,23,15
Group_4,425668930f62daf7e24db6e26b958d18f750bcbf97d551ec702fb1f617badf38,"my mom, my bff - American
partner - American
colleagues - Asian and Latin",most_frequent_accent,NA,Questionnaire,NA,other_non_err_detection,NA,NA,NA,NA,No,24,15
Group_4,425668930f62daf7e24db6e26b958d18f750bcbf97d551ec702fb1f617badf38,Worked guest-facing customer service setting in international shopping destination for 10 years,additional_language_experience,NA,Questionnaire,NA,other_non_err_detection,NA,NA,NA,NA,No,25,15
Group_4,425668930f62daf7e24db6e26b958d18f750bcbf97d551ec702fb1f617badf38,Nevada,origin_state,NA,Questionnaire,NA,other_non_err_detection,NA,NA,NA,NA,No,26,15
Group_4,425668930f62daf7e24db6e26b958d18f750bcbf97d551ec702fb1f617badf38,89101,origin_zipcode,NA,Questionnaire,NA,other_non_err_detection,NA,NA,NA,NA,No,27,15
Group_4,425668930f62daf7e24db6e26b958d18f750bcbf97d551ec702fb1f617badf38,Arizona,current_state,NA,Questionnaire,NA,other_non_err_detection,NA,NA,NA,NA,No,28,15
Group_4,425668930f62daf7e24db6e26b958d18f750bcbf97d551ec702fb1f617badf38,85713,current_zipcode,NA,Questionnaire,NA,other_non_err_detection,NA,NA,NA,NA,No,29,15
Group_4,425668930f62daf7e24db6e26b958d18f750bcbf97d551ec702fb1f617badf38,na,same_state_5_year_no,NA,Questionnaire,NA,other_non_err_detection,NA,NA,NA,NA,No,30,15
Group_4,425668930f62daf7e24db6e26b958d18f750bcbf97d551ec702fb1f617badf38,31,age,NA,Questionnaire,NA,other_non_err_detection,NA,NA,NA,NA,No,31,15
Group_4,425668930f62daf7e24db6e26b958d18f750bcbf97d551ec702fb1f617badf38,na,diseaseDetail,NA,Questionnaire,NA,other_non_err_detection,NA,NA,NA,NA,No,32,15
Group_4,425668930f62daf7e24db6e26b958d18f750bcbf97d551ec702fb1f617badf38,na,suggestions_improvement,NA,Questionnaire,NA,other_non_err_detection,NA,NA,NA,NA,No,33,15
Group_4,425668930f62daf7e24db6e26b958d18f750bcbf97d551ec702fb1f617badf38,na,technical_issues,NA,Questionnaire,NA,other_non_err_detection,NA,NA,NA,NA,No,34,15
Group_1,436498e5af3776e164fe3dfb37cad36c095d34ba0cf917ade4f7519ffcb5cf12,4,instruction_clarity,NA,Questionnaire,NA,other_non_err_detection,NA,NA,NA,NA,No,1,16
Group_1,436498e5af3776e164fe3dfb37cad36c095d34ba0cf917ade4f7519ffcb5cf12,5,error_detection_difficulty,NA,Questionnaire,NA,other_non_err_detection,NA,NA,NA,NA,No,2,16
Group_1,436498e5af3776e164fe3dfb37cad36c095d34ba0cf917ade4f7519ffcb5cf12,5,trivia_accent_strength,NA,Questionnaire,NA,other_non_err_detection,NA,NA,NA,NA,No,3,16
Group_1,436498e5af3776e164fe3dfb37cad36c095d34ba0cf917ade4f7519ffcb5cf12,5,transcription_accent_strength,NA,Questionnaire,NA,other_non_err_detection,NA,NA,NA,NA,No,4,16
Group_1,436498e5af3776e164fe3dfb37cad36c095d34ba0cf917ade4f7519ffcb5cf12,Yes,speaker_identity_check,NA,Questionnaire,NA,other_non_err_detection,NA,NA,NA,NA,No,5,16
Group_1,436498e5af3776e164fe3dfb37cad36c095d34ba0cf917ade4f7519ffcb5cf12,['English'],native_language,NA,Questionnaire,NA,other_non_err_detection,NA,NA,NA,NA,No,6,16
Group_1,436498e5af3776e164fe3dfb37cad36c095d34ba0cf917ade4f7519ffcb5cf12,No,household_accent,NA,Questionnaire,NA,other_non_err_detection,NA,NA,NA,NA,No,7,16
Group_1,436498e5af3776e164fe3dfb37cad36c095d34ba0cf917ade4f7519ffcb5cf12,No,current_accent,NA,Questionnaire,NA,other_non_err_detection,NA,NA,NA,NA,No,8,16
Group_1,436498e5af3776e164fe3dfb37cad36c095d34ba0cf917ade4f7519ffcb5cf12,2,exposure_spanish_accent,NA,Questionnaire,NA,other_non_err_detection,NA,NA,NA,NA,No,9,16
Group_1,436498e5af3776e164fe3dfb37cad36c095d34ba0cf917ade4f7519ffcb5cf12,2,exposure_spanish,NA,Questionnaire,NA,other_non_err_detection,NA,NA,NA,NA,No,10,16
Group_1,436498e5af3776e164fe3dfb37cad36c095d34ba0cf917ade4f7519ffcb5cf12,Yes,same_state_5_year,NA,Questionnaire,NA,other_non_err_detection,NA,NA,NA,NA,No,11,16
Group_1,436498e5af3776e164fe3dfb37cad36c095d34ba0cf917ade4f7519ffcb5cf12,This doesn't apply to me becuase I answered 'No' previously,same_state_5_year_yes,NA,Questionnaire,NA,other_non_err_detection,NA,NA,NA,NA,No,12,16
Group_1,436498e5af3776e164fe3dfb37cad36c095d34ba0cf917ade4f7519ffcb5cf12,NA,questionnaire_part3_begin,NA,Questionnaire,NA,other_non_err_detection,NA,NA,NA,NA,No,13,16
Group_1,436498e5af3776e164fe3dfb37cad36c095d34ba0cf917ade4f7519ffcb5cf12,Female,gender,NA,Questionnaire,NA,other_non_err_detection,NA,NA,NA,NA,No,14,16
Group_1,436498e5af3776e164fe3dfb37cad36c095d34ba0cf917ade4f7519ffcb5cf12,"['Black or African American', 'Hispanic or Latino']",race/ethnicity,NA,Questionnaire,NA,other_non_err_detection,NA,NA,NA,NA,No,15,16
Group_1,436498e5af3776e164fe3dfb37cad36c095d34ba0cf917ade4f7519ffcb5cf12,Some college,highest_level_edu,NA,Questionnaire,NA,other_non_err_detection,NA,NA,NA,NA,No,16,16
Group_1,436498e5af3776e164fe3dfb37cad36c095d34ba0cf917ade4f7519ffcb5cf12,No,learnDis,NA,Questionnaire,NA,other_non_err_detection,NA,NA,NA,NA,No,17,16
Group_1,436498e5af3776e164fe3dfb37cad36c095d34ba0cf917ade4f7519ffcb5cf12,No,attention,NA,Questionnaire,NA,other_non_err_detection,NA,NA,NA,NA,No,18,16
Group_1,436498e5af3776e164fe3dfb37cad36c095d34ba0cf917ade4f7519ffcb5cf12,No,headInjury,NA,Questionnaire,NA,other_non_err_detection,NA,NA,NA,NA,No,19,16
Group_1,436498e5af3776e164fe3dfb37cad36c095d34ba0cf917ade4f7519ffcb5cf12,No,neuroImpair,NA,Questionnaire,NA,other_non_err_detection,NA,NA,NA,NA,No,20,16
Group_1,436498e5af3776e164fe3dfb37cad36c095d34ba0cf917ade4f7519ffcb5cf12,spanish,trivia_accent_identification,NA,Questionnaire,NA,other_non_err_detection,NA,NA,NA,NA,No,21,16
Group_1,436498e5af3776e164fe3dfb37cad36c095d34ba0cf917ade4f7519ffcb5cf12,spanish,transcription_accent_identification,NA,Questionnaire,NA,other_non_err_detection,NA,NA,NA,NA,No,22,16
Group_1,436498e5af3776e164fe3dfb37cad36c095d34ba0cf917ade4f7519ffcb5cf12,frustrating could only listen once on transcriptions,task_experience,NA,Questionnaire,NA,other_non_err_detection,NA,NA,NA,NA,No,23,16
Group_1,436498e5af3776e164fe3dfb37cad36c095d34ba0cf917ade4f7519ffcb5cf12,"mom, father, brother, sister; american",most_frequent_accent,NA,Questionnaire,NA,other_non_err_detection,NA,NA,NA,NA,No,24,16
Group_1,436498e5af3776e164fe3dfb37cad36c095d34ba0cf917ade4f7519ffcb5cf12,"I learned spanish in high school, visited spanish speak family, have spanish speaking neighbors, had school friends who spoke french/creole. I listen to latin music and watch spanish speaking films with captions.",additional_language_experience,NA,Questionnaire,NA,other_non_err_detection,NA,NA,NA,NA,No,25,16
Group_1,436498e5af3776e164fe3dfb37cad36c095d34ba0cf917ade4f7519ffcb5cf12,new york,origin_state,NA,Questionnaire,NA,other_non_err_detection,NA,NA,NA,NA,No,26,16
Group_1,436498e5af3776e164fe3dfb37cad36c095d34ba0cf917ade4f7519ffcb5cf12,"brooklyn, ny",origin_zipcode,NA,Questionnaire,NA,other_non_err_detection,NA,NA,NA,NA,No,27,16
Group_1,436498e5af3776e164fe3dfb37cad36c095d34ba0cf917ade4f7519ffcb5cf12,florida,current_state,NA,Questionnaire,NA,other_non_err_detection,NA,NA,NA,NA,No,28,16
Group_1,436498e5af3776e164fe3dfb37cad36c095d34ba0cf917ade4f7519ffcb5cf12,33980,current_zipcode,NA,Questionnaire,NA,other_non_err_detection,NA,NA,NA,NA,No,29,16
Group_1,436498e5af3776e164fe3dfb37cad36c095d34ba0cf917ade4f7519ffcb5cf12,NA,same_state_5_year_no,NA,Questionnaire,NA,other_non_err_detection,NA,NA,NA,NA,No,30,16
Group_1,436498e5af3776e164fe3dfb37cad36c095d34ba0cf917ade4f7519ffcb5cf12,34,age,NA,Questionnaire,NA,other_non_err_detection,NA,NA,NA,NA,No,31,16
Group_1,436498e5af3776e164fe3dfb37cad36c095d34ba0cf917ade4f7519ffcb5cf12,NA,diseaseDetail,NA,Questionnaire,NA,other_non_err_detection,NA,NA,NA,NA,No,32,16
Group_1,436498e5af3776e164fe3dfb37cad36c095d34ba0cf917ade4f7519ffcb5cf12,listen to audio more than once,suggestions_improvement,NA,Questionnaire,NA,other_non_err_detection,NA,NA,NA,NA,No,33,16
Group_1,436498e5af3776e164fe3dfb37cad36c095d34ba0cf917ade4f7519ffcb5cf12,none,technical_issues,NA,Questionnaire,NA,other_non_err_detection,NA,NA,NA,NA,No,34,16
Group_2,450f667822cf6d6acdc03ede05004628f82a9a74ddafb2379f2020243f0cfc40,2,instruction_clarity,NA,Questionnaire,NA,other_non_err_detection,NA,NA,NA,NA,No,1,17
Group_2,450f667822cf6d6acdc03ede05004628f82a9a74ddafb2379f2020243f0cfc40,2,error_detection_difficulty,NA,Questionnaire,NA,other_non_err_detection,NA,NA,NA,NA,No,2,17
Group_2,450f667822cf6d6acdc03ede05004628f82a9a74ddafb2379f2020243f0cfc40,4,trivia_accent_strength,NA,Questionnaire,NA,other_non_err_detection,NA,NA,NA,NA,No,3,17
Group_2,450f667822cf6d6acdc03ede05004628f82a9a74ddafb2379f2020243f0cfc40,5,transcription_accent_strength,NA,Questionnaire,NA,other_non_err_detection,NA,NA,NA,NA,No,4,17
Group_2,450f667822cf6d6acdc03ede05004628f82a9a74ddafb2379f2020243f0cfc40,Yes,speaker_identity_check,NA,Questionnaire,NA,other_non_err_detection,NA,NA,NA,NA,No,5,17
Group_2,450f667822cf6d6acdc03ede05004628f82a9a74ddafb2379f2020243f0cfc40,['English'],native_language,NA,Questionnaire,NA,other_non_err_detection,NA,NA,NA,NA,No,6,17
Group_2,450f667822cf6d6acdc03ede05004628f82a9a74ddafb2379f2020243f0cfc40,No,household_accent,NA,Questionnaire,NA,other_non_err_detection,NA,NA,NA,NA,No,7,17
Group_2,450f667822cf6d6acdc03ede05004628f82a9a74ddafb2379f2020243f0cfc40,No,current_accent,NA,Questionnaire,NA,other_non_err_detection,NA,NA,NA,NA,No,8,17
Group_2,450f667822cf6d6acdc03ede05004628f82a9a74ddafb2379f2020243f0cfc40,1,exposure_spanish_accent,NA,Questionnaire,NA,other_non_err_detection,NA,NA,NA,NA,No,9,17
Group_2,450f667822cf6d6acdc03ede05004628f82a9a74ddafb2379f2020243f0cfc40,1,exposure_spanish,NA,Questionnaire,NA,other_non_err_detection,NA,NA,NA,NA,No,10,17
Group_2,450f667822cf6d6acdc03ede05004628f82a9a74ddafb2379f2020243f0cfc40,No,same_state_5_year,NA,Questionnaire,NA,other_non_err_detection,NA,NA,NA,NA,No,11,17
Group_2,450f667822cf6d6acdc03ede05004628f82a9a74ddafb2379f2020243f0cfc40,No,same_state_5_year_yes,NA,Questionnaire,NA,other_non_err_detection,NA,NA,NA,NA,No,12,17
Group_2,450f667822cf6d6acdc03ede05004628f82a9a74ddafb2379f2020243f0cfc40,NA,questionnaire_part3_begin,NA,Questionnaire,NA,other_non_err_detection,NA,NA,NA,NA,No,13,17
Group_2,450f667822cf6d6acdc03ede05004628f82a9a74ddafb2379f2020243f0cfc40,Female,gender,NA,Questionnaire,NA,other_non_err_detection,NA,NA,NA,NA,No,14,17
Group_2,450f667822cf6d6acdc03ede05004628f82a9a74ddafb2379f2020243f0cfc40,['Black or African American'],race/ethnicity,NA,Questionnaire,NA,other_non_err_detection,NA,NA,NA,NA,No,15,17
Group_2,450f667822cf6d6acdc03ede05004628f82a9a74ddafb2379f2020243f0cfc40,Some college,highest_level_edu,NA,Questionnaire,NA,other_non_err_detection,NA,NA,NA,NA,No,16,17
Group_2,450f667822cf6d6acdc03ede05004628f82a9a74ddafb2379f2020243f0cfc40,No,learnDis,NA,Questionnaire,NA,other_non_err_detection,NA,NA,NA,NA,No,17,17
Group_2,450f667822cf6d6acdc03ede05004628f82a9a74ddafb2379f2020243f0cfc40,No,attention,NA,Questionnaire,NA,other_non_err_detection,NA,NA,NA,NA,No,18,17
Group_2,450f667822cf6d6acdc03ede05004628f82a9a74ddafb2379f2020243f0cfc40,No,headInjury,NA,Questionnaire,NA,other_non_err_detection,NA,NA,NA,NA,No,19,17
Group_2,450f667822cf6d6acdc03ede05004628f82a9a74ddafb2379f2020243f0cfc40,No,neuroImpair,NA,Questionnaire,NA,other_non_err_detection,NA,NA,NA,NA,No,20,17
Group_2,450f667822cf6d6acdc03ede05004628f82a9a74ddafb2379f2020243f0cfc40,Spanish,trivia_accent_identification,NA,Questionnaire,NA,other_non_err_detection,NA,NA,NA,NA,No,21,17
Group_2,450f667822cf6d6acdc03ede05004628f82a9a74ddafb2379f2020243f0cfc40,SPanish,transcription_accent_identification,NA,Questionnaire,NA,other_non_err_detection,NA,NA,NA,NA,No,22,17
Group_2,450f667822cf6d6acdc03ede05004628f82a9a74ddafb2379f2020243f0cfc40,Hard to understand transcription,task_experience,NA,Questionnaire,NA,other_non_err_detection,NA,NA,NA,NA,No,23,17
Group_2,450f667822cf6d6acdc03ede05004628f82a9a74ddafb2379f2020243f0cfc40,American,most_frequent_accent,NA,Questionnaire,NA,other_non_err_detection,NA,NA,NA,NA,No,24,17
Group_2,450f667822cf6d6acdc03ede05004628f82a9a74ddafb2379f2020243f0cfc40,none,additional_language_experience,NA,Questionnaire,NA,other_non_err_detection,NA,NA,NA,NA,No,25,17
Group_2,450f667822cf6d6acdc03ede05004628f82a9a74ddafb2379f2020243f0cfc40,Texas,origin_state,NA,Questionnaire,NA,other_non_err_detection,NA,NA,NA,NA,No,26,17
Group_2,450f667822cf6d6acdc03ede05004628f82a9a74ddafb2379f2020243f0cfc40,fort worth,origin_zipcode,NA,Questionnaire,NA,other_non_err_detection,NA,NA,NA,NA,No,27,17
Group_2,450f667822cf6d6acdc03ede05004628f82a9a74ddafb2379f2020243f0cfc40,Pennsylvania,current_state,NA,Questionnaire,NA,other_non_err_detection,NA,NA,NA,NA,No,28,17
Group_2,450f667822cf6d6acdc03ede05004628f82a9a74ddafb2379f2020243f0cfc40,19138,current_zipcode,NA,Questionnaire,NA,other_non_err_detection,NA,NA,NA,NA,No,29,17
Group_2,450f667822cf6d6acdc03ede05004628f82a9a74ddafb2379f2020243f0cfc40,Colorado,same_state_5_year_no,NA,Questionnaire,NA,other_non_err_detection,NA,NA,NA,NA,No,30,17
Group_2,450f667822cf6d6acdc03ede05004628f82a9a74ddafb2379f2020243f0cfc40,42,age,NA,Questionnaire,NA,other_non_err_detection,NA,NA,NA,NA,No,31,17
Group_2,450f667822cf6d6acdc03ede05004628f82a9a74ddafb2379f2020243f0cfc40,NA,diseaseDetail,NA,Questionnaire,NA,other_non_err_detection,NA,NA,NA,NA,No,32,17
Group_2,450f667822cf6d6acdc03ede05004628f82a9a74ddafb2379f2020243f0cfc40,shorter,suggestions_improvement,NA,Questionnaire,NA,other_non_err_detection,NA,NA,NA,NA,No,33,17
Group_2,450f667822cf6d6acdc03ede05004628f82a9a74ddafb2379f2020243f0cfc40,no,technical_issues,NA,Questionnaire,NA,other_non_err_detection,NA,NA,NA,NA,No,34,17
Group_3,4b29f2e4aa547965f5e9a07b6b6f1c6f3858b47bfbc87c6954fa20cce36a82c9,4,instruction_clarity,NA,Questionnaire,NA,other_non_err_detection,NA,NA,NA,NA,No,1,18
Group_3,4b29f2e4aa547965f5e9a07b6b6f1c6f3858b47bfbc87c6954fa20cce36a82c9,4,error_detection_difficulty,NA,Questionnaire,NA,other_non_err_detection,NA,NA,NA,NA,No,2,18
Group_3,4b29f2e4aa547965f5e9a07b6b6f1c6f3858b47bfbc87c6954fa20cce36a82c9,4,trivia_accent_strength,NA,Questionnaire,NA,other_non_err_detection,NA,NA,NA,NA,No,3,18
Group_3,4b29f2e4aa547965f5e9a07b6b6f1c6f3858b47bfbc87c6954fa20cce36a82c9,5,transcription_accent_strength,NA,Questionnaire,NA,other_non_err_detection,NA,NA,NA,NA,No,4,18
Group_3,4b29f2e4aa547965f5e9a07b6b6f1c6f3858b47bfbc87c6954fa20cce36a82c9,Yes,speaker_identity_check,NA,Questionnaire,NA,other_non_err_detection,NA,NA,NA,NA,No,5,18
Group_3,4b29f2e4aa547965f5e9a07b6b6f1c6f3858b47bfbc87c6954fa20cce36a82c9,['English'],native_language,NA,Questionnaire,NA,other_non_err_detection,NA,NA,NA,NA,No,6,18
Group_3,4b29f2e4aa547965f5e9a07b6b6f1c6f3858b47bfbc87c6954fa20cce36a82c9,No,household_accent,NA,Questionnaire,NA,other_non_err_detection,NA,NA,NA,NA,No,7,18
Group_3,4b29f2e4aa547965f5e9a07b6b6f1c6f3858b47bfbc87c6954fa20cce36a82c9,No,current_accent,NA,Questionnaire,NA,other_non_err_detection,NA,NA,NA,NA,No,8,18
Group_3,4b29f2e4aa547965f5e9a07b6b6f1c6f3858b47bfbc87c6954fa20cce36a82c9,2,exposure_spanish_accent,NA,Questionnaire,NA,other_non_err_detection,NA,NA,NA,NA,No,9,18
Group_3,4b29f2e4aa547965f5e9a07b6b6f1c6f3858b47bfbc87c6954fa20cce36a82c9,2,exposure_spanish,NA,Questionnaire,NA,other_non_err_detection,NA,NA,NA,NA,No,10,18
Group_3,4b29f2e4aa547965f5e9a07b6b6f1c6f3858b47bfbc87c6954fa20cce36a82c9,Yes,same_state_5_year,NA,Questionnaire,NA,other_non_err_detection,NA,NA,NA,NA,No,11,18
Group_3,4b29f2e4aa547965f5e9a07b6b6f1c6f3858b47bfbc87c6954fa20cce36a82c9,Yes,same_state_5_year_yes,NA,Questionnaire,NA,other_non_err_detection,NA,NA,NA,NA,No,12,18
Group_3,4b29f2e4aa547965f5e9a07b6b6f1c6f3858b47bfbc87c6954fa20cce36a82c9,NA,questionnaire_part3_begin,NA,Questionnaire,NA,other_non_err_detection,NA,NA,NA,NA,No,13,18
Group_3,4b29f2e4aa547965f5e9a07b6b6f1c6f3858b47bfbc87c6954fa20cce36a82c9,Female,gender,NA,Questionnaire,NA,other_non_err_detection,NA,NA,NA,NA,No,14,18
Group_3,4b29f2e4aa547965f5e9a07b6b6f1c6f3858b47bfbc87c6954fa20cce36a82c9,['Black or African American'],race/ethnicity,NA,Questionnaire,NA,other_non_err_detection,NA,NA,NA,NA,No,15,18
Group_3,4b29f2e4aa547965f5e9a07b6b6f1c6f3858b47bfbc87c6954fa20cce36a82c9,2- or 4-year college degree,highest_level_edu,NA,Questionnaire,NA,other_non_err_detection,NA,NA,NA,NA,No,16,18
Group_3,4b29f2e4aa547965f5e9a07b6b6f1c6f3858b47bfbc87c6954fa20cce36a82c9,No,learnDis,NA,Questionnaire,NA,other_non_err_detection,NA,NA,NA,NA,No,17,18
Group_3,4b29f2e4aa547965f5e9a07b6b6f1c6f3858b47bfbc87c6954fa20cce36a82c9,No,attention,NA,Questionnaire,NA,other_non_err_detection,NA,NA,NA,NA,No,18,18
Group_3,4b29f2e4aa547965f5e9a07b6b6f1c6f3858b47bfbc87c6954fa20cce36a82c9,No,headInjury,NA,Questionnaire,NA,other_non_err_detection,NA,NA,NA,NA,No,19,18
Group_3,4b29f2e4aa547965f5e9a07b6b6f1c6f3858b47bfbc87c6954fa20cce36a82c9,No,neuroImpair,NA,Questionnaire,NA,other_non_err_detection,NA,NA,NA,NA,No,20,18
Group_3,4b29f2e4aa547965f5e9a07b6b6f1c6f3858b47bfbc87c6954fa20cce36a82c9,unsure maybe french or latin,trivia_accent_identification,NA,Questionnaire,NA,other_non_err_detection,NA,NA,NA,NA,No,21,18
Group_3,4b29f2e4aa547965f5e9a07b6b6f1c6f3858b47bfbc87c6954fa20cce36a82c9,unsure,transcription_accent_identification,NA,Questionnaire,NA,other_non_err_detection,NA,NA,NA,NA,No,22,18
Group_3,4b29f2e4aa547965f5e9a07b6b6f1c6f3858b47bfbc87c6954fa20cce36a82c9,The static during the transcription was frustrating as it made me miss some parts of the sentence.,task_experience,NA,Questionnaire,NA,other_non_err_detection,NA,NA,NA,NA,No,23,18
Group_3,4b29f2e4aa547965f5e9a07b6b6f1c6f3858b47bfbc87c6954fa20cce36a82c9,American,most_frequent_accent,NA,Questionnaire,NA,other_non_err_detection,NA,NA,NA,NA,No,24,18
Group_3,4b29f2e4aa547965f5e9a07b6b6f1c6f3858b47bfbc87c6954fa20cce36a82c9,I learned spanish in college but still don't completely understand the language,additional_language_experience,NA,Questionnaire,NA,other_non_err_detection,NA,NA,NA,NA,No,25,18
Group_3,4b29f2e4aa547965f5e9a07b6b6f1c6f3858b47bfbc87c6954fa20cce36a82c9,Los Angeles,origin_state,NA,Questionnaire,NA,other_non_err_detection,NA,NA,NA,NA,No,26,18
Group_3,4b29f2e4aa547965f5e9a07b6b6f1c6f3858b47bfbc87c6954fa20cce36a82c9,"Los Angeles, CA",origin_zipcode,NA,Questionnaire,NA,other_non_err_detection,NA,NA,NA,NA,No,27,18
Group_3,4b29f2e4aa547965f5e9a07b6b6f1c6f3858b47bfbc87c6954fa20cce36a82c9,Arizona,current_state,NA,Questionnaire,NA,other_non_err_detection,NA,NA,NA,NA,No,28,18
Group_3,4b29f2e4aa547965f5e9a07b6b6f1c6f3858b47bfbc87c6954fa20cce36a82c9,85041,current_zipcode,NA,Questionnaire,NA,other_non_err_detection,NA,NA,NA,NA,No,29,18
Group_3,4b29f2e4aa547965f5e9a07b6b6f1c6f3858b47bfbc87c6954fa20cce36a82c9,na,same_state_5_year_no,NA,Questionnaire,NA,other_non_err_detection,NA,NA,NA,NA,No,30,18
Group_3,4b29f2e4aa547965f5e9a07b6b6f1c6f3858b47bfbc87c6954fa20cce36a82c9,29,age,NA,Questionnaire,NA,other_non_err_detection,NA,NA,NA,NA,No,31,18
Group_3,4b29f2e4aa547965f5e9a07b6b6f1c6f3858b47bfbc87c6954fa20cce36a82c9,na,diseaseDetail,NA,Questionnaire,NA,other_non_err_detection,NA,NA,NA,NA,No,32,18
Group_3,4b29f2e4aa547965f5e9a07b6b6f1c6f3858b47bfbc87c6954fa20cce36a82c9,"If possible, let future participants listen to the sentence twice instead of one time.",suggestions_improvement,NA,Questionnaire,NA,other_non_err_detection,NA,NA,NA,NA,No,33,18
Group_3,4b29f2e4aa547965f5e9a07b6b6f1c6f3858b47bfbc87c6954fa20cce36a82c9,no,technical_issues,NA,Questionnaire,NA,other_non_err_detection,NA,NA,NA,NA,No,34,18
Group_3,4be84bf59f4603abac206b9efadb14f24d6c56218e9882e6957f453055c03453,4,instruction_clarity,NA,Questionnaire,NA,other_non_err_detection,NA,NA,NA,NA,No,1,19
Group_3,4be84bf59f4603abac206b9efadb14f24d6c56218e9882e6957f453055c03453,4,error_detection_difficulty,NA,Questionnaire,NA,other_non_err_detection,NA,NA,NA,NA,No,2,19
Group_3,4be84bf59f4603abac206b9efadb14f24d6c56218e9882e6957f453055c03453,4,trivia_accent_strength,NA,Questionnaire,NA,other_non_err_detection,NA,NA,NA,NA,No,3,19
Group_3,4be84bf59f4603abac206b9efadb14f24d6c56218e9882e6957f453055c03453,3,transcription_accent_strength,NA,Questionnaire,NA,other_non_err_detection,NA,NA,NA,NA,No,4,19
Group_3,4be84bf59f4603abac206b9efadb14f24d6c56218e9882e6957f453055c03453,Yes,speaker_identity_check,NA,Questionnaire,NA,other_non_err_detection,NA,NA,NA,NA,No,5,19
Group_3,4be84bf59f4603abac206b9efadb14f24d6c56218e9882e6957f453055c03453,['English'],native_language,NA,Questionnaire,NA,other_non_err_detection,NA,NA,NA,NA,No,6,19
Group_3,4be84bf59f4603abac206b9efadb14f24d6c56218e9882e6957f453055c03453,No,household_accent,NA,Questionnaire,NA,other_non_err_detection,NA,NA,NA,NA,No,7,19
Group_3,4be84bf59f4603abac206b9efadb14f24d6c56218e9882e6957f453055c03453,"Yes, they spoke English with a foreign accent other than the Spanish accent",current_accent,NA,Questionnaire,NA,other_non_err_detection,NA,NA,NA,NA,No,8,19
Group_3,4be84bf59f4603abac206b9efadb14f24d6c56218e9882e6957f453055c03453,2,exposure_spanish_accent,NA,Questionnaire,NA,other_non_err_detection,NA,NA,NA,NA,No,9,19
Group_3,4be84bf59f4603abac206b9efadb14f24d6c56218e9882e6957f453055c03453,2,exposure_spanish,NA,Questionnaire,NA,other_non_err_detection,NA,NA,NA,NA,No,10,19
Group_3,4be84bf59f4603abac206b9efadb14f24d6c56218e9882e6957f453055c03453,Yes,same_state_5_year,NA,Questionnaire,NA,other_non_err_detection,NA,NA,NA,NA,No,11,19
Group_3,4be84bf59f4603abac206b9efadb14f24d6c56218e9882e6957f453055c03453,Yes,same_state_5_year_yes,NA,Questionnaire,NA,other_non_err_detection,NA,NA,NA,NA,No,12,19
Group_3,4be84bf59f4603abac206b9efadb14f24d6c56218e9882e6957f453055c03453,NA,questionnaire_part3_begin,NA,Questionnaire,NA,other_non_err_detection,NA,NA,NA,NA,No,13,19
Group_3,4be84bf59f4603abac206b9efadb14f24d6c56218e9882e6957f453055c03453,Male,gender,NA,Questionnaire,NA,other_non_err_detection,NA,NA,NA,NA,No,14,19
Group_3,4be84bf59f4603abac206b9efadb14f24d6c56218e9882e6957f453055c03453,['White'],race/ethnicity,NA,Questionnaire,NA,other_non_err_detection,NA,NA,NA,NA,No,15,19
Group_3,4be84bf59f4603abac206b9efadb14f24d6c56218e9882e6957f453055c03453,2- or 4-year college degree,highest_level_edu,NA,Questionnaire,NA,other_non_err_detection,NA,NA,NA,NA,No,16,19
Group_3,4be84bf59f4603abac206b9efadb14f24d6c56218e9882e6957f453055c03453,No,learnDis,NA,Questionnaire,NA,other_non_err_detection,NA,NA,NA,NA,No,17,19
Group_3,4be84bf59f4603abac206b9efadb14f24d6c56218e9882e6957f453055c03453,No,attention,NA,Questionnaire,NA,other_non_err_detection,NA,NA,NA,NA,No,18,19
Group_3,4be84bf59f4603abac206b9efadb14f24d6c56218e9882e6957f453055c03453,No,headInjury,NA,Questionnaire,NA,other_non_err_detection,NA,NA,NA,NA,No,19,19
Group_3,4be84bf59f4603abac206b9efadb14f24d6c56218e9882e6957f453055c03453,No,neuroImpair,NA,Questionnaire,NA,other_non_err_detection,NA,NA,NA,NA,No,20,19
Group_3,4be84bf59f4603abac206b9efadb14f24d6c56218e9882e6957f453055c03453,Spanish,trivia_accent_identification,NA,Questionnaire,NA,other_non_err_detection,NA,NA,NA,NA,No,21,19
Group_3,4be84bf59f4603abac206b9efadb14f24d6c56218e9882e6957f453055c03453,Spanish,transcription_accent_identification,NA,Questionnaire,NA,other_non_err_detection,NA,NA,NA,NA,No,22,19
Group_3,4be84bf59f4603abac206b9efadb14f24d6c56218e9882e6957f453055c03453,Answering twice for the questions was a little confusing.,task_experience,NA,Questionnaire,NA,other_non_err_detection,NA,NA,NA,NA,No,23,19
Group_3,4be84bf59f4603abac206b9efadb14f24d6c56218e9882e6957f453055c03453,American,most_frequent_accent,NA,Questionnaire,NA,other_non_err_detection,NA,NA,NA,NA,No,24,19
Group_3,4be84bf59f4603abac206b9efadb14f24d6c56218e9882e6957f453055c03453,I took one year of spanish in high school/ one of my roomates speaks mandarin and is from china.,additional_language_experience,NA,Questionnaire,NA,other_non_err_detection,NA,NA,NA,NA,No,25,19
Group_3,4be84bf59f4603abac206b9efadb14f24d6c56218e9882e6957f453055c03453,Idaho,origin_state,NA,Questionnaire,NA,other_non_err_detection,NA,NA,NA,NA,No,26,19
Group_3,4be84bf59f4603abac206b9efadb14f24d6c56218e9882e6957f453055c03453,83686,origin_zipcode,NA,Questionnaire,NA,other_non_err_detection,NA,NA,NA,NA,No,27,19
Group_3,4be84bf59f4603abac206b9efadb14f24d6c56218e9882e6957f453055c03453,Idaho,current_state,NA,Questionnaire,NA,other_non_err_detection,NA,NA,NA,NA,No,28,19
Group_3,4be84bf59f4603abac206b9efadb14f24d6c56218e9882e6957f453055c03453,83686,current_zipcode,NA,Questionnaire,NA,other_non_err_detection,NA,NA,NA,NA,No,29,19
Group_3,4be84bf59f4603abac206b9efadb14f24d6c56218e9882e6957f453055c03453,NA,same_state_5_year_no,NA,Questionnaire,NA,other_non_err_detection,NA,NA,NA,NA,No,30,19
Group_3,4be84bf59f4603abac206b9efadb14f24d6c56218e9882e6957f453055c03453,24,age,NA,Questionnaire,NA,other_non_err_detection,NA,NA,NA,NA,No,31,19
Group_3,4be84bf59f4603abac206b9efadb14f24d6c56218e9882e6957f453055c03453,NA,diseaseDetail,NA,Questionnaire,NA,other_non_err_detection,NA,NA,NA,NA,No,32,19
Group_3,4be84bf59f4603abac206b9efadb14f24d6c56218e9882e6957f453055c03453,Have the corections for the first part of the survey more clear on the format,suggestions_improvement,NA,Questionnaire,NA,other_non_err_detection,NA,NA,NA,NA,No,33,19
Group_3,4be84bf59f4603abac206b9efadb14f24d6c56218e9882e6957f453055c03453,no,technical_issues,NA,Questionnaire,NA,other_non_err_detection,NA,NA,NA,NA,No,34,19
Group_2,527d0d955938f3158cedbd5f03cdf9114bb2a39d09e114917499089989643a9f,5,instruction_clarity,NA,Questionnaire,NA,other_non_err_detection,NA,NA,NA,NA,No,1,20
Group_2,527d0d955938f3158cedbd5f03cdf9114bb2a39d09e114917499089989643a9f,2,error_detection_difficulty,NA,Questionnaire,NA,other_non_err_detection,NA,NA,NA,NA,No,2,20
Group_2,527d0d955938f3158cedbd5f03cdf9114bb2a39d09e114917499089989643a9f,3,trivia_accent_strength,NA,Questionnaire,NA,other_non_err_detection,NA,NA,NA,NA,No,3,20
Group_2,527d0d955938f3158cedbd5f03cdf9114bb2a39d09e114917499089989643a9f,4,transcription_accent_strength,NA,Questionnaire,NA,other_non_err_detection,NA,NA,NA,NA,No,4,20
Group_2,527d0d955938f3158cedbd5f03cdf9114bb2a39d09e114917499089989643a9f,Yes,speaker_identity_check,NA,Questionnaire,NA,other_non_err_detection,NA,NA,NA,NA,No,5,20
Group_2,527d0d955938f3158cedbd5f03cdf9114bb2a39d09e114917499089989643a9f,['English'],native_language,NA,Questionnaire,NA,other_non_err_detection,NA,NA,NA,NA,No,6,20
Group_2,527d0d955938f3158cedbd5f03cdf9114bb2a39d09e114917499089989643a9f,No,household_accent,NA,Questionnaire,NA,other_non_err_detection,NA,NA,NA,NA,No,7,20
Group_2,527d0d955938f3158cedbd5f03cdf9114bb2a39d09e114917499089989643a9f,No,current_accent,NA,Questionnaire,NA,other_non_err_detection,NA,NA,NA,NA,No,8,20
Group_2,527d0d955938f3158cedbd5f03cdf9114bb2a39d09e114917499089989643a9f,1,exposure_spanish_accent,NA,Questionnaire,NA,other_non_err_detection,NA,NA,NA,NA,No,9,20
Group_2,527d0d955938f3158cedbd5f03cdf9114bb2a39d09e114917499089989643a9f,1,exposure_spanish,NA,Questionnaire,NA,other_non_err_detection,NA,NA,NA,NA,No,10,20
Group_2,527d0d955938f3158cedbd5f03cdf9114bb2a39d09e114917499089989643a9f,Yes,same_state_5_year,NA,Questionnaire,NA,other_non_err_detection,NA,NA,NA,NA,No,11,20
Group_2,527d0d955938f3158cedbd5f03cdf9114bb2a39d09e114917499089989643a9f,Yes,same_state_5_year_yes,NA,Questionnaire,NA,other_non_err_detection,NA,NA,NA,NA,No,12,20
Group_2,527d0d955938f3158cedbd5f03cdf9114bb2a39d09e114917499089989643a9f,NA,questionnaire_part3_begin,NA,Questionnaire,NA,other_non_err_detection,NA,NA,NA,NA,No,13,20
Group_2,527d0d955938f3158cedbd5f03cdf9114bb2a39d09e114917499089989643a9f,Female,gender,NA,Questionnaire,NA,other_non_err_detection,NA,NA,NA,NA,No,14,20
Group_2,527d0d955938f3158cedbd5f03cdf9114bb2a39d09e114917499089989643a9f,['White'],race/ethnicity,NA,Questionnaire,NA,other_non_err_detection,NA,NA,NA,NA,No,15,20
Group_2,527d0d955938f3158cedbd5f03cdf9114bb2a39d09e114917499089989643a9f,Ph.D.,highest_level_edu,NA,Questionnaire,NA,other_non_err_detection,NA,NA,NA,NA,No,16,20
Group_2,527d0d955938f3158cedbd5f03cdf9114bb2a39d09e114917499089989643a9f,No,learnDis,NA,Questionnaire,NA,other_non_err_detection,NA,NA,NA,NA,No,17,20
Group_2,527d0d955938f3158cedbd5f03cdf9114bb2a39d09e114917499089989643a9f,Yes,attention,NA,Questionnaire,NA,other_non_err_detection,NA,NA,NA,NA,No,18,20
Group_2,527d0d955938f3158cedbd5f03cdf9114bb2a39d09e114917499089989643a9f,No,headInjury,NA,Questionnaire,NA,other_non_err_detection,NA,NA,NA,NA,No,19,20
Group_2,527d0d955938f3158cedbd5f03cdf9114bb2a39d09e114917499089989643a9f,No,neuroImpair,NA,Questionnaire,NA,other_non_err_detection,NA,NA,NA,NA,No,20,20
Group_2,527d0d955938f3158cedbd5f03cdf9114bb2a39d09e114917499089989643a9f,Indian,trivia_accent_identification,NA,Questionnaire,NA,other_non_err_detection,NA,NA,NA,NA,No,21,20
Group_2,527d0d955938f3158cedbd5f03cdf9114bb2a39d09e114917499089989643a9f,Indian,transcription_accent_identification,NA,Questionnaire,NA,other_non_err_detection,NA,NA,NA,NA,No,22,20
Group_2,527d0d955938f3158cedbd5f03cdf9114bb2a39d09e114917499089989643a9f,N/A,task_experience,NA,Questionnaire,NA,other_non_err_detection,NA,NA,NA,NA,No,23,20
Group_2,527d0d955938f3158cedbd5f03cdf9114bb2a39d09e114917499089989643a9f,"Parents and sister, American",most_frequent_accent,NA,Questionnaire,NA,other_non_err_detection,NA,NA,NA,NA,No,24,20
Group_2,527d0d955938f3158cedbd5f03cdf9114bb2a39d09e114917499089989643a9f,N/A,additional_language_experience,NA,Questionnaire,NA,other_non_err_detection,NA,NA,NA,NA,No,25,20
Group_2,527d0d955938f3158cedbd5f03cdf9114bb2a39d09e114917499089989643a9f,Washington,origin_state,NA,Questionnaire,NA,other_non_err_detection,NA,NA,NA,NA,No,26,20
Group_2,527d0d955938f3158cedbd5f03cdf9114bb2a39d09e114917499089989643a9f,98117,origin_zipcode,NA,Questionnaire,NA,other_non_err_detection,NA,NA,NA,NA,No,27,20
Group_2,527d0d955938f3158cedbd5f03cdf9114bb2a39d09e114917499089989643a9f,Washington,current_state,NA,Questionnaire,NA,other_non_err_detection,NA,NA,NA,NA,No,28,20
Group_2,527d0d955938f3158cedbd5f03cdf9114bb2a39d09e114917499089989643a9f,98103,current_zipcode,NA,Questionnaire,NA,other_non_err_detection,NA,NA,NA,NA,No,29,20
Group_2,527d0d955938f3158cedbd5f03cdf9114bb2a39d09e114917499089989643a9f,NA,same_state_5_year_no,NA,Questionnaire,NA,other_non_err_detection,NA,NA,NA,NA,No,30,20
Group_2,527d0d955938f3158cedbd5f03cdf9114bb2a39d09e114917499089989643a9f,37,age,NA,Questionnaire,NA,other_non_err_detection,NA,NA,NA,NA,No,31,20
Group_2,527d0d955938f3158cedbd5f03cdf9114bb2a39d09e114917499089989643a9f,I have ADHD,diseaseDetail,NA,Questionnaire,NA,other_non_err_detection,NA,NA,NA,NA,No,32,20
Group_2,527d0d955938f3158cedbd5f03cdf9114bb2a39d09e114917499089989643a9f,Maybe a short break during the trivia task,suggestions_improvement,NA,Questionnaire,NA,other_non_err_detection,NA,NA,NA,NA,No,33,20
Group_2,527d0d955938f3158cedbd5f03cdf9114bb2a39d09e114917499089989643a9f,NA,technical_issues,NA,Questionnaire,NA,other_non_err_detection,NA,NA,NA,NA,No,34,20
Group_1,5312f70264052887a30b0f36d7715ed2472a91baf0b4a2a52c9d6d2a98f99ac9,2,instruction_clarity,NA,Questionnaire,NA,other_non_err_detection,NA,NA,NA,NA,No,1,21
Group_1,5312f70264052887a30b0f36d7715ed2472a91baf0b4a2a52c9d6d2a98f99ac9,3,error_detection_difficulty,NA,Questionnaire,NA,other_non_err_detection,NA,NA,NA,NA,No,2,21
Group_1,5312f70264052887a30b0f36d7715ed2472a91baf0b4a2a52c9d6d2a98f99ac9,3,trivia_accent_strength,NA,Questionnaire,NA,other_non_err_detection,NA,NA,NA,NA,No,3,21
Group_1,5312f70264052887a30b0f36d7715ed2472a91baf0b4a2a52c9d6d2a98f99ac9,3,transcription_accent_strength,NA,Questionnaire,NA,other_non_err_detection,NA,NA,NA,NA,No,4,21
Group_1,5312f70264052887a30b0f36d7715ed2472a91baf0b4a2a52c9d6d2a98f99ac9,No,speaker_identity_check,NA,Questionnaire,NA,other_non_err_detection,NA,NA,NA,NA,No,5,21
Group_1,5312f70264052887a30b0f36d7715ed2472a91baf0b4a2a52c9d6d2a98f99ac9,['English'],native_language,NA,Questionnaire,NA,other_non_err_detection,NA,NA,NA,NA,No,6,21
Group_1,5312f70264052887a30b0f36d7715ed2472a91baf0b4a2a52c9d6d2a98f99ac9,No,household_accent,NA,Questionnaire,NA,other_non_err_detection,NA,NA,NA,NA,No,7,21
Group_1,5312f70264052887a30b0f36d7715ed2472a91baf0b4a2a52c9d6d2a98f99ac9,No,current_accent,NA,Questionnaire,NA,other_non_err_detection,NA,NA,NA,NA,No,8,21
Group_1,5312f70264052887a30b0f36d7715ed2472a91baf0b4a2a52c9d6d2a98f99ac9,1,exposure_spanish_accent,NA,Questionnaire,NA,other_non_err_detection,NA,NA,NA,NA,No,9,21
Group_1,5312f70264052887a30b0f36d7715ed2472a91baf0b4a2a52c9d6d2a98f99ac9,2,exposure_spanish,NA,Questionnaire,NA,other_non_err_detection,NA,NA,NA,NA,No,10,21
Group_1,5312f70264052887a30b0f36d7715ed2472a91baf0b4a2a52c9d6d2a98f99ac9,No,same_state_5_year,NA,Questionnaire,NA,other_non_err_detection,NA,NA,NA,NA,No,11,21
Group_1,5312f70264052887a30b0f36d7715ed2472a91baf0b4a2a52c9d6d2a98f99ac9,This doesn't apply to me becuase I answered 'No' previously,same_state_5_year_yes,NA,Questionnaire,NA,other_non_err_detection,NA,NA,NA,NA,No,12,21
Group_1,5312f70264052887a30b0f36d7715ed2472a91baf0b4a2a52c9d6d2a98f99ac9,NA,questionnaire_part3_begin,NA,Questionnaire,NA,other_non_err_detection,NA,NA,NA,NA,No,13,21
Group_1,5312f70264052887a30b0f36d7715ed2472a91baf0b4a2a52c9d6d2a98f99ac9,Male,gender,NA,Questionnaire,NA,other_non_err_detection,NA,NA,NA,NA,No,14,21
Group_1,5312f70264052887a30b0f36d7715ed2472a91baf0b4a2a52c9d6d2a98f99ac9,['White'],race/ethnicity,NA,Questionnaire,NA,other_non_err_detection,NA,NA,NA,NA,No,15,21
Group_1,5312f70264052887a30b0f36d7715ed2472a91baf0b4a2a52c9d6d2a98f99ac9,2- or 4-year college degree,highest_level_edu,NA,Questionnaire,NA,other_non_err_detection,NA,NA,NA,NA,No,16,21
Group_1,5312f70264052887a30b0f36d7715ed2472a91baf0b4a2a52c9d6d2a98f99ac9,No,learnDis,NA,Questionnaire,NA,other_non_err_detection,NA,NA,NA,NA,No,17,21
Group_1,5312f70264052887a30b0f36d7715ed2472a91baf0b4a2a52c9d6d2a98f99ac9,No,attention,NA,Questionnaire,NA,other_non_err_detection,NA,NA,NA,NA,No,18,21
Group_1,5312f70264052887a30b0f36d7715ed2472a91baf0b4a2a52c9d6d2a98f99ac9,No,headInjury,NA,Questionnaire,NA,other_non_err_detection,NA,NA,NA,NA,No,19,21
Group_1,5312f70264052887a30b0f36d7715ed2472a91baf0b4a2a52c9d6d2a98f99ac9,No,neuroImpair,NA,Questionnaire,NA,other_non_err_detection,NA,NA,NA,NA,No,20,21
Group_1,5312f70264052887a30b0f36d7715ed2472a91baf0b4a2a52c9d6d2a98f99ac9,italian,trivia_accent_identification,NA,Questionnaire,NA,other_non_err_detection,NA,NA,NA,NA,No,21,21
Group_1,5312f70264052887a30b0f36d7715ed2472a91baf0b4a2a52c9d6d2a98f99ac9,spanish,transcription_accent_identification,NA,Questionnaire,NA,other_non_err_detection,NA,NA,NA,NA,No,22,21
Group_1,5312f70264052887a30b0f36d7715ed2472a91baf0b4a2a52c9d6d2a98f99ac9,I wasn't exactly positive that I was using the fourth button correctly on the second listen,task_experience,NA,Questionnaire,NA,other_non_err_detection,NA,NA,NA,NA,No,23,21
Group_1,5312f70264052887a30b0f36d7715ed2472a91baf0b4a2a52c9d6d2a98f99ac9,"my gf, Midwestern American; my mom, midwestern american; my good friend, midwestern american",most_frequent_accent,NA,Questionnaire,NA,other_non_err_detection,NA,NA,NA,NA,No,24,21
Group_1,5312f70264052887a30b0f36d7715ed2472a91baf0b4a2a52c9d6d2a98f99ac9,"My sister married an Italian man and has bilingual children so my nephews have some interesting accents as growing up speaking english and italian, while living in luxembourg and attending a school that taught in multiple languages",additional_language_experience,NA,Questionnaire,NA,other_non_err_detection,NA,NA,NA,NA,No,25,21
Group_1,5312f70264052887a30b0f36d7715ed2472a91baf0b4a2a52c9d6d2a98f99ac9,WI,origin_state,NA,Questionnaire,NA,other_non_err_detection,NA,NA,NA,NA,No,26,21
Group_1,5312f70264052887a30b0f36d7715ed2472a91baf0b4a2a52c9d6d2a98f99ac9,"Ozaukee Cty, WI",origin_zipcode,NA,Questionnaire,NA,other_non_err_detection,NA,NA,NA,NA,No,27,21
Group_1,5312f70264052887a30b0f36d7715ed2472a91baf0b4a2a52c9d6d2a98f99ac9,WI,current_state,NA,Questionnaire,NA,other_non_err_detection,NA,NA,NA,NA,No,28,21
Group_1,5312f70264052887a30b0f36d7715ed2472a91baf0b4a2a52c9d6d2a98f99ac9,54666,current_zipcode,NA,Questionnaire,NA,other_non_err_detection,NA,NA,NA,NA,No,29,21
Group_1,5312f70264052887a30b0f36d7715ed2472a91baf0b4a2a52c9d6d2a98f99ac9,"alaska, minnesota, nc, sc, ga, wi",same_state_5_year_no,NA,Questionnaire,NA,other_non_err_detection,NA,NA,NA,NA,No,30,21
Group_1,5312f70264052887a30b0f36d7715ed2472a91baf0b4a2a52c9d6d2a98f99ac9,40,age,NA,Questionnaire,NA,other_non_err_detection,NA,NA,NA,NA,No,31,21
Group_1,5312f70264052887a30b0f36d7715ed2472a91baf0b4a2a52c9d6d2a98f99ac9,NA,diseaseDetail,NA,Questionnaire,NA,other_non_err_detection,NA,NA,NA,NA,No,32,21
Group_1,5312f70264052887a30b0f36d7715ed2472a91baf0b4a2a52c9d6d2a98f99ac9,shorten it up a bit or pay a bit more,suggestions_improvement,NA,Questionnaire,NA,other_non_err_detection,NA,NA,NA,NA,No,33,21
Group_1,5312f70264052887a30b0f36d7715ed2472a91baf0b4a2a52c9d6d2a98f99ac9,no,technical_issues,NA,Questionnaire,NA,other_non_err_detection,NA,NA,NA,NA,No,34,21
Group_1,562195159f556910ef984bb06d1aa1c88934eed3e0cf3e5fc62fe02a064fe5c2,4,instruction_clarity,NA,Questionnaire,NA,other_non_err_detection,NA,NA,NA,NA,No,1,22
Group_1,562195159f556910ef984bb06d1aa1c88934eed3e0cf3e5fc62fe02a064fe5c2,4,error_detection_difficulty,NA,Questionnaire,NA,other_non_err_detection,NA,NA,NA,NA,No,2,22
Group_1,562195159f556910ef984bb06d1aa1c88934eed3e0cf3e5fc62fe02a064fe5c2,4,trivia_accent_strength,NA,Questionnaire,NA,other_non_err_detection,NA,NA,NA,NA,No,3,22
Group_1,562195159f556910ef984bb06d1aa1c88934eed3e0cf3e5fc62fe02a064fe5c2,3,transcription_accent_strength,NA,Questionnaire,NA,other_non_err_detection,NA,NA,NA,NA,No,4,22
Group_1,562195159f556910ef984bb06d1aa1c88934eed3e0cf3e5fc62fe02a064fe5c2,Yes,speaker_identity_check,NA,Questionnaire,NA,other_non_err_detection,NA,NA,NA,NA,No,5,22
Group_1,562195159f556910ef984bb06d1aa1c88934eed3e0cf3e5fc62fe02a064fe5c2,['English'],native_language,NA,Questionnaire,NA,other_non_err_detection,NA,NA,NA,NA,No,6,22
Group_1,562195159f556910ef984bb06d1aa1c88934eed3e0cf3e5fc62fe02a064fe5c2,"Yes, they spoke English with a Spanish accent",household_accent,NA,Questionnaire,NA,other_non_err_detection,NA,NA,NA,NA,No,7,22
Group_1,562195159f556910ef984bb06d1aa1c88934eed3e0cf3e5fc62fe02a064fe5c2,No,current_accent,NA,Questionnaire,NA,other_non_err_detection,NA,NA,NA,NA,No,8,22
Group_1,562195159f556910ef984bb06d1aa1c88934eed3e0cf3e5fc62fe02a064fe5c2,2,exposure_spanish_accent,NA,Questionnaire,NA,other_non_err_detection,NA,NA,NA,NA,No,9,22
Group_1,562195159f556910ef984bb06d1aa1c88934eed3e0cf3e5fc62fe02a064fe5c2,2,exposure_spanish,NA,Questionnaire,NA,other_non_err_detection,NA,NA,NA,NA,No,10,22
Group_1,562195159f556910ef984bb06d1aa1c88934eed3e0cf3e5fc62fe02a064fe5c2,Yes,same_state_5_year,NA,Questionnaire,NA,other_non_err_detection,NA,NA,NA,NA,No,11,22
Group_1,562195159f556910ef984bb06d1aa1c88934eed3e0cf3e5fc62fe02a064fe5c2,No,same_state_5_year_yes,NA,Questionnaire,NA,other_non_err_detection,NA,NA,NA,NA,No,12,22
Group_1,562195159f556910ef984bb06d1aa1c88934eed3e0cf3e5fc62fe02a064fe5c2,NA,questionnaire_part3_begin,NA,Questionnaire,NA,other_non_err_detection,NA,NA,NA,NA,No,13,22
Group_1,562195159f556910ef984bb06d1aa1c88934eed3e0cf3e5fc62fe02a064fe5c2,Female,gender,NA,Questionnaire,NA,other_non_err_detection,NA,NA,NA,NA,No,14,22
Group_1,562195159f556910ef984bb06d1aa1c88934eed3e0cf3e5fc62fe02a064fe5c2,['White'],race/ethnicity,NA,Questionnaire,NA,other_non_err_detection,NA,NA,NA,NA,No,15,22
Group_1,562195159f556910ef984bb06d1aa1c88934eed3e0cf3e5fc62fe02a064fe5c2,2- or 4-year college degree,highest_level_edu,NA,Questionnaire,NA,other_non_err_detection,NA,NA,NA,NA,No,16,22
Group_1,562195159f556910ef984bb06d1aa1c88934eed3e0cf3e5fc62fe02a064fe5c2,No,learnDis,NA,Questionnaire,NA,other_non_err_detection,NA,NA,NA,NA,No,17,22
Group_1,562195159f556910ef984bb06d1aa1c88934eed3e0cf3e5fc62fe02a064fe5c2,No,attention,NA,Questionnaire,NA,other_non_err_detection,NA,NA,NA,NA,No,18,22
Group_1,562195159f556910ef984bb06d1aa1c88934eed3e0cf3e5fc62fe02a064fe5c2,No,headInjury,NA,Questionnaire,NA,other_non_err_detection,NA,NA,NA,NA,No,19,22
Group_1,562195159f556910ef984bb06d1aa1c88934eed3e0cf3e5fc62fe02a064fe5c2,No,neuroImpair,NA,Questionnaire,NA,other_non_err_detection,NA,NA,NA,NA,No,20,22
Group_1,562195159f556910ef984bb06d1aa1c88934eed3e0cf3e5fc62fe02a064fe5c2,Chinese,trivia_accent_identification,NA,Questionnaire,NA,other_non_err_detection,NA,NA,NA,NA,No,21,22
Group_1,562195159f556910ef984bb06d1aa1c88934eed3e0cf3e5fc62fe02a064fe5c2,Chinese / unsure,transcription_accent_identification,NA,Questionnaire,NA,other_non_err_detection,NA,NA,NA,NA,No,22,22
Group_1,562195159f556910ef984bb06d1aa1c88934eed3e0cf3e5fc62fe02a064fe5c2,several words in the trivia question that were very hard to understand- not frustrating but challenging.,task_experience,NA,Questionnaire,NA,other_non_err_detection,NA,NA,NA,NA,No,23,22
Group_1,562195159f556910ef984bb06d1aa1c88934eed3e0cf3e5fc62fe02a064fe5c2,closest friends / parents - american,most_frequent_accent,NA,Questionnaire,NA,other_non_err_detection,NA,NA,NA,NA,No,24,22
Group_1,562195159f556910ef984bb06d1aa1c88934eed3e0cf3e5fc62fe02a064fe5c2,Took spanish in highschool- step mom is from Mexico but primarily speaks english.,additional_language_experience,NA,Questionnaire,NA,other_non_err_detection,NA,NA,NA,NA,No,25,22
Group_1,562195159f556910ef984bb06d1aa1c88934eed3e0cf3e5fc62fe02a064fe5c2,Oregon,origin_state,NA,Questionnaire,NA,other_non_err_detection,NA,NA,NA,NA,No,26,22
Group_1,562195159f556910ef984bb06d1aa1c88934eed3e0cf3e5fc62fe02a064fe5c2,97045,origin_zipcode,NA,Questionnaire,NA,other_non_err_detection,NA,NA,NA,NA,No,27,22
Group_1,562195159f556910ef984bb06d1aa1c88934eed3e0cf3e5fc62fe02a064fe5c2,California,current_state,NA,Questionnaire,NA,other_non_err_detection,NA,NA,NA,NA,No,28,22
Group_1,562195159f556910ef984bb06d1aa1c88934eed3e0cf3e5fc62fe02a064fe5c2,90019,current_zipcode,NA,Questionnaire,NA,other_non_err_detection,NA,NA,NA,NA,No,29,22
Group_1,562195159f556910ef984bb06d1aa1c88934eed3e0cf3e5fc62fe02a064fe5c2,NA,same_state_5_year_no,NA,Questionnaire,NA,other_non_err_detection,NA,NA,NA,NA,No,30,22
Group_1,562195159f556910ef984bb06d1aa1c88934eed3e0cf3e5fc62fe02a064fe5c2,31,age,NA,Questionnaire,NA,other_non_err_detection,NA,NA,NA,NA,No,31,22
Group_1,562195159f556910ef984bb06d1aa1c88934eed3e0cf3e5fc62fe02a064fe5c2,NA,diseaseDetail,NA,Questionnaire,NA,other_non_err_detection,NA,NA,NA,NA,No,32,22
Group_1,562195159f556910ef984bb06d1aa1c88934eed3e0cf3e5fc62fe02a064fe5c2,Shorter or break up the first trivia section into smaller sections.,suggestions_improvement,NA,Questionnaire,NA,other_non_err_detection,NA,NA,NA,NA,No,33,22
Group_1,562195159f556910ef984bb06d1aa1c88934eed3e0cf3e5fc62fe02a064fe5c2,NA,technical_issues,NA,Questionnaire,NA,other_non_err_detection,NA,NA,NA,NA,No,34,22
Group_1,5d6dffae2bfd4ba95281209ae7a1e5d8f3773627b09269d5acd8b1a1d1ee6382,4,instruction_clarity,NA,Questionnaire,NA,other_non_err_detection,NA,NA,NA,NA,No,1,23
Group_1,5d6dffae2bfd4ba95281209ae7a1e5d8f3773627b09269d5acd8b1a1d1ee6382,2,error_detection_difficulty,NA,Questionnaire,NA,other_non_err_detection,NA,NA,NA,NA,No,2,23
Group_1,5d6dffae2bfd4ba95281209ae7a1e5d8f3773627b09269d5acd8b1a1d1ee6382,4,trivia_accent_strength,NA,Questionnaire,NA,other_non_err_detection,NA,NA,NA,NA,No,3,23
Group_1,5d6dffae2bfd4ba95281209ae7a1e5d8f3773627b09269d5acd8b1a1d1ee6382,3,transcription_accent_strength,NA,Questionnaire,NA,other_non_err_detection,NA,NA,NA,NA,No,4,23
Group_1,5d6dffae2bfd4ba95281209ae7a1e5d8f3773627b09269d5acd8b1a1d1ee6382,No,speaker_identity_check,NA,Questionnaire,NA,other_non_err_detection,NA,NA,NA,NA,No,5,23
Group_1,5d6dffae2bfd4ba95281209ae7a1e5d8f3773627b09269d5acd8b1a1d1ee6382,['English'],native_language,NA,Questionnaire,NA,other_non_err_detection,NA,NA,NA,NA,No,6,23
Group_1,5d6dffae2bfd4ba95281209ae7a1e5d8f3773627b09269d5acd8b1a1d1ee6382,No,household_accent,NA,Questionnaire,NA,other_non_err_detection,NA,NA,NA,NA,No,7,23
Group_1,5d6dffae2bfd4ba95281209ae7a1e5d8f3773627b09269d5acd8b1a1d1ee6382,No,current_accent,NA,Questionnaire,NA,other_non_err_detection,NA,NA,NA,NA,No,8,23
Group_1,5d6dffae2bfd4ba95281209ae7a1e5d8f3773627b09269d5acd8b1a1d1ee6382,2,exposure_spanish_accent,NA,Questionnaire,NA,other_non_err_detection,NA,NA,NA,NA,No,9,23
Group_1,5d6dffae2bfd4ba95281209ae7a1e5d8f3773627b09269d5acd8b1a1d1ee6382,2,exposure_spanish,NA,Questionnaire,NA,other_non_err_detection,NA,NA,NA,NA,No,10,23
Group_1,5d6dffae2bfd4ba95281209ae7a1e5d8f3773627b09269d5acd8b1a1d1ee6382,Yes,same_state_5_year,NA,Questionnaire,NA,other_non_err_detection,NA,NA,NA,NA,No,11,23
Group_1,5d6dffae2bfd4ba95281209ae7a1e5d8f3773627b09269d5acd8b1a1d1ee6382,This doesn't apply to me becuase I answered 'No' previously,same_state_5_year_yes,NA,Questionnaire,NA,other_non_err_detection,NA,NA,NA,NA,No,12,23
Group_1,5d6dffae2bfd4ba95281209ae7a1e5d8f3773627b09269d5acd8b1a1d1ee6382,NA,questionnaire_part3_begin,NA,Questionnaire,NA,other_non_err_detection,NA,NA,NA,NA,No,13,23
Group_1,5d6dffae2bfd4ba95281209ae7a1e5d8f3773627b09269d5acd8b1a1d1ee6382,Male,gender,NA,Questionnaire,NA,other_non_err_detection,NA,NA,NA,NA,No,14,23
Group_1,5d6dffae2bfd4ba95281209ae7a1e5d8f3773627b09269d5acd8b1a1d1ee6382,['Black or African American'],race/ethnicity,NA,Questionnaire,NA,other_non_err_detection,NA,NA,NA,NA,No,15,23
Group_1,5d6dffae2bfd4ba95281209ae7a1e5d8f3773627b09269d5acd8b1a1d1ee6382,Master’s degree,highest_level_edu,NA,Questionnaire,NA,other_non_err_detection,NA,NA,NA,NA,No,16,23
Group_1,5d6dffae2bfd4ba95281209ae7a1e5d8f3773627b09269d5acd8b1a1d1ee6382,No,learnDis,NA,Questionnaire,NA,other_non_err_detection,NA,NA,NA,NA,No,17,23
Group_1,5d6dffae2bfd4ba95281209ae7a1e5d8f3773627b09269d5acd8b1a1d1ee6382,No,attention,NA,Questionnaire,NA,other_non_err_detection,NA,NA,NA,NA,No,18,23
Group_1,5d6dffae2bfd4ba95281209ae7a1e5d8f3773627b09269d5acd8b1a1d1ee6382,No,headInjury,NA,Questionnaire,NA,other_non_err_detection,NA,NA,NA,NA,No,19,23
Group_1,5d6dffae2bfd4ba95281209ae7a1e5d8f3773627b09269d5acd8b1a1d1ee6382,No,neuroImpair,NA,Questionnaire,NA,other_non_err_detection,NA,NA,NA,NA,No,20,23
Group_1,5d6dffae2bfd4ba95281209ae7a1e5d8f3773627b09269d5acd8b1a1d1ee6382,Spanish or Brazil,trivia_accent_identification,NA,Questionnaire,NA,other_non_err_detection,NA,NA,NA,NA,No,21,23
Group_1,5d6dffae2bfd4ba95281209ae7a1e5d8f3773627b09269d5acd8b1a1d1ee6382,Unsure,transcription_accent_identification,NA,Questionnaire,NA,other_non_err_detection,NA,NA,NA,NA,No,22,23
Group_1,5d6dffae2bfd4ba95281209ae7a1e5d8f3773627b09269d5acd8b1a1d1ee6382,No,task_experience,NA,Questionnaire,NA,other_non_err_detection,NA,NA,NA,NA,No,23,23
Group_1,5d6dffae2bfd4ba95281209ae7a1e5d8f3773627b09269d5acd8b1a1d1ee6382,"My mom, American; Daniel, American; Matthew, American; Monica, American; Nicky, American",most_frequent_accent,NA,Questionnaire,NA,other_non_err_detection,NA,NA,NA,NA,No,24,23
Group_1,5d6dffae2bfd4ba95281209ae7a1e5d8f3773627b09269d5acd8b1a1d1ee6382,I learned spanish in high school for 3 years,additional_language_experience,NA,Questionnaire,NA,other_non_err_detection,NA,NA,NA,NA,No,25,23
Group_1,5d6dffae2bfd4ba95281209ae7a1e5d8f3773627b09269d5acd8b1a1d1ee6382,Louisiana,origin_state,NA,Questionnaire,NA,other_non_err_detection,NA,NA,NA,NA,No,26,23
Group_1,5d6dffae2bfd4ba95281209ae7a1e5d8f3773627b09269d5acd8b1a1d1ee6382,77449,origin_zipcode,NA,Questionnaire,NA,other_non_err_detection,NA,NA,NA,NA,No,27,23
Group_1,5d6dffae2bfd4ba95281209ae7a1e5d8f3773627b09269d5acd8b1a1d1ee6382,Texas,current_state,NA,Questionnaire,NA,other_non_err_detection,NA,NA,NA,NA,No,28,23
Group_1,5d6dffae2bfd4ba95281209ae7a1e5d8f3773627b09269d5acd8b1a1d1ee6382,77449,current_zipcode,NA,Questionnaire,NA,other_non_err_detection,NA,NA,NA,NA,No,29,23
Group_1,5d6dffae2bfd4ba95281209ae7a1e5d8f3773627b09269d5acd8b1a1d1ee6382,NA,same_state_5_year_no,NA,Questionnaire,NA,other_non_err_detection,NA,NA,NA,NA,No,30,23
Group_1,5d6dffae2bfd4ba95281209ae7a1e5d8f3773627b09269d5acd8b1a1d1ee6382,28,age,NA,Questionnaire,NA,other_non_err_detection,NA,NA,NA,NA,No,31,23
Group_1,5d6dffae2bfd4ba95281209ae7a1e5d8f3773627b09269d5acd8b1a1d1ee6382,NA,diseaseDetail,NA,Questionnaire,NA,other_non_err_detection,NA,NA,NA,NA,No,32,23
Group_1,5d6dffae2bfd4ba95281209ae7a1e5d8f3773627b09269d5acd8b1a1d1ee6382,Shorter duration,suggestions_improvement,NA,Questionnaire,NA,other_non_err_detection,NA,NA,NA,NA,No,33,23
Group_1,5d6dffae2bfd4ba95281209ae7a1e5d8f3773627b09269d5acd8b1a1d1ee6382,No,technical_issues,NA,Questionnaire,NA,other_non_err_detection,NA,NA,NA,NA,No,34,23
Group_2,634a84bbe993cac9c606b2cc30583050a8deda9ef7a4ecd5a40bb3b8a142ab64,5,instruction_clarity,NA,Questionnaire,NA,other_non_err_detection,NA,NA,NA,NA,No,1,24
Group_2,634a84bbe993cac9c606b2cc30583050a8deda9ef7a4ecd5a40bb3b8a142ab64,4,error_detection_difficulty,NA,Questionnaire,NA,other_non_err_detection,NA,NA,NA,NA,No,2,24
Group_2,634a84bbe993cac9c606b2cc30583050a8deda9ef7a4ecd5a40bb3b8a142ab64,4,trivia_accent_strength,NA,Questionnaire,NA,other_non_err_detection,NA,NA,NA,NA,No,3,24
Group_2,634a84bbe993cac9c606b2cc30583050a8deda9ef7a4ecd5a40bb3b8a142ab64,4,transcription_accent_strength,NA,Questionnaire,NA,other_non_err_detection,NA,NA,NA,NA,No,4,24
Group_2,634a84bbe993cac9c606b2cc30583050a8deda9ef7a4ecd5a40bb3b8a142ab64,Yes,speaker_identity_check,NA,Questionnaire,NA,other_non_err_detection,NA,NA,NA,NA,No,5,24
Group_2,634a84bbe993cac9c606b2cc30583050a8deda9ef7a4ecd5a40bb3b8a142ab64,['English'],native_language,NA,Questionnaire,NA,other_non_err_detection,NA,NA,NA,NA,No,6,24
Group_2,634a84bbe993cac9c606b2cc30583050a8deda9ef7a4ecd5a40bb3b8a142ab64,No,household_accent,NA,Questionnaire,NA,other_non_err_detection,NA,NA,NA,NA,No,7,24
Group_2,634a84bbe993cac9c606b2cc30583050a8deda9ef7a4ecd5a40bb3b8a142ab64,No,current_accent,NA,Questionnaire,NA,other_non_err_detection,NA,NA,NA,NA,No,8,24
Group_2,634a84bbe993cac9c606b2cc30583050a8deda9ef7a4ecd5a40bb3b8a142ab64,2,exposure_spanish_accent,NA,Questionnaire,NA,other_non_err_detection,NA,NA,NA,NA,No,9,24
Group_2,634a84bbe993cac9c606b2cc30583050a8deda9ef7a4ecd5a40bb3b8a142ab64,2,exposure_spanish,NA,Questionnaire,NA,other_non_err_detection,NA,NA,NA,NA,No,10,24
Group_2,634a84bbe993cac9c606b2cc30583050a8deda9ef7a4ecd5a40bb3b8a142ab64,Yes,same_state_5_year,NA,Questionnaire,NA,other_non_err_detection,NA,NA,NA,NA,No,11,24
Group_2,634a84bbe993cac9c606b2cc30583050a8deda9ef7a4ecd5a40bb3b8a142ab64,No,same_state_5_year_yes,NA,Questionnaire,NA,other_non_err_detection,NA,NA,NA,NA,No,12,24
Group_2,634a84bbe993cac9c606b2cc30583050a8deda9ef7a4ecd5a40bb3b8a142ab64,NA,questionnaire_part3_begin,NA,Questionnaire,NA,other_non_err_detection,NA,NA,NA,NA,No,13,24
Group_2,634a84bbe993cac9c606b2cc30583050a8deda9ef7a4ecd5a40bb3b8a142ab64,Female,gender,NA,Questionnaire,NA,other_non_err_detection,NA,NA,NA,NA,No,14,24
Group_2,634a84bbe993cac9c606b2cc30583050a8deda9ef7a4ecd5a40bb3b8a142ab64,['White'],race/ethnicity,NA,Questionnaire,NA,other_non_err_detection,NA,NA,NA,NA,No,15,24
Group_2,634a84bbe993cac9c606b2cc30583050a8deda9ef7a4ecd5a40bb3b8a142ab64,2- or 4-year college degree,highest_level_edu,NA,Questionnaire,NA,other_non_err_detection,NA,NA,NA,NA,No,16,24
Group_2,634a84bbe993cac9c606b2cc30583050a8deda9ef7a4ecd5a40bb3b8a142ab64,No,learnDis,NA,Questionnaire,NA,other_non_err_detection,NA,NA,NA,NA,No,17,24
Group_2,634a84bbe993cac9c606b2cc30583050a8deda9ef7a4ecd5a40bb3b8a142ab64,Yes,attention,NA,Questionnaire,NA,other_non_err_detection,NA,NA,NA,NA,No,18,24
Group_2,634a84bbe993cac9c606b2cc30583050a8deda9ef7a4ecd5a40bb3b8a142ab64,Yes,headInjury,NA,Questionnaire,NA,other_non_err_detection,NA,NA,NA,NA,No,19,24
Group_2,634a84bbe993cac9c606b2cc30583050a8deda9ef7a4ecd5a40bb3b8a142ab64,No,neuroImpair,NA,Questionnaire,NA,other_non_err_detection,NA,NA,NA,NA,No,20,24
Group_2,634a84bbe993cac9c606b2cc30583050a8deda9ef7a4ecd5a40bb3b8a142ab64,spanish,trivia_accent_identification,NA,Questionnaire,NA,other_non_err_detection,NA,NA,NA,NA,No,21,24
Group_2,634a84bbe993cac9c606b2cc30583050a8deda9ef7a4ecd5a40bb3b8a142ab64,spanish,transcription_accent_identification,NA,Questionnaire,NA,other_non_err_detection,NA,NA,NA,NA,No,22,24
Group_2,634a84bbe993cac9c606b2cc30583050a8deda9ef7a4ecd5a40bb3b8a142ab64,"It is hard to make grammatical corrections purely based on phonetics. the process felt very subjective, so there was a lot of second guessing.",task_experience,NA,Questionnaire,NA,other_non_err_detection,NA,NA,NA,NA,No,23,24
Group_2,634a84bbe993cac9c606b2cc30583050a8deda9ef7a4ecd5a40bb3b8a142ab64,most frequent people I speak with all have American accents.,most_frequent_accent,NA,Questionnaire,NA,other_non_err_detection,NA,NA,NA,NA,No,24,24
Group_2,634a84bbe993cac9c606b2cc30583050a8deda9ef7a4ecd5a40bb3b8a142ab64,"5 years of spanish, through high school",additional_language_experience,NA,Questionnaire,NA,other_non_err_detection,NA,NA,NA,NA,No,25,24
Group_2,634a84bbe993cac9c606b2cc30583050a8deda9ef7a4ecd5a40bb3b8a142ab64,COLORADO,origin_state,NA,Questionnaire,NA,other_non_err_detection,NA,NA,NA,NA,No,26,24
Group_2,634a84bbe993cac9c606b2cc30583050a8deda9ef7a4ecd5a40bb3b8a142ab64,80301,origin_zipcode,NA,Questionnaire,NA,other_non_err_detection,NA,NA,NA,NA,No,27,24
Group_2,634a84bbe993cac9c606b2cc30583050a8deda9ef7a4ecd5a40bb3b8a142ab64,colorado,current_state,NA,Questionnaire,NA,other_non_err_detection,NA,NA,NA,NA,No,28,24
Group_2,634a84bbe993cac9c606b2cc30583050a8deda9ef7a4ecd5a40bb3b8a142ab64,80026,current_zipcode,NA,Questionnaire,NA,other_non_err_detection,NA,NA,NA,NA,No,29,24
Group_2,634a84bbe993cac9c606b2cc30583050a8deda9ef7a4ecd5a40bb3b8a142ab64,na,same_state_5_year_no,NA,Questionnaire,NA,other_non_err_detection,NA,NA,NA,NA,No,30,24
Group_2,634a84bbe993cac9c606b2cc30583050a8deda9ef7a4ecd5a40bb3b8a142ab64,34,age,NA,Questionnaire,NA,other_non_err_detection,NA,NA,NA,NA,No,31,24
Group_2,634a84bbe993cac9c606b2cc30583050a8deda9ef7a4ecd5a40bb3b8a142ab64,"ptsd, head trauma, ADD",diseaseDetail,NA,Questionnaire,NA,other_non_err_detection,NA,NA,NA,NA,No,32,24
Group_2,634a84bbe993cac9c606b2cc30583050a8deda9ef7a4ecd5a40bb3b8a142ab64,"I second guessed myself a lot- which felt mildly uncomfortable. Sometimes I would double answer instead of picking option 4, just to feel secure. I would add more opportunities to play the sound back.",suggestions_improvement,NA,Questionnaire,NA,other_non_err_detection,NA,NA,NA,NA,No,33,24
Group_2,634a84bbe993cac9c606b2cc30583050a8deda9ef7a4ecd5a40bb3b8a142ab64,no,technical_issues,NA,Questionnaire,NA,other_non_err_detection,NA,NA,NA,NA,No,34,24
Group_1,65b5514788898b37378519fe068acac6b19d1c3581b577cbb92466349d443d5f,3,instruction_clarity,NA,Questionnaire,NA,other_non_err_detection,NA,NA,NA,NA,No,1,25
Group_1,65b5514788898b37378519fe068acac6b19d1c3581b577cbb92466349d443d5f,4,error_detection_difficulty,NA,Questionnaire,NA,other_non_err_detection,NA,NA,NA,NA,No,2,25
Group_1,65b5514788898b37378519fe068acac6b19d1c3581b577cbb92466349d443d5f,5,trivia_accent_strength,NA,Questionnaire,NA,other_non_err_detection,NA,NA,NA,NA,No,3,25
Group_1,65b5514788898b37378519fe068acac6b19d1c3581b577cbb92466349d443d5f,5,transcription_accent_strength,NA,Questionnaire,NA,other_non_err_detection,NA,NA,NA,NA,No,4,25
Group_1,65b5514788898b37378519fe068acac6b19d1c3581b577cbb92466349d443d5f,Yes,speaker_identity_check,NA,Questionnaire,NA,other_non_err_detection,NA,NA,NA,NA,No,5,25
Group_1,65b5514788898b37378519fe068acac6b19d1c3581b577cbb92466349d443d5f,['English'],native_language,NA,Questionnaire,NA,other_non_err_detection,NA,NA,NA,NA,No,6,25
Group_1,65b5514788898b37378519fe068acac6b19d1c3581b577cbb92466349d443d5f,No,household_accent,NA,Questionnaire,NA,other_non_err_detection,NA,NA,NA,NA,No,7,25
Group_1,65b5514788898b37378519fe068acac6b19d1c3581b577cbb92466349d443d5f,No,current_accent,NA,Questionnaire,NA,other_non_err_detection,NA,NA,NA,NA,No,8,25
Group_1,65b5514788898b37378519fe068acac6b19d1c3581b577cbb92466349d443d5f,3,exposure_spanish_accent,NA,Questionnaire,NA,other_non_err_detection,NA,NA,NA,NA,No,9,25
Group_1,65b5514788898b37378519fe068acac6b19d1c3581b577cbb92466349d443d5f,3,exposure_spanish,NA,Questionnaire,NA,other_non_err_detection,NA,NA,NA,NA,No,10,25
Group_1,65b5514788898b37378519fe068acac6b19d1c3581b577cbb92466349d443d5f,Yes,same_state_5_year,NA,Questionnaire,NA,other_non_err_detection,NA,NA,NA,NA,No,11,25
Group_1,65b5514788898b37378519fe068acac6b19d1c3581b577cbb92466349d443d5f,This doesn't apply to me becuase I answered 'No' previously,same_state_5_year_yes,NA,Questionnaire,NA,other_non_err_detection,NA,NA,NA,NA,No,12,25
Group_1,65b5514788898b37378519fe068acac6b19d1c3581b577cbb92466349d443d5f,NA,questionnaire_part3_begin,NA,Questionnaire,NA,other_non_err_detection,NA,NA,NA,NA,No,13,25
Group_1,65b5514788898b37378519fe068acac6b19d1c3581b577cbb92466349d443d5f,Female,gender,NA,Questionnaire,NA,other_non_err_detection,NA,NA,NA,NA,No,14,25
Group_1,65b5514788898b37378519fe068acac6b19d1c3581b577cbb92466349d443d5f,['Black or African American'],race/ethnicity,NA,Questionnaire,NA,other_non_err_detection,NA,NA,NA,NA,No,15,25
Group_1,65b5514788898b37378519fe068acac6b19d1c3581b577cbb92466349d443d5f,2- or 4-year college degree,highest_level_edu,NA,Questionnaire,NA,other_non_err_detection,NA,NA,NA,NA,No,16,25
Group_1,65b5514788898b37378519fe068acac6b19d1c3581b577cbb92466349d443d5f,No,learnDis,NA,Questionnaire,NA,other_non_err_detection,NA,NA,NA,NA,No,17,25
Group_1,65b5514788898b37378519fe068acac6b19d1c3581b577cbb92466349d443d5f,No,attention,NA,Questionnaire,NA,other_non_err_detection,NA,NA,NA,NA,No,18,25
Group_1,65b5514788898b37378519fe068acac6b19d1c3581b577cbb92466349d443d5f,No,headInjury,NA,Questionnaire,NA,other_non_err_detection,NA,NA,NA,NA,No,19,25
Group_1,65b5514788898b37378519fe068acac6b19d1c3581b577cbb92466349d443d5f,No,neuroImpair,NA,Questionnaire,NA,other_non_err_detection,NA,NA,NA,NA,No,20,25
Group_1,65b5514788898b37378519fe068acac6b19d1c3581b577cbb92466349d443d5f,Unsure,trivia_accent_identification,NA,Questionnaire,NA,other_non_err_detection,NA,NA,NA,NA,No,21,25
Group_1,65b5514788898b37378519fe068acac6b19d1c3581b577cbb92466349d443d5f,Unsure,transcription_accent_identification,NA,Questionnaire,NA,other_non_err_detection,NA,NA,NA,NA,No,22,25
Group_1,65b5514788898b37378519fe068acac6b19d1c3581b577cbb92466349d443d5f,No,task_experience,NA,Questionnaire,NA,other_non_err_detection,NA,NA,NA,NA,No,23,25
Group_1,65b5514788898b37378519fe068acac6b19d1c3581b577cbb92466349d443d5f,"My mom, American
Best friend, American
Coworkers, American, Spanish",most_frequent_accent,NA,Questionnaire,NA,other_non_err_detection,NA,NA,NA,NA,No,24,25
Group_1,65b5514788898b37378519fe068acac6b19d1c3581b577cbb92466349d443d5f,None,additional_language_experience,NA,Questionnaire,NA,other_non_err_detection,NA,NA,NA,NA,No,25,25
Group_1,65b5514788898b37378519fe068acac6b19d1c3581b577cbb92466349d443d5f,PA,origin_state,NA,Questionnaire,NA,other_non_err_detection,NA,NA,NA,NA,No,26,25
Group_1,65b5514788898b37378519fe068acac6b19d1c3581b577cbb92466349d443d5f,19132,origin_zipcode,NA,Questionnaire,NA,other_non_err_detection,NA,NA,NA,NA,No,27,25
Group_1,65b5514788898b37378519fe068acac6b19d1c3581b577cbb92466349d443d5f,PA,current_state,NA,Questionnaire,NA,other_non_err_detection,NA,NA,NA,NA,No,28,25
Group_1,65b5514788898b37378519fe068acac6b19d1c3581b577cbb92466349d443d5f,19132,current_zipcode,NA,Questionnaire,NA,other_non_err_detection,NA,NA,NA,NA,No,29,25
Group_1,65b5514788898b37378519fe068acac6b19d1c3581b577cbb92466349d443d5f,NA,same_state_5_year_no,NA,Questionnaire,NA,other_non_err_detection,NA,NA,NA,NA,No,30,25
Group_1,65b5514788898b37378519fe068acac6b19d1c3581b577cbb92466349d443d5f,22,age,NA,Questionnaire,NA,other_non_err_detection,NA,NA,NA,NA,No,31,25
Group_1,65b5514788898b37378519fe068acac6b19d1c3581b577cbb92466349d443d5f,NA,diseaseDetail,NA,Questionnaire,NA,other_non_err_detection,NA,NA,NA,NA,No,32,25
Group_1,65b5514788898b37378519fe068acac6b19d1c3581b577cbb92466349d443d5f,NA,suggestions_improvement,NA,Questionnaire,NA,other_non_err_detection,NA,NA,NA,NA,No,33,25
Group_1,65b5514788898b37378519fe068acac6b19d1c3581b577cbb92466349d443d5f,Audio cut out,technical_issues,NA,Questionnaire,NA,other_non_err_detection,NA,NA,NA,NA,No,34,25
Group_2,67c54f5d628d139b4232865f3f1d3b1c5a804b32a90c9be6a1ad30aaf0a18ec9,5,instruction_clarity,NA,Questionnaire,NA,other_non_err_detection,NA,NA,NA,NA,No,1,26
Group_2,67c54f5d628d139b4232865f3f1d3b1c5a804b32a90c9be6a1ad30aaf0a18ec9,5,error_detection_difficulty,NA,Questionnaire,NA,other_non_err_detection,NA,NA,NA,NA,No,2,26
Group_2,67c54f5d628d139b4232865f3f1d3b1c5a804b32a90c9be6a1ad30aaf0a18ec9,4,trivia_accent_strength,NA,Questionnaire,NA,other_non_err_detection,NA,NA,NA,NA,No,3,26
Group_2,67c54f5d628d139b4232865f3f1d3b1c5a804b32a90c9be6a1ad30aaf0a18ec9,5,transcription_accent_strength,NA,Questionnaire,NA,other_non_err_detection,NA,NA,NA,NA,No,4,26
Group_2,67c54f5d628d139b4232865f3f1d3b1c5a804b32a90c9be6a1ad30aaf0a18ec9,Yes,speaker_identity_check,NA,Questionnaire,NA,other_non_err_detection,NA,NA,NA,NA,No,5,26
Group_2,67c54f5d628d139b4232865f3f1d3b1c5a804b32a90c9be6a1ad30aaf0a18ec9,['English'],native_language,NA,Questionnaire,NA,other_non_err_detection,NA,NA,NA,NA,No,6,26
Group_2,67c54f5d628d139b4232865f3f1d3b1c5a804b32a90c9be6a1ad30aaf0a18ec9,No,household_accent,NA,Questionnaire,NA,other_non_err_detection,NA,NA,NA,NA,No,7,26
Group_2,67c54f5d628d139b4232865f3f1d3b1c5a804b32a90c9be6a1ad30aaf0a18ec9,No,current_accent,NA,Questionnaire,NA,other_non_err_detection,NA,NA,NA,NA,No,8,26
Group_2,67c54f5d628d139b4232865f3f1d3b1c5a804b32a90c9be6a1ad30aaf0a18ec9,1,exposure_spanish_accent,NA,Questionnaire,NA,other_non_err_detection,NA,NA,NA,NA,No,9,26
Group_2,67c54f5d628d139b4232865f3f1d3b1c5a804b32a90c9be6a1ad30aaf0a18ec9,1,exposure_spanish,NA,Questionnaire,NA,other_non_err_detection,NA,NA,NA,NA,No,10,26
Group_2,67c54f5d628d139b4232865f3f1d3b1c5a804b32a90c9be6a1ad30aaf0a18ec9,Yes,same_state_5_year,NA,Questionnaire,NA,other_non_err_detection,NA,NA,NA,NA,No,11,26
Group_2,67c54f5d628d139b4232865f3f1d3b1c5a804b32a90c9be6a1ad30aaf0a18ec9,This doesn't apply to me becuase I answered 'No' previously,same_state_5_year_yes,NA,Questionnaire,NA,other_non_err_detection,NA,NA,NA,NA,No,12,26
Group_2,67c54f5d628d139b4232865f3f1d3b1c5a804b32a90c9be6a1ad30aaf0a18ec9,NA,questionnaire_part3_begin,NA,Questionnaire,NA,other_non_err_detection,NA,NA,NA,NA,No,13,26
Group_2,67c54f5d628d139b4232865f3f1d3b1c5a804b32a90c9be6a1ad30aaf0a18ec9,Female,gender,NA,Questionnaire,NA,other_non_err_detection,NA,NA,NA,NA,No,14,26
Group_2,67c54f5d628d139b4232865f3f1d3b1c5a804b32a90c9be6a1ad30aaf0a18ec9,['White'],race/ethnicity,NA,Questionnaire,NA,other_non_err_detection,NA,NA,NA,NA,No,15,26
Group_2,67c54f5d628d139b4232865f3f1d3b1c5a804b32a90c9be6a1ad30aaf0a18ec9,High school,highest_level_edu,NA,Questionnaire,NA,other_non_err_detection,NA,NA,NA,NA,No,16,26
Group_2,67c54f5d628d139b4232865f3f1d3b1c5a804b32a90c9be6a1ad30aaf0a18ec9,No,learnDis,NA,Questionnaire,NA,other_non_err_detection,NA,NA,NA,NA,No,17,26
Group_2,67c54f5d628d139b4232865f3f1d3b1c5a804b32a90c9be6a1ad30aaf0a18ec9,No,attention,NA,Questionnaire,NA,other_non_err_detection,NA,NA,NA,NA,No,18,26
Group_2,67c54f5d628d139b4232865f3f1d3b1c5a804b32a90c9be6a1ad30aaf0a18ec9,No,headInjury,NA,Questionnaire,NA,other_non_err_detection,NA,NA,NA,NA,No,19,26
Group_2,67c54f5d628d139b4232865f3f1d3b1c5a804b32a90c9be6a1ad30aaf0a18ec9,No,neuroImpair,NA,Questionnaire,NA,other_non_err_detection,NA,NA,NA,NA,No,20,26
Group_2,67c54f5d628d139b4232865f3f1d3b1c5a804b32a90c9be6a1ad30aaf0a18ec9,Indian,trivia_accent_identification,NA,Questionnaire,NA,other_non_err_detection,NA,NA,NA,NA,No,21,26
Group_2,67c54f5d628d139b4232865f3f1d3b1c5a804b32a90c9be6a1ad30aaf0a18ec9,Indian,transcription_accent_identification,NA,Questionnaire,NA,other_non_err_detection,NA,NA,NA,NA,No,22,26
Group_2,67c54f5d628d139b4232865f3f1d3b1c5a804b32a90c9be6a1ad30aaf0a18ec9,"Yes, I wish I could have listened to it multiple times because its really hard to answer correctly by only hearing things once or even twice, especially with thick accents.",task_experience,NA,Questionnaire,NA,other_non_err_detection,NA,NA,NA,NA,No,23,26
Group_2,67c54f5d628d139b4232865f3f1d3b1c5a804b32a90c9be6a1ad30aaf0a18ec9,"My partner, Southern American; my best friend, Hawaiian; my aunt; southern American",most_frequent_accent,NA,Questionnaire,NA,other_non_err_detection,NA,NA,NA,NA,No,24,26
Group_2,67c54f5d628d139b4232865f3f1d3b1c5a804b32a90c9be6a1ad30aaf0a18ec9,I dont have any experience with Spanish language outside of tv.,additional_language_experience,NA,Questionnaire,NA,other_non_err_detection,NA,NA,NA,NA,No,25,26
Group_2,67c54f5d628d139b4232865f3f1d3b1c5a804b32a90c9be6a1ad30aaf0a18ec9,Alabama,origin_state,NA,Questionnaire,NA,other_non_err_detection,NA,NA,NA,NA,No,26,26
Group_2,67c54f5d628d139b4232865f3f1d3b1c5a804b32a90c9be6a1ad30aaf0a18ec9,36456,origin_zipcode,NA,Questionnaire,NA,other_non_err_detection,NA,NA,NA,NA,No,27,26
Group_2,67c54f5d628d139b4232865f3f1d3b1c5a804b32a90c9be6a1ad30aaf0a18ec9,Alabama,current_state,NA,Questionnaire,NA,other_non_err_detection,NA,NA,NA,NA,No,28,26
Group_2,67c54f5d628d139b4232865f3f1d3b1c5a804b32a90c9be6a1ad30aaf0a18ec9,36541,current_zipcode,NA,Questionnaire,NA,other_non_err_detection,NA,NA,NA,NA,No,29,26
Group_2,67c54f5d628d139b4232865f3f1d3b1c5a804b32a90c9be6a1ad30aaf0a18ec9,NA,same_state_5_year_no,NA,Questionnaire,NA,other_non_err_detection,NA,NA,NA,NA,No,30,26
Group_2,67c54f5d628d139b4232865f3f1d3b1c5a804b32a90c9be6a1ad30aaf0a18ec9,38,age,NA,Questionnaire,NA,other_non_err_detection,NA,NA,NA,NA,No,31,26
Group_2,67c54f5d628d139b4232865f3f1d3b1c5a804b32a90c9be6a1ad30aaf0a18ec9,NA,diseaseDetail,NA,Questionnaire,NA,other_non_err_detection,NA,NA,NA,NA,No,32,26
Group_2,67c54f5d628d139b4232865f3f1d3b1c5a804b32a90c9be6a1ad30aaf0a18ec9,Allow people to listen more than once.,suggestions_improvement,NA,Questionnaire,NA,other_non_err_detection,NA,NA,NA,NA,No,33,26
Group_2,67c54f5d628d139b4232865f3f1d3b1c5a804b32a90c9be6a1ad30aaf0a18ec9,I didnt encounter any technical issues.,technical_issues,NA,Questionnaire,NA,other_non_err_detection,NA,NA,NA,NA,No,34,26
Group_1,68dcc36aebb4e6bb755d91e3438e5c8fe347768da454fd75d3a922367da58a7d,4,instruction_clarity,NA,Questionnaire,NA,other_non_err_detection,NA,NA,NA,NA,No,1,27
Group_1,68dcc36aebb4e6bb755d91e3438e5c8fe347768da454fd75d3a922367da58a7d,2,error_detection_difficulty,NA,Questionnaire,NA,other_non_err_detection,NA,NA,NA,NA,No,2,27
Group_1,68dcc36aebb4e6bb755d91e3438e5c8fe347768da454fd75d3a922367da58a7d,3,trivia_accent_strength,NA,Questionnaire,NA,other_non_err_detection,NA,NA,NA,NA,No,3,27
Group_1,68dcc36aebb4e6bb755d91e3438e5c8fe347768da454fd75d3a922367da58a7d,4,transcription_accent_strength,NA,Questionnaire,NA,other_non_err_detection,NA,NA,NA,NA,No,4,27
Group_1,68dcc36aebb4e6bb755d91e3438e5c8fe347768da454fd75d3a922367da58a7d,No,speaker_identity_check,NA,Questionnaire,NA,other_non_err_detection,NA,NA,NA,NA,No,5,27
Group_1,68dcc36aebb4e6bb755d91e3438e5c8fe347768da454fd75d3a922367da58a7d,['English'],native_language,NA,Questionnaire,NA,other_non_err_detection,NA,NA,NA,NA,No,6,27
Group_1,68dcc36aebb4e6bb755d91e3438e5c8fe347768da454fd75d3a922367da58a7d,No,household_accent,NA,Questionnaire,NA,other_non_err_detection,NA,NA,NA,NA,No,7,27
Group_1,68dcc36aebb4e6bb755d91e3438e5c8fe347768da454fd75d3a922367da58a7d,No,current_accent,NA,Questionnaire,NA,other_non_err_detection,NA,NA,NA,NA,No,8,27
Group_1,68dcc36aebb4e6bb755d91e3438e5c8fe347768da454fd75d3a922367da58a7d,2,exposure_spanish_accent,NA,Questionnaire,NA,other_non_err_detection,NA,NA,NA,NA,No,9,27
Group_1,68dcc36aebb4e6bb755d91e3438e5c8fe347768da454fd75d3a922367da58a7d,2,exposure_spanish,NA,Questionnaire,NA,other_non_err_detection,NA,NA,NA,NA,No,10,27
Group_1,68dcc36aebb4e6bb755d91e3438e5c8fe347768da454fd75d3a922367da58a7d,Yes,same_state_5_year,NA,Questionnaire,NA,other_non_err_detection,NA,NA,NA,NA,No,11,27
Group_1,68dcc36aebb4e6bb755d91e3438e5c8fe347768da454fd75d3a922367da58a7d,Yes,same_state_5_year_yes,NA,Questionnaire,NA,other_non_err_detection,NA,NA,NA,NA,No,12,27
Group_1,68dcc36aebb4e6bb755d91e3438e5c8fe347768da454fd75d3a922367da58a7d,NA,questionnaire_part3_begin,NA,Questionnaire,NA,other_non_err_detection,NA,NA,NA,NA,No,13,27
Group_1,68dcc36aebb4e6bb755d91e3438e5c8fe347768da454fd75d3a922367da58a7d,Female,gender,NA,Questionnaire,NA,other_non_err_detection,NA,NA,NA,NA,No,14,27
Group_1,68dcc36aebb4e6bb755d91e3438e5c8fe347768da454fd75d3a922367da58a7d,"['Asian', 'White']",race/ethnicity,NA,Questionnaire,NA,other_non_err_detection,NA,NA,NA,NA,No,15,27
Group_1,68dcc36aebb4e6bb755d91e3438e5c8fe347768da454fd75d3a922367da58a7d,Master’s degree,highest_level_edu,NA,Questionnaire,NA,other_non_err_detection,NA,NA,NA,NA,No,16,27
Group_1,68dcc36aebb4e6bb755d91e3438e5c8fe347768da454fd75d3a922367da58a7d,No,learnDis,NA,Questionnaire,NA,other_non_err_detection,NA,NA,NA,NA,No,17,27
Group_1,68dcc36aebb4e6bb755d91e3438e5c8fe347768da454fd75d3a922367da58a7d,Yes,attention,NA,Questionnaire,NA,other_non_err_detection,NA,NA,NA,NA,No,18,27
Group_1,68dcc36aebb4e6bb755d91e3438e5c8fe347768da454fd75d3a922367da58a7d,No,headInjury,NA,Questionnaire,NA,other_non_err_detection,NA,NA,NA,NA,No,19,27
Group_1,68dcc36aebb4e6bb755d91e3438e5c8fe347768da454fd75d3a922367da58a7d,No,neuroImpair,NA,Questionnaire,NA,other_non_err_detection,NA,NA,NA,NA,No,20,27
Group_1,68dcc36aebb4e6bb755d91e3438e5c8fe347768da454fd75d3a922367da58a7d,slavic/russian,trivia_accent_identification,NA,Questionnaire,NA,other_non_err_detection,NA,NA,NA,NA,No,21,27
Group_1,68dcc36aebb4e6bb755d91e3438e5c8fe347768da454fd75d3a922367da58a7d,filipino,transcription_accent_identification,NA,Questionnaire,NA,other_non_err_detection,NA,NA,NA,NA,No,22,27
Group_1,68dcc36aebb4e6bb755d91e3438e5c8fe347768da454fd75d3a922367da58a7d,no,task_experience,NA,Questionnaire,NA,other_non_err_detection,NA,NA,NA,NA,No,23,27
Group_1,68dcc36aebb4e6bb755d91e3438e5c8fe347768da454fd75d3a922367da58a7d,"my mom, american, my friend, american, my coworker american",most_frequent_accent,NA,Questionnaire,NA,other_non_err_detection,NA,NA,NA,NA,No,24,27
Group_1,68dcc36aebb4e6bb755d91e3438e5c8fe347768da454fd75d3a922367da58a7d,i took spanish for 3 years in high school. my mom grew up in the phillippines and doesn't have an accent but her grammar can sometimes be incorrect. my grandma has a heavy filipino accent and i often spent summers with her,additional_language_experience,NA,Questionnaire,NA,other_non_err_detection,NA,NA,NA,NA,No,25,27
Group_1,68dcc36aebb4e6bb755d91e3438e5c8fe347768da454fd75d3a922367da58a7d,new york,origin_state,NA,Questionnaire,NA,other_non_err_detection,NA,NA,NA,NA,No,26,27
Group_1,68dcc36aebb4e6bb755d91e3438e5c8fe347768da454fd75d3a922367da58a7d,"ithaca, NY",origin_zipcode,NA,Questionnaire,NA,other_non_err_detection,NA,NA,NA,NA,No,27,27
Group_1,68dcc36aebb4e6bb755d91e3438e5c8fe347768da454fd75d3a922367da58a7d,DC,current_state,NA,Questionnaire,NA,other_non_err_detection,NA,NA,NA,NA,No,28,27
Group_1,68dcc36aebb4e6bb755d91e3438e5c8fe347768da454fd75d3a922367da58a7d,20003,current_zipcode,NA,Questionnaire,NA,other_non_err_detection,NA,NA,NA,NA,No,29,27
Group_1,68dcc36aebb4e6bb755d91e3438e5c8fe347768da454fd75d3a922367da58a7d,NA,same_state_5_year_no,NA,Questionnaire,NA,other_non_err_detection,NA,NA,NA,NA,No,30,27
Group_1,68dcc36aebb4e6bb755d91e3438e5c8fe347768da454fd75d3a922367da58a7d,31,age,NA,Questionnaire,NA,other_non_err_detection,NA,NA,NA,NA,No,31,27
Group_1,68dcc36aebb4e6bb755d91e3438e5c8fe347768da454fd75d3a922367da58a7d,I have ADHD Inattentive Type,diseaseDetail,NA,Questionnaire,NA,other_non_err_detection,NA,NA,NA,NA,No,32,27
Group_1,68dcc36aebb4e6bb755d91e3438e5c8fe347768da454fd75d3a922367da58a7d,i wish there was a text box we could type in as the audio was playing as sometimes it is hard to remember the full sentence by the time the screen loads,suggestions_improvement,NA,Questionnaire,NA,other_non_err_detection,NA,NA,NA,NA,No,33,27
Group_1,68dcc36aebb4e6bb755d91e3438e5c8fe347768da454fd75d3a922367da58a7d,no,technical_issues,NA,Questionnaire,NA,other_non_err_detection,NA,NA,NA,NA,No,34,27
Group_2,74eb76a656aaea33943df6222ffa6fbf8aef444d4bd9063668a51f2c55ff2d43,5,instruction_clarity,NA,Questionnaire,NA,other_non_err_detection,NA,NA,NA,NA,No,1,28
Group_2,74eb76a656aaea33943df6222ffa6fbf8aef444d4bd9063668a51f2c55ff2d43,2,error_detection_difficulty,NA,Questionnaire,NA,other_non_err_detection,NA,NA,NA,NA,No,2,28
Group_2,74eb76a656aaea33943df6222ffa6fbf8aef444d4bd9063668a51f2c55ff2d43,3,trivia_accent_strength,NA,Questionnaire,NA,other_non_err_detection,NA,NA,NA,NA,No,3,28
Group_2,74eb76a656aaea33943df6222ffa6fbf8aef444d4bd9063668a51f2c55ff2d43,4,transcription_accent_strength,NA,Questionnaire,NA,other_non_err_detection,NA,NA,NA,NA,No,4,28
Group_2,74eb76a656aaea33943df6222ffa6fbf8aef444d4bd9063668a51f2c55ff2d43,Yes,speaker_identity_check,NA,Questionnaire,NA,other_non_err_detection,NA,NA,NA,NA,No,5,28
Group_2,74eb76a656aaea33943df6222ffa6fbf8aef444d4bd9063668a51f2c55ff2d43,['English'],native_language,NA,Questionnaire,NA,other_non_err_detection,NA,NA,NA,NA,No,6,28
Group_2,74eb76a656aaea33943df6222ffa6fbf8aef444d4bd9063668a51f2c55ff2d43,No,household_accent,NA,Questionnaire,NA,other_non_err_detection,NA,NA,NA,NA,No,7,28
Group_2,74eb76a656aaea33943df6222ffa6fbf8aef444d4bd9063668a51f2c55ff2d43,No,current_accent,NA,Questionnaire,NA,other_non_err_detection,NA,NA,NA,NA,No,8,28
Group_2,74eb76a656aaea33943df6222ffa6fbf8aef444d4bd9063668a51f2c55ff2d43,1,exposure_spanish_accent,NA,Questionnaire,NA,other_non_err_detection,NA,NA,NA,NA,No,9,28
Group_2,74eb76a656aaea33943df6222ffa6fbf8aef444d4bd9063668a51f2c55ff2d43,1,exposure_spanish,NA,Questionnaire,NA,other_non_err_detection,NA,NA,NA,NA,No,10,28
Group_2,74eb76a656aaea33943df6222ffa6fbf8aef444d4bd9063668a51f2c55ff2d43,Yes,same_state_5_year,NA,Questionnaire,NA,other_non_err_detection,NA,NA,NA,NA,No,11,28
Group_2,74eb76a656aaea33943df6222ffa6fbf8aef444d4bd9063668a51f2c55ff2d43,This doesn't apply to me becuase I answered 'No' previously,same_state_5_year_yes,NA,Questionnaire,NA,other_non_err_detection,NA,NA,NA,NA,No,12,28
Group_2,74eb76a656aaea33943df6222ffa6fbf8aef444d4bd9063668a51f2c55ff2d43,NA,questionnaire_part3_begin,NA,Questionnaire,NA,other_non_err_detection,NA,NA,NA,NA,No,13,28
Group_2,74eb76a656aaea33943df6222ffa6fbf8aef444d4bd9063668a51f2c55ff2d43,Female,gender,NA,Questionnaire,NA,other_non_err_detection,NA,NA,NA,NA,No,14,28
Group_2,74eb76a656aaea33943df6222ffa6fbf8aef444d4bd9063668a51f2c55ff2d43,['White'],race/ethnicity,NA,Questionnaire,NA,other_non_err_detection,NA,NA,NA,NA,No,15,28
Group_2,74eb76a656aaea33943df6222ffa6fbf8aef444d4bd9063668a51f2c55ff2d43,Some college,highest_level_edu,NA,Questionnaire,NA,other_non_err_detection,NA,NA,NA,NA,No,16,28
Group_2,74eb76a656aaea33943df6222ffa6fbf8aef444d4bd9063668a51f2c55ff2d43,No,learnDis,NA,Questionnaire,NA,other_non_err_detection,NA,NA,NA,NA,No,17,28
Group_2,74eb76a656aaea33943df6222ffa6fbf8aef444d4bd9063668a51f2c55ff2d43,No,attention,NA,Questionnaire,NA,other_non_err_detection,NA,NA,NA,NA,No,18,28
Group_2,74eb76a656aaea33943df6222ffa6fbf8aef444d4bd9063668a51f2c55ff2d43,Yes,headInjury,NA,Questionnaire,NA,other_non_err_detection,NA,NA,NA,NA,No,19,28
Group_2,74eb76a656aaea33943df6222ffa6fbf8aef444d4bd9063668a51f2c55ff2d43,No,neuroImpair,NA,Questionnaire,NA,other_non_err_detection,NA,NA,NA,NA,No,20,28
Group_2,74eb76a656aaea33943df6222ffa6fbf8aef444d4bd9063668a51f2c55ff2d43,German,trivia_accent_identification,NA,Questionnaire,NA,other_non_err_detection,NA,NA,NA,NA,No,21,28
Group_2,74eb76a656aaea33943df6222ffa6fbf8aef444d4bd9063668a51f2c55ff2d43,German,transcription_accent_identification,NA,Questionnaire,NA,other_non_err_detection,NA,NA,NA,NA,No,22,28
Group_2,74eb76a656aaea33943df6222ffa6fbf8aef444d4bd9063668a51f2c55ff2d43,I don't think anything was particularly confusing.,task_experience,NA,Questionnaire,NA,other_non_err_detection,NA,NA,NA,NA,No,23,28
Group_2,74eb76a656aaea33943df6222ffa6fbf8aef444d4bd9063668a51f2c55ff2d43,"my mom, New Jersey; 
my sister, Southern; 
my best friend, Midwestern; 
my friend, North Eastern;
my cousin, New Jersey",most_frequent_accent,NA,Questionnaire,NA,other_non_err_detection,NA,NA,NA,NA,No,24,28
Group_2,74eb76a656aaea33943df6222ffa6fbf8aef444d4bd9063668a51f2c55ff2d43,My father had a South African accent,additional_language_experience,NA,Questionnaire,NA,other_non_err_detection,NA,NA,NA,NA,No,25,28
Group_2,74eb76a656aaea33943df6222ffa6fbf8aef444d4bd9063668a51f2c55ff2d43,New Jersey,origin_state,NA,Questionnaire,NA,other_non_err_detection,NA,NA,NA,NA,No,26,28
Group_2,74eb76a656aaea33943df6222ffa6fbf8aef444d4bd9063668a51f2c55ff2d43,"Colonia, NJ",origin_zipcode,NA,Questionnaire,NA,other_non_err_detection,NA,NA,NA,NA,No,27,28
Group_2,74eb76a656aaea33943df6222ffa6fbf8aef444d4bd9063668a51f2c55ff2d43,North Carolina,current_state,NA,Questionnaire,NA,other_non_err_detection,NA,NA,NA,NA,No,28,28
Group_2,74eb76a656aaea33943df6222ffa6fbf8aef444d4bd9063668a51f2c55ff2d43,27540,current_zipcode,NA,Questionnaire,NA,other_non_err_detection,NA,NA,NA,NA,No,29,28
Group_2,74eb76a656aaea33943df6222ffa6fbf8aef444d4bd9063668a51f2c55ff2d43,NA,same_state_5_year_no,NA,Questionnaire,NA,other_non_err_detection,NA,NA,NA,NA,No,30,28
Group_2,74eb76a656aaea33943df6222ffa6fbf8aef444d4bd9063668a51f2c55ff2d43,28,age,NA,Questionnaire,NA,other_non_err_detection,NA,NA,NA,NA,No,31,28
Group_2,74eb76a656aaea33943df6222ffa6fbf8aef444d4bd9063668a51f2c55ff2d43,I experienced a concussion in 2013,diseaseDetail,NA,Questionnaire,NA,other_non_err_detection,NA,NA,NA,NA,No,32,28
Group_2,74eb76a656aaea33943df6222ffa6fbf8aef444d4bd9063668a51f2c55ff2d43,"I think it would be beneficial to let people hear the audio parts a few more times, since some people have audio processing disorders.",suggestions_improvement,NA,Questionnaire,NA,other_non_err_detection,NA,NA,NA,NA,No,33,28
Group_2,74eb76a656aaea33943df6222ffa6fbf8aef444d4bd9063668a51f2c55ff2d43,"No, everything went well",technical_issues,NA,Questionnaire,NA,other_non_err_detection,NA,NA,NA,NA,No,34,28
Group_4,8d5e89fc843857b426e42d0813d198a1aa54dd91f25586fd69199a7328fc7617,5,instruction_clarity,NA,Questionnaire,NA,other_non_err_detection,NA,NA,NA,NA,No,1,29
Group_4,8d5e89fc843857b426e42d0813d198a1aa54dd91f25586fd69199a7328fc7617,3,error_detection_difficulty,NA,Questionnaire,NA,other_non_err_detection,NA,NA,NA,NA,No,2,29
Group_4,8d5e89fc843857b426e42d0813d198a1aa54dd91f25586fd69199a7328fc7617,4,trivia_accent_strength,NA,Questionnaire,NA,other_non_err_detection,NA,NA,NA,NA,No,3,29
Group_4,8d5e89fc843857b426e42d0813d198a1aa54dd91f25586fd69199a7328fc7617,4,transcription_accent_strength,NA,Questionnaire,NA,other_non_err_detection,NA,NA,NA,NA,No,4,29
Group_4,8d5e89fc843857b426e42d0813d198a1aa54dd91f25586fd69199a7328fc7617,Yes,speaker_identity_check,NA,Questionnaire,NA,other_non_err_detection,NA,NA,NA,NA,No,5,29
Group_4,8d5e89fc843857b426e42d0813d198a1aa54dd91f25586fd69199a7328fc7617,['English'],native_language,NA,Questionnaire,NA,other_non_err_detection,NA,NA,NA,NA,No,6,29
Group_4,8d5e89fc843857b426e42d0813d198a1aa54dd91f25586fd69199a7328fc7617,No,household_accent,NA,Questionnaire,NA,other_non_err_detection,NA,NA,NA,NA,No,7,29
Group_4,8d5e89fc843857b426e42d0813d198a1aa54dd91f25586fd69199a7328fc7617,No,current_accent,NA,Questionnaire,NA,other_non_err_detection,NA,NA,NA,NA,No,8,29
Group_4,8d5e89fc843857b426e42d0813d198a1aa54dd91f25586fd69199a7328fc7617,2,exposure_spanish_accent,NA,Questionnaire,NA,other_non_err_detection,NA,NA,NA,NA,No,9,29
Group_4,8d5e89fc843857b426e42d0813d198a1aa54dd91f25586fd69199a7328fc7617,2,exposure_spanish,NA,Questionnaire,NA,other_non_err_detection,NA,NA,NA,NA,No,10,29
Group_4,8d5e89fc843857b426e42d0813d198a1aa54dd91f25586fd69199a7328fc7617,No,same_state_5_year,NA,Questionnaire,NA,other_non_err_detection,NA,NA,NA,NA,No,11,29
Group_4,8d5e89fc843857b426e42d0813d198a1aa54dd91f25586fd69199a7328fc7617,No,same_state_5_year_yes,NA,Questionnaire,NA,other_non_err_detection,NA,NA,NA,NA,No,12,29
Group_4,8d5e89fc843857b426e42d0813d198a1aa54dd91f25586fd69199a7328fc7617,NA,questionnaire_part3_begin,NA,Questionnaire,NA,other_non_err_detection,NA,NA,NA,NA,No,13,29
Group_4,8d5e89fc843857b426e42d0813d198a1aa54dd91f25586fd69199a7328fc7617,Male,gender,NA,Questionnaire,NA,other_non_err_detection,NA,NA,NA,NA,No,14,29
Group_4,8d5e89fc843857b426e42d0813d198a1aa54dd91f25586fd69199a7328fc7617,['White'],race/ethnicity,NA,Questionnaire,NA,other_non_err_detection,NA,NA,NA,NA,No,15,29
Group_4,8d5e89fc843857b426e42d0813d198a1aa54dd91f25586fd69199a7328fc7617,Some college,highest_level_edu,NA,Questionnaire,NA,other_non_err_detection,NA,NA,NA,NA,No,16,29
Group_4,8d5e89fc843857b426e42d0813d198a1aa54dd91f25586fd69199a7328fc7617,No,learnDis,NA,Questionnaire,NA,other_non_err_detection,NA,NA,NA,NA,No,17,29
Group_4,8d5e89fc843857b426e42d0813d198a1aa54dd91f25586fd69199a7328fc7617,No,attention,NA,Questionnaire,NA,other_non_err_detection,NA,NA,NA,NA,No,18,29
Group_4,8d5e89fc843857b426e42d0813d198a1aa54dd91f25586fd69199a7328fc7617,No,headInjury,NA,Questionnaire,NA,other_non_err_detection,NA,NA,NA,NA,No,19,29
Group_4,8d5e89fc843857b426e42d0813d198a1aa54dd91f25586fd69199a7328fc7617,No,neuroImpair,NA,Questionnaire,NA,other_non_err_detection,NA,NA,NA,NA,No,20,29
Group_4,8d5e89fc843857b426e42d0813d198a1aa54dd91f25586fd69199a7328fc7617,Unsure,trivia_accent_identification,NA,Questionnaire,NA,other_non_err_detection,NA,NA,NA,NA,No,21,29
Group_4,8d5e89fc843857b426e42d0813d198a1aa54dd91f25586fd69199a7328fc7617,Unsure; same as first part though,transcription_accent_identification,NA,Questionnaire,NA,other_non_err_detection,NA,NA,NA,NA,No,22,29
Group_4,8d5e89fc843857b426e42d0813d198a1aa54dd91f25586fd69199a7328fc7617,No,task_experience,NA,Questionnaire,NA,other_non_err_detection,NA,NA,NA,NA,No,23,29
Group_4,8d5e89fc843857b426e42d0813d198a1aa54dd91f25586fd69199a7328fc7617,American,most_frequent_accent,NA,Questionnaire,NA,other_non_err_detection,NA,NA,NA,NA,No,24,29
Group_4,8d5e89fc843857b426e42d0813d198a1aa54dd91f25586fd69199a7328fc7617,NA,additional_language_experience,NA,Questionnaire,NA,other_non_err_detection,NA,NA,NA,NA,No,25,29
Group_4,8d5e89fc843857b426e42d0813d198a1aa54dd91f25586fd69199a7328fc7617,MN,origin_state,NA,Questionnaire,NA,other_non_err_detection,NA,NA,NA,NA,No,26,29
Group_4,8d5e89fc843857b426e42d0813d198a1aa54dd91f25586fd69199a7328fc7617,55904,origin_zipcode,NA,Questionnaire,NA,other_non_err_detection,NA,NA,NA,NA,No,27,29
Group_4,8d5e89fc843857b426e42d0813d198a1aa54dd91f25586fd69199a7328fc7617,SC,current_state,NA,Questionnaire,NA,other_non_err_detection,NA,NA,NA,NA,No,28,29
Group_4,8d5e89fc843857b426e42d0813d198a1aa54dd91f25586fd69199a7328fc7617,29440,current_zipcode,NA,Questionnaire,NA,other_non_err_detection,NA,NA,NA,NA,No,29,29
Group_4,8d5e89fc843857b426e42d0813d198a1aa54dd91f25586fd69199a7328fc7617,"SC, MN",same_state_5_year_no,NA,Questionnaire,NA,other_non_err_detection,NA,NA,NA,NA,No,30,29
Group_4,8d5e89fc843857b426e42d0813d198a1aa54dd91f25586fd69199a7328fc7617,28,age,NA,Questionnaire,NA,other_non_err_detection,NA,NA,NA,NA,No,31,29
Group_4,8d5e89fc843857b426e42d0813d198a1aa54dd91f25586fd69199a7328fc7617,NA,diseaseDetail,NA,Questionnaire,NA,other_non_err_detection,NA,NA,NA,NA,No,32,29
Group_4,8d5e89fc843857b426e42d0813d198a1aa54dd91f25586fd69199a7328fc7617,Showing how much is left in the study,suggestions_improvement,NA,Questionnaire,NA,other_non_err_detection,NA,NA,NA,NA,No,33,29
Group_4,8d5e89fc843857b426e42d0813d198a1aa54dd91f25586fd69199a7328fc7617,No,technical_issues,NA,Questionnaire,NA,other_non_err_detection,NA,NA,NA,NA,No,34,29
Group_2,98104a3a5afd49c5cde21ead8cc0d45c3b36a7a9eef2c4cbde9c3749f99a4ba4,4,instruction_clarity,NA,Questionnaire,NA,other_non_err_detection,NA,NA,NA,NA,No,1,30
Group_2,98104a3a5afd49c5cde21ead8cc0d45c3b36a7a9eef2c4cbde9c3749f99a4ba4,4,error_detection_difficulty,NA,Questionnaire,NA,other_non_err_detection,NA,NA,NA,NA,No,2,30
Group_2,98104a3a5afd49c5cde21ead8cc0d45c3b36a7a9eef2c4cbde9c3749f99a4ba4,4,trivia_accent_strength,NA,Questionnaire,NA,other_non_err_detection,NA,NA,NA,NA,No,3,30
Group_2,98104a3a5afd49c5cde21ead8cc0d45c3b36a7a9eef2c4cbde9c3749f99a4ba4,5,transcription_accent_strength,NA,Questionnaire,NA,other_non_err_detection,NA,NA,NA,NA,No,4,30
Group_2,98104a3a5afd49c5cde21ead8cc0d45c3b36a7a9eef2c4cbde9c3749f99a4ba4,No,speaker_identity_check,NA,Questionnaire,NA,other_non_err_detection,NA,NA,NA,NA,No,5,30
Group_2,98104a3a5afd49c5cde21ead8cc0d45c3b36a7a9eef2c4cbde9c3749f99a4ba4,['English'],native_language,NA,Questionnaire,NA,other_non_err_detection,NA,NA,NA,NA,No,6,30
Group_2,98104a3a5afd49c5cde21ead8cc0d45c3b36a7a9eef2c4cbde9c3749f99a4ba4,No,household_accent,NA,Questionnaire,NA,other_non_err_detection,NA,NA,NA,NA,No,7,30
Group_2,98104a3a5afd49c5cde21ead8cc0d45c3b36a7a9eef2c4cbde9c3749f99a4ba4,No,current_accent,NA,Questionnaire,NA,other_non_err_detection,NA,NA,NA,NA,No,8,30
Group_2,98104a3a5afd49c5cde21ead8cc0d45c3b36a7a9eef2c4cbde9c3749f99a4ba4,2,exposure_spanish_accent,NA,Questionnaire,NA,other_non_err_detection,NA,NA,NA,NA,No,9,30
Group_2,98104a3a5afd49c5cde21ead8cc0d45c3b36a7a9eef2c4cbde9c3749f99a4ba4,2,exposure_spanish,NA,Questionnaire,NA,other_non_err_detection,NA,NA,NA,NA,No,10,30
Group_2,98104a3a5afd49c5cde21ead8cc0d45c3b36a7a9eef2c4cbde9c3749f99a4ba4,Yes,same_state_5_year,NA,Questionnaire,NA,other_non_err_detection,NA,NA,NA,NA,No,11,30
Group_2,98104a3a5afd49c5cde21ead8cc0d45c3b36a7a9eef2c4cbde9c3749f99a4ba4,Yes,same_state_5_year_yes,NA,Questionnaire,NA,other_non_err_detection,NA,NA,NA,NA,No,12,30
Group_2,98104a3a5afd49c5cde21ead8cc0d45c3b36a7a9eef2c4cbde9c3749f99a4ba4,NA,questionnaire_part3_begin,NA,Questionnaire,NA,other_non_err_detection,NA,NA,NA,NA,No,13,30
Group_2,98104a3a5afd49c5cde21ead8cc0d45c3b36a7a9eef2c4cbde9c3749f99a4ba4,Female,gender,NA,Questionnaire,NA,other_non_err_detection,NA,NA,NA,NA,No,14,30
Group_2,98104a3a5afd49c5cde21ead8cc0d45c3b36a7a9eef2c4cbde9c3749f99a4ba4,['Black or African American'],race/ethnicity,NA,Questionnaire,NA,other_non_err_detection,NA,NA,NA,NA,No,15,30
Group_2,98104a3a5afd49c5cde21ead8cc0d45c3b36a7a9eef2c4cbde9c3749f99a4ba4,2- or 4-year college degree,highest_level_edu,NA,Questionnaire,NA,other_non_err_detection,NA,NA,NA,NA,No,16,30
Group_2,98104a3a5afd49c5cde21ead8cc0d45c3b36a7a9eef2c4cbde9c3749f99a4ba4,No,learnDis,NA,Questionnaire,NA,other_non_err_detection,NA,NA,NA,NA,No,17,30
Group_2,98104a3a5afd49c5cde21ead8cc0d45c3b36a7a9eef2c4cbde9c3749f99a4ba4,No,attention,NA,Questionnaire,NA,other_non_err_detection,NA,NA,NA,NA,No,18,30
Group_2,98104a3a5afd49c5cde21ead8cc0d45c3b36a7a9eef2c4cbde9c3749f99a4ba4,No,headInjury,NA,Questionnaire,NA,other_non_err_detection,NA,NA,NA,NA,No,19,30
Group_2,98104a3a5afd49c5cde21ead8cc0d45c3b36a7a9eef2c4cbde9c3749f99a4ba4,No,neuroImpair,NA,Questionnaire,NA,other_non_err_detection,NA,NA,NA,NA,No,20,30
Group_2,98104a3a5afd49c5cde21ead8cc0d45c3b36a7a9eef2c4cbde9c3749f99a4ba4,unsure,trivia_accent_identification,NA,Questionnaire,NA,other_non_err_detection,NA,NA,NA,NA,No,21,30
Group_2,98104a3a5afd49c5cde21ead8cc0d45c3b36a7a9eef2c4cbde9c3749f99a4ba4,Unsure,transcription_accent_identification,NA,Questionnaire,NA,other_non_err_detection,NA,NA,NA,NA,No,22,30
Group_2,98104a3a5afd49c5cde21ead8cc0d45c3b36a7a9eef2c4cbde9c3749f99a4ba4,No,task_experience,NA,Questionnaire,NA,other_non_err_detection,NA,NA,NA,NA,No,23,30
Group_2,98104a3a5afd49c5cde21ead8cc0d45c3b36a7a9eef2c4cbde9c3749f99a4ba4,"My mom, American; My sister, American; my friend, Argentine",most_frequent_accent,NA,Questionnaire,NA,other_non_err_detection,NA,NA,NA,NA,No,24,30
Group_2,98104a3a5afd49c5cde21ead8cc0d45c3b36a7a9eef2c4cbde9c3749f99a4ba4,I took spanish classes in school between the ages of 6 and 18,additional_language_experience,NA,Questionnaire,NA,other_non_err_detection,NA,NA,NA,NA,No,25,30
Group_2,98104a3a5afd49c5cde21ead8cc0d45c3b36a7a9eef2c4cbde9c3749f99a4ba4,Georgia,origin_state,NA,Questionnaire,NA,other_non_err_detection,NA,NA,NA,NA,No,26,30
Group_2,98104a3a5afd49c5cde21ead8cc0d45c3b36a7a9eef2c4cbde9c3749f99a4ba4,31792,origin_zipcode,NA,Questionnaire,NA,other_non_err_detection,NA,NA,NA,NA,No,27,30
Group_2,98104a3a5afd49c5cde21ead8cc0d45c3b36a7a9eef2c4cbde9c3749f99a4ba4,Georgia,current_state,NA,Questionnaire,NA,other_non_err_detection,NA,NA,NA,NA,No,28,30
Group_2,98104a3a5afd49c5cde21ead8cc0d45c3b36a7a9eef2c4cbde9c3749f99a4ba4,31792,current_zipcode,NA,Questionnaire,NA,other_non_err_detection,NA,NA,NA,NA,No,29,30
Group_2,98104a3a5afd49c5cde21ead8cc0d45c3b36a7a9eef2c4cbde9c3749f99a4ba4,NA,same_state_5_year_no,NA,Questionnaire,NA,other_non_err_detection,NA,NA,NA,NA,No,30,30
Group_2,98104a3a5afd49c5cde21ead8cc0d45c3b36a7a9eef2c4cbde9c3749f99a4ba4,28,age,NA,Questionnaire,NA,other_non_err_detection,NA,NA,NA,NA,No,31,30
Group_2,98104a3a5afd49c5cde21ead8cc0d45c3b36a7a9eef2c4cbde9c3749f99a4ba4,NA,diseaseDetail,NA,Questionnaire,NA,other_non_err_detection,NA,NA,NA,NA,No,32,30
Group_2,98104a3a5afd49c5cde21ead8cc0d45c3b36a7a9eef2c4cbde9c3749f99a4ba4,Maybe decrease the static in the second part,suggestions_improvement,NA,Questionnaire,NA,other_non_err_detection,NA,NA,NA,NA,No,33,30
Group_2,98104a3a5afd49c5cde21ead8cc0d45c3b36a7a9eef2c4cbde9c3749f99a4ba4,No,technical_issues,NA,Questionnaire,NA,other_non_err_detection,NA,NA,NA,NA,No,34,30
Group_2,9f1188c9df59d13665a7f42839ae3153a0a9f386ccf575699b3dfe3233f2013a,5,instruction_clarity,NA,Questionnaire,NA,other_non_err_detection,NA,NA,NA,NA,No,1,31
Group_2,9f1188c9df59d13665a7f42839ae3153a0a9f386ccf575699b3dfe3233f2013a,4,error_detection_difficulty,NA,Questionnaire,NA,other_non_err_detection,NA,NA,NA,NA,No,2,31
Group_2,9f1188c9df59d13665a7f42839ae3153a0a9f386ccf575699b3dfe3233f2013a,5,trivia_accent_strength,NA,Questionnaire,NA,other_non_err_detection,NA,NA,NA,NA,No,3,31
Group_2,9f1188c9df59d13665a7f42839ae3153a0a9f386ccf575699b3dfe3233f2013a,1,transcription_accent_strength,NA,Questionnaire,NA,other_non_err_detection,NA,NA,NA,NA,No,4,31
Group_2,9f1188c9df59d13665a7f42839ae3153a0a9f386ccf575699b3dfe3233f2013a,No,speaker_identity_check,NA,Questionnaire,NA,other_non_err_detection,NA,NA,NA,NA,No,5,31
Group_2,9f1188c9df59d13665a7f42839ae3153a0a9f386ccf575699b3dfe3233f2013a,"['English', 'Spanish']",native_language,NA,Questionnaire,NA,other_non_err_detection,NA,NA,NA,NA,No,6,31
Group_2,9f1188c9df59d13665a7f42839ae3153a0a9f386ccf575699b3dfe3233f2013a,"Yes, they spoke English with a Spanish accent",household_accent,NA,Questionnaire,NA,other_non_err_detection,NA,NA,NA,NA,No,7,31
Group_2,9f1188c9df59d13665a7f42839ae3153a0a9f386ccf575699b3dfe3233f2013a,"Yes, they spoke English with a Spanish accent",current_accent,NA,Questionnaire,NA,other_non_err_detection,NA,NA,NA,NA,No,8,31
Group_2,9f1188c9df59d13665a7f42839ae3153a0a9f386ccf575699b3dfe3233f2013a,2,exposure_spanish_accent,NA,Questionnaire,NA,other_non_err_detection,NA,NA,NA,NA,No,9,31
Group_2,9f1188c9df59d13665a7f42839ae3153a0a9f386ccf575699b3dfe3233f2013a,2,exposure_spanish,NA,Questionnaire,NA,other_non_err_detection,NA,NA,NA,NA,No,10,31
Group_2,9f1188c9df59d13665a7f42839ae3153a0a9f386ccf575699b3dfe3233f2013a,Yes,same_state_5_year,NA,Questionnaire,NA,other_non_err_detection,NA,NA,NA,NA,No,11,31
Group_2,9f1188c9df59d13665a7f42839ae3153a0a9f386ccf575699b3dfe3233f2013a,Yes,same_state_5_year_yes,NA,Questionnaire,NA,other_non_err_detection,NA,NA,NA,NA,No,12,31
Group_2,9f1188c9df59d13665a7f42839ae3153a0a9f386ccf575699b3dfe3233f2013a,NA,questionnaire_part3_begin,NA,Questionnaire,NA,other_non_err_detection,NA,NA,NA,NA,No,13,31
Group_2,9f1188c9df59d13665a7f42839ae3153a0a9f386ccf575699b3dfe3233f2013a,Male,gender,NA,Questionnaire,NA,other_non_err_detection,NA,NA,NA,NA,No,14,31
Group_2,9f1188c9df59d13665a7f42839ae3153a0a9f386ccf575699b3dfe3233f2013a,['White'],race/ethnicity,NA,Questionnaire,NA,other_non_err_detection,NA,NA,NA,NA,No,15,31
Group_2,9f1188c9df59d13665a7f42839ae3153a0a9f386ccf575699b3dfe3233f2013a,2- or 4-year college degree,highest_level_edu,NA,Questionnaire,NA,other_non_err_detection,NA,NA,NA,NA,No,16,31
Group_2,9f1188c9df59d13665a7f42839ae3153a0a9f386ccf575699b3dfe3233f2013a,No,learnDis,NA,Questionnaire,NA,other_non_err_detection,NA,NA,NA,NA,No,17,31
Group_2,9f1188c9df59d13665a7f42839ae3153a0a9f386ccf575699b3dfe3233f2013a,No,attention,NA,Questionnaire,NA,other_non_err_detection,NA,NA,NA,NA,No,18,31
Group_2,9f1188c9df59d13665a7f42839ae3153a0a9f386ccf575699b3dfe3233f2013a,No,headInjury,NA,Questionnaire,NA,other_non_err_detection,NA,NA,NA,NA,No,19,31
Group_2,9f1188c9df59d13665a7f42839ae3153a0a9f386ccf575699b3dfe3233f2013a,No,neuroImpair,NA,Questionnaire,NA,other_non_err_detection,NA,NA,NA,NA,No,20,31
Group_2,9f1188c9df59d13665a7f42839ae3153a0a9f386ccf575699b3dfe3233f2013a,spanish,trivia_accent_identification,NA,Questionnaire,NA,other_non_err_detection,NA,NA,NA,NA,No,21,31
Group_2,9f1188c9df59d13665a7f42839ae3153a0a9f386ccf575699b3dfe3233f2013a,unsure,transcription_accent_identification,NA,Questionnaire,NA,other_non_err_detection,NA,NA,NA,NA,No,22,31
Group_2,9f1188c9df59d13665a7f42839ae3153a0a9f386ccf575699b3dfe3233f2013a,none,task_experience,NA,Questionnaire,NA,other_non_err_detection,NA,NA,NA,NA,No,23,31
Group_2,9f1188c9df59d13665a7f42839ae3153a0a9f386ccf575699b3dfe3233f2013a,mild american accent,most_frequent_accent,NA,Questionnaire,NA,other_non_err_detection,NA,NA,NA,NA,No,24,31
Group_2,9f1188c9df59d13665a7f42839ae3153a0a9f386ccf575699b3dfe3233f2013a,none,additional_language_experience,NA,Questionnaire,NA,other_non_err_detection,NA,NA,NA,NA,No,25,31
Group_2,9f1188c9df59d13665a7f42839ae3153a0a9f386ccf575699b3dfe3233f2013a,mississippi,origin_state,NA,Questionnaire,NA,other_non_err_detection,NA,NA,NA,NA,No,26,31
Group_2,9f1188c9df59d13665a7f42839ae3153a0a9f386ccf575699b3dfe3233f2013a,39553,origin_zipcode,NA,Questionnaire,NA,other_non_err_detection,NA,NA,NA,NA,No,27,31
Group_2,9f1188c9df59d13665a7f42839ae3153a0a9f386ccf575699b3dfe3233f2013a,mississippi,current_state,NA,Questionnaire,NA,other_non_err_detection,NA,NA,NA,NA,No,28,31
Group_2,9f1188c9df59d13665a7f42839ae3153a0a9f386ccf575699b3dfe3233f2013a,39553,current_zipcode,NA,Questionnaire,NA,other_non_err_detection,NA,NA,NA,NA,No,29,31
Group_2,9f1188c9df59d13665a7f42839ae3153a0a9f386ccf575699b3dfe3233f2013a,na,same_state_5_year_no,NA,Questionnaire,NA,other_non_err_detection,NA,NA,NA,NA,No,30,31
Group_2,9f1188c9df59d13665a7f42839ae3153a0a9f386ccf575699b3dfe3233f2013a,30,age,NA,Questionnaire,NA,other_non_err_detection,NA,NA,NA,NA,No,31,31
Group_2,9f1188c9df59d13665a7f42839ae3153a0a9f386ccf575699b3dfe3233f2013a,na,diseaseDetail,NA,Questionnaire,NA,other_non_err_detection,NA,NA,NA,NA,No,32,31
Group_2,9f1188c9df59d13665a7f42839ae3153a0a9f386ccf575699b3dfe3233f2013a,the order of questions and increase payment,suggestions_improvement,NA,Questionnaire,NA,other_non_err_detection,NA,NA,NA,NA,No,33,31
Group_2,9f1188c9df59d13665a7f42839ae3153a0a9f386ccf575699b3dfe3233f2013a,none,technical_issues,NA,Questionnaire,NA,other_non_err_detection,NA,NA,NA,NA,No,34,31
Group_4,add55044fcab140b9e16c981717707ef8fda0204add7b98cc4e9f30e7a529559,4,instruction_clarity,NA,Questionnaire,NA,other_non_err_detection,NA,NA,NA,NA,No,1,32
Group_4,add55044fcab140b9e16c981717707ef8fda0204add7b98cc4e9f30e7a529559,3,error_detection_difficulty,NA,Questionnaire,NA,other_non_err_detection,NA,NA,NA,NA,No,2,32
Group_4,add55044fcab140b9e16c981717707ef8fda0204add7b98cc4e9f30e7a529559,3,trivia_accent_strength,NA,Questionnaire,NA,other_non_err_detection,NA,NA,NA,NA,No,3,32
Group_4,add55044fcab140b9e16c981717707ef8fda0204add7b98cc4e9f30e7a529559,3,transcription_accent_strength,NA,Questionnaire,NA,other_non_err_detection,NA,NA,NA,NA,No,4,32
Group_4,add55044fcab140b9e16c981717707ef8fda0204add7b98cc4e9f30e7a529559,Yes,speaker_identity_check,NA,Questionnaire,NA,other_non_err_detection,NA,NA,NA,NA,No,5,32
Group_4,add55044fcab140b9e16c981717707ef8fda0204add7b98cc4e9f30e7a529559,['English'],native_language,NA,Questionnaire,NA,other_non_err_detection,NA,NA,NA,NA,No,6,32
Group_4,add55044fcab140b9e16c981717707ef8fda0204add7b98cc4e9f30e7a529559,No,household_accent,NA,Questionnaire,NA,other_non_err_detection,NA,NA,NA,NA,No,7,32
Group_4,add55044fcab140b9e16c981717707ef8fda0204add7b98cc4e9f30e7a529559,No,current_accent,NA,Questionnaire,NA,other_non_err_detection,NA,NA,NA,NA,No,8,32
Group_4,add55044fcab140b9e16c981717707ef8fda0204add7b98cc4e9f30e7a529559,2,exposure_spanish_accent,NA,Questionnaire,NA,other_non_err_detection,NA,NA,NA,NA,No,9,32
Group_4,add55044fcab140b9e16c981717707ef8fda0204add7b98cc4e9f30e7a529559,1,exposure_spanish,NA,Questionnaire,NA,other_non_err_detection,NA,NA,NA,NA,No,10,32
Group_4,add55044fcab140b9e16c981717707ef8fda0204add7b98cc4e9f30e7a529559,Yes,same_state_5_year,NA,Questionnaire,NA,other_non_err_detection,NA,NA,NA,NA,No,11,32
Group_4,add55044fcab140b9e16c981717707ef8fda0204add7b98cc4e9f30e7a529559,This doesn't apply to me becuase I answered 'No' previously,same_state_5_year_yes,NA,Questionnaire,NA,other_non_err_detection,NA,NA,NA,NA,No,12,32
Group_4,add55044fcab140b9e16c981717707ef8fda0204add7b98cc4e9f30e7a529559,NA,questionnaire_part3_begin,NA,Questionnaire,NA,other_non_err_detection,NA,NA,NA,NA,No,13,32
Group_4,add55044fcab140b9e16c981717707ef8fda0204add7b98cc4e9f30e7a529559,Female,gender,NA,Questionnaire,NA,other_non_err_detection,NA,NA,NA,NA,No,14,32
Group_4,add55044fcab140b9e16c981717707ef8fda0204add7b98cc4e9f30e7a529559,['White'],race/ethnicity,NA,Questionnaire,NA,other_non_err_detection,NA,NA,NA,NA,No,15,32
Group_4,add55044fcab140b9e16c981717707ef8fda0204add7b98cc4e9f30e7a529559,Some college,highest_level_edu,NA,Questionnaire,NA,other_non_err_detection,NA,NA,NA,NA,No,16,32
Group_4,add55044fcab140b9e16c981717707ef8fda0204add7b98cc4e9f30e7a529559,No,learnDis,NA,Questionnaire,NA,other_non_err_detection,NA,NA,NA,NA,No,17,32
Group_4,add55044fcab140b9e16c981717707ef8fda0204add7b98cc4e9f30e7a529559,No,attention,NA,Questionnaire,NA,other_non_err_detection,NA,NA,NA,NA,No,18,32
Group_4,add55044fcab140b9e16c981717707ef8fda0204add7b98cc4e9f30e7a529559,No,headInjury,NA,Questionnaire,NA,other_non_err_detection,NA,NA,NA,NA,No,19,32
Group_4,add55044fcab140b9e16c981717707ef8fda0204add7b98cc4e9f30e7a529559,No,neuroImpair,NA,Questionnaire,NA,other_non_err_detection,NA,NA,NA,NA,No,20,32
Group_4,add55044fcab140b9e16c981717707ef8fda0204add7b98cc4e9f30e7a529559,Unsure,trivia_accent_identification,NA,Questionnaire,NA,other_non_err_detection,NA,NA,NA,NA,No,21,32
Group_4,add55044fcab140b9e16c981717707ef8fda0204add7b98cc4e9f30e7a529559,Unsure,transcription_accent_identification,NA,Questionnaire,NA,other_non_err_detection,NA,NA,NA,NA,No,22,32
Group_4,add55044fcab140b9e16c981717707ef8fda0204add7b98cc4e9f30e7a529559,I found it hard to recall all of what was said (I don't have the best memory and have auditory issues),task_experience,NA,Questionnaire,NA,other_non_err_detection,NA,NA,NA,NA,No,23,32
Group_4,add55044fcab140b9e16c981717707ef8fda0204add7b98cc4e9f30e7a529559,"my dad, cajun/country
my mom, american
my friend, northern america",most_frequent_accent,NA,Questionnaire,NA,other_non_err_detection,NA,NA,NA,NA,No,24,32
Group_4,add55044fcab140b9e16c981717707ef8fda0204add7b98cc4e9f30e7a529559,I took spanish in high school and german in college,additional_language_experience,NA,Questionnaire,NA,other_non_err_detection,NA,NA,NA,NA,No,25,32
Group_4,add55044fcab140b9e16c981717707ef8fda0204add7b98cc4e9f30e7a529559,Texas,origin_state,NA,Questionnaire,NA,other_non_err_detection,NA,NA,NA,NA,No,26,32
Group_4,add55044fcab140b9e16c981717707ef8fda0204add7b98cc4e9f30e7a529559,"Houston, TX",origin_zipcode,NA,Questionnaire,NA,other_non_err_detection,NA,NA,NA,NA,No,27,32
Group_4,add55044fcab140b9e16c981717707ef8fda0204add7b98cc4e9f30e7a529559,Texas,current_state,NA,Questionnaire,NA,other_non_err_detection,NA,NA,NA,NA,No,28,32
Group_4,add55044fcab140b9e16c981717707ef8fda0204add7b98cc4e9f30e7a529559,77044,current_zipcode,NA,Questionnaire,NA,other_non_err_detection,NA,NA,NA,NA,No,29,32
Group_4,add55044fcab140b9e16c981717707ef8fda0204add7b98cc4e9f30e7a529559,NA,same_state_5_year_no,NA,Questionnaire,NA,other_non_err_detection,NA,NA,NA,NA,No,30,32
Group_4,add55044fcab140b9e16c981717707ef8fda0204add7b98cc4e9f30e7a529559,25,age,NA,Questionnaire,NA,other_non_err_detection,NA,NA,NA,NA,No,31,32
Group_4,add55044fcab140b9e16c981717707ef8fda0204add7b98cc4e9f30e7a529559,NA,diseaseDetail,NA,Questionnaire,NA,other_non_err_detection,NA,NA,NA,NA,No,32,32
Group_4,add55044fcab140b9e16c981717707ef8fda0204add7b98cc4e9f30e7a529559,Multiple chances at hearing the prompt again while being able to type,suggestions_improvement,NA,Questionnaire,NA,other_non_err_detection,NA,NA,NA,NA,No,33,32
Group_4,add55044fcab140b9e16c981717707ef8fda0204add7b98cc4e9f30e7a529559,no,technical_issues,NA,Questionnaire,NA,other_non_err_detection,NA,NA,NA,NA,No,34,32
Group_4,b028a2e367a1bbabc26f5b94a2a32824c3f44fa0c1be8dbaa27792690e1ace0b,5,instruction_clarity,NA,Questionnaire,NA,other_non_err_detection,NA,NA,NA,NA,No,1,33
Group_4,b028a2e367a1bbabc26f5b94a2a32824c3f44fa0c1be8dbaa27792690e1ace0b,3,error_detection_difficulty,NA,Questionnaire,NA,other_non_err_detection,NA,NA,NA,NA,No,2,33
Group_4,b028a2e367a1bbabc26f5b94a2a32824c3f44fa0c1be8dbaa27792690e1ace0b,4,trivia_accent_strength,NA,Questionnaire,NA,other_non_err_detection,NA,NA,NA,NA,No,3,33
Group_4,b028a2e367a1bbabc26f5b94a2a32824c3f44fa0c1be8dbaa27792690e1ace0b,4,transcription_accent_strength,NA,Questionnaire,NA,other_non_err_detection,NA,NA,NA,NA,No,4,33
Group_4,b028a2e367a1bbabc26f5b94a2a32824c3f44fa0c1be8dbaa27792690e1ace0b,Unsure,speaker_identity_check,NA,Questionnaire,NA,other_non_err_detection,NA,NA,NA,NA,No,5,33
Group_4,b028a2e367a1bbabc26f5b94a2a32824c3f44fa0c1be8dbaa27792690e1ace0b,['English'],native_language,NA,Questionnaire,NA,other_non_err_detection,NA,NA,NA,NA,No,6,33
Group_4,b028a2e367a1bbabc26f5b94a2a32824c3f44fa0c1be8dbaa27792690e1ace0b,No,household_accent,NA,Questionnaire,NA,other_non_err_detection,NA,NA,NA,NA,No,7,33
Group_4,b028a2e367a1bbabc26f5b94a2a32824c3f44fa0c1be8dbaa27792690e1ace0b,No,current_accent,NA,Questionnaire,NA,other_non_err_detection,NA,NA,NA,NA,No,8,33
Group_4,b028a2e367a1bbabc26f5b94a2a32824c3f44fa0c1be8dbaa27792690e1ace0b,2,exposure_spanish_accent,NA,Questionnaire,NA,other_non_err_detection,NA,NA,NA,NA,No,9,33
Group_4,b028a2e367a1bbabc26f5b94a2a32824c3f44fa0c1be8dbaa27792690e1ace0b,2,exposure_spanish,NA,Questionnaire,NA,other_non_err_detection,NA,NA,NA,NA,No,10,33
Group_4,b028a2e367a1bbabc26f5b94a2a32824c3f44fa0c1be8dbaa27792690e1ace0b,Yes,same_state_5_year,NA,Questionnaire,NA,other_non_err_detection,NA,NA,NA,NA,No,11,33
Group_4,b028a2e367a1bbabc26f5b94a2a32824c3f44fa0c1be8dbaa27792690e1ace0b,Yes,same_state_5_year_yes,NA,Questionnaire,NA,other_non_err_detection,NA,NA,NA,NA,No,12,33
Group_4,b028a2e367a1bbabc26f5b94a2a32824c3f44fa0c1be8dbaa27792690e1ace0b,NA,questionnaire_part3_begin,NA,Questionnaire,NA,other_non_err_detection,NA,NA,NA,NA,No,13,33
Group_4,b028a2e367a1bbabc26f5b94a2a32824c3f44fa0c1be8dbaa27792690e1ace0b,Female,gender,NA,Questionnaire,NA,other_non_err_detection,NA,NA,NA,NA,No,14,33
Group_4,b028a2e367a1bbabc26f5b94a2a32824c3f44fa0c1be8dbaa27792690e1ace0b,['White'],race/ethnicity,NA,Questionnaire,NA,other_non_err_detection,NA,NA,NA,NA,No,15,33
Group_4,b028a2e367a1bbabc26f5b94a2a32824c3f44fa0c1be8dbaa27792690e1ace0b,Master’s degree,highest_level_edu,NA,Questionnaire,NA,other_non_err_detection,NA,NA,NA,NA,No,16,33
Group_4,b028a2e367a1bbabc26f5b94a2a32824c3f44fa0c1be8dbaa27792690e1ace0b,No,learnDis,NA,Questionnaire,NA,other_non_err_detection,NA,NA,NA,NA,No,17,33
Group_4,b028a2e367a1bbabc26f5b94a2a32824c3f44fa0c1be8dbaa27792690e1ace0b,No,attention,NA,Questionnaire,NA,other_non_err_detection,NA,NA,NA,NA,No,18,33
Group_4,b028a2e367a1bbabc26f5b94a2a32824c3f44fa0c1be8dbaa27792690e1ace0b,No,headInjury,NA,Questionnaire,NA,other_non_err_detection,NA,NA,NA,NA,No,19,33
Group_4,b028a2e367a1bbabc26f5b94a2a32824c3f44fa0c1be8dbaa27792690e1ace0b,No,neuroImpair,NA,Questionnaire,NA,other_non_err_detection,NA,NA,NA,NA,No,20,33
Group_4,b028a2e367a1bbabc26f5b94a2a32824c3f44fa0c1be8dbaa27792690e1ace0b,Cantonese,trivia_accent_identification,NA,Questionnaire,NA,other_non_err_detection,NA,NA,NA,NA,No,21,33
Group_4,b028a2e367a1bbabc26f5b94a2a32824c3f44fa0c1be8dbaa27792690e1ace0b,Mandarin,transcription_accent_identification,NA,Questionnaire,NA,other_non_err_detection,NA,NA,NA,NA,No,22,33
Group_4,b028a2e367a1bbabc26f5b94a2a32824c3f44fa0c1be8dbaa27792690e1ace0b,no,task_experience,NA,Questionnaire,NA,other_non_err_detection,NA,NA,NA,NA,No,23,33
Group_4,b028a2e367a1bbabc26f5b94a2a32824c3f44fa0c1be8dbaa27792690e1ace0b,"my mom, Appalachian American
my sister, Appalachian American
my boyfriend, unaccented American",most_frequent_accent,NA,Questionnaire,NA,other_non_err_detection,NA,NA,NA,NA,No,24,33
Group_4,b028a2e367a1bbabc26f5b94a2a32824c3f44fa0c1be8dbaa27792690e1ace0b,nothing further in this regard,additional_language_experience,NA,Questionnaire,NA,other_non_err_detection,NA,NA,NA,NA,No,25,33
Group_4,b028a2e367a1bbabc26f5b94a2a32824c3f44fa0c1be8dbaa27792690e1ace0b,Kentucky,origin_state,NA,Questionnaire,NA,other_non_err_detection,NA,NA,NA,NA,No,26,33
Group_4,b028a2e367a1bbabc26f5b94a2a32824c3f44fa0c1be8dbaa27792690e1ace0b,41501,origin_zipcode,NA,Questionnaire,NA,other_non_err_detection,NA,NA,NA,NA,No,27,33
Group_4,b028a2e367a1bbabc26f5b94a2a32824c3f44fa0c1be8dbaa27792690e1ace0b,Tennessee,current_state,NA,Questionnaire,NA,other_non_err_detection,NA,NA,NA,NA,No,28,33
Group_4,b028a2e367a1bbabc26f5b94a2a32824c3f44fa0c1be8dbaa27792690e1ace0b,37042,current_zipcode,NA,Questionnaire,NA,other_non_err_detection,NA,NA,NA,NA,No,29,33
Group_4,b028a2e367a1bbabc26f5b94a2a32824c3f44fa0c1be8dbaa27792690e1ace0b,NA,same_state_5_year_no,NA,Questionnaire,NA,other_non_err_detection,NA,NA,NA,NA,No,30,33
Group_4,b028a2e367a1bbabc26f5b94a2a32824c3f44fa0c1be8dbaa27792690e1ace0b,43,age,NA,Questionnaire,NA,other_non_err_detection,NA,NA,NA,NA,No,31,33
Group_4,b028a2e367a1bbabc26f5b94a2a32824c3f44fa0c1be8dbaa27792690e1ace0b,NA,diseaseDetail,NA,Questionnaire,NA,other_non_err_detection,NA,NA,NA,NA,No,32,33
Group_4,b028a2e367a1bbabc26f5b94a2a32824c3f44fa0c1be8dbaa27792690e1ace0b,There was a lag in the time before the experiment began.,suggestions_improvement,NA,Questionnaire,NA,other_non_err_detection,NA,NA,NA,NA,No,33,33
Group_4,b028a2e367a1bbabc26f5b94a2a32824c3f44fa0c1be8dbaa27792690e1ace0b,Time lagging.,technical_issues,NA,Questionnaire,NA,other_non_err_detection,NA,NA,NA,NA,No,34,33
Group_2,b51d4f1c378d0d655d7ed7f2162710b3300420e1e6d49e0417856cadfce74ac5,5,instruction_clarity,NA,Questionnaire,NA,other_non_err_detection,NA,NA,NA,NA,No,1,34
Group_2,b51d4f1c378d0d655d7ed7f2162710b3300420e1e6d49e0417856cadfce74ac5,3,error_detection_difficulty,NA,Questionnaire,NA,other_non_err_detection,NA,NA,NA,NA,No,2,34
Group_2,b51d4f1c378d0d655d7ed7f2162710b3300420e1e6d49e0417856cadfce74ac5,4,trivia_accent_strength,NA,Questionnaire,NA,other_non_err_detection,NA,NA,NA,NA,No,3,34
Group_2,b51d4f1c378d0d655d7ed7f2162710b3300420e1e6d49e0417856cadfce74ac5,4,transcription_accent_strength,NA,Questionnaire,NA,other_non_err_detection,NA,NA,NA,NA,No,4,34
Group_2,b51d4f1c378d0d655d7ed7f2162710b3300420e1e6d49e0417856cadfce74ac5,Yes,speaker_identity_check,NA,Questionnaire,NA,other_non_err_detection,NA,NA,NA,NA,No,5,34
Group_2,b51d4f1c378d0d655d7ed7f2162710b3300420e1e6d49e0417856cadfce74ac5,['English'],native_language,NA,Questionnaire,NA,other_non_err_detection,NA,NA,NA,NA,No,6,34
Group_2,b51d4f1c378d0d655d7ed7f2162710b3300420e1e6d49e0417856cadfce74ac5,No,household_accent,NA,Questionnaire,NA,other_non_err_detection,NA,NA,NA,NA,No,7,34
Group_2,b51d4f1c378d0d655d7ed7f2162710b3300420e1e6d49e0417856cadfce74ac5,No,current_accent,NA,Questionnaire,NA,other_non_err_detection,NA,NA,NA,NA,No,8,34
Group_2,b51d4f1c378d0d655d7ed7f2162710b3300420e1e6d49e0417856cadfce74ac5,1,exposure_spanish_accent,NA,Questionnaire,NA,other_non_err_detection,NA,NA,NA,NA,No,9,34
Group_2,b51d4f1c378d0d655d7ed7f2162710b3300420e1e6d49e0417856cadfce74ac5,1,exposure_spanish,NA,Questionnaire,NA,other_non_err_detection,NA,NA,NA,NA,No,10,34
Group_2,b51d4f1c378d0d655d7ed7f2162710b3300420e1e6d49e0417856cadfce74ac5,Yes,same_state_5_year,NA,Questionnaire,NA,other_non_err_detection,NA,NA,NA,NA,No,11,34
Group_2,b51d4f1c378d0d655d7ed7f2162710b3300420e1e6d49e0417856cadfce74ac5,Yes,same_state_5_year_yes,NA,Questionnaire,NA,other_non_err_detection,NA,NA,NA,NA,No,12,34
Group_2,b51d4f1c378d0d655d7ed7f2162710b3300420e1e6d49e0417856cadfce74ac5,NA,questionnaire_part3_begin,NA,Questionnaire,NA,other_non_err_detection,NA,NA,NA,NA,No,13,34
Group_2,b51d4f1c378d0d655d7ed7f2162710b3300420e1e6d49e0417856cadfce74ac5,Male,gender,NA,Questionnaire,NA,other_non_err_detection,NA,NA,NA,NA,No,14,34
Group_2,b51d4f1c378d0d655d7ed7f2162710b3300420e1e6d49e0417856cadfce74ac5,['White'],race/ethnicity,NA,Questionnaire,NA,other_non_err_detection,NA,NA,NA,NA,No,15,34
Group_2,b51d4f1c378d0d655d7ed7f2162710b3300420e1e6d49e0417856cadfce74ac5,2- or 4-year college degree,highest_level_edu,NA,Questionnaire,NA,other_non_err_detection,NA,NA,NA,NA,No,16,34
Group_2,b51d4f1c378d0d655d7ed7f2162710b3300420e1e6d49e0417856cadfce74ac5,No,learnDis,NA,Questionnaire,NA,other_non_err_detection,NA,NA,NA,NA,No,17,34
Group_2,b51d4f1c378d0d655d7ed7f2162710b3300420e1e6d49e0417856cadfce74ac5,No,attention,NA,Questionnaire,NA,other_non_err_detection,NA,NA,NA,NA,No,18,34
Group_2,b51d4f1c378d0d655d7ed7f2162710b3300420e1e6d49e0417856cadfce74ac5,No,headInjury,NA,Questionnaire,NA,other_non_err_detection,NA,NA,NA,NA,No,19,34
Group_2,b51d4f1c378d0d655d7ed7f2162710b3300420e1e6d49e0417856cadfce74ac5,No,neuroImpair,NA,Questionnaire,NA,other_non_err_detection,NA,NA,NA,NA,No,20,34
Group_2,b51d4f1c378d0d655d7ed7f2162710b3300420e1e6d49e0417856cadfce74ac5,Indian,trivia_accent_identification,NA,Questionnaire,NA,other_non_err_detection,NA,NA,NA,NA,No,21,34
Group_2,b51d4f1c378d0d655d7ed7f2162710b3300420e1e6d49e0417856cadfce74ac5,Indian,transcription_accent_identification,NA,Questionnaire,NA,other_non_err_detection,NA,NA,NA,NA,No,22,34
Group_2,b51d4f1c378d0d655d7ed7f2162710b3300420e1e6d49e0417856cadfce74ac5,No. Only when I couldn't understand a word or two.,task_experience,NA,Questionnaire,NA,other_non_err_detection,NA,NA,NA,NA,No,23,34
Group_2,b51d4f1c378d0d655d7ed7f2162710b3300420e1e6d49e0417856cadfce74ac5,"mom, american; dad, american; brother, american; sister, american; girlfriend, american",most_frequent_accent,NA,Questionnaire,NA,other_non_err_detection,NA,NA,NA,NA,No,24,34
Group_2,b51d4f1c378d0d655d7ed7f2162710b3300420e1e6d49e0417856cadfce74ac5,My Aunt moved to the USA from Slovakia in 2012,additional_language_experience,NA,Questionnaire,NA,other_non_err_detection,NA,NA,NA,NA,No,25,34
Group_2,b51d4f1c378d0d655d7ed7f2162710b3300420e1e6d49e0417856cadfce74ac5,Michigan,origin_state,NA,Questionnaire,NA,other_non_err_detection,NA,NA,NA,NA,No,26,34
Group_2,b51d4f1c378d0d655d7ed7f2162710b3300420e1e6d49e0417856cadfce74ac5,48130,origin_zipcode,NA,Questionnaire,NA,other_non_err_detection,NA,NA,NA,NA,No,27,34
Group_2,b51d4f1c378d0d655d7ed7f2162710b3300420e1e6d49e0417856cadfce74ac5,Michigan,current_state,NA,Questionnaire,NA,other_non_err_detection,NA,NA,NA,NA,No,28,34
Group_2,b51d4f1c378d0d655d7ed7f2162710b3300420e1e6d49e0417856cadfce74ac5,48130,current_zipcode,NA,Questionnaire,NA,other_non_err_detection,NA,NA,NA,NA,No,29,34
Group_2,b51d4f1c378d0d655d7ed7f2162710b3300420e1e6d49e0417856cadfce74ac5,NA,same_state_5_year_no,NA,Questionnaire,NA,other_non_err_detection,NA,NA,NA,NA,No,30,34
Group_2,b51d4f1c378d0d655d7ed7f2162710b3300420e1e6d49e0417856cadfce74ac5,26,age,NA,Questionnaire,NA,other_non_err_detection,NA,NA,NA,NA,No,31,34
Group_2,b51d4f1c378d0d655d7ed7f2162710b3300420e1e6d49e0417856cadfce74ac5,NA,diseaseDetail,NA,Questionnaire,NA,other_non_err_detection,NA,NA,NA,NA,No,32,34
Group_2,b51d4f1c378d0d655d7ed7f2162710b3300420e1e6d49e0417856cadfce74ac5,Show how many questions remaining,suggestions_improvement,NA,Questionnaire,NA,other_non_err_detection,NA,NA,NA,NA,No,33,34
Group_2,b51d4f1c378d0d655d7ed7f2162710b3300420e1e6d49e0417856cadfce74ac5,No,technical_issues,NA,Questionnaire,NA,other_non_err_detection,NA,NA,NA,NA,No,34,34
Group_2,b5d8c2f814284b4f36c2ba95bebf05c3e9dcc26f42e9d85df29cfaecc4748fcb,4,instruction_clarity,NA,Questionnaire,NA,other_non_err_detection,NA,NA,NA,NA,No,1,35
Group_2,b5d8c2f814284b4f36c2ba95bebf05c3e9dcc26f42e9d85df29cfaecc4748fcb,4,error_detection_difficulty,NA,Questionnaire,NA,other_non_err_detection,NA,NA,NA,NA,No,2,35
Group_2,b5d8c2f814284b4f36c2ba95bebf05c3e9dcc26f42e9d85df29cfaecc4748fcb,4,trivia_accent_strength,NA,Questionnaire,NA,other_non_err_detection,NA,NA,NA,NA,No,3,35
Group_2,b5d8c2f814284b4f36c2ba95bebf05c3e9dcc26f42e9d85df29cfaecc4748fcb,3,transcription_accent_strength,NA,Questionnaire,NA,other_non_err_detection,NA,NA,NA,NA,No,4,35
Group_2,b5d8c2f814284b4f36c2ba95bebf05c3e9dcc26f42e9d85df29cfaecc4748fcb,Yes,speaker_identity_check,NA,Questionnaire,NA,other_non_err_detection,NA,NA,NA,NA,No,5,35
Group_2,b5d8c2f814284b4f36c2ba95bebf05c3e9dcc26f42e9d85df29cfaecc4748fcb,['English'],native_language,NA,Questionnaire,NA,other_non_err_detection,NA,NA,NA,NA,No,6,35
Group_2,b5d8c2f814284b4f36c2ba95bebf05c3e9dcc26f42e9d85df29cfaecc4748fcb,No,household_accent,NA,Questionnaire,NA,other_non_err_detection,NA,NA,NA,NA,No,7,35
Group_2,b5d8c2f814284b4f36c2ba95bebf05c3e9dcc26f42e9d85df29cfaecc4748fcb,No,current_accent,NA,Questionnaire,NA,other_non_err_detection,NA,NA,NA,NA,No,8,35
Group_2,b5d8c2f814284b4f36c2ba95bebf05c3e9dcc26f42e9d85df29cfaecc4748fcb,2,exposure_spanish_accent,NA,Questionnaire,NA,other_non_err_detection,NA,NA,NA,NA,No,9,35
Group_2,b5d8c2f814284b4f36c2ba95bebf05c3e9dcc26f42e9d85df29cfaecc4748fcb,3,exposure_spanish,NA,Questionnaire,NA,other_non_err_detection,NA,NA,NA,NA,No,10,35
Group_2,b5d8c2f814284b4f36c2ba95bebf05c3e9dcc26f42e9d85df29cfaecc4748fcb,Yes,same_state_5_year,NA,Questionnaire,NA,other_non_err_detection,NA,NA,NA,NA,No,11,35
Group_2,b5d8c2f814284b4f36c2ba95bebf05c3e9dcc26f42e9d85df29cfaecc4748fcb,Yes,same_state_5_year_yes,NA,Questionnaire,NA,other_non_err_detection,NA,NA,NA,NA,No,12,35
Group_2,b5d8c2f814284b4f36c2ba95bebf05c3e9dcc26f42e9d85df29cfaecc4748fcb,NA,questionnaire_part3_begin,NA,Questionnaire,NA,other_non_err_detection,NA,NA,NA,NA,No,13,35
Group_2,b5d8c2f814284b4f36c2ba95bebf05c3e9dcc26f42e9d85df29cfaecc4748fcb,Male,gender,NA,Questionnaire,NA,other_non_err_detection,NA,NA,NA,NA,No,14,35
Group_2,b5d8c2f814284b4f36c2ba95bebf05c3e9dcc26f42e9d85df29cfaecc4748fcb,['White'],race/ethnicity,NA,Questionnaire,NA,other_non_err_detection,NA,NA,NA,NA,No,15,35
Group_2,b5d8c2f814284b4f36c2ba95bebf05c3e9dcc26f42e9d85df29cfaecc4748fcb,2- or 4-year college degree,highest_level_edu,NA,Questionnaire,NA,other_non_err_detection,NA,NA,NA,NA,No,16,35
Group_2,b5d8c2f814284b4f36c2ba95bebf05c3e9dcc26f42e9d85df29cfaecc4748fcb,No,learnDis,NA,Questionnaire,NA,other_non_err_detection,NA,NA,NA,NA,No,17,35
Group_2,b5d8c2f814284b4f36c2ba95bebf05c3e9dcc26f42e9d85df29cfaecc4748fcb,No,attention,NA,Questionnaire,NA,other_non_err_detection,NA,NA,NA,NA,No,18,35
Group_2,b5d8c2f814284b4f36c2ba95bebf05c3e9dcc26f42e9d85df29cfaecc4748fcb,No,headInjury,NA,Questionnaire,NA,other_non_err_detection,NA,NA,NA,NA,No,19,35
Group_2,b5d8c2f814284b4f36c2ba95bebf05c3e9dcc26f42e9d85df29cfaecc4748fcb,No,neuroImpair,NA,Questionnaire,NA,other_non_err_detection,NA,NA,NA,NA,No,20,35
Group_2,b5d8c2f814284b4f36c2ba95bebf05c3e9dcc26f42e9d85df29cfaecc4748fcb,chinese,trivia_accent_identification,NA,Questionnaire,NA,other_non_err_detection,NA,NA,NA,NA,No,21,35
Group_2,b5d8c2f814284b4f36c2ba95bebf05c3e9dcc26f42e9d85df29cfaecc4748fcb,chinese,transcription_accent_identification,NA,Questionnaire,NA,other_non_err_detection,NA,NA,NA,NA,No,22,35
Group_2,b5d8c2f814284b4f36c2ba95bebf05c3e9dcc26f42e9d85df29cfaecc4748fcb,the accent was the main thing that really made me feel like i needed to hear the sentence several times whether it even made sense before i could pick out that it needed to be corrected to begin with. i guess thats probably what made it difficult to do it even in two attempts,task_experience,NA,Questionnaire,NA,other_non_err_detection,NA,NA,NA,NA,No,23,35
Group_2,b5d8c2f814284b4f36c2ba95bebf05c3e9dcc26f42e9d85df29cfaecc4748fcb,american,most_frequent_accent,NA,Questionnaire,NA,other_non_err_detection,NA,NA,NA,NA,No,24,35
Group_2,b5d8c2f814284b4f36c2ba95bebf05c3e9dcc26f42e9d85df29cfaecc4748fcb,none,additional_language_experience,NA,Questionnaire,NA,other_non_err_detection,NA,NA,NA,NA,No,25,35
Group_2,b5d8c2f814284b4f36c2ba95bebf05c3e9dcc26f42e9d85df29cfaecc4748fcb,texas,origin_state,NA,Questionnaire,NA,other_non_err_detection,NA,NA,NA,NA,No,26,35
Group_2,b5d8c2f814284b4f36c2ba95bebf05c3e9dcc26f42e9d85df29cfaecc4748fcb,77388,origin_zipcode,NA,Questionnaire,NA,other_non_err_detection,NA,NA,NA,NA,No,27,35
Group_2,b5d8c2f814284b4f36c2ba95bebf05c3e9dcc26f42e9d85df29cfaecc4748fcb,texas,current_state,NA,Questionnaire,NA,other_non_err_detection,NA,NA,NA,NA,No,28,35
Group_2,b5d8c2f814284b4f36c2ba95bebf05c3e9dcc26f42e9d85df29cfaecc4748fcb,77303,current_zipcode,NA,Questionnaire,NA,other_non_err_detection,NA,NA,NA,NA,No,29,35
Group_2,b5d8c2f814284b4f36c2ba95bebf05c3e9dcc26f42e9d85df29cfaecc4748fcb,na,same_state_5_year_no,NA,Questionnaire,NA,other_non_err_detection,NA,NA,NA,NA,No,30,35
Group_2,b5d8c2f814284b4f36c2ba95bebf05c3e9dcc26f42e9d85df29cfaecc4748fcb,39,age,NA,Questionnaire,NA,other_non_err_detection,NA,NA,NA,NA,No,31,35
Group_2,b5d8c2f814284b4f36c2ba95bebf05c3e9dcc26f42e9d85df29cfaecc4748fcb,na,diseaseDetail,NA,Questionnaire,NA,other_non_err_detection,NA,NA,NA,NA,No,32,35
Group_2,b5d8c2f814284b4f36c2ba95bebf05c3e9dcc26f42e9d85df29cfaecc4748fcb,be able to hear the audio more than once,suggestions_improvement,NA,Questionnaire,NA,other_non_err_detection,NA,NA,NA,NA,No,33,35
Group_2,b5d8c2f814284b4f36c2ba95bebf05c3e9dcc26f42e9d85df29cfaecc4748fcb,none,technical_issues,NA,Questionnaire,NA,other_non_err_detection,NA,NA,NA,NA,No,34,35
Group_1,c221e216274832805377d44527359c40f4648c6cc5fc1de2736f0e75988aa7fc,5,instruction_clarity,NA,Questionnaire,NA,other_non_err_detection,NA,NA,NA,NA,No,1,36
Group_1,c221e216274832805377d44527359c40f4648c6cc5fc1de2736f0e75988aa7fc,3,error_detection_difficulty,NA,Questionnaire,NA,other_non_err_detection,NA,NA,NA,NA,No,2,36
Group_1,c221e216274832805377d44527359c40f4648c6cc5fc1de2736f0e75988aa7fc,3,trivia_accent_strength,NA,Questionnaire,NA,other_non_err_detection,NA,NA,NA,NA,No,3,36
Group_1,c221e216274832805377d44527359c40f4648c6cc5fc1de2736f0e75988aa7fc,2,transcription_accent_strength,NA,Questionnaire,NA,other_non_err_detection,NA,NA,NA,NA,No,4,36
Group_1,c221e216274832805377d44527359c40f4648c6cc5fc1de2736f0e75988aa7fc,Unsure,speaker_identity_check,NA,Questionnaire,NA,other_non_err_detection,NA,NA,NA,NA,No,5,36
Group_1,c221e216274832805377d44527359c40f4648c6cc5fc1de2736f0e75988aa7fc,['English'],native_language,NA,Questionnaire,NA,other_non_err_detection,NA,NA,NA,NA,No,6,36
Group_1,c221e216274832805377d44527359c40f4648c6cc5fc1de2736f0e75988aa7fc,No,household_accent,NA,Questionnaire,NA,other_non_err_detection,NA,NA,NA,NA,No,7,36
Group_1,c221e216274832805377d44527359c40f4648c6cc5fc1de2736f0e75988aa7fc,No,current_accent,NA,Questionnaire,NA,other_non_err_detection,NA,NA,NA,NA,No,8,36
Group_1,c221e216274832805377d44527359c40f4648c6cc5fc1de2736f0e75988aa7fc,2,exposure_spanish_accent,NA,Questionnaire,NA,other_non_err_detection,NA,NA,NA,NA,No,9,36
Group_1,c221e216274832805377d44527359c40f4648c6cc5fc1de2736f0e75988aa7fc,2,exposure_spanish,NA,Questionnaire,NA,other_non_err_detection,NA,NA,NA,NA,No,10,36
Group_1,c221e216274832805377d44527359c40f4648c6cc5fc1de2736f0e75988aa7fc,No,same_state_5_year,NA,Questionnaire,NA,other_non_err_detection,NA,NA,NA,NA,No,11,36
Group_1,c221e216274832805377d44527359c40f4648c6cc5fc1de2736f0e75988aa7fc,This doesn't apply to me becuase I answered 'No' previously,same_state_5_year_yes,NA,Questionnaire,NA,other_non_err_detection,NA,NA,NA,NA,No,12,36
Group_1,c221e216274832805377d44527359c40f4648c6cc5fc1de2736f0e75988aa7fc,NA,questionnaire_part3_begin,NA,Questionnaire,NA,other_non_err_detection,NA,NA,NA,NA,No,13,36
Group_1,c221e216274832805377d44527359c40f4648c6cc5fc1de2736f0e75988aa7fc,Male,gender,NA,Questionnaire,NA,other_non_err_detection,NA,NA,NA,NA,No,14,36
Group_1,c221e216274832805377d44527359c40f4648c6cc5fc1de2736f0e75988aa7fc,['White'],race/ethnicity,NA,Questionnaire,NA,other_non_err_detection,NA,NA,NA,NA,No,15,36
Group_1,c221e216274832805377d44527359c40f4648c6cc5fc1de2736f0e75988aa7fc,2- or 4-year college degree,highest_level_edu,NA,Questionnaire,NA,other_non_err_detection,NA,NA,NA,NA,No,16,36
Group_1,c221e216274832805377d44527359c40f4648c6cc5fc1de2736f0e75988aa7fc,No,learnDis,NA,Questionnaire,NA,other_non_err_detection,NA,NA,NA,NA,No,17,36
Group_1,c221e216274832805377d44527359c40f4648c6cc5fc1de2736f0e75988aa7fc,No,attention,NA,Questionnaire,NA,other_non_err_detection,NA,NA,NA,NA,No,18,36
Group_1,c221e216274832805377d44527359c40f4648c6cc5fc1de2736f0e75988aa7fc,No,headInjury,NA,Questionnaire,NA,other_non_err_detection,NA,NA,NA,NA,No,19,36
Group_1,c221e216274832805377d44527359c40f4648c6cc5fc1de2736f0e75988aa7fc,No,neuroImpair,NA,Questionnaire,NA,other_non_err_detection,NA,NA,NA,NA,No,20,36
Group_1,c221e216274832805377d44527359c40f4648c6cc5fc1de2736f0e75988aa7fc,Eastern European,trivia_accent_identification,NA,Questionnaire,NA,other_non_err_detection,NA,NA,NA,NA,No,21,36
Group_1,c221e216274832805377d44527359c40f4648c6cc5fc1de2736f0e75988aa7fc,Unsure,transcription_accent_identification,NA,Questionnaire,NA,other_non_err_detection,NA,NA,NA,NA,No,22,36
Group_1,c221e216274832805377d44527359c40f4648c6cc5fc1de2736f0e75988aa7fc,No,task_experience,NA,Questionnaire,NA,other_non_err_detection,NA,NA,NA,NA,No,23,36
Group_1,c221e216274832805377d44527359c40f4648c6cc5fc1de2736f0e75988aa7fc,"Mom: American, Sister: American, Best friend: American",most_frequent_accent,NA,Questionnaire,NA,other_non_err_detection,NA,NA,NA,NA,No,24,36
Group_1,c221e216274832805377d44527359c40f4648c6cc5fc1de2736f0e75988aa7fc,I've been learning Spanish online for the past year.,additional_language_experience,NA,Questionnaire,NA,other_non_err_detection,NA,NA,NA,NA,No,25,36
Group_1,c221e216274832805377d44527359c40f4648c6cc5fc1de2736f0e75988aa7fc,New York,origin_state,NA,Questionnaire,NA,other_non_err_detection,NA,NA,NA,NA,No,26,36
Group_1,c221e216274832805377d44527359c40f4648c6cc5fc1de2736f0e75988aa7fc,32409,origin_zipcode,NA,Questionnaire,NA,other_non_err_detection,NA,NA,NA,NA,No,27,36
Group_1,c221e216274832805377d44527359c40f4648c6cc5fc1de2736f0e75988aa7fc,Florida,current_state,NA,Questionnaire,NA,other_non_err_detection,NA,NA,NA,NA,No,28,36
Group_1,c221e216274832805377d44527359c40f4648c6cc5fc1de2736f0e75988aa7fc,32409,current_zipcode,NA,Questionnaire,NA,other_non_err_detection,NA,NA,NA,NA,No,29,36
Group_1,c221e216274832805377d44527359c40f4648c6cc5fc1de2736f0e75988aa7fc,Alabama and Florida,same_state_5_year_no,NA,Questionnaire,NA,other_non_err_detection,NA,NA,NA,NA,No,30,36
Group_1,c221e216274832805377d44527359c40f4648c6cc5fc1de2736f0e75988aa7fc,27,age,NA,Questionnaire,NA,other_non_err_detection,NA,NA,NA,NA,No,31,36
Group_1,c221e216274832805377d44527359c40f4648c6cc5fc1de2736f0e75988aa7fc,NA,diseaseDetail,NA,Questionnaire,NA,other_non_err_detection,NA,NA,NA,NA,No,32,36
Group_1,c221e216274832805377d44527359c40f4648c6cc5fc1de2736f0e75988aa7fc,I would make the progress bar a bit more accurate.,suggestions_improvement,NA,Questionnaire,NA,other_non_err_detection,NA,NA,NA,NA,No,33,36
Group_1,c221e216274832805377d44527359c40f4648c6cc5fc1de2736f0e75988aa7fc,NA,technical_issues,NA,Questionnaire,NA,other_non_err_detection,NA,NA,NA,NA,No,34,36
Group_1,c4e6728b7f2a24709f22cc8b2c695bb407eae67a0d6188e44656848a2131dea6,2,instruction_clarity,NA,Questionnaire,NA,other_non_err_detection,NA,NA,NA,NA,No,1,37
Group_1,c4e6728b7f2a24709f22cc8b2c695bb407eae67a0d6188e44656848a2131dea6,2,error_detection_difficulty,NA,Questionnaire,NA,other_non_err_detection,NA,NA,NA,NA,No,2,37
Group_1,c4e6728b7f2a24709f22cc8b2c695bb407eae67a0d6188e44656848a2131dea6,3,trivia_accent_strength,NA,Questionnaire,NA,other_non_err_detection,NA,NA,NA,NA,No,3,37
Group_1,c4e6728b7f2a24709f22cc8b2c695bb407eae67a0d6188e44656848a2131dea6,4,transcription_accent_strength,NA,Questionnaire,NA,other_non_err_detection,NA,NA,NA,NA,No,4,37
Group_1,c4e6728b7f2a24709f22cc8b2c695bb407eae67a0d6188e44656848a2131dea6,Yes,speaker_identity_check,NA,Questionnaire,NA,other_non_err_detection,NA,NA,NA,NA,No,5,37
Group_1,c4e6728b7f2a24709f22cc8b2c695bb407eae67a0d6188e44656848a2131dea6,['English'],native_language,NA,Questionnaire,NA,other_non_err_detection,NA,NA,NA,NA,No,6,37
Group_1,c4e6728b7f2a24709f22cc8b2c695bb407eae67a0d6188e44656848a2131dea6,No,household_accent,NA,Questionnaire,NA,other_non_err_detection,NA,NA,NA,NA,No,7,37
Group_1,c4e6728b7f2a24709f22cc8b2c695bb407eae67a0d6188e44656848a2131dea6,No,current_accent,NA,Questionnaire,NA,other_non_err_detection,NA,NA,NA,NA,No,8,37
Group_1,c4e6728b7f2a24709f22cc8b2c695bb407eae67a0d6188e44656848a2131dea6,1,exposure_spanish_accent,NA,Questionnaire,NA,other_non_err_detection,NA,NA,NA,NA,No,9,37
Group_1,c4e6728b7f2a24709f22cc8b2c695bb407eae67a0d6188e44656848a2131dea6,1,exposure_spanish,NA,Questionnaire,NA,other_non_err_detection,NA,NA,NA,NA,No,10,37
Group_1,c4e6728b7f2a24709f22cc8b2c695bb407eae67a0d6188e44656848a2131dea6,Yes,same_state_5_year,NA,Questionnaire,NA,other_non_err_detection,NA,NA,NA,NA,No,11,37
Group_1,c4e6728b7f2a24709f22cc8b2c695bb407eae67a0d6188e44656848a2131dea6,Yes,same_state_5_year_yes,NA,Questionnaire,NA,other_non_err_detection,NA,NA,NA,NA,No,12,37
Group_1,c4e6728b7f2a24709f22cc8b2c695bb407eae67a0d6188e44656848a2131dea6,NA,questionnaire_part3_begin,NA,Questionnaire,NA,other_non_err_detection,NA,NA,NA,NA,No,13,37
Group_1,c4e6728b7f2a24709f22cc8b2c695bb407eae67a0d6188e44656848a2131dea6,Male,gender,NA,Questionnaire,NA,other_non_err_detection,NA,NA,NA,NA,No,14,37
Group_1,c4e6728b7f2a24709f22cc8b2c695bb407eae67a0d6188e44656848a2131dea6,['White'],race/ethnicity,NA,Questionnaire,NA,other_non_err_detection,NA,NA,NA,NA,No,15,37
Group_1,c4e6728b7f2a24709f22cc8b2c695bb407eae67a0d6188e44656848a2131dea6,Some college,highest_level_edu,NA,Questionnaire,NA,other_non_err_detection,NA,NA,NA,NA,No,16,37
Group_1,c4e6728b7f2a24709f22cc8b2c695bb407eae67a0d6188e44656848a2131dea6,No,learnDis,NA,Questionnaire,NA,other_non_err_detection,NA,NA,NA,NA,No,17,37
Group_1,c4e6728b7f2a24709f22cc8b2c695bb407eae67a0d6188e44656848a2131dea6,Yes,attention,NA,Questionnaire,NA,other_non_err_detection,NA,NA,NA,NA,No,18,37
Group_1,c4e6728b7f2a24709f22cc8b2c695bb407eae67a0d6188e44656848a2131dea6,No,headInjury,NA,Questionnaire,NA,other_non_err_detection,NA,NA,NA,NA,No,19,37
Group_1,c4e6728b7f2a24709f22cc8b2c695bb407eae67a0d6188e44656848a2131dea6,No,neuroImpair,NA,Questionnaire,NA,other_non_err_detection,NA,NA,NA,NA,No,20,37
Group_1,c4e6728b7f2a24709f22cc8b2c695bb407eae67a0d6188e44656848a2131dea6,Indian.,trivia_accent_identification,NA,Questionnaire,NA,other_non_err_detection,NA,NA,NA,NA,No,21,37
Group_1,c4e6728b7f2a24709f22cc8b2c695bb407eae67a0d6188e44656848a2131dea6,Indian.,transcription_accent_identification,NA,Questionnaire,NA,other_non_err_detection,NA,NA,NA,NA,No,22,37
Group_1,c4e6728b7f2a24709f22cc8b2c695bb407eae67a0d6188e44656848a2131dea6,"During the trivia questions, it was unclear whether I needed to re-type my answers even after selecting number 4.",task_experience,NA,Questionnaire,NA,other_non_err_detection,NA,NA,NA,NA,No,23,37
Group_1,c4e6728b7f2a24709f22cc8b2c695bb407eae67a0d6188e44656848a2131dea6,All strong english speakers.,most_frequent_accent,NA,Questionnaire,NA,other_non_err_detection,NA,NA,NA,NA,No,24,37
Group_1,c4e6728b7f2a24709f22cc8b2c695bb407eae67a0d6188e44656848a2131dea6,I very rarely speak with people that have any sort of accent.,additional_language_experience,NA,Questionnaire,NA,other_non_err_detection,NA,NA,NA,NA,No,25,37
Group_1,c4e6728b7f2a24709f22cc8b2c695bb407eae67a0d6188e44656848a2131dea6,Missouri.,origin_state,NA,Questionnaire,NA,other_non_err_detection,NA,NA,NA,NA,No,26,37
Group_1,c4e6728b7f2a24709f22cc8b2c695bb407eae67a0d6188e44656848a2131dea6,65714,origin_zipcode,NA,Questionnaire,NA,other_non_err_detection,NA,NA,NA,NA,No,27,37
Group_1,c4e6728b7f2a24709f22cc8b2c695bb407eae67a0d6188e44656848a2131dea6,Missouri,current_state,NA,Questionnaire,NA,other_non_err_detection,NA,NA,NA,NA,No,28,37
Group_1,c4e6728b7f2a24709f22cc8b2c695bb407eae67a0d6188e44656848a2131dea6,65714,current_zipcode,NA,Questionnaire,NA,other_non_err_detection,NA,NA,NA,NA,No,29,37
Group_1,c4e6728b7f2a24709f22cc8b2c695bb407eae67a0d6188e44656848a2131dea6,NA,same_state_5_year_no,NA,Questionnaire,NA,other_non_err_detection,NA,NA,NA,NA,No,30,37
Group_1,c4e6728b7f2a24709f22cc8b2c695bb407eae67a0d6188e44656848a2131dea6,31,age,NA,Questionnaire,NA,other_non_err_detection,NA,NA,NA,NA,No,31,37
Group_1,c4e6728b7f2a24709f22cc8b2c695bb407eae67a0d6188e44656848a2131dea6,I have diagnosed ADHD but I take medication for it.,diseaseDetail,NA,Questionnaire,NA,other_non_err_detection,NA,NA,NA,NA,No,32,37
Group_1,c4e6728b7f2a24709f22cc8b2c695bb407eae67a0d6188e44656848a2131dea6,"Be more clear about whether selecting 4 means you have to re-type your answer or not, that's all.",suggestions_improvement,NA,Questionnaire,NA,other_non_err_detection,NA,NA,NA,NA,No,33,37
Group_1,c4e6728b7f2a24709f22cc8b2c695bb407eae67a0d6188e44656848a2131dea6,No issues.,technical_issues,NA,Questionnaire,NA,other_non_err_detection,NA,NA,NA,NA,No,34,37
Group_3,c9ff1cbc26db99ff8e4155c9e95afcf854d7a2b1eda8161ba35b5ad614754c38,4,instruction_clarity,NA,Questionnaire,NA,other_non_err_detection,NA,NA,NA,NA,No,1,38
Group_3,c9ff1cbc26db99ff8e4155c9e95afcf854d7a2b1eda8161ba35b5ad614754c38,4,error_detection_difficulty,NA,Questionnaire,NA,other_non_err_detection,NA,NA,NA,NA,No,2,38
Group_3,c9ff1cbc26db99ff8e4155c9e95afcf854d7a2b1eda8161ba35b5ad614754c38,4,trivia_accent_strength,NA,Questionnaire,NA,other_non_err_detection,NA,NA,NA,NA,No,3,38
Group_3,c9ff1cbc26db99ff8e4155c9e95afcf854d7a2b1eda8161ba35b5ad614754c38,4,transcription_accent_strength,NA,Questionnaire,NA,other_non_err_detection,NA,NA,NA,NA,No,4,38
Group_3,c9ff1cbc26db99ff8e4155c9e95afcf854d7a2b1eda8161ba35b5ad614754c38,Yes,speaker_identity_check,NA,Questionnaire,NA,other_non_err_detection,NA,NA,NA,NA,No,5,38
Group_3,c9ff1cbc26db99ff8e4155c9e95afcf854d7a2b1eda8161ba35b5ad614754c38,['English'],native_language,NA,Questionnaire,NA,other_non_err_detection,NA,NA,NA,NA,No,6,38
Group_3,c9ff1cbc26db99ff8e4155c9e95afcf854d7a2b1eda8161ba35b5ad614754c38,No,household_accent,NA,Questionnaire,NA,other_non_err_detection,NA,NA,NA,NA,No,7,38
Group_3,c9ff1cbc26db99ff8e4155c9e95afcf854d7a2b1eda8161ba35b5ad614754c38,No,current_accent,NA,Questionnaire,NA,other_non_err_detection,NA,NA,NA,NA,No,8,38
Group_3,c9ff1cbc26db99ff8e4155c9e95afcf854d7a2b1eda8161ba35b5ad614754c38,1,exposure_spanish_accent,NA,Questionnaire,NA,other_non_err_detection,NA,NA,NA,NA,No,9,38
Group_3,c9ff1cbc26db99ff8e4155c9e95afcf854d7a2b1eda8161ba35b5ad614754c38,1,exposure_spanish,NA,Questionnaire,NA,other_non_err_detection,NA,NA,NA,NA,No,10,38
Group_3,c9ff1cbc26db99ff8e4155c9e95afcf854d7a2b1eda8161ba35b5ad614754c38,Yes,same_state_5_year,NA,Questionnaire,NA,other_non_err_detection,NA,NA,NA,NA,No,11,38
Group_3,c9ff1cbc26db99ff8e4155c9e95afcf854d7a2b1eda8161ba35b5ad614754c38,This doesn't apply to me becuase I answered 'No' previously,same_state_5_year_yes,NA,Questionnaire,NA,other_non_err_detection,NA,NA,NA,NA,No,12,38
Group_3,c9ff1cbc26db99ff8e4155c9e95afcf854d7a2b1eda8161ba35b5ad614754c38,NA,questionnaire_part3_begin,NA,Questionnaire,NA,other_non_err_detection,NA,NA,NA,NA,No,13,38
Group_3,c9ff1cbc26db99ff8e4155c9e95afcf854d7a2b1eda8161ba35b5ad614754c38,Female,gender,NA,Questionnaire,NA,other_non_err_detection,NA,NA,NA,NA,No,14,38
Group_3,c9ff1cbc26db99ff8e4155c9e95afcf854d7a2b1eda8161ba35b5ad614754c38,['White'],race/ethnicity,NA,Questionnaire,NA,other_non_err_detection,NA,NA,NA,NA,No,15,38
Group_3,c9ff1cbc26db99ff8e4155c9e95afcf854d7a2b1eda8161ba35b5ad614754c38,2- or 4-year college degree,highest_level_edu,NA,Questionnaire,NA,other_non_err_detection,NA,NA,NA,NA,No,16,38
Group_3,c9ff1cbc26db99ff8e4155c9e95afcf854d7a2b1eda8161ba35b5ad614754c38,No,learnDis,NA,Questionnaire,NA,other_non_err_detection,NA,NA,NA,NA,No,17,38
Group_3,c9ff1cbc26db99ff8e4155c9e95afcf854d7a2b1eda8161ba35b5ad614754c38,No,attention,NA,Questionnaire,NA,other_non_err_detection,NA,NA,NA,NA,No,18,38
Group_3,c9ff1cbc26db99ff8e4155c9e95afcf854d7a2b1eda8161ba35b5ad614754c38,No,headInjury,NA,Questionnaire,NA,other_non_err_detection,NA,NA,NA,NA,No,19,38
Group_3,c9ff1cbc26db99ff8e4155c9e95afcf854d7a2b1eda8161ba35b5ad614754c38,No,neuroImpair,NA,Questionnaire,NA,other_non_err_detection,NA,NA,NA,NA,No,20,38
Group_3,c9ff1cbc26db99ff8e4155c9e95afcf854d7a2b1eda8161ba35b5ad614754c38,an asian one,trivia_accent_identification,NA,Questionnaire,NA,other_non_err_detection,NA,NA,NA,NA,No,21,38
Group_3,c9ff1cbc26db99ff8e4155c9e95afcf854d7a2b1eda8161ba35b5ad614754c38,an asian one,transcription_accent_identification,NA,Questionnaire,NA,other_non_err_detection,NA,NA,NA,NA,No,22,38
Group_3,c9ff1cbc26db99ff8e4155c9e95afcf854d7a2b1eda8161ba35b5ad614754c38,"It was frustrating to not be able to go back to the audio immediately after the first listen to make sure i was getting the corrections right. It was also difficult to focus on the corrections, figure out what the speaker was saying, and what the correct answer to the trivia was all at the same time",task_experience,NA,Questionnaire,NA,other_non_err_detection,NA,NA,NA,NA,No,23,38
Group_3,c9ff1cbc26db99ff8e4155c9e95afcf854d7a2b1eda8161ba35b5ad614754c38,Mom- american. Dad- American. Sister- american,most_frequent_accent,NA,Questionnaire,NA,other_non_err_detection,NA,NA,NA,NA,No,24,38
Group_3,c9ff1cbc26db99ff8e4155c9e95afcf854d7a2b1eda8161ba35b5ad614754c38,na,additional_language_experience,NA,Questionnaire,NA,other_non_err_detection,NA,NA,NA,NA,No,25,38
Group_3,c9ff1cbc26db99ff8e4155c9e95afcf854d7a2b1eda8161ba35b5ad614754c38,north carolina,origin_state,NA,Questionnaire,NA,other_non_err_detection,NA,NA,NA,NA,No,26,38
Group_3,c9ff1cbc26db99ff8e4155c9e95afcf854d7a2b1eda8161ba35b5ad614754c38,27127,origin_zipcode,NA,Questionnaire,NA,other_non_err_detection,NA,NA,NA,NA,No,27,38
Group_3,c9ff1cbc26db99ff8e4155c9e95afcf854d7a2b1eda8161ba35b5ad614754c38,north carolina,current_state,NA,Questionnaire,NA,other_non_err_detection,NA,NA,NA,NA,No,28,38
Group_3,c9ff1cbc26db99ff8e4155c9e95afcf854d7a2b1eda8161ba35b5ad614754c38,27127,current_zipcode,NA,Questionnaire,NA,other_non_err_detection,NA,NA,NA,NA,No,29,38
Group_3,c9ff1cbc26db99ff8e4155c9e95afcf854d7a2b1eda8161ba35b5ad614754c38,na,same_state_5_year_no,NA,Questionnaire,NA,other_non_err_detection,NA,NA,NA,NA,No,30,38
Group_3,c9ff1cbc26db99ff8e4155c9e95afcf854d7a2b1eda8161ba35b5ad614754c38,21,age,NA,Questionnaire,NA,other_non_err_detection,NA,NA,NA,NA,No,31,38
Group_3,c9ff1cbc26db99ff8e4155c9e95afcf854d7a2b1eda8161ba35b5ad614754c38,na,diseaseDetail,NA,Questionnaire,NA,other_non_err_detection,NA,NA,NA,NA,No,32,38
Group_3,c9ff1cbc26db99ff8e4155c9e95afcf854d7a2b1eda8161ba35b5ad614754c38,"maybe have the progress bar at the top be more accurate. Otherwise, all was well!",suggestions_improvement,NA,Questionnaire,NA,other_non_err_detection,NA,NA,NA,NA,No,33,38
Group_3,c9ff1cbc26db99ff8e4155c9e95afcf854d7a2b1eda8161ba35b5ad614754c38,no,technical_issues,NA,Questionnaire,NA,other_non_err_detection,NA,NA,NA,NA,No,34,38
Group_3,d5009aebe9adc415e778df975a3a26e28744673a2388dc90d2867461bb997cd8,4,instruction_clarity,NA,Questionnaire,NA,other_non_err_detection,NA,NA,NA,NA,No,1,39
Group_3,d5009aebe9adc415e778df975a3a26e28744673a2388dc90d2867461bb997cd8,2,error_detection_difficulty,NA,Questionnaire,NA,other_non_err_detection,NA,NA,NA,NA,No,2,39
Group_3,d5009aebe9adc415e778df975a3a26e28744673a2388dc90d2867461bb997cd8,5,trivia_accent_strength,NA,Questionnaire,NA,other_non_err_detection,NA,NA,NA,NA,No,3,39
Group_3,d5009aebe9adc415e778df975a3a26e28744673a2388dc90d2867461bb997cd8,4,transcription_accent_strength,NA,Questionnaire,NA,other_non_err_detection,NA,NA,NA,NA,No,4,39
Group_3,d5009aebe9adc415e778df975a3a26e28744673a2388dc90d2867461bb997cd8,No,speaker_identity_check,NA,Questionnaire,NA,other_non_err_detection,NA,NA,NA,NA,No,5,39
Group_3,d5009aebe9adc415e778df975a3a26e28744673a2388dc90d2867461bb997cd8,['English'],native_language,NA,Questionnaire,NA,other_non_err_detection,NA,NA,NA,NA,No,6,39
Group_3,d5009aebe9adc415e778df975a3a26e28744673a2388dc90d2867461bb997cd8,No,household_accent,NA,Questionnaire,NA,other_non_err_detection,NA,NA,NA,NA,No,7,39
Group_3,d5009aebe9adc415e778df975a3a26e28744673a2388dc90d2867461bb997cd8,No,current_accent,NA,Questionnaire,NA,other_non_err_detection,NA,NA,NA,NA,No,8,39
Group_3,d5009aebe9adc415e778df975a3a26e28744673a2388dc90d2867461bb997cd8,5,exposure_spanish_accent,NA,Questionnaire,NA,other_non_err_detection,NA,NA,NA,NA,No,9,39
Group_3,d5009aebe9adc415e778df975a3a26e28744673a2388dc90d2867461bb997cd8,5,exposure_spanish,NA,Questionnaire,NA,other_non_err_detection,NA,NA,NA,NA,No,10,39
Group_3,d5009aebe9adc415e778df975a3a26e28744673a2388dc90d2867461bb997cd8,No,same_state_5_year,NA,Questionnaire,NA,other_non_err_detection,NA,NA,NA,NA,No,11,39
Group_3,d5009aebe9adc415e778df975a3a26e28744673a2388dc90d2867461bb997cd8,No,same_state_5_year_yes,NA,Questionnaire,NA,other_non_err_detection,NA,NA,NA,NA,No,12,39
Group_3,d5009aebe9adc415e778df975a3a26e28744673a2388dc90d2867461bb997cd8,NA,questionnaire_part3_begin,NA,Questionnaire,NA,other_non_err_detection,NA,NA,NA,NA,No,13,39
Group_3,d5009aebe9adc415e778df975a3a26e28744673a2388dc90d2867461bb997cd8,Female,gender,NA,Questionnaire,NA,other_non_err_detection,NA,NA,NA,NA,No,14,39
Group_3,d5009aebe9adc415e778df975a3a26e28744673a2388dc90d2867461bb997cd8,['White'],race/ethnicity,NA,Questionnaire,NA,other_non_err_detection,NA,NA,NA,NA,No,15,39
Group_3,d5009aebe9adc415e778df975a3a26e28744673a2388dc90d2867461bb997cd8,Master’s degree,highest_level_edu,NA,Questionnaire,NA,other_non_err_detection,NA,NA,NA,NA,No,16,39
Group_3,d5009aebe9adc415e778df975a3a26e28744673a2388dc90d2867461bb997cd8,No,learnDis,NA,Questionnaire,NA,other_non_err_detection,NA,NA,NA,NA,No,17,39
Group_3,d5009aebe9adc415e778df975a3a26e28744673a2388dc90d2867461bb997cd8,No,attention,NA,Questionnaire,NA,other_non_err_detection,NA,NA,NA,NA,No,18,39
Group_3,d5009aebe9adc415e778df975a3a26e28744673a2388dc90d2867461bb997cd8,No,headInjury,NA,Questionnaire,NA,other_non_err_detection,NA,NA,NA,NA,No,19,39
Group_3,d5009aebe9adc415e778df975a3a26e28744673a2388dc90d2867461bb997cd8,No,neuroImpair,NA,Questionnaire,NA,other_non_err_detection,NA,NA,NA,NA,No,20,39
Group_3,d5009aebe9adc415e778df975a3a26e28744673a2388dc90d2867461bb997cd8,Spanish,trivia_accent_identification,NA,Questionnaire,NA,other_non_err_detection,NA,NA,NA,NA,No,21,39
Group_3,d5009aebe9adc415e778df975a3a26e28744673a2388dc90d2867461bb997cd8,indian,transcription_accent_identification,NA,Questionnaire,NA,other_non_err_detection,NA,NA,NA,NA,No,22,39
Group_3,d5009aebe9adc415e778df975a3a26e28744673a2388dc90d2867461bb997cd8,no,task_experience,NA,Questionnaire,NA,other_non_err_detection,NA,NA,NA,NA,No,23,39
Group_3,d5009aebe9adc415e778df975a3a26e28744673a2388dc90d2867461bb997cd8,American,most_frequent_accent,NA,Questionnaire,NA,other_non_err_detection,NA,NA,NA,NA,No,24,39
Group_3,d5009aebe9adc415e778df975a3a26e28744673a2388dc90d2867461bb997cd8,I grew up near Miami and live in Los Angeles. Learned Spanish in High School and learned French in College,additional_language_experience,NA,Questionnaire,NA,other_non_err_detection,NA,NA,NA,NA,No,25,39
Group_3,d5009aebe9adc415e778df975a3a26e28744673a2388dc90d2867461bb997cd8,New York,origin_state,NA,Questionnaire,NA,other_non_err_detection,NA,NA,NA,NA,No,26,39
Group_3,d5009aebe9adc415e778df975a3a26e28744673a2388dc90d2867461bb997cd8,"New York, New York",origin_zipcode,NA,Questionnaire,NA,other_non_err_detection,NA,NA,NA,NA,No,27,39
Group_3,d5009aebe9adc415e778df975a3a26e28744673a2388dc90d2867461bb997cd8,California,current_state,NA,Questionnaire,NA,other_non_err_detection,NA,NA,NA,NA,No,28,39
Group_3,d5009aebe9adc415e778df975a3a26e28744673a2388dc90d2867461bb997cd8,90068,current_zipcode,NA,Questionnaire,NA,other_non_err_detection,NA,NA,NA,NA,No,29,39
Group_3,d5009aebe9adc415e778df975a3a26e28744673a2388dc90d2867461bb997cd8,"California for 4, Florida for 1",same_state_5_year_no,NA,Questionnaire,NA,other_non_err_detection,NA,NA,NA,NA,No,30,39
Group_3,d5009aebe9adc415e778df975a3a26e28744673a2388dc90d2867461bb997cd8,29,age,NA,Questionnaire,NA,other_non_err_detection,NA,NA,NA,NA,No,31,39
Group_3,d5009aebe9adc415e778df975a3a26e28744673a2388dc90d2867461bb997cd8,NA,diseaseDetail,NA,Questionnaire,NA,other_non_err_detection,NA,NA,NA,NA,No,32,39
Group_3,d5009aebe9adc415e778df975a3a26e28744673a2388dc90d2867461bb997cd8,na,suggestions_improvement,NA,Questionnaire,NA,other_non_err_detection,NA,NA,NA,NA,No,33,39
Group_3,d5009aebe9adc415e778df975a3a26e28744673a2388dc90d2867461bb997cd8,no,technical_issues,NA,Questionnaire,NA,other_non_err_detection,NA,NA,NA,NA,No,34,39
Group_4,d74e8be7c46394f33a7eb31be46d48bb61bd571ab70071a66717c2030875e843,4,instruction_clarity,NA,Questionnaire,NA,other_non_err_detection,NA,NA,NA,NA,No,1,40
Group_4,d74e8be7c46394f33a7eb31be46d48bb61bd571ab70071a66717c2030875e843,4,error_detection_difficulty,NA,Questionnaire,NA,other_non_err_detection,NA,NA,NA,NA,No,2,40
Group_4,d74e8be7c46394f33a7eb31be46d48bb61bd571ab70071a66717c2030875e843,5,trivia_accent_strength,NA,Questionnaire,NA,other_non_err_detection,NA,NA,NA,NA,No,3,40
Group_4,d74e8be7c46394f33a7eb31be46d48bb61bd571ab70071a66717c2030875e843,5,transcription_accent_strength,NA,Questionnaire,NA,other_non_err_detection,NA,NA,NA,NA,No,4,40
Group_4,d74e8be7c46394f33a7eb31be46d48bb61bd571ab70071a66717c2030875e843,Yes,speaker_identity_check,NA,Questionnaire,NA,other_non_err_detection,NA,NA,NA,NA,No,5,40
Group_4,d74e8be7c46394f33a7eb31be46d48bb61bd571ab70071a66717c2030875e843,['English'],native_language,NA,Questionnaire,NA,other_non_err_detection,NA,NA,NA,NA,No,6,40
Group_4,d74e8be7c46394f33a7eb31be46d48bb61bd571ab70071a66717c2030875e843,No,household_accent,NA,Questionnaire,NA,other_non_err_detection,NA,NA,NA,NA,No,7,40
Group_4,d74e8be7c46394f33a7eb31be46d48bb61bd571ab70071a66717c2030875e843,No,current_accent,NA,Questionnaire,NA,other_non_err_detection,NA,NA,NA,NA,No,8,40
Group_4,d74e8be7c46394f33a7eb31be46d48bb61bd571ab70071a66717c2030875e843,1,exposure_spanish_accent,NA,Questionnaire,NA,other_non_err_detection,NA,NA,NA,NA,No,9,40
Group_4,d74e8be7c46394f33a7eb31be46d48bb61bd571ab70071a66717c2030875e843,1,exposure_spanish,NA,Questionnaire,NA,other_non_err_detection,NA,NA,NA,NA,No,10,40
Group_4,d74e8be7c46394f33a7eb31be46d48bb61bd571ab70071a66717c2030875e843,Yes,same_state_5_year,NA,Questionnaire,NA,other_non_err_detection,NA,NA,NA,NA,No,11,40
Group_4,d74e8be7c46394f33a7eb31be46d48bb61bd571ab70071a66717c2030875e843,Yes,same_state_5_year_yes,NA,Questionnaire,NA,other_non_err_detection,NA,NA,NA,NA,No,12,40
Group_4,d74e8be7c46394f33a7eb31be46d48bb61bd571ab70071a66717c2030875e843,NA,questionnaire_part3_begin,NA,Questionnaire,NA,other_non_err_detection,NA,NA,NA,NA,No,13,40
Group_4,d74e8be7c46394f33a7eb31be46d48bb61bd571ab70071a66717c2030875e843,Male,gender,NA,Questionnaire,NA,other_non_err_detection,NA,NA,NA,NA,No,14,40
Group_4,d74e8be7c46394f33a7eb31be46d48bb61bd571ab70071a66717c2030875e843,['White'],race/ethnicity,NA,Questionnaire,NA,other_non_err_detection,NA,NA,NA,NA,No,15,40
Group_4,d74e8be7c46394f33a7eb31be46d48bb61bd571ab70071a66717c2030875e843,Some college,highest_level_edu,NA,Questionnaire,NA,other_non_err_detection,NA,NA,NA,NA,No,16,40
Group_4,d74e8be7c46394f33a7eb31be46d48bb61bd571ab70071a66717c2030875e843,Yes,learnDis,NA,Questionnaire,NA,other_non_err_detection,NA,NA,NA,NA,No,17,40
Group_4,d74e8be7c46394f33a7eb31be46d48bb61bd571ab70071a66717c2030875e843,Yes,attention,NA,Questionnaire,NA,other_non_err_detection,NA,NA,NA,NA,No,18,40
Group_4,d74e8be7c46394f33a7eb31be46d48bb61bd571ab70071a66717c2030875e843,No,headInjury,NA,Questionnaire,NA,other_non_err_detection,NA,NA,NA,NA,No,19,40
Group_4,d74e8be7c46394f33a7eb31be46d48bb61bd571ab70071a66717c2030875e843,No,neuroImpair,NA,Questionnaire,NA,other_non_err_detection,NA,NA,NA,NA,No,20,40
Group_4,d74e8be7c46394f33a7eb31be46d48bb61bd571ab70071a66717c2030875e843,Indian,trivia_accent_identification,NA,Questionnaire,NA,other_non_err_detection,NA,NA,NA,NA,No,21,40
Group_4,d74e8be7c46394f33a7eb31be46d48bb61bd571ab70071a66717c2030875e843,Indian,transcription_accent_identification,NA,Questionnaire,NA,other_non_err_detection,NA,NA,NA,NA,No,22,40
Group_4,d74e8be7c46394f33a7eb31be46d48bb61bd571ab70071a66717c2030875e843,the speakers accent made it hard to detect errors,task_experience,NA,Questionnaire,NA,other_non_err_detection,NA,NA,NA,NA,No,23,40
Group_4,d74e8be7c46394f33a7eb31be46d48bb61bd571ab70071a66717c2030875e843,"my mom, american.
my dad, american.
my best friend, american.
My Priest, Greek",most_frequent_accent,NA,Questionnaire,NA,other_non_err_detection,NA,NA,NA,NA,No,24,40
Group_4,d74e8be7c46394f33a7eb31be46d48bb61bd571ab70071a66717c2030875e843,none,additional_language_experience,NA,Questionnaire,NA,other_non_err_detection,NA,NA,NA,NA,No,25,40
Group_4,d74e8be7c46394f33a7eb31be46d48bb61bd571ab70071a66717c2030875e843,Missouri,origin_state,NA,Questionnaire,NA,other_non_err_detection,NA,NA,NA,NA,No,26,40
Group_4,d74e8be7c46394f33a7eb31be46d48bb61bd571ab70071a66717c2030875e843,65251,origin_zipcode,NA,Questionnaire,NA,other_non_err_detection,NA,NA,NA,NA,No,27,40
Group_4,d74e8be7c46394f33a7eb31be46d48bb61bd571ab70071a66717c2030875e843,Missouri,current_state,NA,Questionnaire,NA,other_non_err_detection,NA,NA,NA,NA,No,28,40
Group_4,d74e8be7c46394f33a7eb31be46d48bb61bd571ab70071a66717c2030875e843,65251,current_zipcode,NA,Questionnaire,NA,other_non_err_detection,NA,NA,NA,NA,No,29,40
Group_4,d74e8be7c46394f33a7eb31be46d48bb61bd571ab70071a66717c2030875e843,NA,same_state_5_year_no,NA,Questionnaire,NA,other_non_err_detection,NA,NA,NA,NA,No,30,40
Group_4,d74e8be7c46394f33a7eb31be46d48bb61bd571ab70071a66717c2030875e843,26,age,NA,Questionnaire,NA,other_non_err_detection,NA,NA,NA,NA,No,31,40
Group_4,d74e8be7c46394f33a7eb31be46d48bb61bd571ab70071a66717c2030875e843,"Autism
ADHD",diseaseDetail,NA,Questionnaire,NA,other_non_err_detection,NA,NA,NA,NA,No,32,40
Group_4,d74e8be7c46394f33a7eb31be46d48bb61bd571ab70071a66717c2030875e843,Make the length of the trivia section slightly shorter,suggestions_improvement,NA,Questionnaire,NA,other_non_err_detection,NA,NA,NA,NA,No,33,40
Group_4,d74e8be7c46394f33a7eb31be46d48bb61bd571ab70071a66717c2030875e843,No issues,technical_issues,NA,Questionnaire,NA,other_non_err_detection,NA,NA,NA,NA,No,34,40
Group_2,db8246a044b84ef367d5c2c96e38c92fd38cfb4f45ef8017efecb59a98150fc3,4,instruction_clarity,NA,Questionnaire,NA,other_non_err_detection,NA,NA,NA,NA,No,1,41
Group_2,db8246a044b84ef367d5c2c96e38c92fd38cfb4f45ef8017efecb59a98150fc3,3,error_detection_difficulty,NA,Questionnaire,NA,other_non_err_detection,NA,NA,NA,NA,No,2,41
Group_2,db8246a044b84ef367d5c2c96e38c92fd38cfb4f45ef8017efecb59a98150fc3,4,trivia_accent_strength,NA,Questionnaire,NA,other_non_err_detection,NA,NA,NA,NA,No,3,41
Group_2,db8246a044b84ef367d5c2c96e38c92fd38cfb4f45ef8017efecb59a98150fc3,2,transcription_accent_strength,NA,Questionnaire,NA,other_non_err_detection,NA,NA,NA,NA,No,4,41
Group_2,db8246a044b84ef367d5c2c96e38c92fd38cfb4f45ef8017efecb59a98150fc3,Yes,speaker_identity_check,NA,Questionnaire,NA,other_non_err_detection,NA,NA,NA,NA,No,5,41
Group_2,db8246a044b84ef367d5c2c96e38c92fd38cfb4f45ef8017efecb59a98150fc3,['English'],native_language,NA,Questionnaire,NA,other_non_err_detection,NA,NA,NA,NA,No,6,41
Group_2,db8246a044b84ef367d5c2c96e38c92fd38cfb4f45ef8017efecb59a98150fc3,No,household_accent,NA,Questionnaire,NA,other_non_err_detection,NA,NA,NA,NA,No,7,41
Group_2,db8246a044b84ef367d5c2c96e38c92fd38cfb4f45ef8017efecb59a98150fc3,No,current_accent,NA,Questionnaire,NA,other_non_err_detection,NA,NA,NA,NA,No,8,41
Group_2,db8246a044b84ef367d5c2c96e38c92fd38cfb4f45ef8017efecb59a98150fc3,4,exposure_spanish_accent,NA,Questionnaire,NA,other_non_err_detection,NA,NA,NA,NA,No,9,41
Group_2,db8246a044b84ef367d5c2c96e38c92fd38cfb4f45ef8017efecb59a98150fc3,3,exposure_spanish,NA,Questionnaire,NA,other_non_err_detection,NA,NA,NA,NA,No,10,41
Group_2,db8246a044b84ef367d5c2c96e38c92fd38cfb4f45ef8017efecb59a98150fc3,Yes,same_state_5_year,NA,Questionnaire,NA,other_non_err_detection,NA,NA,NA,NA,No,11,41
Group_2,db8246a044b84ef367d5c2c96e38c92fd38cfb4f45ef8017efecb59a98150fc3,Yes,same_state_5_year_yes,NA,Questionnaire,NA,other_non_err_detection,NA,NA,NA,NA,No,12,41
Group_2,db8246a044b84ef367d5c2c96e38c92fd38cfb4f45ef8017efecb59a98150fc3,NA,questionnaire_part3_begin,NA,Questionnaire,NA,other_non_err_detection,NA,NA,NA,NA,No,13,41
Group_2,db8246a044b84ef367d5c2c96e38c92fd38cfb4f45ef8017efecb59a98150fc3,Female,gender,NA,Questionnaire,NA,other_non_err_detection,NA,NA,NA,NA,No,14,41
Group_2,db8246a044b84ef367d5c2c96e38c92fd38cfb4f45ef8017efecb59a98150fc3,['White'],race/ethnicity,NA,Questionnaire,NA,other_non_err_detection,NA,NA,NA,NA,No,15,41
Group_2,db8246a044b84ef367d5c2c96e38c92fd38cfb4f45ef8017efecb59a98150fc3,2- or 4-year college degree,highest_level_edu,NA,Questionnaire,NA,other_non_err_detection,NA,NA,NA,NA,No,16,41
Group_2,db8246a044b84ef367d5c2c96e38c92fd38cfb4f45ef8017efecb59a98150fc3,No,learnDis,NA,Questionnaire,NA,other_non_err_detection,NA,NA,NA,NA,No,17,41
Group_2,db8246a044b84ef367d5c2c96e38c92fd38cfb4f45ef8017efecb59a98150fc3,No,attention,NA,Questionnaire,NA,other_non_err_detection,NA,NA,NA,NA,No,18,41
Group_2,db8246a044b84ef367d5c2c96e38c92fd38cfb4f45ef8017efecb59a98150fc3,No,headInjury,NA,Questionnaire,NA,other_non_err_detection,NA,NA,NA,NA,No,19,41
Group_2,db8246a044b84ef367d5c2c96e38c92fd38cfb4f45ef8017efecb59a98150fc3,No,neuroImpair,NA,Questionnaire,NA,other_non_err_detection,NA,NA,NA,NA,No,20,41
Group_2,db8246a044b84ef367d5c2c96e38c92fd38cfb4f45ef8017efecb59a98150fc3,unsure,trivia_accent_identification,NA,Questionnaire,NA,other_non_err_detection,NA,NA,NA,NA,No,21,41
Group_2,db8246a044b84ef367d5c2c96e38c92fd38cfb4f45ef8017efecb59a98150fc3,unsure,transcription_accent_identification,NA,Questionnaire,NA,other_non_err_detection,NA,NA,NA,NA,No,22,41
Group_2,db8246a044b84ef367d5c2c96e38c92fd38cfb4f45ef8017efecb59a98150fc3,they sounded the same,task_experience,NA,Questionnaire,NA,other_non_err_detection,NA,NA,NA,NA,No,23,41
Group_2,db8246a044b84ef367d5c2c96e38c92fd38cfb4f45ef8017efecb59a98150fc3,"my friend, American",most_frequent_accent,NA,Questionnaire,NA,other_non_err_detection,NA,NA,NA,NA,No,24,41
Group_2,db8246a044b84ef367d5c2c96e38c92fd38cfb4f45ef8017efecb59a98150fc3,None,additional_language_experience,NA,Questionnaire,NA,other_non_err_detection,NA,NA,NA,NA,No,25,41
Group_2,db8246a044b84ef367d5c2c96e38c92fd38cfb4f45ef8017efecb59a98150fc3,Virginia,origin_state,NA,Questionnaire,NA,other_non_err_detection,NA,NA,NA,NA,No,26,41
Group_2,db8246a044b84ef367d5c2c96e38c92fd38cfb4f45ef8017efecb59a98150fc3,20149,origin_zipcode,NA,Questionnaire,NA,other_non_err_detection,NA,NA,NA,NA,No,27,41
Group_2,db8246a044b84ef367d5c2c96e38c92fd38cfb4f45ef8017efecb59a98150fc3,Virginia,current_state,NA,Questionnaire,NA,other_non_err_detection,NA,NA,NA,NA,No,28,41
Group_2,db8246a044b84ef367d5c2c96e38c92fd38cfb4f45ef8017efecb59a98150fc3,20149,current_zipcode,NA,Questionnaire,NA,other_non_err_detection,NA,NA,NA,NA,No,29,41
Group_2,db8246a044b84ef367d5c2c96e38c92fd38cfb4f45ef8017efecb59a98150fc3,NA,same_state_5_year_no,NA,Questionnaire,NA,other_non_err_detection,NA,NA,NA,NA,No,30,41
Group_2,db8246a044b84ef367d5c2c96e38c92fd38cfb4f45ef8017efecb59a98150fc3,27,age,NA,Questionnaire,NA,other_non_err_detection,NA,NA,NA,NA,No,31,41
Group_2,db8246a044b84ef367d5c2c96e38c92fd38cfb4f45ef8017efecb59a98150fc3,NA,diseaseDetail,NA,Questionnaire,NA,other_non_err_detection,NA,NA,NA,NA,No,32,41
Group_2,db8246a044b84ef367d5c2c96e38c92fd38cfb4f45ef8017efecb59a98150fc3,NA,suggestions_improvement,NA,Questionnaire,NA,other_non_err_detection,NA,NA,NA,NA,No,33,41
Group_2,db8246a044b84ef367d5c2c96e38c92fd38cfb4f45ef8017efecb59a98150fc3,None,technical_issues,NA,Questionnaire,NA,other_non_err_detection,NA,NA,NA,NA,No,34,41
Group_3,e0ae1f7e7b6013c62c57aee22bf7e63defa28c7e7aeebcd18d3993a37b978d30,5,instruction_clarity,NA,Questionnaire,NA,other_non_err_detection,NA,NA,NA,NA,No,1,42
Group_3,e0ae1f7e7b6013c62c57aee22bf7e63defa28c7e7aeebcd18d3993a37b978d30,2,error_detection_difficulty,NA,Questionnaire,NA,other_non_err_detection,NA,NA,NA,NA,No,2,42
Group_3,e0ae1f7e7b6013c62c57aee22bf7e63defa28c7e7aeebcd18d3993a37b978d30,4,trivia_accent_strength,NA,Questionnaire,NA,other_non_err_detection,NA,NA,NA,NA,No,3,42
Group_3,e0ae1f7e7b6013c62c57aee22bf7e63defa28c7e7aeebcd18d3993a37b978d30,3,transcription_accent_strength,NA,Questionnaire,NA,other_non_err_detection,NA,NA,NA,NA,No,4,42
Group_3,e0ae1f7e7b6013c62c57aee22bf7e63defa28c7e7aeebcd18d3993a37b978d30,Yes,speaker_identity_check,NA,Questionnaire,NA,other_non_err_detection,NA,NA,NA,NA,No,5,42
Group_3,e0ae1f7e7b6013c62c57aee22bf7e63defa28c7e7aeebcd18d3993a37b978d30,['English'],native_language,NA,Questionnaire,NA,other_non_err_detection,NA,NA,NA,NA,No,6,42
Group_3,e0ae1f7e7b6013c62c57aee22bf7e63defa28c7e7aeebcd18d3993a37b978d30,No,household_accent,NA,Questionnaire,NA,other_non_err_detection,NA,NA,NA,NA,No,7,42
Group_3,e0ae1f7e7b6013c62c57aee22bf7e63defa28c7e7aeebcd18d3993a37b978d30,No,current_accent,NA,Questionnaire,NA,other_non_err_detection,NA,NA,NA,NA,No,8,42
Group_3,e0ae1f7e7b6013c62c57aee22bf7e63defa28c7e7aeebcd18d3993a37b978d30,1,exposure_spanish_accent,NA,Questionnaire,NA,other_non_err_detection,NA,NA,NA,NA,No,9,42
Group_3,e0ae1f7e7b6013c62c57aee22bf7e63defa28c7e7aeebcd18d3993a37b978d30,1,exposure_spanish,NA,Questionnaire,NA,other_non_err_detection,NA,NA,NA,NA,No,10,42
Group_3,e0ae1f7e7b6013c62c57aee22bf7e63defa28c7e7aeebcd18d3993a37b978d30,Yes,same_state_5_year,NA,Questionnaire,NA,other_non_err_detection,NA,NA,NA,NA,No,11,42
Group_3,e0ae1f7e7b6013c62c57aee22bf7e63defa28c7e7aeebcd18d3993a37b978d30,Yes,same_state_5_year_yes,NA,Questionnaire,NA,other_non_err_detection,NA,NA,NA,NA,No,12,42
Group_3,e0ae1f7e7b6013c62c57aee22bf7e63defa28c7e7aeebcd18d3993a37b978d30,NA,questionnaire_part3_begin,NA,Questionnaire,NA,other_non_err_detection,NA,NA,NA,NA,No,13,42
Group_3,e0ae1f7e7b6013c62c57aee22bf7e63defa28c7e7aeebcd18d3993a37b978d30,Male,gender,NA,Questionnaire,NA,other_non_err_detection,NA,NA,NA,NA,No,14,42
Group_3,e0ae1f7e7b6013c62c57aee22bf7e63defa28c7e7aeebcd18d3993a37b978d30,['White'],race/ethnicity,NA,Questionnaire,NA,other_non_err_detection,NA,NA,NA,NA,No,15,42
Group_3,e0ae1f7e7b6013c62c57aee22bf7e63defa28c7e7aeebcd18d3993a37b978d30,Master’s degree,highest_level_edu,NA,Questionnaire,NA,other_non_err_detection,NA,NA,NA,NA,No,16,42
Group_3,e0ae1f7e7b6013c62c57aee22bf7e63defa28c7e7aeebcd18d3993a37b978d30,No,learnDis,NA,Questionnaire,NA,other_non_err_detection,NA,NA,NA,NA,No,17,42
Group_3,e0ae1f7e7b6013c62c57aee22bf7e63defa28c7e7aeebcd18d3993a37b978d30,No,attention,NA,Questionnaire,NA,other_non_err_detection,NA,NA,NA,NA,No,18,42
Group_3,e0ae1f7e7b6013c62c57aee22bf7e63defa28c7e7aeebcd18d3993a37b978d30,No,headInjury,NA,Questionnaire,NA,other_non_err_detection,NA,NA,NA,NA,No,19,42
Group_3,e0ae1f7e7b6013c62c57aee22bf7e63defa28c7e7aeebcd18d3993a37b978d30,No,neuroImpair,NA,Questionnaire,NA,other_non_err_detection,NA,NA,NA,NA,No,20,42
Group_3,e0ae1f7e7b6013c62c57aee22bf7e63defa28c7e7aeebcd18d3993a37b978d30,Puerto Rican,trivia_accent_identification,NA,Questionnaire,NA,other_non_err_detection,NA,NA,NA,NA,No,21,42
Group_3,e0ae1f7e7b6013c62c57aee22bf7e63defa28c7e7aeebcd18d3993a37b978d30,Puerto Rican,transcription_accent_identification,NA,Questionnaire,NA,other_non_err_detection,NA,NA,NA,NA,No,22,42
Group_3,e0ae1f7e7b6013c62c57aee22bf7e63defa28c7e7aeebcd18d3993a37b978d30,some words were difficult to hear due to the background noise,task_experience,NA,Questionnaire,NA,other_non_err_detection,NA,NA,NA,NA,No,23,42
Group_3,e0ae1f7e7b6013c62c57aee22bf7e63defa28c7e7aeebcd18d3993a37b978d30,American,most_frequent_accent,NA,Questionnaire,NA,other_non_err_detection,NA,NA,NA,NA,No,24,42
Group_3,e0ae1f7e7b6013c62c57aee22bf7e63defa28c7e7aeebcd18d3993a37b978d30,Took Spanish in high school and Italian in college.,additional_language_experience,NA,Questionnaire,NA,other_non_err_detection,NA,NA,NA,NA,No,25,42
Group_3,e0ae1f7e7b6013c62c57aee22bf7e63defa28c7e7aeebcd18d3993a37b978d30,Ohio,origin_state,NA,Questionnaire,NA,other_non_err_detection,NA,NA,NA,NA,No,26,42
Group_3,e0ae1f7e7b6013c62c57aee22bf7e63defa28c7e7aeebcd18d3993a37b978d30,44890,origin_zipcode,NA,Questionnaire,NA,other_non_err_detection,NA,NA,NA,NA,No,27,42
Group_3,e0ae1f7e7b6013c62c57aee22bf7e63defa28c7e7aeebcd18d3993a37b978d30,Arizona,current_state,NA,Questionnaire,NA,other_non_err_detection,NA,NA,NA,NA,No,28,42
Group_3,e0ae1f7e7b6013c62c57aee22bf7e63defa28c7e7aeebcd18d3993a37b978d30,85323,current_zipcode,NA,Questionnaire,NA,other_non_err_detection,NA,NA,NA,NA,No,29,42
Group_3,e0ae1f7e7b6013c62c57aee22bf7e63defa28c7e7aeebcd18d3993a37b978d30,NA,same_state_5_year_no,NA,Questionnaire,NA,other_non_err_detection,NA,NA,NA,NA,No,30,42
Group_3,e0ae1f7e7b6013c62c57aee22bf7e63defa28c7e7aeebcd18d3993a37b978d30,36,age,NA,Questionnaire,NA,other_non_err_detection,NA,NA,NA,NA,No,31,42
Group_3,e0ae1f7e7b6013c62c57aee22bf7e63defa28c7e7aeebcd18d3993a37b978d30,NA,diseaseDetail,NA,Questionnaire,NA,other_non_err_detection,NA,NA,NA,NA,No,32,42
Group_3,e0ae1f7e7b6013c62c57aee22bf7e63defa28c7e7aeebcd18d3993a37b978d30,Nothing really. It was enjoyable!,suggestions_improvement,NA,Questionnaire,NA,other_non_err_detection,NA,NA,NA,NA,No,33,42
Group_3,e0ae1f7e7b6013c62c57aee22bf7e63defa28c7e7aeebcd18d3993a37b978d30,no,technical_issues,NA,Questionnaire,NA,other_non_err_detection,NA,NA,NA,NA,No,34,42
Group_3,e7504dd84f21ce3d638e257ca7e3f4a108dcd7df15b6911f79b64206bdfc4654,5,instruction_clarity,NA,Questionnaire,NA,other_non_err_detection,NA,NA,NA,NA,No,1,43
Group_3,e7504dd84f21ce3d638e257ca7e3f4a108dcd7df15b6911f79b64206bdfc4654,3,error_detection_difficulty,NA,Questionnaire,NA,other_non_err_detection,NA,NA,NA,NA,No,2,43
Group_3,e7504dd84f21ce3d638e257ca7e3f4a108dcd7df15b6911f79b64206bdfc4654,3,trivia_accent_strength,NA,Questionnaire,NA,other_non_err_detection,NA,NA,NA,NA,No,3,43
Group_3,e7504dd84f21ce3d638e257ca7e3f4a108dcd7df15b6911f79b64206bdfc4654,3,transcription_accent_strength,NA,Questionnaire,NA,other_non_err_detection,NA,NA,NA,NA,No,4,43
Group_3,e7504dd84f21ce3d638e257ca7e3f4a108dcd7df15b6911f79b64206bdfc4654,Yes,speaker_identity_check,NA,Questionnaire,NA,other_non_err_detection,NA,NA,NA,NA,No,5,43
Group_3,e7504dd84f21ce3d638e257ca7e3f4a108dcd7df15b6911f79b64206bdfc4654,['English'],native_language,NA,Questionnaire,NA,other_non_err_detection,NA,NA,NA,NA,No,6,43
Group_3,e7504dd84f21ce3d638e257ca7e3f4a108dcd7df15b6911f79b64206bdfc4654,No,household_accent,NA,Questionnaire,NA,other_non_err_detection,NA,NA,NA,NA,No,7,43
Group_3,e7504dd84f21ce3d638e257ca7e3f4a108dcd7df15b6911f79b64206bdfc4654,No,current_accent,NA,Questionnaire,NA,other_non_err_detection,NA,NA,NA,NA,No,8,43
Group_3,e7504dd84f21ce3d638e257ca7e3f4a108dcd7df15b6911f79b64206bdfc4654,2,exposure_spanish_accent,NA,Questionnaire,NA,other_non_err_detection,NA,NA,NA,NA,No,9,43
Group_3,e7504dd84f21ce3d638e257ca7e3f4a108dcd7df15b6911f79b64206bdfc4654,2,exposure_spanish,NA,Questionnaire,NA,other_non_err_detection,NA,NA,NA,NA,No,10,43
Group_3,e7504dd84f21ce3d638e257ca7e3f4a108dcd7df15b6911f79b64206bdfc4654,Yes,same_state_5_year,NA,Questionnaire,NA,other_non_err_detection,NA,NA,NA,NA,No,11,43
Group_3,e7504dd84f21ce3d638e257ca7e3f4a108dcd7df15b6911f79b64206bdfc4654,Yes,same_state_5_year_yes,NA,Questionnaire,NA,other_non_err_detection,NA,NA,NA,NA,No,12,43
Group_3,e7504dd84f21ce3d638e257ca7e3f4a108dcd7df15b6911f79b64206bdfc4654,NA,questionnaire_part3_begin,NA,Questionnaire,NA,other_non_err_detection,NA,NA,NA,NA,No,13,43
Group_3,e7504dd84f21ce3d638e257ca7e3f4a108dcd7df15b6911f79b64206bdfc4654,Non-binary/third gender,gender,NA,Questionnaire,NA,other_non_err_detection,NA,NA,NA,NA,No,14,43
Group_3,e7504dd84f21ce3d638e257ca7e3f4a108dcd7df15b6911f79b64206bdfc4654,['White'],race/ethnicity,NA,Questionnaire,NA,other_non_err_detection,NA,NA,NA,NA,No,15,43
Group_3,e7504dd84f21ce3d638e257ca7e3f4a108dcd7df15b6911f79b64206bdfc4654,2- or 4-year college degree,highest_level_edu,NA,Questionnaire,NA,other_non_err_detection,NA,NA,NA,NA,No,16,43
Group_3,e7504dd84f21ce3d638e257ca7e3f4a108dcd7df15b6911f79b64206bdfc4654,No,learnDis,NA,Questionnaire,NA,other_non_err_detection,NA,NA,NA,NA,No,17,43
Group_3,e7504dd84f21ce3d638e257ca7e3f4a108dcd7df15b6911f79b64206bdfc4654,Yes,attention,NA,Questionnaire,NA,other_non_err_detection,NA,NA,NA,NA,No,18,43
Group_3,e7504dd84f21ce3d638e257ca7e3f4a108dcd7df15b6911f79b64206bdfc4654,No,headInjury,NA,Questionnaire,NA,other_non_err_detection,NA,NA,NA,NA,No,19,43
Group_3,e7504dd84f21ce3d638e257ca7e3f4a108dcd7df15b6911f79b64206bdfc4654,No,neuroImpair,NA,Questionnaire,NA,other_non_err_detection,NA,NA,NA,NA,No,20,43
Group_3,e7504dd84f21ce3d638e257ca7e3f4a108dcd7df15b6911f79b64206bdfc4654,unsure,trivia_accent_identification,NA,Questionnaire,NA,other_non_err_detection,NA,NA,NA,NA,No,21,43
Group_3,e7504dd84f21ce3d638e257ca7e3f4a108dcd7df15b6911f79b64206bdfc4654,unsure,transcription_accent_identification,NA,Questionnaire,NA,other_non_err_detection,NA,NA,NA,NA,No,22,43
Group_3,e7504dd84f21ce3d638e257ca7e3f4a108dcd7df15b6911f79b64206bdfc4654,the starts of sentences were sometimes cut off only in one record of the trivia task. the transcription task sometimes didn't feel like words at all,task_experience,NA,Questionnaire,NA,other_non_err_detection,NA,NA,NA,NA,No,23,43
Group_3,e7504dd84f21ce3d638e257ca7e3f4a108dcd7df15b6911f79b64206bdfc4654,"my spouse, american
my dad, american
my sister, american
my brother in law, italian-american
my friend, puerto rican/american",most_frequent_accent,NA,Questionnaire,NA,other_non_err_detection,NA,NA,NA,NA,No,24,43
Group_3,e7504dd84f21ce3d638e257ca7e3f4a108dcd7df15b6911f79b64206bdfc4654,"learned some french in highschool, communicate with spanish speakers in text but not voice",additional_language_experience,NA,Questionnaire,NA,other_non_err_detection,NA,NA,NA,NA,No,25,43
Group_3,e7504dd84f21ce3d638e257ca7e3f4a108dcd7df15b6911f79b64206bdfc4654,indiana,origin_state,NA,Questionnaire,NA,other_non_err_detection,NA,NA,NA,NA,No,26,43
Group_3,e7504dd84f21ce3d638e257ca7e3f4a108dcd7df15b6911f79b64206bdfc4654,46356,origin_zipcode,NA,Questionnaire,NA,other_non_err_detection,NA,NA,NA,NA,No,27,43
Group_3,e7504dd84f21ce3d638e257ca7e3f4a108dcd7df15b6911f79b64206bdfc4654,indiana,current_state,NA,Questionnaire,NA,other_non_err_detection,NA,NA,NA,NA,No,28,43
Group_3,e7504dd84f21ce3d638e257ca7e3f4a108dcd7df15b6911f79b64206bdfc4654,46304,current_zipcode,NA,Questionnaire,NA,other_non_err_detection,NA,NA,NA,NA,No,29,43
Group_3,e7504dd84f21ce3d638e257ca7e3f4a108dcd7df15b6911f79b64206bdfc4654,na,same_state_5_year_no,NA,Questionnaire,NA,other_non_err_detection,NA,NA,NA,NA,No,30,43
Group_3,e7504dd84f21ce3d638e257ca7e3f4a108dcd7df15b6911f79b64206bdfc4654,36,age,NA,Questionnaire,NA,other_non_err_detection,NA,NA,NA,NA,No,31,43
Group_3,e7504dd84f21ce3d638e257ca7e3f4a108dcd7df15b6911f79b64206bdfc4654,in screening for adhd as an adult,diseaseDetail,NA,Questionnaire,NA,other_non_err_detection,NA,NA,NA,NA,No,32,43
Group_3,e7504dd84f21ce3d638e257ca7e3f4a108dcd7df15b6911f79b64206bdfc4654,na,suggestions_improvement,NA,Questionnaire,NA,other_non_err_detection,NA,NA,NA,NA,No,33,43
Group_3,e7504dd84f21ce3d638e257ca7e3f4a108dcd7df15b6911f79b64206bdfc4654,no,technical_issues,NA,Questionnaire,NA,other_non_err_detection,NA,NA,NA,NA,No,34,43
Group_3,f29473dc5cfa42203109a8361a5809131cc0d7cba356e8b338dccd5a8c89963f,5,instruction_clarity,NA,Questionnaire,NA,other_non_err_detection,NA,NA,NA,NA,No,1,44
Group_3,f29473dc5cfa42203109a8361a5809131cc0d7cba356e8b338dccd5a8c89963f,3,error_detection_difficulty,NA,Questionnaire,NA,other_non_err_detection,NA,NA,NA,NA,No,2,44
Group_3,f29473dc5cfa42203109a8361a5809131cc0d7cba356e8b338dccd5a8c89963f,4,trivia_accent_strength,NA,Questionnaire,NA,other_non_err_detection,NA,NA,NA,NA,No,3,44
Group_3,f29473dc5cfa42203109a8361a5809131cc0d7cba356e8b338dccd5a8c89963f,5,transcription_accent_strength,NA,Questionnaire,NA,other_non_err_detection,NA,NA,NA,NA,No,4,44
Group_3,f29473dc5cfa42203109a8361a5809131cc0d7cba356e8b338dccd5a8c89963f,No,speaker_identity_check,NA,Questionnaire,NA,other_non_err_detection,NA,NA,NA,NA,No,5,44
Group_3,f29473dc5cfa42203109a8361a5809131cc0d7cba356e8b338dccd5a8c89963f,['English'],native_language,NA,Questionnaire,NA,other_non_err_detection,NA,NA,NA,NA,No,6,44
Group_3,f29473dc5cfa42203109a8361a5809131cc0d7cba356e8b338dccd5a8c89963f,No,household_accent,NA,Questionnaire,NA,other_non_err_detection,NA,NA,NA,NA,No,7,44
Group_3,f29473dc5cfa42203109a8361a5809131cc0d7cba356e8b338dccd5a8c89963f,No,current_accent,NA,Questionnaire,NA,other_non_err_detection,NA,NA,NA,NA,No,8,44
Group_3,f29473dc5cfa42203109a8361a5809131cc0d7cba356e8b338dccd5a8c89963f,1,exposure_spanish_accent,NA,Questionnaire,NA,other_non_err_detection,NA,NA,NA,NA,No,9,44
Group_3,f29473dc5cfa42203109a8361a5809131cc0d7cba356e8b338dccd5a8c89963f,2,exposure_spanish,NA,Questionnaire,NA,other_non_err_detection,NA,NA,NA,NA,No,10,44
Group_3,f29473dc5cfa42203109a8361a5809131cc0d7cba356e8b338dccd5a8c89963f,Yes,same_state_5_year,NA,Questionnaire,NA,other_non_err_detection,NA,NA,NA,NA,No,11,44
Group_3,f29473dc5cfa42203109a8361a5809131cc0d7cba356e8b338dccd5a8c89963f,Yes,same_state_5_year_yes,NA,Questionnaire,NA,other_non_err_detection,NA,NA,NA,NA,No,12,44
Group_3,f29473dc5cfa42203109a8361a5809131cc0d7cba356e8b338dccd5a8c89963f,NA,questionnaire_part3_begin,NA,Questionnaire,NA,other_non_err_detection,NA,NA,NA,NA,No,13,44
Group_3,f29473dc5cfa42203109a8361a5809131cc0d7cba356e8b338dccd5a8c89963f,Male,gender,NA,Questionnaire,NA,other_non_err_detection,NA,NA,NA,NA,No,14,44
Group_3,f29473dc5cfa42203109a8361a5809131cc0d7cba356e8b338dccd5a8c89963f,['White'],race/ethnicity,NA,Questionnaire,NA,other_non_err_detection,NA,NA,NA,NA,No,15,44
Group_3,f29473dc5cfa42203109a8361a5809131cc0d7cba356e8b338dccd5a8c89963f,High school,highest_level_edu,NA,Questionnaire,NA,other_non_err_detection,NA,NA,NA,NA,No,16,44
Group_3,f29473dc5cfa42203109a8361a5809131cc0d7cba356e8b338dccd5a8c89963f,No,learnDis,NA,Questionnaire,NA,other_non_err_detection,NA,NA,NA,NA,No,17,44
Group_3,f29473dc5cfa42203109a8361a5809131cc0d7cba356e8b338dccd5a8c89963f,No,attention,NA,Questionnaire,NA,other_non_err_detection,NA,NA,NA,NA,No,18,44
Group_3,f29473dc5cfa42203109a8361a5809131cc0d7cba356e8b338dccd5a8c89963f,No,headInjury,NA,Questionnaire,NA,other_non_err_detection,NA,NA,NA,NA,No,19,44
Group_3,f29473dc5cfa42203109a8361a5809131cc0d7cba356e8b338dccd5a8c89963f,No,neuroImpair,NA,Questionnaire,NA,other_non_err_detection,NA,NA,NA,NA,No,20,44
Group_3,f29473dc5cfa42203109a8361a5809131cc0d7cba356e8b338dccd5a8c89963f,French,trivia_accent_identification,NA,Questionnaire,NA,other_non_err_detection,NA,NA,NA,NA,No,21,44
Group_3,f29473dc5cfa42203109a8361a5809131cc0d7cba356e8b338dccd5a8c89963f,Unsure,transcription_accent_identification,NA,Questionnaire,NA,other_non_err_detection,NA,NA,NA,NA,No,22,44
Group_3,f29473dc5cfa42203109a8361a5809131cc0d7cba356e8b338dccd5a8c89963f,Being unable to reselect my choice.,task_experience,NA,Questionnaire,NA,other_non_err_detection,NA,NA,NA,NA,No,23,44
Group_3,f29473dc5cfa42203109a8361a5809131cc0d7cba356e8b338dccd5a8c89963f,"My Mom: American
My Uncle: American
My girlfriend: American",most_frequent_accent,NA,Questionnaire,NA,other_non_err_detection,NA,NA,NA,NA,No,24,44
Group_3,f29473dc5cfa42203109a8361a5809131cc0d7cba356e8b338dccd5a8c89963f,N/A,additional_language_experience,NA,Questionnaire,NA,other_non_err_detection,NA,NA,NA,NA,No,25,44
Group_3,f29473dc5cfa42203109a8361a5809131cc0d7cba356e8b338dccd5a8c89963f,Massachusetts,origin_state,NA,Questionnaire,NA,other_non_err_detection,NA,NA,NA,NA,No,26,44
Group_3,f29473dc5cfa42203109a8361a5809131cc0d7cba356e8b338dccd5a8c89963f,01960,origin_zipcode,NA,Questionnaire,NA,other_non_err_detection,NA,NA,NA,NA,No,27,44
Group_3,f29473dc5cfa42203109a8361a5809131cc0d7cba356e8b338dccd5a8c89963f,Massachusetts,current_state,NA,Questionnaire,NA,other_non_err_detection,NA,NA,NA,NA,No,28,44
Group_3,f29473dc5cfa42203109a8361a5809131cc0d7cba356e8b338dccd5a8c89963f,01960,current_zipcode,NA,Questionnaire,NA,other_non_err_detection,NA,NA,NA,NA,No,29,44
Group_3,f29473dc5cfa42203109a8361a5809131cc0d7cba356e8b338dccd5a8c89963f,NA,same_state_5_year_no,NA,Questionnaire,NA,other_non_err_detection,NA,NA,NA,NA,No,30,44
Group_3,f29473dc5cfa42203109a8361a5809131cc0d7cba356e8b338dccd5a8c89963f,22,age,NA,Questionnaire,NA,other_non_err_detection,NA,NA,NA,NA,No,31,44
Group_3,f29473dc5cfa42203109a8361a5809131cc0d7cba356e8b338dccd5a8c89963f,NA,diseaseDetail,NA,Questionnaire,NA,other_non_err_detection,NA,NA,NA,NA,No,32,44
Group_3,f29473dc5cfa42203109a8361a5809131cc0d7cba356e8b338dccd5a8c89963f,"None! I'm assuming the not changing answers was part of the experiment, if it wasn't that is the only thing I'd suggest.",suggestions_improvement,NA,Questionnaire,NA,other_non_err_detection,NA,NA,NA,NA,No,33,44
Group_3,f29473dc5cfa42203109a8361a5809131cc0d7cba356e8b338dccd5a8c89963f,No!,technical_issues,NA,Questionnaire,NA,other_non_err_detection,NA,NA,NA,NA,No,34,44
Group_2,f85bc6d9008a254e9cbda7cab31d0fa9c9cf26c061dded91f76c8f6b91ad6f55,5,instruction_clarity,NA,Questionnaire,NA,other_non_err_detection,NA,NA,NA,NA,No,1,45
Group_2,f85bc6d9008a254e9cbda7cab31d0fa9c9cf26c061dded91f76c8f6b91ad6f55,4,error_detection_difficulty,NA,Questionnaire,NA,other_non_err_detection,NA,NA,NA,NA,No,2,45
Group_2,f85bc6d9008a254e9cbda7cab31d0fa9c9cf26c061dded91f76c8f6b91ad6f55,4,trivia_accent_strength,NA,Questionnaire,NA,other_non_err_detection,NA,NA,NA,NA,No,3,45
Group_2,f85bc6d9008a254e9cbda7cab31d0fa9c9cf26c061dded91f76c8f6b91ad6f55,4,transcription_accent_strength,NA,Questionnaire,NA,other_non_err_detection,NA,NA,NA,NA,No,4,45
Group_2,f85bc6d9008a254e9cbda7cab31d0fa9c9cf26c061dded91f76c8f6b91ad6f55,Yes,speaker_identity_check,NA,Questionnaire,NA,other_non_err_detection,NA,NA,NA,NA,No,5,45
Group_2,f85bc6d9008a254e9cbda7cab31d0fa9c9cf26c061dded91f76c8f6b91ad6f55,['English'],native_language,NA,Questionnaire,NA,other_non_err_detection,NA,NA,NA,NA,No,6,45
Group_2,f85bc6d9008a254e9cbda7cab31d0fa9c9cf26c061dded91f76c8f6b91ad6f55,No,household_accent,NA,Questionnaire,NA,other_non_err_detection,NA,NA,NA,NA,No,7,45
Group_2,f85bc6d9008a254e9cbda7cab31d0fa9c9cf26c061dded91f76c8f6b91ad6f55,No,current_accent,NA,Questionnaire,NA,other_non_err_detection,NA,NA,NA,NA,No,8,45
Group_2,f85bc6d9008a254e9cbda7cab31d0fa9c9cf26c061dded91f76c8f6b91ad6f55,1,exposure_spanish_accent,NA,Questionnaire,NA,other_non_err_detection,NA,NA,NA,NA,No,9,45
Group_2,f85bc6d9008a254e9cbda7cab31d0fa9c9cf26c061dded91f76c8f6b91ad6f55,1,exposure_spanish,NA,Questionnaire,NA,other_non_err_detection,NA,NA,NA,NA,No,10,45
Group_2,f85bc6d9008a254e9cbda7cab31d0fa9c9cf26c061dded91f76c8f6b91ad6f55,Yes,same_state_5_year,NA,Questionnaire,NA,other_non_err_detection,NA,NA,NA,NA,No,11,45
Group_2,f85bc6d9008a254e9cbda7cab31d0fa9c9cf26c061dded91f76c8f6b91ad6f55,This doesn't apply to me becuase I answered 'No' previously,same_state_5_year_yes,NA,Questionnaire,NA,other_non_err_detection,NA,NA,NA,NA,No,12,45
Group_2,f85bc6d9008a254e9cbda7cab31d0fa9c9cf26c061dded91f76c8f6b91ad6f55,NA,questionnaire_part3_begin,NA,Questionnaire,NA,other_non_err_detection,NA,NA,NA,NA,No,13,45
Group_2,f85bc6d9008a254e9cbda7cab31d0fa9c9cf26c061dded91f76c8f6b91ad6f55,Male,gender,NA,Questionnaire,NA,other_non_err_detection,NA,NA,NA,NA,No,14,45
Group_2,f85bc6d9008a254e9cbda7cab31d0fa9c9cf26c061dded91f76c8f6b91ad6f55,['Black or African American'],race/ethnicity,NA,Questionnaire,NA,other_non_err_detection,NA,NA,NA,NA,No,15,45
Group_2,f85bc6d9008a254e9cbda7cab31d0fa9c9cf26c061dded91f76c8f6b91ad6f55,High school,highest_level_edu,NA,Questionnaire,NA,other_non_err_detection,NA,NA,NA,NA,No,16,45
Group_2,f85bc6d9008a254e9cbda7cab31d0fa9c9cf26c061dded91f76c8f6b91ad6f55,No,learnDis,NA,Questionnaire,NA,other_non_err_detection,NA,NA,NA,NA,No,17,45
Group_2,f85bc6d9008a254e9cbda7cab31d0fa9c9cf26c061dded91f76c8f6b91ad6f55,No,attention,NA,Questionnaire,NA,other_non_err_detection,NA,NA,NA,NA,No,18,45
Group_2,f85bc6d9008a254e9cbda7cab31d0fa9c9cf26c061dded91f76c8f6b91ad6f55,No,headInjury,NA,Questionnaire,NA,other_non_err_detection,NA,NA,NA,NA,No,19,45
Group_2,f85bc6d9008a254e9cbda7cab31d0fa9c9cf26c061dded91f76c8f6b91ad6f55,No,neuroImpair,NA,Questionnaire,NA,other_non_err_detection,NA,NA,NA,NA,No,20,45
Group_2,f85bc6d9008a254e9cbda7cab31d0fa9c9cf26c061dded91f76c8f6b91ad6f55,Unsure,trivia_accent_identification,NA,Questionnaire,NA,other_non_err_detection,NA,NA,NA,NA,No,21,45
Group_2,f85bc6d9008a254e9cbda7cab31d0fa9c9cf26c061dded91f76c8f6b91ad6f55,Unsure,transcription_accent_identification,NA,Questionnaire,NA,other_non_err_detection,NA,NA,NA,NA,No,22,45
Group_2,f85bc6d9008a254e9cbda7cab31d0fa9c9cf26c061dded91f76c8f6b91ad6f55,The unclear questions got a bit frustrating towards the end of the Trivia Questions.,task_experience,NA,Questionnaire,NA,other_non_err_detection,NA,NA,NA,NA,No,23,45
Group_2,f85bc6d9008a254e9cbda7cab31d0fa9c9cf26c061dded91f76c8f6b91ad6f55,The 3-5 people I mostly speak with has an American accent.,most_frequent_accent,NA,Questionnaire,NA,other_non_err_detection,NA,NA,NA,NA,No,24,45
Group_2,f85bc6d9008a254e9cbda7cab31d0fa9c9cf26c061dded91f76c8f6b91ad6f55,I learned basic Spanish during school. But that was only for a year or two during my entire school education.,additional_language_experience,NA,Questionnaire,NA,other_non_err_detection,NA,NA,NA,NA,No,25,45
Group_2,f85bc6d9008a254e9cbda7cab31d0fa9c9cf26c061dded91f76c8f6b91ad6f55,Indiana,origin_state,NA,Questionnaire,NA,other_non_err_detection,NA,NA,NA,NA,No,26,45
Group_2,f85bc6d9008a254e9cbda7cab31d0fa9c9cf26c061dded91f76c8f6b91ad6f55,46408,origin_zipcode,NA,Questionnaire,NA,other_non_err_detection,NA,NA,NA,NA,No,27,45
Group_2,f85bc6d9008a254e9cbda7cab31d0fa9c9cf26c061dded91f76c8f6b91ad6f55,Indiana,current_state,NA,Questionnaire,NA,other_non_err_detection,NA,NA,NA,NA,No,28,45
Group_2,f85bc6d9008a254e9cbda7cab31d0fa9c9cf26c061dded91f76c8f6b91ad6f55,46408,current_zipcode,NA,Questionnaire,NA,other_non_err_detection,NA,NA,NA,NA,No,29,45
Group_2,f85bc6d9008a254e9cbda7cab31d0fa9c9cf26c061dded91f76c8f6b91ad6f55,NA,same_state_5_year_no,NA,Questionnaire,NA,other_non_err_detection,NA,NA,NA,NA,No,30,45
Group_2,f85bc6d9008a254e9cbda7cab31d0fa9c9cf26c061dded91f76c8f6b91ad6f55,38,age,NA,Questionnaire,NA,other_non_err_detection,NA,NA,NA,NA,No,31,45
Group_2,f85bc6d9008a254e9cbda7cab31d0fa9c9cf26c061dded91f76c8f6b91ad6f55,NA,diseaseDetail,NA,Questionnaire,NA,other_non_err_detection,NA,NA,NA,NA,No,32,45
Group_2,f85bc6d9008a254e9cbda7cab31d0fa9c9cf26c061dded91f76c8f6b91ad6f55,A shorter time frame of the study or multiple listens during the first trivia question if possible and it wouldn't affect the data analytics.,suggestions_improvement,NA,Questionnaire,NA,other_non_err_detection,NA,NA,NA,NA,No,33,45
Group_2,f85bc6d9008a254e9cbda7cab31d0fa9c9cf26c061dded91f76c8f6b91ad6f55,No,technical_issues,NA,Questionnaire,NA,other_non_err_detection,NA,NA,NA,NA,No,34,45
