group_id,participant_id,response_value,stimuli_presented,stimulus_files_presented,block,item_base,item_type,condition,nonphon_err_type,phon_err_details,answer,second_attempt_used,trial_num_sequential
Group_1,02f23c1765769744bf2212dabbeffcfc67c50b537ac1676a4bf20c66cb2f980c,Female,gender,NA,Questionnaire,NA,other_non_trivia,NA,NA,NA,NA,No,1
Group_1,02f23c1765769744bf2212dabbeffcfc67c50b537ac1676a4bf20c66cb2f980c,['White'],race/ethnicity,NA,Questionnaire,NA,other_non_trivia,NA,NA,NA,NA,No,2
Group_1,02f23c1765769744bf2212dabbeffcfc67c50b537ac1676a4bf20c66cb2f980c,2- or 4-year college degree,highest_level_edu,NA,Questionnaire,NA,other_non_trivia,NA,NA,NA,NA,No,3
Group_1,02f23c1765769744bf2212dabbeffcfc67c50b537ac1676a4bf20c66cb2f980c,['English'],native_language,NA,Questionnaire,NA,other_non_trivia,NA,NA,NA,NA,No,4
Group_1,02f23c1765769744bf2212dabbeffcfc67c50b537ac1676a4bf20c66cb2f980c,Yes,same_state_5_year,NA,Questionnaire,NA,other_non_trivia,NA,NA,NA,NA,No,5
Group_1,02f23c1765769744bf2212dabbeffcfc67c50b537ac1676a4bf20c66cb2f980c,This doesn't apply to me becuase I answered 'No' previously,same_state_5_year_yes,NA,Questionnaire,NA,other_non_trivia,NA,NA,NA,NA,No,6
Group_1,02f23c1765769744bf2212dabbeffcfc67c50b537ac1676a4bf20c66cb2f980c,Right,handedness,NA,Questionnaire,NA,other_non_trivia,NA,NA,NA,NA,No,7
Group_1,02f23c1765769744bf2212dabbeffcfc67c50b537ac1676a4bf20c66cb2f980c,No,hearing,NA,Questionnaire,NA,other_non_trivia,NA,NA,NA,NA,No,8
Group_1,02f23c1765769744bf2212dabbeffcfc67c50b537ac1676a4bf20c66cb2f980c,No,vision,NA,Questionnaire,NA,other_non_trivia,NA,NA,NA,NA,No,9
Group_1,02f23c1765769744bf2212dabbeffcfc67c50b537ac1676a4bf20c66cb2f980c,No,langDis,NA,Questionnaire,NA,other_non_trivia,NA,NA,NA,NA,No,10
Group_1,02f23c1765769744bf2212dabbeffcfc67c50b537ac1676a4bf20c66cb2f980c,No,learnDis,NA,Questionnaire,NA,other_non_trivia,NA,NA,NA,NA,No,11
Group_1,02f23c1765769744bf2212dabbeffcfc67c50b537ac1676a4bf20c66cb2f980c,Yes,attention,NA,Questionnaire,NA,other_non_trivia,NA,NA,NA,NA,No,12
Group_1,02f23c1765769744bf2212dabbeffcfc67c50b537ac1676a4bf20c66cb2f980c,No,headInjury,NA,Questionnaire,NA,other_non_trivia,NA,NA,NA,NA,No,13
Group_1,02f23c1765769744bf2212dabbeffcfc67c50b537ac1676a4bf20c66cb2f980c,No,neuroImpair,NA,Questionnaire,NA,other_non_trivia,NA,NA,NA,NA,No,14
Group_1,02f23c1765769744bf2212dabbeffcfc67c50b537ac1676a4bf20c66cb2f980c,No,household_accent,NA,Questionnaire,NA,other_non_trivia,NA,NA,NA,NA,No,15
Group_1,02f23c1765769744bf2212dabbeffcfc67c50b537ac1676a4bf20c66cb2f980c,No,current_accent,NA,Questionnaire,NA,other_non_trivia,NA,NA,NA,NA,No,16
Group_1,02f23c1765769744bf2212dabbeffcfc67c50b537ac1676a4bf20c66cb2f980c,Never,exposure_spanish,NA,Questionnaire,NA,other_non_trivia,NA,NA,NA,NA,No,17
Group_1,02f23c1765769744bf2212dabbeffcfc67c50b537ac1676a4bf20c66cb2f980c,Never,exposure_spanish_accent,NA,Questionnaire,NA,other_non_trivia,NA,NA,NA,NA,No,18
Group_1,02f23c1765769744bf2212dabbeffcfc67c50b537ac1676a4bf20c66cb2f980c,23,age,NA,Questionnaire,NA,other_non_trivia,NA,NA,NA,NA,No,19
Group_1,02f23c1765769744bf2212dabbeffcfc67c50b537ac1676a4bf20c66cb2f980c,Virginia,origin_state,NA,Questionnaire,NA,other_non_trivia,NA,NA,NA,NA,No,20
Group_1,02f23c1765769744bf2212dabbeffcfc67c50b537ac1676a4bf20c66cb2f980c,23236,origin_zipcode,NA,Questionnaire,NA,other_non_trivia,NA,NA,NA,NA,No,21
Group_1,02f23c1765769744bf2212dabbeffcfc67c50b537ac1676a4bf20c66cb2f980c,Virginia,current_state,NA,Questionnaire,NA,other_non_trivia,NA,NA,NA,NA,No,22
Group_1,02f23c1765769744bf2212dabbeffcfc67c50b537ac1676a4bf20c66cb2f980c,23236,current_zipcode,NA,Questionnaire,NA,other_non_trivia,NA,NA,NA,NA,No,23
Group_1,02f23c1765769744bf2212dabbeffcfc67c50b537ac1676a4bf20c66cb2f980c,NA,same_state_5_year_no,NA,Questionnaire,NA,other_non_trivia,NA,NA,NA,NA,No,24
Group_1,02f23c1765769744bf2212dabbeffcfc67c50b537ac1676a4bf20c66cb2f980c,ADHD (currently medicated),diseaseDetail,NA,Questionnaire,NA,other_non_trivia,NA,NA,NA,NA,No,25
Group_1,02f23c1765769744bf2212dabbeffcfc67c50b537ac1676a4bf20c66cb2f980c,"my mom, American; my sister, American; my friend, American",most_frequent_accent,NA,Questionnaire,NA,other_non_trivia,NA,NA,NA,NA,No,26
Group_1,02f23c1765769744bf2212dabbeffcfc67c50b537ac1676a4bf20c66cb2f980c,I took several years of Spanish in high school and have tried to start relearning it again (but am not fluent at all).,additional_language_experience,NA,Questionnaire,NA,other_non_trivia,NA,NA,NA,NA,No,27
Group_1,04aeb1c2eb913dd61c444bb893023ea877f57e964e67697c6dbaa53f83694e80,Male,gender,NA,Questionnaire,NA,other_non_trivia,NA,NA,NA,NA,No,1
Group_1,04aeb1c2eb913dd61c444bb893023ea877f57e964e67697c6dbaa53f83694e80,['White'],race/ethnicity,NA,Questionnaire,NA,other_non_trivia,NA,NA,NA,NA,No,2
Group_1,04aeb1c2eb913dd61c444bb893023ea877f57e964e67697c6dbaa53f83694e80,High school,highest_level_edu,NA,Questionnaire,NA,other_non_trivia,NA,NA,NA,NA,No,3
Group_1,04aeb1c2eb913dd61c444bb893023ea877f57e964e67697c6dbaa53f83694e80,['English'],native_language,NA,Questionnaire,NA,other_non_trivia,NA,NA,NA,NA,No,4
Group_1,04aeb1c2eb913dd61c444bb893023ea877f57e964e67697c6dbaa53f83694e80,Yes,same_state_5_year,NA,Questionnaire,NA,other_non_trivia,NA,NA,NA,NA,No,5
Group_1,04aeb1c2eb913dd61c444bb893023ea877f57e964e67697c6dbaa53f83694e80,Yes,same_state_5_year_yes,NA,Questionnaire,NA,other_non_trivia,NA,NA,NA,NA,No,6
Group_1,04aeb1c2eb913dd61c444bb893023ea877f57e964e67697c6dbaa53f83694e80,Right,handedness,NA,Questionnaire,NA,other_non_trivia,NA,NA,NA,NA,No,7
Group_1,04aeb1c2eb913dd61c444bb893023ea877f57e964e67697c6dbaa53f83694e80,No,hearing,NA,Questionnaire,NA,other_non_trivia,NA,NA,NA,NA,No,8
Group_1,04aeb1c2eb913dd61c444bb893023ea877f57e964e67697c6dbaa53f83694e80,No,vision,NA,Questionnaire,NA,other_non_trivia,NA,NA,NA,NA,No,9
Group_1,04aeb1c2eb913dd61c444bb893023ea877f57e964e67697c6dbaa53f83694e80,No,langDis,NA,Questionnaire,NA,other_non_trivia,NA,NA,NA,NA,No,10
Group_1,04aeb1c2eb913dd61c444bb893023ea877f57e964e67697c6dbaa53f83694e80,No,learnDis,NA,Questionnaire,NA,other_non_trivia,NA,NA,NA,NA,No,11
Group_1,04aeb1c2eb913dd61c444bb893023ea877f57e964e67697c6dbaa53f83694e80,No,attention,NA,Questionnaire,NA,other_non_trivia,NA,NA,NA,NA,No,12
Group_1,04aeb1c2eb913dd61c444bb893023ea877f57e964e67697c6dbaa53f83694e80,No,headInjury,NA,Questionnaire,NA,other_non_trivia,NA,NA,NA,NA,No,13
Group_1,04aeb1c2eb913dd61c444bb893023ea877f57e964e67697c6dbaa53f83694e80,No,neuroImpair,NA,Questionnaire,NA,other_non_trivia,NA,NA,NA,NA,No,14
Group_1,04aeb1c2eb913dd61c444bb893023ea877f57e964e67697c6dbaa53f83694e80,No,household_accent,NA,Questionnaire,NA,other_non_trivia,NA,NA,NA,NA,No,15
Group_1,04aeb1c2eb913dd61c444bb893023ea877f57e964e67697c6dbaa53f83694e80,No,current_accent,NA,Questionnaire,NA,other_non_trivia,NA,NA,NA,NA,No,16
Group_1,04aeb1c2eb913dd61c444bb893023ea877f57e964e67697c6dbaa53f83694e80,Half the time,exposure_spanish,NA,Questionnaire,NA,other_non_trivia,NA,NA,NA,NA,No,17
Group_1,04aeb1c2eb913dd61c444bb893023ea877f57e964e67697c6dbaa53f83694e80,Often,exposure_spanish_accent,NA,Questionnaire,NA,other_non_trivia,NA,NA,NA,NA,No,18
Group_1,04aeb1c2eb913dd61c444bb893023ea877f57e964e67697c6dbaa53f83694e80,23,age,NA,Questionnaire,NA,other_non_trivia,NA,NA,NA,NA,No,19
Group_1,04aeb1c2eb913dd61c444bb893023ea877f57e964e67697c6dbaa53f83694e80,Texas,origin_state,NA,Questionnaire,NA,other_non_trivia,NA,NA,NA,NA,No,20
Group_1,04aeb1c2eb913dd61c444bb893023ea877f57e964e67697c6dbaa53f83694e80,76052,origin_zipcode,NA,Questionnaire,NA,other_non_trivia,NA,NA,NA,NA,No,21
Group_1,04aeb1c2eb913dd61c444bb893023ea877f57e964e67697c6dbaa53f83694e80,Texas,current_state,NA,Questionnaire,NA,other_non_trivia,NA,NA,NA,NA,No,22
Group_1,04aeb1c2eb913dd61c444bb893023ea877f57e964e67697c6dbaa53f83694e80,76052,current_zipcode,NA,Questionnaire,NA,other_non_trivia,NA,NA,NA,NA,No,23
Group_1,04aeb1c2eb913dd61c444bb893023ea877f57e964e67697c6dbaa53f83694e80,NA,same_state_5_year_no,NA,Questionnaire,NA,other_non_trivia,NA,NA,NA,NA,No,24
Group_1,04aeb1c2eb913dd61c444bb893023ea877f57e964e67697c6dbaa53f83694e80,NA,diseaseDetail,NA,Questionnaire,NA,other_non_trivia,NA,NA,NA,NA,No,25
Group_1,04aeb1c2eb913dd61c444bb893023ea877f57e964e67697c6dbaa53f83694e80,NA,most_frequent_accent,NA,Questionnaire,NA,other_non_trivia,NA,NA,NA,NA,No,26
Group_1,04aeb1c2eb913dd61c444bb893023ea877f57e964e67697c6dbaa53f83694e80,NA,additional_language_experience,NA,Questionnaire,NA,other_non_trivia,NA,NA,NA,NA,No,27
Group_3,0a7e93c8a9fef5f45f7261c9d427e62ccec3132846a5cc1a248083a62df4c256,Male,gender,NA,Questionnaire,NA,other_non_trivia,NA,NA,NA,NA,No,1
Group_3,0a7e93c8a9fef5f45f7261c9d427e62ccec3132846a5cc1a248083a62df4c256,['White'],race/ethnicity,NA,Questionnaire,NA,other_non_trivia,NA,NA,NA,NA,No,2
Group_3,0a7e93c8a9fef5f45f7261c9d427e62ccec3132846a5cc1a248083a62df4c256,2- or 4-year college degree,highest_level_edu,NA,Questionnaire,NA,other_non_trivia,NA,NA,NA,NA,No,3
Group_3,0a7e93c8a9fef5f45f7261c9d427e62ccec3132846a5cc1a248083a62df4c256,['English'],native_language,NA,Questionnaire,NA,other_non_trivia,NA,NA,NA,NA,No,4
Group_3,0a7e93c8a9fef5f45f7261c9d427e62ccec3132846a5cc1a248083a62df4c256,Yes,same_state_5_year,NA,Questionnaire,NA,other_non_trivia,NA,NA,NA,NA,No,5
Group_3,0a7e93c8a9fef5f45f7261c9d427e62ccec3132846a5cc1a248083a62df4c256,This doesn't apply to me becuase I answered 'No' previously,same_state_5_year_yes,NA,Questionnaire,NA,other_non_trivia,NA,NA,NA,NA,No,6
Group_3,0a7e93c8a9fef5f45f7261c9d427e62ccec3132846a5cc1a248083a62df4c256,Right,handedness,NA,Questionnaire,NA,other_non_trivia,NA,NA,NA,NA,No,7
Group_3,0a7e93c8a9fef5f45f7261c9d427e62ccec3132846a5cc1a248083a62df4c256,No,hearing,NA,Questionnaire,NA,other_non_trivia,NA,NA,NA,NA,No,8
Group_3,0a7e93c8a9fef5f45f7261c9d427e62ccec3132846a5cc1a248083a62df4c256,Yes,vision,NA,Questionnaire,NA,other_non_trivia,NA,NA,NA,NA,No,9
Group_3,0a7e93c8a9fef5f45f7261c9d427e62ccec3132846a5cc1a248083a62df4c256,No,langDis,NA,Questionnaire,NA,other_non_trivia,NA,NA,NA,NA,No,10
Group_3,0a7e93c8a9fef5f45f7261c9d427e62ccec3132846a5cc1a248083a62df4c256,No,learnDis,NA,Questionnaire,NA,other_non_trivia,NA,NA,NA,NA,No,11
Group_3,0a7e93c8a9fef5f45f7261c9d427e62ccec3132846a5cc1a248083a62df4c256,No,attention,NA,Questionnaire,NA,other_non_trivia,NA,NA,NA,NA,No,12
Group_3,0a7e93c8a9fef5f45f7261c9d427e62ccec3132846a5cc1a248083a62df4c256,No,headInjury,NA,Questionnaire,NA,other_non_trivia,NA,NA,NA,NA,No,13
Group_3,0a7e93c8a9fef5f45f7261c9d427e62ccec3132846a5cc1a248083a62df4c256,No,neuroImpair,NA,Questionnaire,NA,other_non_trivia,NA,NA,NA,NA,No,14
Group_3,0a7e93c8a9fef5f45f7261c9d427e62ccec3132846a5cc1a248083a62df4c256,No,household_accent,NA,Questionnaire,NA,other_non_trivia,NA,NA,NA,NA,No,15
Group_3,0a7e93c8a9fef5f45f7261c9d427e62ccec3132846a5cc1a248083a62df4c256,No,current_accent,NA,Questionnaire,NA,other_non_trivia,NA,NA,NA,NA,No,16
Group_3,0a7e93c8a9fef5f45f7261c9d427e62ccec3132846a5cc1a248083a62df4c256,Sometimes,exposure_spanish,NA,Questionnaire,NA,other_non_trivia,NA,NA,NA,NA,No,17
Group_3,0a7e93c8a9fef5f45f7261c9d427e62ccec3132846a5cc1a248083a62df4c256,Sometimes,exposure_spanish_accent,NA,Questionnaire,NA,other_non_trivia,NA,NA,NA,NA,No,18
Group_3,0a7e93c8a9fef5f45f7261c9d427e62ccec3132846a5cc1a248083a62df4c256,36,age,NA,Questionnaire,NA,other_non_trivia,NA,NA,NA,NA,No,19
Group_3,0a7e93c8a9fef5f45f7261c9d427e62ccec3132846a5cc1a248083a62df4c256,Ohio,origin_state,NA,Questionnaire,NA,other_non_trivia,NA,NA,NA,NA,No,20
Group_3,0a7e93c8a9fef5f45f7261c9d427e62ccec3132846a5cc1a248083a62df4c256,43056,origin_zipcode,NA,Questionnaire,NA,other_non_trivia,NA,NA,NA,NA,No,21
Group_3,0a7e93c8a9fef5f45f7261c9d427e62ccec3132846a5cc1a248083a62df4c256,Ohio,current_state,NA,Questionnaire,NA,other_non_trivia,NA,NA,NA,NA,No,22
Group_3,0a7e93c8a9fef5f45f7261c9d427e62ccec3132846a5cc1a248083a62df4c256,43055,current_zipcode,NA,Questionnaire,NA,other_non_trivia,NA,NA,NA,NA,No,23
Group_3,0a7e93c8a9fef5f45f7261c9d427e62ccec3132846a5cc1a248083a62df4c256,NA,same_state_5_year_no,NA,Questionnaire,NA,other_non_trivia,NA,NA,NA,NA,No,24
Group_3,0a7e93c8a9fef5f45f7261c9d427e62ccec3132846a5cc1a248083a62df4c256,Cerebral Palsy,diseaseDetail,NA,Questionnaire,NA,other_non_trivia,NA,NA,NA,NA,No,25
Group_3,0a7e93c8a9fef5f45f7261c9d427e62ccec3132846a5cc1a248083a62df4c256,"American, Midwestern(American)",most_frequent_accent,NA,Questionnaire,NA,other_non_trivia,NA,NA,NA,NA,No,26
Group_3,0a7e93c8a9fef5f45f7261c9d427e62ccec3132846a5cc1a248083a62df4c256,I took two years of  Spanish in high school and four classes in college as part of my history major requiremment.,additional_language_experience,NA,Questionnaire,NA,other_non_trivia,NA,NA,NA,NA,No,27
Group_3,1050ff51dd23dd08b1ea5ff356372665b1a0c04cec0b4147e2b40cc4410fca74,Male,gender,NA,Questionnaire,NA,other_non_trivia,NA,NA,NA,NA,No,1
Group_3,1050ff51dd23dd08b1ea5ff356372665b1a0c04cec0b4147e2b40cc4410fca74,['White'],race/ethnicity,NA,Questionnaire,NA,other_non_trivia,NA,NA,NA,NA,No,2
Group_3,1050ff51dd23dd08b1ea5ff356372665b1a0c04cec0b4147e2b40cc4410fca74,2- or 4-year college degree,highest_level_edu,NA,Questionnaire,NA,other_non_trivia,NA,NA,NA,NA,No,3
Group_3,1050ff51dd23dd08b1ea5ff356372665b1a0c04cec0b4147e2b40cc4410fca74,['English'],native_language,NA,Questionnaire,NA,other_non_trivia,NA,NA,NA,NA,No,4
Group_3,1050ff51dd23dd08b1ea5ff356372665b1a0c04cec0b4147e2b40cc4410fca74,Yes,same_state_5_year,NA,Questionnaire,NA,other_non_trivia,NA,NA,NA,NA,No,5
Group_3,1050ff51dd23dd08b1ea5ff356372665b1a0c04cec0b4147e2b40cc4410fca74,No,same_state_5_year_yes,NA,Questionnaire,NA,other_non_trivia,NA,NA,NA,NA,No,6
Group_3,1050ff51dd23dd08b1ea5ff356372665b1a0c04cec0b4147e2b40cc4410fca74,Right,handedness,NA,Questionnaire,NA,other_non_trivia,NA,NA,NA,NA,No,7
Group_3,1050ff51dd23dd08b1ea5ff356372665b1a0c04cec0b4147e2b40cc4410fca74,No,hearing,NA,Questionnaire,NA,other_non_trivia,NA,NA,NA,NA,No,8
Group_3,1050ff51dd23dd08b1ea5ff356372665b1a0c04cec0b4147e2b40cc4410fca74,No,vision,NA,Questionnaire,NA,other_non_trivia,NA,NA,NA,NA,No,9
Group_3,1050ff51dd23dd08b1ea5ff356372665b1a0c04cec0b4147e2b40cc4410fca74,No,langDis,NA,Questionnaire,NA,other_non_trivia,NA,NA,NA,NA,No,10
Group_3,1050ff51dd23dd08b1ea5ff356372665b1a0c04cec0b4147e2b40cc4410fca74,No,learnDis,NA,Questionnaire,NA,other_non_trivia,NA,NA,NA,NA,No,11
Group_3,1050ff51dd23dd08b1ea5ff356372665b1a0c04cec0b4147e2b40cc4410fca74,No,attention,NA,Questionnaire,NA,other_non_trivia,NA,NA,NA,NA,No,12
Group_3,1050ff51dd23dd08b1ea5ff356372665b1a0c04cec0b4147e2b40cc4410fca74,No,headInjury,NA,Questionnaire,NA,other_non_trivia,NA,NA,NA,NA,No,13
Group_3,1050ff51dd23dd08b1ea5ff356372665b1a0c04cec0b4147e2b40cc4410fca74,No,neuroImpair,NA,Questionnaire,NA,other_non_trivia,NA,NA,NA,NA,No,14
Group_3,1050ff51dd23dd08b1ea5ff356372665b1a0c04cec0b4147e2b40cc4410fca74,No,household_accent,NA,Questionnaire,NA,other_non_trivia,NA,NA,NA,NA,No,15
Group_3,1050ff51dd23dd08b1ea5ff356372665b1a0c04cec0b4147e2b40cc4410fca74,No,current_accent,NA,Questionnaire,NA,other_non_trivia,NA,NA,NA,NA,No,16
Group_3,1050ff51dd23dd08b1ea5ff356372665b1a0c04cec0b4147e2b40cc4410fca74,Sometimes,exposure_spanish,NA,Questionnaire,NA,other_non_trivia,NA,NA,NA,NA,No,17
Group_3,1050ff51dd23dd08b1ea5ff356372665b1a0c04cec0b4147e2b40cc4410fca74,Sometimes,exposure_spanish_accent,NA,Questionnaire,NA,other_non_trivia,NA,NA,NA,NA,No,18
Group_3,1050ff51dd23dd08b1ea5ff356372665b1a0c04cec0b4147e2b40cc4410fca74,38,age,NA,Questionnaire,NA,other_non_trivia,NA,NA,NA,NA,No,19
Group_3,1050ff51dd23dd08b1ea5ff356372665b1a0c04cec0b4147e2b40cc4410fca74,Connecticut,origin_state,NA,Questionnaire,NA,other_non_trivia,NA,NA,NA,NA,No,20
Group_3,1050ff51dd23dd08b1ea5ff356372665b1a0c04cec0b4147e2b40cc4410fca74,06470,origin_zipcode,NA,Questionnaire,NA,other_non_trivia,NA,NA,NA,NA,No,21
Group_3,1050ff51dd23dd08b1ea5ff356372665b1a0c04cec0b4147e2b40cc4410fca74,Nevada,current_state,NA,Questionnaire,NA,other_non_trivia,NA,NA,NA,NA,No,22
Group_3,1050ff51dd23dd08b1ea5ff356372665b1a0c04cec0b4147e2b40cc4410fca74,89101,current_zipcode,NA,Questionnaire,NA,other_non_trivia,NA,NA,NA,NA,No,23
Group_3,1050ff51dd23dd08b1ea5ff356372665b1a0c04cec0b4147e2b40cc4410fca74,NA,same_state_5_year_no,NA,Questionnaire,NA,other_non_trivia,NA,NA,NA,NA,No,24
Group_3,1050ff51dd23dd08b1ea5ff356372665b1a0c04cec0b4147e2b40cc4410fca74,NA,diseaseDetail,NA,Questionnaire,NA,other_non_trivia,NA,NA,NA,NA,No,25
Group_3,1050ff51dd23dd08b1ea5ff356372665b1a0c04cec0b4147e2b40cc4410fca74,American,most_frequent_accent,NA,Questionnaire,NA,other_non_trivia,NA,NA,NA,NA,No,26
Group_3,1050ff51dd23dd08b1ea5ff356372665b1a0c04cec0b4147e2b40cc4410fca74,i learned spanish in highschool,additional_language_experience,NA,Questionnaire,NA,other_non_trivia,NA,NA,NA,NA,No,27
Group_4,13e3c34f715fbfd4525ad43cd301f5a1fdcc749d43775dda84e8a7409a665498,Female,gender,NA,Questionnaire,NA,other_non_trivia,NA,NA,NA,NA,No,1
Group_4,13e3c34f715fbfd4525ad43cd301f5a1fdcc749d43775dda84e8a7409a665498,['Black or African American'],race/ethnicity,NA,Questionnaire,NA,other_non_trivia,NA,NA,NA,NA,No,2
Group_4,13e3c34f715fbfd4525ad43cd301f5a1fdcc749d43775dda84e8a7409a665498,2- or 4-year college degree,highest_level_edu,NA,Questionnaire,NA,other_non_trivia,NA,NA,NA,NA,No,3
Group_4,13e3c34f715fbfd4525ad43cd301f5a1fdcc749d43775dda84e8a7409a665498,['English'],native_language,NA,Questionnaire,NA,other_non_trivia,NA,NA,NA,NA,No,4
Group_4,13e3c34f715fbfd4525ad43cd301f5a1fdcc749d43775dda84e8a7409a665498,Yes,same_state_5_year,NA,Questionnaire,NA,other_non_trivia,NA,NA,NA,NA,No,5
Group_4,13e3c34f715fbfd4525ad43cd301f5a1fdcc749d43775dda84e8a7409a665498,Yes,same_state_5_year_yes,NA,Questionnaire,NA,other_non_trivia,NA,NA,NA,NA,No,6
Group_4,13e3c34f715fbfd4525ad43cd301f5a1fdcc749d43775dda84e8a7409a665498,Right,handedness,NA,Questionnaire,NA,other_non_trivia,NA,NA,NA,NA,No,7
Group_4,13e3c34f715fbfd4525ad43cd301f5a1fdcc749d43775dda84e8a7409a665498,No,hearing,NA,Questionnaire,NA,other_non_trivia,NA,NA,NA,NA,No,8
Group_4,13e3c34f715fbfd4525ad43cd301f5a1fdcc749d43775dda84e8a7409a665498,Yes,vision,NA,Questionnaire,NA,other_non_trivia,NA,NA,NA,NA,No,9
Group_4,13e3c34f715fbfd4525ad43cd301f5a1fdcc749d43775dda84e8a7409a665498,No,langDis,NA,Questionnaire,NA,other_non_trivia,NA,NA,NA,NA,No,10
Group_4,13e3c34f715fbfd4525ad43cd301f5a1fdcc749d43775dda84e8a7409a665498,Yes,learnDis,NA,Questionnaire,NA,other_non_trivia,NA,NA,NA,NA,No,11
Group_4,13e3c34f715fbfd4525ad43cd301f5a1fdcc749d43775dda84e8a7409a665498,Yes,attention,NA,Questionnaire,NA,other_non_trivia,NA,NA,NA,NA,No,12
Group_4,13e3c34f715fbfd4525ad43cd301f5a1fdcc749d43775dda84e8a7409a665498,No,headInjury,NA,Questionnaire,NA,other_non_trivia,NA,NA,NA,NA,No,13
Group_4,13e3c34f715fbfd4525ad43cd301f5a1fdcc749d43775dda84e8a7409a665498,No,neuroImpair,NA,Questionnaire,NA,other_non_trivia,NA,NA,NA,NA,No,14
Group_4,13e3c34f715fbfd4525ad43cd301f5a1fdcc749d43775dda84e8a7409a665498,No,household_accent,NA,Questionnaire,NA,other_non_trivia,NA,NA,NA,NA,No,15
Group_4,13e3c34f715fbfd4525ad43cd301f5a1fdcc749d43775dda84e8a7409a665498,No,current_accent,NA,Questionnaire,NA,other_non_trivia,NA,NA,NA,NA,No,16
Group_4,13e3c34f715fbfd4525ad43cd301f5a1fdcc749d43775dda84e8a7409a665498,Sometimes,exposure_spanish,NA,Questionnaire,NA,other_non_trivia,NA,NA,NA,NA,No,17
Group_4,13e3c34f715fbfd4525ad43cd301f5a1fdcc749d43775dda84e8a7409a665498,Sometimes,exposure_spanish_accent,NA,Questionnaire,NA,other_non_trivia,NA,NA,NA,NA,No,18
Group_4,13e3c34f715fbfd4525ad43cd301f5a1fdcc749d43775dda84e8a7409a665498,28,age,NA,Questionnaire,NA,other_non_trivia,NA,NA,NA,NA,No,19
Group_4,13e3c34f715fbfd4525ad43cd301f5a1fdcc749d43775dda84e8a7409a665498,North Carolina,origin_state,NA,Questionnaire,NA,other_non_trivia,NA,NA,NA,NA,No,20
Group_4,13e3c34f715fbfd4525ad43cd301f5a1fdcc749d43775dda84e8a7409a665498,27924,origin_zipcode,NA,Questionnaire,NA,other_non_trivia,NA,NA,NA,NA,No,21
Group_4,13e3c34f715fbfd4525ad43cd301f5a1fdcc749d43775dda84e8a7409a665498,North Carolina,current_state,NA,Questionnaire,NA,other_non_trivia,NA,NA,NA,NA,No,22
Group_4,13e3c34f715fbfd4525ad43cd301f5a1fdcc749d43775dda84e8a7409a665498,27610,current_zipcode,NA,Questionnaire,NA,other_non_trivia,NA,NA,NA,NA,No,23
Group_4,13e3c34f715fbfd4525ad43cd301f5a1fdcc749d43775dda84e8a7409a665498,NA,same_state_5_year_no,NA,Questionnaire,NA,other_non_trivia,NA,NA,NA,NA,No,24
Group_4,13e3c34f715fbfd4525ad43cd301f5a1fdcc749d43775dda84e8a7409a665498,"ADHD, myopia",diseaseDetail,NA,Questionnaire,NA,other_non_trivia,NA,NA,NA,NA,No,25
Group_4,13e3c34f715fbfd4525ad43cd301f5a1fdcc749d43775dda84e8a7409a665498,"Standard American/Canadian, Southern American,
AAVE",most_frequent_accent,NA,Questionnaire,NA,other_non_trivia,NA,NA,NA,NA,No,26
Group_4,13e3c34f715fbfd4525ad43cd301f5a1fdcc749d43775dda84e8a7409a665498,I am level B2 in Spanish and I grew up around Latinos,additional_language_experience,NA,Questionnaire,NA,other_non_trivia,NA,NA,NA,NA,No,27
Group_3,1534ed3badfbec1adf21b784d8177f834f853d8cb0c265b46acc68d9d727b09d,Female,gender,NA,Questionnaire,NA,other_non_trivia,NA,NA,NA,NA,No,1
Group_3,1534ed3badfbec1adf21b784d8177f834f853d8cb0c265b46acc68d9d727b09d,['White'],race/ethnicity,NA,Questionnaire,NA,other_non_trivia,NA,NA,NA,NA,No,2
Group_3,1534ed3badfbec1adf21b784d8177f834f853d8cb0c265b46acc68d9d727b09d,Some college,highest_level_edu,NA,Questionnaire,NA,other_non_trivia,NA,NA,NA,NA,No,3
Group_3,1534ed3badfbec1adf21b784d8177f834f853d8cb0c265b46acc68d9d727b09d,['English'],native_language,NA,Questionnaire,NA,other_non_trivia,NA,NA,NA,NA,No,4
Group_3,1534ed3badfbec1adf21b784d8177f834f853d8cb0c265b46acc68d9d727b09d,No,same_state_5_year,NA,Questionnaire,NA,other_non_trivia,NA,NA,NA,NA,No,5
Group_3,1534ed3badfbec1adf21b784d8177f834f853d8cb0c265b46acc68d9d727b09d,No,same_state_5_year_yes,NA,Questionnaire,NA,other_non_trivia,NA,NA,NA,NA,No,6
Group_3,1534ed3badfbec1adf21b784d8177f834f853d8cb0c265b46acc68d9d727b09d,Right,handedness,NA,Questionnaire,NA,other_non_trivia,NA,NA,NA,NA,No,7
Group_3,1534ed3badfbec1adf21b784d8177f834f853d8cb0c265b46acc68d9d727b09d,No,hearing,NA,Questionnaire,NA,other_non_trivia,NA,NA,NA,NA,No,8
Group_3,1534ed3badfbec1adf21b784d8177f834f853d8cb0c265b46acc68d9d727b09d,No,vision,NA,Questionnaire,NA,other_non_trivia,NA,NA,NA,NA,No,9
Group_3,1534ed3badfbec1adf21b784d8177f834f853d8cb0c265b46acc68d9d727b09d,No,langDis,NA,Questionnaire,NA,other_non_trivia,NA,NA,NA,NA,No,10
Group_3,1534ed3badfbec1adf21b784d8177f834f853d8cb0c265b46acc68d9d727b09d,No,learnDis,NA,Questionnaire,NA,other_non_trivia,NA,NA,NA,NA,No,11
Group_3,1534ed3badfbec1adf21b784d8177f834f853d8cb0c265b46acc68d9d727b09d,No,attention,NA,Questionnaire,NA,other_non_trivia,NA,NA,NA,NA,No,12
Group_3,1534ed3badfbec1adf21b784d8177f834f853d8cb0c265b46acc68d9d727b09d,No,headInjury,NA,Questionnaire,NA,other_non_trivia,NA,NA,NA,NA,No,13
Group_3,1534ed3badfbec1adf21b784d8177f834f853d8cb0c265b46acc68d9d727b09d,No,neuroImpair,NA,Questionnaire,NA,other_non_trivia,NA,NA,NA,NA,No,14
Group_3,1534ed3badfbec1adf21b784d8177f834f853d8cb0c265b46acc68d9d727b09d,No,household_accent,NA,Questionnaire,NA,other_non_trivia,NA,NA,NA,NA,No,15
Group_3,1534ed3badfbec1adf21b784d8177f834f853d8cb0c265b46acc68d9d727b09d,No,current_accent,NA,Questionnaire,NA,other_non_trivia,NA,NA,NA,NA,No,16
Group_3,1534ed3badfbec1adf21b784d8177f834f853d8cb0c265b46acc68d9d727b09d,Never,exposure_spanish,NA,Questionnaire,NA,other_non_trivia,NA,NA,NA,NA,No,17
Group_3,1534ed3badfbec1adf21b784d8177f834f853d8cb0c265b46acc68d9d727b09d,Never,exposure_spanish_accent,NA,Questionnaire,NA,other_non_trivia,NA,NA,NA,NA,No,18
Group_3,1534ed3badfbec1adf21b784d8177f834f853d8cb0c265b46acc68d9d727b09d,45,age,NA,Questionnaire,NA,other_non_trivia,NA,NA,NA,NA,No,19
Group_3,1534ed3badfbec1adf21b784d8177f834f853d8cb0c265b46acc68d9d727b09d,Minnesota,origin_state,NA,Questionnaire,NA,other_non_trivia,NA,NA,NA,NA,No,20
Group_3,1534ed3badfbec1adf21b784d8177f834f853d8cb0c265b46acc68d9d727b09d,55746,origin_zipcode,NA,Questionnaire,NA,other_non_trivia,NA,NA,NA,NA,No,21
Group_3,1534ed3badfbec1adf21b784d8177f834f853d8cb0c265b46acc68d9d727b09d,Arizona,current_state,NA,Questionnaire,NA,other_non_trivia,NA,NA,NA,NA,No,22
Group_3,1534ed3badfbec1adf21b784d8177f834f853d8cb0c265b46acc68d9d727b09d,86409,current_zipcode,NA,Questionnaire,NA,other_non_trivia,NA,NA,NA,NA,No,23
Group_3,1534ed3badfbec1adf21b784d8177f834f853d8cb0c265b46acc68d9d727b09d,California and Arizona,same_state_5_year_no,NA,Questionnaire,NA,other_non_trivia,NA,NA,NA,NA,No,24
Group_3,1534ed3badfbec1adf21b784d8177f834f853d8cb0c265b46acc68d9d727b09d,NA,diseaseDetail,NA,Questionnaire,NA,other_non_trivia,NA,NA,NA,NA,No,25
Group_3,1534ed3badfbec1adf21b784d8177f834f853d8cb0c265b46acc68d9d727b09d,"Five close friends I speak with daily all in English language- American, British, Turkish, Austrian, and Romanian",most_frequent_accent,NA,Questionnaire,NA,other_non_trivia,NA,NA,NA,NA,No,26
Group_3,1534ed3badfbec1adf21b784d8177f834f853d8cb0c265b46acc68d9d727b09d,"I have had many, many friends over the years that speak with heavy accents from all over the world, worked with some Spanish speakers about 15 years ago for several months.",additional_language_experience,NA,Questionnaire,NA,other_non_trivia,NA,NA,NA,NA,No,27
Group_1,16198ec2d61bd3acf1d6e990d95fcceacf29d69d0ae0e1beacbb359b2c42b1f7,Female,gender,NA,Questionnaire,NA,other_non_trivia,NA,NA,NA,NA,No,1
Group_1,16198ec2d61bd3acf1d6e990d95fcceacf29d69d0ae0e1beacbb359b2c42b1f7,['White'],race/ethnicity,NA,Questionnaire,NA,other_non_trivia,NA,NA,NA,NA,No,2
Group_1,16198ec2d61bd3acf1d6e990d95fcceacf29d69d0ae0e1beacbb359b2c42b1f7,Some college,highest_level_edu,NA,Questionnaire,NA,other_non_trivia,NA,NA,NA,NA,No,3
Group_1,16198ec2d61bd3acf1d6e990d95fcceacf29d69d0ae0e1beacbb359b2c42b1f7,['English'],native_language,NA,Questionnaire,NA,other_non_trivia,NA,NA,NA,NA,No,4
Group_1,16198ec2d61bd3acf1d6e990d95fcceacf29d69d0ae0e1beacbb359b2c42b1f7,Yes,same_state_5_year,NA,Questionnaire,NA,other_non_trivia,NA,NA,NA,NA,No,5
Group_1,16198ec2d61bd3acf1d6e990d95fcceacf29d69d0ae0e1beacbb359b2c42b1f7,Yes,same_state_5_year_yes,NA,Questionnaire,NA,other_non_trivia,NA,NA,NA,NA,No,6
Group_1,16198ec2d61bd3acf1d6e990d95fcceacf29d69d0ae0e1beacbb359b2c42b1f7,Right,handedness,NA,Questionnaire,NA,other_non_trivia,NA,NA,NA,NA,No,7
Group_1,16198ec2d61bd3acf1d6e990d95fcceacf29d69d0ae0e1beacbb359b2c42b1f7,No,hearing,NA,Questionnaire,NA,other_non_trivia,NA,NA,NA,NA,No,8
Group_1,16198ec2d61bd3acf1d6e990d95fcceacf29d69d0ae0e1beacbb359b2c42b1f7,No,vision,NA,Questionnaire,NA,other_non_trivia,NA,NA,NA,NA,No,9
Group_1,16198ec2d61bd3acf1d6e990d95fcceacf29d69d0ae0e1beacbb359b2c42b1f7,No,langDis,NA,Questionnaire,NA,other_non_trivia,NA,NA,NA,NA,No,10
Group_1,16198ec2d61bd3acf1d6e990d95fcceacf29d69d0ae0e1beacbb359b2c42b1f7,No,learnDis,NA,Questionnaire,NA,other_non_trivia,NA,NA,NA,NA,No,11
Group_1,16198ec2d61bd3acf1d6e990d95fcceacf29d69d0ae0e1beacbb359b2c42b1f7,No,attention,NA,Questionnaire,NA,other_non_trivia,NA,NA,NA,NA,No,12
Group_1,16198ec2d61bd3acf1d6e990d95fcceacf29d69d0ae0e1beacbb359b2c42b1f7,No,headInjury,NA,Questionnaire,NA,other_non_trivia,NA,NA,NA,NA,No,13
Group_1,16198ec2d61bd3acf1d6e990d95fcceacf29d69d0ae0e1beacbb359b2c42b1f7,No,neuroImpair,NA,Questionnaire,NA,other_non_trivia,NA,NA,NA,NA,No,14
Group_1,16198ec2d61bd3acf1d6e990d95fcceacf29d69d0ae0e1beacbb359b2c42b1f7,No,household_accent,NA,Questionnaire,NA,other_non_trivia,NA,NA,NA,NA,No,15
Group_1,16198ec2d61bd3acf1d6e990d95fcceacf29d69d0ae0e1beacbb359b2c42b1f7,No,current_accent,NA,Questionnaire,NA,other_non_trivia,NA,NA,NA,NA,No,16
Group_1,16198ec2d61bd3acf1d6e990d95fcceacf29d69d0ae0e1beacbb359b2c42b1f7,Sometimes,exposure_spanish,NA,Questionnaire,NA,other_non_trivia,NA,NA,NA,NA,No,17
Group_1,16198ec2d61bd3acf1d6e990d95fcceacf29d69d0ae0e1beacbb359b2c42b1f7,Half the time,exposure_spanish_accent,NA,Questionnaire,NA,other_non_trivia,NA,NA,NA,NA,No,18
Group_1,16198ec2d61bd3acf1d6e990d95fcceacf29d69d0ae0e1beacbb359b2c42b1f7,41,age,NA,Questionnaire,NA,other_non_trivia,NA,NA,NA,NA,No,19
Group_1,16198ec2d61bd3acf1d6e990d95fcceacf29d69d0ae0e1beacbb359b2c42b1f7,Missouri,origin_state,NA,Questionnaire,NA,other_non_trivia,NA,NA,NA,NA,No,20
Group_1,16198ec2d61bd3acf1d6e990d95fcceacf29d69d0ae0e1beacbb359b2c42b1f7,"Savannah, Missouri",origin_zipcode,NA,Questionnaire,NA,other_non_trivia,NA,NA,NA,NA,No,21
Group_1,16198ec2d61bd3acf1d6e990d95fcceacf29d69d0ae0e1beacbb359b2c42b1f7,Texas,current_state,NA,Questionnaire,NA,other_non_trivia,NA,NA,NA,NA,No,22
Group_1,16198ec2d61bd3acf1d6e990d95fcceacf29d69d0ae0e1beacbb359b2c42b1f7,78216,current_zipcode,NA,Questionnaire,NA,other_non_trivia,NA,NA,NA,NA,No,23
Group_1,16198ec2d61bd3acf1d6e990d95fcceacf29d69d0ae0e1beacbb359b2c42b1f7,NA,same_state_5_year_no,NA,Questionnaire,NA,other_non_trivia,NA,NA,NA,NA,No,24
Group_1,16198ec2d61bd3acf1d6e990d95fcceacf29d69d0ae0e1beacbb359b2c42b1f7,NA,diseaseDetail,NA,Questionnaire,NA,other_non_trivia,NA,NA,NA,NA,No,25
Group_1,16198ec2d61bd3acf1d6e990d95fcceacf29d69d0ae0e1beacbb359b2c42b1f7,"Either American, or mexican spanish",most_frequent_accent,NA,Questionnaire,NA,other_non_trivia,NA,NA,NA,NA,No,26
Group_1,16198ec2d61bd3acf1d6e990d95fcceacf29d69d0ae0e1beacbb359b2c42b1f7,NA,additional_language_experience,NA,Questionnaire,NA,other_non_trivia,NA,NA,NA,NA,No,27
Group_2,19bc3e2ffb5de17204f99292f3271aeccb77a54c6361a1d7d3309e05ee25e3e9,Female,gender,NA,Questionnaire,NA,other_non_trivia,NA,NA,NA,NA,No,1
Group_2,19bc3e2ffb5de17204f99292f3271aeccb77a54c6361a1d7d3309e05ee25e3e9,['White'],race/ethnicity,NA,Questionnaire,NA,other_non_trivia,NA,NA,NA,NA,No,2
Group_2,19bc3e2ffb5de17204f99292f3271aeccb77a54c6361a1d7d3309e05ee25e3e9,2- or 4-year college degree,highest_level_edu,NA,Questionnaire,NA,other_non_trivia,NA,NA,NA,NA,No,3
Group_2,19bc3e2ffb5de17204f99292f3271aeccb77a54c6361a1d7d3309e05ee25e3e9,['English'],native_language,NA,Questionnaire,NA,other_non_trivia,NA,NA,NA,NA,No,4
Group_2,19bc3e2ffb5de17204f99292f3271aeccb77a54c6361a1d7d3309e05ee25e3e9,Yes,same_state_5_year,NA,Questionnaire,NA,other_non_trivia,NA,NA,NA,NA,No,5
Group_2,19bc3e2ffb5de17204f99292f3271aeccb77a54c6361a1d7d3309e05ee25e3e9,This doesn't apply to me becuase I answered 'No' previously,same_state_5_year_yes,NA,Questionnaire,NA,other_non_trivia,NA,NA,NA,NA,No,6
Group_2,19bc3e2ffb5de17204f99292f3271aeccb77a54c6361a1d7d3309e05ee25e3e9,Right,handedness,NA,Questionnaire,NA,other_non_trivia,NA,NA,NA,NA,No,7
Group_2,19bc3e2ffb5de17204f99292f3271aeccb77a54c6361a1d7d3309e05ee25e3e9,No,hearing,NA,Questionnaire,NA,other_non_trivia,NA,NA,NA,NA,No,8
Group_2,19bc3e2ffb5de17204f99292f3271aeccb77a54c6361a1d7d3309e05ee25e3e9,No,vision,NA,Questionnaire,NA,other_non_trivia,NA,NA,NA,NA,No,9
Group_2,19bc3e2ffb5de17204f99292f3271aeccb77a54c6361a1d7d3309e05ee25e3e9,No,langDis,NA,Questionnaire,NA,other_non_trivia,NA,NA,NA,NA,No,10
Group_2,19bc3e2ffb5de17204f99292f3271aeccb77a54c6361a1d7d3309e05ee25e3e9,No,learnDis,NA,Questionnaire,NA,other_non_trivia,NA,NA,NA,NA,No,11
Group_2,19bc3e2ffb5de17204f99292f3271aeccb77a54c6361a1d7d3309e05ee25e3e9,No,attention,NA,Questionnaire,NA,other_non_trivia,NA,NA,NA,NA,No,12
Group_2,19bc3e2ffb5de17204f99292f3271aeccb77a54c6361a1d7d3309e05ee25e3e9,No,headInjury,NA,Questionnaire,NA,other_non_trivia,NA,NA,NA,NA,No,13
Group_2,19bc3e2ffb5de17204f99292f3271aeccb77a54c6361a1d7d3309e05ee25e3e9,No,neuroImpair,NA,Questionnaire,NA,other_non_trivia,NA,NA,NA,NA,No,14
Group_2,19bc3e2ffb5de17204f99292f3271aeccb77a54c6361a1d7d3309e05ee25e3e9,No,household_accent,NA,Questionnaire,NA,other_non_trivia,NA,NA,NA,NA,No,15
Group_2,19bc3e2ffb5de17204f99292f3271aeccb77a54c6361a1d7d3309e05ee25e3e9,No,current_accent,NA,Questionnaire,NA,other_non_trivia,NA,NA,NA,NA,No,16
Group_2,19bc3e2ffb5de17204f99292f3271aeccb77a54c6361a1d7d3309e05ee25e3e9,Never,exposure_spanish,NA,Questionnaire,NA,other_non_trivia,NA,NA,NA,NA,No,17
Group_2,19bc3e2ffb5de17204f99292f3271aeccb77a54c6361a1d7d3309e05ee25e3e9,Sometimes,exposure_spanish_accent,NA,Questionnaire,NA,other_non_trivia,NA,NA,NA,NA,No,18
Group_2,19bc3e2ffb5de17204f99292f3271aeccb77a54c6361a1d7d3309e05ee25e3e9,34,age,NA,Questionnaire,NA,other_non_trivia,NA,NA,NA,NA,No,19
Group_2,19bc3e2ffb5de17204f99292f3271aeccb77a54c6361a1d7d3309e05ee25e3e9,Maine,origin_state,NA,Questionnaire,NA,other_non_trivia,NA,NA,NA,NA,No,20
Group_2,19bc3e2ffb5de17204f99292f3271aeccb77a54c6361a1d7d3309e05ee25e3e9,04358,origin_zipcode,NA,Questionnaire,NA,other_non_trivia,NA,NA,NA,NA,No,21
Group_2,19bc3e2ffb5de17204f99292f3271aeccb77a54c6361a1d7d3309e05ee25e3e9,Maine,current_state,NA,Questionnaire,NA,other_non_trivia,NA,NA,NA,NA,No,22
Group_2,19bc3e2ffb5de17204f99292f3271aeccb77a54c6361a1d7d3309e05ee25e3e9,04950,current_zipcode,NA,Questionnaire,NA,other_non_trivia,NA,NA,NA,NA,No,23
Group_2,19bc3e2ffb5de17204f99292f3271aeccb77a54c6361a1d7d3309e05ee25e3e9,NA,same_state_5_year_no,NA,Questionnaire,NA,other_non_trivia,NA,NA,NA,NA,No,24
Group_2,19bc3e2ffb5de17204f99292f3271aeccb77a54c6361a1d7d3309e05ee25e3e9,NA,diseaseDetail,NA,Questionnaire,NA,other_non_trivia,NA,NA,NA,NA,No,25
Group_2,19bc3e2ffb5de17204f99292f3271aeccb77a54c6361a1d7d3309e05ee25e3e9,"my husband, American; my son, American; my daughter, American",most_frequent_accent,NA,Questionnaire,NA,other_non_trivia,NA,NA,NA,NA,No,26
Group_2,19bc3e2ffb5de17204f99292f3271aeccb77a54c6361a1d7d3309e05ee25e3e9,I learned some Spanish in middle and high school,additional_language_experience,NA,Questionnaire,NA,other_non_trivia,NA,NA,NA,NA,No,27
Group_3,1f6e74023a5fe1235313f27f7bbe2d67bbfa94f0c51c3f2c8f2d00ff3c5440b2,Female,gender,NA,Questionnaire,NA,other_non_trivia,NA,NA,NA,NA,No,1
Group_3,1f6e74023a5fe1235313f27f7bbe2d67bbfa94f0c51c3f2c8f2d00ff3c5440b2,['White'],race/ethnicity,NA,Questionnaire,NA,other_non_trivia,NA,NA,NA,NA,No,2
Group_3,1f6e74023a5fe1235313f27f7bbe2d67bbfa94f0c51c3f2c8f2d00ff3c5440b2,Master’s degree,highest_level_edu,NA,Questionnaire,NA,other_non_trivia,NA,NA,NA,NA,No,3
Group_3,1f6e74023a5fe1235313f27f7bbe2d67bbfa94f0c51c3f2c8f2d00ff3c5440b2,['English'],native_language,NA,Questionnaire,NA,other_non_trivia,NA,NA,NA,NA,No,4
Group_3,1f6e74023a5fe1235313f27f7bbe2d67bbfa94f0c51c3f2c8f2d00ff3c5440b2,Yes,same_state_5_year,NA,Questionnaire,NA,other_non_trivia,NA,NA,NA,NA,No,5
Group_3,1f6e74023a5fe1235313f27f7bbe2d67bbfa94f0c51c3f2c8f2d00ff3c5440b2,Yes,same_state_5_year_yes,NA,Questionnaire,NA,other_non_trivia,NA,NA,NA,NA,No,6
Group_3,1f6e74023a5fe1235313f27f7bbe2d67bbfa94f0c51c3f2c8f2d00ff3c5440b2,Right,handedness,NA,Questionnaire,NA,other_non_trivia,NA,NA,NA,NA,No,7
Group_3,1f6e74023a5fe1235313f27f7bbe2d67bbfa94f0c51c3f2c8f2d00ff3c5440b2,No,hearing,NA,Questionnaire,NA,other_non_trivia,NA,NA,NA,NA,No,8
Group_3,1f6e74023a5fe1235313f27f7bbe2d67bbfa94f0c51c3f2c8f2d00ff3c5440b2,Yes,vision,NA,Questionnaire,NA,other_non_trivia,NA,NA,NA,NA,No,9
Group_3,1f6e74023a5fe1235313f27f7bbe2d67bbfa94f0c51c3f2c8f2d00ff3c5440b2,No,langDis,NA,Questionnaire,NA,other_non_trivia,NA,NA,NA,NA,No,10
Group_3,1f6e74023a5fe1235313f27f7bbe2d67bbfa94f0c51c3f2c8f2d00ff3c5440b2,No,learnDis,NA,Questionnaire,NA,other_non_trivia,NA,NA,NA,NA,No,11
Group_3,1f6e74023a5fe1235313f27f7bbe2d67bbfa94f0c51c3f2c8f2d00ff3c5440b2,No,attention,NA,Questionnaire,NA,other_non_trivia,NA,NA,NA,NA,No,12
Group_3,1f6e74023a5fe1235313f27f7bbe2d67bbfa94f0c51c3f2c8f2d00ff3c5440b2,No,headInjury,NA,Questionnaire,NA,other_non_trivia,NA,NA,NA,NA,No,13
Group_3,1f6e74023a5fe1235313f27f7bbe2d67bbfa94f0c51c3f2c8f2d00ff3c5440b2,No,neuroImpair,NA,Questionnaire,NA,other_non_trivia,NA,NA,NA,NA,No,14
Group_3,1f6e74023a5fe1235313f27f7bbe2d67bbfa94f0c51c3f2c8f2d00ff3c5440b2,No,household_accent,NA,Questionnaire,NA,other_non_trivia,NA,NA,NA,NA,No,15
Group_3,1f6e74023a5fe1235313f27f7bbe2d67bbfa94f0c51c3f2c8f2d00ff3c5440b2,No,current_accent,NA,Questionnaire,NA,other_non_trivia,NA,NA,NA,NA,No,16
Group_3,1f6e74023a5fe1235313f27f7bbe2d67bbfa94f0c51c3f2c8f2d00ff3c5440b2,Sometimes,exposure_spanish,NA,Questionnaire,NA,other_non_trivia,NA,NA,NA,NA,No,17
Group_3,1f6e74023a5fe1235313f27f7bbe2d67bbfa94f0c51c3f2c8f2d00ff3c5440b2,Sometimes,exposure_spanish_accent,NA,Questionnaire,NA,other_non_trivia,NA,NA,NA,NA,No,18
Group_3,1f6e74023a5fe1235313f27f7bbe2d67bbfa94f0c51c3f2c8f2d00ff3c5440b2,40,age,NA,Questionnaire,NA,other_non_trivia,NA,NA,NA,NA,No,19
Group_3,1f6e74023a5fe1235313f27f7bbe2d67bbfa94f0c51c3f2c8f2d00ff3c5440b2,Arkansas,origin_state,NA,Questionnaire,NA,other_non_trivia,NA,NA,NA,NA,No,20
Group_3,1f6e74023a5fe1235313f27f7bbe2d67bbfa94f0c51c3f2c8f2d00ff3c5440b2,72437,origin_zipcode,NA,Questionnaire,NA,other_non_trivia,NA,NA,NA,NA,No,21
Group_3,1f6e74023a5fe1235313f27f7bbe2d67bbfa94f0c51c3f2c8f2d00ff3c5440b2,Arkansas,current_state,NA,Questionnaire,NA,other_non_trivia,NA,NA,NA,NA,No,22
Group_3,1f6e74023a5fe1235313f27f7bbe2d67bbfa94f0c51c3f2c8f2d00ff3c5440b2,72401,current_zipcode,NA,Questionnaire,NA,other_non_trivia,NA,NA,NA,NA,No,23
Group_3,1f6e74023a5fe1235313f27f7bbe2d67bbfa94f0c51c3f2c8f2d00ff3c5440b2,NA,same_state_5_year_no,NA,Questionnaire,NA,other_non_trivia,NA,NA,NA,NA,No,24
Group_3,1f6e74023a5fe1235313f27f7bbe2d67bbfa94f0c51c3f2c8f2d00ff3c5440b2,NA,diseaseDetail,NA,Questionnaire,NA,other_non_trivia,NA,NA,NA,NA,No,25
Group_3,1f6e74023a5fe1235313f27f7bbe2d67bbfa94f0c51c3f2c8f2d00ff3c5440b2,American,most_frequent_accent,NA,Questionnaire,NA,other_non_trivia,NA,NA,NA,NA,No,26
Group_3,1f6e74023a5fe1235313f27f7bbe2d67bbfa94f0c51c3f2c8f2d00ff3c5440b2,Spanish and Japanese,additional_language_experience,NA,Questionnaire,NA,other_non_trivia,NA,NA,NA,NA,No,27
Group_4,2b889c70c6ee5941779fab9172195a8c08bf5de1b5c18d357c1fdc9b44fabf24,Female,gender,NA,Questionnaire,NA,other_non_trivia,NA,NA,NA,NA,No,1
Group_4,2b889c70c6ee5941779fab9172195a8c08bf5de1b5c18d357c1fdc9b44fabf24,['Black or African American'],race/ethnicity,NA,Questionnaire,NA,other_non_trivia,NA,NA,NA,NA,No,2
Group_4,2b889c70c6ee5941779fab9172195a8c08bf5de1b5c18d357c1fdc9b44fabf24,2- or 4-year college degree,highest_level_edu,NA,Questionnaire,NA,other_non_trivia,NA,NA,NA,NA,No,3
Group_4,2b889c70c6ee5941779fab9172195a8c08bf5de1b5c18d357c1fdc9b44fabf24,['English'],native_language,NA,Questionnaire,NA,other_non_trivia,NA,NA,NA,NA,No,4
Group_4,2b889c70c6ee5941779fab9172195a8c08bf5de1b5c18d357c1fdc9b44fabf24,No,same_state_5_year,NA,Questionnaire,NA,other_non_trivia,NA,NA,NA,NA,No,5
Group_4,2b889c70c6ee5941779fab9172195a8c08bf5de1b5c18d357c1fdc9b44fabf24,This doesn't apply to me becuase I answered 'No' previously,same_state_5_year_yes,NA,Questionnaire,NA,other_non_trivia,NA,NA,NA,NA,No,6
Group_4,2b889c70c6ee5941779fab9172195a8c08bf5de1b5c18d357c1fdc9b44fabf24,Right,handedness,NA,Questionnaire,NA,other_non_trivia,NA,NA,NA,NA,No,7
Group_4,2b889c70c6ee5941779fab9172195a8c08bf5de1b5c18d357c1fdc9b44fabf24,No,hearing,NA,Questionnaire,NA,other_non_trivia,NA,NA,NA,NA,No,8
Group_4,2b889c70c6ee5941779fab9172195a8c08bf5de1b5c18d357c1fdc9b44fabf24,No,vision,NA,Questionnaire,NA,other_non_trivia,NA,NA,NA,NA,No,9
Group_4,2b889c70c6ee5941779fab9172195a8c08bf5de1b5c18d357c1fdc9b44fabf24,No,langDis,NA,Questionnaire,NA,other_non_trivia,NA,NA,NA,NA,No,10
Group_4,2b889c70c6ee5941779fab9172195a8c08bf5de1b5c18d357c1fdc9b44fabf24,No,learnDis,NA,Questionnaire,NA,other_non_trivia,NA,NA,NA,NA,No,11
Group_4,2b889c70c6ee5941779fab9172195a8c08bf5de1b5c18d357c1fdc9b44fabf24,No,attention,NA,Questionnaire,NA,other_non_trivia,NA,NA,NA,NA,No,12
Group_4,2b889c70c6ee5941779fab9172195a8c08bf5de1b5c18d357c1fdc9b44fabf24,No,headInjury,NA,Questionnaire,NA,other_non_trivia,NA,NA,NA,NA,No,13
Group_4,2b889c70c6ee5941779fab9172195a8c08bf5de1b5c18d357c1fdc9b44fabf24,No,neuroImpair,NA,Questionnaire,NA,other_non_trivia,NA,NA,NA,NA,No,14
Group_4,2b889c70c6ee5941779fab9172195a8c08bf5de1b5c18d357c1fdc9b44fabf24,No,household_accent,NA,Questionnaire,NA,other_non_trivia,NA,NA,NA,NA,No,15
Group_4,2b889c70c6ee5941779fab9172195a8c08bf5de1b5c18d357c1fdc9b44fabf24,No,current_accent,NA,Questionnaire,NA,other_non_trivia,NA,NA,NA,NA,No,16
Group_4,2b889c70c6ee5941779fab9172195a8c08bf5de1b5c18d357c1fdc9b44fabf24,Never,exposure_spanish,NA,Questionnaire,NA,other_non_trivia,NA,NA,NA,NA,No,17
Group_4,2b889c70c6ee5941779fab9172195a8c08bf5de1b5c18d357c1fdc9b44fabf24,Never,exposure_spanish_accent,NA,Questionnaire,NA,other_non_trivia,NA,NA,NA,NA,No,18
Group_4,2b889c70c6ee5941779fab9172195a8c08bf5de1b5c18d357c1fdc9b44fabf24,23,age,NA,Questionnaire,NA,other_non_trivia,NA,NA,NA,NA,No,19
Group_4,2b889c70c6ee5941779fab9172195a8c08bf5de1b5c18d357c1fdc9b44fabf24,New York,origin_state,NA,Questionnaire,NA,other_non_trivia,NA,NA,NA,NA,No,20
Group_4,2b889c70c6ee5941779fab9172195a8c08bf5de1b5c18d357c1fdc9b44fabf24,12206,origin_zipcode,NA,Questionnaire,NA,other_non_trivia,NA,NA,NA,NA,No,21
Group_4,2b889c70c6ee5941779fab9172195a8c08bf5de1b5c18d357c1fdc9b44fabf24,New York,current_state,NA,Questionnaire,NA,other_non_trivia,NA,NA,NA,NA,No,22
Group_4,2b889c70c6ee5941779fab9172195a8c08bf5de1b5c18d357c1fdc9b44fabf24,12206,current_zipcode,NA,Questionnaire,NA,other_non_trivia,NA,NA,NA,NA,No,23
Group_4,2b889c70c6ee5941779fab9172195a8c08bf5de1b5c18d357c1fdc9b44fabf24,New York and briefly Illinois,same_state_5_year_no,NA,Questionnaire,NA,other_non_trivia,NA,NA,NA,NA,No,24
Group_4,2b889c70c6ee5941779fab9172195a8c08bf5de1b5c18d357c1fdc9b44fabf24,NA,diseaseDetail,NA,Questionnaire,NA,other_non_trivia,NA,NA,NA,NA,No,25
Group_4,2b889c70c6ee5941779fab9172195a8c08bf5de1b5c18d357c1fdc9b44fabf24,"Mom; American
Sister: American
Brother: American
Youngest brother: American
Father: American",most_frequent_accent,NA,Questionnaire,NA,other_non_trivia,NA,NA,NA,NA,No,26
Group_4,2b889c70c6ee5941779fab9172195a8c08bf5de1b5c18d357c1fdc9b44fabf24,I learned some Spanish in high school. Me and my mother are learning Arabic together and can speak it intermediately.,additional_language_experience,NA,Questionnaire,NA,other_non_trivia,NA,NA,NA,NA,No,27
Group_4,308afae365796b7ac7115c2e133b2bcb11cbf3075ef919154ae8312ff5b3e50d,Female,gender,NA,Questionnaire,NA,other_non_trivia,NA,NA,NA,NA,No,1
Group_4,308afae365796b7ac7115c2e133b2bcb11cbf3075ef919154ae8312ff5b3e50d,['Black or African American'],race/ethnicity,NA,Questionnaire,NA,other_non_trivia,NA,NA,NA,NA,No,2
Group_4,308afae365796b7ac7115c2e133b2bcb11cbf3075ef919154ae8312ff5b3e50d,Master’s degree,highest_level_edu,NA,Questionnaire,NA,other_non_trivia,NA,NA,NA,NA,No,3
Group_4,308afae365796b7ac7115c2e133b2bcb11cbf3075ef919154ae8312ff5b3e50d,['English'],native_language,NA,Questionnaire,NA,other_non_trivia,NA,NA,NA,NA,No,4
Group_4,308afae365796b7ac7115c2e133b2bcb11cbf3075ef919154ae8312ff5b3e50d,Yes,same_state_5_year,NA,Questionnaire,NA,other_non_trivia,NA,NA,NA,NA,No,5
Group_4,308afae365796b7ac7115c2e133b2bcb11cbf3075ef919154ae8312ff5b3e50d,No,same_state_5_year_yes,NA,Questionnaire,NA,other_non_trivia,NA,NA,NA,NA,No,6
Group_4,308afae365796b7ac7115c2e133b2bcb11cbf3075ef919154ae8312ff5b3e50d,Right,handedness,NA,Questionnaire,NA,other_non_trivia,NA,NA,NA,NA,No,7
Group_4,308afae365796b7ac7115c2e133b2bcb11cbf3075ef919154ae8312ff5b3e50d,No,hearing,NA,Questionnaire,NA,other_non_trivia,NA,NA,NA,NA,No,8
Group_4,308afae365796b7ac7115c2e133b2bcb11cbf3075ef919154ae8312ff5b3e50d,No,vision,NA,Questionnaire,NA,other_non_trivia,NA,NA,NA,NA,No,9
Group_4,308afae365796b7ac7115c2e133b2bcb11cbf3075ef919154ae8312ff5b3e50d,No,langDis,NA,Questionnaire,NA,other_non_trivia,NA,NA,NA,NA,No,10
Group_4,308afae365796b7ac7115c2e133b2bcb11cbf3075ef919154ae8312ff5b3e50d,No,learnDis,NA,Questionnaire,NA,other_non_trivia,NA,NA,NA,NA,No,11
Group_4,308afae365796b7ac7115c2e133b2bcb11cbf3075ef919154ae8312ff5b3e50d,No,attention,NA,Questionnaire,NA,other_non_trivia,NA,NA,NA,NA,No,12
Group_4,308afae365796b7ac7115c2e133b2bcb11cbf3075ef919154ae8312ff5b3e50d,No,headInjury,NA,Questionnaire,NA,other_non_trivia,NA,NA,NA,NA,No,13
Group_4,308afae365796b7ac7115c2e133b2bcb11cbf3075ef919154ae8312ff5b3e50d,No,neuroImpair,NA,Questionnaire,NA,other_non_trivia,NA,NA,NA,NA,No,14
Group_4,308afae365796b7ac7115c2e133b2bcb11cbf3075ef919154ae8312ff5b3e50d,No,household_accent,NA,Questionnaire,NA,other_non_trivia,NA,NA,NA,NA,No,15
Group_4,308afae365796b7ac7115c2e133b2bcb11cbf3075ef919154ae8312ff5b3e50d,No,current_accent,NA,Questionnaire,NA,other_non_trivia,NA,NA,NA,NA,No,16
Group_4,308afae365796b7ac7115c2e133b2bcb11cbf3075ef919154ae8312ff5b3e50d,Never,exposure_spanish,NA,Questionnaire,NA,other_non_trivia,NA,NA,NA,NA,No,17
Group_4,308afae365796b7ac7115c2e133b2bcb11cbf3075ef919154ae8312ff5b3e50d,Never,exposure_spanish_accent,NA,Questionnaire,NA,other_non_trivia,NA,NA,NA,NA,No,18
Group_4,308afae365796b7ac7115c2e133b2bcb11cbf3075ef919154ae8312ff5b3e50d,31,age,NA,Questionnaire,NA,other_non_trivia,NA,NA,NA,NA,No,19
Group_4,308afae365796b7ac7115c2e133b2bcb11cbf3075ef919154ae8312ff5b3e50d,Alabama,origin_state,NA,Questionnaire,NA,other_non_trivia,NA,NA,NA,NA,No,20
Group_4,308afae365796b7ac7115c2e133b2bcb11cbf3075ef919154ae8312ff5b3e50d,36203,origin_zipcode,NA,Questionnaire,NA,other_non_trivia,NA,NA,NA,NA,No,21
Group_4,308afae365796b7ac7115c2e133b2bcb11cbf3075ef919154ae8312ff5b3e50d,Alabama,current_state,NA,Questionnaire,NA,other_non_trivia,NA,NA,NA,NA,No,22
Group_4,308afae365796b7ac7115c2e133b2bcb11cbf3075ef919154ae8312ff5b3e50d,35096,current_zipcode,NA,Questionnaire,NA,other_non_trivia,NA,NA,NA,NA,No,23
Group_4,308afae365796b7ac7115c2e133b2bcb11cbf3075ef919154ae8312ff5b3e50d,NA,same_state_5_year_no,NA,Questionnaire,NA,other_non_trivia,NA,NA,NA,NA,No,24
Group_4,308afae365796b7ac7115c2e133b2bcb11cbf3075ef919154ae8312ff5b3e50d,NA,diseaseDetail,NA,Questionnaire,NA,other_non_trivia,NA,NA,NA,NA,No,25
Group_4,308afae365796b7ac7115c2e133b2bcb11cbf3075ef919154ae8312ff5b3e50d,All Speak English and a little bit of AAVE,most_frequent_accent,NA,Questionnaire,NA,other_non_trivia,NA,NA,NA,NA,No,26
Group_4,308afae365796b7ac7115c2e133b2bcb11cbf3075ef919154ae8312ff5b3e50d,AAVE is very important to me,additional_language_experience,NA,Questionnaire,NA,other_non_trivia,NA,NA,NA,NA,No,27
Group_2,34f7098a7494821366e25ecb72d330227d0d510729f3593130779972cff577b2,Female,gender,NA,Questionnaire,NA,other_non_trivia,NA,NA,NA,NA,No,1
Group_2,34f7098a7494821366e25ecb72d330227d0d510729f3593130779972cff577b2,['White'],race/ethnicity,NA,Questionnaire,NA,other_non_trivia,NA,NA,NA,NA,No,2
Group_2,34f7098a7494821366e25ecb72d330227d0d510729f3593130779972cff577b2,2- or 4-year college degree,highest_level_edu,NA,Questionnaire,NA,other_non_trivia,NA,NA,NA,NA,No,3
Group_2,34f7098a7494821366e25ecb72d330227d0d510729f3593130779972cff577b2,['English'],native_language,NA,Questionnaire,NA,other_non_trivia,NA,NA,NA,NA,No,4
Group_2,34f7098a7494821366e25ecb72d330227d0d510729f3593130779972cff577b2,No,same_state_5_year,NA,Questionnaire,NA,other_non_trivia,NA,NA,NA,NA,No,5
Group_2,34f7098a7494821366e25ecb72d330227d0d510729f3593130779972cff577b2,This doesn't apply to me becuase I answered 'No' previously,same_state_5_year_yes,NA,Questionnaire,NA,other_non_trivia,NA,NA,NA,NA,No,6
Group_2,34f7098a7494821366e25ecb72d330227d0d510729f3593130779972cff577b2,Right,handedness,NA,Questionnaire,NA,other_non_trivia,NA,NA,NA,NA,No,7
Group_2,34f7098a7494821366e25ecb72d330227d0d510729f3593130779972cff577b2,No,hearing,NA,Questionnaire,NA,other_non_trivia,NA,NA,NA,NA,No,8
Group_2,34f7098a7494821366e25ecb72d330227d0d510729f3593130779972cff577b2,No,vision,NA,Questionnaire,NA,other_non_trivia,NA,NA,NA,NA,No,9
Group_2,34f7098a7494821366e25ecb72d330227d0d510729f3593130779972cff577b2,No,langDis,NA,Questionnaire,NA,other_non_trivia,NA,NA,NA,NA,No,10
Group_2,34f7098a7494821366e25ecb72d330227d0d510729f3593130779972cff577b2,No,learnDis,NA,Questionnaire,NA,other_non_trivia,NA,NA,NA,NA,No,11
Group_2,34f7098a7494821366e25ecb72d330227d0d510729f3593130779972cff577b2,No,attention,NA,Questionnaire,NA,other_non_trivia,NA,NA,NA,NA,No,12
Group_2,34f7098a7494821366e25ecb72d330227d0d510729f3593130779972cff577b2,No,headInjury,NA,Questionnaire,NA,other_non_trivia,NA,NA,NA,NA,No,13
Group_2,34f7098a7494821366e25ecb72d330227d0d510729f3593130779972cff577b2,No,neuroImpair,NA,Questionnaire,NA,other_non_trivia,NA,NA,NA,NA,No,14
Group_2,34f7098a7494821366e25ecb72d330227d0d510729f3593130779972cff577b2,No,household_accent,NA,Questionnaire,NA,other_non_trivia,NA,NA,NA,NA,No,15
Group_2,34f7098a7494821366e25ecb72d330227d0d510729f3593130779972cff577b2,No,current_accent,NA,Questionnaire,NA,other_non_trivia,NA,NA,NA,NA,No,16
Group_2,34f7098a7494821366e25ecb72d330227d0d510729f3593130779972cff577b2,Half the time,exposure_spanish,NA,Questionnaire,NA,other_non_trivia,NA,NA,NA,NA,No,17
Group_2,34f7098a7494821366e25ecb72d330227d0d510729f3593130779972cff577b2,Often,exposure_spanish_accent,NA,Questionnaire,NA,other_non_trivia,NA,NA,NA,NA,No,18
Group_2,34f7098a7494821366e25ecb72d330227d0d510729f3593130779972cff577b2,37,age,NA,Questionnaire,NA,other_non_trivia,NA,NA,NA,NA,No,19
Group_2,34f7098a7494821366e25ecb72d330227d0d510729f3593130779972cff577b2,NC,origin_state,NA,Questionnaire,NA,other_non_trivia,NA,NA,NA,NA,No,20
Group_2,34f7098a7494821366e25ecb72d330227d0d510729f3593130779972cff577b2,28152,origin_zipcode,NA,Questionnaire,NA,other_non_trivia,NA,NA,NA,NA,No,21
Group_2,34f7098a7494821366e25ecb72d330227d0d510729f3593130779972cff577b2,IL,current_state,NA,Questionnaire,NA,other_non_trivia,NA,NA,NA,NA,No,22
Group_2,34f7098a7494821366e25ecb72d330227d0d510729f3593130779972cff577b2,61071,current_zipcode,NA,Questionnaire,NA,other_non_trivia,NA,NA,NA,NA,No,23
Group_2,34f7098a7494821366e25ecb72d330227d0d510729f3593130779972cff577b2,NC,same_state_5_year_no,NA,Questionnaire,NA,other_non_trivia,NA,NA,NA,NA,No,24
Group_2,34f7098a7494821366e25ecb72d330227d0d510729f3593130779972cff577b2,NA,diseaseDetail,NA,Questionnaire,NA,other_non_trivia,NA,NA,NA,NA,No,25
Group_2,34f7098a7494821366e25ecb72d330227d0d510729f3593130779972cff577b2,"my partner, American; my best friend, American; my coworker, Mexican",most_frequent_accent,NA,Questionnaire,NA,other_non_trivia,NA,NA,NA,NA,No,26
Group_2,34f7098a7494821366e25ecb72d330227d0d510729f3593130779972cff577b2,I took a few Spanish classes but only know a few words/phrases,additional_language_experience,NA,Questionnaire,NA,other_non_trivia,NA,NA,NA,NA,No,27
Group_4,521b84e5b5ae6ed9f49f1958951f57e00d51936b21954c33b4e2ec806f891d56,Female,gender,NA,Questionnaire,NA,other_non_trivia,NA,NA,NA,NA,No,1
Group_4,521b84e5b5ae6ed9f49f1958951f57e00d51936b21954c33b4e2ec806f891d56,['White'],race/ethnicity,NA,Questionnaire,NA,other_non_trivia,NA,NA,NA,NA,No,2
Group_4,521b84e5b5ae6ed9f49f1958951f57e00d51936b21954c33b4e2ec806f891d56,High school,highest_level_edu,NA,Questionnaire,NA,other_non_trivia,NA,NA,NA,NA,No,3
Group_4,521b84e5b5ae6ed9f49f1958951f57e00d51936b21954c33b4e2ec806f891d56,['English'],native_language,NA,Questionnaire,NA,other_non_trivia,NA,NA,NA,NA,No,4
Group_4,521b84e5b5ae6ed9f49f1958951f57e00d51936b21954c33b4e2ec806f891d56,Yes,same_state_5_year,NA,Questionnaire,NA,other_non_trivia,NA,NA,NA,NA,No,5
Group_4,521b84e5b5ae6ed9f49f1958951f57e00d51936b21954c33b4e2ec806f891d56,This doesn't apply to me becuase I answered 'No' previously,same_state_5_year_yes,NA,Questionnaire,NA,other_non_trivia,NA,NA,NA,NA,No,6
Group_4,521b84e5b5ae6ed9f49f1958951f57e00d51936b21954c33b4e2ec806f891d56,Right,handedness,NA,Questionnaire,NA,other_non_trivia,NA,NA,NA,NA,No,7
Group_4,521b84e5b5ae6ed9f49f1958951f57e00d51936b21954c33b4e2ec806f891d56,No,hearing,NA,Questionnaire,NA,other_non_trivia,NA,NA,NA,NA,No,8
Group_4,521b84e5b5ae6ed9f49f1958951f57e00d51936b21954c33b4e2ec806f891d56,No,vision,NA,Questionnaire,NA,other_non_trivia,NA,NA,NA,NA,No,9
Group_4,521b84e5b5ae6ed9f49f1958951f57e00d51936b21954c33b4e2ec806f891d56,No,langDis,NA,Questionnaire,NA,other_non_trivia,NA,NA,NA,NA,No,10
Group_4,521b84e5b5ae6ed9f49f1958951f57e00d51936b21954c33b4e2ec806f891d56,No,learnDis,NA,Questionnaire,NA,other_non_trivia,NA,NA,NA,NA,No,11
Group_4,521b84e5b5ae6ed9f49f1958951f57e00d51936b21954c33b4e2ec806f891d56,No,attention,NA,Questionnaire,NA,other_non_trivia,NA,NA,NA,NA,No,12
Group_4,521b84e5b5ae6ed9f49f1958951f57e00d51936b21954c33b4e2ec806f891d56,No,headInjury,NA,Questionnaire,NA,other_non_trivia,NA,NA,NA,NA,No,13
Group_4,521b84e5b5ae6ed9f49f1958951f57e00d51936b21954c33b4e2ec806f891d56,No,neuroImpair,NA,Questionnaire,NA,other_non_trivia,NA,NA,NA,NA,No,14
Group_4,521b84e5b5ae6ed9f49f1958951f57e00d51936b21954c33b4e2ec806f891d56,No,household_accent,NA,Questionnaire,NA,other_non_trivia,NA,NA,NA,NA,No,15
Group_4,521b84e5b5ae6ed9f49f1958951f57e00d51936b21954c33b4e2ec806f891d56,No,current_accent,NA,Questionnaire,NA,other_non_trivia,NA,NA,NA,NA,No,16
Group_4,521b84e5b5ae6ed9f49f1958951f57e00d51936b21954c33b4e2ec806f891d56,Never,exposure_spanish,NA,Questionnaire,NA,other_non_trivia,NA,NA,NA,NA,No,17
Group_4,521b84e5b5ae6ed9f49f1958951f57e00d51936b21954c33b4e2ec806f891d56,Never,exposure_spanish_accent,NA,Questionnaire,NA,other_non_trivia,NA,NA,NA,NA,No,18
Group_4,521b84e5b5ae6ed9f49f1958951f57e00d51936b21954c33b4e2ec806f891d56,34,age,NA,Questionnaire,NA,other_non_trivia,NA,NA,NA,NA,No,19
Group_4,521b84e5b5ae6ed9f49f1958951f57e00d51936b21954c33b4e2ec806f891d56,Connecticut,origin_state,NA,Questionnaire,NA,other_non_trivia,NA,NA,NA,NA,No,20
Group_4,521b84e5b5ae6ed9f49f1958951f57e00d51936b21954c33b4e2ec806f891d56,"Bristol, CT",origin_zipcode,NA,Questionnaire,NA,other_non_trivia,NA,NA,NA,NA,No,21
Group_4,521b84e5b5ae6ed9f49f1958951f57e00d51936b21954c33b4e2ec806f891d56,New Hampshire,current_state,NA,Questionnaire,NA,other_non_trivia,NA,NA,NA,NA,No,22
Group_4,521b84e5b5ae6ed9f49f1958951f57e00d51936b21954c33b4e2ec806f891d56,03836,current_zipcode,NA,Questionnaire,NA,other_non_trivia,NA,NA,NA,NA,No,23
Group_4,521b84e5b5ae6ed9f49f1958951f57e00d51936b21954c33b4e2ec806f891d56,NA,same_state_5_year_no,NA,Questionnaire,NA,other_non_trivia,NA,NA,NA,NA,No,24
Group_4,521b84e5b5ae6ed9f49f1958951f57e00d51936b21954c33b4e2ec806f891d56,NA,diseaseDetail,NA,Questionnaire,NA,other_non_trivia,NA,NA,NA,NA,No,25
Group_4,521b84e5b5ae6ed9f49f1958951f57e00d51936b21954c33b4e2ec806f891d56,"Kristin; my mom-American, Aiden; my son, American, Dave; my spouse, American, Charlie; my step dad-American, Carl; my grandpa- Italian",most_frequent_accent,NA,Questionnaire,NA,other_non_trivia,NA,NA,NA,NA,No,26
Group_4,521b84e5b5ae6ed9f49f1958951f57e00d51936b21954c33b4e2ec806f891d56,NA,additional_language_experience,NA,Questionnaire,NA,other_non_trivia,NA,NA,NA,NA,No,27
Group_3,618e6facae933e988b33cca3c94042c9ce1a81669fa6570fddeea729cd7891f9,Female,gender,NA,Questionnaire,NA,other_non_trivia,NA,NA,NA,NA,No,1
Group_3,618e6facae933e988b33cca3c94042c9ce1a81669fa6570fddeea729cd7891f9,['White'],race/ethnicity,NA,Questionnaire,NA,other_non_trivia,NA,NA,NA,NA,No,2
Group_3,618e6facae933e988b33cca3c94042c9ce1a81669fa6570fddeea729cd7891f9,2- or 4-year college degree,highest_level_edu,NA,Questionnaire,NA,other_non_trivia,NA,NA,NA,NA,No,3
Group_3,618e6facae933e988b33cca3c94042c9ce1a81669fa6570fddeea729cd7891f9,['English'],native_language,NA,Questionnaire,NA,other_non_trivia,NA,NA,NA,NA,No,4
Group_3,618e6facae933e988b33cca3c94042c9ce1a81669fa6570fddeea729cd7891f9,Yes,same_state_5_year,NA,Questionnaire,NA,other_non_trivia,NA,NA,NA,NA,No,5
Group_3,618e6facae933e988b33cca3c94042c9ce1a81669fa6570fddeea729cd7891f9,Yes,same_state_5_year_yes,NA,Questionnaire,NA,other_non_trivia,NA,NA,NA,NA,No,6
Group_3,618e6facae933e988b33cca3c94042c9ce1a81669fa6570fddeea729cd7891f9,Right,handedness,NA,Questionnaire,NA,other_non_trivia,NA,NA,NA,NA,No,7
Group_3,618e6facae933e988b33cca3c94042c9ce1a81669fa6570fddeea729cd7891f9,No,hearing,NA,Questionnaire,NA,other_non_trivia,NA,NA,NA,NA,No,8
Group_3,618e6facae933e988b33cca3c94042c9ce1a81669fa6570fddeea729cd7891f9,No,vision,NA,Questionnaire,NA,other_non_trivia,NA,NA,NA,NA,No,9
Group_3,618e6facae933e988b33cca3c94042c9ce1a81669fa6570fddeea729cd7891f9,No,langDis,NA,Questionnaire,NA,other_non_trivia,NA,NA,NA,NA,No,10
Group_3,618e6facae933e988b33cca3c94042c9ce1a81669fa6570fddeea729cd7891f9,No,learnDis,NA,Questionnaire,NA,other_non_trivia,NA,NA,NA,NA,No,11
Group_3,618e6facae933e988b33cca3c94042c9ce1a81669fa6570fddeea729cd7891f9,No,attention,NA,Questionnaire,NA,other_non_trivia,NA,NA,NA,NA,No,12
Group_3,618e6facae933e988b33cca3c94042c9ce1a81669fa6570fddeea729cd7891f9,No,headInjury,NA,Questionnaire,NA,other_non_trivia,NA,NA,NA,NA,No,13
Group_3,618e6facae933e988b33cca3c94042c9ce1a81669fa6570fddeea729cd7891f9,No,neuroImpair,NA,Questionnaire,NA,other_non_trivia,NA,NA,NA,NA,No,14
Group_3,618e6facae933e988b33cca3c94042c9ce1a81669fa6570fddeea729cd7891f9,No,household_accent,NA,Questionnaire,NA,other_non_trivia,NA,NA,NA,NA,No,15
Group_3,618e6facae933e988b33cca3c94042c9ce1a81669fa6570fddeea729cd7891f9,No,current_accent,NA,Questionnaire,NA,other_non_trivia,NA,NA,NA,NA,No,16
Group_3,618e6facae933e988b33cca3c94042c9ce1a81669fa6570fddeea729cd7891f9,Sometimes,exposure_spanish,NA,Questionnaire,NA,other_non_trivia,NA,NA,NA,NA,No,17
Group_3,618e6facae933e988b33cca3c94042c9ce1a81669fa6570fddeea729cd7891f9,Sometimes,exposure_spanish_accent,NA,Questionnaire,NA,other_non_trivia,NA,NA,NA,NA,No,18
Group_3,618e6facae933e988b33cca3c94042c9ce1a81669fa6570fddeea729cd7891f9,39,age,NA,Questionnaire,NA,other_non_trivia,NA,NA,NA,NA,No,19
Group_3,618e6facae933e988b33cca3c94042c9ce1a81669fa6570fddeea729cd7891f9,Utah,origin_state,NA,Questionnaire,NA,other_non_trivia,NA,NA,NA,NA,No,20
Group_3,618e6facae933e988b33cca3c94042c9ce1a81669fa6570fddeea729cd7891f9,"Salt Lake City, UT",origin_zipcode,NA,Questionnaire,NA,other_non_trivia,NA,NA,NA,NA,No,21
Group_3,618e6facae933e988b33cca3c94042c9ce1a81669fa6570fddeea729cd7891f9,Utah,current_state,NA,Questionnaire,NA,other_non_trivia,NA,NA,NA,NA,No,22
Group_3,618e6facae933e988b33cca3c94042c9ce1a81669fa6570fddeea729cd7891f9,84005,current_zipcode,NA,Questionnaire,NA,other_non_trivia,NA,NA,NA,NA,No,23
Group_3,618e6facae933e988b33cca3c94042c9ce1a81669fa6570fddeea729cd7891f9,NA,same_state_5_year_no,NA,Questionnaire,NA,other_non_trivia,NA,NA,NA,NA,No,24
Group_3,618e6facae933e988b33cca3c94042c9ce1a81669fa6570fddeea729cd7891f9,NA,diseaseDetail,NA,Questionnaire,NA,other_non_trivia,NA,NA,NA,NA,No,25
Group_3,618e6facae933e988b33cca3c94042c9ce1a81669fa6570fddeea729cd7891f9,"Husband, American
Angel, American
Laura, American
Steve, American
Jack, American",most_frequent_accent,NA,Questionnaire,NA,other_non_trivia,NA,NA,NA,NA,No,26
Group_3,618e6facae933e988b33cca3c94042c9ce1a81669fa6570fddeea729cd7891f9,"My husband speaks Spanish, I have friends from Chile, I learned French in High School, My dad lived in Spain for two years",additional_language_experience,NA,Questionnaire,NA,other_non_trivia,NA,NA,NA,NA,No,27
Group_3,62f2fde8be74d7c0c7eb67cac4e8aeeaae94df99bf7021b600e8012bb5fd79f0,Female,gender,NA,Questionnaire,NA,other_non_trivia,NA,NA,NA,NA,No,1
Group_3,62f2fde8be74d7c0c7eb67cac4e8aeeaae94df99bf7021b600e8012bb5fd79f0,['White'],race/ethnicity,NA,Questionnaire,NA,other_non_trivia,NA,NA,NA,NA,No,2
Group_3,62f2fde8be74d7c0c7eb67cac4e8aeeaae94df99bf7021b600e8012bb5fd79f0,Master’s degree,highest_level_edu,NA,Questionnaire,NA,other_non_trivia,NA,NA,NA,NA,No,3
Group_3,62f2fde8be74d7c0c7eb67cac4e8aeeaae94df99bf7021b600e8012bb5fd79f0,['English'],native_language,NA,Questionnaire,NA,other_non_trivia,NA,NA,NA,NA,No,4
Group_3,62f2fde8be74d7c0c7eb67cac4e8aeeaae94df99bf7021b600e8012bb5fd79f0,Yes,same_state_5_year,NA,Questionnaire,NA,other_non_trivia,NA,NA,NA,NA,No,5
Group_3,62f2fde8be74d7c0c7eb67cac4e8aeeaae94df99bf7021b600e8012bb5fd79f0,Yes,same_state_5_year_yes,NA,Questionnaire,NA,other_non_trivia,NA,NA,NA,NA,No,6
Group_3,62f2fde8be74d7c0c7eb67cac4e8aeeaae94df99bf7021b600e8012bb5fd79f0,Right,handedness,NA,Questionnaire,NA,other_non_trivia,NA,NA,NA,NA,No,7
Group_3,62f2fde8be74d7c0c7eb67cac4e8aeeaae94df99bf7021b600e8012bb5fd79f0,No,hearing,NA,Questionnaire,NA,other_non_trivia,NA,NA,NA,NA,No,8
Group_3,62f2fde8be74d7c0c7eb67cac4e8aeeaae94df99bf7021b600e8012bb5fd79f0,Yes,vision,NA,Questionnaire,NA,other_non_trivia,NA,NA,NA,NA,No,9
Group_3,62f2fde8be74d7c0c7eb67cac4e8aeeaae94df99bf7021b600e8012bb5fd79f0,No,langDis,NA,Questionnaire,NA,other_non_trivia,NA,NA,NA,NA,No,10
Group_3,62f2fde8be74d7c0c7eb67cac4e8aeeaae94df99bf7021b600e8012bb5fd79f0,No,learnDis,NA,Questionnaire,NA,other_non_trivia,NA,NA,NA,NA,No,11
Group_3,62f2fde8be74d7c0c7eb67cac4e8aeeaae94df99bf7021b600e8012bb5fd79f0,No,attention,NA,Questionnaire,NA,other_non_trivia,NA,NA,NA,NA,No,12
Group_3,62f2fde8be74d7c0c7eb67cac4e8aeeaae94df99bf7021b600e8012bb5fd79f0,No,headInjury,NA,Questionnaire,NA,other_non_trivia,NA,NA,NA,NA,No,13
Group_3,62f2fde8be74d7c0c7eb67cac4e8aeeaae94df99bf7021b600e8012bb5fd79f0,No,neuroImpair,NA,Questionnaire,NA,other_non_trivia,NA,NA,NA,NA,No,14
Group_3,62f2fde8be74d7c0c7eb67cac4e8aeeaae94df99bf7021b600e8012bb5fd79f0,"They do not speak English, they speak languages other than Spanish",household_accent,NA,Questionnaire,NA,other_non_trivia,NA,NA,NA,NA,No,15
Group_3,62f2fde8be74d7c0c7eb67cac4e8aeeaae94df99bf7021b600e8012bb5fd79f0,No,current_accent,NA,Questionnaire,NA,other_non_trivia,NA,NA,NA,NA,No,16
Group_3,62f2fde8be74d7c0c7eb67cac4e8aeeaae94df99bf7021b600e8012bb5fd79f0,Often,exposure_spanish,NA,Questionnaire,NA,other_non_trivia,NA,NA,NA,NA,No,17
Group_3,62f2fde8be74d7c0c7eb67cac4e8aeeaae94df99bf7021b600e8012bb5fd79f0,Often,exposure_spanish_accent,NA,Questionnaire,NA,other_non_trivia,NA,NA,NA,NA,No,18
Group_3,62f2fde8be74d7c0c7eb67cac4e8aeeaae94df99bf7021b600e8012bb5fd79f0,38,age,NA,Questionnaire,NA,other_non_trivia,NA,NA,NA,NA,No,19
Group_3,62f2fde8be74d7c0c7eb67cac4e8aeeaae94df99bf7021b600e8012bb5fd79f0,Ohio,origin_state,NA,Questionnaire,NA,other_non_trivia,NA,NA,NA,NA,No,20
Group_3,62f2fde8be74d7c0c7eb67cac4e8aeeaae94df99bf7021b600e8012bb5fd79f0,43311,origin_zipcode,NA,Questionnaire,NA,other_non_trivia,NA,NA,NA,NA,No,21
Group_3,62f2fde8be74d7c0c7eb67cac4e8aeeaae94df99bf7021b600e8012bb5fd79f0,Ohio,current_state,NA,Questionnaire,NA,other_non_trivia,NA,NA,NA,NA,No,22
Group_3,62f2fde8be74d7c0c7eb67cac4e8aeeaae94df99bf7021b600e8012bb5fd79f0,45344,current_zipcode,NA,Questionnaire,NA,other_non_trivia,NA,NA,NA,NA,No,23
Group_3,62f2fde8be74d7c0c7eb67cac4e8aeeaae94df99bf7021b600e8012bb5fd79f0,n/a,same_state_5_year_no,NA,Questionnaire,NA,other_non_trivia,NA,NA,NA,NA,No,24
Group_3,62f2fde8be74d7c0c7eb67cac4e8aeeaae94df99bf7021b600e8012bb5fd79f0,NA,diseaseDetail,NA,Questionnaire,NA,other_non_trivia,NA,NA,NA,NA,No,25
Group_3,62f2fde8be74d7c0c7eb67cac4e8aeeaae94df99bf7021b600e8012bb5fd79f0,"Spanish, asian",most_frequent_accent,NA,Questionnaire,NA,other_non_trivia,NA,NA,NA,NA,No,26
Group_3,62f2fde8be74d7c0c7eb67cac4e8aeeaae94df99bf7021b600e8012bb5fd79f0,I taught in a school with a high spanish population,additional_language_experience,NA,Questionnaire,NA,other_non_trivia,NA,NA,NA,NA,No,27
Group_4,640af64da24fe7f33be46873307b3e0a05f4d9f9f7dd1275fe4bd5e68fa0b556,Male,gender,NA,Questionnaire,NA,other_non_trivia,NA,NA,NA,NA,No,1
Group_4,640af64da24fe7f33be46873307b3e0a05f4d9f9f7dd1275fe4bd5e68fa0b556,['White'],race/ethnicity,NA,Questionnaire,NA,other_non_trivia,NA,NA,NA,NA,No,2
Group_4,640af64da24fe7f33be46873307b3e0a05f4d9f9f7dd1275fe4bd5e68fa0b556,Master’s degree,highest_level_edu,NA,Questionnaire,NA,other_non_trivia,NA,NA,NA,NA,No,3
Group_4,640af64da24fe7f33be46873307b3e0a05f4d9f9f7dd1275fe4bd5e68fa0b556,['English'],native_language,NA,Questionnaire,NA,other_non_trivia,NA,NA,NA,NA,No,4
Group_4,640af64da24fe7f33be46873307b3e0a05f4d9f9f7dd1275fe4bd5e68fa0b556,Yes,same_state_5_year,NA,Questionnaire,NA,other_non_trivia,NA,NA,NA,NA,No,5
Group_4,640af64da24fe7f33be46873307b3e0a05f4d9f9f7dd1275fe4bd5e68fa0b556,Yes,same_state_5_year_yes,NA,Questionnaire,NA,other_non_trivia,NA,NA,NA,NA,No,6
Group_4,640af64da24fe7f33be46873307b3e0a05f4d9f9f7dd1275fe4bd5e68fa0b556,Right,handedness,NA,Questionnaire,NA,other_non_trivia,NA,NA,NA,NA,No,7
Group_4,640af64da24fe7f33be46873307b3e0a05f4d9f9f7dd1275fe4bd5e68fa0b556,No,hearing,NA,Questionnaire,NA,other_non_trivia,NA,NA,NA,NA,No,8
Group_4,640af64da24fe7f33be46873307b3e0a05f4d9f9f7dd1275fe4bd5e68fa0b556,No,vision,NA,Questionnaire,NA,other_non_trivia,NA,NA,NA,NA,No,9
Group_4,640af64da24fe7f33be46873307b3e0a05f4d9f9f7dd1275fe4bd5e68fa0b556,No,langDis,NA,Questionnaire,NA,other_non_trivia,NA,NA,NA,NA,No,10
Group_4,640af64da24fe7f33be46873307b3e0a05f4d9f9f7dd1275fe4bd5e68fa0b556,No,learnDis,NA,Questionnaire,NA,other_non_trivia,NA,NA,NA,NA,No,11
Group_4,640af64da24fe7f33be46873307b3e0a05f4d9f9f7dd1275fe4bd5e68fa0b556,No,attention,NA,Questionnaire,NA,other_non_trivia,NA,NA,NA,NA,No,12
Group_4,640af64da24fe7f33be46873307b3e0a05f4d9f9f7dd1275fe4bd5e68fa0b556,No,headInjury,NA,Questionnaire,NA,other_non_trivia,NA,NA,NA,NA,No,13
Group_4,640af64da24fe7f33be46873307b3e0a05f4d9f9f7dd1275fe4bd5e68fa0b556,No,neuroImpair,NA,Questionnaire,NA,other_non_trivia,NA,NA,NA,NA,No,14
Group_4,640af64da24fe7f33be46873307b3e0a05f4d9f9f7dd1275fe4bd5e68fa0b556,No,household_accent,NA,Questionnaire,NA,other_non_trivia,NA,NA,NA,NA,No,15
Group_4,640af64da24fe7f33be46873307b3e0a05f4d9f9f7dd1275fe4bd5e68fa0b556,"Yes, they spoke English with a foreign accent other than the Spanish accent",current_accent,NA,Questionnaire,NA,other_non_trivia,NA,NA,NA,NA,No,16
Group_4,640af64da24fe7f33be46873307b3e0a05f4d9f9f7dd1275fe4bd5e68fa0b556,Never,exposure_spanish,NA,Questionnaire,NA,other_non_trivia,NA,NA,NA,NA,No,17
Group_4,640af64da24fe7f33be46873307b3e0a05f4d9f9f7dd1275fe4bd5e68fa0b556,Never,exposure_spanish_accent,NA,Questionnaire,NA,other_non_trivia,NA,NA,NA,NA,No,18
Group_4,640af64da24fe7f33be46873307b3e0a05f4d9f9f7dd1275fe4bd5e68fa0b556,42,age,NA,Questionnaire,NA,other_non_trivia,NA,NA,NA,NA,No,19
Group_4,640af64da24fe7f33be46873307b3e0a05f4d9f9f7dd1275fe4bd5e68fa0b556,Massachusetts,origin_state,NA,Questionnaire,NA,other_non_trivia,NA,NA,NA,NA,No,20
Group_4,640af64da24fe7f33be46873307b3e0a05f4d9f9f7dd1275fe4bd5e68fa0b556,02339,origin_zipcode,NA,Questionnaire,NA,other_non_trivia,NA,NA,NA,NA,No,21
Group_4,640af64da24fe7f33be46873307b3e0a05f4d9f9f7dd1275fe4bd5e68fa0b556,Massachusetts,current_state,NA,Questionnaire,NA,other_non_trivia,NA,NA,NA,NA,No,22
Group_4,640af64da24fe7f33be46873307b3e0a05f4d9f9f7dd1275fe4bd5e68fa0b556,02339,current_zipcode,NA,Questionnaire,NA,other_non_trivia,NA,NA,NA,NA,No,23
Group_4,640af64da24fe7f33be46873307b3e0a05f4d9f9f7dd1275fe4bd5e68fa0b556,NA,same_state_5_year_no,NA,Questionnaire,NA,other_non_trivia,NA,NA,NA,NA,No,24
Group_4,640af64da24fe7f33be46873307b3e0a05f4d9f9f7dd1275fe4bd5e68fa0b556,NA,diseaseDetail,NA,Questionnaire,NA,other_non_trivia,NA,NA,NA,NA,No,25
Group_4,640af64da24fe7f33be46873307b3e0a05f4d9f9f7dd1275fe4bd5e68fa0b556,Perfect English,most_frequent_accent,NA,Questionnaire,NA,other_non_trivia,NA,NA,NA,NA,No,26
Group_4,640af64da24fe7f33be46873307b3e0a05f4d9f9f7dd1275fe4bd5e68fa0b556,Wife is Thai. I visit the country every few years.,additional_language_experience,NA,Questionnaire,NA,other_non_trivia,NA,NA,NA,NA,No,27
Group_4,6622fc8423065d0fecacd26c0abbdf9076c0b85c9d5e8b6702fba7fe2b461642,Female,gender,NA,Questionnaire,NA,other_non_trivia,NA,NA,NA,NA,No,1
Group_4,6622fc8423065d0fecacd26c0abbdf9076c0b85c9d5e8b6702fba7fe2b461642,"['Black or African American', 'White']",race/ethnicity,NA,Questionnaire,NA,other_non_trivia,NA,NA,NA,NA,No,2
Group_4,6622fc8423065d0fecacd26c0abbdf9076c0b85c9d5e8b6702fba7fe2b461642,2- or 4-year college degree,highest_level_edu,NA,Questionnaire,NA,other_non_trivia,NA,NA,NA,NA,No,3
Group_4,6622fc8423065d0fecacd26c0abbdf9076c0b85c9d5e8b6702fba7fe2b461642,['English'],native_language,NA,Questionnaire,NA,other_non_trivia,NA,NA,NA,NA,No,4
Group_4,6622fc8423065d0fecacd26c0abbdf9076c0b85c9d5e8b6702fba7fe2b461642,Yes,same_state_5_year,NA,Questionnaire,NA,other_non_trivia,NA,NA,NA,NA,No,5
Group_4,6622fc8423065d0fecacd26c0abbdf9076c0b85c9d5e8b6702fba7fe2b461642,No,same_state_5_year_yes,NA,Questionnaire,NA,other_non_trivia,NA,NA,NA,NA,No,6
Group_4,6622fc8423065d0fecacd26c0abbdf9076c0b85c9d5e8b6702fba7fe2b461642,Right,handedness,NA,Questionnaire,NA,other_non_trivia,NA,NA,NA,NA,No,7
Group_4,6622fc8423065d0fecacd26c0abbdf9076c0b85c9d5e8b6702fba7fe2b461642,Yes,hearing,NA,Questionnaire,NA,other_non_trivia,NA,NA,NA,NA,No,8
Group_4,6622fc8423065d0fecacd26c0abbdf9076c0b85c9d5e8b6702fba7fe2b461642,No,vision,NA,Questionnaire,NA,other_non_trivia,NA,NA,NA,NA,No,9
Group_4,6622fc8423065d0fecacd26c0abbdf9076c0b85c9d5e8b6702fba7fe2b461642,No,langDis,NA,Questionnaire,NA,other_non_trivia,NA,NA,NA,NA,No,10
Group_4,6622fc8423065d0fecacd26c0abbdf9076c0b85c9d5e8b6702fba7fe2b461642,No,learnDis,NA,Questionnaire,NA,other_non_trivia,NA,NA,NA,NA,No,11
Group_4,6622fc8423065d0fecacd26c0abbdf9076c0b85c9d5e8b6702fba7fe2b461642,Yes,attention,NA,Questionnaire,NA,other_non_trivia,NA,NA,NA,NA,No,12
Group_4,6622fc8423065d0fecacd26c0abbdf9076c0b85c9d5e8b6702fba7fe2b461642,No,headInjury,NA,Questionnaire,NA,other_non_trivia,NA,NA,NA,NA,No,13
Group_4,6622fc8423065d0fecacd26c0abbdf9076c0b85c9d5e8b6702fba7fe2b461642,No,neuroImpair,NA,Questionnaire,NA,other_non_trivia,NA,NA,NA,NA,No,14
Group_4,6622fc8423065d0fecacd26c0abbdf9076c0b85c9d5e8b6702fba7fe2b461642,"Yes, they spoke English with a foreign accent other than the Spanish accent",household_accent,NA,Questionnaire,NA,other_non_trivia,NA,NA,NA,NA,No,15
Group_4,6622fc8423065d0fecacd26c0abbdf9076c0b85c9d5e8b6702fba7fe2b461642,No,current_accent,NA,Questionnaire,NA,other_non_trivia,NA,NA,NA,NA,No,16
Group_4,6622fc8423065d0fecacd26c0abbdf9076c0b85c9d5e8b6702fba7fe2b461642,Sometimes,exposure_spanish,NA,Questionnaire,NA,other_non_trivia,NA,NA,NA,NA,No,17
Group_4,6622fc8423065d0fecacd26c0abbdf9076c0b85c9d5e8b6702fba7fe2b461642,Sometimes,exposure_spanish_accent,NA,Questionnaire,NA,other_non_trivia,NA,NA,NA,NA,No,18
Group_4,6622fc8423065d0fecacd26c0abbdf9076c0b85c9d5e8b6702fba7fe2b461642,37,age,NA,Questionnaire,NA,other_non_trivia,NA,NA,NA,NA,No,19
Group_4,6622fc8423065d0fecacd26c0abbdf9076c0b85c9d5e8b6702fba7fe2b461642,Florida,origin_state,NA,Questionnaire,NA,other_non_trivia,NA,NA,NA,NA,No,20
Group_4,6622fc8423065d0fecacd26c0abbdf9076c0b85c9d5e8b6702fba7fe2b461642,"Fort Myers, FL",origin_zipcode,NA,Questionnaire,NA,other_non_trivia,NA,NA,NA,NA,No,21
Group_4,6622fc8423065d0fecacd26c0abbdf9076c0b85c9d5e8b6702fba7fe2b461642,Georgia,current_state,NA,Questionnaire,NA,other_non_trivia,NA,NA,NA,NA,No,22
Group_4,6622fc8423065d0fecacd26c0abbdf9076c0b85c9d5e8b6702fba7fe2b461642,31058,current_zipcode,NA,Questionnaire,NA,other_non_trivia,NA,NA,NA,NA,No,23
Group_4,6622fc8423065d0fecacd26c0abbdf9076c0b85c9d5e8b6702fba7fe2b461642,NA,same_state_5_year_no,NA,Questionnaire,NA,other_non_trivia,NA,NA,NA,NA,No,24
Group_4,6622fc8423065d0fecacd26c0abbdf9076c0b85c9d5e8b6702fba7fe2b461642,ADD,diseaseDetail,NA,Questionnaire,NA,other_non_trivia,NA,NA,NA,NA,No,25
Group_4,6622fc8423065d0fecacd26c0abbdf9076c0b85c9d5e8b6702fba7fe2b461642,"Family, American; Friend/Business Partner, Spanish",most_frequent_accent,NA,Questionnaire,NA,other_non_trivia,NA,NA,NA,NA,No,26
Group_4,6622fc8423065d0fecacd26c0abbdf9076c0b85c9d5e8b6702fba7fe2b461642,Learned spanish in high school and college,additional_language_experience,NA,Questionnaire,NA,other_non_trivia,NA,NA,NA,NA,No,27
Group_3,691b0cfb23a559c33480315d3fd03586c2d736c19b0cca013765829a859d398e,Male,gender,NA,Questionnaire,NA,other_non_trivia,NA,NA,NA,NA,No,1
Group_3,691b0cfb23a559c33480315d3fd03586c2d736c19b0cca013765829a859d398e,['White'],race/ethnicity,NA,Questionnaire,NA,other_non_trivia,NA,NA,NA,NA,No,2
Group_3,691b0cfb23a559c33480315d3fd03586c2d736c19b0cca013765829a859d398e,2- or 4-year college degree,highest_level_edu,NA,Questionnaire,NA,other_non_trivia,NA,NA,NA,NA,No,3
Group_3,691b0cfb23a559c33480315d3fd03586c2d736c19b0cca013765829a859d398e,['English'],native_language,NA,Questionnaire,NA,other_non_trivia,NA,NA,NA,NA,No,4
Group_3,691b0cfb23a559c33480315d3fd03586c2d736c19b0cca013765829a859d398e,Yes,same_state_5_year,NA,Questionnaire,NA,other_non_trivia,NA,NA,NA,NA,No,5
Group_3,691b0cfb23a559c33480315d3fd03586c2d736c19b0cca013765829a859d398e,Yes,same_state_5_year_yes,NA,Questionnaire,NA,other_non_trivia,NA,NA,NA,NA,No,6
Group_3,691b0cfb23a559c33480315d3fd03586c2d736c19b0cca013765829a859d398e,Right,handedness,NA,Questionnaire,NA,other_non_trivia,NA,NA,NA,NA,No,7
Group_3,691b0cfb23a559c33480315d3fd03586c2d736c19b0cca013765829a859d398e,No,hearing,NA,Questionnaire,NA,other_non_trivia,NA,NA,NA,NA,No,8
Group_3,691b0cfb23a559c33480315d3fd03586c2d736c19b0cca013765829a859d398e,No,vision,NA,Questionnaire,NA,other_non_trivia,NA,NA,NA,NA,No,9
Group_3,691b0cfb23a559c33480315d3fd03586c2d736c19b0cca013765829a859d398e,No,langDis,NA,Questionnaire,NA,other_non_trivia,NA,NA,NA,NA,No,10
Group_3,691b0cfb23a559c33480315d3fd03586c2d736c19b0cca013765829a859d398e,No,learnDis,NA,Questionnaire,NA,other_non_trivia,NA,NA,NA,NA,No,11
Group_3,691b0cfb23a559c33480315d3fd03586c2d736c19b0cca013765829a859d398e,No,attention,NA,Questionnaire,NA,other_non_trivia,NA,NA,NA,NA,No,12
Group_3,691b0cfb23a559c33480315d3fd03586c2d736c19b0cca013765829a859d398e,No,headInjury,NA,Questionnaire,NA,other_non_trivia,NA,NA,NA,NA,No,13
Group_3,691b0cfb23a559c33480315d3fd03586c2d736c19b0cca013765829a859d398e,No,neuroImpair,NA,Questionnaire,NA,other_non_trivia,NA,NA,NA,NA,No,14
Group_3,691b0cfb23a559c33480315d3fd03586c2d736c19b0cca013765829a859d398e,"Yes, they spoke English with a Spanish accent",household_accent,NA,Questionnaire,NA,other_non_trivia,NA,NA,NA,NA,No,15
Group_3,691b0cfb23a559c33480315d3fd03586c2d736c19b0cca013765829a859d398e,"Yes, they spoke English with a foreign accent other than the Spanish accent",current_accent,NA,Questionnaire,NA,other_non_trivia,NA,NA,NA,NA,No,16
Group_3,691b0cfb23a559c33480315d3fd03586c2d736c19b0cca013765829a859d398e,Sometimes,exposure_spanish,NA,Questionnaire,NA,other_non_trivia,NA,NA,NA,NA,No,17
Group_3,691b0cfb23a559c33480315d3fd03586c2d736c19b0cca013765829a859d398e,Often,exposure_spanish_accent,NA,Questionnaire,NA,other_non_trivia,NA,NA,NA,NA,No,18
Group_3,691b0cfb23a559c33480315d3fd03586c2d736c19b0cca013765829a859d398e,29,age,NA,Questionnaire,NA,other_non_trivia,NA,NA,NA,NA,No,19
Group_3,691b0cfb23a559c33480315d3fd03586c2d736c19b0cca013765829a859d398e,California,origin_state,NA,Questionnaire,NA,other_non_trivia,NA,NA,NA,NA,No,20
Group_3,691b0cfb23a559c33480315d3fd03586c2d736c19b0cca013765829a859d398e,90002,origin_zipcode,NA,Questionnaire,NA,other_non_trivia,NA,NA,NA,NA,No,21
Group_3,691b0cfb23a559c33480315d3fd03586c2d736c19b0cca013765829a859d398e,California,current_state,NA,Questionnaire,NA,other_non_trivia,NA,NA,NA,NA,No,22
Group_3,691b0cfb23a559c33480315d3fd03586c2d736c19b0cca013765829a859d398e,90002,current_zipcode,NA,Questionnaire,NA,other_non_trivia,NA,NA,NA,NA,No,23
Group_3,691b0cfb23a559c33480315d3fd03586c2d736c19b0cca013765829a859d398e,NA,same_state_5_year_no,NA,Questionnaire,NA,other_non_trivia,NA,NA,NA,NA,No,24
Group_3,691b0cfb23a559c33480315d3fd03586c2d736c19b0cca013765829a859d398e,NA,diseaseDetail,NA,Questionnaire,NA,other_non_trivia,NA,NA,NA,NA,No,25
Group_3,691b0cfb23a559c33480315d3fd03586c2d736c19b0cca013765829a859d398e,some of my friend,most_frequent_accent,NA,Questionnaire,NA,other_non_trivia,NA,NA,NA,NA,No,26
Group_3,691b0cfb23a559c33480315d3fd03586c2d736c19b0cca013765829a859d398e,na,additional_language_experience,NA,Questionnaire,NA,other_non_trivia,NA,NA,NA,NA,No,27
Group_1,69c887289b71169d71f56cc2a66ef82a4f3f1c6a231a1de291b33c879eb6a368,Male,gender,NA,Questionnaire,NA,other_non_trivia,NA,NA,NA,NA,No,1
Group_1,69c887289b71169d71f56cc2a66ef82a4f3f1c6a231a1de291b33c879eb6a368,['Native Hawaiian or Other Pacific Islander'],race/ethnicity,NA,Questionnaire,NA,other_non_trivia,NA,NA,NA,NA,No,2
Group_1,69c887289b71169d71f56cc2a66ef82a4f3f1c6a231a1de291b33c879eb6a368,2- or 4-year college degree,highest_level_edu,NA,Questionnaire,NA,other_non_trivia,NA,NA,NA,NA,No,3
Group_1,69c887289b71169d71f56cc2a66ef82a4f3f1c6a231a1de291b33c879eb6a368,['English'],native_language,NA,Questionnaire,NA,other_non_trivia,NA,NA,NA,NA,No,4
Group_1,69c887289b71169d71f56cc2a66ef82a4f3f1c6a231a1de291b33c879eb6a368,Yes,same_state_5_year,NA,Questionnaire,NA,other_non_trivia,NA,NA,NA,NA,No,5
Group_1,69c887289b71169d71f56cc2a66ef82a4f3f1c6a231a1de291b33c879eb6a368,Yes,same_state_5_year_yes,NA,Questionnaire,NA,other_non_trivia,NA,NA,NA,NA,No,6
Group_1,69c887289b71169d71f56cc2a66ef82a4f3f1c6a231a1de291b33c879eb6a368,Right,handedness,NA,Questionnaire,NA,other_non_trivia,NA,NA,NA,NA,No,7
Group_1,69c887289b71169d71f56cc2a66ef82a4f3f1c6a231a1de291b33c879eb6a368,No,hearing,NA,Questionnaire,NA,other_non_trivia,NA,NA,NA,NA,No,8
Group_1,69c887289b71169d71f56cc2a66ef82a4f3f1c6a231a1de291b33c879eb6a368,No,vision,NA,Questionnaire,NA,other_non_trivia,NA,NA,NA,NA,No,9
Group_1,69c887289b71169d71f56cc2a66ef82a4f3f1c6a231a1de291b33c879eb6a368,No,langDis,NA,Questionnaire,NA,other_non_trivia,NA,NA,NA,NA,No,10
Group_1,69c887289b71169d71f56cc2a66ef82a4f3f1c6a231a1de291b33c879eb6a368,No,learnDis,NA,Questionnaire,NA,other_non_trivia,NA,NA,NA,NA,No,11
Group_1,69c887289b71169d71f56cc2a66ef82a4f3f1c6a231a1de291b33c879eb6a368,No,attention,NA,Questionnaire,NA,other_non_trivia,NA,NA,NA,NA,No,12
Group_1,69c887289b71169d71f56cc2a66ef82a4f3f1c6a231a1de291b33c879eb6a368,No,headInjury,NA,Questionnaire,NA,other_non_trivia,NA,NA,NA,NA,No,13
Group_1,69c887289b71169d71f56cc2a66ef82a4f3f1c6a231a1de291b33c879eb6a368,No,neuroImpair,NA,Questionnaire,NA,other_non_trivia,NA,NA,NA,NA,No,14
Group_1,69c887289b71169d71f56cc2a66ef82a4f3f1c6a231a1de291b33c879eb6a368,"Yes, they spoke English with a foreign accent other than the Spanish accent",household_accent,NA,Questionnaire,NA,other_non_trivia,NA,NA,NA,NA,No,15
Group_1,69c887289b71169d71f56cc2a66ef82a4f3f1c6a231a1de291b33c879eb6a368,No,current_accent,NA,Questionnaire,NA,other_non_trivia,NA,NA,NA,NA,No,16
Group_1,69c887289b71169d71f56cc2a66ef82a4f3f1c6a231a1de291b33c879eb6a368,Never,exposure_spanish,NA,Questionnaire,NA,other_non_trivia,NA,NA,NA,NA,No,17
Group_1,69c887289b71169d71f56cc2a66ef82a4f3f1c6a231a1de291b33c879eb6a368,Never,exposure_spanish_accent,NA,Questionnaire,NA,other_non_trivia,NA,NA,NA,NA,No,18
Group_1,69c887289b71169d71f56cc2a66ef82a4f3f1c6a231a1de291b33c879eb6a368,30,age,NA,Questionnaire,NA,other_non_trivia,NA,NA,NA,NA,No,19
Group_1,69c887289b71169d71f56cc2a66ef82a4f3f1c6a231a1de291b33c879eb6a368,New York,origin_state,NA,Questionnaire,NA,other_non_trivia,NA,NA,NA,NA,No,20
Group_1,69c887289b71169d71f56cc2a66ef82a4f3f1c6a231a1de291b33c879eb6a368,"Bronxville, NY",origin_zipcode,NA,Questionnaire,NA,other_non_trivia,NA,NA,NA,NA,No,21
Group_1,69c887289b71169d71f56cc2a66ef82a4f3f1c6a231a1de291b33c879eb6a368,VA,current_state,NA,Questionnaire,NA,other_non_trivia,NA,NA,NA,NA,No,22
Group_1,69c887289b71169d71f56cc2a66ef82a4f3f1c6a231a1de291b33c879eb6a368,23456,current_zipcode,NA,Questionnaire,NA,other_non_trivia,NA,NA,NA,NA,No,23
Group_1,69c887289b71169d71f56cc2a66ef82a4f3f1c6a231a1de291b33c879eb6a368,NA,same_state_5_year_no,NA,Questionnaire,NA,other_non_trivia,NA,NA,NA,NA,No,24
Group_1,69c887289b71169d71f56cc2a66ef82a4f3f1c6a231a1de291b33c879eb6a368,NA,diseaseDetail,NA,Questionnaire,NA,other_non_trivia,NA,NA,NA,NA,No,25
Group_1,69c887289b71169d71f56cc2a66ef82a4f3f1c6a231a1de291b33c879eb6a368,"My parents: Filipino. My brothers, New York accent.",most_frequent_accent,NA,Questionnaire,NA,other_non_trivia,NA,NA,NA,NA,No,26
Group_1,69c887289b71169d71f56cc2a66ef82a4f3f1c6a231a1de291b33c879eb6a368,My parents are from the Philippines and spoke Visaya,additional_language_experience,NA,Questionnaire,NA,other_non_trivia,NA,NA,NA,NA,No,27
Group_1,6b063117165caab02c708487206ccb0c9e0da8f989be450b21b12f25118021a7,Female,gender,NA,Questionnaire,NA,other_non_trivia,NA,NA,NA,NA,No,1
Group_1,6b063117165caab02c708487206ccb0c9e0da8f989be450b21b12f25118021a7,['Black or African American'],race/ethnicity,NA,Questionnaire,NA,other_non_trivia,NA,NA,NA,NA,No,2
Group_1,6b063117165caab02c708487206ccb0c9e0da8f989be450b21b12f25118021a7,High school,highest_level_edu,NA,Questionnaire,NA,other_non_trivia,NA,NA,NA,NA,No,3
Group_1,6b063117165caab02c708487206ccb0c9e0da8f989be450b21b12f25118021a7,['English'],native_language,NA,Questionnaire,NA,other_non_trivia,NA,NA,NA,NA,No,4
Group_1,6b063117165caab02c708487206ccb0c9e0da8f989be450b21b12f25118021a7,Yes,same_state_5_year,NA,Questionnaire,NA,other_non_trivia,NA,NA,NA,NA,No,5
Group_1,6b063117165caab02c708487206ccb0c9e0da8f989be450b21b12f25118021a7,Yes,same_state_5_year_yes,NA,Questionnaire,NA,other_non_trivia,NA,NA,NA,NA,No,6
Group_1,6b063117165caab02c708487206ccb0c9e0da8f989be450b21b12f25118021a7,Right,handedness,NA,Questionnaire,NA,other_non_trivia,NA,NA,NA,NA,No,7
Group_1,6b063117165caab02c708487206ccb0c9e0da8f989be450b21b12f25118021a7,No,hearing,NA,Questionnaire,NA,other_non_trivia,NA,NA,NA,NA,No,8
Group_1,6b063117165caab02c708487206ccb0c9e0da8f989be450b21b12f25118021a7,Yes,vision,NA,Questionnaire,NA,other_non_trivia,NA,NA,NA,NA,No,9
Group_1,6b063117165caab02c708487206ccb0c9e0da8f989be450b21b12f25118021a7,No,langDis,NA,Questionnaire,NA,other_non_trivia,NA,NA,NA,NA,No,10
Group_1,6b063117165caab02c708487206ccb0c9e0da8f989be450b21b12f25118021a7,No,learnDis,NA,Questionnaire,NA,other_non_trivia,NA,NA,NA,NA,No,11
Group_1,6b063117165caab02c708487206ccb0c9e0da8f989be450b21b12f25118021a7,No,attention,NA,Questionnaire,NA,other_non_trivia,NA,NA,NA,NA,No,12
Group_1,6b063117165caab02c708487206ccb0c9e0da8f989be450b21b12f25118021a7,No,headInjury,NA,Questionnaire,NA,other_non_trivia,NA,NA,NA,NA,No,13
Group_1,6b063117165caab02c708487206ccb0c9e0da8f989be450b21b12f25118021a7,No,neuroImpair,NA,Questionnaire,NA,other_non_trivia,NA,NA,NA,NA,No,14
Group_1,6b063117165caab02c708487206ccb0c9e0da8f989be450b21b12f25118021a7,No,household_accent,NA,Questionnaire,NA,other_non_trivia,NA,NA,NA,NA,No,15
Group_1,6b063117165caab02c708487206ccb0c9e0da8f989be450b21b12f25118021a7,No,current_accent,NA,Questionnaire,NA,other_non_trivia,NA,NA,NA,NA,No,16
Group_1,6b063117165caab02c708487206ccb0c9e0da8f989be450b21b12f25118021a7,Half the time,exposure_spanish,NA,Questionnaire,NA,other_non_trivia,NA,NA,NA,NA,No,17
Group_1,6b063117165caab02c708487206ccb0c9e0da8f989be450b21b12f25118021a7,Half the time,exposure_spanish_accent,NA,Questionnaire,NA,other_non_trivia,NA,NA,NA,NA,No,18
Group_1,6b063117165caab02c708487206ccb0c9e0da8f989be450b21b12f25118021a7,37,age,NA,Questionnaire,NA,other_non_trivia,NA,NA,NA,NA,No,19
Group_1,6b063117165caab02c708487206ccb0c9e0da8f989be450b21b12f25118021a7,Texas,origin_state,NA,Questionnaire,NA,other_non_trivia,NA,NA,NA,NA,No,20
Group_1,6b063117165caab02c708487206ccb0c9e0da8f989be450b21b12f25118021a7,77057,origin_zipcode,NA,Questionnaire,NA,other_non_trivia,NA,NA,NA,NA,No,21
Group_1,6b063117165caab02c708487206ccb0c9e0da8f989be450b21b12f25118021a7,Texas,current_state,NA,Questionnaire,NA,other_non_trivia,NA,NA,NA,NA,No,22
Group_1,6b063117165caab02c708487206ccb0c9e0da8f989be450b21b12f25118021a7,78253,current_zipcode,NA,Questionnaire,NA,other_non_trivia,NA,NA,NA,NA,No,23
Group_1,6b063117165caab02c708487206ccb0c9e0da8f989be450b21b12f25118021a7,N/A,same_state_5_year_no,NA,Questionnaire,NA,other_non_trivia,NA,NA,NA,NA,No,24
Group_1,6b063117165caab02c708487206ccb0c9e0da8f989be450b21b12f25118021a7,N/A,diseaseDetail,NA,Questionnaire,NA,other_non_trivia,NA,NA,NA,NA,No,25
Group_1,6b063117165caab02c708487206ccb0c9e0da8f989be450b21b12f25118021a7,American,most_frequent_accent,NA,Questionnaire,NA,other_non_trivia,NA,NA,NA,NA,No,26
Group_1,6b063117165caab02c708487206ccb0c9e0da8f989be450b21b12f25118021a7,I live in San Antonio where culture is predominately spanish,additional_language_experience,NA,Questionnaire,NA,other_non_trivia,NA,NA,NA,NA,No,27
Group_2,6c5bb8c2fe55a4a1f08e7d97937fd2113d2279f4317f81c93af82d981a01b1e3,Female,gender,NA,Questionnaire,NA,other_non_trivia,NA,NA,NA,NA,No,1
Group_2,6c5bb8c2fe55a4a1f08e7d97937fd2113d2279f4317f81c93af82d981a01b1e3,['White'],race/ethnicity,NA,Questionnaire,NA,other_non_trivia,NA,NA,NA,NA,No,2
Group_2,6c5bb8c2fe55a4a1f08e7d97937fd2113d2279f4317f81c93af82d981a01b1e3,Master’s degree,highest_level_edu,NA,Questionnaire,NA,other_non_trivia,NA,NA,NA,NA,No,3
Group_2,6c5bb8c2fe55a4a1f08e7d97937fd2113d2279f4317f81c93af82d981a01b1e3,['English'],native_language,NA,Questionnaire,NA,other_non_trivia,NA,NA,NA,NA,No,4
Group_2,6c5bb8c2fe55a4a1f08e7d97937fd2113d2279f4317f81c93af82d981a01b1e3,Yes,same_state_5_year,NA,Questionnaire,NA,other_non_trivia,NA,NA,NA,NA,No,5
Group_2,6c5bb8c2fe55a4a1f08e7d97937fd2113d2279f4317f81c93af82d981a01b1e3,Yes,same_state_5_year_yes,NA,Questionnaire,NA,other_non_trivia,NA,NA,NA,NA,No,6
Group_2,6c5bb8c2fe55a4a1f08e7d97937fd2113d2279f4317f81c93af82d981a01b1e3,Right,handedness,NA,Questionnaire,NA,other_non_trivia,NA,NA,NA,NA,No,7
Group_2,6c5bb8c2fe55a4a1f08e7d97937fd2113d2279f4317f81c93af82d981a01b1e3,No,hearing,NA,Questionnaire,NA,other_non_trivia,NA,NA,NA,NA,No,8
Group_2,6c5bb8c2fe55a4a1f08e7d97937fd2113d2279f4317f81c93af82d981a01b1e3,No,vision,NA,Questionnaire,NA,other_non_trivia,NA,NA,NA,NA,No,9
Group_2,6c5bb8c2fe55a4a1f08e7d97937fd2113d2279f4317f81c93af82d981a01b1e3,No,langDis,NA,Questionnaire,NA,other_non_trivia,NA,NA,NA,NA,No,10
Group_2,6c5bb8c2fe55a4a1f08e7d97937fd2113d2279f4317f81c93af82d981a01b1e3,No,learnDis,NA,Questionnaire,NA,other_non_trivia,NA,NA,NA,NA,No,11
Group_2,6c5bb8c2fe55a4a1f08e7d97937fd2113d2279f4317f81c93af82d981a01b1e3,Yes,attention,NA,Questionnaire,NA,other_non_trivia,NA,NA,NA,NA,No,12
Group_2,6c5bb8c2fe55a4a1f08e7d97937fd2113d2279f4317f81c93af82d981a01b1e3,No,headInjury,NA,Questionnaire,NA,other_non_trivia,NA,NA,NA,NA,No,13
Group_2,6c5bb8c2fe55a4a1f08e7d97937fd2113d2279f4317f81c93af82d981a01b1e3,No,neuroImpair,NA,Questionnaire,NA,other_non_trivia,NA,NA,NA,NA,No,14
Group_2,6c5bb8c2fe55a4a1f08e7d97937fd2113d2279f4317f81c93af82d981a01b1e3,No,household_accent,NA,Questionnaire,NA,other_non_trivia,NA,NA,NA,NA,No,15
Group_2,6c5bb8c2fe55a4a1f08e7d97937fd2113d2279f4317f81c93af82d981a01b1e3,No,current_accent,NA,Questionnaire,NA,other_non_trivia,NA,NA,NA,NA,No,16
Group_2,6c5bb8c2fe55a4a1f08e7d97937fd2113d2279f4317f81c93af82d981a01b1e3,Never,exposure_spanish,NA,Questionnaire,NA,other_non_trivia,NA,NA,NA,NA,No,17
Group_2,6c5bb8c2fe55a4a1f08e7d97937fd2113d2279f4317f81c93af82d981a01b1e3,Never,exposure_spanish_accent,NA,Questionnaire,NA,other_non_trivia,NA,NA,NA,NA,No,18
Group_2,6c5bb8c2fe55a4a1f08e7d97937fd2113d2279f4317f81c93af82d981a01b1e3,32,age,NA,Questionnaire,NA,other_non_trivia,NA,NA,NA,NA,No,19
Group_2,6c5bb8c2fe55a4a1f08e7d97937fd2113d2279f4317f81c93af82d981a01b1e3,Arkansas,origin_state,NA,Questionnaire,NA,other_non_trivia,NA,NA,NA,NA,No,20
Group_2,6c5bb8c2fe55a4a1f08e7d97937fd2113d2279f4317f81c93af82d981a01b1e3,72584,origin_zipcode,NA,Questionnaire,NA,other_non_trivia,NA,NA,NA,NA,No,21
Group_2,6c5bb8c2fe55a4a1f08e7d97937fd2113d2279f4317f81c93af82d981a01b1e3,Arkansas,current_state,NA,Questionnaire,NA,other_non_trivia,NA,NA,NA,NA,No,22
Group_2,6c5bb8c2fe55a4a1f08e7d97937fd2113d2279f4317f81c93af82d981a01b1e3,72454,current_zipcode,NA,Questionnaire,NA,other_non_trivia,NA,NA,NA,NA,No,23
Group_2,6c5bb8c2fe55a4a1f08e7d97937fd2113d2279f4317f81c93af82d981a01b1e3,NA,same_state_5_year_no,NA,Questionnaire,NA,other_non_trivia,NA,NA,NA,NA,No,24
Group_2,6c5bb8c2fe55a4a1f08e7d97937fd2113d2279f4317f81c93af82d981a01b1e3,ADHD,diseaseDetail,NA,Questionnaire,NA,other_non_trivia,NA,NA,NA,NA,No,25
Group_2,6c5bb8c2fe55a4a1f08e7d97937fd2113d2279f4317f81c93af82d981a01b1e3,"friend-southern
cousin-southern
grandpa-southern",most_frequent_accent,NA,Questionnaire,NA,other_non_trivia,NA,NA,NA,NA,No,26
Group_2,6c5bb8c2fe55a4a1f08e7d97937fd2113d2279f4317f81c93af82d981a01b1e3,Took Spanish in high school,additional_language_experience,NA,Questionnaire,NA,other_non_trivia,NA,NA,NA,NA,No,27
Group_3,6d413a887a5ab9d871cf936bdfd3e16cf0ef15a67c29bd4b34ddeb6d19e810c4,Non-binary/third gender,gender,NA,Questionnaire,NA,other_non_trivia,NA,NA,NA,NA,No,1
Group_3,6d413a887a5ab9d871cf936bdfd3e16cf0ef15a67c29bd4b34ddeb6d19e810c4,['Hispanic or Latino'],race/ethnicity,NA,Questionnaire,NA,other_non_trivia,NA,NA,NA,NA,No,2
Group_3,6d413a887a5ab9d871cf936bdfd3e16cf0ef15a67c29bd4b34ddeb6d19e810c4,2- or 4-year college degree,highest_level_edu,NA,Questionnaire,NA,other_non_trivia,NA,NA,NA,NA,No,3
Group_3,6d413a887a5ab9d871cf936bdfd3e16cf0ef15a67c29bd4b34ddeb6d19e810c4,['English'],native_language,NA,Questionnaire,NA,other_non_trivia,NA,NA,NA,NA,No,4
Group_3,6d413a887a5ab9d871cf936bdfd3e16cf0ef15a67c29bd4b34ddeb6d19e810c4,No,same_state_5_year,NA,Questionnaire,NA,other_non_trivia,NA,NA,NA,NA,No,5
Group_3,6d413a887a5ab9d871cf936bdfd3e16cf0ef15a67c29bd4b34ddeb6d19e810c4,This doesn't apply to me becuase I answered 'No' previously,same_state_5_year_yes,NA,Questionnaire,NA,other_non_trivia,NA,NA,NA,NA,No,6
Group_3,6d413a887a5ab9d871cf936bdfd3e16cf0ef15a67c29bd4b34ddeb6d19e810c4,Left,handedness,NA,Questionnaire,NA,other_non_trivia,NA,NA,NA,NA,No,7
Group_3,6d413a887a5ab9d871cf936bdfd3e16cf0ef15a67c29bd4b34ddeb6d19e810c4,No,hearing,NA,Questionnaire,NA,other_non_trivia,NA,NA,NA,NA,No,8
Group_3,6d413a887a5ab9d871cf936bdfd3e16cf0ef15a67c29bd4b34ddeb6d19e810c4,Yes,vision,NA,Questionnaire,NA,other_non_trivia,NA,NA,NA,NA,No,9
Group_3,6d413a887a5ab9d871cf936bdfd3e16cf0ef15a67c29bd4b34ddeb6d19e810c4,No,langDis,NA,Questionnaire,NA,other_non_trivia,NA,NA,NA,NA,No,10
Group_3,6d413a887a5ab9d871cf936bdfd3e16cf0ef15a67c29bd4b34ddeb6d19e810c4,No,learnDis,NA,Questionnaire,NA,other_non_trivia,NA,NA,NA,NA,No,11
Group_3,6d413a887a5ab9d871cf936bdfd3e16cf0ef15a67c29bd4b34ddeb6d19e810c4,Yes,attention,NA,Questionnaire,NA,other_non_trivia,NA,NA,NA,NA,No,12
Group_3,6d413a887a5ab9d871cf936bdfd3e16cf0ef15a67c29bd4b34ddeb6d19e810c4,No,headInjury,NA,Questionnaire,NA,other_non_trivia,NA,NA,NA,NA,No,13
Group_3,6d413a887a5ab9d871cf936bdfd3e16cf0ef15a67c29bd4b34ddeb6d19e810c4,Yes,neuroImpair,NA,Questionnaire,NA,other_non_trivia,NA,NA,NA,NA,No,14
Group_3,6d413a887a5ab9d871cf936bdfd3e16cf0ef15a67c29bd4b34ddeb6d19e810c4,No,household_accent,NA,Questionnaire,NA,other_non_trivia,NA,NA,NA,NA,No,15
Group_3,6d413a887a5ab9d871cf936bdfd3e16cf0ef15a67c29bd4b34ddeb6d19e810c4,No,current_accent,NA,Questionnaire,NA,other_non_trivia,NA,NA,NA,NA,No,16
Group_3,6d413a887a5ab9d871cf936bdfd3e16cf0ef15a67c29bd4b34ddeb6d19e810c4,Never,exposure_spanish,NA,Questionnaire,NA,other_non_trivia,NA,NA,NA,NA,No,17
Group_3,6d413a887a5ab9d871cf936bdfd3e16cf0ef15a67c29bd4b34ddeb6d19e810c4,Sometimes,exposure_spanish_accent,NA,Questionnaire,NA,other_non_trivia,NA,NA,NA,NA,No,18
Group_3,6d413a887a5ab9d871cf936bdfd3e16cf0ef15a67c29bd4b34ddeb6d19e810c4,26,age,NA,Questionnaire,NA,other_non_trivia,NA,NA,NA,NA,No,19
Group_3,6d413a887a5ab9d871cf936bdfd3e16cf0ef15a67c29bd4b34ddeb6d19e810c4,Texas,origin_state,NA,Questionnaire,NA,other_non_trivia,NA,NA,NA,NA,No,20
Group_3,6d413a887a5ab9d871cf936bdfd3e16cf0ef15a67c29bd4b34ddeb6d19e810c4,78362,origin_zipcode,NA,Questionnaire,NA,other_non_trivia,NA,NA,NA,NA,No,21
Group_3,6d413a887a5ab9d871cf936bdfd3e16cf0ef15a67c29bd4b34ddeb6d19e810c4,Connecticut,current_state,NA,Questionnaire,NA,other_non_trivia,NA,NA,NA,NA,No,22
Group_3,6d413a887a5ab9d871cf936bdfd3e16cf0ef15a67c29bd4b34ddeb6d19e810c4,06226,current_zipcode,NA,Questionnaire,NA,other_non_trivia,NA,NA,NA,NA,No,23
Group_3,6d413a887a5ab9d871cf936bdfd3e16cf0ef15a67c29bd4b34ddeb6d19e810c4,"Texas, Oklahoma, Connecticut",same_state_5_year_no,NA,Questionnaire,NA,other_non_trivia,NA,NA,NA,NA,No,24
Group_3,6d413a887a5ab9d871cf936bdfd3e16cf0ef15a67c29bd4b34ddeb6d19e810c4,"Autoimmune vision problems, autism, adhd, schizoaffective, ocd",diseaseDetail,NA,Questionnaire,NA,other_non_trivia,NA,NA,NA,NA,No,25
Group_3,6d413a887a5ab9d871cf936bdfd3e16cf0ef15a67c29bd4b34ddeb6d19e810c4,"My partner, american
My friend, american
My mom, american
My dad, american
My other friend, american",most_frequent_accent,NA,Questionnaire,NA,other_non_trivia,NA,NA,NA,NA,No,26
Group_3,6d413a887a5ab9d871cf936bdfd3e16cf0ef15a67c29bd4b34ddeb6d19e810c4,None,additional_language_experience,NA,Questionnaire,NA,other_non_trivia,NA,NA,NA,NA,No,27
Group_3,751b21babeaab7a26d9fdea81cabcb0a9d45c7018cdb4e02425448935bbc2e97,Male,gender,NA,Questionnaire,NA,other_non_trivia,NA,NA,NA,NA,No,1
Group_3,751b21babeaab7a26d9fdea81cabcb0a9d45c7018cdb4e02425448935bbc2e97,['Black or African American'],race/ethnicity,NA,Questionnaire,NA,other_non_trivia,NA,NA,NA,NA,No,2
Group_3,751b21babeaab7a26d9fdea81cabcb0a9d45c7018cdb4e02425448935bbc2e97,2- or 4-year college degree,highest_level_edu,NA,Questionnaire,NA,other_non_trivia,NA,NA,NA,NA,No,3
Group_3,751b21babeaab7a26d9fdea81cabcb0a9d45c7018cdb4e02425448935bbc2e97,['English'],native_language,NA,Questionnaire,NA,other_non_trivia,NA,NA,NA,NA,No,4
Group_3,751b21babeaab7a26d9fdea81cabcb0a9d45c7018cdb4e02425448935bbc2e97,Yes,same_state_5_year,NA,Questionnaire,NA,other_non_trivia,NA,NA,NA,NA,No,5
Group_3,751b21babeaab7a26d9fdea81cabcb0a9d45c7018cdb4e02425448935bbc2e97,Yes,same_state_5_year_yes,NA,Questionnaire,NA,other_non_trivia,NA,NA,NA,NA,No,6
Group_3,751b21babeaab7a26d9fdea81cabcb0a9d45c7018cdb4e02425448935bbc2e97,Right,handedness,NA,Questionnaire,NA,other_non_trivia,NA,NA,NA,NA,No,7
Group_3,751b21babeaab7a26d9fdea81cabcb0a9d45c7018cdb4e02425448935bbc2e97,No,hearing,NA,Questionnaire,NA,other_non_trivia,NA,NA,NA,NA,No,8
Group_3,751b21babeaab7a26d9fdea81cabcb0a9d45c7018cdb4e02425448935bbc2e97,No,vision,NA,Questionnaire,NA,other_non_trivia,NA,NA,NA,NA,No,9
Group_3,751b21babeaab7a26d9fdea81cabcb0a9d45c7018cdb4e02425448935bbc2e97,No,langDis,NA,Questionnaire,NA,other_non_trivia,NA,NA,NA,NA,No,10
Group_3,751b21babeaab7a26d9fdea81cabcb0a9d45c7018cdb4e02425448935bbc2e97,No,learnDis,NA,Questionnaire,NA,other_non_trivia,NA,NA,NA,NA,No,11
Group_3,751b21babeaab7a26d9fdea81cabcb0a9d45c7018cdb4e02425448935bbc2e97,No,attention,NA,Questionnaire,NA,other_non_trivia,NA,NA,NA,NA,No,12
Group_3,751b21babeaab7a26d9fdea81cabcb0a9d45c7018cdb4e02425448935bbc2e97,No,headInjury,NA,Questionnaire,NA,other_non_trivia,NA,NA,NA,NA,No,13
Group_3,751b21babeaab7a26d9fdea81cabcb0a9d45c7018cdb4e02425448935bbc2e97,No,neuroImpair,NA,Questionnaire,NA,other_non_trivia,NA,NA,NA,NA,No,14
Group_3,751b21babeaab7a26d9fdea81cabcb0a9d45c7018cdb4e02425448935bbc2e97,"Yes, they spoke English with a foreign accent other than the Spanish accent",household_accent,NA,Questionnaire,NA,other_non_trivia,NA,NA,NA,NA,No,15
Group_3,751b21babeaab7a26d9fdea81cabcb0a9d45c7018cdb4e02425448935bbc2e97,No,current_accent,NA,Questionnaire,NA,other_non_trivia,NA,NA,NA,NA,No,16
Group_3,751b21babeaab7a26d9fdea81cabcb0a9d45c7018cdb4e02425448935bbc2e97,Sometimes,exposure_spanish,NA,Questionnaire,NA,other_non_trivia,NA,NA,NA,NA,No,17
Group_3,751b21babeaab7a26d9fdea81cabcb0a9d45c7018cdb4e02425448935bbc2e97,Often,exposure_spanish_accent,NA,Questionnaire,NA,other_non_trivia,NA,NA,NA,NA,No,18
Group_3,751b21babeaab7a26d9fdea81cabcb0a9d45c7018cdb4e02425448935bbc2e97,30,age,NA,Questionnaire,NA,other_non_trivia,NA,NA,NA,NA,No,19
Group_3,751b21babeaab7a26d9fdea81cabcb0a9d45c7018cdb4e02425448935bbc2e97,Michigan,origin_state,NA,Questionnaire,NA,other_non_trivia,NA,NA,NA,NA,No,20
Group_3,751b21babeaab7a26d9fdea81cabcb0a9d45c7018cdb4e02425448935bbc2e97,48183,origin_zipcode,NA,Questionnaire,NA,other_non_trivia,NA,NA,NA,NA,No,21
Group_3,751b21babeaab7a26d9fdea81cabcb0a9d45c7018cdb4e02425448935bbc2e97,Michigan,current_state,NA,Questionnaire,NA,other_non_trivia,NA,NA,NA,NA,No,22
Group_3,751b21babeaab7a26d9fdea81cabcb0a9d45c7018cdb4e02425448935bbc2e97,48183,current_zipcode,NA,Questionnaire,NA,other_non_trivia,NA,NA,NA,NA,No,23
Group_3,751b21babeaab7a26d9fdea81cabcb0a9d45c7018cdb4e02425448935bbc2e97,NA,same_state_5_year_no,NA,Questionnaire,NA,other_non_trivia,NA,NA,NA,NA,No,24
Group_3,751b21babeaab7a26d9fdea81cabcb0a9d45c7018cdb4e02425448935bbc2e97,NA,diseaseDetail,NA,Questionnaire,NA,other_non_trivia,NA,NA,NA,NA,No,25
Group_3,751b21babeaab7a26d9fdea81cabcb0a9d45c7018cdb4e02425448935bbc2e97,"My mom, African; my bestfriend, Australian; colleague at work, spanish; neighbour spanish",most_frequent_accent,NA,Questionnaire,NA,other_non_trivia,NA,NA,NA,NA,No,26
Group_3,751b21babeaab7a26d9fdea81cabcb0a9d45c7018cdb4e02425448935bbc2e97,I have been learning Mandarin on duolingo,additional_language_experience,NA,Questionnaire,NA,other_non_trivia,NA,NA,NA,NA,No,27
Group_2,859b2329d7f72cc191cb6ec6f9dbf0ef1fb0458ca376c943cd4e1df8cdb86a47,Female,gender,NA,Questionnaire,NA,other_non_trivia,NA,NA,NA,NA,No,1
Group_2,859b2329d7f72cc191cb6ec6f9dbf0ef1fb0458ca376c943cd4e1df8cdb86a47,['White'],race/ethnicity,NA,Questionnaire,NA,other_non_trivia,NA,NA,NA,NA,No,2
Group_2,859b2329d7f72cc191cb6ec6f9dbf0ef1fb0458ca376c943cd4e1df8cdb86a47,2- or 4-year college degree,highest_level_edu,NA,Questionnaire,NA,other_non_trivia,NA,NA,NA,NA,No,3
Group_2,859b2329d7f72cc191cb6ec6f9dbf0ef1fb0458ca376c943cd4e1df8cdb86a47,['English'],native_language,NA,Questionnaire,NA,other_non_trivia,NA,NA,NA,NA,No,4
Group_2,859b2329d7f72cc191cb6ec6f9dbf0ef1fb0458ca376c943cd4e1df8cdb86a47,Yes,same_state_5_year,NA,Questionnaire,NA,other_non_trivia,NA,NA,NA,NA,No,5
Group_2,859b2329d7f72cc191cb6ec6f9dbf0ef1fb0458ca376c943cd4e1df8cdb86a47,No,same_state_5_year_yes,NA,Questionnaire,NA,other_non_trivia,NA,NA,NA,NA,No,6
Group_2,859b2329d7f72cc191cb6ec6f9dbf0ef1fb0458ca376c943cd4e1df8cdb86a47,Right,handedness,NA,Questionnaire,NA,other_non_trivia,NA,NA,NA,NA,No,7
Group_2,859b2329d7f72cc191cb6ec6f9dbf0ef1fb0458ca376c943cd4e1df8cdb86a47,No,hearing,NA,Questionnaire,NA,other_non_trivia,NA,NA,NA,NA,No,8
Group_2,859b2329d7f72cc191cb6ec6f9dbf0ef1fb0458ca376c943cd4e1df8cdb86a47,No,vision,NA,Questionnaire,NA,other_non_trivia,NA,NA,NA,NA,No,9
Group_2,859b2329d7f72cc191cb6ec6f9dbf0ef1fb0458ca376c943cd4e1df8cdb86a47,No,langDis,NA,Questionnaire,NA,other_non_trivia,NA,NA,NA,NA,No,10
Group_2,859b2329d7f72cc191cb6ec6f9dbf0ef1fb0458ca376c943cd4e1df8cdb86a47,No,learnDis,NA,Questionnaire,NA,other_non_trivia,NA,NA,NA,NA,No,11
Group_2,859b2329d7f72cc191cb6ec6f9dbf0ef1fb0458ca376c943cd4e1df8cdb86a47,No,attention,NA,Questionnaire,NA,other_non_trivia,NA,NA,NA,NA,No,12
Group_2,859b2329d7f72cc191cb6ec6f9dbf0ef1fb0458ca376c943cd4e1df8cdb86a47,No,headInjury,NA,Questionnaire,NA,other_non_trivia,NA,NA,NA,NA,No,13
Group_2,859b2329d7f72cc191cb6ec6f9dbf0ef1fb0458ca376c943cd4e1df8cdb86a47,No,neuroImpair,NA,Questionnaire,NA,other_non_trivia,NA,NA,NA,NA,No,14
Group_2,859b2329d7f72cc191cb6ec6f9dbf0ef1fb0458ca376c943cd4e1df8cdb86a47,No,household_accent,NA,Questionnaire,NA,other_non_trivia,NA,NA,NA,NA,No,15
Group_2,859b2329d7f72cc191cb6ec6f9dbf0ef1fb0458ca376c943cd4e1df8cdb86a47,No,current_accent,NA,Questionnaire,NA,other_non_trivia,NA,NA,NA,NA,No,16
Group_2,859b2329d7f72cc191cb6ec6f9dbf0ef1fb0458ca376c943cd4e1df8cdb86a47,Never,exposure_spanish,NA,Questionnaire,NA,other_non_trivia,NA,NA,NA,NA,No,17
Group_2,859b2329d7f72cc191cb6ec6f9dbf0ef1fb0458ca376c943cd4e1df8cdb86a47,Sometimes,exposure_spanish_accent,NA,Questionnaire,NA,other_non_trivia,NA,NA,NA,NA,No,18
Group_2,859b2329d7f72cc191cb6ec6f9dbf0ef1fb0458ca376c943cd4e1df8cdb86a47,41,age,NA,Questionnaire,NA,other_non_trivia,NA,NA,NA,NA,No,19
Group_2,859b2329d7f72cc191cb6ec6f9dbf0ef1fb0458ca376c943cd4e1df8cdb86a47,Wisconsin,origin_state,NA,Questionnaire,NA,other_non_trivia,NA,NA,NA,NA,No,20
Group_2,859b2329d7f72cc191cb6ec6f9dbf0ef1fb0458ca376c943cd4e1df8cdb86a47,54303,origin_zipcode,NA,Questionnaire,NA,other_non_trivia,NA,NA,NA,NA,No,21
Group_2,859b2329d7f72cc191cb6ec6f9dbf0ef1fb0458ca376c943cd4e1df8cdb86a47,Wisconsin,current_state,NA,Questionnaire,NA,other_non_trivia,NA,NA,NA,NA,No,22
Group_2,859b2329d7f72cc191cb6ec6f9dbf0ef1fb0458ca376c943cd4e1df8cdb86a47,54303,current_zipcode,NA,Questionnaire,NA,other_non_trivia,NA,NA,NA,NA,No,23
Group_2,859b2329d7f72cc191cb6ec6f9dbf0ef1fb0458ca376c943cd4e1df8cdb86a47,NA,same_state_5_year_no,NA,Questionnaire,NA,other_non_trivia,NA,NA,NA,NA,No,24
Group_2,859b2329d7f72cc191cb6ec6f9dbf0ef1fb0458ca376c943cd4e1df8cdb86a47,NA,diseaseDetail,NA,Questionnaire,NA,other_non_trivia,NA,NA,NA,NA,No,25
Group_2,859b2329d7f72cc191cb6ec6f9dbf0ef1fb0458ca376c943cd4e1df8cdb86a47,"Mom, kid one and kid two, all American",most_frequent_accent,NA,Questionnaire,NA,other_non_trivia,NA,NA,NA,NA,No,26
Group_2,859b2329d7f72cc191cb6ec6f9dbf0ef1fb0458ca376c943cd4e1df8cdb86a47,None,additional_language_experience,NA,Questionnaire,NA,other_non_trivia,NA,NA,NA,NA,No,27
Group_2,86186993cadd124e4cf2905d5bbf282efc4798032fc759c080f69f5df44c4853,Male,gender,NA,Questionnaire,NA,other_non_trivia,NA,NA,NA,NA,No,1
Group_2,86186993cadd124e4cf2905d5bbf282efc4798032fc759c080f69f5df44c4853,['Asian'],race/ethnicity,NA,Questionnaire,NA,other_non_trivia,NA,NA,NA,NA,No,2
Group_2,86186993cadd124e4cf2905d5bbf282efc4798032fc759c080f69f5df44c4853,2- or 4-year college degree,highest_level_edu,NA,Questionnaire,NA,other_non_trivia,NA,NA,NA,NA,No,3
Group_2,86186993cadd124e4cf2905d5bbf282efc4798032fc759c080f69f5df44c4853,['English'],native_language,NA,Questionnaire,NA,other_non_trivia,NA,NA,NA,NA,No,4
Group_2,86186993cadd124e4cf2905d5bbf282efc4798032fc759c080f69f5df44c4853,Yes,same_state_5_year,NA,Questionnaire,NA,other_non_trivia,NA,NA,NA,NA,No,5
Group_2,86186993cadd124e4cf2905d5bbf282efc4798032fc759c080f69f5df44c4853,This doesn't apply to me becuase I answered 'No' previously,same_state_5_year_yes,NA,Questionnaire,NA,other_non_trivia,NA,NA,NA,NA,No,6
Group_2,86186993cadd124e4cf2905d5bbf282efc4798032fc759c080f69f5df44c4853,Right,handedness,NA,Questionnaire,NA,other_non_trivia,NA,NA,NA,NA,No,7
Group_2,86186993cadd124e4cf2905d5bbf282efc4798032fc759c080f69f5df44c4853,No,hearing,NA,Questionnaire,NA,other_non_trivia,NA,NA,NA,NA,No,8
Group_2,86186993cadd124e4cf2905d5bbf282efc4798032fc759c080f69f5df44c4853,No,vision,NA,Questionnaire,NA,other_non_trivia,NA,NA,NA,NA,No,9
Group_2,86186993cadd124e4cf2905d5bbf282efc4798032fc759c080f69f5df44c4853,No,langDis,NA,Questionnaire,NA,other_non_trivia,NA,NA,NA,NA,No,10
Group_2,86186993cadd124e4cf2905d5bbf282efc4798032fc759c080f69f5df44c4853,No,learnDis,NA,Questionnaire,NA,other_non_trivia,NA,NA,NA,NA,No,11
Group_2,86186993cadd124e4cf2905d5bbf282efc4798032fc759c080f69f5df44c4853,No,attention,NA,Questionnaire,NA,other_non_trivia,NA,NA,NA,NA,No,12
Group_2,86186993cadd124e4cf2905d5bbf282efc4798032fc759c080f69f5df44c4853,No,headInjury,NA,Questionnaire,NA,other_non_trivia,NA,NA,NA,NA,No,13
Group_2,86186993cadd124e4cf2905d5bbf282efc4798032fc759c080f69f5df44c4853,No,neuroImpair,NA,Questionnaire,NA,other_non_trivia,NA,NA,NA,NA,No,14
Group_2,86186993cadd124e4cf2905d5bbf282efc4798032fc759c080f69f5df44c4853,"Yes, they spoke English with a foreign accent other than the Spanish accent",household_accent,NA,Questionnaire,NA,other_non_trivia,NA,NA,NA,NA,No,15
Group_2,86186993cadd124e4cf2905d5bbf282efc4798032fc759c080f69f5df44c4853,No,current_accent,NA,Questionnaire,NA,other_non_trivia,NA,NA,NA,NA,No,16
Group_2,86186993cadd124e4cf2905d5bbf282efc4798032fc759c080f69f5df44c4853,Sometimes,exposure_spanish,NA,Questionnaire,NA,other_non_trivia,NA,NA,NA,NA,No,17
Group_2,86186993cadd124e4cf2905d5bbf282efc4798032fc759c080f69f5df44c4853,Sometimes,exposure_spanish_accent,NA,Questionnaire,NA,other_non_trivia,NA,NA,NA,NA,No,18
Group_2,86186993cadd124e4cf2905d5bbf282efc4798032fc759c080f69f5df44c4853,29,age,NA,Questionnaire,NA,other_non_trivia,NA,NA,NA,NA,No,19
Group_2,86186993cadd124e4cf2905d5bbf282efc4798032fc759c080f69f5df44c4853,Louisiana,origin_state,NA,Questionnaire,NA,other_non_trivia,NA,NA,NA,NA,No,20
Group_2,86186993cadd124e4cf2905d5bbf282efc4798032fc759c080f69f5df44c4853,70129,origin_zipcode,NA,Questionnaire,NA,other_non_trivia,NA,NA,NA,NA,No,21
Group_2,86186993cadd124e4cf2905d5bbf282efc4798032fc759c080f69f5df44c4853,Louisiana,current_state,NA,Questionnaire,NA,other_non_trivia,NA,NA,NA,NA,No,22
Group_2,86186993cadd124e4cf2905d5bbf282efc4798032fc759c080f69f5df44c4853,70129,current_zipcode,NA,Questionnaire,NA,other_non_trivia,NA,NA,NA,NA,No,23
Group_2,86186993cadd124e4cf2905d5bbf282efc4798032fc759c080f69f5df44c4853,NA,same_state_5_year_no,NA,Questionnaire,NA,other_non_trivia,NA,NA,NA,NA,No,24
Group_2,86186993cadd124e4cf2905d5bbf282efc4798032fc759c080f69f5df44c4853,NA,diseaseDetail,NA,Questionnaire,NA,other_non_trivia,NA,NA,NA,NA,No,25
Group_2,86186993cadd124e4cf2905d5bbf282efc4798032fc759c080f69f5df44c4853,"Grandma, Vietnamese
Mom, American
Best Friend, American",most_frequent_accent,NA,Questionnaire,NA,other_non_trivia,NA,NA,NA,NA,No,26
Group_2,86186993cadd124e4cf2905d5bbf282efc4798032fc759c080f69f5df44c4853,Sometimes speak Vietnamese,additional_language_experience,NA,Questionnaire,NA,other_non_trivia,NA,NA,NA,NA,No,27
Group_3,8897c104e9c6777129e0be6a9bf75483f320d4549c0a2780f82624f0acd05b1c,Female,gender,NA,Questionnaire,NA,other_non_trivia,NA,NA,NA,NA,No,1
Group_3,8897c104e9c6777129e0be6a9bf75483f320d4549c0a2780f82624f0acd05b1c,['White'],race/ethnicity,NA,Questionnaire,NA,other_non_trivia,NA,NA,NA,NA,No,2
Group_3,8897c104e9c6777129e0be6a9bf75483f320d4549c0a2780f82624f0acd05b1c,High school,highest_level_edu,NA,Questionnaire,NA,other_non_trivia,NA,NA,NA,NA,No,3
Group_3,8897c104e9c6777129e0be6a9bf75483f320d4549c0a2780f82624f0acd05b1c,['English'],native_language,NA,Questionnaire,NA,other_non_trivia,NA,NA,NA,NA,No,4
Group_3,8897c104e9c6777129e0be6a9bf75483f320d4549c0a2780f82624f0acd05b1c,No,same_state_5_year,NA,Questionnaire,NA,other_non_trivia,NA,NA,NA,NA,No,5
Group_3,8897c104e9c6777129e0be6a9bf75483f320d4549c0a2780f82624f0acd05b1c,This doesn't apply to me becuase I answered 'No' previously,same_state_5_year_yes,NA,Questionnaire,NA,other_non_trivia,NA,NA,NA,NA,No,6
Group_3,8897c104e9c6777129e0be6a9bf75483f320d4549c0a2780f82624f0acd05b1c,Right,handedness,NA,Questionnaire,NA,other_non_trivia,NA,NA,NA,NA,No,7
Group_3,8897c104e9c6777129e0be6a9bf75483f320d4549c0a2780f82624f0acd05b1c,No,hearing,NA,Questionnaire,NA,other_non_trivia,NA,NA,NA,NA,No,8
Group_3,8897c104e9c6777129e0be6a9bf75483f320d4549c0a2780f82624f0acd05b1c,No,vision,NA,Questionnaire,NA,other_non_trivia,NA,NA,NA,NA,No,9
Group_3,8897c104e9c6777129e0be6a9bf75483f320d4549c0a2780f82624f0acd05b1c,No,langDis,NA,Questionnaire,NA,other_non_trivia,NA,NA,NA,NA,No,10
Group_3,8897c104e9c6777129e0be6a9bf75483f320d4549c0a2780f82624f0acd05b1c,No,learnDis,NA,Questionnaire,NA,other_non_trivia,NA,NA,NA,NA,No,11
Group_3,8897c104e9c6777129e0be6a9bf75483f320d4549c0a2780f82624f0acd05b1c,No,attention,NA,Questionnaire,NA,other_non_trivia,NA,NA,NA,NA,No,12
Group_3,8897c104e9c6777129e0be6a9bf75483f320d4549c0a2780f82624f0acd05b1c,No,headInjury,NA,Questionnaire,NA,other_non_trivia,NA,NA,NA,NA,No,13
Group_3,8897c104e9c6777129e0be6a9bf75483f320d4549c0a2780f82624f0acd05b1c,No,neuroImpair,NA,Questionnaire,NA,other_non_trivia,NA,NA,NA,NA,No,14
Group_3,8897c104e9c6777129e0be6a9bf75483f320d4549c0a2780f82624f0acd05b1c,No,household_accent,NA,Questionnaire,NA,other_non_trivia,NA,NA,NA,NA,No,15
Group_3,8897c104e9c6777129e0be6a9bf75483f320d4549c0a2780f82624f0acd05b1c,No,current_accent,NA,Questionnaire,NA,other_non_trivia,NA,NA,NA,NA,No,16
Group_3,8897c104e9c6777129e0be6a9bf75483f320d4549c0a2780f82624f0acd05b1c,Sometimes,exposure_spanish,NA,Questionnaire,NA,other_non_trivia,NA,NA,NA,NA,No,17
Group_3,8897c104e9c6777129e0be6a9bf75483f320d4549c0a2780f82624f0acd05b1c,Sometimes,exposure_spanish_accent,NA,Questionnaire,NA,other_non_trivia,NA,NA,NA,NA,No,18
Group_3,8897c104e9c6777129e0be6a9bf75483f320d4549c0a2780f82624f0acd05b1c,23,age,NA,Questionnaire,NA,other_non_trivia,NA,NA,NA,NA,No,19
Group_3,8897c104e9c6777129e0be6a9bf75483f320d4549c0a2780f82624f0acd05b1c,Tennessee,origin_state,NA,Questionnaire,NA,other_non_trivia,NA,NA,NA,NA,No,20
Group_3,8897c104e9c6777129e0be6a9bf75483f320d4549c0a2780f82624f0acd05b1c,"Columbia, TN",origin_zipcode,NA,Questionnaire,NA,other_non_trivia,NA,NA,NA,NA,No,21
Group_3,8897c104e9c6777129e0be6a9bf75483f320d4549c0a2780f82624f0acd05b1c,California,current_state,NA,Questionnaire,NA,other_non_trivia,NA,NA,NA,NA,No,22
Group_3,8897c104e9c6777129e0be6a9bf75483f320d4549c0a2780f82624f0acd05b1c,94558,current_zipcode,NA,Questionnaire,NA,other_non_trivia,NA,NA,NA,NA,No,23
Group_3,8897c104e9c6777129e0be6a9bf75483f320d4549c0a2780f82624f0acd05b1c,Texas,same_state_5_year_no,NA,Questionnaire,NA,other_non_trivia,NA,NA,NA,NA,No,24
Group_3,8897c104e9c6777129e0be6a9bf75483f320d4549c0a2780f82624f0acd05b1c,NA,diseaseDetail,NA,Questionnaire,NA,other_non_trivia,NA,NA,NA,NA,No,25
Group_3,8897c104e9c6777129e0be6a9bf75483f320d4549c0a2780f82624f0acd05b1c,"My mom, American; My brother, American; My sister, American; My best friend, American",most_frequent_accent,NA,Questionnaire,NA,other_non_trivia,NA,NA,NA,NA,No,26
Group_3,8897c104e9c6777129e0be6a9bf75483f320d4549c0a2780f82624f0acd05b1c,NA,additional_language_experience,NA,Questionnaire,NA,other_non_trivia,NA,NA,NA,NA,No,27
Group_1,93d70cc6ef5fcf17c6dcc33e1a9b2ca4a1123231738d08e9d05e1fc5330ae3db,Male,gender,NA,Questionnaire,NA,other_non_trivia,NA,NA,NA,NA,No,1
Group_1,93d70cc6ef5fcf17c6dcc33e1a9b2ca4a1123231738d08e9d05e1fc5330ae3db,['White'],race/ethnicity,NA,Questionnaire,NA,other_non_trivia,NA,NA,NA,NA,No,2
Group_1,93d70cc6ef5fcf17c6dcc33e1a9b2ca4a1123231738d08e9d05e1fc5330ae3db,Some college,highest_level_edu,NA,Questionnaire,NA,other_non_trivia,NA,NA,NA,NA,No,3
Group_1,93d70cc6ef5fcf17c6dcc33e1a9b2ca4a1123231738d08e9d05e1fc5330ae3db,['English'],native_language,NA,Questionnaire,NA,other_non_trivia,NA,NA,NA,NA,No,4
Group_1,93d70cc6ef5fcf17c6dcc33e1a9b2ca4a1123231738d08e9d05e1fc5330ae3db,Yes,same_state_5_year,NA,Questionnaire,NA,other_non_trivia,NA,NA,NA,NA,No,5
Group_1,93d70cc6ef5fcf17c6dcc33e1a9b2ca4a1123231738d08e9d05e1fc5330ae3db,No,same_state_5_year_yes,NA,Questionnaire,NA,other_non_trivia,NA,NA,NA,NA,No,6
Group_1,93d70cc6ef5fcf17c6dcc33e1a9b2ca4a1123231738d08e9d05e1fc5330ae3db,Left,handedness,NA,Questionnaire,NA,other_non_trivia,NA,NA,NA,NA,No,7
Group_1,93d70cc6ef5fcf17c6dcc33e1a9b2ca4a1123231738d08e9d05e1fc5330ae3db,No,hearing,NA,Questionnaire,NA,other_non_trivia,NA,NA,NA,NA,No,8
Group_1,93d70cc6ef5fcf17c6dcc33e1a9b2ca4a1123231738d08e9d05e1fc5330ae3db,No,vision,NA,Questionnaire,NA,other_non_trivia,NA,NA,NA,NA,No,9
Group_1,93d70cc6ef5fcf17c6dcc33e1a9b2ca4a1123231738d08e9d05e1fc5330ae3db,No,langDis,NA,Questionnaire,NA,other_non_trivia,NA,NA,NA,NA,No,10
Group_1,93d70cc6ef5fcf17c6dcc33e1a9b2ca4a1123231738d08e9d05e1fc5330ae3db,No,learnDis,NA,Questionnaire,NA,other_non_trivia,NA,NA,NA,NA,No,11
Group_1,93d70cc6ef5fcf17c6dcc33e1a9b2ca4a1123231738d08e9d05e1fc5330ae3db,Yes,attention,NA,Questionnaire,NA,other_non_trivia,NA,NA,NA,NA,No,12
Group_1,93d70cc6ef5fcf17c6dcc33e1a9b2ca4a1123231738d08e9d05e1fc5330ae3db,No,headInjury,NA,Questionnaire,NA,other_non_trivia,NA,NA,NA,NA,No,13
Group_1,93d70cc6ef5fcf17c6dcc33e1a9b2ca4a1123231738d08e9d05e1fc5330ae3db,No,neuroImpair,NA,Questionnaire,NA,other_non_trivia,NA,NA,NA,NA,No,14
Group_1,93d70cc6ef5fcf17c6dcc33e1a9b2ca4a1123231738d08e9d05e1fc5330ae3db,No,household_accent,NA,Questionnaire,NA,other_non_trivia,NA,NA,NA,NA,No,15
Group_1,93d70cc6ef5fcf17c6dcc33e1a9b2ca4a1123231738d08e9d05e1fc5330ae3db,No,current_accent,NA,Questionnaire,NA,other_non_trivia,NA,NA,NA,NA,No,16
Group_1,93d70cc6ef5fcf17c6dcc33e1a9b2ca4a1123231738d08e9d05e1fc5330ae3db,Sometimes,exposure_spanish,NA,Questionnaire,NA,other_non_trivia,NA,NA,NA,NA,No,17
Group_1,93d70cc6ef5fcf17c6dcc33e1a9b2ca4a1123231738d08e9d05e1fc5330ae3db,Sometimes,exposure_spanish_accent,NA,Questionnaire,NA,other_non_trivia,NA,NA,NA,NA,No,18
Group_1,93d70cc6ef5fcf17c6dcc33e1a9b2ca4a1123231738d08e9d05e1fc5330ae3db,29,age,NA,Questionnaire,NA,other_non_trivia,NA,NA,NA,NA,No,19
Group_1,93d70cc6ef5fcf17c6dcc33e1a9b2ca4a1123231738d08e9d05e1fc5330ae3db,Ohio,origin_state,NA,Questionnaire,NA,other_non_trivia,NA,NA,NA,NA,No,20
Group_1,93d70cc6ef5fcf17c6dcc33e1a9b2ca4a1123231738d08e9d05e1fc5330ae3db,44111,origin_zipcode,NA,Questionnaire,NA,other_non_trivia,NA,NA,NA,NA,No,21
Group_1,93d70cc6ef5fcf17c6dcc33e1a9b2ca4a1123231738d08e9d05e1fc5330ae3db,Ohio,current_state,NA,Questionnaire,NA,other_non_trivia,NA,NA,NA,NA,No,22
Group_1,93d70cc6ef5fcf17c6dcc33e1a9b2ca4a1123231738d08e9d05e1fc5330ae3db,44142,current_zipcode,NA,Questionnaire,NA,other_non_trivia,NA,NA,NA,NA,No,23
Group_1,93d70cc6ef5fcf17c6dcc33e1a9b2ca4a1123231738d08e9d05e1fc5330ae3db,NA,same_state_5_year_no,NA,Questionnaire,NA,other_non_trivia,NA,NA,NA,NA,No,24
Group_1,93d70cc6ef5fcf17c6dcc33e1a9b2ca4a1123231738d08e9d05e1fc5330ae3db,NA,diseaseDetail,NA,Questionnaire,NA,other_non_trivia,NA,NA,NA,NA,No,25
Group_1,93d70cc6ef5fcf17c6dcc33e1a9b2ca4a1123231738d08e9d05e1fc5330ae3db,American,most_frequent_accent,NA,Questionnaire,NA,other_non_trivia,NA,NA,NA,NA,No,26
Group_1,93d70cc6ef5fcf17c6dcc33e1a9b2ca4a1123231738d08e9d05e1fc5330ae3db,NA,additional_language_experience,NA,Questionnaire,NA,other_non_trivia,NA,NA,NA,NA,No,27
Group_4,94041c1880e9ff993720f22914ec7cced94769a59ebeff23917f08d1ad64a784,Female,gender,NA,Questionnaire,NA,other_non_trivia,NA,NA,NA,NA,No,1
Group_4,94041c1880e9ff993720f22914ec7cced94769a59ebeff23917f08d1ad64a784,['White'],race/ethnicity,NA,Questionnaire,NA,other_non_trivia,NA,NA,NA,NA,No,2
Group_4,94041c1880e9ff993720f22914ec7cced94769a59ebeff23917f08d1ad64a784,High school,highest_level_edu,NA,Questionnaire,NA,other_non_trivia,NA,NA,NA,NA,No,3
Group_4,94041c1880e9ff993720f22914ec7cced94769a59ebeff23917f08d1ad64a784,['English'],native_language,NA,Questionnaire,NA,other_non_trivia,NA,NA,NA,NA,No,4
Group_4,94041c1880e9ff993720f22914ec7cced94769a59ebeff23917f08d1ad64a784,Yes,same_state_5_year,NA,Questionnaire,NA,other_non_trivia,NA,NA,NA,NA,No,5
Group_4,94041c1880e9ff993720f22914ec7cced94769a59ebeff23917f08d1ad64a784,This doesn't apply to me becuase I answered 'No' previously,same_state_5_year_yes,NA,Questionnaire,NA,other_non_trivia,NA,NA,NA,NA,No,6
Group_4,94041c1880e9ff993720f22914ec7cced94769a59ebeff23917f08d1ad64a784,Right,handedness,NA,Questionnaire,NA,other_non_trivia,NA,NA,NA,NA,No,7
Group_4,94041c1880e9ff993720f22914ec7cced94769a59ebeff23917f08d1ad64a784,No,hearing,NA,Questionnaire,NA,other_non_trivia,NA,NA,NA,NA,No,8
Group_4,94041c1880e9ff993720f22914ec7cced94769a59ebeff23917f08d1ad64a784,No,vision,NA,Questionnaire,NA,other_non_trivia,NA,NA,NA,NA,No,9
Group_4,94041c1880e9ff993720f22914ec7cced94769a59ebeff23917f08d1ad64a784,No,langDis,NA,Questionnaire,NA,other_non_trivia,NA,NA,NA,NA,No,10
Group_4,94041c1880e9ff993720f22914ec7cced94769a59ebeff23917f08d1ad64a784,No,learnDis,NA,Questionnaire,NA,other_non_trivia,NA,NA,NA,NA,No,11
Group_4,94041c1880e9ff993720f22914ec7cced94769a59ebeff23917f08d1ad64a784,No,attention,NA,Questionnaire,NA,other_non_trivia,NA,NA,NA,NA,No,12
Group_4,94041c1880e9ff993720f22914ec7cced94769a59ebeff23917f08d1ad64a784,No,headInjury,NA,Questionnaire,NA,other_non_trivia,NA,NA,NA,NA,No,13
Group_4,94041c1880e9ff993720f22914ec7cced94769a59ebeff23917f08d1ad64a784,No,neuroImpair,NA,Questionnaire,NA,other_non_trivia,NA,NA,NA,NA,No,14
Group_4,94041c1880e9ff993720f22914ec7cced94769a59ebeff23917f08d1ad64a784,"Yes, they spoke English with a Spanish accent",household_accent,NA,Questionnaire,NA,other_non_trivia,NA,NA,NA,NA,No,15
Group_4,94041c1880e9ff993720f22914ec7cced94769a59ebeff23917f08d1ad64a784,No,current_accent,NA,Questionnaire,NA,other_non_trivia,NA,NA,NA,NA,No,16
Group_4,94041c1880e9ff993720f22914ec7cced94769a59ebeff23917f08d1ad64a784,Sometimes,exposure_spanish,NA,Questionnaire,NA,other_non_trivia,NA,NA,NA,NA,No,17
Group_4,94041c1880e9ff993720f22914ec7cced94769a59ebeff23917f08d1ad64a784,Sometimes,exposure_spanish_accent,NA,Questionnaire,NA,other_non_trivia,NA,NA,NA,NA,No,18
Group_4,94041c1880e9ff993720f22914ec7cced94769a59ebeff23917f08d1ad64a784,40,age,NA,Questionnaire,NA,other_non_trivia,NA,NA,NA,NA,No,19
Group_4,94041c1880e9ff993720f22914ec7cced94769a59ebeff23917f08d1ad64a784,wisconsin,origin_state,NA,Questionnaire,NA,other_non_trivia,NA,NA,NA,NA,No,20
Group_4,94041c1880e9ff993720f22914ec7cced94769a59ebeff23917f08d1ad64a784,54301,origin_zipcode,NA,Questionnaire,NA,other_non_trivia,NA,NA,NA,NA,No,21
Group_4,94041c1880e9ff993720f22914ec7cced94769a59ebeff23917f08d1ad64a784,wisconsin,current_state,NA,Questionnaire,NA,other_non_trivia,NA,NA,NA,NA,No,22
Group_4,94041c1880e9ff993720f22914ec7cced94769a59ebeff23917f08d1ad64a784,54301,current_zipcode,NA,Questionnaire,NA,other_non_trivia,NA,NA,NA,NA,No,23
Group_4,94041c1880e9ff993720f22914ec7cced94769a59ebeff23917f08d1ad64a784,na,same_state_5_year_no,NA,Questionnaire,NA,other_non_trivia,NA,NA,NA,NA,No,24
Group_4,94041c1880e9ff993720f22914ec7cced94769a59ebeff23917f08d1ad64a784,NA,diseaseDetail,NA,Questionnaire,NA,other_non_trivia,NA,NA,NA,NA,No,25
Group_4,94041c1880e9ff993720f22914ec7cced94769a59ebeff23917f08d1ad64a784,english,most_frequent_accent,NA,Questionnaire,NA,other_non_trivia,NA,NA,NA,NA,No,26
Group_4,94041c1880e9ff993720f22914ec7cced94769a59ebeff23917f08d1ad64a784,spanish,additional_language_experience,NA,Questionnaire,NA,other_non_trivia,NA,NA,NA,NA,No,27
Group_4,9c876dbf77174c7681c4fb3bec8ae6216c5c45ba9fe75ef6d3d37b182d2b4fb3,Male,gender,NA,Questionnaire,NA,other_non_trivia,NA,NA,NA,NA,No,1
Group_4,9c876dbf77174c7681c4fb3bec8ae6216c5c45ba9fe75ef6d3d37b182d2b4fb3,['White'],race/ethnicity,NA,Questionnaire,NA,other_non_trivia,NA,NA,NA,NA,No,2
Group_4,9c876dbf77174c7681c4fb3bec8ae6216c5c45ba9fe75ef6d3d37b182d2b4fb3,Master’s degree,highest_level_edu,NA,Questionnaire,NA,other_non_trivia,NA,NA,NA,NA,No,3
Group_4,9c876dbf77174c7681c4fb3bec8ae6216c5c45ba9fe75ef6d3d37b182d2b4fb3,['English'],native_language,NA,Questionnaire,NA,other_non_trivia,NA,NA,NA,NA,No,4
Group_4,9c876dbf77174c7681c4fb3bec8ae6216c5c45ba9fe75ef6d3d37b182d2b4fb3,Yes,same_state_5_year,NA,Questionnaire,NA,other_non_trivia,NA,NA,NA,NA,No,5
Group_4,9c876dbf77174c7681c4fb3bec8ae6216c5c45ba9fe75ef6d3d37b182d2b4fb3,Yes,same_state_5_year_yes,NA,Questionnaire,NA,other_non_trivia,NA,NA,NA,NA,No,6
Group_4,9c876dbf77174c7681c4fb3bec8ae6216c5c45ba9fe75ef6d3d37b182d2b4fb3,Right,handedness,NA,Questionnaire,NA,other_non_trivia,NA,NA,NA,NA,No,7
Group_4,9c876dbf77174c7681c4fb3bec8ae6216c5c45ba9fe75ef6d3d37b182d2b4fb3,No,hearing,NA,Questionnaire,NA,other_non_trivia,NA,NA,NA,NA,No,8
Group_4,9c876dbf77174c7681c4fb3bec8ae6216c5c45ba9fe75ef6d3d37b182d2b4fb3,Yes,vision,NA,Questionnaire,NA,other_non_trivia,NA,NA,NA,NA,No,9
Group_4,9c876dbf77174c7681c4fb3bec8ae6216c5c45ba9fe75ef6d3d37b182d2b4fb3,No,langDis,NA,Questionnaire,NA,other_non_trivia,NA,NA,NA,NA,No,10
Group_4,9c876dbf77174c7681c4fb3bec8ae6216c5c45ba9fe75ef6d3d37b182d2b4fb3,No,learnDis,NA,Questionnaire,NA,other_non_trivia,NA,NA,NA,NA,No,11
Group_4,9c876dbf77174c7681c4fb3bec8ae6216c5c45ba9fe75ef6d3d37b182d2b4fb3,No,attention,NA,Questionnaire,NA,other_non_trivia,NA,NA,NA,NA,No,12
Group_4,9c876dbf77174c7681c4fb3bec8ae6216c5c45ba9fe75ef6d3d37b182d2b4fb3,No,headInjury,NA,Questionnaire,NA,other_non_trivia,NA,NA,NA,NA,No,13
Group_4,9c876dbf77174c7681c4fb3bec8ae6216c5c45ba9fe75ef6d3d37b182d2b4fb3,No,neuroImpair,NA,Questionnaire,NA,other_non_trivia,NA,NA,NA,NA,No,14
Group_4,9c876dbf77174c7681c4fb3bec8ae6216c5c45ba9fe75ef6d3d37b182d2b4fb3,"Yes, they spoke English with a foreign accent other than the Spanish accent",household_accent,NA,Questionnaire,NA,other_non_trivia,NA,NA,NA,NA,No,15
Group_4,9c876dbf77174c7681c4fb3bec8ae6216c5c45ba9fe75ef6d3d37b182d2b4fb3,No,current_accent,NA,Questionnaire,NA,other_non_trivia,NA,NA,NA,NA,No,16
Group_4,9c876dbf77174c7681c4fb3bec8ae6216c5c45ba9fe75ef6d3d37b182d2b4fb3,Sometimes,exposure_spanish,NA,Questionnaire,NA,other_non_trivia,NA,NA,NA,NA,No,17
Group_4,9c876dbf77174c7681c4fb3bec8ae6216c5c45ba9fe75ef6d3d37b182d2b4fb3,Sometimes,exposure_spanish_accent,NA,Questionnaire,NA,other_non_trivia,NA,NA,NA,NA,No,18
Group_4,9c876dbf77174c7681c4fb3bec8ae6216c5c45ba9fe75ef6d3d37b182d2b4fb3,40,age,NA,Questionnaire,NA,other_non_trivia,NA,NA,NA,NA,No,19
Group_4,9c876dbf77174c7681c4fb3bec8ae6216c5c45ba9fe75ef6d3d37b182d2b4fb3,NC,origin_state,NA,Questionnaire,NA,other_non_trivia,NA,NA,NA,NA,No,20
Group_4,9c876dbf77174c7681c4fb3bec8ae6216c5c45ba9fe75ef6d3d37b182d2b4fb3,27513,origin_zipcode,NA,Questionnaire,NA,other_non_trivia,NA,NA,NA,NA,No,21
Group_4,9c876dbf77174c7681c4fb3bec8ae6216c5c45ba9fe75ef6d3d37b182d2b4fb3,NC,current_state,NA,Questionnaire,NA,other_non_trivia,NA,NA,NA,NA,No,22
Group_4,9c876dbf77174c7681c4fb3bec8ae6216c5c45ba9fe75ef6d3d37b182d2b4fb3,27540,current_zipcode,NA,Questionnaire,NA,other_non_trivia,NA,NA,NA,NA,No,23
Group_4,9c876dbf77174c7681c4fb3bec8ae6216c5c45ba9fe75ef6d3d37b182d2b4fb3,NA,same_state_5_year_no,NA,Questionnaire,NA,other_non_trivia,NA,NA,NA,NA,No,24
Group_4,9c876dbf77174c7681c4fb3bec8ae6216c5c45ba9fe75ef6d3d37b182d2b4fb3,Nearsightedness and Binocular Vision Dysfunction,diseaseDetail,NA,Questionnaire,NA,other_non_trivia,NA,NA,NA,NA,No,25
Group_4,9c876dbf77174c7681c4fb3bec8ae6216c5c45ba9fe75ef6d3d37b182d2b4fb3,"my mom, Egyptian
my dad, Egyptian
my good friend, American
my best friend, German",most_frequent_accent,NA,Questionnaire,NA,other_non_trivia,NA,NA,NA,NA,No,26
Group_4,9c876dbf77174c7681c4fb3bec8ae6216c5c45ba9fe75ef6d3d37b182d2b4fb3,"I lived in Egypt for 1 year
I learned Spanish in high school
I learned a little bit of Mandarin as part of my training",additional_language_experience,NA,Questionnaire,NA,other_non_trivia,NA,NA,NA,NA,No,27
Group_2,9fe13ffb81755f0a67e220658ac34e77f261ca08110043e3ccf3c81d77e434f2,Female,gender,NA,Questionnaire,NA,other_non_trivia,NA,NA,NA,NA,No,1
Group_2,9fe13ffb81755f0a67e220658ac34e77f261ca08110043e3ccf3c81d77e434f2,['White'],race/ethnicity,NA,Questionnaire,NA,other_non_trivia,NA,NA,NA,NA,No,2
Group_2,9fe13ffb81755f0a67e220658ac34e77f261ca08110043e3ccf3c81d77e434f2,Master’s degree,highest_level_edu,NA,Questionnaire,NA,other_non_trivia,NA,NA,NA,NA,No,3
Group_2,9fe13ffb81755f0a67e220658ac34e77f261ca08110043e3ccf3c81d77e434f2,['English'],native_language,NA,Questionnaire,NA,other_non_trivia,NA,NA,NA,NA,No,4
Group_2,9fe13ffb81755f0a67e220658ac34e77f261ca08110043e3ccf3c81d77e434f2,Yes,same_state_5_year,NA,Questionnaire,NA,other_non_trivia,NA,NA,NA,NA,No,5
Group_2,9fe13ffb81755f0a67e220658ac34e77f261ca08110043e3ccf3c81d77e434f2,Yes,same_state_5_year_yes,NA,Questionnaire,NA,other_non_trivia,NA,NA,NA,NA,No,6
Group_2,9fe13ffb81755f0a67e220658ac34e77f261ca08110043e3ccf3c81d77e434f2,Right,handedness,NA,Questionnaire,NA,other_non_trivia,NA,NA,NA,NA,No,7
Group_2,9fe13ffb81755f0a67e220658ac34e77f261ca08110043e3ccf3c81d77e434f2,No,hearing,NA,Questionnaire,NA,other_non_trivia,NA,NA,NA,NA,No,8
Group_2,9fe13ffb81755f0a67e220658ac34e77f261ca08110043e3ccf3c81d77e434f2,No,vision,NA,Questionnaire,NA,other_non_trivia,NA,NA,NA,NA,No,9
Group_2,9fe13ffb81755f0a67e220658ac34e77f261ca08110043e3ccf3c81d77e434f2,No,langDis,NA,Questionnaire,NA,other_non_trivia,NA,NA,NA,NA,No,10
Group_2,9fe13ffb81755f0a67e220658ac34e77f261ca08110043e3ccf3c81d77e434f2,No,learnDis,NA,Questionnaire,NA,other_non_trivia,NA,NA,NA,NA,No,11
Group_2,9fe13ffb81755f0a67e220658ac34e77f261ca08110043e3ccf3c81d77e434f2,Yes,attention,NA,Questionnaire,NA,other_non_trivia,NA,NA,NA,NA,No,12
Group_2,9fe13ffb81755f0a67e220658ac34e77f261ca08110043e3ccf3c81d77e434f2,No,headInjury,NA,Questionnaire,NA,other_non_trivia,NA,NA,NA,NA,No,13
Group_2,9fe13ffb81755f0a67e220658ac34e77f261ca08110043e3ccf3c81d77e434f2,No,neuroImpair,NA,Questionnaire,NA,other_non_trivia,NA,NA,NA,NA,No,14
Group_2,9fe13ffb81755f0a67e220658ac34e77f261ca08110043e3ccf3c81d77e434f2,No,household_accent,NA,Questionnaire,NA,other_non_trivia,NA,NA,NA,NA,No,15
Group_2,9fe13ffb81755f0a67e220658ac34e77f261ca08110043e3ccf3c81d77e434f2,No,current_accent,NA,Questionnaire,NA,other_non_trivia,NA,NA,NA,NA,No,16
Group_2,9fe13ffb81755f0a67e220658ac34e77f261ca08110043e3ccf3c81d77e434f2,Sometimes,exposure_spanish,NA,Questionnaire,NA,other_non_trivia,NA,NA,NA,NA,No,17
Group_2,9fe13ffb81755f0a67e220658ac34e77f261ca08110043e3ccf3c81d77e434f2,Sometimes,exposure_spanish_accent,NA,Questionnaire,NA,other_non_trivia,NA,NA,NA,NA,No,18
Group_2,9fe13ffb81755f0a67e220658ac34e77f261ca08110043e3ccf3c81d77e434f2,31,age,NA,Questionnaire,NA,other_non_trivia,NA,NA,NA,NA,No,19
Group_2,9fe13ffb81755f0a67e220658ac34e77f261ca08110043e3ccf3c81d77e434f2,new york,origin_state,NA,Questionnaire,NA,other_non_trivia,NA,NA,NA,NA,No,20
Group_2,9fe13ffb81755f0a67e220658ac34e77f261ca08110043e3ccf3c81d77e434f2,11238,origin_zipcode,NA,Questionnaire,NA,other_non_trivia,NA,NA,NA,NA,No,21
Group_2,9fe13ffb81755f0a67e220658ac34e77f261ca08110043e3ccf3c81d77e434f2,new york,current_state,NA,Questionnaire,NA,other_non_trivia,NA,NA,NA,NA,No,22
Group_2,9fe13ffb81755f0a67e220658ac34e77f261ca08110043e3ccf3c81d77e434f2,11238,current_zipcode,NA,Questionnaire,NA,other_non_trivia,NA,NA,NA,NA,No,23
Group_2,9fe13ffb81755f0a67e220658ac34e77f261ca08110043e3ccf3c81d77e434f2,NA,same_state_5_year_no,NA,Questionnaire,NA,other_non_trivia,NA,NA,NA,NA,No,24
Group_2,9fe13ffb81755f0a67e220658ac34e77f261ca08110043e3ccf3c81d77e434f2,ADHD,diseaseDetail,NA,Questionnaire,NA,other_non_trivia,NA,NA,NA,NA,No,25
Group_2,9fe13ffb81755f0a67e220658ac34e77f261ca08110043e3ccf3c81d77e434f2,American,most_frequent_accent,NA,Questionnaire,NA,other_non_trivia,NA,NA,NA,NA,No,26
Group_2,9fe13ffb81755f0a67e220658ac34e77f261ca08110043e3ccf3c81d77e434f2,N/A,additional_language_experience,NA,Questionnaire,NA,other_non_trivia,NA,NA,NA,NA,No,27
Group_2,a2c3887765bb38512a1b7e685f04b37b498107029033e9d6f2c9a8dfc5751da9,Male,gender,NA,Questionnaire,NA,other_non_trivia,NA,NA,NA,NA,No,1
Group_2,a2c3887765bb38512a1b7e685f04b37b498107029033e9d6f2c9a8dfc5751da9,['Asian'],race/ethnicity,NA,Questionnaire,NA,other_non_trivia,NA,NA,NA,NA,No,2
Group_2,a2c3887765bb38512a1b7e685f04b37b498107029033e9d6f2c9a8dfc5751da9,2- or 4-year college degree,highest_level_edu,NA,Questionnaire,NA,other_non_trivia,NA,NA,NA,NA,No,3
Group_2,a2c3887765bb38512a1b7e685f04b37b498107029033e9d6f2c9a8dfc5751da9,['English'],native_language,NA,Questionnaire,NA,other_non_trivia,NA,NA,NA,NA,No,4
Group_2,a2c3887765bb38512a1b7e685f04b37b498107029033e9d6f2c9a8dfc5751da9,Yes,same_state_5_year,NA,Questionnaire,NA,other_non_trivia,NA,NA,NA,NA,No,5
Group_2,a2c3887765bb38512a1b7e685f04b37b498107029033e9d6f2c9a8dfc5751da9,Yes,same_state_5_year_yes,NA,Questionnaire,NA,other_non_trivia,NA,NA,NA,NA,No,6
Group_2,a2c3887765bb38512a1b7e685f04b37b498107029033e9d6f2c9a8dfc5751da9,Right,handedness,NA,Questionnaire,NA,other_non_trivia,NA,NA,NA,NA,No,7
Group_2,a2c3887765bb38512a1b7e685f04b37b498107029033e9d6f2c9a8dfc5751da9,No,hearing,NA,Questionnaire,NA,other_non_trivia,NA,NA,NA,NA,No,8
Group_2,a2c3887765bb38512a1b7e685f04b37b498107029033e9d6f2c9a8dfc5751da9,No,vision,NA,Questionnaire,NA,other_non_trivia,NA,NA,NA,NA,No,9
Group_2,a2c3887765bb38512a1b7e685f04b37b498107029033e9d6f2c9a8dfc5751da9,No,langDis,NA,Questionnaire,NA,other_non_trivia,NA,NA,NA,NA,No,10
Group_2,a2c3887765bb38512a1b7e685f04b37b498107029033e9d6f2c9a8dfc5751da9,No,learnDis,NA,Questionnaire,NA,other_non_trivia,NA,NA,NA,NA,No,11
Group_2,a2c3887765bb38512a1b7e685f04b37b498107029033e9d6f2c9a8dfc5751da9,No,attention,NA,Questionnaire,NA,other_non_trivia,NA,NA,NA,NA,No,12
Group_2,a2c3887765bb38512a1b7e685f04b37b498107029033e9d6f2c9a8dfc5751da9,No,headInjury,NA,Questionnaire,NA,other_non_trivia,NA,NA,NA,NA,No,13
Group_2,a2c3887765bb38512a1b7e685f04b37b498107029033e9d6f2c9a8dfc5751da9,No,neuroImpair,NA,Questionnaire,NA,other_non_trivia,NA,NA,NA,NA,No,14
Group_2,a2c3887765bb38512a1b7e685f04b37b498107029033e9d6f2c9a8dfc5751da9,"Yes, they spoke English with a foreign accent other than the Spanish accent",household_accent,NA,Questionnaire,NA,other_non_trivia,NA,NA,NA,NA,No,15
Group_2,a2c3887765bb38512a1b7e685f04b37b498107029033e9d6f2c9a8dfc5751da9,No,current_accent,NA,Questionnaire,NA,other_non_trivia,NA,NA,NA,NA,No,16
Group_2,a2c3887765bb38512a1b7e685f04b37b498107029033e9d6f2c9a8dfc5751da9,Often,exposure_spanish,NA,Questionnaire,NA,other_non_trivia,NA,NA,NA,NA,No,17
Group_2,a2c3887765bb38512a1b7e685f04b37b498107029033e9d6f2c9a8dfc5751da9,Often,exposure_spanish_accent,NA,Questionnaire,NA,other_non_trivia,NA,NA,NA,NA,No,18
Group_2,a2c3887765bb38512a1b7e685f04b37b498107029033e9d6f2c9a8dfc5751da9,29,age,NA,Questionnaire,NA,other_non_trivia,NA,NA,NA,NA,No,19
Group_2,a2c3887765bb38512a1b7e685f04b37b498107029033e9d6f2c9a8dfc5751da9,California,origin_state,NA,Questionnaire,NA,other_non_trivia,NA,NA,NA,NA,No,20
Group_2,a2c3887765bb38512a1b7e685f04b37b498107029033e9d6f2c9a8dfc5751da9,90012,origin_zipcode,NA,Questionnaire,NA,other_non_trivia,NA,NA,NA,NA,No,21
Group_2,a2c3887765bb38512a1b7e685f04b37b498107029033e9d6f2c9a8dfc5751da9,California,current_state,NA,Questionnaire,NA,other_non_trivia,NA,NA,NA,NA,No,22
Group_2,a2c3887765bb38512a1b7e685f04b37b498107029033e9d6f2c9a8dfc5751da9,94102,current_zipcode,NA,Questionnaire,NA,other_non_trivia,NA,NA,NA,NA,No,23
Group_2,a2c3887765bb38512a1b7e685f04b37b498107029033e9d6f2c9a8dfc5751da9,NA,same_state_5_year_no,NA,Questionnaire,NA,other_non_trivia,NA,NA,NA,NA,No,24
Group_2,a2c3887765bb38512a1b7e685f04b37b498107029033e9d6f2c9a8dfc5751da9,NA,diseaseDetail,NA,Questionnaire,NA,other_non_trivia,NA,NA,NA,NA,No,25
Group_2,a2c3887765bb38512a1b7e685f04b37b498107029033e9d6f2c9a8dfc5751da9,"my mom, Mandarin
my dad, Vietnamese
my friend David, Romanian",most_frequent_accent,NA,Questionnaire,NA,other_non_trivia,NA,NA,NA,NA,No,26
Group_2,a2c3887765bb38512a1b7e685f04b37b498107029033e9d6f2c9a8dfc5751da9,I sometimes speak Vietnamese,additional_language_experience,NA,Questionnaire,NA,other_non_trivia,NA,NA,NA,NA,No,27
Group_1,a35ba016ca34892f5841b2de688ce10b5a877aa05872e4d13bd6ca63169aad44,Male,gender,NA,Questionnaire,NA,other_non_trivia,NA,NA,NA,NA,No,1
Group_1,a35ba016ca34892f5841b2de688ce10b5a877aa05872e4d13bd6ca63169aad44,['White'],race/ethnicity,NA,Questionnaire,NA,other_non_trivia,NA,NA,NA,NA,No,2
Group_1,a35ba016ca34892f5841b2de688ce10b5a877aa05872e4d13bd6ca63169aad44,2- or 4-year college degree,highest_level_edu,NA,Questionnaire,NA,other_non_trivia,NA,NA,NA,NA,No,3
Group_1,a35ba016ca34892f5841b2de688ce10b5a877aa05872e4d13bd6ca63169aad44,['English'],native_language,NA,Questionnaire,NA,other_non_trivia,NA,NA,NA,NA,No,4
Group_1,a35ba016ca34892f5841b2de688ce10b5a877aa05872e4d13bd6ca63169aad44,Yes,same_state_5_year,NA,Questionnaire,NA,other_non_trivia,NA,NA,NA,NA,No,5
Group_1,a35ba016ca34892f5841b2de688ce10b5a877aa05872e4d13bd6ca63169aad44,Yes,same_state_5_year_yes,NA,Questionnaire,NA,other_non_trivia,NA,NA,NA,NA,No,6
Group_1,a35ba016ca34892f5841b2de688ce10b5a877aa05872e4d13bd6ca63169aad44,Right,handedness,NA,Questionnaire,NA,other_non_trivia,NA,NA,NA,NA,No,7
Group_1,a35ba016ca34892f5841b2de688ce10b5a877aa05872e4d13bd6ca63169aad44,No,hearing,NA,Questionnaire,NA,other_non_trivia,NA,NA,NA,NA,No,8
Group_1,a35ba016ca34892f5841b2de688ce10b5a877aa05872e4d13bd6ca63169aad44,No,vision,NA,Questionnaire,NA,other_non_trivia,NA,NA,NA,NA,No,9
Group_1,a35ba016ca34892f5841b2de688ce10b5a877aa05872e4d13bd6ca63169aad44,No,langDis,NA,Questionnaire,NA,other_non_trivia,NA,NA,NA,NA,No,10
Group_1,a35ba016ca34892f5841b2de688ce10b5a877aa05872e4d13bd6ca63169aad44,No,learnDis,NA,Questionnaire,NA,other_non_trivia,NA,NA,NA,NA,No,11
Group_1,a35ba016ca34892f5841b2de688ce10b5a877aa05872e4d13bd6ca63169aad44,No,attention,NA,Questionnaire,NA,other_non_trivia,NA,NA,NA,NA,No,12
Group_1,a35ba016ca34892f5841b2de688ce10b5a877aa05872e4d13bd6ca63169aad44,No,headInjury,NA,Questionnaire,NA,other_non_trivia,NA,NA,NA,NA,No,13
Group_1,a35ba016ca34892f5841b2de688ce10b5a877aa05872e4d13bd6ca63169aad44,No,neuroImpair,NA,Questionnaire,NA,other_non_trivia,NA,NA,NA,NA,No,14
Group_1,a35ba016ca34892f5841b2de688ce10b5a877aa05872e4d13bd6ca63169aad44,No,household_accent,NA,Questionnaire,NA,other_non_trivia,NA,NA,NA,NA,No,15
Group_1,a35ba016ca34892f5841b2de688ce10b5a877aa05872e4d13bd6ca63169aad44,No,current_accent,NA,Questionnaire,NA,other_non_trivia,NA,NA,NA,NA,No,16
Group_1,a35ba016ca34892f5841b2de688ce10b5a877aa05872e4d13bd6ca63169aad44,Sometimes,exposure_spanish,NA,Questionnaire,NA,other_non_trivia,NA,NA,NA,NA,No,17
Group_1,a35ba016ca34892f5841b2de688ce10b5a877aa05872e4d13bd6ca63169aad44,Sometimes,exposure_spanish_accent,NA,Questionnaire,NA,other_non_trivia,NA,NA,NA,NA,No,18
Group_1,a35ba016ca34892f5841b2de688ce10b5a877aa05872e4d13bd6ca63169aad44,38,age,NA,Questionnaire,NA,other_non_trivia,NA,NA,NA,NA,No,19
Group_1,a35ba016ca34892f5841b2de688ce10b5a877aa05872e4d13bd6ca63169aad44,Florida,origin_state,NA,Questionnaire,NA,other_non_trivia,NA,NA,NA,NA,No,20
Group_1,a35ba016ca34892f5841b2de688ce10b5a877aa05872e4d13bd6ca63169aad44,32066,origin_zipcode,NA,Questionnaire,NA,other_non_trivia,NA,NA,NA,NA,No,21
Group_1,a35ba016ca34892f5841b2de688ce10b5a877aa05872e4d13bd6ca63169aad44,Florida,current_state,NA,Questionnaire,NA,other_non_trivia,NA,NA,NA,NA,No,22
Group_1,a35ba016ca34892f5841b2de688ce10b5a877aa05872e4d13bd6ca63169aad44,32066,current_zipcode,NA,Questionnaire,NA,other_non_trivia,NA,NA,NA,NA,No,23
Group_1,a35ba016ca34892f5841b2de688ce10b5a877aa05872e4d13bd6ca63169aad44,NA,same_state_5_year_no,NA,Questionnaire,NA,other_non_trivia,NA,NA,NA,NA,No,24
Group_1,a35ba016ca34892f5841b2de688ce10b5a877aa05872e4d13bd6ca63169aad44,NA,diseaseDetail,NA,Questionnaire,NA,other_non_trivia,NA,NA,NA,NA,No,25
Group_1,a35ba016ca34892f5841b2de688ce10b5a877aa05872e4d13bd6ca63169aad44,American,most_frequent_accent,NA,Questionnaire,NA,other_non_trivia,NA,NA,NA,NA,No,26
Group_1,a35ba016ca34892f5841b2de688ce10b5a877aa05872e4d13bd6ca63169aad44,I learned Spanish in high school.,additional_language_experience,NA,Questionnaire,NA,other_non_trivia,NA,NA,NA,NA,No,27
Group_4,a36bd376cf7cb41a767a6b9f6a04824dca44913f6b75873819d0ff7a44bc4723,Male,gender,NA,Questionnaire,NA,other_non_trivia,NA,NA,NA,NA,No,1
Group_4,a36bd376cf7cb41a767a6b9f6a04824dca44913f6b75873819d0ff7a44bc4723,['Asian'],race/ethnicity,NA,Questionnaire,NA,other_non_trivia,NA,NA,NA,NA,No,2
Group_4,a36bd376cf7cb41a767a6b9f6a04824dca44913f6b75873819d0ff7a44bc4723,2- or 4-year college degree,highest_level_edu,NA,Questionnaire,NA,other_non_trivia,NA,NA,NA,NA,No,3
Group_4,a36bd376cf7cb41a767a6b9f6a04824dca44913f6b75873819d0ff7a44bc4723,['English'],native_language,NA,Questionnaire,NA,other_non_trivia,NA,NA,NA,NA,No,4
Group_4,a36bd376cf7cb41a767a6b9f6a04824dca44913f6b75873819d0ff7a44bc4723,No,same_state_5_year,NA,Questionnaire,NA,other_non_trivia,NA,NA,NA,NA,No,5
Group_4,a36bd376cf7cb41a767a6b9f6a04824dca44913f6b75873819d0ff7a44bc4723,This doesn't apply to me becuase I answered 'No' previously,same_state_5_year_yes,NA,Questionnaire,NA,other_non_trivia,NA,NA,NA,NA,No,6
Group_4,a36bd376cf7cb41a767a6b9f6a04824dca44913f6b75873819d0ff7a44bc4723,Right,handedness,NA,Questionnaire,NA,other_non_trivia,NA,NA,NA,NA,No,7
Group_4,a36bd376cf7cb41a767a6b9f6a04824dca44913f6b75873819d0ff7a44bc4723,No,hearing,NA,Questionnaire,NA,other_non_trivia,NA,NA,NA,NA,No,8
Group_4,a36bd376cf7cb41a767a6b9f6a04824dca44913f6b75873819d0ff7a44bc4723,No,vision,NA,Questionnaire,NA,other_non_trivia,NA,NA,NA,NA,No,9
Group_4,a36bd376cf7cb41a767a6b9f6a04824dca44913f6b75873819d0ff7a44bc4723,No,langDis,NA,Questionnaire,NA,other_non_trivia,NA,NA,NA,NA,No,10
Group_4,a36bd376cf7cb41a767a6b9f6a04824dca44913f6b75873819d0ff7a44bc4723,Yes,learnDis,NA,Questionnaire,NA,other_non_trivia,NA,NA,NA,NA,No,11
Group_4,a36bd376cf7cb41a767a6b9f6a04824dca44913f6b75873819d0ff7a44bc4723,Yes,attention,NA,Questionnaire,NA,other_non_trivia,NA,NA,NA,NA,No,12
Group_4,a36bd376cf7cb41a767a6b9f6a04824dca44913f6b75873819d0ff7a44bc4723,No,headInjury,NA,Questionnaire,NA,other_non_trivia,NA,NA,NA,NA,No,13
Group_4,a36bd376cf7cb41a767a6b9f6a04824dca44913f6b75873819d0ff7a44bc4723,No,neuroImpair,NA,Questionnaire,NA,other_non_trivia,NA,NA,NA,NA,No,14
Group_4,a36bd376cf7cb41a767a6b9f6a04824dca44913f6b75873819d0ff7a44bc4723,No,household_accent,NA,Questionnaire,NA,other_non_trivia,NA,NA,NA,NA,No,15
Group_4,a36bd376cf7cb41a767a6b9f6a04824dca44913f6b75873819d0ff7a44bc4723,No,current_accent,NA,Questionnaire,NA,other_non_trivia,NA,NA,NA,NA,No,16
Group_4,a36bd376cf7cb41a767a6b9f6a04824dca44913f6b75873819d0ff7a44bc4723,Sometimes,exposure_spanish,NA,Questionnaire,NA,other_non_trivia,NA,NA,NA,NA,No,17
Group_4,a36bd376cf7cb41a767a6b9f6a04824dca44913f6b75873819d0ff7a44bc4723,Never,exposure_spanish_accent,NA,Questionnaire,NA,other_non_trivia,NA,NA,NA,NA,No,18
Group_4,a36bd376cf7cb41a767a6b9f6a04824dca44913f6b75873819d0ff7a44bc4723,23,age,NA,Questionnaire,NA,other_non_trivia,NA,NA,NA,NA,No,19
Group_4,a36bd376cf7cb41a767a6b9f6a04824dca44913f6b75873819d0ff7a44bc4723,California,origin_state,NA,Questionnaire,NA,other_non_trivia,NA,NA,NA,NA,No,20
Group_4,a36bd376cf7cb41a767a6b9f6a04824dca44913f6b75873819d0ff7a44bc4723,94566,origin_zipcode,NA,Questionnaire,NA,other_non_trivia,NA,NA,NA,NA,No,21
Group_4,a36bd376cf7cb41a767a6b9f6a04824dca44913f6b75873819d0ff7a44bc4723,Brooklyn,current_state,NA,Questionnaire,NA,other_non_trivia,NA,NA,NA,NA,No,22
Group_4,a36bd376cf7cb41a767a6b9f6a04824dca44913f6b75873819d0ff7a44bc4723,11237,current_zipcode,NA,Questionnaire,NA,other_non_trivia,NA,NA,NA,NA,No,23
Group_4,a36bd376cf7cb41a767a6b9f6a04824dca44913f6b75873819d0ff7a44bc4723,"Brooklyn, Pennsylvania, California.",same_state_5_year_no,NA,Questionnaire,NA,other_non_trivia,NA,NA,NA,NA,No,24
Group_4,a36bd376cf7cb41a767a6b9f6a04824dca44913f6b75873819d0ff7a44bc4723,I have ADHD,diseaseDetail,NA,Questionnaire,NA,other_non_trivia,NA,NA,NA,NA,No,25
Group_4,a36bd376cf7cb41a767a6b9f6a04824dca44913f6b75873819d0ff7a44bc4723,Grandparents: Indian Accent. Friends: AAVE. Parents: English,most_frequent_accent,NA,Questionnaire,NA,other_non_trivia,NA,NA,NA,NA,No,26
Group_4,a36bd376cf7cb41a767a6b9f6a04824dca44913f6b75873819d0ff7a44bc4723,I learned spanish in high school and elementary school,additional_language_experience,NA,Questionnaire,NA,other_non_trivia,NA,NA,NA,NA,No,27
Group_2,a6a02cc28c2d520c347acb9edfad4236f8635b44c65a9a0ae70e6fb76bc78f0c,Female,gender,NA,Questionnaire,NA,other_non_trivia,NA,NA,NA,NA,No,1
Group_2,a6a02cc28c2d520c347acb9edfad4236f8635b44c65a9a0ae70e6fb76bc78f0c,['White'],race/ethnicity,NA,Questionnaire,NA,other_non_trivia,NA,NA,NA,NA,No,2
Group_2,a6a02cc28c2d520c347acb9edfad4236f8635b44c65a9a0ae70e6fb76bc78f0c,2- or 4-year college degree,highest_level_edu,NA,Questionnaire,NA,other_non_trivia,NA,NA,NA,NA,No,3
Group_2,a6a02cc28c2d520c347acb9edfad4236f8635b44c65a9a0ae70e6fb76bc78f0c,['English'],native_language,NA,Questionnaire,NA,other_non_trivia,NA,NA,NA,NA,No,4
Group_2,a6a02cc28c2d520c347acb9edfad4236f8635b44c65a9a0ae70e6fb76bc78f0c,Yes,same_state_5_year,NA,Questionnaire,NA,other_non_trivia,NA,NA,NA,NA,No,5
Group_2,a6a02cc28c2d520c347acb9edfad4236f8635b44c65a9a0ae70e6fb76bc78f0c,Yes,same_state_5_year_yes,NA,Questionnaire,NA,other_non_trivia,NA,NA,NA,NA,No,6
Group_2,a6a02cc28c2d520c347acb9edfad4236f8635b44c65a9a0ae70e6fb76bc78f0c,Right,handedness,NA,Questionnaire,NA,other_non_trivia,NA,NA,NA,NA,No,7
Group_2,a6a02cc28c2d520c347acb9edfad4236f8635b44c65a9a0ae70e6fb76bc78f0c,No,hearing,NA,Questionnaire,NA,other_non_trivia,NA,NA,NA,NA,No,8
Group_2,a6a02cc28c2d520c347acb9edfad4236f8635b44c65a9a0ae70e6fb76bc78f0c,No,vision,NA,Questionnaire,NA,other_non_trivia,NA,NA,NA,NA,No,9
Group_2,a6a02cc28c2d520c347acb9edfad4236f8635b44c65a9a0ae70e6fb76bc78f0c,No,langDis,NA,Questionnaire,NA,other_non_trivia,NA,NA,NA,NA,No,10
Group_2,a6a02cc28c2d520c347acb9edfad4236f8635b44c65a9a0ae70e6fb76bc78f0c,No,learnDis,NA,Questionnaire,NA,other_non_trivia,NA,NA,NA,NA,No,11
Group_2,a6a02cc28c2d520c347acb9edfad4236f8635b44c65a9a0ae70e6fb76bc78f0c,No,attention,NA,Questionnaire,NA,other_non_trivia,NA,NA,NA,NA,No,12
Group_2,a6a02cc28c2d520c347acb9edfad4236f8635b44c65a9a0ae70e6fb76bc78f0c,No,headInjury,NA,Questionnaire,NA,other_non_trivia,NA,NA,NA,NA,No,13
Group_2,a6a02cc28c2d520c347acb9edfad4236f8635b44c65a9a0ae70e6fb76bc78f0c,No,neuroImpair,NA,Questionnaire,NA,other_non_trivia,NA,NA,NA,NA,No,14
Group_2,a6a02cc28c2d520c347acb9edfad4236f8635b44c65a9a0ae70e6fb76bc78f0c,No,household_accent,NA,Questionnaire,NA,other_non_trivia,NA,NA,NA,NA,No,15
Group_2,a6a02cc28c2d520c347acb9edfad4236f8635b44c65a9a0ae70e6fb76bc78f0c,No,current_accent,NA,Questionnaire,NA,other_non_trivia,NA,NA,NA,NA,No,16
Group_2,a6a02cc28c2d520c347acb9edfad4236f8635b44c65a9a0ae70e6fb76bc78f0c,Never,exposure_spanish,NA,Questionnaire,NA,other_non_trivia,NA,NA,NA,NA,No,17
Group_2,a6a02cc28c2d520c347acb9edfad4236f8635b44c65a9a0ae70e6fb76bc78f0c,Never,exposure_spanish_accent,NA,Questionnaire,NA,other_non_trivia,NA,NA,NA,NA,No,18
Group_2,a6a02cc28c2d520c347acb9edfad4236f8635b44c65a9a0ae70e6fb76bc78f0c,41,age,NA,Questionnaire,NA,other_non_trivia,NA,NA,NA,NA,No,19
Group_2,a6a02cc28c2d520c347acb9edfad4236f8635b44c65a9a0ae70e6fb76bc78f0c,Pennsylvania,origin_state,NA,Questionnaire,NA,other_non_trivia,NA,NA,NA,NA,No,20
Group_2,a6a02cc28c2d520c347acb9edfad4236f8635b44c65a9a0ae70e6fb76bc78f0c,19152,origin_zipcode,NA,Questionnaire,NA,other_non_trivia,NA,NA,NA,NA,No,21
Group_2,a6a02cc28c2d520c347acb9edfad4236f8635b44c65a9a0ae70e6fb76bc78f0c,North Carolina,current_state,NA,Questionnaire,NA,other_non_trivia,NA,NA,NA,NA,No,22
Group_2,a6a02cc28c2d520c347acb9edfad4236f8635b44c65a9a0ae70e6fb76bc78f0c,27513,current_zipcode,NA,Questionnaire,NA,other_non_trivia,NA,NA,NA,NA,No,23
Group_2,a6a02cc28c2d520c347acb9edfad4236f8635b44c65a9a0ae70e6fb76bc78f0c,NA,same_state_5_year_no,NA,Questionnaire,NA,other_non_trivia,NA,NA,NA,NA,No,24
Group_2,a6a02cc28c2d520c347acb9edfad4236f8635b44c65a9a0ae70e6fb76bc78f0c,NA,diseaseDetail,NA,Questionnaire,NA,other_non_trivia,NA,NA,NA,NA,No,25
Group_2,a6a02cc28c2d520c347acb9edfad4236f8635b44c65a9a0ae70e6fb76bc78f0c,Mom/sisters - American,most_frequent_accent,NA,Questionnaire,NA,other_non_trivia,NA,NA,NA,NA,No,26
Group_2,a6a02cc28c2d520c347acb9edfad4236f8635b44c65a9a0ae70e6fb76bc78f0c,N/A,additional_language_experience,NA,Questionnaire,NA,other_non_trivia,NA,NA,NA,NA,No,27
Group_3,aebc910601bc81d8bd9fd8b009404d74f9c559984a8d03eb1dfea0cf2906df8b,Male,gender,NA,Questionnaire,NA,other_non_trivia,NA,NA,NA,NA,No,1
Group_3,aebc910601bc81d8bd9fd8b009404d74f9c559984a8d03eb1dfea0cf2906df8b,['White'],race/ethnicity,NA,Questionnaire,NA,other_non_trivia,NA,NA,NA,NA,No,2
Group_3,aebc910601bc81d8bd9fd8b009404d74f9c559984a8d03eb1dfea0cf2906df8b,Master’s degree,highest_level_edu,NA,Questionnaire,NA,other_non_trivia,NA,NA,NA,NA,No,3
Group_3,aebc910601bc81d8bd9fd8b009404d74f9c559984a8d03eb1dfea0cf2906df8b,['English'],native_language,NA,Questionnaire,NA,other_non_trivia,NA,NA,NA,NA,No,4
Group_3,aebc910601bc81d8bd9fd8b009404d74f9c559984a8d03eb1dfea0cf2906df8b,Yes,same_state_5_year,NA,Questionnaire,NA,other_non_trivia,NA,NA,NA,NA,No,5
Group_3,aebc910601bc81d8bd9fd8b009404d74f9c559984a8d03eb1dfea0cf2906df8b,Yes,same_state_5_year_yes,NA,Questionnaire,NA,other_non_trivia,NA,NA,NA,NA,No,6
Group_3,aebc910601bc81d8bd9fd8b009404d74f9c559984a8d03eb1dfea0cf2906df8b,Left,handedness,NA,Questionnaire,NA,other_non_trivia,NA,NA,NA,NA,No,7
Group_3,aebc910601bc81d8bd9fd8b009404d74f9c559984a8d03eb1dfea0cf2906df8b,No,hearing,NA,Questionnaire,NA,other_non_trivia,NA,NA,NA,NA,No,8
Group_3,aebc910601bc81d8bd9fd8b009404d74f9c559984a8d03eb1dfea0cf2906df8b,No,vision,NA,Questionnaire,NA,other_non_trivia,NA,NA,NA,NA,No,9
Group_3,aebc910601bc81d8bd9fd8b009404d74f9c559984a8d03eb1dfea0cf2906df8b,No,langDis,NA,Questionnaire,NA,other_non_trivia,NA,NA,NA,NA,No,10
Group_3,aebc910601bc81d8bd9fd8b009404d74f9c559984a8d03eb1dfea0cf2906df8b,No,learnDis,NA,Questionnaire,NA,other_non_trivia,NA,NA,NA,NA,No,11
Group_3,aebc910601bc81d8bd9fd8b009404d74f9c559984a8d03eb1dfea0cf2906df8b,No,attention,NA,Questionnaire,NA,other_non_trivia,NA,NA,NA,NA,No,12
Group_3,aebc910601bc81d8bd9fd8b009404d74f9c559984a8d03eb1dfea0cf2906df8b,No,headInjury,NA,Questionnaire,NA,other_non_trivia,NA,NA,NA,NA,No,13
Group_3,aebc910601bc81d8bd9fd8b009404d74f9c559984a8d03eb1dfea0cf2906df8b,No,neuroImpair,NA,Questionnaire,NA,other_non_trivia,NA,NA,NA,NA,No,14
Group_3,aebc910601bc81d8bd9fd8b009404d74f9c559984a8d03eb1dfea0cf2906df8b,"Yes, they spoke English with a Spanish accent",household_accent,NA,Questionnaire,NA,other_non_trivia,NA,NA,NA,NA,No,15
Group_3,aebc910601bc81d8bd9fd8b009404d74f9c559984a8d03eb1dfea0cf2906df8b,No,current_accent,NA,Questionnaire,NA,other_non_trivia,NA,NA,NA,NA,No,16
Group_3,aebc910601bc81d8bd9fd8b009404d74f9c559984a8d03eb1dfea0cf2906df8b,Sometimes,exposure_spanish,NA,Questionnaire,NA,other_non_trivia,NA,NA,NA,NA,No,17
Group_3,aebc910601bc81d8bd9fd8b009404d74f9c559984a8d03eb1dfea0cf2906df8b,Sometimes,exposure_spanish_accent,NA,Questionnaire,NA,other_non_trivia,NA,NA,NA,NA,No,18
Group_3,aebc910601bc81d8bd9fd8b009404d74f9c559984a8d03eb1dfea0cf2906df8b,23,age,NA,Questionnaire,NA,other_non_trivia,NA,NA,NA,NA,No,19
Group_3,aebc910601bc81d8bd9fd8b009404d74f9c559984a8d03eb1dfea0cf2906df8b,NY,origin_state,NA,Questionnaire,NA,other_non_trivia,NA,NA,NA,NA,No,20
Group_3,aebc910601bc81d8bd9fd8b009404d74f9c559984a8d03eb1dfea0cf2906df8b,13760,origin_zipcode,NA,Questionnaire,NA,other_non_trivia,NA,NA,NA,NA,No,21
Group_3,aebc910601bc81d8bd9fd8b009404d74f9c559984a8d03eb1dfea0cf2906df8b,NY,current_state,NA,Questionnaire,NA,other_non_trivia,NA,NA,NA,NA,No,22
Group_3,aebc910601bc81d8bd9fd8b009404d74f9c559984a8d03eb1dfea0cf2906df8b,13760,current_zipcode,NA,Questionnaire,NA,other_non_trivia,NA,NA,NA,NA,No,23
Group_3,aebc910601bc81d8bd9fd8b009404d74f9c559984a8d03eb1dfea0cf2906df8b,NA,same_state_5_year_no,NA,Questionnaire,NA,other_non_trivia,NA,NA,NA,NA,No,24
Group_3,aebc910601bc81d8bd9fd8b009404d74f9c559984a8d03eb1dfea0cf2906df8b,NA,diseaseDetail,NA,Questionnaire,NA,other_non_trivia,NA,NA,NA,NA,No,25
Group_3,aebc910601bc81d8bd9fd8b009404d74f9c559984a8d03eb1dfea0cf2906df8b,"my friend, spanish",most_frequent_accent,NA,Questionnaire,NA,other_non_trivia,NA,NA,NA,NA,No,26
Group_3,aebc910601bc81d8bd9fd8b009404d74f9c559984a8d03eb1dfea0cf2906df8b,I learned Spanish in high school,additional_language_experience,NA,Questionnaire,NA,other_non_trivia,NA,NA,NA,NA,No,27
Group_2,afc8e885a54020982ccdafffa25dde7ba6d64b606f00f5352fdc9374007564ed,Female,gender,NA,Questionnaire,NA,other_non_trivia,NA,NA,NA,NA,No,1
Group_2,afc8e885a54020982ccdafffa25dde7ba6d64b606f00f5352fdc9374007564ed,['White'],race/ethnicity,NA,Questionnaire,NA,other_non_trivia,NA,NA,NA,NA,No,2
Group_2,afc8e885a54020982ccdafffa25dde7ba6d64b606f00f5352fdc9374007564ed,High school,highest_level_edu,NA,Questionnaire,NA,other_non_trivia,NA,NA,NA,NA,No,3
Group_2,afc8e885a54020982ccdafffa25dde7ba6d64b606f00f5352fdc9374007564ed,['English'],native_language,NA,Questionnaire,NA,other_non_trivia,NA,NA,NA,NA,No,4
Group_2,afc8e885a54020982ccdafffa25dde7ba6d64b606f00f5352fdc9374007564ed,Yes,same_state_5_year,NA,Questionnaire,NA,other_non_trivia,NA,NA,NA,NA,No,5
Group_2,afc8e885a54020982ccdafffa25dde7ba6d64b606f00f5352fdc9374007564ed,This doesn't apply to me becuase I answered 'No' previously,same_state_5_year_yes,NA,Questionnaire,NA,other_non_trivia,NA,NA,NA,NA,No,6
Group_2,afc8e885a54020982ccdafffa25dde7ba6d64b606f00f5352fdc9374007564ed,Right,handedness,NA,Questionnaire,NA,other_non_trivia,NA,NA,NA,NA,No,7
Group_2,afc8e885a54020982ccdafffa25dde7ba6d64b606f00f5352fdc9374007564ed,No,hearing,NA,Questionnaire,NA,other_non_trivia,NA,NA,NA,NA,No,8
Group_2,afc8e885a54020982ccdafffa25dde7ba6d64b606f00f5352fdc9374007564ed,No,vision,NA,Questionnaire,NA,other_non_trivia,NA,NA,NA,NA,No,9
Group_2,afc8e885a54020982ccdafffa25dde7ba6d64b606f00f5352fdc9374007564ed,No,langDis,NA,Questionnaire,NA,other_non_trivia,NA,NA,NA,NA,No,10
Group_2,afc8e885a54020982ccdafffa25dde7ba6d64b606f00f5352fdc9374007564ed,No,learnDis,NA,Questionnaire,NA,other_non_trivia,NA,NA,NA,NA,No,11
Group_2,afc8e885a54020982ccdafffa25dde7ba6d64b606f00f5352fdc9374007564ed,No,attention,NA,Questionnaire,NA,other_non_trivia,NA,NA,NA,NA,No,12
Group_2,afc8e885a54020982ccdafffa25dde7ba6d64b606f00f5352fdc9374007564ed,No,headInjury,NA,Questionnaire,NA,other_non_trivia,NA,NA,NA,NA,No,13
Group_2,afc8e885a54020982ccdafffa25dde7ba6d64b606f00f5352fdc9374007564ed,No,neuroImpair,NA,Questionnaire,NA,other_non_trivia,NA,NA,NA,NA,No,14
Group_2,afc8e885a54020982ccdafffa25dde7ba6d64b606f00f5352fdc9374007564ed,No,household_accent,NA,Questionnaire,NA,other_non_trivia,NA,NA,NA,NA,No,15
Group_2,afc8e885a54020982ccdafffa25dde7ba6d64b606f00f5352fdc9374007564ed,No,current_accent,NA,Questionnaire,NA,other_non_trivia,NA,NA,NA,NA,No,16
Group_2,afc8e885a54020982ccdafffa25dde7ba6d64b606f00f5352fdc9374007564ed,Sometimes,exposure_spanish,NA,Questionnaire,NA,other_non_trivia,NA,NA,NA,NA,No,17
Group_2,afc8e885a54020982ccdafffa25dde7ba6d64b606f00f5352fdc9374007564ed,Sometimes,exposure_spanish_accent,NA,Questionnaire,NA,other_non_trivia,NA,NA,NA,NA,No,18
Group_2,afc8e885a54020982ccdafffa25dde7ba6d64b606f00f5352fdc9374007564ed,34,age,NA,Questionnaire,NA,other_non_trivia,NA,NA,NA,NA,No,19
Group_2,afc8e885a54020982ccdafffa25dde7ba6d64b606f00f5352fdc9374007564ed,pennsylvania,origin_state,NA,Questionnaire,NA,other_non_trivia,NA,NA,NA,NA,No,20
Group_2,afc8e885a54020982ccdafffa25dde7ba6d64b606f00f5352fdc9374007564ed,18433,origin_zipcode,NA,Questionnaire,NA,other_non_trivia,NA,NA,NA,NA,No,21
Group_2,afc8e885a54020982ccdafffa25dde7ba6d64b606f00f5352fdc9374007564ed,pennsylvania,current_state,NA,Questionnaire,NA,other_non_trivia,NA,NA,NA,NA,No,22
Group_2,afc8e885a54020982ccdafffa25dde7ba6d64b606f00f5352fdc9374007564ed,18407,current_zipcode,NA,Questionnaire,NA,other_non_trivia,NA,NA,NA,NA,No,23
Group_2,afc8e885a54020982ccdafffa25dde7ba6d64b606f00f5352fdc9374007564ed,na,same_state_5_year_no,NA,Questionnaire,NA,other_non_trivia,NA,NA,NA,NA,No,24
Group_2,afc8e885a54020982ccdafffa25dde7ba6d64b606f00f5352fdc9374007564ed,na,diseaseDetail,NA,Questionnaire,NA,other_non_trivia,NA,NA,NA,NA,No,25
Group_2,afc8e885a54020982ccdafffa25dde7ba6d64b606f00f5352fdc9374007564ed,all american,most_frequent_accent,NA,Questionnaire,NA,other_non_trivia,NA,NA,NA,NA,No,26
Group_2,afc8e885a54020982ccdafffa25dde7ba6d64b606f00f5352fdc9374007564ed,na,additional_language_experience,NA,Questionnaire,NA,other_non_trivia,NA,NA,NA,NA,No,27
Group_3,b07bd0558a2233758a4e756b1fef79f44060b32fba5df3b299e3bceab04b61c2,Male,gender,NA,Questionnaire,NA,other_non_trivia,NA,NA,NA,NA,No,1
Group_3,b07bd0558a2233758a4e756b1fef79f44060b32fba5df3b299e3bceab04b61c2,['White'],race/ethnicity,NA,Questionnaire,NA,other_non_trivia,NA,NA,NA,NA,No,2
Group_3,b07bd0558a2233758a4e756b1fef79f44060b32fba5df3b299e3bceab04b61c2,High school,highest_level_edu,NA,Questionnaire,NA,other_non_trivia,NA,NA,NA,NA,No,3
Group_3,b07bd0558a2233758a4e756b1fef79f44060b32fba5df3b299e3bceab04b61c2,['English'],native_language,NA,Questionnaire,NA,other_non_trivia,NA,NA,NA,NA,No,4
Group_3,b07bd0558a2233758a4e756b1fef79f44060b32fba5df3b299e3bceab04b61c2,Yes,same_state_5_year,NA,Questionnaire,NA,other_non_trivia,NA,NA,NA,NA,No,5
Group_3,b07bd0558a2233758a4e756b1fef79f44060b32fba5df3b299e3bceab04b61c2,Yes,same_state_5_year_yes,NA,Questionnaire,NA,other_non_trivia,NA,NA,NA,NA,No,6
Group_3,b07bd0558a2233758a4e756b1fef79f44060b32fba5df3b299e3bceab04b61c2,Right,handedness,NA,Questionnaire,NA,other_non_trivia,NA,NA,NA,NA,No,7
Group_3,b07bd0558a2233758a4e756b1fef79f44060b32fba5df3b299e3bceab04b61c2,No,hearing,NA,Questionnaire,NA,other_non_trivia,NA,NA,NA,NA,No,8
Group_3,b07bd0558a2233758a4e756b1fef79f44060b32fba5df3b299e3bceab04b61c2,No,vision,NA,Questionnaire,NA,other_non_trivia,NA,NA,NA,NA,No,9
Group_3,b07bd0558a2233758a4e756b1fef79f44060b32fba5df3b299e3bceab04b61c2,No,langDis,NA,Questionnaire,NA,other_non_trivia,NA,NA,NA,NA,No,10
Group_3,b07bd0558a2233758a4e756b1fef79f44060b32fba5df3b299e3bceab04b61c2,Yes,learnDis,NA,Questionnaire,NA,other_non_trivia,NA,NA,NA,NA,No,11
Group_3,b07bd0558a2233758a4e756b1fef79f44060b32fba5df3b299e3bceab04b61c2,No,attention,NA,Questionnaire,NA,other_non_trivia,NA,NA,NA,NA,No,12
Group_3,b07bd0558a2233758a4e756b1fef79f44060b32fba5df3b299e3bceab04b61c2,No,headInjury,NA,Questionnaire,NA,other_non_trivia,NA,NA,NA,NA,No,13
Group_3,b07bd0558a2233758a4e756b1fef79f44060b32fba5df3b299e3bceab04b61c2,No,neuroImpair,NA,Questionnaire,NA,other_non_trivia,NA,NA,NA,NA,No,14
Group_3,b07bd0558a2233758a4e756b1fef79f44060b32fba5df3b299e3bceab04b61c2,No,household_accent,NA,Questionnaire,NA,other_non_trivia,NA,NA,NA,NA,No,15
Group_3,b07bd0558a2233758a4e756b1fef79f44060b32fba5df3b299e3bceab04b61c2,No,current_accent,NA,Questionnaire,NA,other_non_trivia,NA,NA,NA,NA,No,16
Group_3,b07bd0558a2233758a4e756b1fef79f44060b32fba5df3b299e3bceab04b61c2,Never,exposure_spanish,NA,Questionnaire,NA,other_non_trivia,NA,NA,NA,NA,No,17
Group_3,b07bd0558a2233758a4e756b1fef79f44060b32fba5df3b299e3bceab04b61c2,Never,exposure_spanish_accent,NA,Questionnaire,NA,other_non_trivia,NA,NA,NA,NA,No,18
Group_3,b07bd0558a2233758a4e756b1fef79f44060b32fba5df3b299e3bceab04b61c2,27,age,NA,Questionnaire,NA,other_non_trivia,NA,NA,NA,NA,No,19
Group_3,b07bd0558a2233758a4e756b1fef79f44060b32fba5df3b299e3bceab04b61c2,Ohio,origin_state,NA,Questionnaire,NA,other_non_trivia,NA,NA,NA,NA,No,20
Group_3,b07bd0558a2233758a4e756b1fef79f44060b32fba5df3b299e3bceab04b61c2,43147,origin_zipcode,NA,Questionnaire,NA,other_non_trivia,NA,NA,NA,NA,No,21
Group_3,b07bd0558a2233758a4e756b1fef79f44060b32fba5df3b299e3bceab04b61c2,Ohio,current_state,NA,Questionnaire,NA,other_non_trivia,NA,NA,NA,NA,No,22
Group_3,b07bd0558a2233758a4e756b1fef79f44060b32fba5df3b299e3bceab04b61c2,43147,current_zipcode,NA,Questionnaire,NA,other_non_trivia,NA,NA,NA,NA,No,23
Group_3,b07bd0558a2233758a4e756b1fef79f44060b32fba5df3b299e3bceab04b61c2,NA,same_state_5_year_no,NA,Questionnaire,NA,other_non_trivia,NA,NA,NA,NA,No,24
Group_3,b07bd0558a2233758a4e756b1fef79f44060b32fba5df3b299e3bceab04b61c2,Dyslexia,diseaseDetail,NA,Questionnaire,NA,other_non_trivia,NA,NA,NA,NA,No,25
Group_3,b07bd0558a2233758a4e756b1fef79f44060b32fba5df3b299e3bceab04b61c2,Mid west American,most_frequent_accent,NA,Questionnaire,NA,other_non_trivia,NA,NA,NA,NA,No,26
Group_3,b07bd0558a2233758a4e756b1fef79f44060b32fba5df3b299e3bceab04b61c2,NA,additional_language_experience,NA,Questionnaire,NA,other_non_trivia,NA,NA,NA,NA,No,27
Group_1,b4207edb7515ca6b8d390d645bca68f261f23b44f130214f22f57d89b53f1b4c,Female,gender,NA,Questionnaire,NA,other_non_trivia,NA,NA,NA,NA,No,1
Group_1,b4207edb7515ca6b8d390d645bca68f261f23b44f130214f22f57d89b53f1b4c,['White'],race/ethnicity,NA,Questionnaire,NA,other_non_trivia,NA,NA,NA,NA,No,2
Group_1,b4207edb7515ca6b8d390d645bca68f261f23b44f130214f22f57d89b53f1b4c,High school,highest_level_edu,NA,Questionnaire,NA,other_non_trivia,NA,NA,NA,NA,No,3
Group_1,b4207edb7515ca6b8d390d645bca68f261f23b44f130214f22f57d89b53f1b4c,['English'],native_language,NA,Questionnaire,NA,other_non_trivia,NA,NA,NA,NA,No,4
Group_1,b4207edb7515ca6b8d390d645bca68f261f23b44f130214f22f57d89b53f1b4c,Yes,same_state_5_year,NA,Questionnaire,NA,other_non_trivia,NA,NA,NA,NA,No,5
Group_1,b4207edb7515ca6b8d390d645bca68f261f23b44f130214f22f57d89b53f1b4c,Yes,same_state_5_year_yes,NA,Questionnaire,NA,other_non_trivia,NA,NA,NA,NA,No,6
Group_1,b4207edb7515ca6b8d390d645bca68f261f23b44f130214f22f57d89b53f1b4c,Right,handedness,NA,Questionnaire,NA,other_non_trivia,NA,NA,NA,NA,No,7
Group_1,b4207edb7515ca6b8d390d645bca68f261f23b44f130214f22f57d89b53f1b4c,No,hearing,NA,Questionnaire,NA,other_non_trivia,NA,NA,NA,NA,No,8
Group_1,b4207edb7515ca6b8d390d645bca68f261f23b44f130214f22f57d89b53f1b4c,No,vision,NA,Questionnaire,NA,other_non_trivia,NA,NA,NA,NA,No,9
Group_1,b4207edb7515ca6b8d390d645bca68f261f23b44f130214f22f57d89b53f1b4c,No,langDis,NA,Questionnaire,NA,other_non_trivia,NA,NA,NA,NA,No,10
Group_1,b4207edb7515ca6b8d390d645bca68f261f23b44f130214f22f57d89b53f1b4c,No,learnDis,NA,Questionnaire,NA,other_non_trivia,NA,NA,NA,NA,No,11
Group_1,b4207edb7515ca6b8d390d645bca68f261f23b44f130214f22f57d89b53f1b4c,No,attention,NA,Questionnaire,NA,other_non_trivia,NA,NA,NA,NA,No,12
Group_1,b4207edb7515ca6b8d390d645bca68f261f23b44f130214f22f57d89b53f1b4c,No,headInjury,NA,Questionnaire,NA,other_non_trivia,NA,NA,NA,NA,No,13
Group_1,b4207edb7515ca6b8d390d645bca68f261f23b44f130214f22f57d89b53f1b4c,No,neuroImpair,NA,Questionnaire,NA,other_non_trivia,NA,NA,NA,NA,No,14
Group_1,b4207edb7515ca6b8d390d645bca68f261f23b44f130214f22f57d89b53f1b4c,No,household_accent,NA,Questionnaire,NA,other_non_trivia,NA,NA,NA,NA,No,15
Group_1,b4207edb7515ca6b8d390d645bca68f261f23b44f130214f22f57d89b53f1b4c,No,current_accent,NA,Questionnaire,NA,other_non_trivia,NA,NA,NA,NA,No,16
Group_1,b4207edb7515ca6b8d390d645bca68f261f23b44f130214f22f57d89b53f1b4c,Sometimes,exposure_spanish,NA,Questionnaire,NA,other_non_trivia,NA,NA,NA,NA,No,17
Group_1,b4207edb7515ca6b8d390d645bca68f261f23b44f130214f22f57d89b53f1b4c,Sometimes,exposure_spanish_accent,NA,Questionnaire,NA,other_non_trivia,NA,NA,NA,NA,No,18
Group_1,b4207edb7515ca6b8d390d645bca68f261f23b44f130214f22f57d89b53f1b4c,39,age,NA,Questionnaire,NA,other_non_trivia,NA,NA,NA,NA,No,19
Group_1,b4207edb7515ca6b8d390d645bca68f261f23b44f130214f22f57d89b53f1b4c,Virginia,origin_state,NA,Questionnaire,NA,other_non_trivia,NA,NA,NA,NA,No,20
Group_1,b4207edb7515ca6b8d390d645bca68f261f23b44f130214f22f57d89b53f1b4c,"Fairfax, VA",origin_zipcode,NA,Questionnaire,NA,other_non_trivia,NA,NA,NA,NA,No,21
Group_1,b4207edb7515ca6b8d390d645bca68f261f23b44f130214f22f57d89b53f1b4c,Virginia,current_state,NA,Questionnaire,NA,other_non_trivia,NA,NA,NA,NA,No,22
Group_1,b4207edb7515ca6b8d390d645bca68f261f23b44f130214f22f57d89b53f1b4c,22655,current_zipcode,NA,Questionnaire,NA,other_non_trivia,NA,NA,NA,NA,No,23
Group_1,b4207edb7515ca6b8d390d645bca68f261f23b44f130214f22f57d89b53f1b4c,NA,same_state_5_year_no,NA,Questionnaire,NA,other_non_trivia,NA,NA,NA,NA,No,24
Group_1,b4207edb7515ca6b8d390d645bca68f261f23b44f130214f22f57d89b53f1b4c,NA,diseaseDetail,NA,Questionnaire,NA,other_non_trivia,NA,NA,NA,NA,No,25
Group_1,b4207edb7515ca6b8d390d645bca68f261f23b44f130214f22f57d89b53f1b4c,"My sister, American; my best friend, American; my husband, American",most_frequent_accent,NA,Questionnaire,NA,other_non_trivia,NA,NA,NA,NA,No,26
Group_1,b4207edb7515ca6b8d390d645bca68f261f23b44f130214f22f57d89b53f1b4c,I learned some spanish in highschool. I work with a couple spanish speaking people,additional_language_experience,NA,Questionnaire,NA,other_non_trivia,NA,NA,NA,NA,No,27
Group_2,c81bab460326e86d38120f047a30ce2a2ca857645af43f98ae26cc0d16ec7294,Female,gender,NA,Questionnaire,NA,other_non_trivia,NA,NA,NA,NA,No,1
Group_2,c81bab460326e86d38120f047a30ce2a2ca857645af43f98ae26cc0d16ec7294,['White'],race/ethnicity,NA,Questionnaire,NA,other_non_trivia,NA,NA,NA,NA,No,2
Group_2,c81bab460326e86d38120f047a30ce2a2ca857645af43f98ae26cc0d16ec7294,2- or 4-year college degree,highest_level_edu,NA,Questionnaire,NA,other_non_trivia,NA,NA,NA,NA,No,3
Group_2,c81bab460326e86d38120f047a30ce2a2ca857645af43f98ae26cc0d16ec7294,['English'],native_language,NA,Questionnaire,NA,other_non_trivia,NA,NA,NA,NA,No,4
Group_2,c81bab460326e86d38120f047a30ce2a2ca857645af43f98ae26cc0d16ec7294,Yes,same_state_5_year,NA,Questionnaire,NA,other_non_trivia,NA,NA,NA,NA,No,5
Group_2,c81bab460326e86d38120f047a30ce2a2ca857645af43f98ae26cc0d16ec7294,No,same_state_5_year_yes,NA,Questionnaire,NA,other_non_trivia,NA,NA,NA,NA,No,6
Group_2,c81bab460326e86d38120f047a30ce2a2ca857645af43f98ae26cc0d16ec7294,Right,handedness,NA,Questionnaire,NA,other_non_trivia,NA,NA,NA,NA,No,7
Group_2,c81bab460326e86d38120f047a30ce2a2ca857645af43f98ae26cc0d16ec7294,No,hearing,NA,Questionnaire,NA,other_non_trivia,NA,NA,NA,NA,No,8
Group_2,c81bab460326e86d38120f047a30ce2a2ca857645af43f98ae26cc0d16ec7294,No,vision,NA,Questionnaire,NA,other_non_trivia,NA,NA,NA,NA,No,9
Group_2,c81bab460326e86d38120f047a30ce2a2ca857645af43f98ae26cc0d16ec7294,No,langDis,NA,Questionnaire,NA,other_non_trivia,NA,NA,NA,NA,No,10
Group_2,c81bab460326e86d38120f047a30ce2a2ca857645af43f98ae26cc0d16ec7294,No,learnDis,NA,Questionnaire,NA,other_non_trivia,NA,NA,NA,NA,No,11
Group_2,c81bab460326e86d38120f047a30ce2a2ca857645af43f98ae26cc0d16ec7294,No,attention,NA,Questionnaire,NA,other_non_trivia,NA,NA,NA,NA,No,12
Group_2,c81bab460326e86d38120f047a30ce2a2ca857645af43f98ae26cc0d16ec7294,No,headInjury,NA,Questionnaire,NA,other_non_trivia,NA,NA,NA,NA,No,13
Group_2,c81bab460326e86d38120f047a30ce2a2ca857645af43f98ae26cc0d16ec7294,No,neuroImpair,NA,Questionnaire,NA,other_non_trivia,NA,NA,NA,NA,No,14
Group_2,c81bab460326e86d38120f047a30ce2a2ca857645af43f98ae26cc0d16ec7294,No,household_accent,NA,Questionnaire,NA,other_non_trivia,NA,NA,NA,NA,No,15
Group_2,c81bab460326e86d38120f047a30ce2a2ca857645af43f98ae26cc0d16ec7294,No,current_accent,NA,Questionnaire,NA,other_non_trivia,NA,NA,NA,NA,No,16
Group_2,c81bab460326e86d38120f047a30ce2a2ca857645af43f98ae26cc0d16ec7294,Never,exposure_spanish,NA,Questionnaire,NA,other_non_trivia,NA,NA,NA,NA,No,17
Group_2,c81bab460326e86d38120f047a30ce2a2ca857645af43f98ae26cc0d16ec7294,Never,exposure_spanish_accent,NA,Questionnaire,NA,other_non_trivia,NA,NA,NA,NA,No,18
Group_2,c81bab460326e86d38120f047a30ce2a2ca857645af43f98ae26cc0d16ec7294,37,age,NA,Questionnaire,NA,other_non_trivia,NA,NA,NA,NA,No,19
Group_2,c81bab460326e86d38120f047a30ce2a2ca857645af43f98ae26cc0d16ec7294,Massachusetts,origin_state,NA,Questionnaire,NA,other_non_trivia,NA,NA,NA,NA,No,20
Group_2,c81bab460326e86d38120f047a30ce2a2ca857645af43f98ae26cc0d16ec7294,01201,origin_zipcode,NA,Questionnaire,NA,other_non_trivia,NA,NA,NA,NA,No,21
Group_2,c81bab460326e86d38120f047a30ce2a2ca857645af43f98ae26cc0d16ec7294,Oregon,current_state,NA,Questionnaire,NA,other_non_trivia,NA,NA,NA,NA,No,22
Group_2,c81bab460326e86d38120f047a30ce2a2ca857645af43f98ae26cc0d16ec7294,97405,current_zipcode,NA,Questionnaire,NA,other_non_trivia,NA,NA,NA,NA,No,23
Group_2,c81bab460326e86d38120f047a30ce2a2ca857645af43f98ae26cc0d16ec7294,NA,same_state_5_year_no,NA,Questionnaire,NA,other_non_trivia,NA,NA,NA,NA,No,24
Group_2,c81bab460326e86d38120f047a30ce2a2ca857645af43f98ae26cc0d16ec7294,NA,diseaseDetail,NA,Questionnaire,NA,other_non_trivia,NA,NA,NA,NA,No,25
Group_2,c81bab460326e86d38120f047a30ce2a2ca857645af43f98ae26cc0d16ec7294,"My spouse - American
My boss - American
My coworkers - American",most_frequent_accent,NA,Questionnaire,NA,other_non_trivia,NA,NA,NA,NA,No,26
Group_2,c81bab460326e86d38120f047a30ce2a2ca857645af43f98ae26cc0d16ec7294,I lived in New Jersey for 5 years... they have a pretty thick accent,additional_language_experience,NA,Questionnaire,NA,other_non_trivia,NA,NA,NA,NA,No,27
Group_2,ced02bb0547b4e083b812fbfe6d7c14f717d9f0b42d0531a35f1728679789b26,Female,gender,NA,Questionnaire,NA,other_non_trivia,NA,NA,NA,NA,No,1
Group_2,ced02bb0547b4e083b812fbfe6d7c14f717d9f0b42d0531a35f1728679789b26,['White'],race/ethnicity,NA,Questionnaire,NA,other_non_trivia,NA,NA,NA,NA,No,2
Group_2,ced02bb0547b4e083b812fbfe6d7c14f717d9f0b42d0531a35f1728679789b26,2- or 4-year college degree,highest_level_edu,NA,Questionnaire,NA,other_non_trivia,NA,NA,NA,NA,No,3
Group_2,ced02bb0547b4e083b812fbfe6d7c14f717d9f0b42d0531a35f1728679789b26,['English'],native_language,NA,Questionnaire,NA,other_non_trivia,NA,NA,NA,NA,No,4
Group_2,ced02bb0547b4e083b812fbfe6d7c14f717d9f0b42d0531a35f1728679789b26,Yes,same_state_5_year,NA,Questionnaire,NA,other_non_trivia,NA,NA,NA,NA,No,5
Group_2,ced02bb0547b4e083b812fbfe6d7c14f717d9f0b42d0531a35f1728679789b26,Yes,same_state_5_year_yes,NA,Questionnaire,NA,other_non_trivia,NA,NA,NA,NA,No,6
Group_2,ced02bb0547b4e083b812fbfe6d7c14f717d9f0b42d0531a35f1728679789b26,Right,handedness,NA,Questionnaire,NA,other_non_trivia,NA,NA,NA,NA,No,7
Group_2,ced02bb0547b4e083b812fbfe6d7c14f717d9f0b42d0531a35f1728679789b26,No,hearing,NA,Questionnaire,NA,other_non_trivia,NA,NA,NA,NA,No,8
Group_2,ced02bb0547b4e083b812fbfe6d7c14f717d9f0b42d0531a35f1728679789b26,No,vision,NA,Questionnaire,NA,other_non_trivia,NA,NA,NA,NA,No,9
Group_2,ced02bb0547b4e083b812fbfe6d7c14f717d9f0b42d0531a35f1728679789b26,No,langDis,NA,Questionnaire,NA,other_non_trivia,NA,NA,NA,NA,No,10
Group_2,ced02bb0547b4e083b812fbfe6d7c14f717d9f0b42d0531a35f1728679789b26,No,learnDis,NA,Questionnaire,NA,other_non_trivia,NA,NA,NA,NA,No,11
Group_2,ced02bb0547b4e083b812fbfe6d7c14f717d9f0b42d0531a35f1728679789b26,No,attention,NA,Questionnaire,NA,other_non_trivia,NA,NA,NA,NA,No,12
Group_2,ced02bb0547b4e083b812fbfe6d7c14f717d9f0b42d0531a35f1728679789b26,No,headInjury,NA,Questionnaire,NA,other_non_trivia,NA,NA,NA,NA,No,13
Group_2,ced02bb0547b4e083b812fbfe6d7c14f717d9f0b42d0531a35f1728679789b26,No,neuroImpair,NA,Questionnaire,NA,other_non_trivia,NA,NA,NA,NA,No,14
Group_2,ced02bb0547b4e083b812fbfe6d7c14f717d9f0b42d0531a35f1728679789b26,No,household_accent,NA,Questionnaire,NA,other_non_trivia,NA,NA,NA,NA,No,15
Group_2,ced02bb0547b4e083b812fbfe6d7c14f717d9f0b42d0531a35f1728679789b26,No,current_accent,NA,Questionnaire,NA,other_non_trivia,NA,NA,NA,NA,No,16
Group_2,ced02bb0547b4e083b812fbfe6d7c14f717d9f0b42d0531a35f1728679789b26,Sometimes,exposure_spanish,NA,Questionnaire,NA,other_non_trivia,NA,NA,NA,NA,No,17
Group_2,ced02bb0547b4e083b812fbfe6d7c14f717d9f0b42d0531a35f1728679789b26,Sometimes,exposure_spanish_accent,NA,Questionnaire,NA,other_non_trivia,NA,NA,NA,NA,No,18
Group_2,ced02bb0547b4e083b812fbfe6d7c14f717d9f0b42d0531a35f1728679789b26,43,age,NA,Questionnaire,NA,other_non_trivia,NA,NA,NA,NA,No,19
Group_2,ced02bb0547b4e083b812fbfe6d7c14f717d9f0b42d0531a35f1728679789b26,Texas,origin_state,NA,Questionnaire,NA,other_non_trivia,NA,NA,NA,NA,No,20
Group_2,ced02bb0547b4e083b812fbfe6d7c14f717d9f0b42d0531a35f1728679789b26,78232,origin_zipcode,NA,Questionnaire,NA,other_non_trivia,NA,NA,NA,NA,No,21
Group_2,ced02bb0547b4e083b812fbfe6d7c14f717d9f0b42d0531a35f1728679789b26,Texas,current_state,NA,Questionnaire,NA,other_non_trivia,NA,NA,NA,NA,No,22
Group_2,ced02bb0547b4e083b812fbfe6d7c14f717d9f0b42d0531a35f1728679789b26,78163,current_zipcode,NA,Questionnaire,NA,other_non_trivia,NA,NA,NA,NA,No,23
Group_2,ced02bb0547b4e083b812fbfe6d7c14f717d9f0b42d0531a35f1728679789b26,NA,same_state_5_year_no,NA,Questionnaire,NA,other_non_trivia,NA,NA,NA,NA,No,24
Group_2,ced02bb0547b4e083b812fbfe6d7c14f717d9f0b42d0531a35f1728679789b26,NA,diseaseDetail,NA,Questionnaire,NA,other_non_trivia,NA,NA,NA,NA,No,25
Group_2,ced02bb0547b4e083b812fbfe6d7c14f717d9f0b42d0531a35f1728679789b26,"My mom, American; My daughters, American, My preacher, American, My neighbor, American",most_frequent_accent,NA,Questionnaire,NA,other_non_trivia,NA,NA,NA,NA,No,26
Group_2,ced02bb0547b4e083b812fbfe6d7c14f717d9f0b42d0531a35f1728679789b26,NA,additional_language_experience,NA,Questionnaire,NA,other_non_trivia,NA,NA,NA,NA,No,27
Group_1,d0b89e5c6e0350dc1e873cdca52c4023902ba96af4e4d122c46d949e204634bb,Female,gender,NA,Questionnaire,NA,other_non_trivia,NA,NA,NA,NA,No,1
Group_1,d0b89e5c6e0350dc1e873cdca52c4023902ba96af4e4d122c46d949e204634bb,['White'],race/ethnicity,NA,Questionnaire,NA,other_non_trivia,NA,NA,NA,NA,No,2
Group_1,d0b89e5c6e0350dc1e873cdca52c4023902ba96af4e4d122c46d949e204634bb,2- or 4-year college degree,highest_level_edu,NA,Questionnaire,NA,other_non_trivia,NA,NA,NA,NA,No,3
Group_1,d0b89e5c6e0350dc1e873cdca52c4023902ba96af4e4d122c46d949e204634bb,['English'],native_language,NA,Questionnaire,NA,other_non_trivia,NA,NA,NA,NA,No,4
Group_1,d0b89e5c6e0350dc1e873cdca52c4023902ba96af4e4d122c46d949e204634bb,Yes,same_state_5_year,NA,Questionnaire,NA,other_non_trivia,NA,NA,NA,NA,No,5
Group_1,d0b89e5c6e0350dc1e873cdca52c4023902ba96af4e4d122c46d949e204634bb,This doesn't apply to me becuase I answered 'No' previously,same_state_5_year_yes,NA,Questionnaire,NA,other_non_trivia,NA,NA,NA,NA,No,6
Group_1,d0b89e5c6e0350dc1e873cdca52c4023902ba96af4e4d122c46d949e204634bb,Right,handedness,NA,Questionnaire,NA,other_non_trivia,NA,NA,NA,NA,No,7
Group_1,d0b89e5c6e0350dc1e873cdca52c4023902ba96af4e4d122c46d949e204634bb,No,hearing,NA,Questionnaire,NA,other_non_trivia,NA,NA,NA,NA,No,8
Group_1,d0b89e5c6e0350dc1e873cdca52c4023902ba96af4e4d122c46d949e204634bb,Yes,vision,NA,Questionnaire,NA,other_non_trivia,NA,NA,NA,NA,No,9
Group_1,d0b89e5c6e0350dc1e873cdca52c4023902ba96af4e4d122c46d949e204634bb,No,langDis,NA,Questionnaire,NA,other_non_trivia,NA,NA,NA,NA,No,10
Group_1,d0b89e5c6e0350dc1e873cdca52c4023902ba96af4e4d122c46d949e204634bb,No,learnDis,NA,Questionnaire,NA,other_non_trivia,NA,NA,NA,NA,No,11
Group_1,d0b89e5c6e0350dc1e873cdca52c4023902ba96af4e4d122c46d949e204634bb,No,attention,NA,Questionnaire,NA,other_non_trivia,NA,NA,NA,NA,No,12
Group_1,d0b89e5c6e0350dc1e873cdca52c4023902ba96af4e4d122c46d949e204634bb,No,headInjury,NA,Questionnaire,NA,other_non_trivia,NA,NA,NA,NA,No,13
Group_1,d0b89e5c6e0350dc1e873cdca52c4023902ba96af4e4d122c46d949e204634bb,No,neuroImpair,NA,Questionnaire,NA,other_non_trivia,NA,NA,NA,NA,No,14
Group_1,d0b89e5c6e0350dc1e873cdca52c4023902ba96af4e4d122c46d949e204634bb,"Yes, they spoke English with a foreign accent other than the Spanish accent",household_accent,NA,Questionnaire,NA,other_non_trivia,NA,NA,NA,NA,No,15
Group_1,d0b89e5c6e0350dc1e873cdca52c4023902ba96af4e4d122c46d949e204634bb,No,current_accent,NA,Questionnaire,NA,other_non_trivia,NA,NA,NA,NA,No,16
Group_1,d0b89e5c6e0350dc1e873cdca52c4023902ba96af4e4d122c46d949e204634bb,Sometimes,exposure_spanish,NA,Questionnaire,NA,other_non_trivia,NA,NA,NA,NA,No,17
Group_1,d0b89e5c6e0350dc1e873cdca52c4023902ba96af4e4d122c46d949e204634bb,Never,exposure_spanish_accent,NA,Questionnaire,NA,other_non_trivia,NA,NA,NA,NA,No,18
Group_1,d0b89e5c6e0350dc1e873cdca52c4023902ba96af4e4d122c46d949e204634bb,44,age,NA,Questionnaire,NA,other_non_trivia,NA,NA,NA,NA,No,19
Group_1,d0b89e5c6e0350dc1e873cdca52c4023902ba96af4e4d122c46d949e204634bb,Missouri,origin_state,NA,Questionnaire,NA,other_non_trivia,NA,NA,NA,NA,No,20
Group_1,d0b89e5c6e0350dc1e873cdca52c4023902ba96af4e4d122c46d949e204634bb,64804,origin_zipcode,NA,Questionnaire,NA,other_non_trivia,NA,NA,NA,NA,No,21
Group_1,d0b89e5c6e0350dc1e873cdca52c4023902ba96af4e4d122c46d949e204634bb,Missouri,current_state,NA,Questionnaire,NA,other_non_trivia,NA,NA,NA,NA,No,22
Group_1,d0b89e5c6e0350dc1e873cdca52c4023902ba96af4e4d122c46d949e204634bb,64865,current_zipcode,NA,Questionnaire,NA,other_non_trivia,NA,NA,NA,NA,No,23
Group_1,d0b89e5c6e0350dc1e873cdca52c4023902ba96af4e4d122c46d949e204634bb,NA,same_state_5_year_no,NA,Questionnaire,NA,other_non_trivia,NA,NA,NA,NA,No,24
Group_1,d0b89e5c6e0350dc1e873cdca52c4023902ba96af4e4d122c46d949e204634bb,NA,diseaseDetail,NA,Questionnaire,NA,other_non_trivia,NA,NA,NA,NA,No,25
Group_1,d0b89e5c6e0350dc1e873cdca52c4023902ba96af4e4d122c46d949e204634bb,"Almost everyone - Upper South/Lower Midwest  
My Grandma - Yorkshire, England  (but faded)",most_frequent_accent,NA,Questionnaire,NA,other_non_trivia,NA,NA,NA,NA,No,26
Group_1,d0b89e5c6e0350dc1e873cdca52c4023902ba96af4e4d122c46d949e204634bb,I am semi-fluent in Spanish and studied Latin and French,additional_language_experience,NA,Questionnaire,NA,other_non_trivia,NA,NA,NA,NA,No,27
Group_2,d80840e46636e88c7feca5505c9cf7e539534e1479b40d64a8d8b83e9c6b8ed7,Female,gender,NA,Questionnaire,NA,other_non_trivia,NA,NA,NA,NA,No,1
Group_2,d80840e46636e88c7feca5505c9cf7e539534e1479b40d64a8d8b83e9c6b8ed7,['White'],race/ethnicity,NA,Questionnaire,NA,other_non_trivia,NA,NA,NA,NA,No,2
Group_2,d80840e46636e88c7feca5505c9cf7e539534e1479b40d64a8d8b83e9c6b8ed7,Master’s degree,highest_level_edu,NA,Questionnaire,NA,other_non_trivia,NA,NA,NA,NA,No,3
Group_2,d80840e46636e88c7feca5505c9cf7e539534e1479b40d64a8d8b83e9c6b8ed7,['English'],native_language,NA,Questionnaire,NA,other_non_trivia,NA,NA,NA,NA,No,4
Group_2,d80840e46636e88c7feca5505c9cf7e539534e1479b40d64a8d8b83e9c6b8ed7,Yes,same_state_5_year,NA,Questionnaire,NA,other_non_trivia,NA,NA,NA,NA,No,5
Group_2,d80840e46636e88c7feca5505c9cf7e539534e1479b40d64a8d8b83e9c6b8ed7,Yes,same_state_5_year_yes,NA,Questionnaire,NA,other_non_trivia,NA,NA,NA,NA,No,6
Group_2,d80840e46636e88c7feca5505c9cf7e539534e1479b40d64a8d8b83e9c6b8ed7,Right,handedness,NA,Questionnaire,NA,other_non_trivia,NA,NA,NA,NA,No,7
Group_2,d80840e46636e88c7feca5505c9cf7e539534e1479b40d64a8d8b83e9c6b8ed7,No,hearing,NA,Questionnaire,NA,other_non_trivia,NA,NA,NA,NA,No,8
Group_2,d80840e46636e88c7feca5505c9cf7e539534e1479b40d64a8d8b83e9c6b8ed7,No,vision,NA,Questionnaire,NA,other_non_trivia,NA,NA,NA,NA,No,9
Group_2,d80840e46636e88c7feca5505c9cf7e539534e1479b40d64a8d8b83e9c6b8ed7,No,langDis,NA,Questionnaire,NA,other_non_trivia,NA,NA,NA,NA,No,10
Group_2,d80840e46636e88c7feca5505c9cf7e539534e1479b40d64a8d8b83e9c6b8ed7,No,learnDis,NA,Questionnaire,NA,other_non_trivia,NA,NA,NA,NA,No,11
Group_2,d80840e46636e88c7feca5505c9cf7e539534e1479b40d64a8d8b83e9c6b8ed7,No,attention,NA,Questionnaire,NA,other_non_trivia,NA,NA,NA,NA,No,12
Group_2,d80840e46636e88c7feca5505c9cf7e539534e1479b40d64a8d8b83e9c6b8ed7,No,headInjury,NA,Questionnaire,NA,other_non_trivia,NA,NA,NA,NA,No,13
Group_2,d80840e46636e88c7feca5505c9cf7e539534e1479b40d64a8d8b83e9c6b8ed7,No,neuroImpair,NA,Questionnaire,NA,other_non_trivia,NA,NA,NA,NA,No,14
Group_2,d80840e46636e88c7feca5505c9cf7e539534e1479b40d64a8d8b83e9c6b8ed7,No,household_accent,NA,Questionnaire,NA,other_non_trivia,NA,NA,NA,NA,No,15
Group_2,d80840e46636e88c7feca5505c9cf7e539534e1479b40d64a8d8b83e9c6b8ed7,No,current_accent,NA,Questionnaire,NA,other_non_trivia,NA,NA,NA,NA,No,16
Group_2,d80840e46636e88c7feca5505c9cf7e539534e1479b40d64a8d8b83e9c6b8ed7,Never,exposure_spanish,NA,Questionnaire,NA,other_non_trivia,NA,NA,NA,NA,No,17
Group_2,d80840e46636e88c7feca5505c9cf7e539534e1479b40d64a8d8b83e9c6b8ed7,Never,exposure_spanish_accent,NA,Questionnaire,NA,other_non_trivia,NA,NA,NA,NA,No,18
Group_2,d80840e46636e88c7feca5505c9cf7e539534e1479b40d64a8d8b83e9c6b8ed7,41,age,NA,Questionnaire,NA,other_non_trivia,NA,NA,NA,NA,No,19
Group_2,d80840e46636e88c7feca5505c9cf7e539534e1479b40d64a8d8b83e9c6b8ed7,Iowa,origin_state,NA,Questionnaire,NA,other_non_trivia,NA,NA,NA,NA,No,20
Group_2,d80840e46636e88c7feca5505c9cf7e539534e1479b40d64a8d8b83e9c6b8ed7,53929,origin_zipcode,NA,Questionnaire,NA,other_non_trivia,NA,NA,NA,NA,No,21
Group_2,d80840e46636e88c7feca5505c9cf7e539534e1479b40d64a8d8b83e9c6b8ed7,Wisconsin,current_state,NA,Questionnaire,NA,other_non_trivia,NA,NA,NA,NA,No,22
Group_2,d80840e46636e88c7feca5505c9cf7e539534e1479b40d64a8d8b83e9c6b8ed7,53929,current_zipcode,NA,Questionnaire,NA,other_non_trivia,NA,NA,NA,NA,No,23
Group_2,d80840e46636e88c7feca5505c9cf7e539534e1479b40d64a8d8b83e9c6b8ed7,NA,same_state_5_year_no,NA,Questionnaire,NA,other_non_trivia,NA,NA,NA,NA,No,24
Group_2,d80840e46636e88c7feca5505c9cf7e539534e1479b40d64a8d8b83e9c6b8ed7,NA,diseaseDetail,NA,Questionnaire,NA,other_non_trivia,NA,NA,NA,NA,No,25
Group_2,d80840e46636e88c7feca5505c9cf7e539534e1479b40d64a8d8b83e9c6b8ed7,They have have the American accent,most_frequent_accent,NA,Questionnaire,NA,other_non_trivia,NA,NA,NA,NA,No,26
Group_2,d80840e46636e88c7feca5505c9cf7e539534e1479b40d64a8d8b83e9c6b8ed7,NA,additional_language_experience,NA,Questionnaire,NA,other_non_trivia,NA,NA,NA,NA,No,27
Group_2,d9a7ac8c827bf5f2dbb5f0f816e3a4d39c0ddcd7c738077e0bf9ec51ae97bea4,Female,gender,NA,Questionnaire,NA,other_non_trivia,NA,NA,NA,NA,No,1
Group_2,d9a7ac8c827bf5f2dbb5f0f816e3a4d39c0ddcd7c738077e0bf9ec51ae97bea4,['Black or African American'],race/ethnicity,NA,Questionnaire,NA,other_non_trivia,NA,NA,NA,NA,No,2
Group_2,d9a7ac8c827bf5f2dbb5f0f816e3a4d39c0ddcd7c738077e0bf9ec51ae97bea4,Master’s degree,highest_level_edu,NA,Questionnaire,NA,other_non_trivia,NA,NA,NA,NA,No,3
Group_2,d9a7ac8c827bf5f2dbb5f0f816e3a4d39c0ddcd7c738077e0bf9ec51ae97bea4,['English'],native_language,NA,Questionnaire,NA,other_non_trivia,NA,NA,NA,NA,No,4
Group_2,d9a7ac8c827bf5f2dbb5f0f816e3a4d39c0ddcd7c738077e0bf9ec51ae97bea4,Yes,same_state_5_year,NA,Questionnaire,NA,other_non_trivia,NA,NA,NA,NA,No,5
Group_2,d9a7ac8c827bf5f2dbb5f0f816e3a4d39c0ddcd7c738077e0bf9ec51ae97bea4,Yes,same_state_5_year_yes,NA,Questionnaire,NA,other_non_trivia,NA,NA,NA,NA,No,6
Group_2,d9a7ac8c827bf5f2dbb5f0f816e3a4d39c0ddcd7c738077e0bf9ec51ae97bea4,Right,handedness,NA,Questionnaire,NA,other_non_trivia,NA,NA,NA,NA,No,7
Group_2,d9a7ac8c827bf5f2dbb5f0f816e3a4d39c0ddcd7c738077e0bf9ec51ae97bea4,No,hearing,NA,Questionnaire,NA,other_non_trivia,NA,NA,NA,NA,No,8
Group_2,d9a7ac8c827bf5f2dbb5f0f816e3a4d39c0ddcd7c738077e0bf9ec51ae97bea4,No,vision,NA,Questionnaire,NA,other_non_trivia,NA,NA,NA,NA,No,9
Group_2,d9a7ac8c827bf5f2dbb5f0f816e3a4d39c0ddcd7c738077e0bf9ec51ae97bea4,No,langDis,NA,Questionnaire,NA,other_non_trivia,NA,NA,NA,NA,No,10
Group_2,d9a7ac8c827bf5f2dbb5f0f816e3a4d39c0ddcd7c738077e0bf9ec51ae97bea4,No,learnDis,NA,Questionnaire,NA,other_non_trivia,NA,NA,NA,NA,No,11
Group_2,d9a7ac8c827bf5f2dbb5f0f816e3a4d39c0ddcd7c738077e0bf9ec51ae97bea4,No,attention,NA,Questionnaire,NA,other_non_trivia,NA,NA,NA,NA,No,12
Group_2,d9a7ac8c827bf5f2dbb5f0f816e3a4d39c0ddcd7c738077e0bf9ec51ae97bea4,No,headInjury,NA,Questionnaire,NA,other_non_trivia,NA,NA,NA,NA,No,13
Group_2,d9a7ac8c827bf5f2dbb5f0f816e3a4d39c0ddcd7c738077e0bf9ec51ae97bea4,No,neuroImpair,NA,Questionnaire,NA,other_non_trivia,NA,NA,NA,NA,No,14
Group_2,d9a7ac8c827bf5f2dbb5f0f816e3a4d39c0ddcd7c738077e0bf9ec51ae97bea4,No,household_accent,NA,Questionnaire,NA,other_non_trivia,NA,NA,NA,NA,No,15
Group_2,d9a7ac8c827bf5f2dbb5f0f816e3a4d39c0ddcd7c738077e0bf9ec51ae97bea4,No,current_accent,NA,Questionnaire,NA,other_non_trivia,NA,NA,NA,NA,No,16
Group_2,d9a7ac8c827bf5f2dbb5f0f816e3a4d39c0ddcd7c738077e0bf9ec51ae97bea4,Half the time,exposure_spanish,NA,Questionnaire,NA,other_non_trivia,NA,NA,NA,NA,No,17
Group_2,d9a7ac8c827bf5f2dbb5f0f816e3a4d39c0ddcd7c738077e0bf9ec51ae97bea4,Half the time,exposure_spanish_accent,NA,Questionnaire,NA,other_non_trivia,NA,NA,NA,NA,No,18
Group_2,d9a7ac8c827bf5f2dbb5f0f816e3a4d39c0ddcd7c738077e0bf9ec51ae97bea4,39,age,NA,Questionnaire,NA,other_non_trivia,NA,NA,NA,NA,No,19
Group_2,d9a7ac8c827bf5f2dbb5f0f816e3a4d39c0ddcd7c738077e0bf9ec51ae97bea4,ca,origin_state,NA,Questionnaire,NA,other_non_trivia,NA,NA,NA,NA,No,20
Group_2,d9a7ac8c827bf5f2dbb5f0f816e3a4d39c0ddcd7c738077e0bf9ec51ae97bea4,90746,origin_zipcode,NA,Questionnaire,NA,other_non_trivia,NA,NA,NA,NA,No,21
Group_2,d9a7ac8c827bf5f2dbb5f0f816e3a4d39c0ddcd7c738077e0bf9ec51ae97bea4,ca,current_state,NA,Questionnaire,NA,other_non_trivia,NA,NA,NA,NA,No,22
Group_2,d9a7ac8c827bf5f2dbb5f0f816e3a4d39c0ddcd7c738077e0bf9ec51ae97bea4,90746,current_zipcode,NA,Questionnaire,NA,other_non_trivia,NA,NA,NA,NA,No,23
Group_2,d9a7ac8c827bf5f2dbb5f0f816e3a4d39c0ddcd7c738077e0bf9ec51ae97bea4,na,same_state_5_year_no,NA,Questionnaire,NA,other_non_trivia,NA,NA,NA,NA,No,24
Group_2,d9a7ac8c827bf5f2dbb5f0f816e3a4d39c0ddcd7c738077e0bf9ec51ae97bea4,na,diseaseDetail,NA,Questionnaire,NA,other_non_trivia,NA,NA,NA,NA,No,25
Group_2,d9a7ac8c827bf5f2dbb5f0f816e3a4d39c0ddcd7c738077e0bf9ec51ae97bea4,American,most_frequent_accent,NA,Questionnaire,NA,other_non_trivia,NA,NA,NA,NA,No,26
Group_2,d9a7ac8c827bf5f2dbb5f0f816e3a4d39c0ddcd7c738077e0bf9ec51ae97bea4,none,additional_language_experience,NA,Questionnaire,NA,other_non_trivia,NA,NA,NA,NA,No,27
Group_4,deb408127144d291ef01128364b1b7d3b3d1a567d919f42c06097559cad0ea5a,Female,gender,NA,Questionnaire,NA,other_non_trivia,NA,NA,NA,NA,No,1
Group_4,deb408127144d291ef01128364b1b7d3b3d1a567d919f42c06097559cad0ea5a,['White'],race/ethnicity,NA,Questionnaire,NA,other_non_trivia,NA,NA,NA,NA,No,2
Group_4,deb408127144d291ef01128364b1b7d3b3d1a567d919f42c06097559cad0ea5a,Some college,highest_level_edu,NA,Questionnaire,NA,other_non_trivia,NA,NA,NA,NA,No,3
Group_4,deb408127144d291ef01128364b1b7d3b3d1a567d919f42c06097559cad0ea5a,['English'],native_language,NA,Questionnaire,NA,other_non_trivia,NA,NA,NA,NA,No,4
Group_4,deb408127144d291ef01128364b1b7d3b3d1a567d919f42c06097559cad0ea5a,No,same_state_5_year,NA,Questionnaire,NA,other_non_trivia,NA,NA,NA,NA,No,5
Group_4,deb408127144d291ef01128364b1b7d3b3d1a567d919f42c06097559cad0ea5a,No,same_state_5_year_yes,NA,Questionnaire,NA,other_non_trivia,NA,NA,NA,NA,No,6
Group_4,deb408127144d291ef01128364b1b7d3b3d1a567d919f42c06097559cad0ea5a,Right,handedness,NA,Questionnaire,NA,other_non_trivia,NA,NA,NA,NA,No,7
Group_4,deb408127144d291ef01128364b1b7d3b3d1a567d919f42c06097559cad0ea5a,No,hearing,NA,Questionnaire,NA,other_non_trivia,NA,NA,NA,NA,No,8
Group_4,deb408127144d291ef01128364b1b7d3b3d1a567d919f42c06097559cad0ea5a,No,vision,NA,Questionnaire,NA,other_non_trivia,NA,NA,NA,NA,No,9
Group_4,deb408127144d291ef01128364b1b7d3b3d1a567d919f42c06097559cad0ea5a,No,langDis,NA,Questionnaire,NA,other_non_trivia,NA,NA,NA,NA,No,10
Group_4,deb408127144d291ef01128364b1b7d3b3d1a567d919f42c06097559cad0ea5a,No,learnDis,NA,Questionnaire,NA,other_non_trivia,NA,NA,NA,NA,No,11
Group_4,deb408127144d291ef01128364b1b7d3b3d1a567d919f42c06097559cad0ea5a,No,attention,NA,Questionnaire,NA,other_non_trivia,NA,NA,NA,NA,No,12
Group_4,deb408127144d291ef01128364b1b7d3b3d1a567d919f42c06097559cad0ea5a,No,headInjury,NA,Questionnaire,NA,other_non_trivia,NA,NA,NA,NA,No,13
Group_4,deb408127144d291ef01128364b1b7d3b3d1a567d919f42c06097559cad0ea5a,No,neuroImpair,NA,Questionnaire,NA,other_non_trivia,NA,NA,NA,NA,No,14
Group_4,deb408127144d291ef01128364b1b7d3b3d1a567d919f42c06097559cad0ea5a,No,household_accent,NA,Questionnaire,NA,other_non_trivia,NA,NA,NA,NA,No,15
Group_4,deb408127144d291ef01128364b1b7d3b3d1a567d919f42c06097559cad0ea5a,No,current_accent,NA,Questionnaire,NA,other_non_trivia,NA,NA,NA,NA,No,16
Group_4,deb408127144d291ef01128364b1b7d3b3d1a567d919f42c06097559cad0ea5a,Sometimes,exposure_spanish,NA,Questionnaire,NA,other_non_trivia,NA,NA,NA,NA,No,17
Group_4,deb408127144d291ef01128364b1b7d3b3d1a567d919f42c06097559cad0ea5a,Sometimes,exposure_spanish_accent,NA,Questionnaire,NA,other_non_trivia,NA,NA,NA,NA,No,18
Group_4,deb408127144d291ef01128364b1b7d3b3d1a567d919f42c06097559cad0ea5a,22,age,NA,Questionnaire,NA,other_non_trivia,NA,NA,NA,NA,No,19
Group_4,deb408127144d291ef01128364b1b7d3b3d1a567d919f42c06097559cad0ea5a,Michigan,origin_state,NA,Questionnaire,NA,other_non_trivia,NA,NA,NA,NA,No,20
Group_4,deb408127144d291ef01128364b1b7d3b3d1a567d919f42c06097559cad0ea5a,49221,origin_zipcode,NA,Questionnaire,NA,other_non_trivia,NA,NA,NA,NA,No,21
Group_4,deb408127144d291ef01128364b1b7d3b3d1a567d919f42c06097559cad0ea5a,Florida,current_state,NA,Questionnaire,NA,other_non_trivia,NA,NA,NA,NA,No,22
Group_4,deb408127144d291ef01128364b1b7d3b3d1a567d919f42c06097559cad0ea5a,34488,current_zipcode,NA,Questionnaire,NA,other_non_trivia,NA,NA,NA,NA,No,23
Group_4,deb408127144d291ef01128364b1b7d3b3d1a567d919f42c06097559cad0ea5a,Michigan,same_state_5_year_no,NA,Questionnaire,NA,other_non_trivia,NA,NA,NA,NA,No,24
Group_4,deb408127144d291ef01128364b1b7d3b3d1a567d919f42c06097559cad0ea5a,NA,diseaseDetail,NA,Questionnaire,NA,other_non_trivia,NA,NA,NA,NA,No,25
Group_4,deb408127144d291ef01128364b1b7d3b3d1a567d919f42c06097559cad0ea5a,American,most_frequent_accent,NA,Questionnaire,NA,other_non_trivia,NA,NA,NA,NA,No,26
Group_4,deb408127144d291ef01128364b1b7d3b3d1a567d919f42c06097559cad0ea5a,I learned some Spanish in high school,additional_language_experience,NA,Questionnaire,NA,other_non_trivia,NA,NA,NA,NA,No,27
Group_1,eaa4c7194edef11ec6eff31f29ce7113e452fe6c1dd67d200cde8039d2528d86,Male,gender,NA,Questionnaire,NA,other_non_trivia,NA,NA,NA,NA,No,1
Group_1,eaa4c7194edef11ec6eff31f29ce7113e452fe6c1dd67d200cde8039d2528d86,['Hispanic or Latino'],race/ethnicity,NA,Questionnaire,NA,other_non_trivia,NA,NA,NA,NA,No,2
Group_1,eaa4c7194edef11ec6eff31f29ce7113e452fe6c1dd67d200cde8039d2528d86,Some college,highest_level_edu,NA,Questionnaire,NA,other_non_trivia,NA,NA,NA,NA,No,3
Group_1,eaa4c7194edef11ec6eff31f29ce7113e452fe6c1dd67d200cde8039d2528d86,['English'],native_language,NA,Questionnaire,NA,other_non_trivia,NA,NA,NA,NA,No,4
Group_1,eaa4c7194edef11ec6eff31f29ce7113e452fe6c1dd67d200cde8039d2528d86,Yes,same_state_5_year,NA,Questionnaire,NA,other_non_trivia,NA,NA,NA,NA,No,5
Group_1,eaa4c7194edef11ec6eff31f29ce7113e452fe6c1dd67d200cde8039d2528d86,Yes,same_state_5_year_yes,NA,Questionnaire,NA,other_non_trivia,NA,NA,NA,NA,No,6
Group_1,eaa4c7194edef11ec6eff31f29ce7113e452fe6c1dd67d200cde8039d2528d86,Right,handedness,NA,Questionnaire,NA,other_non_trivia,NA,NA,NA,NA,No,7
Group_1,eaa4c7194edef11ec6eff31f29ce7113e452fe6c1dd67d200cde8039d2528d86,No,hearing,NA,Questionnaire,NA,other_non_trivia,NA,NA,NA,NA,No,8
Group_1,eaa4c7194edef11ec6eff31f29ce7113e452fe6c1dd67d200cde8039d2528d86,No,vision,NA,Questionnaire,NA,other_non_trivia,NA,NA,NA,NA,No,9
Group_1,eaa4c7194edef11ec6eff31f29ce7113e452fe6c1dd67d200cde8039d2528d86,No,langDis,NA,Questionnaire,NA,other_non_trivia,NA,NA,NA,NA,No,10
Group_1,eaa4c7194edef11ec6eff31f29ce7113e452fe6c1dd67d200cde8039d2528d86,No,learnDis,NA,Questionnaire,NA,other_non_trivia,NA,NA,NA,NA,No,11
Group_1,eaa4c7194edef11ec6eff31f29ce7113e452fe6c1dd67d200cde8039d2528d86,No,attention,NA,Questionnaire,NA,other_non_trivia,NA,NA,NA,NA,No,12
Group_1,eaa4c7194edef11ec6eff31f29ce7113e452fe6c1dd67d200cde8039d2528d86,No,headInjury,NA,Questionnaire,NA,other_non_trivia,NA,NA,NA,NA,No,13
Group_1,eaa4c7194edef11ec6eff31f29ce7113e452fe6c1dd67d200cde8039d2528d86,No,neuroImpair,NA,Questionnaire,NA,other_non_trivia,NA,NA,NA,NA,No,14
Group_1,eaa4c7194edef11ec6eff31f29ce7113e452fe6c1dd67d200cde8039d2528d86,"Yes, they spoke English with a Spanish accent",household_accent,NA,Questionnaire,NA,other_non_trivia,NA,NA,NA,NA,No,15
Group_1,eaa4c7194edef11ec6eff31f29ce7113e452fe6c1dd67d200cde8039d2528d86,No,current_accent,NA,Questionnaire,NA,other_non_trivia,NA,NA,NA,NA,No,16
Group_1,eaa4c7194edef11ec6eff31f29ce7113e452fe6c1dd67d200cde8039d2528d86,Sometimes,exposure_spanish,NA,Questionnaire,NA,other_non_trivia,NA,NA,NA,NA,No,17
Group_1,eaa4c7194edef11ec6eff31f29ce7113e452fe6c1dd67d200cde8039d2528d86,Sometimes,exposure_spanish_accent,NA,Questionnaire,NA,other_non_trivia,NA,NA,NA,NA,No,18
Group_1,eaa4c7194edef11ec6eff31f29ce7113e452fe6c1dd67d200cde8039d2528d86,34,age,NA,Questionnaire,NA,other_non_trivia,NA,NA,NA,NA,No,19
Group_1,eaa4c7194edef11ec6eff31f29ce7113e452fe6c1dd67d200cde8039d2528d86,texas,origin_state,NA,Questionnaire,NA,other_non_trivia,NA,NA,NA,NA,No,20
Group_1,eaa4c7194edef11ec6eff31f29ce7113e452fe6c1dd67d200cde8039d2528d86,arlington texas,origin_zipcode,NA,Questionnaire,NA,other_non_trivia,NA,NA,NA,NA,No,21
Group_1,eaa4c7194edef11ec6eff31f29ce7113e452fe6c1dd67d200cde8039d2528d86,california,current_state,NA,Questionnaire,NA,other_non_trivia,NA,NA,NA,NA,No,22
Group_1,eaa4c7194edef11ec6eff31f29ce7113e452fe6c1dd67d200cde8039d2528d86,93555,current_zipcode,NA,Questionnaire,NA,other_non_trivia,NA,NA,NA,NA,No,23
Group_1,eaa4c7194edef11ec6eff31f29ce7113e452fe6c1dd67d200cde8039d2528d86,NA,same_state_5_year_no,NA,Questionnaire,NA,other_non_trivia,NA,NA,NA,NA,No,24
Group_1,eaa4c7194edef11ec6eff31f29ce7113e452fe6c1dd67d200cde8039d2528d86,NA,diseaseDetail,NA,Questionnaire,NA,other_non_trivia,NA,NA,NA,NA,No,25
Group_1,eaa4c7194edef11ec6eff31f29ce7113e452fe6c1dd67d200cde8039d2528d86,AMERICAN,most_frequent_accent,NA,Questionnaire,NA,other_non_trivia,NA,NA,NA,NA,No,26
Group_1,eaa4c7194edef11ec6eff31f29ce7113e452fe6c1dd67d200cde8039d2528d86,"I american sign language in high school, i study spanish on tiktok",additional_language_experience,NA,Questionnaire,NA,other_non_trivia,NA,NA,NA,NA,No,27
Group_4,eae678a3389ce24512936a31f29f9cca1e2b566436afbdb79072dc633c58f75e,Female,gender,NA,Questionnaire,NA,other_non_trivia,NA,NA,NA,NA,No,1
Group_4,eae678a3389ce24512936a31f29f9cca1e2b566436afbdb79072dc633c58f75e,['White'],race/ethnicity,NA,Questionnaire,NA,other_non_trivia,NA,NA,NA,NA,No,2
Group_4,eae678a3389ce24512936a31f29f9cca1e2b566436afbdb79072dc633c58f75e,2- or 4-year college degree,highest_level_edu,NA,Questionnaire,NA,other_non_trivia,NA,NA,NA,NA,No,3
Group_4,eae678a3389ce24512936a31f29f9cca1e2b566436afbdb79072dc633c58f75e,['English'],native_language,NA,Questionnaire,NA,other_non_trivia,NA,NA,NA,NA,No,4
Group_4,eae678a3389ce24512936a31f29f9cca1e2b566436afbdb79072dc633c58f75e,Yes,same_state_5_year,NA,Questionnaire,NA,other_non_trivia,NA,NA,NA,NA,No,5
Group_4,eae678a3389ce24512936a31f29f9cca1e2b566436afbdb79072dc633c58f75e,Yes,same_state_5_year_yes,NA,Questionnaire,NA,other_non_trivia,NA,NA,NA,NA,No,6
Group_4,eae678a3389ce24512936a31f29f9cca1e2b566436afbdb79072dc633c58f75e,Left,handedness,NA,Questionnaire,NA,other_non_trivia,NA,NA,NA,NA,No,7
Group_4,eae678a3389ce24512936a31f29f9cca1e2b566436afbdb79072dc633c58f75e,No,hearing,NA,Questionnaire,NA,other_non_trivia,NA,NA,NA,NA,No,8
Group_4,eae678a3389ce24512936a31f29f9cca1e2b566436afbdb79072dc633c58f75e,No,vision,NA,Questionnaire,NA,other_non_trivia,NA,NA,NA,NA,No,9
Group_4,eae678a3389ce24512936a31f29f9cca1e2b566436afbdb79072dc633c58f75e,No,langDis,NA,Questionnaire,NA,other_non_trivia,NA,NA,NA,NA,No,10
Group_4,eae678a3389ce24512936a31f29f9cca1e2b566436afbdb79072dc633c58f75e,No,learnDis,NA,Questionnaire,NA,other_non_trivia,NA,NA,NA,NA,No,11
Group_4,eae678a3389ce24512936a31f29f9cca1e2b566436afbdb79072dc633c58f75e,No,attention,NA,Questionnaire,NA,other_non_trivia,NA,NA,NA,NA,No,12
Group_4,eae678a3389ce24512936a31f29f9cca1e2b566436afbdb79072dc633c58f75e,No,headInjury,NA,Questionnaire,NA,other_non_trivia,NA,NA,NA,NA,No,13
Group_4,eae678a3389ce24512936a31f29f9cca1e2b566436afbdb79072dc633c58f75e,No,neuroImpair,NA,Questionnaire,NA,other_non_trivia,NA,NA,NA,NA,No,14
Group_4,eae678a3389ce24512936a31f29f9cca1e2b566436afbdb79072dc633c58f75e,No,household_accent,NA,Questionnaire,NA,other_non_trivia,NA,NA,NA,NA,No,15
Group_4,eae678a3389ce24512936a31f29f9cca1e2b566436afbdb79072dc633c58f75e,No,current_accent,NA,Questionnaire,NA,other_non_trivia,NA,NA,NA,NA,No,16
Group_4,eae678a3389ce24512936a31f29f9cca1e2b566436afbdb79072dc633c58f75e,Sometimes,exposure_spanish,NA,Questionnaire,NA,other_non_trivia,NA,NA,NA,NA,No,17
Group_4,eae678a3389ce24512936a31f29f9cca1e2b566436afbdb79072dc633c58f75e,Sometimes,exposure_spanish_accent,NA,Questionnaire,NA,other_non_trivia,NA,NA,NA,NA,No,18
Group_4,eae678a3389ce24512936a31f29f9cca1e2b566436afbdb79072dc633c58f75e,42,age,NA,Questionnaire,NA,other_non_trivia,NA,NA,NA,NA,No,19
Group_4,eae678a3389ce24512936a31f29f9cca1e2b566436afbdb79072dc633c58f75e,Texas,origin_state,NA,Questionnaire,NA,other_non_trivia,NA,NA,NA,NA,No,20
Group_4,eae678a3389ce24512936a31f29f9cca1e2b566436afbdb79072dc633c58f75e,75949,origin_zipcode,NA,Questionnaire,NA,other_non_trivia,NA,NA,NA,NA,No,21
Group_4,eae678a3389ce24512936a31f29f9cca1e2b566436afbdb79072dc633c58f75e,Texas,current_state,NA,Questionnaire,NA,other_non_trivia,NA,NA,NA,NA,No,22
Group_4,eae678a3389ce24512936a31f29f9cca1e2b566436afbdb79072dc633c58f75e,75904,current_zipcode,NA,Questionnaire,NA,other_non_trivia,NA,NA,NA,NA,No,23
Group_4,eae678a3389ce24512936a31f29f9cca1e2b566436afbdb79072dc633c58f75e,NA,same_state_5_year_no,NA,Questionnaire,NA,other_non_trivia,NA,NA,NA,NA,No,24
Group_4,eae678a3389ce24512936a31f29f9cca1e2b566436afbdb79072dc633c58f75e,NA,diseaseDetail,NA,Questionnaire,NA,other_non_trivia,NA,NA,NA,NA,No,25
Group_4,eae678a3389ce24512936a31f29f9cca1e2b566436afbdb79072dc633c58f75e,"American 
Spanish",most_frequent_accent,NA,Questionnaire,NA,other_non_trivia,NA,NA,NA,NA,No,26
Group_4,eae678a3389ce24512936a31f29f9cca1e2b566436afbdb79072dc633c58f75e,English,additional_language_experience,NA,Questionnaire,NA,other_non_trivia,NA,NA,NA,NA,No,27
Group_1,f15291be5123c54f7876687b784578b829037453d62108a37933b70638ed7f0f,Female,gender,NA,Questionnaire,NA,other_non_trivia,NA,NA,NA,NA,No,1
Group_1,f15291be5123c54f7876687b784578b829037453d62108a37933b70638ed7f0f,['White'],race/ethnicity,NA,Questionnaire,NA,other_non_trivia,NA,NA,NA,NA,No,2
Group_1,f15291be5123c54f7876687b784578b829037453d62108a37933b70638ed7f0f,Some college,highest_level_edu,NA,Questionnaire,NA,other_non_trivia,NA,NA,NA,NA,No,3
Group_1,f15291be5123c54f7876687b784578b829037453d62108a37933b70638ed7f0f,['English'],native_language,NA,Questionnaire,NA,other_non_trivia,NA,NA,NA,NA,No,4
Group_1,f15291be5123c54f7876687b784578b829037453d62108a37933b70638ed7f0f,Yes,same_state_5_year,NA,Questionnaire,NA,other_non_trivia,NA,NA,NA,NA,No,5
Group_1,f15291be5123c54f7876687b784578b829037453d62108a37933b70638ed7f0f,Yes,same_state_5_year_yes,NA,Questionnaire,NA,other_non_trivia,NA,NA,NA,NA,No,6
Group_1,f15291be5123c54f7876687b784578b829037453d62108a37933b70638ed7f0f,Right,handedness,NA,Questionnaire,NA,other_non_trivia,NA,NA,NA,NA,No,7
Group_1,f15291be5123c54f7876687b784578b829037453d62108a37933b70638ed7f0f,No,hearing,NA,Questionnaire,NA,other_non_trivia,NA,NA,NA,NA,No,8
Group_1,f15291be5123c54f7876687b784578b829037453d62108a37933b70638ed7f0f,Yes,vision,NA,Questionnaire,NA,other_non_trivia,NA,NA,NA,NA,No,9
Group_1,f15291be5123c54f7876687b784578b829037453d62108a37933b70638ed7f0f,No,langDis,NA,Questionnaire,NA,other_non_trivia,NA,NA,NA,NA,No,10
Group_1,f15291be5123c54f7876687b784578b829037453d62108a37933b70638ed7f0f,No,learnDis,NA,Questionnaire,NA,other_non_trivia,NA,NA,NA,NA,No,11
Group_1,f15291be5123c54f7876687b784578b829037453d62108a37933b70638ed7f0f,No,attention,NA,Questionnaire,NA,other_non_trivia,NA,NA,NA,NA,No,12
Group_1,f15291be5123c54f7876687b784578b829037453d62108a37933b70638ed7f0f,No,headInjury,NA,Questionnaire,NA,other_non_trivia,NA,NA,NA,NA,No,13
Group_1,f15291be5123c54f7876687b784578b829037453d62108a37933b70638ed7f0f,No,neuroImpair,NA,Questionnaire,NA,other_non_trivia,NA,NA,NA,NA,No,14
Group_1,f15291be5123c54f7876687b784578b829037453d62108a37933b70638ed7f0f,No,household_accent,NA,Questionnaire,NA,other_non_trivia,NA,NA,NA,NA,No,15
Group_1,f15291be5123c54f7876687b784578b829037453d62108a37933b70638ed7f0f,No,current_accent,NA,Questionnaire,NA,other_non_trivia,NA,NA,NA,NA,No,16
Group_1,f15291be5123c54f7876687b784578b829037453d62108a37933b70638ed7f0f,Sometimes,exposure_spanish,NA,Questionnaire,NA,other_non_trivia,NA,NA,NA,NA,No,17
Group_1,f15291be5123c54f7876687b784578b829037453d62108a37933b70638ed7f0f,Sometimes,exposure_spanish_accent,NA,Questionnaire,NA,other_non_trivia,NA,NA,NA,NA,No,18
Group_1,f15291be5123c54f7876687b784578b829037453d62108a37933b70638ed7f0f,44,age,NA,Questionnaire,NA,other_non_trivia,NA,NA,NA,NA,No,19
Group_1,f15291be5123c54f7876687b784578b829037453d62108a37933b70638ed7f0f,Louisiana,origin_state,NA,Questionnaire,NA,other_non_trivia,NA,NA,NA,NA,No,20
Group_1,f15291be5123c54f7876687b784578b829037453d62108a37933b70638ed7f0f,70091,origin_zipcode,NA,Questionnaire,NA,other_non_trivia,NA,NA,NA,NA,No,21
Group_1,f15291be5123c54f7876687b784578b829037453d62108a37933b70638ed7f0f,Louisiana,current_state,NA,Questionnaire,NA,other_non_trivia,NA,NA,NA,NA,No,22
Group_1,f15291be5123c54f7876687b784578b829037453d62108a37933b70638ed7f0f,70403,current_zipcode,NA,Questionnaire,NA,other_non_trivia,NA,NA,NA,NA,No,23
Group_1,f15291be5123c54f7876687b784578b829037453d62108a37933b70638ed7f0f,NA,same_state_5_year_no,NA,Questionnaire,NA,other_non_trivia,NA,NA,NA,NA,No,24
Group_1,f15291be5123c54f7876687b784578b829037453d62108a37933b70638ed7f0f,I wear glasses,diseaseDetail,NA,Questionnaire,NA,other_non_trivia,NA,NA,NA,NA,No,25
Group_1,f15291be5123c54f7876687b784578b829037453d62108a37933b70638ed7f0f,southern,most_frequent_accent,NA,Questionnaire,NA,other_non_trivia,NA,NA,NA,NA,No,26
Group_1,f15291be5123c54f7876687b784578b829037453d62108a37933b70638ed7f0f,NA,additional_language_experience,NA,Questionnaire,NA,other_non_trivia,NA,NA,NA,NA,No,27
Group_1,f76fc77fc45fe7028e489b6a20b2437c0114c807125f04d2555a1e6d9e18bdf5,Female,gender,NA,Questionnaire,NA,other_non_trivia,NA,NA,NA,NA,No,1
Group_1,f76fc77fc45fe7028e489b6a20b2437c0114c807125f04d2555a1e6d9e18bdf5,['White'],race/ethnicity,NA,Questionnaire,NA,other_non_trivia,NA,NA,NA,NA,No,2
Group_1,f76fc77fc45fe7028e489b6a20b2437c0114c807125f04d2555a1e6d9e18bdf5,Some college,highest_level_edu,NA,Questionnaire,NA,other_non_trivia,NA,NA,NA,NA,No,3
Group_1,f76fc77fc45fe7028e489b6a20b2437c0114c807125f04d2555a1e6d9e18bdf5,['English'],native_language,NA,Questionnaire,NA,other_non_trivia,NA,NA,NA,NA,No,4
Group_1,f76fc77fc45fe7028e489b6a20b2437c0114c807125f04d2555a1e6d9e18bdf5,No,same_state_5_year,NA,Questionnaire,NA,other_non_trivia,NA,NA,NA,NA,No,5
Group_1,f76fc77fc45fe7028e489b6a20b2437c0114c807125f04d2555a1e6d9e18bdf5,No,same_state_5_year_yes,NA,Questionnaire,NA,other_non_trivia,NA,NA,NA,NA,No,6
Group_1,f76fc77fc45fe7028e489b6a20b2437c0114c807125f04d2555a1e6d9e18bdf5,Right,handedness,NA,Questionnaire,NA,other_non_trivia,NA,NA,NA,NA,No,7
Group_1,f76fc77fc45fe7028e489b6a20b2437c0114c807125f04d2555a1e6d9e18bdf5,No,hearing,NA,Questionnaire,NA,other_non_trivia,NA,NA,NA,NA,No,8
Group_1,f76fc77fc45fe7028e489b6a20b2437c0114c807125f04d2555a1e6d9e18bdf5,No,vision,NA,Questionnaire,NA,other_non_trivia,NA,NA,NA,NA,No,9
Group_1,f76fc77fc45fe7028e489b6a20b2437c0114c807125f04d2555a1e6d9e18bdf5,No,langDis,NA,Questionnaire,NA,other_non_trivia,NA,NA,NA,NA,No,10
Group_1,f76fc77fc45fe7028e489b6a20b2437c0114c807125f04d2555a1e6d9e18bdf5,No,learnDis,NA,Questionnaire,NA,other_non_trivia,NA,NA,NA,NA,No,11
Group_1,f76fc77fc45fe7028e489b6a20b2437c0114c807125f04d2555a1e6d9e18bdf5,No,attention,NA,Questionnaire,NA,other_non_trivia,NA,NA,NA,NA,No,12
Group_1,f76fc77fc45fe7028e489b6a20b2437c0114c807125f04d2555a1e6d9e18bdf5,No,headInjury,NA,Questionnaire,NA,other_non_trivia,NA,NA,NA,NA,No,13
Group_1,f76fc77fc45fe7028e489b6a20b2437c0114c807125f04d2555a1e6d9e18bdf5,No,neuroImpair,NA,Questionnaire,NA,other_non_trivia,NA,NA,NA,NA,No,14
Group_1,f76fc77fc45fe7028e489b6a20b2437c0114c807125f04d2555a1e6d9e18bdf5,No,household_accent,NA,Questionnaire,NA,other_non_trivia,NA,NA,NA,NA,No,15
Group_1,f76fc77fc45fe7028e489b6a20b2437c0114c807125f04d2555a1e6d9e18bdf5,No,current_accent,NA,Questionnaire,NA,other_non_trivia,NA,NA,NA,NA,No,16
Group_1,f76fc77fc45fe7028e489b6a20b2437c0114c807125f04d2555a1e6d9e18bdf5,Sometimes,exposure_spanish,NA,Questionnaire,NA,other_non_trivia,NA,NA,NA,NA,No,17
Group_1,f76fc77fc45fe7028e489b6a20b2437c0114c807125f04d2555a1e6d9e18bdf5,Sometimes,exposure_spanish_accent,NA,Questionnaire,NA,other_non_trivia,NA,NA,NA,NA,No,18
Group_1,f76fc77fc45fe7028e489b6a20b2437c0114c807125f04d2555a1e6d9e18bdf5,19,age,NA,Questionnaire,NA,other_non_trivia,NA,NA,NA,NA,No,19
Group_1,f76fc77fc45fe7028e489b6a20b2437c0114c807125f04d2555a1e6d9e18bdf5,MS,origin_state,NA,Questionnaire,NA,other_non_trivia,NA,NA,NA,NA,No,20
Group_1,f76fc77fc45fe7028e489b6a20b2437c0114c807125f04d2555a1e6d9e18bdf5,39339,origin_zipcode,NA,Questionnaire,NA,other_non_trivia,NA,NA,NA,NA,No,21
Group_1,f76fc77fc45fe7028e489b6a20b2437c0114c807125f04d2555a1e6d9e18bdf5,NY,current_state,NA,Questionnaire,NA,other_non_trivia,NA,NA,NA,NA,No,22
Group_1,f76fc77fc45fe7028e489b6a20b2437c0114c807125f04d2555a1e6d9e18bdf5,10002,current_zipcode,NA,Questionnaire,NA,other_non_trivia,NA,NA,NA,NA,No,23
Group_1,f76fc77fc45fe7028e489b6a20b2437c0114c807125f04d2555a1e6d9e18bdf5,"MS, NY",same_state_5_year_no,NA,Questionnaire,NA,other_non_trivia,NA,NA,NA,NA,No,24
Group_1,f76fc77fc45fe7028e489b6a20b2437c0114c807125f04d2555a1e6d9e18bdf5,NA,diseaseDetail,NA,Questionnaire,NA,other_non_trivia,NA,NA,NA,NA,No,25
Group_1,f76fc77fc45fe7028e489b6a20b2437c0114c807125f04d2555a1e6d9e18bdf5,"Mom, American, my closest friend, American, coworker, American.",most_frequent_accent,NA,Questionnaire,NA,other_non_trivia,NA,NA,NA,NA,No,26
Group_1,f76fc77fc45fe7028e489b6a20b2437c0114c807125f04d2555a1e6d9e18bdf5,NA,additional_language_experience,NA,Questionnaire,NA,other_non_trivia,NA,NA,NA,NA,No,27
