participant_num,participant_id,response_value,question ,stim_type,condition,nonphon_err_details,phon_err_details,answer,err_reported,err_reported_attempt,err_type_response,no_err_response,comments,notes,coder
16,436498e5af3776e164fe3dfb37cad36c095d34ba0cf917ade4f7519ffcb5cf12,The question does NOT need any corrections.,what_day_of_the_week_comes_after_monday_fill_27.wav,att_check_good,NA,NA,NA,Tuesday,nans,first,,a,attention check passed (8/8 correct),,JB_1204
16,436498e5af3776e164fe3dfb37cad36c095d34ba0cf917ade4f7519ffcb5cf12,tuesday,what_day_of_the_week_comes_after_monday_fill_27.wav,att_check_good,NA,NA,NA,Tuesday,,,,,,,
16,436498e5af3776e164fe3dfb37cad36c095d34ba0cf917ade4f7519ffcb5cf12,I’m good — skip to the next question,what_day_of_the_week_comes_after_monday_fill_27.wav,att_check_good,NA,NA,NA,Tuesday,s,secsame,,,,,JB_1204
16,436498e5af3776e164fe3dfb37cad36c095d34ba0cf917ade4f7519ffcb5cf12,NA,what_day_of_the_week_comes_after_monday_fill_27.wav,att_check_good,NA,NA,NA,Tuesday,,,,,,,
16,436498e5af3776e164fe3dfb37cad36c095d34ba0cf917ade4f7519ffcb5cf12,The question does NOT need any corrections.,what_color_is_a_typical_school_bus_fill_28.wav,att_check_good,NA,NA,NA,yellow,nans,first,,a,,,JB_1204
16,436498e5af3776e164fe3dfb37cad36c095d34ba0cf917ade4f7519ffcb5cf12,yellow,what_color_is_a_typical_school_bus_fill_28.wav,att_check_good,NA,NA,NA,yellow,,,,,,,
16,436498e5af3776e164fe3dfb37cad36c095d34ba0cf917ade4f7519ffcb5cf12,I’m good — skip to the next question,what_color_is_a_typical_school_bus_fill_28.wav,att_check_good,NA,NA,NA,yellow,s,secsame,,,,,JB_1204
16,436498e5af3776e164fe3dfb37cad36c095d34ba0cf917ade4f7519ffcb5cf12,NA,what_color_is_a_typical_school_bus_fill_28.wav,att_check_good,NA,NA,NA,yellow,,,,,,,
16,436498e5af3776e164fe3dfb37cad36c095d34ba0cf917ade4f7519ffcb5cf12,The question does NOT need any corrections.,what_state_is_los_angeles_located_in_fill_26.wav,att_check_good,NA,NA,NA,California,nans,first,,a,,,JB_1204
16,436498e5af3776e164fe3dfb37cad36c095d34ba0cf917ade4f7519ffcb5cf12,california,what_state_is_los_angeles_located_in_fill_26.wav,att_check_good,NA,NA,NA,California,,,,,,,
16,436498e5af3776e164fe3dfb37cad36c095d34ba0cf917ade4f7519ffcb5cf12,I’m good — skip to the next question,what_state_is_los_angeles_located_in_fill_26.wav,att_check_good,NA,NA,NA,California,s,secsame,,,,,JB_1204
16,436498e5af3776e164fe3dfb37cad36c095d34ba0cf917ade4f7519ffcb5cf12,NA,what_state_is_los_angeles_located_in_fill_26.wav,att_check_good,NA,NA,NA,California,,,,,,,
16,436498e5af3776e164fe3dfb37cad36c095d34ba0cf917ade4f7519ffcb5cf12,"The question needs to be CORRECTED (Select this if you spot an error, even if you don’t know the answer).",in_the_cycle_of_seasons_what_season_comes_after_dinter_fill_29.wav,att_check_err,NA,NA,NA,"Spring (Winter, sound sub that's not related)",y,first,acheckp,,,,JB_1204
16,436498e5af3776e164fe3dfb37cad36c095d34ba0cf917ade4f7519ffcb5cf12,"correct grammar should be ""after winter""; spring",in_the_cycle_of_seasons_what_season_comes_after_dinter_fill_29.wav,att_check_err,NA,NA,NA,"Spring (Winter, sound sub that's not related)",,,,,,,
16,436498e5af3776e164fe3dfb37cad36c095d34ba0cf917ade4f7519ffcb5cf12,I’m good — skip to the next question,in_the_cycle_of_seasons_what_season_comes_after_dinter_fill_29.wav,att_check_err,NA,NA,NA,"Spring (Winter, sound sub that's not related)",s,secsame,,,,,JB_1204
16,436498e5af3776e164fe3dfb37cad36c095d34ba0cf917ade4f7519ffcb5cf12,NA,in_the_cycle_of_seasons_what_season_comes_after_dinter_fill_29.wav,att_check_err,NA,NA,NA,"Spring (Winter, sound sub that's not related)",,,,,,,
16,436498e5af3776e164fe3dfb37cad36c095d34ba0cf917ade4f7519ffcb5cf12,"The question needs to be CORRECTED (Select this if you spot an error, even if you don’t know the answer).",what_is_the_largest_plant_in_the_solar_system_fill_31.wav,att_check_err,NA,NA,NA,Jupiter (planet),y,first,acheckp,,,,JB_1204
16,436498e5af3776e164fe3dfb37cad36c095d34ba0cf917ade4f7519ffcb5cf12,"correct grammar should be ""planet"" and not ""plant""; sun",what_is_the_largest_plant_in_the_solar_system_fill_31.wav,att_check_err,NA,NA,NA,Jupiter (planet),,,,,,,
16,436498e5af3776e164fe3dfb37cad36c095d34ba0cf917ade4f7519ffcb5cf12,I’m good — skip to the next question,what_is_the_largest_plant_in_the_solar_system_fill_31.wav,att_check_err,NA,NA,NA,Jupiter (planet),s,secsame,,,,,JB_1204
16,436498e5af3776e164fe3dfb37cad36c095d34ba0cf917ade4f7519ffcb5cf12,NA,what_is_the_largest_plant_in_the_solar_system_fill_31.wav,att_check_err,NA,NA,NA,Jupiter (planet),,,,,,,
16,436498e5af3776e164fe3dfb37cad36c095d34ba0cf917ade4f7519ffcb5cf12,"The question needs to be CORRECTED (Select this if you spot an error, even if you don’t know the answer).",what_insect_undergoes_a_process_of_change_to_turn_into_a_butterfy_fill_30.wav,att_check_err,NA,NA,NA,caterpillar (butterfly),y,first,acheckp,,,,JB_1204
16,436498e5af3776e164fe3dfb37cad36c095d34ba0cf917ade4f7519ffcb5cf12,"correct grammar should be ""butterfly"" instead of ""butterfry""; caterpillar",what_insect_undergoes_a_process_of_change_to_turn_into_a_butterfy_fill_30.wav,att_check_err,NA,NA,NA,caterpillar (butterfly),,,,,,,
16,436498e5af3776e164fe3dfb37cad36c095d34ba0cf917ade4f7519ffcb5cf12,I’m good — skip to the next question,what_insect_undergoes_a_process_of_change_to_turn_into_a_butterfy_fill_30.wav,att_check_err,NA,NA,NA,caterpillar (butterfly),s,secsame,,,,,JB_1204
16,436498e5af3776e164fe3dfb37cad36c095d34ba0cf917ade4f7519ffcb5cf12,NA,what_insect_undergoes_a_process_of_change_to_turn_into_a_butterfy_fill_30.wav,att_check_err,NA,NA,NA,caterpillar (butterfly),,,,,,,
16,436498e5af3776e164fe3dfb37cad36c095d34ba0cf917ade4f7519ffcb5cf12,"The question needs to be CORRECTED (Select this if you spot an error, even if you don’t know the answer).",how_many_embers_were_in_the_beatles_the_british_rock_band_fill_32.wav,att_check_err,NA,NA,NA,four (members),y,first,acheckp,,,,JB_1204
16,436498e5af3776e164fe3dfb37cad36c095d34ba0cf917ade4f7519ffcb5cf12,"correct grammar should be ""members"" instead of ""embers""; 4 beatles",how_many_embers_were_in_the_beatles_the_british_rock_band_fill_32.wav,att_check_err,NA,NA,NA,four (members),,,,,,,
16,436498e5af3776e164fe3dfb37cad36c095d34ba0cf917ade4f7519ffcb5cf12,I’m good — skip to the next question,how_many_embers_were_in_the_beatles_the_british_rock_band_fill_32.wav,att_check_err,NA,NA,NA,four (members),s,secsame,,,,,JB_1204
16,436498e5af3776e164fe3dfb37cad36c095d34ba0cf917ade4f7519ffcb5cf12,NA,how_many_embers_were_in_the_beatles_the_british_rock_band_fill_32.wav,att_check_err,NA,NA,NA,four (members),,,,,,,
16,436498e5af3776e164fe3dfb37cad36c095d34ba0cf917ade4f7519ffcb5cf12,"The question needs to be CORRECTED (Select this if you spot an error, even if you don’t know the answer).",how_many_legs_does_a_dog_normally_have_fill_25.wav,att_check_good,NA,NA,NA,four,y,first,,a,,,JB_1204
16,436498e5af3776e164fe3dfb37cad36c095d34ba0cf917ade4f7519ffcb5cf12,"correct grammar should be ""legs"" and not ""licks""; 4 legs",how_many_legs_does_a_dog_normally_have_fill_25.wav,att_check_good,NA,NA,NA,four,,,,,,,
16,436498e5af3776e164fe3dfb37cad36c095d34ba0cf917ade4f7519ffcb5cf12,I’m good — skip to the next question,how_many_legs_does_a_dog_normally_have_fill_25.wav,att_check_good,NA,NA,NA,four,s,secsame,,,,,JB_1204
16,436498e5af3776e164fe3dfb37cad36c095d34ba0cf917ade4f7519ffcb5cf12,NA,how_many_legs_does_a_dog_normally_have_fill_25.wav,att_check_good,NA,NA,NA,four,,,,,,,
16,436498e5af3776e164fe3dfb37cad36c095d34ba0cf917ade4f7519ffcb5cf12,"The question needs to be CORRECTED (Select this if you spot an error, even if you don’t know the answer).",what_neil_armstrong_say_during_his_berry_first_steps_on_the_moon_targ_04_D.wav,target,both_err,no aux verbs in questions (lack of do support),/v/ --> /b/; very/berry,"""That's one small step for man, one giant leap for mankind.""",y,first,p,,also mentioned otherp,,FB_1205
16,436498e5af3776e164fe3dfb37cad36c095d34ba0cf917ade4f7519ffcb5cf12,"""Nail"" should be ""Neil"", ""berry"" should be ""very""; I don't know",what_neil_armstrong_say_during_his_berry_first_steps_on_the_moon_targ_04_D.wav,target,both_err,no aux verbs in questions (lack of do support),/v/ --> /b/; very/berry,"""That's one small step for man, one giant leap for mankind.""",,,,,,,
16,436498e5af3776e164fe3dfb37cad36c095d34ba0cf917ade4f7519ffcb5cf12,I’m good — skip to the next question,what_neil_armstrong_say_during_his_berry_first_steps_on_the_moon_targ_04_D.wav,target,both_err,no aux verbs in questions (lack of do support),/v/ --> /b/; very/berry,"""That's one small step for man, one giant leap for mankind.""",s,secsame,,,,,FB_1205
16,436498e5af3776e164fe3dfb37cad36c095d34ba0cf917ade4f7519ffcb5cf12,NA,what_neil_armstrong_say_during_his_berry_first_steps_on_the_moon_targ_04_D.wav,target,both_err,no aux verbs in questions (lack of do support),/v/ --> /b/; very/berry,"""That's one small step for man, one giant leap for mankind.""",,,,,,,
16,436498e5af3776e164fe3dfb37cad36c095d34ba0cf917ade4f7519ffcb5cf12,The question does NOT need any corrections.,what_holiday_occurs_at_the_end_of_october_and_features_trick-or-treating_pumpkins_and_haunted_houses_fill_07.wav,filler_other,NA,NA,NA,Halloween,nans,first,,a,,,FB_1205
16,436498e5af3776e164fe3dfb37cad36c095d34ba0cf917ade4f7519ffcb5cf12,halloween,what_holiday_occurs_at_the_end_of_october_and_features_trick-or-treating_pumpkins_and_haunted_houses_fill_07.wav,filler_other,NA,NA,NA,Halloween,,,,,,,
16,436498e5af3776e164fe3dfb37cad36c095d34ba0cf917ade4f7519ffcb5cf12,I’m good — skip to the next question,what_holiday_occurs_at_the_end_of_october_and_features_trick-or-treating_pumpkins_and_haunted_houses_fill_07.wav,filler_other,NA,NA,NA,Halloween,s,secsame,,,,,FB_1205
16,436498e5af3776e164fe3dfb37cad36c095d34ba0cf917ade4f7519ffcb5cf12,NA,what_holiday_occurs_at_the_end_of_october_and_features_trick-or-treating_pumpkins_and_haunted_houses_fill_07.wav,filler_other,NA,NA,NA,Halloween,,,,,,,
16,436498e5af3776e164fe3dfb37cad36c095d34ba0cf917ade4f7519ffcb5cf12,The question does NOT need any corrections.,which_body_part_did_van_gogh_allegedly_cut_off_after_an_argument_with_his_friend_fill_05.wav,filler_other,NA,NA,NA,ear,nans,first,,a,,,FB_1205
16,436498e5af3776e164fe3dfb37cad36c095d34ba0cf917ade4f7519ffcb5cf12,ear,which_body_part_did_van_gogh_allegedly_cut_off_after_an_argument_with_his_friend_fill_05.wav,filler_other,NA,NA,NA,ear,,,,,,,
16,436498e5af3776e164fe3dfb37cad36c095d34ba0cf917ade4f7519ffcb5cf12,I’m good — skip to the next question,which_body_part_did_van_gogh_allegedly_cut_off_after_an_argument_with_his_friend_fill_05.wav,filler_other,NA,NA,NA,ear,s,secsame,,,,,FB_1205
16,436498e5af3776e164fe3dfb37cad36c095d34ba0cf917ade4f7519ffcb5cf12,NA,which_body_part_did_van_gogh_allegedly_cut_off_after_an_argument_with_his_friend_fill_05.wav,filler_other,NA,NA,NA,ear,,,,,,,
16,436498e5af3776e164fe3dfb37cad36c095d34ba0cf917ade4f7519ffcb5cf12,The question does NOT need any corrections.,which_oscar-winning_movie_features_tom_hanks_saying_life_is_like_a_box_of_chocolates_fill_12.wav,filler_other,NA,NA,NA,Forrest Gump,nans,first,,a,,,FB_1205
16,436498e5af3776e164fe3dfb37cad36c095d34ba0cf917ade4f7519ffcb5cf12,forest gump,which_oscar-winning_movie_features_tom_hanks_saying_life_is_like_a_box_of_chocolates_fill_12.wav,filler_other,NA,NA,NA,Forrest Gump,,,,,,,
16,436498e5af3776e164fe3dfb37cad36c095d34ba0cf917ade4f7519ffcb5cf12,I’m good — skip to the next question,which_oscar-winning_movie_features_tom_hanks_saying_life_is_like_a_box_of_chocolates_fill_12.wav,filler_other,NA,NA,NA,Forrest Gump,s,secsame,,,,,FB_1205
16,436498e5af3776e164fe3dfb37cad36c095d34ba0cf917ade4f7519ffcb5cf12,NA,which_oscar-winning_movie_features_tom_hanks_saying_life_is_like_a_box_of_chocolates_fill_12.wav,filler_other,NA,NA,NA,Forrest Gump,,,,,,,
16,436498e5af3776e164fe3dfb37cad36c095d34ba0cf917ade4f7519ffcb5cf12,The question does NOT need any corrections.,what_big_star_in_our_solar_system_can_still_be_visible_when_is_cloudy_targ_19_C.wav,target,non_phon_err,expletive 'it' dropping,/ɪ/ --> /i/; still/steal,the Sun,nans,first,,w,,,FB_1205
16,436498e5af3776e164fe3dfb37cad36c095d34ba0cf917ade4f7519ffcb5cf12,north,what_big_star_in_our_solar_system_can_still_be_visible_when_is_cloudy_targ_19_C.wav,target,non_phon_err,expletive 'it' dropping,/ɪ/ --> /i/; still/steal,the Sun,,,,,,,
16,436498e5af3776e164fe3dfb37cad36c095d34ba0cf917ade4f7519ffcb5cf12,I’m good — skip to the next question,what_big_star_in_our_solar_system_can_still_be_visible_when_is_cloudy_targ_19_C.wav,target,non_phon_err,expletive 'it' dropping,/ɪ/ --> /i/; still/steal,the Sun,s,secsame,,,,,FB_1205
16,436498e5af3776e164fe3dfb37cad36c095d34ba0cf917ade4f7519ffcb5cf12,NA,what_big_star_in_our_solar_system_can_still_be_visible_when_is_cloudy_targ_19_C.wav,target,non_phon_err,expletive 'it' dropping,/ɪ/ --> /i/; still/steal,the Sun,,,,,,,
16,436498e5af3776e164fe3dfb37cad36c095d34ba0cf917ade4f7519ffcb5cf12,"The question needs to be CORRECTED (Select this if you spot an error, even if you don’t know the answer).",which_british_celebrity_judge_often_harshly_critiqued_contestants_on_the_nationwide_singing_contest_american_idol_fill_03.wav,filler_other,NA,NA,NA,Simon Cowell,y,first,other,,,,FB_1205
16,436498e5af3776e164fe3dfb37cad36c095d34ba0cf917ade4f7519ffcb5cf12,simon cowell,which_british_celebrity_judge_often_harshly_critiqued_contestants_on_the_nationwide_singing_contest_american_idol_fill_03.wav,filler_other,NA,NA,NA,Simon Cowell,,,,,,,
16,436498e5af3776e164fe3dfb37cad36c095d34ba0cf917ade4f7519ffcb5cf12,"The question needs to be CORRECTED (Select this if you spot an error, even if you don’t know the answer).",which_british_celebrity_judge_often_harshly_critiqued_contestants_on_the_nationwide_singing_contest_american_idol_fill_03.wav,filler_other,NA,NA,NA,Simon Cowell,y,secsame,otherfill,,,,FB_1205
16,436498e5af3776e164fe3dfb37cad36c095d34ba0cf917ade4f7519ffcb5cf12,"""often harshly critics"" is the correct grammar; Simon Cowell",which_british_celebrity_judge_often_harshly_critiqued_contestants_on_the_nationwide_singing_contest_american_idol_fill_03.wav,filler_other,NA,NA,NA,Simon Cowell,,,,,,,
16,436498e5af3776e164fe3dfb37cad36c095d34ba0cf917ade4f7519ffcb5cf12,"The question needs to be CORRECTED (Select this if you spot an error, even if you don’t know the answer).",for_what_pink_ice_cream_flavor_will_companies_do_their_best_to_use_real_fruit_targ_01_A.wav,target,correct,make vs. other verb,/ɪ/ --> /i/; will/wheel,strawberry,y,first,otherwrong,,,,FB_1205
16,436498e5af3776e164fe3dfb37cad36c095d34ba0cf917ade4f7519ffcb5cf12,NA,for_what_pink_ice_cream_flavor_will_companies_do_their_best_to_use_real_fruit_targ_01_A.wav,target,correct,make vs. other verb,/ɪ/ --> /i/; will/wheel,strawberry,,,,,,,
16,436498e5af3776e164fe3dfb37cad36c095d34ba0cf917ade4f7519ffcb5cf12,The question does NOT need any corrections.,for_what_pink_ice_cream_flavor_will_companies_do_their_best_to_use_real_fruit_targ_01_A.wav,target,correct,make vs. other verb,/ɪ/ --> /i/; will/wheel,strawberry,nans,secdiff,,a,,,FB_1205
16,436498e5af3776e164fe3dfb37cad36c095d34ba0cf917ade4f7519ffcb5cf12,Strawberry,for_what_pink_ice_cream_flavor_will_companies_do_their_best_to_use_real_fruit_targ_01_A.wav,target,correct,make vs. other verb,/ɪ/ --> /i/; will/wheel,strawberry,,,,,,,
16,436498e5af3776e164fe3dfb37cad36c095d34ba0cf917ade4f7519ffcb5cf12,"The question needs to be CORRECTED (Select this if you spot an error, even if you don’t know the answer).",which_scottish_actor_first_played_james_bond_wearing_kilts_to_red_carpets_when_he_had_32_years_old_targ_03_C.wav,target,non_phon_err,have vs. be,/k/ --> /g/; kilt/guilt,Sean Connery,y,first,other,,,,FB_1205
16,436498e5af3776e164fe3dfb37cad36c095d34ba0cf917ade4f7519ffcb5cf12,sean connery,which_scottish_actor_first_played_james_bond_wearing_kilts_to_red_carpets_when_he_had_32_years_old_targ_03_C.wav,target,non_phon_err,have vs. be,/k/ --> /g/; kilt/guilt,Sean Connery,,,,,,,
16,436498e5af3776e164fe3dfb37cad36c095d34ba0cf917ade4f7519ffcb5cf12,"The question needs to be CORRECTED (Select this if you spot an error, even if you don’t know the answer).",which_scottish_actor_first_played_james_bond_wearing_kilts_to_red_carpets_when_he_had_32_years_old_targ_03_C.wav,target,non_phon_err,have vs. be,/k/ --> /g/; kilt/guilt,Sean Connery,y,secsame,np,,,,FB_1205
16,436498e5af3776e164fe3dfb37cad36c095d34ba0cf917ade4f7519ffcb5cf12,"correct grammar should be ""Scottish"" actor and ""when he was 32 years old""; Sean Connery",which_scottish_actor_first_played_james_bond_wearing_kilts_to_red_carpets_when_he_had_32_years_old_targ_03_C.wav,target,non_phon_err,have vs. be,/k/ --> /g/; kilt/guilt,Sean Connery,,,,,,,
16,436498e5af3776e164fe3dfb37cad36c095d34ba0cf917ade4f7519ffcb5cf12,"The question needs to be CORRECTED (Select this if you spot an error, even if you don’t know the answer).",what_childrens_game_makes_people_sit_down_quickly_when_the_music_loud_stops_targ_07_C.wav,target,non_phon_err,adj/noun order,/ɪ/ --> /i/; sit/seat,musical chairs,y,first,np,,,,FB_1205
16,436498e5af3776e164fe3dfb37cad36c095d34ba0cf917ade4f7519ffcb5cf12,"correct grammar should be ""When the loud music stops""; musical chairs",what_childrens_game_makes_people_sit_down_quickly_when_the_music_loud_stops_targ_07_C.wav,target,non_phon_err,adj/noun order,/ɪ/ --> /i/; sit/seat,musical chairs,,,,,,,
16,436498e5af3776e164fe3dfb37cad36c095d34ba0cf917ade4f7519ffcb5cf12,I’m good — skip to the next question,what_childrens_game_makes_people_sit_down_quickly_when_the_music_loud_stops_targ_07_C.wav,target,non_phon_err,adj/noun order,/ɪ/ --> /i/; sit/seat,musical chairs,s,secsame,,,,,FB_1205
16,436498e5af3776e164fe3dfb37cad36c095d34ba0cf917ade4f7519ffcb5cf12,NA,what_childrens_game_makes_people_sit_down_quickly_when_the_music_loud_stops_targ_07_C.wav,target,non_phon_err,adj/noun order,/ɪ/ --> /i/; sit/seat,musical chairs,,,,,,,
16,436498e5af3776e164fe3dfb37cad36c095d34ba0cf917ade4f7519ffcb5cf12,"The question does NOT need any corrections, but I don't know the answer/ I don't understand what the question is asking.",who_discovered_the_law_of_universal_gravitation_which_accounts_for_why_objects_naturally_fall_downwards_fill_15.wav,filler_other,NA,NA,NA,Isaac Newton,nun,first,,,,,FB_1205
16,436498e5af3776e164fe3dfb37cad36c095d34ba0cf917ade4f7519ffcb5cf12,isaac newton,who_discovered_the_law_of_universal_gravitation_which_accounts_for_why_objects_naturally_fall_downwards_fill_15.wav,filler_other,NA,NA,NA,Isaac Newton,,,,,,,
16,436498e5af3776e164fe3dfb37cad36c095d34ba0cf917ade4f7519ffcb5cf12,The question does NOT need any corrections.,who_discovered_the_law_of_universal_gravitation_which_accounts_for_why_objects_naturally_fall_downwards_fill_15.wav,filler_other,NA,NA,NA,Isaac Newton,nans,secdiff,,a,,,FB_1205
16,436498e5af3776e164fe3dfb37cad36c095d34ba0cf917ade4f7519ffcb5cf12,isaac newton,who_discovered_the_law_of_universal_gravitation_which_accounts_for_why_objects_naturally_fall_downwards_fill_15.wav,filler_other,NA,NA,NA,Isaac Newton,,,,,,,
16,436498e5af3776e164fe3dfb37cad36c095d34ba0cf917ade4f7519ffcb5cf12,"The question needs to be CORRECTED (Select this if you spot an error, even if you don’t know the answer).",what_supplies_do_you_need_to_knit_a_scarf_targ_13_A.wav,target,correct,no aux verbs in questions (lack of do support),/ɪ/ --> /i/; knit/neat,needles and yarn,y,first,othernp,,,,FB_1205
16,436498e5af3776e164fe3dfb37cad36c095d34ba0cf917ade4f7519ffcb5cf12,"correct grammar should be ""you need to make a scarf""; fabric",what_supplies_do_you_need_to_knit_a_scarf_targ_13_A.wav,target,correct,no aux verbs in questions (lack of do support),/ɪ/ --> /i/; knit/neat,needles and yarn,,,,,,,
16,436498e5af3776e164fe3dfb37cad36c095d34ba0cf917ade4f7519ffcb5cf12,I’m good — skip to the next question,what_supplies_do_you_need_to_knit_a_scarf_targ_13_A.wav,target,correct,no aux verbs in questions (lack of do support),/ɪ/ --> /i/; knit/neat,needles and yarn,s,secsame,,,,,FB_1205
16,436498e5af3776e164fe3dfb37cad36c095d34ba0cf917ade4f7519ffcb5cf12,NA,what_supplies_do_you_need_to_knit_a_scarf_targ_13_A.wav,target,correct,no aux verbs in questions (lack of do support),/ɪ/ --> /i/; knit/neat,needles and yarn,,,,,,,
16,436498e5af3776e164fe3dfb37cad36c095d34ba0cf917ade4f7519ffcb5cf12,"The question needs to be CORRECTED (Select this if you spot an error, even if you don’t know the answer).",what_colors_can_have_on_a_traffic_light_which_often_senses_when_cars_pull_up_targ_11_C.wav,target,non_phon_err,have vs. be,/ʊ/ --> /u/; pulls/pools,green,y,first,other,,,,FB_1205
16,436498e5af3776e164fe3dfb37cad36c095d34ba0cf917ade4f7519ffcb5cf12,"red, yellow and green",what_colors_can_have_on_a_traffic_light_which_often_senses_when_cars_pull_up_targ_11_C.wav,target,non_phon_err,have vs. be,/ʊ/ --> /u/; pulls/pools,green,,,,,,,
16,436498e5af3776e164fe3dfb37cad36c095d34ba0cf917ade4f7519ffcb5cf12,"The question needs to be CORRECTED (Select this if you spot an error, even if you don’t know the answer).",what_colors_can_have_on_a_traffic_light_which_often_senses_when_cars_pull_up_targ_11_C.wav,target,non_phon_err,have vs. be,/ʊ/ --> /u/; pulls/pools,green,y,secsame,np,,,,FB_1205
16,436498e5af3776e164fe3dfb37cad36c095d34ba0cf917ade4f7519ffcb5cf12,"correct grammar should be ""colors are on a traffic light""; red, yellow and green",what_colors_can_have_on_a_traffic_light_which_often_senses_when_cars_pull_up_targ_11_C.wav,target,non_phon_err,have vs. be,/ʊ/ --> /u/; pulls/pools,green,,,,,,,
16,436498e5af3776e164fe3dfb37cad36c095d34ba0cf917ade4f7519ffcb5cf12,"The question needs to be CORRECTED (Select this if you spot an error, even if you don’t know the answer).",which_fast_food_chain_offers_foot-long_sandwiches_and_has_the_slogan_eat_fresh_fill_11.wav,filler_other,NA,NA,NA,Subway,y,first,other,,,,FB_1205
16,436498e5af3776e164fe3dfb37cad36c095d34ba0cf917ade4f7519ffcb5cf12,subway,which_fast_food_chain_offers_foot-long_sandwiches_and_has_the_slogan_eat_fresh_fill_11.wav,filler_other,NA,NA,NA,Subway,,,,,,,
16,436498e5af3776e164fe3dfb37cad36c095d34ba0cf917ade4f7519ffcb5cf12,"The question needs to be CORRECTED (Select this if you spot an error, even if you don’t know the answer).",which_fast_food_chain_offers_foot-long_sandwiches_and_has_the_slogan_eat_fresh_fill_11.wav,filler_other,NA,NA,NA,Subway,y,secsame,otherfill,,,,FB_1205
16,436498e5af3776e164fe3dfb37cad36c095d34ba0cf917ade4f7519ffcb5cf12,"correct grammar should be ""foot long sandwiches""; subway",which_fast_food_chain_offers_foot-long_sandwiches_and_has_the_slogan_eat_fresh_fill_11.wav,filler_other,NA,NA,NA,Subway,,,,,,,
16,436498e5af3776e164fe3dfb37cad36c095d34ba0cf917ade4f7519ffcb5cf12,"The question needs to be CORRECTED (Select this if you spot an error, even if you don’t know the answer).",if_youre_on_a_pat_from_california_to_hawaii_which_ocean_you_go_through_targ_12_D.wav,target,both_err,no aux verbs in questions (lack of do support),/θ/ --> /t/; path/pat,Pacific Ocean,y,first,other ,,,,FB_1205
16,436498e5af3776e164fe3dfb37cad36c095d34ba0cf917ade4f7519ffcb5cf12,pacific,if_youre_on_a_pat_from_california_to_hawaii_which_ocean_you_go_through_targ_12_D.wav,target,both_err,no aux verbs in questions (lack of do support),/θ/ --> /t/; path/pat,Pacific Ocean,,,,,,,
16,436498e5af3776e164fe3dfb37cad36c095d34ba0cf917ade4f7519ffcb5cf12,"The question needs to be CORRECTED (Select this if you spot an error, even if you don’t know the answer).",if_youre_on_a_pat_from_california_to_hawaii_which_ocean_you_go_through_targ_12_D.wav,target,both_err,no aux verbs in questions (lack of do support),/θ/ --> /t/; path/pat,Pacific Ocean,y,secsame,both,,,,FB_1205
16,436498e5af3776e164fe3dfb37cad36c095d34ba0cf917ade4f7519ffcb5cf12,"correct grammar should be ""on a path"" and ""ocean would you go through""; pacific",if_youre_on_a_pat_from_california_to_hawaii_which_ocean_you_go_through_targ_12_D.wav,target,both_err,no aux verbs in questions (lack of do support),/θ/ --> /t/; path/pat,Pacific Ocean,,,,,,,
16,436498e5af3776e164fe3dfb37cad36c095d34ba0cf917ade4f7519ffcb5cf12,The question does NOT need any corrections.,where_do_the_jolly_christmas_icons_santa_claus_and_his_wife_mrs._claus_live_fill_22.wav,filler_other,NA,NA,NA,the North Pole,nans,first,,a,,,FB_1205
16,436498e5af3776e164fe3dfb37cad36c095d34ba0cf917ade4f7519ffcb5cf12,the north pole,where_do_the_jolly_christmas_icons_santa_claus_and_his_wife_mrs._claus_live_fill_22.wav,filler_other,NA,NA,NA,the North Pole,,,,,,,
16,436498e5af3776e164fe3dfb37cad36c095d34ba0cf917ade4f7519ffcb5cf12,"The question needs to be CORRECTED (Select this if you spot an error, even if you don’t know the answer).",where_do_the_jolly_christmas_icons_santa_claus_and_his_wife_mrs._claus_live_fill_22.wav,filler_other,NA,NA,NA,the North Pole,y,secdiff,otherfill,,,,FB_1205
16,436498e5af3776e164fe3dfb37cad36c095d34ba0cf917ade4f7519ffcb5cf12,"correct grammar should be ""where does""; the north pole",where_do_the_jolly_christmas_icons_santa_claus_and_his_wife_mrs._claus_live_fill_22.wav,filler_other,NA,NA,NA,the North Pole,,,,,,,
16,436498e5af3776e164fe3dfb37cad36c095d34ba0cf917ade4f7519ffcb5cf12,"The question needs to be CORRECTED (Select this if you spot an error, even if you don’t know the answer).",in_the_lion_king_who_does_nala_talk_to_and_is_laying_in_a_cot_after_theyve_reunited_targ_21_A.wav,target,correct,no aux verbs in questions (lack of do support),/k/ --> /g/; cot/got,Simba,y,first,,,,,FB_1205
16,436498e5af3776e164fe3dfb37cad36c095d34ba0cf917ade4f7519ffcb5cf12,simba,in_the_lion_king_who_does_nala_talk_to_and_is_laying_in_a_cot_after_theyve_reunited_targ_21_A.wav,target,correct,no aux verbs in questions (lack of do support),/k/ --> /g/; cot/got,Simba,,,,,,,
16,436498e5af3776e164fe3dfb37cad36c095d34ba0cf917ade4f7519ffcb5cf12,"The question needs to be CORRECTED (Select this if you spot an error, even if you don’t know the answer).",in_the_lion_king_who_does_nala_talk_to_and_is_laying_in_a_cot_after_theyve_reunited_targ_21_A.wav,target,correct,no aux verbs in questions (lack of do support),/k/ --> /g/; cot/got,Simba,y,secsame,othernp,,,,FB_1205
16,436498e5af3776e164fe3dfb37cad36c095d34ba0cf917ade4f7519ffcb5cf12,"""lion in a cub"" is incorrect grammar; simba",in_the_lion_king_who_does_nala_talk_to_and_is_laying_in_a_cot_after_theyve_reunited_targ_21_A.wav,target,correct,no aux verbs in questions (lack of do support),/k/ --> /g/; cot/got,Simba,,,,,,,
16,436498e5af3776e164fe3dfb37cad36c095d34ba0cf917ade4f7519ffcb5cf12,"The question needs to be CORRECTED (Select this if you spot an error, even if you don’t know the answer).",what_city_have_people_rust_to_tour_to_see_where_the_us_government_does_business_targ_14_B.wav,target,phon_err,make vs. other verb,/ʃ/ --> /s/; rushed/rust,Washington D.C.,y,first,,,,,FB_1205
16,436498e5af3776e164fe3dfb37cad36c095d34ba0cf917ade4f7519ffcb5cf12,washington d.c.,what_city_have_people_rust_to_tour_to_see_where_the_us_government_does_business_targ_14_B.wav,target,phon_err,make vs. other verb,/ʃ/ --> /s/; rushed/rust,Washington D.C.,,,,,,,
16,436498e5af3776e164fe3dfb37cad36c095d34ba0cf917ade4f7519ffcb5cf12,"The question needs to be CORRECTED (Select this if you spot an error, even if you don’t know the answer).",what_city_have_people_rust_to_tour_to_see_where_the_us_government_does_business_targ_14_B.wav,target,phon_err,make vs. other verb,/ʃ/ --> /s/; rushed/rust,Washington D.C.,y,secsame,othernp,,,,FB_1205
16,436498e5af3776e164fe3dfb37cad36c095d34ba0cf917ade4f7519ffcb5cf12,"correct grammar should be ""has people tour where""; washington d.c.",what_city_have_people_rust_to_tour_to_see_where_the_us_government_does_business_targ_14_B.wav,target,phon_err,make vs. other verb,/ʃ/ --> /s/; rushed/rust,Washington D.C.,,,,,,,
16,436498e5af3776e164fe3dfb37cad36c095d34ba0cf917ade4f7519ffcb5cf12,"The question needs to be CORRECTED (Select this if you spot an error, even if you don’t know the answer).",what_popular_us_chain_provides_a_happy_meal_toy_or_plus_when_kids_have_hungry_targ_20_D.wav,target,both_err,have vs. be,/ʃ/ --> /s/; plush/plus,McDonald's,y,first,,,,,FB_1205
16,436498e5af3776e164fe3dfb37cad36c095d34ba0cf917ade4f7519ffcb5cf12,mcdonalds,what_popular_us_chain_provides_a_happy_meal_toy_or_plus_when_kids_have_hungry_targ_20_D.wav,target,both_err,have vs. be,/ʃ/ --> /s/; plush/plus,McDonald's,,,,,,,
16,436498e5af3776e164fe3dfb37cad36c095d34ba0cf917ade4f7519ffcb5cf12,"The question needs to be CORRECTED (Select this if you spot an error, even if you don’t know the answer).",what_popular_us_chain_provides_a_happy_meal_toy_or_plus_when_kids_have_hungry_targ_20_D.wav,target,both_err,have vs. be,/ʃ/ --> /s/; plush/plus,McDonald's,y,secsame,np,,othernp: reported an unrelated np error in addition to the correct np error,,FB_1205
16,436498e5af3776e164fe3dfb37cad36c095d34ba0cf917ade4f7519ffcb5cf12,"correct grammar should be ""happy meals and toys"" and ""when kids are hungry""; mcdonalds",what_popular_us_chain_provides_a_happy_meal_toy_or_plus_when_kids_have_hungry_targ_20_D.wav,target,both_err,have vs. be,/ʃ/ --> /s/; plush/plus,McDonald's,,,,,,,
16,436498e5af3776e164fe3dfb37cad36c095d34ba0cf917ade4f7519ffcb5cf12,"The question needs to be CORRECTED (Select this if you spot an error, even if you don’t know the answer).",what_term_refers_to_armored_men_who_enjoyed_carrying_medieval_swords_that_class_in_combat_targ_02_B.wav,target,phon_err,infinitive vs. participle,/ʃ/ --> /s/; clash/class,knights,y,first,,,,,FB_1205
16,436498e5af3776e164fe3dfb37cad36c095d34ba0cf917ade4f7519ffcb5cf12,knight,what_term_refers_to_armored_men_who_enjoyed_carrying_medieval_swords_that_class_in_combat_targ_02_B.wav,target,phon_err,infinitive vs. participle,/ʃ/ --> /s/; clash/class,knights,,,,,,,
16,436498e5af3776e164fe3dfb37cad36c095d34ba0cf917ade4f7519ffcb5cf12,"The question needs to be CORRECTED (Select this if you spot an error, even if you don’t know the answer).",what_term_refers_to_armored_men_who_enjoyed_carrying_medieval_swords_that_class_in_combat_targ_02_B.wav,target,phon_err,infinitive vs. participle,/ʃ/ --> /s/; clash/class,knights,y,secsame,otherp,,,,FB_1205
16,436498e5af3776e164fe3dfb37cad36c095d34ba0cf917ade4f7519ffcb5cf12,"correct grammar should be ""swords that are used in combat""; knights",what_term_refers_to_armored_men_who_enjoyed_carrying_medieval_swords_that_class_in_combat_targ_02_B.wav,target,phon_err,infinitive vs. participle,/ʃ/ --> /s/; clash/class,knights,,,,,,,
16,436498e5af3776e164fe3dfb37cad36c095d34ba0cf917ade4f7519ffcb5cf12,The question does NOT need any corrections.,what_novel_has_the_quote_i’m_late_i’m_late_for_a_very_important_date_fill_13.wav,filler_other,NA,NA,NA,Alice in Wonderland,nans,first,,a,,,FB_1205
16,436498e5af3776e164fe3dfb37cad36c095d34ba0cf917ade4f7519ffcb5cf12,alice in wonderland,what_novel_has_the_quote_i’m_late_i’m_late_for_a_very_important_date_fill_13.wav,filler_other,NA,NA,NA,Alice in Wonderland,,,,,,,
16,436498e5af3776e164fe3dfb37cad36c095d34ba0cf917ade4f7519ffcb5cf12,I’m good — skip to the next question,what_novel_has_the_quote_i’m_late_i’m_late_for_a_very_important_date_fill_13.wav,filler_other,NA,NA,NA,Alice in Wonderland,s,secsame,,,,,FB_1205
16,436498e5af3776e164fe3dfb37cad36c095d34ba0cf917ade4f7519ffcb5cf12,NA,what_novel_has_the_quote_i’m_late_i’m_late_for_a_very_important_date_fill_13.wav,filler_other,NA,NA,NA,Alice in Wonderland,,,,,,,
16,436498e5af3776e164fe3dfb37cad36c095d34ba0cf917ade4f7519ffcb5cf12,"The question needs to be CORRECTED (Select this if you spot an error, even if you don’t know the answer).",what_company_created_the_macbook_a_device_full_of_features_to_help_students_make_homework_targ_23_C.wav,target,non_phon_err,make vs. other verb,/ʊ/ --> /u/; full/fool,Apple,y,first,np,,,,FB_1205
16,436498e5af3776e164fe3dfb37cad36c095d34ba0cf917ade4f7519ffcb5cf12,"correct grammar should be ""help students complete homework""; apple",what_company_created_the_macbook_a_device_full_of_features_to_help_students_make_homework_targ_23_C.wav,target,non_phon_err,make vs. other verb,/ʊ/ --> /u/; full/fool,Apple,,,,,,,
16,436498e5af3776e164fe3dfb37cad36c095d34ba0cf917ade4f7519ffcb5cf12,"The question needs to be CORRECTED (Select this if you spot an error, even if you don’t know the answer).",what_company_created_the_macbook_a_device_full_of_features_to_help_students_make_homework_targ_23_C.wav,target,non_phon_err,make vs. other verb,/ʊ/ --> /u/; full/fool,Apple,y,secdiff,np,,also reported otherp in the second attempt,,FB_1205
16,436498e5af3776e164fe3dfb37cad36c095d34ba0cf917ade4f7519ffcb5cf12,"correct grammar should be ""a device"" and ""students complete homework""; apple",what_company_created_the_macbook_a_device_full_of_features_to_help_students_make_homework_targ_23_C.wav,target,non_phon_err,make vs. other verb,/ʊ/ --> /u/; full/fool,Apple,,,,,,,
16,436498e5af3776e164fe3dfb37cad36c095d34ba0cf917ade4f7519ffcb5cf12,"The question does NOT need any corrections, but I don't know the answer/ I don't understand what the question is asking.",if_i_consider_to_leave_work_after_the_fort_hour_how_many_minutes_would_that_be_targ_24_D.wav,target,both_err,infinitive vs. participle,/θ/ --> /t/; fourth/fort,two hundred and forty,nun,first,,,,,FB_1205
16,436498e5af3776e164fe3dfb37cad36c095d34ba0cf917ade4f7519ffcb5cf12,NA,if_i_consider_to_leave_work_after_the_fort_hour_how_many_minutes_would_that_be_targ_24_D.wav,target,both_err,infinitive vs. participle,/θ/ --> /t/; fourth/fort,two hundred and forty,,,,,,,
16,436498e5af3776e164fe3dfb37cad36c095d34ba0cf917ade4f7519ffcb5cf12,"The question does NOT need any corrections, but I don't know the answer/ I don't understand what the question is asking.",if_i_consider_to_leave_work_after_the_fort_hour_how_many_minutes_would_that_be_targ_24_D.wav,target,both_err,infinitive vs. participle,/θ/ --> /t/; fourth/fort,two hundred and forty,nun,secsame,,,,,FB_1205
16,436498e5af3776e164fe3dfb37cad36c095d34ba0cf917ade4f7519ffcb5cf12,NA,if_i_consider_to_leave_work_after_the_fort_hour_how_many_minutes_would_that_be_targ_24_D.wav,target,both_err,infinitive vs. participle,/θ/ --> /t/; fourth/fort,two hundred and forty,,,,,,,
16,436498e5af3776e164fe3dfb37cad36c095d34ba0cf917ade4f7519ffcb5cf12,"The question needs to be CORRECTED (Select this if you spot an error, even if you don’t know the answer).",how_many_days_would_my_tandem_bike_be_gone_if_someone_borrows_it_for_july_targ_17_A.wav,target,correct,adj/noun order,/ʊ/ --> /u/; would/wooed,thirty-one days,y,first,otherwrong,,,,FB_1205
16,436498e5af3776e164fe3dfb37cad36c095d34ba0cf917ade4f7519ffcb5cf12,NA,how_many_days_would_my_tandem_bike_be_gone_if_someone_borrows_it_for_july_targ_17_A.wav,target,correct,adj/noun order,/ʊ/ --> /u/; would/wooed,thirty-one days,,,,,,,
16,436498e5af3776e164fe3dfb37cad36c095d34ba0cf917ade4f7519ffcb5cf12,"The question needs to be CORRECTED (Select this if you spot an error, even if you don’t know the answer).",how_many_days_would_my_tandem_bike_be_gone_if_someone_borrows_it_for_july_targ_17_A.wav,target,correct,adj/noun order,/ʊ/ --> /u/; would/wooed,thirty-one days,y,secdiff,other,,1) unclear what the participant means here ,,FB_1205
16,436498e5af3776e164fe3dfb37cad36c095d34ba0cf917ade4f7519ffcb5cf12,"""month begin""; NA",how_many_days_would_my_tandem_bike_be_gone_if_someone_borrows_it_for_july_targ_17_A.wav,target,correct,adj/noun order,/ʊ/ --> /u/; would/wooed,thirty-one days,,,,,,,
16,436498e5af3776e164fe3dfb37cad36c095d34ba0cf917ade4f7519ffcb5cf12,"The question needs to be CORRECTED (Select this if you spot an error, even if you don’t know the answer).",which_cartoon_character_works_at_the_krusty_krab_and_is_best_friends_with_patrick_star_fill_04.wav,filler_other,NA,NA,NA,Spongebob,y,first,otherfill,,,,FB_1205
16,436498e5af3776e164fe3dfb37cad36c095d34ba0cf917ade4f7519ffcb5cf12,"correct grammar should be ""works at the Krusty Krab""; Spongebob Squarepants",which_cartoon_character_works_at_the_krusty_krab_and_is_best_friends_with_patrick_star_fill_04.wav,filler_other,NA,NA,NA,Spongebob,,,,,,,
16,436498e5af3776e164fe3dfb37cad36c095d34ba0cf917ade4f7519ffcb5cf12,"The question needs to be CORRECTED (Select this if you spot an error, even if you don’t know the answer).",which_cartoon_character_works_at_the_krusty_krab_and_is_best_friends_with_patrick_star_fill_04.wav,filler_other,NA,NA,NA,Spongebob,y,secdiff,otherfill,,,,FB_1205
16,436498e5af3776e164fe3dfb37cad36c095d34ba0cf917ade4f7519ffcb5cf12,"correct grammar should be ""cartoon"" instead of ""carton""; Spongebob Squarepants",which_cartoon_character_works_at_the_krusty_krab_and_is_best_friends_with_patrick_star_fill_04.wav,filler_other,NA,NA,NA,Spongebob,,,,,,,
16,436498e5af3776e164fe3dfb37cad36c095d34ba0cf917ade4f7519ffcb5cf12,The question does NOT need any corrections.,what_colors_make_up_a_traditional_candy_cane_which_people_enjoy_to_eat_during_christmas_targ_15_C.wav,target,non_phon_err,infinitive vs. participle,/k/ --> /g/; cane/gain,red and white,nans,first,,a,,,FB_1205
16,436498e5af3776e164fe3dfb37cad36c095d34ba0cf917ade4f7519ffcb5cf12,red and white,what_colors_make_up_a_traditional_candy_cane_which_people_enjoy_to_eat_during_christmas_targ_15_C.wav,target,non_phon_err,infinitive vs. participle,/k/ --> /g/; cane/gain,red and white,,,,,,,
16,436498e5af3776e164fe3dfb37cad36c095d34ba0cf917ade4f7519ffcb5cf12,I’m good — skip to the next question,what_colors_make_up_a_traditional_candy_cane_which_people_enjoy_to_eat_during_christmas_targ_15_C.wav,target,non_phon_err,infinitive vs. participle,/k/ --> /g/; cane/gain,red and white,s,secsame,,,,,FB_1205
16,436498e5af3776e164fe3dfb37cad36c095d34ba0cf917ade4f7519ffcb5cf12,NA,what_colors_make_up_a_traditional_candy_cane_which_people_enjoy_to_eat_during_christmas_targ_15_C.wav,target,non_phon_err,infinitive vs. participle,/k/ --> /g/; cane/gain,red and white,,,,,,,
16,436498e5af3776e164fe3dfb37cad36c095d34ba0cf917ade4f7519ffcb5cf12,"The question needs to be CORRECTED (Select this if you spot an error, even if you don’t know the answer).",how_many_legs_does_a_canadian_garden_spider_whose_silk_can_make_clot_have_targ_06_B.wav,target,phon_err,adj/noun order,/θ/ --> /t/; cloth/clot,eight,y,first,otherp,,,,FB_1205
16,436498e5af3776e164fe3dfb37cad36c095d34ba0cf917ade4f7519ffcb5cf12,"correct grammar should be ""legs"" and not ""licks""; 8 legs",how_many_legs_does_a_canadian_garden_spider_whose_silk_can_make_clot_have_targ_06_B.wav,target,phon_err,adj/noun order,/θ/ --> /t/; cloth/clot,eight,,,,,,,
16,436498e5af3776e164fe3dfb37cad36c095d34ba0cf917ade4f7519ffcb5cf12,I’m good — skip to the next question,how_many_legs_does_a_canadian_garden_spider_whose_silk_can_make_clot_have_targ_06_B.wav,target,phon_err,adj/noun order,/θ/ --> /t/; cloth/clot,eight,s,secsame,,,,,FB_1205
16,436498e5af3776e164fe3dfb37cad36c095d34ba0cf917ade4f7519ffcb5cf12,NA,how_many_legs_does_a_canadian_garden_spider_whose_silk_can_make_clot_have_targ_06_B.wav,target,phon_err,adj/noun order,/θ/ --> /t/; cloth/clot,eight,,,,,,,
16,436498e5af3776e164fe3dfb37cad36c095d34ba0cf917ade4f7519ffcb5cf12,The question does NOT need any corrections.,what_us_holiday_is_often_celebrated_with_fireworks_and_hotdogs_to_honor_americas_freedom_fill_17.wav,filler_other,NA,NA,NA,Independence Day,nans,first,,a,,,FB_1205
16,436498e5af3776e164fe3dfb37cad36c095d34ba0cf917ade4f7519ffcb5cf12,4th of July,what_us_holiday_is_often_celebrated_with_fireworks_and_hotdogs_to_honor_americas_freedom_fill_17.wav,filler_other,NA,NA,NA,Independence Day,,,,,,,
16,436498e5af3776e164fe3dfb37cad36c095d34ba0cf917ade4f7519ffcb5cf12,I’m good — skip to the next question,what_us_holiday_is_often_celebrated_with_fireworks_and_hotdogs_to_honor_americas_freedom_fill_17.wav,filler_other,NA,NA,NA,Independence Day,s,secsame,,,,,FB_1205
16,436498e5af3776e164fe3dfb37cad36c095d34ba0cf917ade4f7519ffcb5cf12,NA,what_us_holiday_is_often_celebrated_with_fireworks_and_hotdogs_to_honor_americas_freedom_fill_17.wav,filler_other,NA,NA,NA,Independence Day,,,,,,,
16,436498e5af3776e164fe3dfb37cad36c095d34ba0cf917ade4f7519ffcb5cf12,The question does NOT need any corrections.,what_kind_of_weather_could_occur_when_it_is_raining_and_below_freezing_targ_05_A.wav,target,correct,expletive 'it' dropping,/ʊ/ --> /u/; could/cooed,snow,nans,first,,a,,,FB_1205
16,436498e5af3776e164fe3dfb37cad36c095d34ba0cf917ade4f7519ffcb5cf12,hail storm,what_kind_of_weather_could_occur_when_it_is_raining_and_below_freezing_targ_05_A.wav,target,correct,expletive 'it' dropping,/ʊ/ --> /u/; could/cooed,snow,,,,,,,
16,436498e5af3776e164fe3dfb37cad36c095d34ba0cf917ade4f7519ffcb5cf12,I’m good — skip to the next question,what_kind_of_weather_could_occur_when_it_is_raining_and_below_freezing_targ_05_A.wav,target,correct,expletive 'it' dropping,/ʊ/ --> /u/; could/cooed,snow,s,secsame,,,,,FB_1205
16,436498e5af3776e164fe3dfb37cad36c095d34ba0cf917ade4f7519ffcb5cf12,NA,what_kind_of_weather_could_occur_when_it_is_raining_and_below_freezing_targ_05_A.wav,target,correct,expletive 'it' dropping,/ʊ/ --> /u/; could/cooed,snow,,,,,,,
16,436498e5af3776e164fe3dfb37cad36c095d34ba0cf917ade4f7519ffcb5cf12,The question does NOT need any corrections.,which_season_do_we_associate_with_thanksgiving_the_beginning_of_school_and_leaves_turning_brown_fill_19.wav,filler_other,NA,NA,NA,Fall,nans,first,,a,,,FB_1205
16,436498e5af3776e164fe3dfb37cad36c095d34ba0cf917ade4f7519ffcb5cf12,fall,which_season_do_we_associate_with_thanksgiving_the_beginning_of_school_and_leaves_turning_brown_fill_19.wav,filler_other,NA,NA,NA,Fall,,,,,,,
16,436498e5af3776e164fe3dfb37cad36c095d34ba0cf917ade4f7519ffcb5cf12,I’m good — skip to the next question,which_season_do_we_associate_with_thanksgiving_the_beginning_of_school_and_leaves_turning_brown_fill_19.wav,filler_other,NA,NA,NA,Fall,s,secsame,,,,,FB_1205
16,436498e5af3776e164fe3dfb37cad36c095d34ba0cf917ade4f7519ffcb5cf12,NA,which_season_do_we_associate_with_thanksgiving_the_beginning_of_school_and_leaves_turning_brown_fill_19.wav,filler_other,NA,NA,NA,Fall,,,,,,,
16,436498e5af3776e164fe3dfb37cad36c095d34ba0cf917ade4f7519ffcb5cf12,"The question needs to be CORRECTED (Select this if you spot an error, even if you don’t know the answer).",where_do_people_get_drivers_licenses_since_is_required_as_ballad_id_to_drive_targ_16_D.wav,target,both_err,expletive 'it' dropping,/v/ --> /b/; valid/ballad,DMV,y,first,p,,,,FB_1205
16,436498e5af3776e164fe3dfb37cad36c095d34ba0cf917ade4f7519ffcb5cf12,"correct grammar should be ""valid"" and not ""ballad""; the DMV",where_do_people_get_drivers_licenses_since_is_required_as_ballad_id_to_drive_targ_16_D.wav,target,both_err,expletive 'it' dropping,/v/ --> /b/; valid/ballad,DMV,,,,,,,
16,436498e5af3776e164fe3dfb37cad36c095d34ba0cf917ade4f7519ffcb5cf12,I’m good — skip to the next question,where_do_people_get_drivers_licenses_since_is_required_as_ballad_id_to_drive_targ_16_D.wav,target,both_err,expletive 'it' dropping,/v/ --> /b/; valid/ballad,DMV,s,secsame,,,,,FB_1205
16,436498e5af3776e164fe3dfb37cad36c095d34ba0cf917ade4f7519ffcb5cf12,NA,where_do_people_get_drivers_licenses_since_is_required_as_ballad_id_to_drive_targ_16_D.wav,target,both_err,expletive 'it' dropping,/v/ --> /b/; valid/ballad,DMV,,,,,,,
16,436498e5af3776e164fe3dfb37cad36c095d34ba0cf917ade4f7519ffcb5cf12,The question does NOT need any corrections.,if_a_hardworking_janitor_cleaned_a_vent_in_five_minutes_how_many_seconds_is_that_targ_22_B.wav,target,phon_err,adj/noun order,/v/ --> /b/; vent/bent,eight,nans,first,,a,,,FB_1205
16,436498e5af3776e164fe3dfb37cad36c095d34ba0cf917ade4f7519ffcb5cf12,300,if_a_hardworking_janitor_cleaned_a_vent_in_five_minutes_how_many_seconds_is_that_targ_22_B.wav,target,phon_err,adj/noun order,/v/ --> /b/; vent/bent,eight,,,,,,,
16,436498e5af3776e164fe3dfb37cad36c095d34ba0cf917ade4f7519ffcb5cf12,"The question needs to be CORRECTED (Select this if you spot an error, even if you don’t know the answer).",if_a_hardworking_janitor_cleaned_a_vent_in_five_minutes_how_many_seconds_is_that_targ_22_B.wav,target,phon_err,adj/noun order,/v/ --> /b/; vent/bent,eight,y,secdiff,p,,,,FB_1205
16,436498e5af3776e164fe3dfb37cad36c095d34ba0cf917ade4f7519ffcb5cf12,"correct grammar should be ""vent"" instead of ""bent""; 300 seconds",if_a_hardworking_janitor_cleaned_a_vent_in_five_minutes_how_many_seconds_is_that_targ_22_B.wav,target,phon_err,adj/noun order,/v/ --> /b/; vent/bent,eight,,,,,,,
16,436498e5af3776e164fe3dfb37cad36c095d34ba0cf917ade4f7519ffcb5cf12,The question does NOT need any corrections.,what_animal_is_typically_white_with_black_spots_and_says_moo_fill_21.wav,filler_other,NA,NA,NA,a cow,nans,first,,a,,,FB_1205
16,436498e5af3776e164fe3dfb37cad36c095d34ba0cf917ade4f7519ffcb5cf12,cow,what_animal_is_typically_white_with_black_spots_and_says_moo_fill_21.wav,filler_other,NA,NA,NA,a cow,,,,,,,
16,436498e5af3776e164fe3dfb37cad36c095d34ba0cf917ade4f7519ffcb5cf12,I’m good — skip to the next question,what_animal_is_typically_white_with_black_spots_and_says_moo_fill_21.wav,filler_other,NA,NA,NA,a cow,s,secsame,,,,,FB_1205
16,436498e5af3776e164fe3dfb37cad36c095d34ba0cf917ade4f7519ffcb5cf12,NA,what_animal_is_typically_white_with_black_spots_and_says_moo_fill_21.wav,filler_other,NA,NA,NA,a cow,,,,,,,
16,436498e5af3776e164fe3dfb37cad36c095d34ba0cf917ade4f7519ffcb5cf12,"The question needs to be CORRECTED (Select this if you spot an error, even if you don’t know the answer).",because_is_important_to_honor_the_iris_saint_what_holiday_occurs_on_march_17th_targ_08_D.wav,target,both_err,expletive 'it' dropping,/ʃ/ --> /s/; Irish/iris,St. Patrick's Day,y,first,p,,,,FB_1205
16,436498e5af3776e164fe3dfb37cad36c095d34ba0cf917ade4f7519ffcb5cf12,"correct grammar should be ""irish"" and not ""iris""; St. Patrick's day",because_is_important_to_honor_the_iris_saint_what_holiday_occurs_on_march_17th_targ_08_D.wav,target,both_err,expletive 'it' dropping,/ʃ/ --> /s/; Irish/iris,St. Patrick's Day,,,,,,,
16,436498e5af3776e164fe3dfb37cad36c095d34ba0cf917ade4f7519ffcb5cf12,I’m good — skip to the next question,because_is_important_to_honor_the_iris_saint_what_holiday_occurs_on_march_17th_targ_08_D.wav,target,both_err,expletive 'it' dropping,/ʃ/ --> /s/; Irish/iris,St. Patrick's Day,s,secsame,,,,,FB_1205
16,436498e5af3776e164fe3dfb37cad36c095d34ba0cf917ade4f7519ffcb5cf12,NA,because_is_important_to_honor_the_iris_saint_what_holiday_occurs_on_march_17th_targ_08_D.wav,target,both_err,expletive 'it' dropping,/ʃ/ --> /s/; Irish/iris,St. Patrick's Day,,,,,,,
16,436498e5af3776e164fe3dfb37cad36c095d34ba0cf917ade4f7519ffcb5cf12,"The question needs to be CORRECTED (Select this if you spot an error, even if you don’t know the answer).",when_you_are_hot_what_device_measures_body_temperature_in_boat_celsius_and_fahrenheit_targ_18_B.wav,target,phon_err,have vs. be,/θ/ --> /t/; both/boat,thermometer,y,first,,,,,FB_1205
16,436498e5af3776e164fe3dfb37cad36c095d34ba0cf917ade4f7519ffcb5cf12,thermometer,when_you_are_hot_what_device_measures_body_temperature_in_boat_celsius_and_fahrenheit_targ_18_B.wav,target,phon_err,have vs. be,/θ/ --> /t/; both/boat,thermometer,,,,,,,
16,436498e5af3776e164fe3dfb37cad36c095d34ba0cf917ade4f7519ffcb5cf12,"The question needs to be CORRECTED (Select this if you spot an error, even if you don’t know the answer).",when_you_are_hot_what_device_measures_body_temperature_in_boat_celsius_and_fahrenheit_targ_18_B.wav,target,phon_err,have vs. be,/θ/ --> /t/; both/boat,thermometer,y,secsame,otherp,,,,FB_1205
16,436498e5af3776e164fe3dfb37cad36c095d34ba0cf917ade4f7519ffcb5cf12,"correct grammar should be ""what device measures hot water""; thermometer",when_you_are_hot_what_device_measures_body_temperature_in_boat_celsius_and_fahrenheit_targ_18_B.wav,target,phon_err,have vs. be,/θ/ --> /t/; both/boat,thermometer,,,,,,,
16,436498e5af3776e164fe3dfb37cad36c095d34ba0cf917ade4f7519ffcb5cf12,The question does NOT need any corrections.,what_musician_won_grammys_for_their_album_thriller_which_features_the_hit_song_beat_it_fill_20.wav,filler_other,NA,NA,NA,Michael Jackson,nans,first,,a,,,FB_1205
16,436498e5af3776e164fe3dfb37cad36c095d34ba0cf917ade4f7519ffcb5cf12,michael jackson,what_musician_won_grammys_for_their_album_thriller_which_features_the_hit_song_beat_it_fill_20.wav,filler_other,NA,NA,NA,Michael Jackson,,,,,,,
16,436498e5af3776e164fe3dfb37cad36c095d34ba0cf917ade4f7519ffcb5cf12,I’m good — skip to the next question,what_musician_won_grammys_for_their_album_thriller_which_features_the_hit_song_beat_it_fill_20.wav,filler_other,NA,NA,NA,Michael Jackson,s,secsame,,,,,FB_1205
16,436498e5af3776e164fe3dfb37cad36c095d34ba0cf917ade4f7519ffcb5cf12,NA,what_musician_won_grammys_for_their_album_thriller_which_features_the_hit_song_beat_it_fill_20.wav,filler_other,NA,NA,NA,Michael Jackson,,,,,,,
16,436498e5af3776e164fe3dfb37cad36c095d34ba0cf917ade4f7519ffcb5cf12,The question does NOT need any corrections.,what_is_the_name_of_the_video_game_character_who_is_a_traveling_italian_plumber_fill_08.wav,filler_other,NA,NA,NA,Mario,nans,first,,a,,,FB_1205
16,436498e5af3776e164fe3dfb37cad36c095d34ba0cf917ade4f7519ffcb5cf12,mario,what_is_the_name_of_the_video_game_character_who_is_a_traveling_italian_plumber_fill_08.wav,filler_other,NA,NA,NA,Mario,,,,,,,
16,436498e5af3776e164fe3dfb37cad36c095d34ba0cf917ade4f7519ffcb5cf12,I’m good — skip to the next question,what_is_the_name_of_the_video_game_character_who_is_a_traveling_italian_plumber_fill_08.wav,filler_other,NA,NA,NA,Mario,s,secsame,,,,,FB_1205
16,436498e5af3776e164fe3dfb37cad36c095d34ba0cf917ade4f7519ffcb5cf12,NA,what_is_the_name_of_the_video_game_character_who_is_a_traveling_italian_plumber_fill_08.wav,filler_other,NA,NA,NA,Mario,,,,,,,
16,436498e5af3776e164fe3dfb37cad36c095d34ba0cf917ade4f7519ffcb5cf12,The question does NOT need any corrections.,what_is_the_name_of_the_comic_strip_featuring_charlie_brown_and_his_dog_snoopy_fill_06.wav,filler_other,NA,NA,NA,Peanuts,nans,first,,a,,,FB_1205
16,436498e5af3776e164fe3dfb37cad36c095d34ba0cf917ade4f7519ffcb5cf12,the peanuts,what_is_the_name_of_the_comic_strip_featuring_charlie_brown_and_his_dog_snoopy_fill_06.wav,filler_other,NA,NA,NA,Peanuts,,,,,,,
16,436498e5af3776e164fe3dfb37cad36c095d34ba0cf917ade4f7519ffcb5cf12,I’m good — skip to the next question,what_is_the_name_of_the_comic_strip_featuring_charlie_brown_and_his_dog_snoopy_fill_06.wav,filler_other,NA,NA,NA,Peanuts,s,secsame,,,,,FB_1205
16,436498e5af3776e164fe3dfb37cad36c095d34ba0cf917ade4f7519ffcb5cf12,NA,what_is_the_name_of_the_comic_strip_featuring_charlie_brown_and_his_dog_snoopy_fill_06.wav,filler_other,NA,NA,NA,Peanuts,,,,,,,
16,436498e5af3776e164fe3dfb37cad36c095d34ba0cf917ade4f7519ffcb5cf12,The question does NOT need any corrections.,in_what_country_would_you_find_landmarks_like_the_pyramids_of_giza_and_great_sphinx_fill_24.wav,filler_other,NA,NA,NA,Egypt,nans,first,,a,,,FB_1205
16,436498e5af3776e164fe3dfb37cad36c095d34ba0cf917ade4f7519ffcb5cf12,egypt,in_what_country_would_you_find_landmarks_like_the_pyramids_of_giza_and_great_sphinx_fill_24.wav,filler_other,NA,NA,NA,Egypt,,,,,,,
16,436498e5af3776e164fe3dfb37cad36c095d34ba0cf917ade4f7519ffcb5cf12,I’m good — skip to the next question,in_what_country_would_you_find_landmarks_like_the_pyramids_of_giza_and_great_sphinx_fill_24.wav,filler_other,NA,NA,NA,Egypt,s,secsame,,,,,FB_1205
16,436498e5af3776e164fe3dfb37cad36c095d34ba0cf917ade4f7519ffcb5cf12,NA,in_what_country_would_you_find_landmarks_like_the_pyramids_of_giza_and_great_sphinx_fill_24.wav,filler_other,NA,NA,NA,Egypt,,,,,,,
16,436498e5af3776e164fe3dfb37cad36c095d34ba0cf917ade4f7519ffcb5cf12,"The question needs to be CORRECTED (Select this if you spot an error, even if you don’t know the answer).",who_did_americans_boat_for_to_be_their_first_president_who_avoided_serving_three_terms_targ_10_B.wav,target,phon_err,infinitive vs. participle,/v/ --> /b/; vote/boat,George Washington,y,first,p,,,,FB_1205
16,436498e5af3776e164fe3dfb37cad36c095d34ba0cf917ade4f7519ffcb5cf12,"correct grammar should be ""vote"" and not ""boat""; I don't know",who_did_americans_boat_for_to_be_their_first_president_who_avoided_serving_three_terms_targ_10_B.wav,target,phon_err,infinitive vs. participle,/v/ --> /b/; vote/boat,George Washington,,,,,,,
16,436498e5af3776e164fe3dfb37cad36c095d34ba0cf917ade4f7519ffcb5cf12,I’m good — skip to the next question,who_did_americans_boat_for_to_be_their_first_president_who_avoided_serving_three_terms_targ_10_B.wav,target,phon_err,infinitive vs. participle,/v/ --> /b/; vote/boat,George Washington,s,secsame,,,,,FB_1205
16,436498e5af3776e164fe3dfb37cad36c095d34ba0cf917ade4f7519ffcb5cf12,NA,who_did_americans_boat_for_to_be_their_first_president_who_avoided_serving_three_terms_targ_10_B.wav,target,phon_err,infinitive vs. participle,/v/ --> /b/; vote/boat,George Washington,,,,,,,
16,436498e5af3776e164fe3dfb37cad36c095d34ba0cf917ade4f7519ffcb5cf12,The question does NOT need any corrections.,what_letter_in_the_latin_alphabet_corresponds_to_the_greek_letter_alpha_fill_01.wav,filler_other,NA,NA,NA,a,nans,first,,a,,,FB_1205
16,436498e5af3776e164fe3dfb37cad36c095d34ba0cf917ade4f7519ffcb5cf12,a,what_letter_in_the_latin_alphabet_corresponds_to_the_greek_letter_alpha_fill_01.wav,filler_other,NA,NA,NA,a,,,,,,,
16,436498e5af3776e164fe3dfb37cad36c095d34ba0cf917ade4f7519ffcb5cf12,I’m good — skip to the next question,what_letter_in_the_latin_alphabet_corresponds_to_the_greek_letter_alpha_fill_01.wav,filler_other,NA,NA,NA,a,s,secsame,,,,,FB_1205
16,436498e5af3776e164fe3dfb37cad36c095d34ba0cf917ade4f7519ffcb5cf12,NA,what_letter_in_the_latin_alphabet_corresponds_to_the_greek_letter_alpha_fill_01.wav,filler_other,NA,NA,NA,a,,,,,,,
16,436498e5af3776e164fe3dfb37cad36c095d34ba0cf917ade4f7519ffcb5cf12,The question does NOT need any corrections.,what_kind_of_animal_is_mickey_mouse’s_girlfriend_minnie_who_wears_a_bow_fill_09.wav,filler_other,NA,NA,NA,mouse,nans,first,,a,,,FB_1205
16,436498e5af3776e164fe3dfb37cad36c095d34ba0cf917ade4f7519ffcb5cf12,mouse,what_kind_of_animal_is_mickey_mouse’s_girlfriend_minnie_who_wears_a_bow_fill_09.wav,filler_other,NA,NA,NA,mouse,,,,,,,
16,436498e5af3776e164fe3dfb37cad36c095d34ba0cf917ade4f7519ffcb5cf12,I’m good — skip to the next question,what_kind_of_animal_is_mickey_mouse’s_girlfriend_minnie_who_wears_a_bow_fill_09.wav,filler_other,NA,NA,NA,mouse,s,secsame,,,,,FB_1205
16,436498e5af3776e164fe3dfb37cad36c095d34ba0cf917ade4f7519ffcb5cf12,NA,what_kind_of_animal_is_mickey_mouse’s_girlfriend_minnie_who_wears_a_bow_fill_09.wav,filler_other,NA,NA,NA,mouse,,,,,,,
16,436498e5af3776e164fe3dfb37cad36c095d34ba0cf917ade4f7519ffcb5cf12,"The question needs to be CORRECTED (Select this if you spot an error, even if you don’t know the answer).",which_cartoon_dog_solves_mysteries_with_the_group_fred_daphne_velma_and_shaggy_fill_10.wav,filler_other,NA,NA,NA,Scooby-Doo,y,first,otherfill,,,,FB_1205
16,436498e5af3776e164fe3dfb37cad36c095d34ba0cf917ade4f7519ffcb5cf12,"correct grammar should be ""velma"" and not ""belma""; scooby doo",which_cartoon_dog_solves_mysteries_with_the_group_fred_daphne_velma_and_shaggy_fill_10.wav,filler_other,NA,NA,NA,Scooby-Doo,,,,,,,
16,436498e5af3776e164fe3dfb37cad36c095d34ba0cf917ade4f7519ffcb5cf12,I’m good — skip to the next question,which_cartoon_dog_solves_mysteries_with_the_group_fred_daphne_velma_and_shaggy_fill_10.wav,filler_other,NA,NA,NA,Scooby-Doo,s,secsame,,,,,FB_1205
16,436498e5af3776e164fe3dfb37cad36c095d34ba0cf917ade4f7519ffcb5cf12,NA,which_cartoon_dog_solves_mysteries_with_the_group_fred_daphne_velma_and_shaggy_fill_10.wav,filler_other,NA,NA,NA,Scooby-Doo,,,,,,,
16,436498e5af3776e164fe3dfb37cad36c095d34ba0cf917ade4f7519ffcb5cf12,"The question needs to be CORRECTED (Select this if you spot an error, even if you don’t know the answer).",in_the_famous_dr_seuss_book_what_orange_and_yellow_character_speaks_for_the_trees_fill_23.wav,filler_other,NA,NA,NA,the Lorax,y,first,otherfill,,,,FB_1205
16,436498e5af3776e164fe3dfb37cad36c095d34ba0cf917ade4f7519ffcb5cf12,"correct grammar should be ""yellow"" and not ""jello""; I don't know",in_the_famous_dr_seuss_book_what_orange_and_yellow_character_speaks_for_the_trees_fill_23.wav,filler_other,NA,NA,NA,the Lorax,,,,,,,
16,436498e5af3776e164fe3dfb37cad36c095d34ba0cf917ade4f7519ffcb5cf12,I’m good — skip to the next question,in_the_famous_dr_seuss_book_what_orange_and_yellow_character_speaks_for_the_trees_fill_23.wav,filler_other,NA,NA,NA,the Lorax,s,secsame,,,,,FB_1205
16,436498e5af3776e164fe3dfb37cad36c095d34ba0cf917ade4f7519ffcb5cf12,NA,in_the_famous_dr_seuss_book_what_orange_and_yellow_character_speaks_for_the_trees_fill_23.wav,filler_other,NA,NA,NA,the Lorax,,,,,,,
16,436498e5af3776e164fe3dfb37cad36c095d34ba0cf917ade4f7519ffcb5cf12,"The question does NOT need any corrections, but I don't know the answer/ I don't understand what the question is asking.",what_organ_is_often_associated_with_being_eaten_by_rotting_flesh_monsters_also_known_as_zombies_fill_02.wav,filler_other,NA,NA,NA,the brain,nun,first,,,,,FB_1205
16,436498e5af3776e164fe3dfb37cad36c095d34ba0cf917ade4f7519ffcb5cf12,NA,what_organ_is_often_associated_with_being_eaten_by_rotting_flesh_monsters_also_known_as_zombies_fill_02.wav,filler_other,NA,NA,NA,the brain,,,,,,,
16,436498e5af3776e164fe3dfb37cad36c095d34ba0cf917ade4f7519ffcb5cf12,The question does NOT need any corrections.,what_organ_is_often_associated_with_being_eaten_by_rotting_flesh_monsters_also_known_as_zombies_fill_02.wav,filler_other,NA,NA,NA,the brain,nans,secdiff,,w,,,FB_1205
16,436498e5af3776e164fe3dfb37cad36c095d34ba0cf917ade4f7519ffcb5cf12,heart,what_organ_is_often_associated_with_being_eaten_by_rotting_flesh_monsters_also_known_as_zombies_fill_02.wav,filler_other,NA,NA,NA,the brain,,,,,,,
16,436498e5af3776e164fe3dfb37cad36c095d34ba0cf917ade4f7519ffcb5cf12,The question does NOT need any corrections.,which_tropical_fruit_that_grows_on_palm_trees_is_used_for_oils_and_milks_fill_18.wav,filler_other,NA,NA,NA,coconuts,nans,first,,twice,,,FB_1205
16,436498e5af3776e164fe3dfb37cad36c095d34ba0cf917ade4f7519ffcb5cf12,coconut,which_tropical_fruit_that_grows_on_palm_trees_is_used_for_oils_and_milks_fill_18.wav,filler_other,NA,NA,NA,coconuts,,,,,,,
16,436498e5af3776e164fe3dfb37cad36c095d34ba0cf917ade4f7519ffcb5cf12,The question does NOT need any corrections.,which_tropical_fruit_that_grows_on_palm_trees_is_used_for_oils_and_milks_fill_18.wav,filler_other,NA,NA,NA,coconuts,nans,secsame,,a,,,FB_1205
16,436498e5af3776e164fe3dfb37cad36c095d34ba0cf917ade4f7519ffcb5cf12,coconut,which_tropical_fruit_that_grows_on_palm_trees_is_used_for_oils_and_milks_fill_18.wav,filler_other,NA,NA,NA,coconuts,,,,,,,
16,436498e5af3776e164fe3dfb37cad36c095d34ba0cf917ade4f7519ffcb5cf12,The question does NOT need any corrections.,if_laundry_service_will_come_in_five_days_and_todays_thursday_when_are_they_doing_laundry_next_targ_09_A.wav,target,correct,make vs. other verb,/k/ --> /g/; come/gum,Tuesday,nans,first,,a,,,FB_1205
16,436498e5af3776e164fe3dfb37cad36c095d34ba0cf917ade4f7519ffcb5cf12,tuesday,if_laundry_service_will_come_in_five_days_and_todays_thursday_when_are_they_doing_laundry_next_targ_09_A.wav,target,correct,make vs. other verb,/k/ --> /g/; come/gum,Tuesday,,,,,,,
16,436498e5af3776e164fe3dfb37cad36c095d34ba0cf917ade4f7519ffcb5cf12,I’m good — skip to the next question,if_laundry_service_will_come_in_five_days_and_todays_thursday_when_are_they_doing_laundry_next_targ_09_A.wav,target,correct,make vs. other verb,/k/ --> /g/; come/gum,Tuesday,s,secsame,,,,,FB_1205
16,436498e5af3776e164fe3dfb37cad36c095d34ba0cf917ade4f7519ffcb5cf12,NA,if_laundry_service_will_come_in_five_days_and_todays_thursday_when_are_they_doing_laundry_next_targ_09_A.wav,target,correct,make vs. other verb,/k/ --> /g/; come/gum,Tuesday,,,,,,,
16,436498e5af3776e164fe3dfb37cad36c095d34ba0cf917ade4f7519ffcb5cf12,"The question needs to be CORRECTED (Select this if you spot an error, even if you don’t know the answer).",what_mythical_creatures_have_been_said_to_drink_blood_turn_into_bats_and_hate_onions_fill_14.wav,filler_other,NA,NA,NA,vampires,y,first,otherfill,,,,FB_1205
16,436498e5af3776e164fe3dfb37cad36c095d34ba0cf917ade4f7519ffcb5cf12,"correct grammar should be ""said"" instead of ""sat""; vampires",what_mythical_creatures_have_been_said_to_drink_blood_turn_into_bats_and_hate_onions_fill_14.wav,filler_other,NA,NA,NA,vampires,,,,,,,
16,436498e5af3776e164fe3dfb37cad36c095d34ba0cf917ade4f7519ffcb5cf12,I’m good — skip to the next question,what_mythical_creatures_have_been_said_to_drink_blood_turn_into_bats_and_hate_onions_fill_14.wav,filler_other,NA,NA,NA,vampires,s,secsame,,,,,FB_1205
16,436498e5af3776e164fe3dfb37cad36c095d34ba0cf917ade4f7519ffcb5cf12,NA,what_mythical_creatures_have_been_said_to_drink_blood_turn_into_bats_and_hate_onions_fill_14.wav,filler_other,NA,NA,NA,vampires,,,,,,,
16,436498e5af3776e164fe3dfb37cad36c095d34ba0cf917ade4f7519ffcb5cf12,"The question needs to be CORRECTED (Select this if you spot an error, even if you don’t know the answer).",which_soft_pastry_made_with_a_certain_spice_is_often_spiral-shaped_and_topped_with_icing_fill_16.wav,filler_other,NA,NA,NA,cinnamon roll,y,first,otherfill,,,,FB_1205
16,436498e5af3776e164fe3dfb37cad36c095d34ba0cf917ade4f7519ffcb5cf12,"correct grammar should be ""spiral shaped"" instead of ""sparrow""; cinnamon roll",which_soft_pastry_made_with_a_certain_spice_is_often_spiral-shaped_and_topped_with_icing_fill_16.wav,filler_other,NA,NA,NA,cinnamon roll,,,,,,,
16,436498e5af3776e164fe3dfb37cad36c095d34ba0cf917ade4f7519ffcb5cf12,I’m good — skip to the next question,which_soft_pastry_made_with_a_certain_spice_is_often_spiral-shaped_and_topped_with_icing_fill_16.wav,filler_other,NA,NA,NA,cinnamon roll,s,secsame,,,,,FB_1205
16,436498e5af3776e164fe3dfb37cad36c095d34ba0cf917ade4f7519ffcb5cf12,NA,which_soft_pastry_made_with_a_certain_spice_is_often_spiral-shaped_and_topped_with_icing_fill_16.wav,filler_other,NA,NA,NA,cinnamon roll,,,,,,,
17,450f667822cf6d6acdc03ede05004628f82a9a74ddafb2379f2020243f0cfc40,The question does NOT need any corrections.,what_insect_undergoes_a_process_of_change_to_turn_into_a_butterfy_fill_30.wav,att_check_err,NA,NA,NA,caterpillar (butterfly),nans,first,acheckf,,attention check passed (7/8 correct),,JB_1204
17,450f667822cf6d6acdc03ede05004628f82a9a74ddafb2379f2020243f0cfc40,catepillar,what_insect_undergoes_a_process_of_change_to_turn_into_a_butterfy_fill_30.wav,att_check_err,NA,NA,NA,caterpillar (butterfly),,,,,,,
17,450f667822cf6d6acdc03ede05004628f82a9a74ddafb2379f2020243f0cfc40,I’m good — skip to the next question,what_insect_undergoes_a_process_of_change_to_turn_into_a_butterfy_fill_30.wav,att_check_err,NA,NA,NA,caterpillar (butterfly),s,secsame,,,,,JB_1204
17,450f667822cf6d6acdc03ede05004628f82a9a74ddafb2379f2020243f0cfc40,NA,what_insect_undergoes_a_process_of_change_to_turn_into_a_butterfy_fill_30.wav,att_check_err,NA,NA,NA,caterpillar (butterfly),,,,,,,
17,450f667822cf6d6acdc03ede05004628f82a9a74ddafb2379f2020243f0cfc40,"The question needs to be CORRECTED (Select this if you spot an error, even if you don’t know the answer).",how_many_embers_were_in_the_beatles_the_british_rock_band_fill_32.wav,att_check_err,NA,NA,NA,four (members),y,first,acheckf,,didn't mention error specifically,,JB_1204
17,450f667822cf6d6acdc03ede05004628f82a9a74ddafb2379f2020243f0cfc40,How many members were in the Beatles?,how_many_embers_were_in_the_beatles_the_british_rock_band_fill_32.wav,att_check_err,NA,NA,NA,four (members),,,,,,,
17,450f667822cf6d6acdc03ede05004628f82a9a74ddafb2379f2020243f0cfc40,I’m good — skip to the next question,how_many_embers_were_in_the_beatles_the_british_rock_band_fill_32.wav,att_check_err,NA,NA,NA,four (members),s,secsame,,,,,JB_1204
17,450f667822cf6d6acdc03ede05004628f82a9a74ddafb2379f2020243f0cfc40,NA,how_many_embers_were_in_the_beatles_the_british_rock_band_fill_32.wav,att_check_err,NA,NA,NA,four (members),,,,,,,
17,450f667822cf6d6acdc03ede05004628f82a9a74ddafb2379f2020243f0cfc40,The question does NOT need any corrections.,what_day_of_the_week_comes_after_monday_fill_27.wav,att_check_good,NA,NA,NA,Tuesday,nans,first,,a,,,JB_1204
17,450f667822cf6d6acdc03ede05004628f82a9a74ddafb2379f2020243f0cfc40,tuesday,what_day_of_the_week_comes_after_monday_fill_27.wav,att_check_good,NA,NA,NA,Tuesday,,,,,,,
17,450f667822cf6d6acdc03ede05004628f82a9a74ddafb2379f2020243f0cfc40,I’m good — skip to the next question,what_day_of_the_week_comes_after_monday_fill_27.wav,att_check_good,NA,NA,NA,Tuesday,s,secsame,,,,,JB_1204
17,450f667822cf6d6acdc03ede05004628f82a9a74ddafb2379f2020243f0cfc40,NA,what_day_of_the_week_comes_after_monday_fill_27.wav,att_check_good,NA,NA,NA,Tuesday,,,,,,,
17,450f667822cf6d6acdc03ede05004628f82a9a74ddafb2379f2020243f0cfc40,The question does NOT need any corrections.,what_state_is_los_angeles_located_in_fill_26.wav,att_check_good,NA,NA,NA,California,nans,first,,a,,,JB_1204
17,450f667822cf6d6acdc03ede05004628f82a9a74ddafb2379f2020243f0cfc40,cali,what_state_is_los_angeles_located_in_fill_26.wav,att_check_good,NA,NA,NA,California,,,,,,,
17,450f667822cf6d6acdc03ede05004628f82a9a74ddafb2379f2020243f0cfc40,I’m good — skip to the next question,what_state_is_los_angeles_located_in_fill_26.wav,att_check_good,NA,NA,NA,California,s,secsame,,,,,JB_1204
17,450f667822cf6d6acdc03ede05004628f82a9a74ddafb2379f2020243f0cfc40,NA,what_state_is_los_angeles_located_in_fill_26.wav,att_check_good,NA,NA,NA,California,,,,,,,
17,450f667822cf6d6acdc03ede05004628f82a9a74ddafb2379f2020243f0cfc40,"The question needs to be CORRECTED (Select this if you spot an error, even if you don’t know the answer).",in_the_cycle_of_seasons_what_season_comes_after_dinter_fill_29.wav,att_check_err,NA,NA,NA,"Spring (Winter, sound sub that's not related)",y,first,acheckp,,,,JB_1204
17,450f667822cf6d6acdc03ede05004628f82a9a74ddafb2379f2020243f0cfc40,dinter,in_the_cycle_of_seasons_what_season_comes_after_dinter_fill_29.wav,att_check_err,NA,NA,NA,"Spring (Winter, sound sub that's not related)",,,,,,,
17,450f667822cf6d6acdc03ede05004628f82a9a74ddafb2379f2020243f0cfc40,I’m good — skip to the next question,in_the_cycle_of_seasons_what_season_comes_after_dinter_fill_29.wav,att_check_err,NA,NA,NA,"Spring (Winter, sound sub that's not related)",s,secsame,,,,,JB_1204
17,450f667822cf6d6acdc03ede05004628f82a9a74ddafb2379f2020243f0cfc40,NA,in_the_cycle_of_seasons_what_season_comes_after_dinter_fill_29.wav,att_check_err,NA,NA,NA,"Spring (Winter, sound sub that's not related)",,,,,,,
17,450f667822cf6d6acdc03ede05004628f82a9a74ddafb2379f2020243f0cfc40,"The question needs to be CORRECTED (Select this if you spot an error, even if you don’t know the answer).",what_is_the_largest_plant_in_the_solar_system_fill_31.wav,att_check_err,NA,NA,NA,Jupiter (planet),y,first,acheckp,,,,JB_1204
17,450f667822cf6d6acdc03ede05004628f82a9a74ddafb2379f2020243f0cfc40,planet not plant,what_is_the_largest_plant_in_the_solar_system_fill_31.wav,att_check_err,NA,NA,NA,Jupiter (planet),,,,,,,
17,450f667822cf6d6acdc03ede05004628f82a9a74ddafb2379f2020243f0cfc40,I’m good — skip to the next question,what_is_the_largest_plant_in_the_solar_system_fill_31.wav,att_check_err,NA,NA,NA,Jupiter (planet),s,secsame,,,,,JB_1204
17,450f667822cf6d6acdc03ede05004628f82a9a74ddafb2379f2020243f0cfc40,NA,what_is_the_largest_plant_in_the_solar_system_fill_31.wav,att_check_err,NA,NA,NA,Jupiter (planet),,,,,,,
17,450f667822cf6d6acdc03ede05004628f82a9a74ddafb2379f2020243f0cfc40,The question does NOT need any corrections.,how_many_legs_does_a_dog_normally_have_fill_25.wav,att_check_good,NA,NA,NA,four,nans,first,,a,,,JB_1204
17,450f667822cf6d6acdc03ede05004628f82a9a74ddafb2379f2020243f0cfc40,4,how_many_legs_does_a_dog_normally_have_fill_25.wav,att_check_good,NA,NA,NA,four,,,,,,,
17,450f667822cf6d6acdc03ede05004628f82a9a74ddafb2379f2020243f0cfc40,I’m good — skip to the next question,how_many_legs_does_a_dog_normally_have_fill_25.wav,att_check_good,NA,NA,NA,four,s,secsame,,,,,JB_1204
17,450f667822cf6d6acdc03ede05004628f82a9a74ddafb2379f2020243f0cfc40,NA,how_many_legs_does_a_dog_normally_have_fill_25.wav,att_check_good,NA,NA,NA,four,,,,,,,
17,450f667822cf6d6acdc03ede05004628f82a9a74ddafb2379f2020243f0cfc40,The question does NOT need any corrections.,what_color_is_a_typical_school_bus_fill_28.wav,att_check_good,NA,NA,NA,yellow,nans,first,,a,,,JB_1204
17,450f667822cf6d6acdc03ede05004628f82a9a74ddafb2379f2020243f0cfc40,yellow,what_color_is_a_typical_school_bus_fill_28.wav,att_check_good,NA,NA,NA,yellow,,,,,,,
17,450f667822cf6d6acdc03ede05004628f82a9a74ddafb2379f2020243f0cfc40,I’m good — skip to the next question,what_color_is_a_typical_school_bus_fill_28.wav,att_check_good,NA,NA,NA,yellow,s,secsame,,,,,JB_1204
17,450f667822cf6d6acdc03ede05004628f82a9a74ddafb2379f2020243f0cfc40,NA,what_color_is_a_typical_school_bus_fill_28.wav,att_check_good,NA,NA,NA,yellow,,,,,,,
17,450f667822cf6d6acdc03ede05004628f82a9a74ddafb2379f2020243f0cfc40,"The question does NOT need any corrections, but I don't know the answer/ I don't understand what the question is asking.",what_big_star_in_our_solar_system_can_steal_be_visible_when_is_cloudy_targ_19_D.wav,target,both_err,expletive 'it' dropping,/ɪ/ --> /i/; still/steal,the Sun,nun,first,,,,,FB_1205
17,450f667822cf6d6acdc03ede05004628f82a9a74ddafb2379f2020243f0cfc40,NA,what_big_star_in_our_solar_system_can_steal_be_visible_when_is_cloudy_targ_19_D.wav,target,both_err,expletive 'it' dropping,/ɪ/ --> /i/; still/steal,the Sun,,,,,,,
17,450f667822cf6d6acdc03ede05004628f82a9a74ddafb2379f2020243f0cfc40,The question does NOT need any corrections.,what_big_star_in_our_solar_system_can_steal_be_visible_when_is_cloudy_targ_19_D.wav,target,both_err,expletive 'it' dropping,/ɪ/ --> /i/; still/steal,the Sun,nans,secdiff,,w,,,FB_1205
17,450f667822cf6d6acdc03ede05004628f82a9a74ddafb2379f2020243f0cfc40,North star,what_big_star_in_our_solar_system_can_steal_be_visible_when_is_cloudy_targ_19_D.wav,target,both_err,expletive 'it' dropping,/ɪ/ --> /i/; still/steal,the Sun,,,,,,,
17,450f667822cf6d6acdc03ede05004628f82a9a74ddafb2379f2020243f0cfc40,"The question does NOT need any corrections, but I don't know the answer/ I don't understand what the question is asking.",for_what_pink_ice_cream_flavor_wheel_companies_do_their_best_to_use_real_fruit_targ_01_B.wav,target,phon_err,make vs. other verb,/ɪ/ --> /i/; will/wheel,strawberry,nun,first,,,,,FB_1205
17,450f667822cf6d6acdc03ede05004628f82a9a74ddafb2379f2020243f0cfc40,NA,for_what_pink_ice_cream_flavor_wheel_companies_do_their_best_to_use_real_fruit_targ_01_B.wav,target,phon_err,make vs. other verb,/ɪ/ --> /i/; will/wheel,strawberry,,,,,,,
17,450f667822cf6d6acdc03ede05004628f82a9a74ddafb2379f2020243f0cfc40,The question does NOT need any corrections.,for_what_pink_ice_cream_flavor_wheel_companies_do_their_best_to_use_real_fruit_targ_01_B.wav,target,phon_err,make vs. other verb,/ɪ/ --> /i/; will/wheel,strawberry,nans,secdiff,,a,,,FB_1205
17,450f667822cf6d6acdc03ede05004628f82a9a74ddafb2379f2020243f0cfc40,strawberry,for_what_pink_ice_cream_flavor_wheel_companies_do_their_best_to_use_real_fruit_targ_01_B.wav,target,phon_err,make vs. other verb,/ɪ/ --> /i/; will/wheel,strawberry,,,,,,,
17,450f667822cf6d6acdc03ede05004628f82a9a74ddafb2379f2020243f0cfc40,The question does NOT need any corrections.,where_do_the_jolly_christmas_icons_santa_claus_and_his_wife_mrs._claus_live_fill_22.wav,filler_other,NA,NA,NA,the North Pole,nans,first,,a,,,FB_1205
17,450f667822cf6d6acdc03ede05004628f82a9a74ddafb2379f2020243f0cfc40,North Pole,where_do_the_jolly_christmas_icons_santa_claus_and_his_wife_mrs._claus_live_fill_22.wav,filler_other,NA,NA,NA,the North Pole,,,,,,,
17,450f667822cf6d6acdc03ede05004628f82a9a74ddafb2379f2020243f0cfc40,I’m good — skip to the next question,where_do_the_jolly_christmas_icons_santa_claus_and_his_wife_mrs._claus_live_fill_22.wav,filler_other,NA,NA,NA,the North Pole,s,secsame,,,,,FB_1205
17,450f667822cf6d6acdc03ede05004628f82a9a74ddafb2379f2020243f0cfc40,NA,where_do_the_jolly_christmas_icons_santa_claus_and_his_wife_mrs._claus_live_fill_22.wav,filler_other,NA,NA,NA,the North Pole,,,,,,,
17,450f667822cf6d6acdc03ede05004628f82a9a74ddafb2379f2020243f0cfc40,The question does NOT need any corrections.,because_it_is_important_to_honor_the_irish_saint_what_holiday_occurs_on_march_17th_targ_08_A.wav,target,correct,expletive 'it' dropping,/ʃ/ --> /s/; Irish/iris,St. Patrick's Day,nans,first,,a,,,FB_1205
17,450f667822cf6d6acdc03ede05004628f82a9a74ddafb2379f2020243f0cfc40,Saint Patricks Day,because_it_is_important_to_honor_the_irish_saint_what_holiday_occurs_on_march_17th_targ_08_A.wav,target,correct,expletive 'it' dropping,/ʃ/ --> /s/; Irish/iris,St. Patrick's Day,,,,,,,
17,450f667822cf6d6acdc03ede05004628f82a9a74ddafb2379f2020243f0cfc40,I’m good — skip to the next question,because_it_is_important_to_honor_the_irish_saint_what_holiday_occurs_on_march_17th_targ_08_A.wav,target,correct,expletive 'it' dropping,/ʃ/ --> /s/; Irish/iris,St. Patrick's Day,s,secsame,,,,,FB_1205
17,450f667822cf6d6acdc03ede05004628f82a9a74ddafb2379f2020243f0cfc40,NA,because_it_is_important_to_honor_the_irish_saint_what_holiday_occurs_on_march_17th_targ_08_A.wav,target,correct,expletive 'it' dropping,/ʃ/ --> /s/; Irish/iris,St. Patrick's Day,,,,,,,
17,450f667822cf6d6acdc03ede05004628f82a9a74ddafb2379f2020243f0cfc40,"The question needs to be CORRECTED (Select this if you spot an error, even if you don’t know the answer).",what_company_created_the_macbook_a_device_fool_of_features_to_help_students_make_homework_targ_23_D.wav,target,both_err,make vs. other verb,/ʊ/ --> /u/; full/fool,Apple,y,first,np,,,,FB_1205
17,450f667822cf6d6acdc03ede05004628f82a9a74ddafb2379f2020243f0cfc40,Do instead of make homework,what_company_created_the_macbook_a_device_fool_of_features_to_help_students_make_homework_targ_23_D.wav,target,both_err,make vs. other verb,/ʊ/ --> /u/; full/fool,Apple,,,,,,,
17,450f667822cf6d6acdc03ede05004628f82a9a74ddafb2379f2020243f0cfc40,"The question needs to be CORRECTED (Select this if you spot an error, even if you don’t know the answer).",what_company_created_the_macbook_a_device_fool_of_features_to_help_students_make_homework_targ_23_D.wav,target,both_err,make vs. other verb,/ʊ/ --> /u/; full/fool,Apple,y,secsame,,,answered the question in the second attempt but reported correction didn't change,,FB_1205
17,450f667822cf6d6acdc03ede05004628f82a9a74ddafb2379f2020243f0cfc40,Apple,what_company_created_the_macbook_a_device_fool_of_features_to_help_students_make_homework_targ_23_D.wav,target,both_err,make vs. other verb,/ʊ/ --> /u/; full/fool,Apple,,,,,,,
17,450f667822cf6d6acdc03ede05004628f82a9a74ddafb2379f2020243f0cfc40,The question does NOT need any corrections.,what_is_the_name_of_the_comic_strip_featuring_charlie_brown_and_his_dog_snoopy_fill_06.wav,filler_other,NA,NA,NA,Peanuts,nans,first,,a,,,FB_1205
17,450f667822cf6d6acdc03ede05004628f82a9a74ddafb2379f2020243f0cfc40,peanuts,what_is_the_name_of_the_comic_strip_featuring_charlie_brown_and_his_dog_snoopy_fill_06.wav,filler_other,NA,NA,NA,Peanuts,,,,,,,
17,450f667822cf6d6acdc03ede05004628f82a9a74ddafb2379f2020243f0cfc40,I’m good — skip to the next question,what_is_the_name_of_the_comic_strip_featuring_charlie_brown_and_his_dog_snoopy_fill_06.wav,filler_other,NA,NA,NA,Peanuts,s,secsame,,,,,FB_1205
17,450f667822cf6d6acdc03ede05004628f82a9a74ddafb2379f2020243f0cfc40,NA,what_is_the_name_of_the_comic_strip_featuring_charlie_brown_and_his_dog_snoopy_fill_06.wav,filler_other,NA,NA,NA,Peanuts,,,,,,,
17,450f667822cf6d6acdc03ede05004628f82a9a74ddafb2379f2020243f0cfc40,"The question needs to be CORRECTED (Select this if you spot an error, even if you don’t know the answer).",if_a_janitor_hardworking_cleaned_a_vent_in_five_minutes_how_many_seconds_is_that_targ_22_C.wav,target,non_phon_err,adj/noun order,/v/ --> /b/; vent/bent,eight,y,first,np,,,,FB_1205
17,450f667822cf6d6acdc03ede05004628f82a9a74ddafb2379f2020243f0cfc40,If a hardworking janitor...,if_a_janitor_hardworking_cleaned_a_vent_in_five_minutes_how_many_seconds_is_that_targ_22_C.wav,target,non_phon_err,adj/noun order,/v/ --> /b/; vent/bent,eight,,,,,,,
17,450f667822cf6d6acdc03ede05004628f82a9a74ddafb2379f2020243f0cfc40,"The question needs to be CORRECTED (Select this if you spot an error, even if you don’t know the answer).",if_a_janitor_hardworking_cleaned_a_vent_in_five_minutes_how_many_seconds_is_that_targ_22_C.wav,target,non_phon_err,adj/noun order,/v/ --> /b/; vent/bent,eight,y,secdiff,other,,also othernp,,FB_1205
17,450f667822cf6d6acdc03ede05004628f82a9a74ddafb2379f2020243f0cfc40,If a hardworking janitor cleaned an event in 5 minutes,if_a_janitor_hardworking_cleaned_a_vent_in_five_minutes_how_many_seconds_is_that_targ_22_C.wav,target,non_phon_err,adj/noun order,/v/ --> /b/; vent/bent,eight,,,,,,,
17,450f667822cf6d6acdc03ede05004628f82a9a74ddafb2379f2020243f0cfc40,"The question needs to be CORRECTED (Select this if you spot an error, even if you don’t know the answer).",what_kind_of_animal_is_mickey_mouse’s_girlfriend_minnie_who_wears_a_bow_fill_09.wav,filler_other,NA,NA,NA,mouse,y,first,otherfill,,,,FB_1205
17,450f667822cf6d6acdc03ede05004628f82a9a74ddafb2379f2020243f0cfc40,What type of animal is Mickey's bow-wearing girlfriend? Minnie,what_kind_of_animal_is_mickey_mouse’s_girlfriend_minnie_who_wears_a_bow_fill_09.wav,filler_other,NA,NA,NA,mouse,,,,,,,
17,450f667822cf6d6acdc03ede05004628f82a9a74ddafb2379f2020243f0cfc40,I’m good — skip to the next question,what_kind_of_animal_is_mickey_mouse’s_girlfriend_minnie_who_wears_a_bow_fill_09.wav,filler_other,NA,NA,NA,mouse,s,secsame,,,,,FB_1205
17,450f667822cf6d6acdc03ede05004628f82a9a74ddafb2379f2020243f0cfc40,NA,what_kind_of_animal_is_mickey_mouse’s_girlfriend_minnie_who_wears_a_bow_fill_09.wav,filler_other,NA,NA,NA,mouse,,,,,,,
17,450f667822cf6d6acdc03ede05004628f82a9a74ddafb2379f2020243f0cfc40,The question does NOT need any corrections.,when_you_have_hot_what_device_measures_body_temperature_in_both_celsius_and_fahrenheit_targ_18_C.wav,target,non_phon_err,have vs. be,/θ/ --> /t/; both/boat,thermometer,nans,first,,w,,,FB_1205
17,450f667822cf6d6acdc03ede05004628f82a9a74ddafb2379f2020243f0cfc40,degree,when_you_have_hot_what_device_measures_body_temperature_in_both_celsius_and_fahrenheit_targ_18_C.wav,target,non_phon_err,have vs. be,/θ/ --> /t/; both/boat,thermometer,,,,,,,
17,450f667822cf6d6acdc03ede05004628f82a9a74ddafb2379f2020243f0cfc40,I’m good — skip to the next question,when_you_have_hot_what_device_measures_body_temperature_in_both_celsius_and_fahrenheit_targ_18_C.wav,target,non_phon_err,have vs. be,/θ/ --> /t/; both/boat,thermometer,s,secsame,,,,,FB_1205
17,450f667822cf6d6acdc03ede05004628f82a9a74ddafb2379f2020243f0cfc40,NA,when_you_have_hot_what_device_measures_body_temperature_in_both_celsius_and_fahrenheit_targ_18_C.wav,target,non_phon_err,have vs. be,/θ/ --> /t/; both/boat,thermometer,,,,,,,
17,450f667822cf6d6acdc03ede05004628f82a9a74ddafb2379f2020243f0cfc40,"The question does NOT need any corrections, but I don't know the answer/ I don't understand what the question is asking.",what_did_neil_armstrong_say_during_his_very_first_steps_on_the_moon_targ_04_A.wav,target,correct,no aux verbs in questions (lack of do support),/v/ --> /b/; very/berry,"""That's one small step for man, one giant leap for mankind.""",nun,first,,,,,FB_1205
17,450f667822cf6d6acdc03ede05004628f82a9a74ddafb2379f2020243f0cfc40,na,what_did_neil_armstrong_say_during_his_very_first_steps_on_the_moon_targ_04_A.wav,target,correct,no aux verbs in questions (lack of do support),/v/ --> /b/; very/berry,"""That's one small step for man, one giant leap for mankind.""",,,,,,,
17,450f667822cf6d6acdc03ede05004628f82a9a74ddafb2379f2020243f0cfc40,I’m good — skip to the next question,what_did_neil_armstrong_say_during_his_very_first_steps_on_the_moon_targ_04_A.wav,target,correct,no aux verbs in questions (lack of do support),/v/ --> /b/; very/berry,"""That's one small step for man, one giant leap for mankind.""",s,secsame,,,,,FB_1205
17,450f667822cf6d6acdc03ede05004628f82a9a74ddafb2379f2020243f0cfc40,NA,what_did_neil_armstrong_say_during_his_very_first_steps_on_the_moon_targ_04_A.wav,target,correct,no aux verbs in questions (lack of do support),/v/ --> /b/; very/berry,"""That's one small step for man, one giant leap for mankind.""",,,,,,,
17,450f667822cf6d6acdc03ede05004628f82a9a74ddafb2379f2020243f0cfc40,"The question needs to be CORRECTED (Select this if you spot an error, even if you don’t know the answer).",which_scottish_actor_first_played_james_bond_wearing_guilts_to_red_carpets_when_he_had_32_years_old_targ_03_D.wav,target,both_err,have vs. be,/k/ --> /g/; kilt/guilt,Sean Connery,y,first,other,,participant did not specify the errors,,FB_1205
17,450f667822cf6d6acdc03ede05004628f82a9a74ddafb2379f2020243f0cfc40,sentence restructure,which_scottish_actor_first_played_james_bond_wearing_guilts_to_red_carpets_when_he_had_32_years_old_targ_03_D.wav,target,both_err,have vs. be,/k/ --> /g/; kilt/guilt,Sean Connery,,,,,,,
17,450f667822cf6d6acdc03ede05004628f82a9a74ddafb2379f2020243f0cfc40,I’m good — skip to the next question,which_scottish_actor_first_played_james_bond_wearing_guilts_to_red_carpets_when_he_had_32_years_old_targ_03_D.wav,target,both_err,have vs. be,/k/ --> /g/; kilt/guilt,Sean Connery,s,secsame,,,,,FB_1205
17,450f667822cf6d6acdc03ede05004628f82a9a74ddafb2379f2020243f0cfc40,NA,which_scottish_actor_first_played_james_bond_wearing_guilts_to_red_carpets_when_he_had_32_years_old_targ_03_D.wav,target,both_err,have vs. be,/k/ --> /g/; kilt/guilt,Sean Connery,,,,,,,
17,450f667822cf6d6acdc03ede05004628f82a9a74ddafb2379f2020243f0cfc40,The question does NOT need any corrections.,which_british_celebrity_judge_often_harshly_critiqued_contestants_on_the_nationwide_singing_contest_american_idol_fill_03.wav,filler_other,NA,NA,NA,Simon Cowell,nans,first,,a,,,FB_1205
17,450f667822cf6d6acdc03ede05004628f82a9a74ddafb2379f2020243f0cfc40,Simo Cowell,which_british_celebrity_judge_often_harshly_critiqued_contestants_on_the_nationwide_singing_contest_american_idol_fill_03.wav,filler_other,NA,NA,NA,Simon Cowell,,,,,,,
17,450f667822cf6d6acdc03ede05004628f82a9a74ddafb2379f2020243f0cfc40,I’m good — skip to the next question,which_british_celebrity_judge_often_harshly_critiqued_contestants_on_the_nationwide_singing_contest_american_idol_fill_03.wav,filler_other,NA,NA,NA,Simon Cowell,s,secsame,,,,,FB_1205
17,450f667822cf6d6acdc03ede05004628f82a9a74ddafb2379f2020243f0cfc40,NA,which_british_celebrity_judge_often_harshly_critiqued_contestants_on_the_nationwide_singing_contest_american_idol_fill_03.wav,filler_other,NA,NA,NA,Simon Cowell,,,,,,,
17,450f667822cf6d6acdc03ede05004628f82a9a74ddafb2379f2020243f0cfc40,The question does NOT need any corrections.,if_youre_on_a_path_from_california_to_hawaii_which_ocean_do_you_go_through_targ_12_A.wav,target,correct,no aux verbs in questions (lack of do support),/θ/ --> /t/; path/pat,Pacific Ocean,nans,first,,a,,,FB_1205
17,450f667822cf6d6acdc03ede05004628f82a9a74ddafb2379f2020243f0cfc40,Pacific,if_youre_on_a_path_from_california_to_hawaii_which_ocean_do_you_go_through_targ_12_A.wav,target,correct,no aux verbs in questions (lack of do support),/θ/ --> /t/; path/pat,Pacific Ocean,,,,,,,
17,450f667822cf6d6acdc03ede05004628f82a9a74ddafb2379f2020243f0cfc40,I’m good — skip to the next question,if_youre_on_a_path_from_california_to_hawaii_which_ocean_do_you_go_through_targ_12_A.wav,target,correct,no aux verbs in questions (lack of do support),/θ/ --> /t/; path/pat,Pacific Ocean,s,secsame,,,,,FB_1205
17,450f667822cf6d6acdc03ede05004628f82a9a74ddafb2379f2020243f0cfc40,NA,if_youre_on_a_path_from_california_to_hawaii_which_ocean_do_you_go_through_targ_12_A.wav,target,correct,no aux verbs in questions (lack of do support),/θ/ --> /t/; path/pat,Pacific Ocean,,,,,,,
17,450f667822cf6d6acdc03ede05004628f82a9a74ddafb2379f2020243f0cfc40,The question does NOT need any corrections.,which_cartoon_dog_solves_mysteries_with_the_group_fred_daphne_velma_and_shaggy_fill_10.wav,filler_other,NA,NA,NA,Scooby-Doo,nans,first,,a,,,FB_1205
17,450f667822cf6d6acdc03ede05004628f82a9a74ddafb2379f2020243f0cfc40,Scooby Doo,which_cartoon_dog_solves_mysteries_with_the_group_fred_daphne_velma_and_shaggy_fill_10.wav,filler_other,NA,NA,NA,Scooby-Doo,,,,,,,
17,450f667822cf6d6acdc03ede05004628f82a9a74ddafb2379f2020243f0cfc40,I’m good — skip to the next question,which_cartoon_dog_solves_mysteries_with_the_group_fred_daphne_velma_and_shaggy_fill_10.wav,filler_other,NA,NA,NA,Scooby-Doo,s,secsame,,,,,FB_1205
17,450f667822cf6d6acdc03ede05004628f82a9a74ddafb2379f2020243f0cfc40,NA,which_cartoon_dog_solves_mysteries_with_the_group_fred_daphne_velma_and_shaggy_fill_10.wav,filler_other,NA,NA,NA,Scooby-Doo,,,,,,,
17,450f667822cf6d6acdc03ede05004628f82a9a74ddafb2379f2020243f0cfc40,The question does NOT need any corrections.,which_oscar-winning_movie_features_tom_hanks_saying_life_is_like_a_box_of_chocolates_fill_12.wav,filler_other,NA,NA,NA,Forrest Gump,nans,first,,a,,,FB_1205
17,450f667822cf6d6acdc03ede05004628f82a9a74ddafb2379f2020243f0cfc40,Forest Gump,which_oscar-winning_movie_features_tom_hanks_saying_life_is_like_a_box_of_chocolates_fill_12.wav,filler_other,NA,NA,NA,Forrest Gump,,,,,,,
17,450f667822cf6d6acdc03ede05004628f82a9a74ddafb2379f2020243f0cfc40,I’m good — skip to the next question,which_oscar-winning_movie_features_tom_hanks_saying_life_is_like_a_box_of_chocolates_fill_12.wav,filler_other,NA,NA,NA,Forrest Gump,s,secsame,,,,,FB_1205
17,450f667822cf6d6acdc03ede05004628f82a9a74ddafb2379f2020243f0cfc40,NA,which_oscar-winning_movie_features_tom_hanks_saying_life_is_like_a_box_of_chocolates_fill_12.wav,filler_other,NA,NA,NA,Forrest Gump,,,,,,,
17,450f667822cf6d6acdc03ede05004628f82a9a74ddafb2379f2020243f0cfc40,"The question needs to be CORRECTED (Select this if you spot an error, even if you don’t know the answer).",in_the_lion_king_who_does_nala_talk_to_and_is_laying_in_a_got_after_theyve_reunited_targ_21_B.wav,target,phon_err,no aux verbs in questions (lack of do support),/k/ --> /g/; cot/got,Simba,y,first,both,,,,FB_1205
17,450f667822cf6d6acdc03ede05004628f82a9a74ddafb2379f2020243f0cfc40,In the Lion King who is Nala talking to while laying in a cot after they have been reunited? Simba,in_the_lion_king_who_does_nala_talk_to_and_is_laying_in_a_got_after_theyve_reunited_targ_21_B.wav,target,phon_err,no aux verbs in questions (lack of do support),/k/ --> /g/; cot/got,Simba,,,,,,,
17,450f667822cf6d6acdc03ede05004628f82a9a74ddafb2379f2020243f0cfc40,I’m good — skip to the next question,in_the_lion_king_who_does_nala_talk_to_and_is_laying_in_a_got_after_theyve_reunited_targ_21_B.wav,target,phon_err,no aux verbs in questions (lack of do support),/k/ --> /g/; cot/got,Simba,s,secsame,,,,,FB_1205
17,450f667822cf6d6acdc03ede05004628f82a9a74ddafb2379f2020243f0cfc40,NA,in_the_lion_king_who_does_nala_talk_to_and_is_laying_in_a_got_after_theyve_reunited_targ_21_B.wav,target,phon_err,no aux verbs in questions (lack of do support),/k/ --> /g/; cot/got,Simba,,,,,,,
17,450f667822cf6d6acdc03ede05004628f82a9a74ddafb2379f2020243f0cfc40,The question does NOT need any corrections.,what_musician_won_grammys_for_their_album_thriller_which_features_the_hit_song_beat_it_fill_20.wav,filler_other,NA,NA,NA,Michael Jackson,nans,first,,a,,,FB_1205
17,450f667822cf6d6acdc03ede05004628f82a9a74ddafb2379f2020243f0cfc40,Michael Jackson,what_musician_won_grammys_for_their_album_thriller_which_features_the_hit_song_beat_it_fill_20.wav,filler_other,NA,NA,NA,Michael Jackson,,,,,,,
17,450f667822cf6d6acdc03ede05004628f82a9a74ddafb2379f2020243f0cfc40,I’m good — skip to the next question,what_musician_won_grammys_for_their_album_thriller_which_features_the_hit_song_beat_it_fill_20.wav,filler_other,NA,NA,NA,Michael Jackson,s,secsame,,,,,FB_1205
17,450f667822cf6d6acdc03ede05004628f82a9a74ddafb2379f2020243f0cfc40,NA,what_musician_won_grammys_for_their_album_thriller_which_features_the_hit_song_beat_it_fill_20.wav,filler_other,NA,NA,NA,Michael Jackson,,,,,,,
17,450f667822cf6d6acdc03ede05004628f82a9a74ddafb2379f2020243f0cfc40,"The question needs to be CORRECTED (Select this if you spot an error, even if you don’t know the answer).",who_did_americans_vote_for_to_be_their_first_president_who_avoided_to_serve_three_terms_targ_10_C.wav,target,non_phon_err,infinitive vs. participle,/v/ --> /b/; vote/boat,George Washington,y,first,other,,participant did not specify the errors,,FB_1205
17,450f667822cf6d6acdc03ede05004628f82a9a74ddafb2379f2020243f0cfc40,sentence wrong,who_did_americans_vote_for_to_be_their_first_president_who_avoided_to_serve_three_terms_targ_10_C.wav,target,non_phon_err,infinitive vs. participle,/v/ --> /b/; vote/boat,George Washington,,,,,,,
17,450f667822cf6d6acdc03ede05004628f82a9a74ddafb2379f2020243f0cfc40,I’m good — skip to the next question,who_did_americans_vote_for_to_be_their_first_president_who_avoided_to_serve_three_terms_targ_10_C.wav,target,non_phon_err,infinitive vs. participle,/v/ --> /b/; vote/boat,George Washington,s,secsame,,,,,FB_1205
17,450f667822cf6d6acdc03ede05004628f82a9a74ddafb2379f2020243f0cfc40,NA,who_did_americans_vote_for_to_be_their_first_president_who_avoided_to_serve_three_terms_targ_10_C.wav,target,non_phon_err,infinitive vs. participle,/v/ --> /b/; vote/boat,George Washington,,,,,,,
17,450f667822cf6d6acdc03ede05004628f82a9a74ddafb2379f2020243f0cfc40,"The question needs to be CORRECTED (Select this if you spot an error, even if you don’t know the answer).",what_supplies_do_you_need_to_neat_a_scarf_targ_13_B.wav,target,phon_err,no aux verbs in questions (lack of do support),/ɪ/ --> /i/; knit/neat,needles and yarn,y,first,p,,,,FB_1205
17,450f667822cf6d6acdc03ede05004628f82a9a74ddafb2379f2020243f0cfc40,knit not neat,what_supplies_do_you_need_to_neat_a_scarf_targ_13_B.wav,target,phon_err,no aux verbs in questions (lack of do support),/ɪ/ --> /i/; knit/neat,needles and yarn,,,,,,,
17,450f667822cf6d6acdc03ede05004628f82a9a74ddafb2379f2020243f0cfc40,I’m good — skip to the next question,what_supplies_do_you_need_to_neat_a_scarf_targ_13_B.wav,target,phon_err,no aux verbs in questions (lack of do support),/ɪ/ --> /i/; knit/neat,needles and yarn,s,secsame,,,,,FB_1205
17,450f667822cf6d6acdc03ede05004628f82a9a74ddafb2379f2020243f0cfc40,NA,what_supplies_do_you_need_to_neat_a_scarf_targ_13_B.wav,target,phon_err,no aux verbs in questions (lack of do support),/ɪ/ --> /i/; knit/neat,needles and yarn,,,,,,,
17,450f667822cf6d6acdc03ede05004628f82a9a74ddafb2379f2020243f0cfc40,The question does NOT need any corrections.,what_mythical_creatures_have_been_said_to_drink_blood_turn_into_bats_and_hate_onions_fill_14.wav,filler_other,NA,NA,NA,vampires,nans,first,,a,,,FB_1205
17,450f667822cf6d6acdc03ede05004628f82a9a74ddafb2379f2020243f0cfc40,vampires,what_mythical_creatures_have_been_said_to_drink_blood_turn_into_bats_and_hate_onions_fill_14.wav,filler_other,NA,NA,NA,vampires,,,,,,,
17,450f667822cf6d6acdc03ede05004628f82a9a74ddafb2379f2020243f0cfc40,I’m good — skip to the next question,what_mythical_creatures_have_been_said_to_drink_blood_turn_into_bats_and_hate_onions_fill_14.wav,filler_other,NA,NA,NA,vampires,s,secsame,,,,,FB_1205
17,450f667822cf6d6acdc03ede05004628f82a9a74ddafb2379f2020243f0cfc40,NA,what_mythical_creatures_have_been_said_to_drink_blood_turn_into_bats_and_hate_onions_fill_14.wav,filler_other,NA,NA,NA,vampires,,,,,,,
17,450f667822cf6d6acdc03ede05004628f82a9a74ddafb2379f2020243f0cfc40,"The question needs to be CORRECTED (Select this if you spot an error, even if you don’t know the answer).",what_organ_is_often_associated_with_being_eaten_by_rotting_flesh_monsters_also_known_as_zombies_fill_02.wav,filler_other,NA,NA,NA,the brain,y,first,other,,participant couldn't understand part of the question,,FB_1205
17,450f667822cf6d6acdc03ede05004628f82a9a74ddafb2379f2020243f0cfc40,I can't understand first part of the question,what_organ_is_often_associated_with_being_eaten_by_rotting_flesh_monsters_also_known_as_zombies_fill_02.wav,filler_other,NA,NA,NA,the brain,,,,,,,
17,450f667822cf6d6acdc03ede05004628f82a9a74ddafb2379f2020243f0cfc40,"The question needs to be CORRECTED (Select this if you spot an error, even if you don’t know the answer).",what_organ_is_often_associated_with_being_eaten_by_rotting_flesh_monsters_also_known_as_zombies_fill_02.wav,filler_other,NA,NA,NA,the brain,y,secsame,,,,,FB_1205
17,450f667822cf6d6acdc03ede05004628f82a9a74ddafb2379f2020243f0cfc40,NA,what_organ_is_often_associated_with_being_eaten_by_rotting_flesh_monsters_also_known_as_zombies_fill_02.wav,filler_other,NA,NA,NA,the brain,,,,,,,
17,450f667822cf6d6acdc03ede05004628f82a9a74ddafb2379f2020243f0cfc40,The question does NOT need any corrections.,which_fast_food_chain_offers_foot-long_sandwiches_and_has_the_slogan_eat_fresh_fill_11.wav,filler_other,NA,NA,NA,Subway,nans,first,,a,,,FB_1205
17,450f667822cf6d6acdc03ede05004628f82a9a74ddafb2379f2020243f0cfc40,Subway,which_fast_food_chain_offers_foot-long_sandwiches_and_has_the_slogan_eat_fresh_fill_11.wav,filler_other,NA,NA,NA,Subway,,,,,,,
17,450f667822cf6d6acdc03ede05004628f82a9a74ddafb2379f2020243f0cfc40,I’m good — skip to the next question,which_fast_food_chain_offers_foot-long_sandwiches_and_has_the_slogan_eat_fresh_fill_11.wav,filler_other,NA,NA,NA,Subway,s,secsame,,,,,FB_1205
17,450f667822cf6d6acdc03ede05004628f82a9a74ddafb2379f2020243f0cfc40,NA,which_fast_food_chain_offers_foot-long_sandwiches_and_has_the_slogan_eat_fresh_fill_11.wav,filler_other,NA,NA,NA,Subway,,,,,,,
17,450f667822cf6d6acdc03ede05004628f82a9a74ddafb2379f2020243f0cfc40,The question does NOT need any corrections.,what_is_the_name_of_the_video_game_character_who_is_a_traveling_italian_plumber_fill_08.wav,filler_other,NA,NA,NA,Mario,nans,first,,a,,,FB_1205
17,450f667822cf6d6acdc03ede05004628f82a9a74ddafb2379f2020243f0cfc40,super mario,what_is_the_name_of_the_video_game_character_who_is_a_traveling_italian_plumber_fill_08.wav,filler_other,NA,NA,NA,Mario,,,,,,,
17,450f667822cf6d6acdc03ede05004628f82a9a74ddafb2379f2020243f0cfc40,I’m good — skip to the next question,what_is_the_name_of_the_video_game_character_who_is_a_traveling_italian_plumber_fill_08.wav,filler_other,NA,NA,NA,Mario,s,secsame,,,,,FB_1205
17,450f667822cf6d6acdc03ede05004628f82a9a74ddafb2379f2020243f0cfc40,NA,what_is_the_name_of_the_video_game_character_who_is_a_traveling_italian_plumber_fill_08.wav,filler_other,NA,NA,NA,Mario,,,,,,,
17,450f667822cf6d6acdc03ede05004628f82a9a74ddafb2379f2020243f0cfc40,"The question needs to be CORRECTED (Select this if you spot an error, even if you don’t know the answer).",what_colors_can_have_on_a_traffic_light_which_often_senses_when_cars_pool_up_targ_11_D.wav,target,both_err,have vs. be,/ʊ/ --> /u/; pulls/pools,green,y,first,np,,,,FB_1205
17,450f667822cf6d6acdc03ede05004628f82a9a74ddafb2379f2020243f0cfc40,What color is a traffic light,what_colors_can_have_on_a_traffic_light_which_often_senses_when_cars_pool_up_targ_11_D.wav,target,both_err,have vs. be,/ʊ/ --> /u/; pulls/pools,green,,,,,,,
17,450f667822cf6d6acdc03ede05004628f82a9a74ddafb2379f2020243f0cfc40,"The question needs to be CORRECTED (Select this if you spot an error, even if you don’t know the answer).",what_colors_can_have_on_a_traffic_light_which_often_senses_when_cars_pool_up_targ_11_D.wav,target,both_err,have vs. be,/ʊ/ --> /u/; pulls/pools,green,y,secsame,,,,,FB_1205
17,450f667822cf6d6acdc03ede05004628f82a9a74ddafb2379f2020243f0cfc40,NA,what_colors_can_have_on_a_traffic_light_which_often_senses_when_cars_pool_up_targ_11_D.wav,target,both_err,have vs. be,/ʊ/ --> /u/; pulls/pools,green,,,,,,,
17,450f667822cf6d6acdc03ede05004628f82a9a74ddafb2379f2020243f0cfc40,The question does NOT need any corrections.,which_cartoon_character_works_at_the_krusty_krab_and_is_best_friends_with_patrick_star_fill_04.wav,filler_other,NA,NA,NA,Spongebob,nans,first,,a,,,FB_1205
17,450f667822cf6d6acdc03ede05004628f82a9a74ddafb2379f2020243f0cfc40,spongebob,which_cartoon_character_works_at_the_krusty_krab_and_is_best_friends_with_patrick_star_fill_04.wav,filler_other,NA,NA,NA,Spongebob,,,,,,,
17,450f667822cf6d6acdc03ede05004628f82a9a74ddafb2379f2020243f0cfc40,I’m good — skip to the next question,which_cartoon_character_works_at_the_krusty_krab_and_is_best_friends_with_patrick_star_fill_04.wav,filler_other,NA,NA,NA,Spongebob,s,secsame,,,,,FB_1205
17,450f667822cf6d6acdc03ede05004628f82a9a74ddafb2379f2020243f0cfc40,NA,which_cartoon_character_works_at_the_krusty_krab_and_is_best_friends_with_patrick_star_fill_04.wav,filler_other,NA,NA,NA,Spongebob,,,,,,,
17,450f667822cf6d6acdc03ede05004628f82a9a74ddafb2379f2020243f0cfc40,The question does NOT need any corrections.,what_animal_is_typically_white_with_black_spots_and_says_moo_fill_21.wav,filler_other,NA,NA,NA,a cow,nans,first,,a,,,FB_1205
17,450f667822cf6d6acdc03ede05004628f82a9a74ddafb2379f2020243f0cfc40,cow,what_animal_is_typically_white_with_black_spots_and_says_moo_fill_21.wav,filler_other,NA,NA,NA,a cow,,,,,,,
17,450f667822cf6d6acdc03ede05004628f82a9a74ddafb2379f2020243f0cfc40,I’m good — skip to the next question,what_animal_is_typically_white_with_black_spots_and_says_moo_fill_21.wav,filler_other,NA,NA,NA,a cow,s,secsame,,,,,FB_1205
17,450f667822cf6d6acdc03ede05004628f82a9a74ddafb2379f2020243f0cfc40,NA,what_animal_is_typically_white_with_black_spots_and_says_moo_fill_21.wav,filler_other,NA,NA,NA,a cow,,,,,,,
17,450f667822cf6d6acdc03ede05004628f82a9a74ddafb2379f2020243f0cfc40,"The question needs to be CORRECTED (Select this if you spot an error, even if you don’t know the answer).",what_kind_of_weather_cooed_cooled_occur_when_it_is_raining_and_below_freezing_targ_05_B.wav,target,phon_err,expletive 'it' dropping,/ʊ/ --> /u/; could/cooed,snow,y,first,other,,participant couldn't understand question,,FB_1205
17,450f667822cf6d6acdc03ede05004628f82a9a74ddafb2379f2020243f0cfc40,cannot understand,what_kind_of_weather_cooed_cooled_occur_when_it_is_raining_and_below_freezing_targ_05_B.wav,target,phon_err,expletive 'it' dropping,/ʊ/ --> /u/; could/cooed,snow,,,,,,,
17,450f667822cf6d6acdc03ede05004628f82a9a74ddafb2379f2020243f0cfc40,I’m good — skip to the next question,what_kind_of_weather_cooed_cooled_occur_when_it_is_raining_and_below_freezing_targ_05_B.wav,target,phon_err,expletive 'it' dropping,/ʊ/ --> /u/; could/cooed,snow,s,secsame,,,,,FB_1205
17,450f667822cf6d6acdc03ede05004628f82a9a74ddafb2379f2020243f0cfc40,NA,what_kind_of_weather_cooed_cooled_occur_when_it_is_raining_and_below_freezing_targ_05_B.wav,target,phon_err,expletive 'it' dropping,/ʊ/ --> /u/; could/cooed,snow,,,,,,,
17,450f667822cf6d6acdc03ede05004628f82a9a74ddafb2379f2020243f0cfc40,The question does NOT need any corrections.,what_us_holiday_is_often_celebrated_with_fireworks_and_hotdogs_to_honor_americas_freedom_fill_17.wav,filler_other,NA,NA,NA,Independence Day,nans,first,,a,,,FB_1205
17,450f667822cf6d6acdc03ede05004628f82a9a74ddafb2379f2020243f0cfc40,fourth of July,what_us_holiday_is_often_celebrated_with_fireworks_and_hotdogs_to_honor_americas_freedom_fill_17.wav,filler_other,NA,NA,NA,Independence Day,,,,,,,
17,450f667822cf6d6acdc03ede05004628f82a9a74ddafb2379f2020243f0cfc40,I’m good — skip to the next question,what_us_holiday_is_often_celebrated_with_fireworks_and_hotdogs_to_honor_americas_freedom_fill_17.wav,filler_other,NA,NA,NA,Independence Day,s,secsame,,,,,FB_1205
17,450f667822cf6d6acdc03ede05004628f82a9a74ddafb2379f2020243f0cfc40,NA,what_us_holiday_is_often_celebrated_with_fireworks_and_hotdogs_to_honor_americas_freedom_fill_17.wav,filler_other,NA,NA,NA,Independence Day,,,,,,,
17,450f667822cf6d6acdc03ede05004628f82a9a74ddafb2379f2020243f0cfc40,"The question does NOT need any corrections, but I don't know the answer/ I don't understand what the question is asking.",which_soft_pastry_made_with_a_certain_spice_is_often_spiral-shaped_and_topped_with_icing_fill_16.wav,filler_other,NA,NA,NA,cinnamon roll,nun,first,,,,,FB_1205
17,450f667822cf6d6acdc03ede05004628f82a9a74ddafb2379f2020243f0cfc40,na,which_soft_pastry_made_with_a_certain_spice_is_often_spiral-shaped_and_topped_with_icing_fill_16.wav,filler_other,NA,NA,NA,cinnamon roll,,,,,,,
17,450f667822cf6d6acdc03ede05004628f82a9a74ddafb2379f2020243f0cfc40,I’m good — skip to the next question,which_soft_pastry_made_with_a_certain_spice_is_often_spiral-shaped_and_topped_with_icing_fill_16.wav,filler_other,NA,NA,NA,cinnamon roll,s,secsame,,,,,FB_1205
17,450f667822cf6d6acdc03ede05004628f82a9a74ddafb2379f2020243f0cfc40,NA,which_soft_pastry_made_with_a_certain_spice_is_often_spiral-shaped_and_topped_with_icing_fill_16.wav,filler_other,NA,NA,NA,cinnamon roll,,,,,,,
17,450f667822cf6d6acdc03ede05004628f82a9a74ddafb2379f2020243f0cfc40,The question does NOT need any corrections.,what_letter_in_the_latin_alphabet_corresponds_to_the_greek_letter_alpha_fill_01.wav,filler_other,NA,NA,NA,a,nans,first,,w,,,FB_1205
17,450f667822cf6d6acdc03ede05004628f82a9a74ddafb2379f2020243f0cfc40,omega,what_letter_in_the_latin_alphabet_corresponds_to_the_greek_letter_alpha_fill_01.wav,filler_other,NA,NA,NA,a,,,,,,,
17,450f667822cf6d6acdc03ede05004628f82a9a74ddafb2379f2020243f0cfc40,I’m good — skip to the next question,what_letter_in_the_latin_alphabet_corresponds_to_the_greek_letter_alpha_fill_01.wav,filler_other,NA,NA,NA,a,s,secsame,,,,,FB_1205
17,450f667822cf6d6acdc03ede05004628f82a9a74ddafb2379f2020243f0cfc40,NA,what_letter_in_the_latin_alphabet_corresponds_to_the_greek_letter_alpha_fill_01.wav,filler_other,NA,NA,NA,a,,,,,,,
17,450f667822cf6d6acdc03ede05004628f82a9a74ddafb2379f2020243f0cfc40,The question does NOT need any corrections.,what_popular_us_chain_provides_a_happy_meal_toy_or_plush_when_kids_are_hungry_targ_20_A.wav,target,correct,have vs. be,/ʃ/ --> /s/; plush/plus,McDonald's,nans,first,,a,,,FB_1205
17,450f667822cf6d6acdc03ede05004628f82a9a74ddafb2379f2020243f0cfc40,mcdonalds,what_popular_us_chain_provides_a_happy_meal_toy_or_plush_when_kids_are_hungry_targ_20_A.wav,target,correct,have vs. be,/ʃ/ --> /s/; plush/plus,McDonald's,,,,,,,
17,450f667822cf6d6acdc03ede05004628f82a9a74ddafb2379f2020243f0cfc40,I’m good — skip to the next question,what_popular_us_chain_provides_a_happy_meal_toy_or_plush_when_kids_are_hungry_targ_20_A.wav,target,correct,have vs. be,/ʃ/ --> /s/; plush/plus,McDonald's,s,secsame,,,,,FB_1205
17,450f667822cf6d6acdc03ede05004628f82a9a74ddafb2379f2020243f0cfc40,NA,what_popular_us_chain_provides_a_happy_meal_toy_or_plush_when_kids_are_hungry_targ_20_A.wav,target,correct,have vs. be,/ʃ/ --> /s/; plush/plus,McDonald's,,,,,,,
17,450f667822cf6d6acdc03ede05004628f82a9a74ddafb2379f2020243f0cfc40,The question does NOT need any corrections.,what_holiday_occurs_at_the_end_of_october_and_features_trick-or-treating_pumpkins_and_haunted_houses_fill_07.wav,filler_other,NA,NA,NA,Halloween,nans,first,,a,,,FB_1205
17,450f667822cf6d6acdc03ede05004628f82a9a74ddafb2379f2020243f0cfc40,halloween,what_holiday_occurs_at_the_end_of_october_and_features_trick-or-treating_pumpkins_and_haunted_houses_fill_07.wav,filler_other,NA,NA,NA,Halloween,,,,,,,
17,450f667822cf6d6acdc03ede05004628f82a9a74ddafb2379f2020243f0cfc40,I’m good — skip to the next question,what_holiday_occurs_at_the_end_of_october_and_features_trick-or-treating_pumpkins_and_haunted_houses_fill_07.wav,filler_other,NA,NA,NA,Halloween,s,secsame,,,,,FB_1205
17,450f667822cf6d6acdc03ede05004628f82a9a74ddafb2379f2020243f0cfc40,NA,what_holiday_occurs_at_the_end_of_october_and_features_trick-or-treating_pumpkins_and_haunted_houses_fill_07.wav,filler_other,NA,NA,NA,Halloween,,,,,,,
17,450f667822cf6d6acdc03ede05004628f82a9a74ddafb2379f2020243f0cfc40,The question does NOT need any corrections.,in_what_country_would_you_find_landmarks_like_the_pyramids_of_giza_and_great_sphinx_fill_24.wav,filler_other,NA,NA,NA,Egypt,nans,first,,a,,,FB_1205
17,450f667822cf6d6acdc03ede05004628f82a9a74ddafb2379f2020243f0cfc40,Egypt,in_what_country_would_you_find_landmarks_like_the_pyramids_of_giza_and_great_sphinx_fill_24.wav,filler_other,NA,NA,NA,Egypt,,,,,,,
17,450f667822cf6d6acdc03ede05004628f82a9a74ddafb2379f2020243f0cfc40,I’m good — skip to the next question,in_what_country_would_you_find_landmarks_like_the_pyramids_of_giza_and_great_sphinx_fill_24.wav,filler_other,NA,NA,NA,Egypt,s,secsame,,,,,FB_1205
17,450f667822cf6d6acdc03ede05004628f82a9a74ddafb2379f2020243f0cfc40,NA,in_what_country_would_you_find_landmarks_like_the_pyramids_of_giza_and_great_sphinx_fill_24.wav,filler_other,NA,NA,NA,Egypt,,,,,,,
17,450f667822cf6d6acdc03ede05004628f82a9a74ddafb2379f2020243f0cfc40,"The question needs to be CORRECTED (Select this if you spot an error, even if you don’t know the answer).",what_colors_make_up_a_traditional_candy_gain_which_people_enjoy_to_eat_during_christmas_targ_15_D.wav,target,both_err,infinitive vs. participle,/k/ --> /g/; cane/gain,red and white,y,first,othernp,,participant reported a np error but didn't specify,,FB_1205
17,450f667822cf6d6acdc03ede05004628f82a9a74ddafb2379f2020243f0cfc40,sentence structure,what_colors_make_up_a_traditional_candy_gain_which_people_enjoy_to_eat_during_christmas_targ_15_D.wav,target,both_err,infinitive vs. participle,/k/ --> /g/; cane/gain,red and white,,,,,,,
17,450f667822cf6d6acdc03ede05004628f82a9a74ddafb2379f2020243f0cfc40,I’m good — skip to the next question,what_colors_make_up_a_traditional_candy_gain_which_people_enjoy_to_eat_during_christmas_targ_15_D.wav,target,both_err,infinitive vs. participle,/k/ --> /g/; cane/gain,red and white,s,secsame,,,,,FB_1205
17,450f667822cf6d6acdc03ede05004628f82a9a74ddafb2379f2020243f0cfc40,What colors,what_colors_make_up_a_traditional_candy_gain_which_people_enjoy_to_eat_during_christmas_targ_15_D.wav,target,both_err,infinitive vs. participle,/k/ --> /g/; cane/gain,red and white,,,,,,,
17,450f667822cf6d6acdc03ede05004628f82a9a74ddafb2379f2020243f0cfc40,"The question needs to be CORRECTED (Select this if you spot an error, even if you don’t know the answer).",what_childrens_game_makes_people_seat_down_quickly_when_the_music_loud_stops_targ_07_D.wav,target,both_err,adj/noun order,/ɪ/ --> /i/; sit/seat,musical chairs,y,first,np,,,,FB_1205
17,450f667822cf6d6acdc03ede05004628f82a9a74ddafb2379f2020243f0cfc40,loud music,what_childrens_game_makes_people_seat_down_quickly_when_the_music_loud_stops_targ_07_D.wav,target,both_err,adj/noun order,/ɪ/ --> /i/; sit/seat,musical chairs,,,,,,,
17,450f667822cf6d6acdc03ede05004628f82a9a74ddafb2379f2020243f0cfc40,I’m good — skip to the next question,what_childrens_game_makes_people_seat_down_quickly_when_the_music_loud_stops_targ_07_D.wav,target,both_err,adj/noun order,/ɪ/ --> /i/; sit/seat,musical chairs,s,secsame,,,,,FB_1205
17,450f667822cf6d6acdc03ede05004628f82a9a74ddafb2379f2020243f0cfc40,NA,what_childrens_game_makes_people_seat_down_quickly_when_the_music_loud_stops_targ_07_D.wav,target,both_err,adj/noun order,/ɪ/ --> /i/; sit/seat,musical chairs,,,,,,,
17,450f667822cf6d6acdc03ede05004628f82a9a74ddafb2379f2020243f0cfc40,The question does NOT need any corrections.,which_tropical_fruit_that_grows_on_palm_trees_is_used_for_oils_and_milks_fill_18.wav,filler_other,NA,NA,NA,coconuts,nans,first,,a,,,FB_1205
17,450f667822cf6d6acdc03ede05004628f82a9a74ddafb2379f2020243f0cfc40,coconut,which_tropical_fruit_that_grows_on_palm_trees_is_used_for_oils_and_milks_fill_18.wav,filler_other,NA,NA,NA,coconuts,,,,,,,
17,450f667822cf6d6acdc03ede05004628f82a9a74ddafb2379f2020243f0cfc40,I’m good — skip to the next question,which_tropical_fruit_that_grows_on_palm_trees_is_used_for_oils_and_milks_fill_18.wav,filler_other,NA,NA,NA,coconuts,s,secsame,,,,,FB_1205
17,450f667822cf6d6acdc03ede05004628f82a9a74ddafb2379f2020243f0cfc40,NA,which_tropical_fruit_that_grows_on_palm_trees_is_used_for_oils_and_milks_fill_18.wav,filler_other,NA,NA,NA,coconuts,,,,,,,
17,450f667822cf6d6acdc03ede05004628f82a9a74ddafb2379f2020243f0cfc40,"The question needs to be CORRECTED (Select this if you spot an error, even if you don’t know the answer).",which_body_part_did_van_gogh_allegedly_cut_off_after_an_argument_with_his_friend_fill_05.wav,filler_other,NA,NA,NA,ear,y,first,otherfill,,,,FB_1205
17,450f667822cf6d6acdc03ede05004628f82a9a74ddafb2379f2020243f0cfc40,Can't understand name,which_body_part_did_van_gogh_allegedly_cut_off_after_an_argument_with_his_friend_fill_05.wav,filler_other,NA,NA,NA,ear,,,,,,,
17,450f667822cf6d6acdc03ede05004628f82a9a74ddafb2379f2020243f0cfc40,I’m good — skip to the next question,which_body_part_did_van_gogh_allegedly_cut_off_after_an_argument_with_his_friend_fill_05.wav,filler_other,NA,NA,NA,ear,s,secsame,,,,,FB_1205
17,450f667822cf6d6acdc03ede05004628f82a9a74ddafb2379f2020243f0cfc40,NA,which_body_part_did_van_gogh_allegedly_cut_off_after_an_argument_with_his_friend_fill_05.wav,filler_other,NA,NA,NA,ear,,,,,,,
17,450f667822cf6d6acdc03ede05004628f82a9a74ddafb2379f2020243f0cfc40,The question does NOT need any corrections.,which_season_do_we_associate_with_thanksgiving_the_beginning_of_school_and_leaves_turning_brown_fill_19.wav,filler_other,NA,NA,NA,Fall,nans,first,,a,,,FB_1205
17,450f667822cf6d6acdc03ede05004628f82a9a74ddafb2379f2020243f0cfc40,fall,which_season_do_we_associate_with_thanksgiving_the_beginning_of_school_and_leaves_turning_brown_fill_19.wav,filler_other,NA,NA,NA,Fall,,,,,,,
17,450f667822cf6d6acdc03ede05004628f82a9a74ddafb2379f2020243f0cfc40,I’m good — skip to the next question,which_season_do_we_associate_with_thanksgiving_the_beginning_of_school_and_leaves_turning_brown_fill_19.wav,filler_other,NA,NA,NA,Fall,s,secsame,,,,,FB_1205
17,450f667822cf6d6acdc03ede05004628f82a9a74ddafb2379f2020243f0cfc40,NA,which_season_do_we_associate_with_thanksgiving_the_beginning_of_school_and_leaves_turning_brown_fill_19.wav,filler_other,NA,NA,NA,Fall,,,,,,,
17,450f667822cf6d6acdc03ede05004628f82a9a74ddafb2379f2020243f0cfc40,The question does NOT need any corrections.,how_many_days_wooed_wooled_my_tandem_bike_be_gone_if_someone_borrows_it_for_july_targ_17_B.wav,target,phon_err,adj/noun order,/ʊ/ --> /u/; would/wooed,thirty-one days,nans,first,,a,,,FB_1205
17,450f667822cf6d6acdc03ede05004628f82a9a74ddafb2379f2020243f0cfc40,31,how_many_days_wooed_wooled_my_tandem_bike_be_gone_if_someone_borrows_it_for_july_targ_17_B.wav,target,phon_err,adj/noun order,/ʊ/ --> /u/; would/wooed,thirty-one days,,,,,,,
17,450f667822cf6d6acdc03ede05004628f82a9a74ddafb2379f2020243f0cfc40,I’m good — skip to the next question,how_many_days_wooed_wooled_my_tandem_bike_be_gone_if_someone_borrows_it_for_july_targ_17_B.wav,target,phon_err,adj/noun order,/ʊ/ --> /u/; would/wooed,thirty-one days,s,secsame,,,,,FB_1205
17,450f667822cf6d6acdc03ede05004628f82a9a74ddafb2379f2020243f0cfc40,NA,how_many_days_wooed_wooled_my_tandem_bike_be_gone_if_someone_borrows_it_for_july_targ_17_B.wav,target,phon_err,adj/noun order,/ʊ/ --> /u/; would/wooed,thirty-one days,,,,,,,
17,450f667822cf6d6acdc03ede05004628f82a9a74ddafb2379f2020243f0cfc40,The question does NOT need any corrections.,who_discovered_the_law_of_universal_gravitation_which_accounts_for_why_objects_naturally_fall_downwards_fill_15.wav,filler_other,NA,NA,NA,Isaac Newton,nans,first,,a,,,FB_1205
17,450f667822cf6d6acdc03ede05004628f82a9a74ddafb2379f2020243f0cfc40,Isaac Newtn,who_discovered_the_law_of_universal_gravitation_which_accounts_for_why_objects_naturally_fall_downwards_fill_15.wav,filler_other,NA,NA,NA,Isaac Newton,,,,,,,
17,450f667822cf6d6acdc03ede05004628f82a9a74ddafb2379f2020243f0cfc40,I’m good — skip to the next question,who_discovered_the_law_of_universal_gravitation_which_accounts_for_why_objects_naturally_fall_downwards_fill_15.wav,filler_other,NA,NA,NA,Isaac Newton,s,secsame,,,,,FB_1205
17,450f667822cf6d6acdc03ede05004628f82a9a74ddafb2379f2020243f0cfc40,NA,who_discovered_the_law_of_universal_gravitation_which_accounts_for_why_objects_naturally_fall_downwards_fill_15.wav,filler_other,NA,NA,NA,Isaac Newton,,,,,,,
17,450f667822cf6d6acdc03ede05004628f82a9a74ddafb2379f2020243f0cfc40,The question does NOT need any corrections.,if_i_consider_leaving_work_after_the_fourth_hour_how_many_minutes_would_that_be_targ_24_A.wav,target,correct,infinitive vs. participle,/θ/ --> /t/; fourth/fort,two hundred and forty,nans,first,,a,,,FB_1205
17,450f667822cf6d6acdc03ede05004628f82a9a74ddafb2379f2020243f0cfc40,240,if_i_consider_leaving_work_after_the_fourth_hour_how_many_minutes_would_that_be_targ_24_A.wav,target,correct,infinitive vs. participle,/θ/ --> /t/; fourth/fort,two hundred and forty,,,,,,,
17,450f667822cf6d6acdc03ede05004628f82a9a74ddafb2379f2020243f0cfc40,I’m good — skip to the next question,if_i_consider_leaving_work_after_the_fourth_hour_how_many_minutes_would_that_be_targ_24_A.wav,target,correct,infinitive vs. participle,/θ/ --> /t/; fourth/fort,two hundred and forty,s,secsame,,,,,FB_1205
17,450f667822cf6d6acdc03ede05004628f82a9a74ddafb2379f2020243f0cfc40,NA,if_i_consider_leaving_work_after_the_fourth_hour_how_many_minutes_would_that_be_targ_24_A.wav,target,correct,infinitive vs. participle,/θ/ --> /t/; fourth/fort,two hundred and forty,,,,,,,
17,450f667822cf6d6acdc03ede05004628f82a9a74ddafb2379f2020243f0cfc40,"The question needs to be CORRECTED (Select this if you spot an error, even if you don’t know the answer).",what_term_refers_to_armored_men_who_enjoyed_to_carry_medieval_swords_that_clash_in_combat_targ_02_C.wav,target,non_phon_err,infinitive vs. participle,/ʃ/ --> /s/; clash/class,knights,y,first,other,,participant didn't report specific errors ,,FB_1205
17,450f667822cf6d6acdc03ede05004628f82a9a74ddafb2379f2020243f0cfc40,gibberish,what_term_refers_to_armored_men_who_enjoyed_to_carry_medieval_swords_that_clash_in_combat_targ_02_C.wav,target,non_phon_err,infinitive vs. participle,/ʃ/ --> /s/; clash/class,knights,,,,,,,
17,450f667822cf6d6acdc03ede05004628f82a9a74ddafb2379f2020243f0cfc40,I’m good — skip to the next question,what_term_refers_to_armored_men_who_enjoyed_to_carry_medieval_swords_that_clash_in_combat_targ_02_C.wav,target,non_phon_err,infinitive vs. participle,/ʃ/ --> /s/; clash/class,knights,s,secsame,,,,,FB_1205
17,450f667822cf6d6acdc03ede05004628f82a9a74ddafb2379f2020243f0cfc40,NA,what_term_refers_to_armored_men_who_enjoyed_to_carry_medieval_swords_that_clash_in_combat_targ_02_C.wav,target,non_phon_err,infinitive vs. participle,/ʃ/ --> /s/; clash/class,knights,,,,,,,
17,450f667822cf6d6acdc03ede05004628f82a9a74ddafb2379f2020243f0cfc40,"The question does NOT need any corrections, but I don't know the answer/ I don't understand what the question is asking.",in_the_famous_dr_seuss_book_what_orange_and_yellow_character_speaks_for_the_trees_fill_23.wav,filler_other,NA,NA,NA,the Lorax,nun,first,,,,,FB_1205
17,450f667822cf6d6acdc03ede05004628f82a9a74ddafb2379f2020243f0cfc40,na,in_the_famous_dr_seuss_book_what_orange_and_yellow_character_speaks_for_the_trees_fill_23.wav,filler_other,NA,NA,NA,the Lorax,,,,,,,
17,450f667822cf6d6acdc03ede05004628f82a9a74ddafb2379f2020243f0cfc40,I’m good — skip to the next question,in_the_famous_dr_seuss_book_what_orange_and_yellow_character_speaks_for_the_trees_fill_23.wav,filler_other,NA,NA,NA,the Lorax,s,secsame,,,,,FB_1205
17,450f667822cf6d6acdc03ede05004628f82a9a74ddafb2379f2020243f0cfc40,NA,in_the_famous_dr_seuss_book_what_orange_and_yellow_character_speaks_for_the_trees_fill_23.wav,filler_other,NA,NA,NA,the Lorax,,,,,,,
17,450f667822cf6d6acdc03ede05004628f82a9a74ddafb2379f2020243f0cfc40,"The question needs to be CORRECTED (Select this if you spot an error, even if you don’t know the answer).",how_many_legs_does_a_garden_spider_canadian_whose_silk_can_make_cloth_have_targ_06_C.wav,target,non_phon_err,adj/noun order,/θ/ --> /t/; cloth/clot,eight,y,first,np?,,,,FB_1205
17,450f667822cf6d6acdc03ede05004628f82a9a74ddafb2379f2020243f0cfc40,structure,how_many_legs_does_a_garden_spider_canadian_whose_silk_can_make_cloth_have_targ_06_C.wav,target,non_phon_err,adj/noun order,/θ/ --> /t/; cloth/clot,eight,,,,,,,
17,450f667822cf6d6acdc03ede05004628f82a9a74ddafb2379f2020243f0cfc40,I’m good — skip to the next question,how_many_legs_does_a_garden_spider_canadian_whose_silk_can_make_cloth_have_targ_06_C.wav,target,non_phon_err,adj/noun order,/θ/ --> /t/; cloth/clot,eight,s,secsame,,,,,FB_1205
17,450f667822cf6d6acdc03ede05004628f82a9a74ddafb2379f2020243f0cfc40,NA,how_many_legs_does_a_garden_spider_canadian_whose_silk_can_make_cloth_have_targ_06_C.wav,target,non_phon_err,adj/noun order,/θ/ --> /t/; cloth/clot,eight,,,,,,,
17,450f667822cf6d6acdc03ede05004628f82a9a74ddafb2379f2020243f0cfc40,"The question needs to be CORRECTED (Select this if you spot an error, even if you don’t know the answer).",what_city_have_people_rushed_to_tour_to_see_where_the_us_government_makes_business_targ_14_C.wav,target,non_phon_err,make vs. other verb,/ʃ/ --> /s/; rushed/rust,Washington D.C.,y,first,np?,,,,FB_1205
17,450f667822cf6d6acdc03ede05004628f82a9a74ddafb2379f2020243f0cfc40,Struture.,what_city_have_people_rushed_to_tour_to_see_where_the_us_government_makes_business_targ_14_C.wav,target,non_phon_err,make vs. other verb,/ʃ/ --> /s/; rushed/rust,Washington D.C.,,,,,,,
17,450f667822cf6d6acdc03ede05004628f82a9a74ddafb2379f2020243f0cfc40,I’m good — skip to the next question,what_city_have_people_rushed_to_tour_to_see_where_the_us_government_makes_business_targ_14_C.wav,target,non_phon_err,make vs. other verb,/ʃ/ --> /s/; rushed/rust,Washington D.C.,s,secsame,,,,,FB_1205
17,450f667822cf6d6acdc03ede05004628f82a9a74ddafb2379f2020243f0cfc40,NA,what_city_have_people_rushed_to_tour_to_see_where_the_us_government_makes_business_targ_14_C.wav,target,non_phon_err,make vs. other verb,/ʃ/ --> /s/; rushed/rust,Washington D.C.,,,,,,,
17,450f667822cf6d6acdc03ede05004628f82a9a74ddafb2379f2020243f0cfc40,"The question does NOT need any corrections, but I don't know the answer/ I don't understand what the question is asking.",what_novel_has_the_quote_i’m_late_i’m_late_for_a_very_important_date_fill_13.wav,filler_other,NA,NA,NA,Alice in Wonderland,nun,first,,,,,FB_1205
17,450f667822cf6d6acdc03ede05004628f82a9a74ddafb2379f2020243f0cfc40,na,what_novel_has_the_quote_i’m_late_i’m_late_for_a_very_important_date_fill_13.wav,filler_other,NA,NA,NA,Alice in Wonderland,,,,,,,
17,450f667822cf6d6acdc03ede05004628f82a9a74ddafb2379f2020243f0cfc40,I’m good — skip to the next question,what_novel_has_the_quote_i’m_late_i’m_late_for_a_very_important_date_fill_13.wav,filler_other,NA,NA,NA,Alice in Wonderland,s,secsame,,,,,FB_1205
17,450f667822cf6d6acdc03ede05004628f82a9a74ddafb2379f2020243f0cfc40,NA,what_novel_has_the_quote_i’m_late_i’m_late_for_a_very_important_date_fill_13.wav,filler_other,NA,NA,NA,Alice in Wonderland,,,,,,,
17,450f667822cf6d6acdc03ede05004628f82a9a74ddafb2379f2020243f0cfc40,The question does NOT need any corrections.,where_do_people_get_drivers_licenses_since_it_is_required_as_valid_id_to_drive_targ_16_A.wav,target,correct,expletive 'it' dropping,/v/ --> /b/; valid/ballad,DMV,nans,first,,a,,,FB_1205
17,450f667822cf6d6acdc03ede05004628f82a9a74ddafb2379f2020243f0cfc40,dmv,where_do_people_get_drivers_licenses_since_it_is_required_as_valid_id_to_drive_targ_16_A.wav,target,correct,expletive 'it' dropping,/v/ --> /b/; valid/ballad,DMV,,,,,,,
17,450f667822cf6d6acdc03ede05004628f82a9a74ddafb2379f2020243f0cfc40,I’m good — skip to the next question,where_do_people_get_drivers_licenses_since_it_is_required_as_valid_id_to_drive_targ_16_A.wav,target,correct,expletive 'it' dropping,/v/ --> /b/; valid/ballad,DMV,s,secsame,,,,,FB_1205
17,450f667822cf6d6acdc03ede05004628f82a9a74ddafb2379f2020243f0cfc40,NA,where_do_people_get_drivers_licenses_since_it_is_required_as_valid_id_to_drive_targ_16_A.wav,target,correct,expletive 'it' dropping,/v/ --> /b/; valid/ballad,DMV,,,,,,,
17,450f667822cf6d6acdc03ede05004628f82a9a74ddafb2379f2020243f0cfc40,The question does NOT need any corrections.,if_laundry_service_will_gum_in_five_days_and_todays_thursday_when_are_they_doing_laundry_next_targ_09_B.wav,target,phon_err,make vs. other verb,/k/ --> /g/; come/gum,Tuesday,nans,first,,a,,,FB_1205
17,450f667822cf6d6acdc03ede05004628f82a9a74ddafb2379f2020243f0cfc40,tuesday,if_laundry_service_will_gum_in_five_days_and_todays_thursday_when_are_they_doing_laundry_next_targ_09_B.wav,target,phon_err,make vs. other verb,/k/ --> /g/; come/gum,Tuesday,,,,,,,
17,450f667822cf6d6acdc03ede05004628f82a9a74ddafb2379f2020243f0cfc40,I’m good — skip to the next question,if_laundry_service_will_gum_in_five_days_and_todays_thursday_when_are_they_doing_laundry_next_targ_09_B.wav,target,phon_err,make vs. other verb,/k/ --> /g/; come/gum,Tuesday,s,secsame,,,,,FB_1205
17,450f667822cf6d6acdc03ede05004628f82a9a74ddafb2379f2020243f0cfc40,NA,if_laundry_service_will_gum_in_five_days_and_todays_thursday_when_are_they_doing_laundry_next_targ_09_B.wav,target,phon_err,make vs. other verb,/k/ --> /g/; come/gum,Tuesday,,,,,,,
18,4b29f2e4aa547965f5e9a07b6b6f1c6f3858b47bfbc87c6954fa20cce36a82c9,"The question needs to be CORRECTED (Select this if you spot an error, even if you don’t know the answer).",what_insect_undergoes_a_process_of_change_to_turn_into_a_butterfy_fill_30.wav,att_check_err,NA,NA,NA,caterpillar (butterfly),y,first,acheckp,,attention check passed (8/8 correct),,JB_1204
18,4b29f2e4aa547965f5e9a07b6b6f1c6f3858b47bfbc87c6954fa20cce36a82c9,butterfly is pronounced butterfi caterpillar,what_insect_undergoes_a_process_of_change_to_turn_into_a_butterfy_fill_30.wav,att_check_err,NA,NA,NA,caterpillar (butterfly),,,,,,,
18,4b29f2e4aa547965f5e9a07b6b6f1c6f3858b47bfbc87c6954fa20cce36a82c9,I’m good — skip to the next question,what_insect_undergoes_a_process_of_change_to_turn_into_a_butterfy_fill_30.wav,att_check_err,NA,NA,NA,caterpillar (butterfly),s,secsame,,,,,JB_1204
18,4b29f2e4aa547965f5e9a07b6b6f1c6f3858b47bfbc87c6954fa20cce36a82c9,NA,what_insect_undergoes_a_process_of_change_to_turn_into_a_butterfy_fill_30.wav,att_check_err,NA,NA,NA,caterpillar (butterfly),,,,,,,
18,4b29f2e4aa547965f5e9a07b6b6f1c6f3858b47bfbc87c6954fa20cce36a82c9,The question does NOT need any corrections.,what_color_is_a_typical_school_bus_fill_28.wav,att_check_good,NA,NA,NA,yellow,nans,first,,a,,,JB_1204
18,4b29f2e4aa547965f5e9a07b6b6f1c6f3858b47bfbc87c6954fa20cce36a82c9,yellow,what_color_is_a_typical_school_bus_fill_28.wav,att_check_good,NA,NA,NA,yellow,,,,,,,
18,4b29f2e4aa547965f5e9a07b6b6f1c6f3858b47bfbc87c6954fa20cce36a82c9,I’m good — skip to the next question,what_color_is_a_typical_school_bus_fill_28.wav,att_check_good,NA,NA,NA,yellow,s,secsame,,,,,JB_1204
18,4b29f2e4aa547965f5e9a07b6b6f1c6f3858b47bfbc87c6954fa20cce36a82c9,NA,what_color_is_a_typical_school_bus_fill_28.wav,att_check_good,NA,NA,NA,yellow,,,,,,,
18,4b29f2e4aa547965f5e9a07b6b6f1c6f3858b47bfbc87c6954fa20cce36a82c9,"The question needs to be CORRECTED (Select this if you spot an error, even if you don’t know the answer).",how_many_embers_were_in_the_beatles_the_british_rock_band_fill_32.wav,att_check_err,NA,NA,NA,four (members),y,first,acheckp,,,,JB_1204
18,4b29f2e4aa547965f5e9a07b6b6f1c6f3858b47bfbc87c6954fa20cce36a82c9,"mispronounces members, NA",how_many_embers_were_in_the_beatles_the_british_rock_band_fill_32.wav,att_check_err,NA,NA,NA,four (members),,,,,,,
18,4b29f2e4aa547965f5e9a07b6b6f1c6f3858b47bfbc87c6954fa20cce36a82c9,I’m good — skip to the next question,how_many_embers_were_in_the_beatles_the_british_rock_band_fill_32.wav,att_check_err,NA,NA,NA,four (members),s,secsame,,,,,JB_1204
18,4b29f2e4aa547965f5e9a07b6b6f1c6f3858b47bfbc87c6954fa20cce36a82c9,NA,how_many_embers_were_in_the_beatles_the_british_rock_band_fill_32.wav,att_check_err,NA,NA,NA,four (members),,,,,,,
18,4b29f2e4aa547965f5e9a07b6b6f1c6f3858b47bfbc87c6954fa20cce36a82c9,The question does NOT need any corrections.,what_day_of_the_week_comes_after_monday_fill_27.wav,att_check_good,NA,NA,NA,Tuesday,nans,first,,a,,,JB_1204
18,4b29f2e4aa547965f5e9a07b6b6f1c6f3858b47bfbc87c6954fa20cce36a82c9,Tuesday,what_day_of_the_week_comes_after_monday_fill_27.wav,att_check_good,NA,NA,NA,Tuesday,,,,,,,
18,4b29f2e4aa547965f5e9a07b6b6f1c6f3858b47bfbc87c6954fa20cce36a82c9,I’m good — skip to the next question,what_day_of_the_week_comes_after_monday_fill_27.wav,att_check_good,NA,NA,NA,Tuesday,s,secsame,,,,,JB_1204
18,4b29f2e4aa547965f5e9a07b6b6f1c6f3858b47bfbc87c6954fa20cce36a82c9,NA,what_day_of_the_week_comes_after_monday_fill_27.wav,att_check_good,NA,NA,NA,Tuesday,,,,,,,
18,4b29f2e4aa547965f5e9a07b6b6f1c6f3858b47bfbc87c6954fa20cce36a82c9,The question does NOT need any corrections.,what_state_is_los_angeles_located_in_fill_26.wav,att_check_good,NA,NA,NA,California,nans,first,,a,,,JB_1204
18,4b29f2e4aa547965f5e9a07b6b6f1c6f3858b47bfbc87c6954fa20cce36a82c9,California,what_state_is_los_angeles_located_in_fill_26.wav,att_check_good,NA,NA,NA,California,,,,,,,
18,4b29f2e4aa547965f5e9a07b6b6f1c6f3858b47bfbc87c6954fa20cce36a82c9,I’m good — skip to the next question,what_state_is_los_angeles_located_in_fill_26.wav,att_check_good,NA,NA,NA,California,s,secsame,,,,,JB_1204
18,4b29f2e4aa547965f5e9a07b6b6f1c6f3858b47bfbc87c6954fa20cce36a82c9,NA,what_state_is_los_angeles_located_in_fill_26.wav,att_check_good,NA,NA,NA,California,,,,,,,
18,4b29f2e4aa547965f5e9a07b6b6f1c6f3858b47bfbc87c6954fa20cce36a82c9,"The question needs to be CORRECTED (Select this if you spot an error, even if you don’t know the answer).",what_is_the_largest_plant_in_the_solar_system_fill_31.wav,att_check_err,NA,NA,NA,Jupiter (planet),y,first,acheckp,,,,JB_1204
18,4b29f2e4aa547965f5e9a07b6b6f1c6f3858b47bfbc87c6954fa20cce36a82c9,"planet mispronounced as plant, jupiter",what_is_the_largest_plant_in_the_solar_system_fill_31.wav,att_check_err,NA,NA,NA,Jupiter (planet),,,,,,,
18,4b29f2e4aa547965f5e9a07b6b6f1c6f3858b47bfbc87c6954fa20cce36a82c9,I’m good — skip to the next question,what_is_the_largest_plant_in_the_solar_system_fill_31.wav,att_check_err,NA,NA,NA,Jupiter (planet),s,secsame,,,,,JB_1204
18,4b29f2e4aa547965f5e9a07b6b6f1c6f3858b47bfbc87c6954fa20cce36a82c9,NA,what_is_the_largest_plant_in_the_solar_system_fill_31.wav,att_check_err,NA,NA,NA,Jupiter (planet),,,,,,,
18,4b29f2e4aa547965f5e9a07b6b6f1c6f3858b47bfbc87c6954fa20cce36a82c9,"The question needs to be CORRECTED (Select this if you spot an error, even if you don’t know the answer).",in_the_cycle_of_seasons_what_season_comes_after_dinter_fill_29.wav,att_check_err,NA,NA,NA,"Spring (Winter, sound sub that's not related)",y,first,acheckp,,,,JB_1204
18,4b29f2e4aa547965f5e9a07b6b6f1c6f3858b47bfbc87c6954fa20cce36a82c9,"December is mispronounced as denter, spring",in_the_cycle_of_seasons_what_season_comes_after_dinter_fill_29.wav,att_check_err,NA,NA,NA,"Spring (Winter, sound sub that's not related)",,,,,,,
18,4b29f2e4aa547965f5e9a07b6b6f1c6f3858b47bfbc87c6954fa20cce36a82c9,I’m good — skip to the next question,in_the_cycle_of_seasons_what_season_comes_after_dinter_fill_29.wav,att_check_err,NA,NA,NA,"Spring (Winter, sound sub that's not related)",s,secsame,,,,,JB_1204
18,4b29f2e4aa547965f5e9a07b6b6f1c6f3858b47bfbc87c6954fa20cce36a82c9,NA,in_the_cycle_of_seasons_what_season_comes_after_dinter_fill_29.wav,att_check_err,NA,NA,NA,"Spring (Winter, sound sub that's not related)",,,,,,,
18,4b29f2e4aa547965f5e9a07b6b6f1c6f3858b47bfbc87c6954fa20cce36a82c9,The question does NOT need any corrections.,how_many_legs_does_a_dog_normally_have_fill_25.wav,att_check_good,NA,NA,NA,four,nans,first,,a,,,JB_1204
18,4b29f2e4aa547965f5e9a07b6b6f1c6f3858b47bfbc87c6954fa20cce36a82c9,4,how_many_legs_does_a_dog_normally_have_fill_25.wav,att_check_good,NA,NA,NA,four,,,,,,,
18,4b29f2e4aa547965f5e9a07b6b6f1c6f3858b47bfbc87c6954fa20cce36a82c9,The question does NOT need any corrections.,how_many_legs_does_a_dog_normally_have_fill_25.wav,att_check_good,NA,NA,NA,four,nans,secsame,,,,,JB_1204
18,4b29f2e4aa547965f5e9a07b6b6f1c6f3858b47bfbc87c6954fa20cce36a82c9,four,how_many_legs_does_a_dog_normally_have_fill_25.wav,att_check_good,NA,NA,NA,four,,,,,,,
18,4b29f2e4aa547965f5e9a07b6b6f1c6f3858b47bfbc87c6954fa20cce36a82c9,The question does NOT need any corrections.,what_animal_is_typically_white_with_black_spots_and_says_moo_fill_21.wav,filler_other,NA,NA,NA,a cow,nans,first,,a,,,FB_1205
18,4b29f2e4aa547965f5e9a07b6b6f1c6f3858b47bfbc87c6954fa20cce36a82c9,cow,what_animal_is_typically_white_with_black_spots_and_says_moo_fill_21.wav,filler_other,NA,NA,NA,a cow,,,,,,,
18,4b29f2e4aa547965f5e9a07b6b6f1c6f3858b47bfbc87c6954fa20cce36a82c9,I’m good — skip to the next question,what_animal_is_typically_white_with_black_spots_and_says_moo_fill_21.wav,filler_other,NA,NA,NA,a cow,s,secsame,,,,,FB_1205
18,4b29f2e4aa547965f5e9a07b6b6f1c6f3858b47bfbc87c6954fa20cce36a82c9,NA,what_animal_is_typically_white_with_black_spots_and_says_moo_fill_21.wav,filler_other,NA,NA,NA,a cow,,,,,,,
18,4b29f2e4aa547965f5e9a07b6b6f1c6f3858b47bfbc87c6954fa20cce36a82c9,The question does NOT need any corrections.,because_it_is_important_to_honor_the_iris_saint_what_holiday_occurs_on_march_17th_targ_08_B.wav,target,phon_err,expletive 'it' dropping,/ʃ/ --> /s/; Irish/iris,St. Patrick's Day,nans,first,,a,,,FB_1205
18,4b29f2e4aa547965f5e9a07b6b6f1c6f3858b47bfbc87c6954fa20cce36a82c9,st patricks day,because_it_is_important_to_honor_the_iris_saint_what_holiday_occurs_on_march_17th_targ_08_B.wav,target,phon_err,expletive 'it' dropping,/ʃ/ --> /s/; Irish/iris,St. Patrick's Day,,,,,,,
18,4b29f2e4aa547965f5e9a07b6b6f1c6f3858b47bfbc87c6954fa20cce36a82c9,"The question needs to be CORRECTED (Select this if you spot an error, even if you don’t know the answer).",because_it_is_important_to_honor_the_iris_saint_what_holiday_occurs_on_march_17th_targ_08_B.wav,target,phon_err,expletive 'it' dropping,/ʃ/ --> /s/; Irish/iris,St. Patrick's Day,y,secdiff,p,,,,FB_1205
18,4b29f2e4aa547965f5e9a07b6b6f1c6f3858b47bfbc87c6954fa20cce36a82c9,Irish is pronounced iris,because_it_is_important_to_honor_the_iris_saint_what_holiday_occurs_on_march_17th_targ_08_B.wav,target,phon_err,expletive 'it' dropping,/ʃ/ --> /s/; Irish/iris,St. Patrick's Day,,,,,,,
18,4b29f2e4aa547965f5e9a07b6b6f1c6f3858b47bfbc87c6954fa20cce36a82c9,The question does NOT need any corrections.,what_is_the_name_of_the_video_game_character_who_is_a_traveling_italian_plumber_fill_08.wav,filler_other,NA,NA,NA,Mario,nans,first,,a,,,FB_1205
18,4b29f2e4aa547965f5e9a07b6b6f1c6f3858b47bfbc87c6954fa20cce36a82c9,Mario,what_is_the_name_of_the_video_game_character_who_is_a_traveling_italian_plumber_fill_08.wav,filler_other,NA,NA,NA,Mario,,,,,,,
18,4b29f2e4aa547965f5e9a07b6b6f1c6f3858b47bfbc87c6954fa20cce36a82c9,I’m good — skip to the next question,what_is_the_name_of_the_video_game_character_who_is_a_traveling_italian_plumber_fill_08.wav,filler_other,NA,NA,NA,Mario,s,secsame,,,,,FB_1205
18,4b29f2e4aa547965f5e9a07b6b6f1c6f3858b47bfbc87c6954fa20cce36a82c9,NA,what_is_the_name_of_the_video_game_character_who_is_a_traveling_italian_plumber_fill_08.wav,filler_other,NA,NA,NA,Mario,,,,,,,
18,4b29f2e4aa547965f5e9a07b6b6f1c6f3858b47bfbc87c6954fa20cce36a82c9,The question does NOT need any corrections.,what_kind_of_weather_could_occur_when_is_raining_and_below_freezing_targ_05_C.wav,target,non_phon_err,expletive 'it' dropping,/ʊ/ --> /u/; could/cooed,snow,nans,first,,a,,,FB_1205
18,4b29f2e4aa547965f5e9a07b6b6f1c6f3858b47bfbc87c6954fa20cce36a82c9,snow,what_kind_of_weather_could_occur_when_is_raining_and_below_freezing_targ_05_C.wav,target,non_phon_err,expletive 'it' dropping,/ʊ/ --> /u/; could/cooed,snow,,,,,,,
18,4b29f2e4aa547965f5e9a07b6b6f1c6f3858b47bfbc87c6954fa20cce36a82c9,I’m good — skip to the next question,what_kind_of_weather_could_occur_when_is_raining_and_below_freezing_targ_05_C.wav,target,non_phon_err,expletive 'it' dropping,/ʊ/ --> /u/; could/cooed,snow,s,secsame,,,,,FB_1205
18,4b29f2e4aa547965f5e9a07b6b6f1c6f3858b47bfbc87c6954fa20cce36a82c9,NA,what_kind_of_weather_could_occur_when_is_raining_and_below_freezing_targ_05_C.wav,target,non_phon_err,expletive 'it' dropping,/ʊ/ --> /u/; could/cooed,snow,,,,,,,
18,4b29f2e4aa547965f5e9a07b6b6f1c6f3858b47bfbc87c6954fa20cce36a82c9,"The question needs to be CORRECTED (Select this if you spot an error, even if you don’t know the answer).",where_do_people_get_drivers_licenses_since_it_is_required_as_ballad_id_to_drive_targ_16_B.wav,target,phon_err,expletive 'it' dropping,/v/ --> /b/; valid/ballad,DMV,y,first,np?,,,,FB_1205
18,4b29f2e4aa547965f5e9a07b6b6f1c6f3858b47bfbc87c6954fa20cce36a82c9,"The sentence had some bad grammar - since a valid ID is required to drive, NA",where_do_people_get_drivers_licenses_since_it_is_required_as_ballad_id_to_drive_targ_16_B.wav,target,phon_err,expletive 'it' dropping,/v/ --> /b/; valid/ballad,DMV,,,,,,,
18,4b29f2e4aa547965f5e9a07b6b6f1c6f3858b47bfbc87c6954fa20cce36a82c9,"The question needs to be CORRECTED (Select this if you spot an error, even if you don’t know the answer).",where_do_people_get_drivers_licenses_since_it_is_required_as_ballad_id_to_drive_targ_16_B.wav,target,phon_err,expletive 'it' dropping,/v/ --> /b/; valid/ballad,DMV,y,secsame,,,,,FB_1205
18,4b29f2e4aa547965f5e9a07b6b6f1c6f3858b47bfbc87c6954fa20cce36a82c9,"the sentence is missing is - Since valid ID is required to drive, Department of Transportation",where_do_people_get_drivers_licenses_since_it_is_required_as_ballad_id_to_drive_targ_16_B.wav,target,phon_err,expletive 'it' dropping,/v/ --> /b/; valid/ballad,DMV,,,,,,,
18,4b29f2e4aa547965f5e9a07b6b6f1c6f3858b47bfbc87c6954fa20cce36a82c9,The question does NOT need any corrections.,which_season_do_we_associate_with_thanksgiving_the_beginning_of_school_and_leaves_turning_brown_fill_19.wav,filler_other,NA,NA,NA,Fall,nans,first,,a,,,FB_1205
18,4b29f2e4aa547965f5e9a07b6b6f1c6f3858b47bfbc87c6954fa20cce36a82c9,Fall,which_season_do_we_associate_with_thanksgiving_the_beginning_of_school_and_leaves_turning_brown_fill_19.wav,filler_other,NA,NA,NA,Fall,,,,,,,
18,4b29f2e4aa547965f5e9a07b6b6f1c6f3858b47bfbc87c6954fa20cce36a82c9,I’m good — skip to the next question,which_season_do_we_associate_with_thanksgiving_the_beginning_of_school_and_leaves_turning_brown_fill_19.wav,filler_other,NA,NA,NA,Fall,s,secsame,,,,,FB_1205
18,4b29f2e4aa547965f5e9a07b6b6f1c6f3858b47bfbc87c6954fa20cce36a82c9,NA,which_season_do_we_associate_with_thanksgiving_the_beginning_of_school_and_leaves_turning_brown_fill_19.wav,filler_other,NA,NA,NA,Fall,,,,,,,
18,4b29f2e4aa547965f5e9a07b6b6f1c6f3858b47bfbc87c6954fa20cce36a82c9,The question does NOT need any corrections.,which_oscar-winning_movie_features_tom_hanks_saying_life_is_like_a_box_of_chocolates_fill_12.wav,filler_other,NA,NA,NA,Forrest Gump,nans,first,,a,,,FB_1205
18,4b29f2e4aa547965f5e9a07b6b6f1c6f3858b47bfbc87c6954fa20cce36a82c9,Forrest Gump,which_oscar-winning_movie_features_tom_hanks_saying_life_is_like_a_box_of_chocolates_fill_12.wav,filler_other,NA,NA,NA,Forrest Gump,,,,,,,
18,4b29f2e4aa547965f5e9a07b6b6f1c6f3858b47bfbc87c6954fa20cce36a82c9,I’m good — skip to the next question,which_oscar-winning_movie_features_tom_hanks_saying_life_is_like_a_box_of_chocolates_fill_12.wav,filler_other,NA,NA,NA,Forrest Gump,s,secsame,,,,,FB_1205
18,4b29f2e4aa547965f5e9a07b6b6f1c6f3858b47bfbc87c6954fa20cce36a82c9,NA,which_oscar-winning_movie_features_tom_hanks_saying_life_is_like_a_box_of_chocolates_fill_12.wav,filler_other,NA,NA,NA,Forrest Gump,,,,,,,
18,4b29f2e4aa547965f5e9a07b6b6f1c6f3858b47bfbc87c6954fa20cce36a82c9,"The question does NOT need any corrections, but I don't know the answer/ I don't understand what the question is asking.",what_colors_can_be_on_a_traffic_light_which_often_senses_when_cars_pull_up_targ_11_A.wav,target,correct,have vs. be,/ʊ/ --> /u/; pulls/pools,green,nun,first,,,,,FB_1205
18,4b29f2e4aa547965f5e9a07b6b6f1c6f3858b47bfbc87c6954fa20cce36a82c9,NA,what_colors_can_be_on_a_traffic_light_which_often_senses_when_cars_pull_up_targ_11_A.wav,target,correct,have vs. be,/ʊ/ --> /u/; pulls/pools,green,,,,,,,
18,4b29f2e4aa547965f5e9a07b6b6f1c6f3858b47bfbc87c6954fa20cce36a82c9,The question does NOT need any corrections.,what_colors_can_be_on_a_traffic_light_which_often_senses_when_cars_pull_up_targ_11_A.wav,target,correct,have vs. be,/ʊ/ --> /u/; pulls/pools,green,nans,secdiff,,a,,,FB_1205
18,4b29f2e4aa547965f5e9a07b6b6f1c6f3858b47bfbc87c6954fa20cce36a82c9,"Red, Yellow ,Green",what_colors_can_be_on_a_traffic_light_which_often_senses_when_cars_pull_up_targ_11_A.wav,target,correct,have vs. be,/ʊ/ --> /u/; pulls/pools,green,,,,,,,
18,4b29f2e4aa547965f5e9a07b6b6f1c6f3858b47bfbc87c6954fa20cce36a82c9,The question does NOT need any corrections.,what_childrens_game_makes_people_sit_down_quickly_when_the_loud_music_stops_targ_07_A.wav,target,correct,adj/noun order,/ɪ/ --> /i/; sit/seat,musical chairs,nans,first,,a,,,FB_1205
18,4b29f2e4aa547965f5e9a07b6b6f1c6f3858b47bfbc87c6954fa20cce36a82c9,Musical Chairs,what_childrens_game_makes_people_sit_down_quickly_when_the_loud_music_stops_targ_07_A.wav,target,correct,adj/noun order,/ɪ/ --> /i/; sit/seat,musical chairs,,,,,,,
18,4b29f2e4aa547965f5e9a07b6b6f1c6f3858b47bfbc87c6954fa20cce36a82c9,I’m good — skip to the next question,what_childrens_game_makes_people_sit_down_quickly_when_the_loud_music_stops_targ_07_A.wav,target,correct,adj/noun order,/ɪ/ --> /i/; sit/seat,musical chairs,s,secsame,,,,,FB_1205
18,4b29f2e4aa547965f5e9a07b6b6f1c6f3858b47bfbc87c6954fa20cce36a82c9,NA,what_childrens_game_makes_people_sit_down_quickly_when_the_loud_music_stops_targ_07_A.wav,target,correct,adj/noun order,/ɪ/ --> /i/; sit/seat,musical chairs,,,,,,,
18,4b29f2e4aa547965f5e9a07b6b6f1c6f3858b47bfbc87c6954fa20cce36a82c9,The question does NOT need any corrections.,who_did_americans_boat_for_to_be_their_first_president_who_avoided_to_serve_three_terms_targ_10_D.wav,target,both_err,infinitive vs. participle,/v/ --> /b/; vote/boat,George Washington,nans,first,,blank,"no response given, should have selected 'nun' answer choice",,FB_1205
18,4b29f2e4aa547965f5e9a07b6b6f1c6f3858b47bfbc87c6954fa20cce36a82c9,na,who_did_americans_boat_for_to_be_their_first_president_who_avoided_to_serve_three_terms_targ_10_D.wav,target,both_err,infinitive vs. participle,/v/ --> /b/; vote/boat,George Washington,,,,,,,
18,4b29f2e4aa547965f5e9a07b6b6f1c6f3858b47bfbc87c6954fa20cce36a82c9,"The question does NOT need any corrections, but I don't know the answer/ I don't understand what the question is asking.",who_did_americans_boat_for_to_be_their_first_president_who_avoided_to_serve_three_terms_targ_10_D.wav,target,both_err,infinitive vs. participle,/v/ --> /b/; vote/boat,George Washington,nun,secsame,,,,,FB_1205
18,4b29f2e4aa547965f5e9a07b6b6f1c6f3858b47bfbc87c6954fa20cce36a82c9,NA,who_did_americans_boat_for_to_be_their_first_president_who_avoided_to_serve_three_terms_targ_10_D.wav,target,both_err,infinitive vs. participle,/v/ --> /b/; vote/boat,George Washington,,,,,,,
18,4b29f2e4aa547965f5e9a07b6b6f1c6f3858b47bfbc87c6954fa20cce36a82c9,The question does NOT need any corrections.,what_mythical_creatures_have_been_said_to_drink_blood_turn_into_bats_and_hate_onions_fill_14.wav,filler_other,NA,NA,NA,vampires,nans,first,,a,,,FB_1205
18,4b29f2e4aa547965f5e9a07b6b6f1c6f3858b47bfbc87c6954fa20cce36a82c9,Vampire,what_mythical_creatures_have_been_said_to_drink_blood_turn_into_bats_and_hate_onions_fill_14.wav,filler_other,NA,NA,NA,vampires,,,,,,,
18,4b29f2e4aa547965f5e9a07b6b6f1c6f3858b47bfbc87c6954fa20cce36a82c9,I’m good — skip to the next question,what_mythical_creatures_have_been_said_to_drink_blood_turn_into_bats_and_hate_onions_fill_14.wav,filler_other,NA,NA,NA,vampires,s,secsame,,,,,FB_1205
18,4b29f2e4aa547965f5e9a07b6b6f1c6f3858b47bfbc87c6954fa20cce36a82c9,NA,what_mythical_creatures_have_been_said_to_drink_blood_turn_into_bats_and_hate_onions_fill_14.wav,filler_other,NA,NA,NA,vampires,,,,,,,
18,4b29f2e4aa547965f5e9a07b6b6f1c6f3858b47bfbc87c6954fa20cce36a82c9,The question does NOT need any corrections.,which_cartoon_dog_solves_mysteries_with_the_group_fred_daphne_velma_and_shaggy_fill_10.wav,filler_other,NA,NA,NA,Scooby-Doo,nans,first,,a,,,FB_1205
18,4b29f2e4aa547965f5e9a07b6b6f1c6f3858b47bfbc87c6954fa20cce36a82c9,Scooby-Doo,which_cartoon_dog_solves_mysteries_with_the_group_fred_daphne_velma_and_shaggy_fill_10.wav,filler_other,NA,NA,NA,Scooby-Doo,,,,,,,
18,4b29f2e4aa547965f5e9a07b6b6f1c6f3858b47bfbc87c6954fa20cce36a82c9,I’m good — skip to the next question,which_cartoon_dog_solves_mysteries_with_the_group_fred_daphne_velma_and_shaggy_fill_10.wav,filler_other,NA,NA,NA,Scooby-Doo,s,secsame,,,,,FB_1205
18,4b29f2e4aa547965f5e9a07b6b6f1c6f3858b47bfbc87c6954fa20cce36a82c9,NA,which_cartoon_dog_solves_mysteries_with_the_group_fred_daphne_velma_and_shaggy_fill_10.wav,filler_other,NA,NA,NA,Scooby-Doo,,,,,,,
18,4b29f2e4aa547965f5e9a07b6b6f1c6f3858b47bfbc87c6954fa20cce36a82c9,"The question does NOT need any corrections, but I don't know the answer/ I don't understand what the question is asking.",for_what_pink_ice_cream_flavor_will_companies_make_their_best_to_use_real_fruit_targ_01_C.wav,target,non_phon_err,make vs. other verb,/ɪ/ --> /i/; will/wheel,strawberry,nun,first,,,,,FB_1205
18,4b29f2e4aa547965f5e9a07b6b6f1c6f3858b47bfbc87c6954fa20cce36a82c9,NA,for_what_pink_ice_cream_flavor_will_companies_make_their_best_to_use_real_fruit_targ_01_C.wav,target,non_phon_err,make vs. other verb,/ɪ/ --> /i/; will/wheel,strawberry,,,,,,,
18,4b29f2e4aa547965f5e9a07b6b6f1c6f3858b47bfbc87c6954fa20cce36a82c9,"The question needs to be CORRECTED (Select this if you spot an error, even if you don’t know the answer).",for_what_pink_ice_cream_flavor_will_companies_make_their_best_to_use_real_fruit_targ_01_C.wav,target,non_phon_err,make vs. other verb,/ɪ/ --> /i/; will/wheel,strawberry,y,secdiff,othernp,,,,FB_1205
18,4b29f2e4aa547965f5e9a07b6b6f1c6f3858b47bfbc87c6954fa20cce36a82c9,"will is used instead of do, strawberry",for_what_pink_ice_cream_flavor_will_companies_make_their_best_to_use_real_fruit_targ_01_C.wav,target,non_phon_err,make vs. other verb,/ɪ/ --> /i/; will/wheel,strawberry,,,,,,,
18,4b29f2e4aa547965f5e9a07b6b6f1c6f3858b47bfbc87c6954fa20cce36a82c9,"The question needs to be CORRECTED (Select this if you spot an error, even if you don’t know the answer).",if_youre_on_a_pat_from_california_to_hawaii_which_ocean_do_you_go_through_targ_12_B.wav,target,phon_err,no aux verbs in questions (lack of do support),/θ/ --> /t/; path/pat,Pacific Ocean,y,first,p,,,,FB_1205
18,4b29f2e4aa547965f5e9a07b6b6f1c6f3858b47bfbc87c6954fa20cce36a82c9,"plane is pronounced as pat, pacific",if_youre_on_a_pat_from_california_to_hawaii_which_ocean_do_you_go_through_targ_12_B.wav,target,phon_err,no aux verbs in questions (lack of do support),/θ/ --> /t/; path/pat,Pacific Ocean,,,,,,,
18,4b29f2e4aa547965f5e9a07b6b6f1c6f3858b47bfbc87c6954fa20cce36a82c9,I’m good — skip to the next question,if_youre_on_a_pat_from_california_to_hawaii_which_ocean_do_you_go_through_targ_12_B.wav,target,phon_err,no aux verbs in questions (lack of do support),/θ/ --> /t/; path/pat,Pacific Ocean,s,secsame,,,,,FB_1205
18,4b29f2e4aa547965f5e9a07b6b6f1c6f3858b47bfbc87c6954fa20cce36a82c9,NA,if_youre_on_a_pat_from_california_to_hawaii_which_ocean_do_you_go_through_targ_12_B.wav,target,phon_err,no aux verbs in questions (lack of do support),/θ/ --> /t/; path/pat,Pacific Ocean,,,,,,,
18,4b29f2e4aa547965f5e9a07b6b6f1c6f3858b47bfbc87c6954fa20cce36a82c9,The question does NOT need any corrections.,what_is_the_name_of_the_comic_strip_featuring_charlie_brown_and_his_dog_snoopy_fill_06.wav,filler_other,NA,NA,NA,Peanuts,nans,first,,a,,,FB_1205
18,4b29f2e4aa547965f5e9a07b6b6f1c6f3858b47bfbc87c6954fa20cce36a82c9,Peanuts,what_is_the_name_of_the_comic_strip_featuring_charlie_brown_and_his_dog_snoopy_fill_06.wav,filler_other,NA,NA,NA,Peanuts,,,,,,,
18,4b29f2e4aa547965f5e9a07b6b6f1c6f3858b47bfbc87c6954fa20cce36a82c9,I’m good — skip to the next question,what_is_the_name_of_the_comic_strip_featuring_charlie_brown_and_his_dog_snoopy_fill_06.wav,filler_other,NA,NA,NA,Peanuts,s,secsame,,,,,FB_1205
18,4b29f2e4aa547965f5e9a07b6b6f1c6f3858b47bfbc87c6954fa20cce36a82c9,NA,what_is_the_name_of_the_comic_strip_featuring_charlie_brown_and_his_dog_snoopy_fill_06.wav,filler_other,NA,NA,NA,Peanuts,,,,,,,
18,4b29f2e4aa547965f5e9a07b6b6f1c6f3858b47bfbc87c6954fa20cce36a82c9,"The question needs to be CORRECTED (Select this if you spot an error, even if you don’t know the answer).",which_scottish_actor_first_played_james_bond_wearing_kilts_to_red_carpets_when_he_was_32_years_old_targ_03_A.wav,target,correct,have vs. be,/k/ --> /g/; kilt/guilt,Sean Connery,y,first,otherp,,,,FB_1205
18,4b29f2e4aa547965f5e9a07b6b6f1c6f3858b47bfbc87c6954fa20cce36a82c9,"Scottish and kilt are not pronounced correctly, NA",which_scottish_actor_first_played_james_bond_wearing_kilts_to_red_carpets_when_he_was_32_years_old_targ_03_A.wav,target,correct,have vs. be,/k/ --> /g/; kilt/guilt,Sean Connery,,,,,,,
18,4b29f2e4aa547965f5e9a07b6b6f1c6f3858b47bfbc87c6954fa20cce36a82c9,I’m good — skip to the next question,which_scottish_actor_first_played_james_bond_wearing_kilts_to_red_carpets_when_he_was_32_years_old_targ_03_A.wav,target,correct,have vs. be,/k/ --> /g/; kilt/guilt,Sean Connery,s,secsame,,,,,FB_1205
18,4b29f2e4aa547965f5e9a07b6b6f1c6f3858b47bfbc87c6954fa20cce36a82c9,NA,which_scottish_actor_first_played_james_bond_wearing_kilts_to_red_carpets_when_he_was_32_years_old_targ_03_A.wav,target,correct,have vs. be,/k/ --> /g/; kilt/guilt,Sean Connery,,,,,,,
18,4b29f2e4aa547965f5e9a07b6b6f1c6f3858b47bfbc87c6954fa20cce36a82c9,The question does NOT need any corrections.,what_kind_of_animal_is_mickey_mouse’s_girlfriend_minnie_who_wears_a_bow_fill_09.wav,filler_other,NA,NA,NA,mouse,nans,first,,a,,,FB_1205
18,4b29f2e4aa547965f5e9a07b6b6f1c6f3858b47bfbc87c6954fa20cce36a82c9,Mouse,what_kind_of_animal_is_mickey_mouse’s_girlfriend_minnie_who_wears_a_bow_fill_09.wav,filler_other,NA,NA,NA,mouse,,,,,,,
18,4b29f2e4aa547965f5e9a07b6b6f1c6f3858b47bfbc87c6954fa20cce36a82c9,I’m good — skip to the next question,what_kind_of_animal_is_mickey_mouse’s_girlfriend_minnie_who_wears_a_bow_fill_09.wav,filler_other,NA,NA,NA,mouse,s,secsame,,,,,FB_1205
18,4b29f2e4aa547965f5e9a07b6b6f1c6f3858b47bfbc87c6954fa20cce36a82c9,NA,what_kind_of_animal_is_mickey_mouse’s_girlfriend_minnie_who_wears_a_bow_fill_09.wav,filler_other,NA,NA,NA,mouse,,,,,,,
18,4b29f2e4aa547965f5e9a07b6b6f1c6f3858b47bfbc87c6954fa20cce36a82c9,The question does NOT need any corrections.,which_soft_pastry_made_with_a_certain_spice_is_often_spiral-shaped_and_topped_with_icing_fill_16.wav,filler_other,NA,NA,NA,cinnamon roll,nans,first,,a,,,FB_1205
18,4b29f2e4aa547965f5e9a07b6b6f1c6f3858b47bfbc87c6954fa20cce36a82c9,cinnamonroll,which_soft_pastry_made_with_a_certain_spice_is_often_spiral-shaped_and_topped_with_icing_fill_16.wav,filler_other,NA,NA,NA,cinnamon roll,,,,,,,
18,4b29f2e4aa547965f5e9a07b6b6f1c6f3858b47bfbc87c6954fa20cce36a82c9,I’m good — skip to the next question,which_soft_pastry_made_with_a_certain_spice_is_often_spiral-shaped_and_topped_with_icing_fill_16.wav,filler_other,NA,NA,NA,cinnamon roll,s,secsame,,,,,FB_1205
18,4b29f2e4aa547965f5e9a07b6b6f1c6f3858b47bfbc87c6954fa20cce36a82c9,NA,which_soft_pastry_made_with_a_certain_spice_is_often_spiral-shaped_and_topped_with_icing_fill_16.wav,filler_other,NA,NA,NA,cinnamon roll,,,,,,,
18,4b29f2e4aa547965f5e9a07b6b6f1c6f3858b47bfbc87c6954fa20cce36a82c9,The question does NOT need any corrections.,what_big_star_in_our_solar_system_can_still_be_visible_when_it_is_cloudy_targ_19_A.wav,target,correct,expletive 'it' dropping,/ɪ/ --> /i/; still/steal,the Sun,nans,first,,w,,,FB_1205
18,4b29f2e4aa547965f5e9a07b6b6f1c6f3858b47bfbc87c6954fa20cce36a82c9,Milkeyway,what_big_star_in_our_solar_system_can_still_be_visible_when_it_is_cloudy_targ_19_A.wav,target,correct,expletive 'it' dropping,/ɪ/ --> /i/; still/steal,the Sun,,,,,,,
18,4b29f2e4aa547965f5e9a07b6b6f1c6f3858b47bfbc87c6954fa20cce36a82c9,"The question does NOT need any corrections, but I don't know the answer/ I don't understand what the question is asking.",what_big_star_in_our_solar_system_can_still_be_visible_when_it_is_cloudy_targ_19_A.wav,target,correct,expletive 'it' dropping,/ɪ/ --> /i/; still/steal,the Sun,nun,secdiff,,,,,FB_1205
18,4b29f2e4aa547965f5e9a07b6b6f1c6f3858b47bfbc87c6954fa20cce36a82c9,na,what_big_star_in_our_solar_system_can_still_be_visible_when_it_is_cloudy_targ_19_A.wav,target,correct,expletive 'it' dropping,/ɪ/ --> /i/; still/steal,the Sun,,,,,,,
18,4b29f2e4aa547965f5e9a07b6b6f1c6f3858b47bfbc87c6954fa20cce36a82c9,"The question does NOT need any corrections, but I don't know the answer/ I don't understand what the question is asking.",if_laundry_service_will_come_in_five_days_and_todays_thursday_when_are_they_making_laundry_next_targ_09_C.wav,target,non_phon_err,make vs. other verb,/k/ --> /g/; come/gum,Tuesday,nun,first,,,,,FB_1205
18,4b29f2e4aa547965f5e9a07b6b6f1c6f3858b47bfbc87c6954fa20cce36a82c9,"Making is the wrong word to use, na",if_laundry_service_will_come_in_five_days_and_todays_thursday_when_are_they_making_laundry_next_targ_09_C.wav,target,non_phon_err,make vs. other verb,/k/ --> /g/; come/gum,Tuesday,,,,,,,
18,4b29f2e4aa547965f5e9a07b6b6f1c6f3858b47bfbc87c6954fa20cce36a82c9,"The question needs to be CORRECTED (Select this if you spot an error, even if you don’t know the answer).",if_laundry_service_will_come_in_five_days_and_todays_thursday_when_are_they_making_laundry_next_targ_09_C.wav,target,non_phon_err,make vs. other verb,/k/ --> /g/; come/gum,Tuesday,y,secdiff,np,,,,FB_1205
18,4b29f2e4aa547965f5e9a07b6b6f1c6f3858b47bfbc87c6954fa20cce36a82c9,"Making is not the correct word choice, Tuesday",if_laundry_service_will_come_in_five_days_and_todays_thursday_when_are_they_making_laundry_next_targ_09_C.wav,target,non_phon_err,make vs. other verb,/k/ --> /g/; come/gum,Tuesday,,,,,,,
18,4b29f2e4aa547965f5e9a07b6b6f1c6f3858b47bfbc87c6954fa20cce36a82c9,"The question does NOT need any corrections, but I don't know the answer/ I don't understand what the question is asking.",what_novel_has_the_quote_i’m_late_i’m_late_for_a_very_important_date_fill_13.wav,filler_other,NA,NA,NA,Alice in Wonderland,nun,first,,,,,FB_1205
18,4b29f2e4aa547965f5e9a07b6b6f1c6f3858b47bfbc87c6954fa20cce36a82c9,NA,what_novel_has_the_quote_i’m_late_i’m_late_for_a_very_important_date_fill_13.wav,filler_other,NA,NA,NA,Alice in Wonderland,,,,,,,
18,4b29f2e4aa547965f5e9a07b6b6f1c6f3858b47bfbc87c6954fa20cce36a82c9,I’m good — skip to the next question,what_novel_has_the_quote_i’m_late_i’m_late_for_a_very_important_date_fill_13.wav,filler_other,NA,NA,NA,Alice in Wonderland,s,secsame,,,,,FB_1205
18,4b29f2e4aa547965f5e9a07b6b6f1c6f3858b47bfbc87c6954fa20cce36a82c9,NA,what_novel_has_the_quote_i’m_late_i’m_late_for_a_very_important_date_fill_13.wav,filler_other,NA,NA,NA,Alice in Wonderland,,,,,,,
18,4b29f2e4aa547965f5e9a07b6b6f1c6f3858b47bfbc87c6954fa20cce36a82c9,"The question needs to be CORRECTED (Select this if you spot an error, even if you don’t know the answer).",what_city_have_people_rust_to_tour_to_see_where_the_us_government_makes_business_targ_14_D.wav,target,both_err,make vs. other verb,/ʃ/ --> /s/; rushed/rust,Washington D.C.,y,first,p,,,,FB_1205
18,4b29f2e4aa547965f5e9a07b6b6f1c6f3858b47bfbc87c6954fa20cce36a82c9,Rushed isnt pronounced right,what_city_have_people_rust_to_tour_to_see_where_the_us_government_makes_business_targ_14_D.wav,target,both_err,make vs. other verb,/ʃ/ --> /s/; rushed/rust,Washington D.C.,,,,,,,
18,4b29f2e4aa547965f5e9a07b6b6f1c6f3858b47bfbc87c6954fa20cce36a82c9,"The question needs to be CORRECTED (Select this if you spot an error, even if you don’t know the answer).",what_city_have_people_rust_to_tour_to_see_where_the_us_government_makes_business_targ_14_D.wav,target,both_err,make vs. other verb,/ʃ/ --> /s/; rushed/rust,Washington D.C.,y,secdiff,both,,,,FB_1205
18,4b29f2e4aa547965f5e9a07b6b6f1c6f3858b47bfbc87c6954fa20cce36a82c9,"errors- rut pronounced wrong and makes business, NA",what_city_have_people_rust_to_tour_to_see_where_the_us_government_makes_business_targ_14_D.wav,target,both_err,make vs. other verb,/ʃ/ --> /s/; rushed/rust,Washington D.C.,,,,,,,
18,4b29f2e4aa547965f5e9a07b6b6f1c6f3858b47bfbc87c6954fa20cce36a82c9,The question does NOT need any corrections.,what_musician_won_grammys_for_their_album_thriller_which_features_the_hit_song_beat_it_fill_20.wav,filler_other,NA,NA,NA,Michael Jackson,nans,first,,a,,,FB_1205
18,4b29f2e4aa547965f5e9a07b6b6f1c6f3858b47bfbc87c6954fa20cce36a82c9,Michael Jackson,what_musician_won_grammys_for_their_album_thriller_which_features_the_hit_song_beat_it_fill_20.wav,filler_other,NA,NA,NA,Michael Jackson,,,,,,,
18,4b29f2e4aa547965f5e9a07b6b6f1c6f3858b47bfbc87c6954fa20cce36a82c9,I’m good — skip to the next question,what_musician_won_grammys_for_their_album_thriller_which_features_the_hit_song_beat_it_fill_20.wav,filler_other,NA,NA,NA,Michael Jackson,s,secsame,,,,,FB_1205
18,4b29f2e4aa547965f5e9a07b6b6f1c6f3858b47bfbc87c6954fa20cce36a82c9,NA,what_musician_won_grammys_for_their_album_thriller_which_features_the_hit_song_beat_it_fill_20.wav,filler_other,NA,NA,NA,Michael Jackson,,,,,,,
18,4b29f2e4aa547965f5e9a07b6b6f1c6f3858b47bfbc87c6954fa20cce36a82c9,"The question needs to be CORRECTED (Select this if you spot an error, even if you don’t know the answer).",if_i_consider_leaving_work_after_the_fort_hour_how_many_minutes_would_that_be_targ_24_B.wav,target,phon_err,infinitive vs. participle,/θ/ --> /t/; fourth/fort,two hundred and forty,y,first,p,,,,FB_1205
18,4b29f2e4aa547965f5e9a07b6b6f1c6f3858b47bfbc87c6954fa20cce36a82c9,"weeors- fourth pronounced as fort, 240",if_i_consider_leaving_work_after_the_fort_hour_how_many_minutes_would_that_be_targ_24_B.wav,target,phon_err,infinitive vs. participle,/θ/ --> /t/; fourth/fort,two hundred and forty,,,,,,,
18,4b29f2e4aa547965f5e9a07b6b6f1c6f3858b47bfbc87c6954fa20cce36a82c9,I’m good — skip to the next question,if_i_consider_leaving_work_after_the_fort_hour_how_many_minutes_would_that_be_targ_24_B.wav,target,phon_err,infinitive vs. participle,/θ/ --> /t/; fourth/fort,two hundred and forty,s,secsame,,,,,FB_1205
18,4b29f2e4aa547965f5e9a07b6b6f1c6f3858b47bfbc87c6954fa20cce36a82c9,NA,if_i_consider_leaving_work_after_the_fort_hour_how_many_minutes_would_that_be_targ_24_B.wav,target,phon_err,infinitive vs. participle,/θ/ --> /t/; fourth/fort,two hundred and forty,,,,,,,
18,4b29f2e4aa547965f5e9a07b6b6f1c6f3858b47bfbc87c6954fa20cce36a82c9,The question does NOT need any corrections.,what_organ_is_often_associated_with_being_eaten_by_rotting_flesh_monsters_also_known_as_zombies_fill_02.wav,filler_other,NA,NA,NA,the brain,nans,first,,a,,,FB_1205
18,4b29f2e4aa547965f5e9a07b6b6f1c6f3858b47bfbc87c6954fa20cce36a82c9,brain,what_organ_is_often_associated_with_being_eaten_by_rotting_flesh_monsters_also_known_as_zombies_fill_02.wav,filler_other,NA,NA,NA,the brain,,,,,,,
18,4b29f2e4aa547965f5e9a07b6b6f1c6f3858b47bfbc87c6954fa20cce36a82c9,I’m good — skip to the next question,what_organ_is_often_associated_with_being_eaten_by_rotting_flesh_monsters_also_known_as_zombies_fill_02.wav,filler_other,NA,NA,NA,the brain,s,secsame,,,,,FB_1205
18,4b29f2e4aa547965f5e9a07b6b6f1c6f3858b47bfbc87c6954fa20cce36a82c9,NA,what_organ_is_often_associated_with_being_eaten_by_rotting_flesh_monsters_also_known_as_zombies_fill_02.wav,filler_other,NA,NA,NA,the brain,,,,,,,
18,4b29f2e4aa547965f5e9a07b6b6f1c6f3858b47bfbc87c6954fa20cce36a82c9,"The question needs to be CORRECTED (Select this if you spot an error, even if you don’t know the answer).",what_popular_us_chain_provides_a_happy_meal_toy_or_plus_when_kids_are_hungry_targ_20_B.wav,target,phon_err,have vs. be,/ʃ/ --> /s/; plush/plus,McDonald's,y,first,p?,,,,FB_1205
18,4b29f2e4aa547965f5e9a07b6b6f1c6f3858b47bfbc87c6954fa20cce36a82c9,"mispronounces prize, Mcdonalds",what_popular_us_chain_provides_a_happy_meal_toy_or_plus_when_kids_are_hungry_targ_20_B.wav,target,phon_err,have vs. be,/ʃ/ --> /s/; plush/plus,McDonald's,,,,,,,
18,4b29f2e4aa547965f5e9a07b6b6f1c6f3858b47bfbc87c6954fa20cce36a82c9,I’m good — skip to the next question,what_popular_us_chain_provides_a_happy_meal_toy_or_plus_when_kids_are_hungry_targ_20_B.wav,target,phon_err,have vs. be,/ʃ/ --> /s/; plush/plus,McDonald's,s,secsame,,,,,FB_1205
18,4b29f2e4aa547965f5e9a07b6b6f1c6f3858b47bfbc87c6954fa20cce36a82c9,NA,what_popular_us_chain_provides_a_happy_meal_toy_or_plus_when_kids_are_hungry_targ_20_B.wav,target,phon_err,have vs. be,/ʃ/ --> /s/; plush/plus,McDonald's,,,,,,,
18,4b29f2e4aa547965f5e9a07b6b6f1c6f3858b47bfbc87c6954fa20cce36a82c9,The question does NOT need any corrections.,what_term_refers_to_armored_men_who_enjoyed_to_carry_medieval_swords_that_class_in_combat_targ_02_D.wav,target,both_err,infinitive vs. participle,/ʃ/ --> /s/; clash/class,knights,nans,first,,blank,participant didn't provide an answer,,FB_1205
18,4b29f2e4aa547965f5e9a07b6b6f1c6f3858b47bfbc87c6954fa20cce36a82c9,NA,what_term_refers_to_armored_men_who_enjoyed_to_carry_medieval_swords_that_class_in_combat_targ_02_D.wav,target,both_err,infinitive vs. participle,/ʃ/ --> /s/; clash/class,knights,,,,,,,
18,4b29f2e4aa547965f5e9a07b6b6f1c6f3858b47bfbc87c6954fa20cce36a82c9,"The question needs to be CORRECTED (Select this if you spot an error, even if you don’t know the answer).",what_term_refers_to_armored_men_who_enjoyed_to_carry_medieval_swords_that_class_in_combat_targ_02_D.wav,target,both_err,infinitive vs. participle,/ʃ/ --> /s/; clash/class,knights,y,secdiff,p?,,,,FB_1205
18,4b29f2e4aa547965f5e9a07b6b6f1c6f3858b47bfbc87c6954fa20cce36a82c9,"a word at the end was mispronounced, Knights",what_term_refers_to_armored_men_who_enjoyed_to_carry_medieval_swords_that_class_in_combat_targ_02_D.wav,target,both_err,infinitive vs. participle,/ʃ/ --> /s/; clash/class,knights,,,,,,,
18,4b29f2e4aa547965f5e9a07b6b6f1c6f3858b47bfbc87c6954fa20cce36a82c9,The question does NOT need any corrections.,what_company_created_the_macbook_a_device_full_of_features_to_help_students_do_homework_targ_23_A.wav,target,correct,make vs. other verb,/ʊ/ --> /u/; full/fool,Apple,nans,first,,a,,,FB_1205
18,4b29f2e4aa547965f5e9a07b6b6f1c6f3858b47bfbc87c6954fa20cce36a82c9,Apple,what_company_created_the_macbook_a_device_full_of_features_to_help_students_do_homework_targ_23_A.wav,target,correct,make vs. other verb,/ʊ/ --> /u/; full/fool,Apple,,,,,,,
18,4b29f2e4aa547965f5e9a07b6b6f1c6f3858b47bfbc87c6954fa20cce36a82c9,I’m good — skip to the next question,what_company_created_the_macbook_a_device_full_of_features_to_help_students_do_homework_targ_23_A.wav,target,correct,make vs. other verb,/ʊ/ --> /u/; full/fool,Apple,s,secsame,,,,,FB_1205
18,4b29f2e4aa547965f5e9a07b6b6f1c6f3858b47bfbc87c6954fa20cce36a82c9,NA,what_company_created_the_macbook_a_device_full_of_features_to_help_students_do_homework_targ_23_A.wav,target,correct,make vs. other verb,/ʊ/ --> /u/; full/fool,Apple,,,,,,,
18,4b29f2e4aa547965f5e9a07b6b6f1c6f3858b47bfbc87c6954fa20cce36a82c9,The question does NOT need any corrections.,what_letter_in_the_latin_alphabet_corresponds_to_the_greek_letter_alpha_fill_01.wav,filler_other,NA,NA,NA,a,nans,first,,blank,participant didn't provide an answer,,FB_1205
18,4b29f2e4aa547965f5e9a07b6b6f1c6f3858b47bfbc87c6954fa20cce36a82c9,NA,what_letter_in_the_latin_alphabet_corresponds_to_the_greek_letter_alpha_fill_01.wav,filler_other,NA,NA,NA,a,,,,,,,
18,4b29f2e4aa547965f5e9a07b6b6f1c6f3858b47bfbc87c6954fa20cce36a82c9,The question does NOT need any corrections.,what_letter_in_the_latin_alphabet_corresponds_to_the_greek_letter_alpha_fill_01.wav,filler_other,NA,NA,NA,a,nans,secdiff,,a,,,FB_1205
18,4b29f2e4aa547965f5e9a07b6b6f1c6f3858b47bfbc87c6954fa20cce36a82c9,A,what_letter_in_the_latin_alphabet_corresponds_to_the_greek_letter_alpha_fill_01.wav,filler_other,NA,NA,NA,a,,,,,,,
18,4b29f2e4aa547965f5e9a07b6b6f1c6f3858b47bfbc87c6954fa20cce36a82c9,The question does NOT need any corrections.,in_what_country_would_you_find_landmarks_like_the_pyramids_of_giza_and_great_sphinx_fill_24.wav,filler_other,NA,NA,NA,Egypt,nans,first,,a,,,FB_1205
18,4b29f2e4aa547965f5e9a07b6b6f1c6f3858b47bfbc87c6954fa20cce36a82c9,Egypt,in_what_country_would_you_find_landmarks_like_the_pyramids_of_giza_and_great_sphinx_fill_24.wav,filler_other,NA,NA,NA,Egypt,,,,,,,
18,4b29f2e4aa547965f5e9a07b6b6f1c6f3858b47bfbc87c6954fa20cce36a82c9,"The question needs to be CORRECTED (Select this if you spot an error, even if you don’t know the answer).",in_what_country_would_you_find_landmarks_like_the_pyramids_of_giza_and_great_sphinx_fill_24.wav,filler_other,NA,NA,NA,Egypt,y,secdiff,otherfill,,,,FB_1205
18,4b29f2e4aa547965f5e9a07b6b6f1c6f3858b47bfbc87c6954fa20cce36a82c9,"""The"" great sphinx, Egypt",in_what_country_would_you_find_landmarks_like_the_pyramids_of_giza_and_great_sphinx_fill_24.wav,filler_other,NA,NA,NA,Egypt,,,,,,,
18,4b29f2e4aa547965f5e9a07b6b6f1c6f3858b47bfbc87c6954fa20cce36a82c9,"The question needs to be CORRECTED (Select this if you spot an error, even if you don’t know the answer).",when_you_have_hot_what_device_measures_body_temperature_in_boat_celsius_and_fahrenheit_targ_18_D.wav,target,both_err,have vs. be,/θ/ --> /t/; both/boat,thermometer,y,first,np?,,,,FB_1205
18,4b29f2e4aa547965f5e9a07b6b6f1c6f3858b47bfbc87c6954fa20cce36a82c9,"hot is used instead of fever, thermometer",when_you_have_hot_what_device_measures_body_temperature_in_boat_celsius_and_fahrenheit_targ_18_D.wav,target,both_err,have vs. be,/θ/ --> /t/; both/boat,thermometer,,,,,,,
18,4b29f2e4aa547965f5e9a07b6b6f1c6f3858b47bfbc87c6954fa20cce36a82c9,I’m good — skip to the next question,when_you_have_hot_what_device_measures_body_temperature_in_boat_celsius_and_fahrenheit_targ_18_D.wav,target,both_err,have vs. be,/θ/ --> /t/; both/boat,thermometer,s,secsame,,,,,FB_1205
18,4b29f2e4aa547965f5e9a07b6b6f1c6f3858b47bfbc87c6954fa20cce36a82c9,NA,when_you_have_hot_what_device_measures_body_temperature_in_boat_celsius_and_fahrenheit_targ_18_D.wav,target,both_err,have vs. be,/θ/ --> /t/; both/boat,thermometer,,,,,,,
18,4b29f2e4aa547965f5e9a07b6b6f1c6f3858b47bfbc87c6954fa20cce36a82c9,"The question needs to be CORRECTED (Select this if you spot an error, even if you don’t know the answer).",what_did_neil_armstrong_say_during_his_berry_first_steps_on_the_moon_targ_04_B.wav,target,phon_err,no aux verbs in questions (lack of do support),/v/ --> /b/; very/berry,"""That's one small step for man, one giant leap for mankind.""",y,first,otherp,,,,FB_1205
18,4b29f2e4aa547965f5e9a07b6b6f1c6f3858b47bfbc87c6954fa20cce36a82c9,"Neil is mispronounced as nail, ""That's one small step for man, one giant leap for mankind""",what_did_neil_armstrong_say_during_his_berry_first_steps_on_the_moon_targ_04_B.wav,target,phon_err,no aux verbs in questions (lack of do support),/v/ --> /b/; very/berry,"""That's one small step for man, one giant leap for mankind.""",,,,,,,
18,4b29f2e4aa547965f5e9a07b6b6f1c6f3858b47bfbc87c6954fa20cce36a82c9,I’m good — skip to the next question,what_did_neil_armstrong_say_during_his_berry_first_steps_on_the_moon_targ_04_B.wav,target,phon_err,no aux verbs in questions (lack of do support),/v/ --> /b/; very/berry,"""That's one small step for man, one giant leap for mankind.""",s,secsame,,,,,FB_1205
18,4b29f2e4aa547965f5e9a07b6b6f1c6f3858b47bfbc87c6954fa20cce36a82c9,NA,what_did_neil_armstrong_say_during_his_berry_first_steps_on_the_moon_targ_04_B.wav,target,phon_err,no aux verbs in questions (lack of do support),/v/ --> /b/; very/berry,"""That's one small step for man, one giant leap for mankind.""",,,,,,,
18,4b29f2e4aa547965f5e9a07b6b6f1c6f3858b47bfbc87c6954fa20cce36a82c9,"The question needs to be CORRECTED (Select this if you spot an error, even if you don’t know the answer).",in_the_lion_king_who_nala_talk_to_and_is_laying_in_a_cot_after_theyve_reunited_targ_21_C.wav,target,non_phon_err,no aux verbs in questions (lack of do support),/k/ --> /g/; cot/got,Simba,y,first,othernp,,,,FB_1205
18,4b29f2e4aa547965f5e9a07b6b6f1c6f3858b47bfbc87c6954fa20cce36a82c9,"is missing from ""who is lying on a cot"", NA",in_the_lion_king_who_nala_talk_to_and_is_laying_in_a_cot_after_theyve_reunited_targ_21_C.wav,target,non_phon_err,no aux verbs in questions (lack of do support),/k/ --> /g/; cot/got,Simba,,,,,,,
18,4b29f2e4aa547965f5e9a07b6b6f1c6f3858b47bfbc87c6954fa20cce36a82c9,I’m good — skip to the next question,in_the_lion_king_who_nala_talk_to_and_is_laying_in_a_cot_after_theyve_reunited_targ_21_C.wav,target,non_phon_err,no aux verbs in questions (lack of do support),/k/ --> /g/; cot/got,Simba,s,secsame,,,,,FB_1205
18,4b29f2e4aa547965f5e9a07b6b6f1c6f3858b47bfbc87c6954fa20cce36a82c9,NA,in_the_lion_king_who_nala_talk_to_and_is_laying_in_a_cot_after_theyve_reunited_targ_21_C.wav,target,non_phon_err,no aux verbs in questions (lack of do support),/k/ --> /g/; cot/got,Simba,,,,,,,
18,4b29f2e4aa547965f5e9a07b6b6f1c6f3858b47bfbc87c6954fa20cce36a82c9,The question does NOT need any corrections.,which_cartoon_character_works_at_the_krusty_krab_and_is_best_friends_with_patrick_star_fill_04.wav,filler_other,NA,NA,NA,Spongebob,nans,first,,a,,,FB_1205
18,4b29f2e4aa547965f5e9a07b6b6f1c6f3858b47bfbc87c6954fa20cce36a82c9,Spongebob,which_cartoon_character_works_at_the_krusty_krab_and_is_best_friends_with_patrick_star_fill_04.wav,filler_other,NA,NA,NA,Spongebob,,,,,,,
18,4b29f2e4aa547965f5e9a07b6b6f1c6f3858b47bfbc87c6954fa20cce36a82c9,I’m good — skip to the next question,which_cartoon_character_works_at_the_krusty_krab_and_is_best_friends_with_patrick_star_fill_04.wav,filler_other,NA,NA,NA,Spongebob,s,secsame,,,,,FB_1205
18,4b29f2e4aa547965f5e9a07b6b6f1c6f3858b47bfbc87c6954fa20cce36a82c9,NA,which_cartoon_character_works_at_the_krusty_krab_and_is_best_friends_with_patrick_star_fill_04.wav,filler_other,NA,NA,NA,Spongebob,,,,,,,
18,4b29f2e4aa547965f5e9a07b6b6f1c6f3858b47bfbc87c6954fa20cce36a82c9,The question does NOT need any corrections.,in_the_famous_dr_seuss_book_what_orange_and_yellow_character_speaks_for_the_trees_fill_23.wav,filler_other,NA,NA,NA,the Lorax,nans,first,,a,,,FB_1205
18,4b29f2e4aa547965f5e9a07b6b6f1c6f3858b47bfbc87c6954fa20cce36a82c9,The Lorax,in_the_famous_dr_seuss_book_what_orange_and_yellow_character_speaks_for_the_trees_fill_23.wav,filler_other,NA,NA,NA,the Lorax,,,,,,,
18,4b29f2e4aa547965f5e9a07b6b6f1c6f3858b47bfbc87c6954fa20cce36a82c9,I’m good — skip to the next question,in_the_famous_dr_seuss_book_what_orange_and_yellow_character_speaks_for_the_trees_fill_23.wav,filler_other,NA,NA,NA,the Lorax,s,secsame,,,,,FB_1205
18,4b29f2e4aa547965f5e9a07b6b6f1c6f3858b47bfbc87c6954fa20cce36a82c9,NA,in_the_famous_dr_seuss_book_what_orange_and_yellow_character_speaks_for_the_trees_fill_23.wav,filler_other,NA,NA,NA,the Lorax,,,,,,,
18,4b29f2e4aa547965f5e9a07b6b6f1c6f3858b47bfbc87c6954fa20cce36a82c9,The question does NOT need any corrections.,what_us_holiday_is_often_celebrated_with_fireworks_and_hotdogs_to_honor_americas_freedom_fill_17.wav,filler_other,NA,NA,NA,Independence Day,nans,first,,a,,,FB_1205
18,4b29f2e4aa547965f5e9a07b6b6f1c6f3858b47bfbc87c6954fa20cce36a82c9,Independence day,what_us_holiday_is_often_celebrated_with_fireworks_and_hotdogs_to_honor_americas_freedom_fill_17.wav,filler_other,NA,NA,NA,Independence Day,,,,,,,
18,4b29f2e4aa547965f5e9a07b6b6f1c6f3858b47bfbc87c6954fa20cce36a82c9,I’m good — skip to the next question,what_us_holiday_is_often_celebrated_with_fireworks_and_hotdogs_to_honor_americas_freedom_fill_17.wav,filler_other,NA,NA,NA,Independence Day,s,secsame,,,,,FB_1205
18,4b29f2e4aa547965f5e9a07b6b6f1c6f3858b47bfbc87c6954fa20cce36a82c9,NA,what_us_holiday_is_often_celebrated_with_fireworks_and_hotdogs_to_honor_americas_freedom_fill_17.wav,filler_other,NA,NA,NA,Independence Day,,,,,,,
18,4b29f2e4aa547965f5e9a07b6b6f1c6f3858b47bfbc87c6954fa20cce36a82c9,The question does NOT need any corrections.,what_colors_make_up_a_traditional_candy_cane_which_people_enjoy_eating_during_christmas_targ_15_A.wav,target,correct,infinitive vs. participle,/k/ --> /g/; cane/gain,red and white,nans,first,,a,,,FB_1205
18,4b29f2e4aa547965f5e9a07b6b6f1c6f3858b47bfbc87c6954fa20cce36a82c9,red and white,what_colors_make_up_a_traditional_candy_cane_which_people_enjoy_eating_during_christmas_targ_15_A.wav,target,correct,infinitive vs. participle,/k/ --> /g/; cane/gain,red and white,,,,,,,
18,4b29f2e4aa547965f5e9a07b6b6f1c6f3858b47bfbc87c6954fa20cce36a82c9,I’m good — skip to the next question,what_colors_make_up_a_traditional_candy_cane_which_people_enjoy_eating_during_christmas_targ_15_A.wav,target,correct,infinitive vs. participle,/k/ --> /g/; cane/gain,red and white,s,secsame,,,,,FB_1205
18,4b29f2e4aa547965f5e9a07b6b6f1c6f3858b47bfbc87c6954fa20cce36a82c9,NA,what_colors_make_up_a_traditional_candy_cane_which_people_enjoy_eating_during_christmas_targ_15_A.wav,target,correct,infinitive vs. participle,/k/ --> /g/; cane/gain,red and white,,,,,,,
18,4b29f2e4aa547965f5e9a07b6b6f1c6f3858b47bfbc87c6954fa20cce36a82c9,The question does NOT need any corrections.,how_many_days_would_my_bike_tandem_be_gone_if_someone_borrows_it_for_july_targ_17_C.wav,target,non_phon_err,adj/noun order,/ʊ/ --> /u/; would/wooed,thirty-one days,nans,first,,blank,participant didn't provide an answer,,FB_1205
18,4b29f2e4aa547965f5e9a07b6b6f1c6f3858b47bfbc87c6954fa20cce36a82c9,na,how_many_days_would_my_bike_tandem_be_gone_if_someone_borrows_it_for_july_targ_17_C.wav,target,non_phon_err,adj/noun order,/ʊ/ --> /u/; would/wooed,thirty-one days,,,,,,,
18,4b29f2e4aa547965f5e9a07b6b6f1c6f3858b47bfbc87c6954fa20cce36a82c9,"The question needs to be CORRECTED (Select this if you spot an error, even if you don’t know the answer).",how_many_days_would_my_bike_tandem_be_gone_if_someone_borrows_it_for_july_targ_17_C.wav,target,non_phon_err,adj/noun order,/ʊ/ --> /u/; would/wooed,thirty-one days,y,secdiff,otherp,,,,FB_1205
18,4b29f2e4aa547965f5e9a07b6b6f1c6f3858b47bfbc87c6954fa20cce36a82c9,"There are some pronunciation issues before the word bike, na",how_many_days_would_my_bike_tandem_be_gone_if_someone_borrows_it_for_july_targ_17_C.wav,target,non_phon_err,adj/noun order,/ʊ/ --> /u/; would/wooed,thirty-one days,,,,,,,
18,4b29f2e4aa547965f5e9a07b6b6f1c6f3858b47bfbc87c6954fa20cce36a82c9,The question does NOT need any corrections.,which_body_part_did_van_gogh_allegedly_cut_off_after_an_argument_with_his_friend_fill_05.wav,filler_other,NA,NA,NA,ear,nans,first,,a,,,FB_1205
18,4b29f2e4aa547965f5e9a07b6b6f1c6f3858b47bfbc87c6954fa20cce36a82c9,Ear,which_body_part_did_van_gogh_allegedly_cut_off_after_an_argument_with_his_friend_fill_05.wav,filler_other,NA,NA,NA,ear,,,,,,,
18,4b29f2e4aa547965f5e9a07b6b6f1c6f3858b47bfbc87c6954fa20cce36a82c9,I’m good — skip to the next question,which_body_part_did_van_gogh_allegedly_cut_off_after_an_argument_with_his_friend_fill_05.wav,filler_other,NA,NA,NA,ear,s,secsame,,,,,FB_1205
18,4b29f2e4aa547965f5e9a07b6b6f1c6f3858b47bfbc87c6954fa20cce36a82c9,NA,which_body_part_did_van_gogh_allegedly_cut_off_after_an_argument_with_his_friend_fill_05.wav,filler_other,NA,NA,NA,ear,,,,,,,
18,4b29f2e4aa547965f5e9a07b6b6f1c6f3858b47bfbc87c6954fa20cce36a82c9,"The question needs to be CORRECTED (Select this if you spot an error, even if you don’t know the answer).",what_holiday_occurs_at_the_end_of_october_and_features_trick-or-treating_pumpkins_and_haunted_houses_fill_07.wav,filler_other,NA,NA,NA,Halloween,y,first,otherfill,,,,FB_1205
18,4b29f2e4aa547965f5e9a07b6b6f1c6f3858b47bfbc87c6954fa20cce36a82c9,"occur is mispronounced as accur, Halloween",what_holiday_occurs_at_the_end_of_october_and_features_trick-or-treating_pumpkins_and_haunted_houses_fill_07.wav,filler_other,NA,NA,NA,Halloween,,,,,,,
18,4b29f2e4aa547965f5e9a07b6b6f1c6f3858b47bfbc87c6954fa20cce36a82c9,The question does NOT need any corrections.,what_holiday_occurs_at_the_end_of_october_and_features_trick-or-treating_pumpkins_and_haunted_houses_fill_07.wav,filler_other,NA,NA,NA,Halloween,nans,secdiff,,,,,FB_1205
18,4b29f2e4aa547965f5e9a07b6b6f1c6f3858b47bfbc87c6954fa20cce36a82c9,Halloween,what_holiday_occurs_at_the_end_of_october_and_features_trick-or-treating_pumpkins_and_haunted_houses_fill_07.wav,filler_other,NA,NA,NA,Halloween,,,,,,,
18,4b29f2e4aa547965f5e9a07b6b6f1c6f3858b47bfbc87c6954fa20cce36a82c9,The question does NOT need any corrections.,who_discovered_the_law_of_universal_gravitation_which_accounts_for_why_objects_naturally_fall_downwards_fill_15.wav,filler_other,NA,NA,NA,Isaac Newton,nans,first,,a,,,FB_1205
18,4b29f2e4aa547965f5e9a07b6b6f1c6f3858b47bfbc87c6954fa20cce36a82c9,Isaac Newton,who_discovered_the_law_of_universal_gravitation_which_accounts_for_why_objects_naturally_fall_downwards_fill_15.wav,filler_other,NA,NA,NA,Isaac Newton,,,,,,,
18,4b29f2e4aa547965f5e9a07b6b6f1c6f3858b47bfbc87c6954fa20cce36a82c9,I’m good — skip to the next question,who_discovered_the_law_of_universal_gravitation_which_accounts_for_why_objects_naturally_fall_downwards_fill_15.wav,filler_other,NA,NA,NA,Isaac Newton,s,secsame,,,,,FB_1205
18,4b29f2e4aa547965f5e9a07b6b6f1c6f3858b47bfbc87c6954fa20cce36a82c9,NA,who_discovered_the_law_of_universal_gravitation_which_accounts_for_why_objects_naturally_fall_downwards_fill_15.wav,filler_other,NA,NA,NA,Isaac Newton,,,,,,,
18,4b29f2e4aa547965f5e9a07b6b6f1c6f3858b47bfbc87c6954fa20cce36a82c9,"The question does NOT need any corrections, but I don't know the answer/ I don't understand what the question is asking.",how_many_legs_does_a_garden_spider_canadian_whose_silk_can_make_clot_have_targ_06_D.wav,target,both_err,adj/noun order,/θ/ --> /t/; cloth/clot,eight,nun,first,,,,,FB_1205
18,4b29f2e4aa547965f5e9a07b6b6f1c6f3858b47bfbc87c6954fa20cce36a82c9,NA,how_many_legs_does_a_garden_spider_canadian_whose_silk_can_make_clot_have_targ_06_D.wav,target,both_err,adj/noun order,/θ/ --> /t/; cloth/clot,eight,,,,,,,
18,4b29f2e4aa547965f5e9a07b6b6f1c6f3858b47bfbc87c6954fa20cce36a82c9,"The question needs to be CORRECTED (Select this if you spot an error, even if you don’t know the answer).",how_many_legs_does_a_garden_spider_canadian_whose_silk_can_make_clot_have_targ_06_D.wav,target,both_err,adj/noun order,/θ/ --> /t/; cloth/clot,eight,y,secdiff,np?,,,,FB_1205
18,4b29f2e4aa547965f5e9a07b6b6f1c6f3858b47bfbc87c6954fa20cce36a82c9,"Unsure if the correct word should be canadian, NA",how_many_legs_does_a_garden_spider_canadian_whose_silk_can_make_clot_have_targ_06_D.wav,target,both_err,adj/noun order,/θ/ --> /t/; cloth/clot,eight,,,,,,,
18,4b29f2e4aa547965f5e9a07b6b6f1c6f3858b47bfbc87c6954fa20cce36a82c9,The question does NOT need any corrections.,where_do_the_jolly_christmas_icons_santa_claus_and_his_wife_mrs._claus_live_fill_22.wav,filler_other,NA,NA,NA,the North Pole,nans,first,,a,,,FB_1205
18,4b29f2e4aa547965f5e9a07b6b6f1c6f3858b47bfbc87c6954fa20cce36a82c9,North Pole,where_do_the_jolly_christmas_icons_santa_claus_and_his_wife_mrs._claus_live_fill_22.wav,filler_other,NA,NA,NA,the North Pole,,,,,,,
18,4b29f2e4aa547965f5e9a07b6b6f1c6f3858b47bfbc87c6954fa20cce36a82c9,I’m good — skip to the next question,where_do_the_jolly_christmas_icons_santa_claus_and_his_wife_mrs._claus_live_fill_22.wav,filler_other,NA,NA,NA,the North Pole,s,secsame,,,,,FB_1205
18,4b29f2e4aa547965f5e9a07b6b6f1c6f3858b47bfbc87c6954fa20cce36a82c9,NA,where_do_the_jolly_christmas_icons_santa_claus_and_his_wife_mrs._claus_live_fill_22.wav,filler_other,NA,NA,NA,the North Pole,,,,,,,
18,4b29f2e4aa547965f5e9a07b6b6f1c6f3858b47bfbc87c6954fa20cce36a82c9,The question does NOT need any corrections.,which_british_celebrity_judge_often_harshly_critiqued_contestants_on_the_nationwide_singing_contest_american_idol_fill_03.wav,filler_other,NA,NA,NA,Simon Cowell,nans,first,,w,,,FB_1205
18,4b29f2e4aa547965f5e9a07b6b6f1c6f3858b47bfbc87c6954fa20cce36a82c9,Paula Adubl,which_british_celebrity_judge_often_harshly_critiqued_contestants_on_the_nationwide_singing_contest_american_idol_fill_03.wav,filler_other,NA,NA,NA,Simon Cowell,,,,,,,
18,4b29f2e4aa547965f5e9a07b6b6f1c6f3858b47bfbc87c6954fa20cce36a82c9,"The question does NOT need any corrections, but I don't know the answer/ I don't understand what the question is asking.",which_british_celebrity_judge_often_harshly_critiqued_contestants_on_the_nationwide_singing_contest_american_idol_fill_03.wav,filler_other,NA,NA,NA,Simon Cowell,nun,secdiff,,,,,FB_1205
18,4b29f2e4aa547965f5e9a07b6b6f1c6f3858b47bfbc87c6954fa20cce36a82c9,na,which_british_celebrity_judge_often_harshly_critiqued_contestants_on_the_nationwide_singing_contest_american_idol_fill_03.wav,filler_other,NA,NA,NA,Simon Cowell,,,,,,,
18,4b29f2e4aa547965f5e9a07b6b6f1c6f3858b47bfbc87c6954fa20cce36a82c9,"The question needs to be CORRECTED (Select this if you spot an error, even if you don’t know the answer).",if_a_janitor_hardworking_cleaned_a_bent_in_five_minutes_how_many_seconds_is_that_targ_22_D.wav,target,both_err,adj/noun order,/v/ --> /b/; vent/bent,eight,y,first,np?,,didn't explicitly specify the error to be corrected,,FB_1205
18,4b29f2e4aa547965f5e9a07b6b6f1c6f3858b47bfbc87c6954fa20cce36a82c9,"The first half of the sentence is arranged wrong, na",if_a_janitor_hardworking_cleaned_a_bent_in_five_minutes_how_many_seconds_is_that_targ_22_D.wav,target,both_err,adj/noun order,/v/ --> /b/; vent/bent,eight,,,,,,,
18,4b29f2e4aa547965f5e9a07b6b6f1c6f3858b47bfbc87c6954fa20cce36a82c9,I’m good — skip to the next question,if_a_janitor_hardworking_cleaned_a_bent_in_five_minutes_how_many_seconds_is_that_targ_22_D.wav,target,both_err,adj/noun order,/v/ --> /b/; vent/bent,eight,s,secsame,,,,,FB_1205
18,4b29f2e4aa547965f5e9a07b6b6f1c6f3858b47bfbc87c6954fa20cce36a82c9,NA,if_a_janitor_hardworking_cleaned_a_bent_in_five_minutes_how_many_seconds_is_that_targ_22_D.wav,target,both_err,adj/noun order,/v/ --> /b/; vent/bent,eight,,,,,,,
18,4b29f2e4aa547965f5e9a07b6b6f1c6f3858b47bfbc87c6954fa20cce36a82c9,"The question needs to be CORRECTED (Select this if you spot an error, even if you don’t know the answer).",what_supplies_you_need_to_knit_a_scarf_targ_13_C.wav,target,non_phon_err,no aux verbs in questions (lack of do support),/ɪ/ --> /i/; knit/neat,needles and yarn,y,first,otherp,,,,FB_1205
18,4b29f2e4aa547965f5e9a07b6b6f1c6f3858b47bfbc87c6954fa20cce36a82c9,"knit is mispronounced as need or net, thread",what_supplies_you_need_to_knit_a_scarf_targ_13_C.wav,target,non_phon_err,no aux verbs in questions (lack of do support),/ɪ/ --> /i/; knit/neat,needles and yarn,,,,,,,
18,4b29f2e4aa547965f5e9a07b6b6f1c6f3858b47bfbc87c6954fa20cce36a82c9,"The question needs to be CORRECTED (Select this if you spot an error, even if you don’t know the answer).",what_supplies_you_need_to_knit_a_scarf_targ_13_C.wav,target,non_phon_err,no aux verbs in questions (lack of do support),/ɪ/ --> /i/; knit/neat,needles and yarn,y,secsame,,,,,FB_1205
18,4b29f2e4aa547965f5e9a07b6b6f1c6f3858b47bfbc87c6954fa20cce36a82c9,"knit is pronounced as net, needle and thread",what_supplies_you_need_to_knit_a_scarf_targ_13_C.wav,target,non_phon_err,no aux verbs in questions (lack of do support),/ɪ/ --> /i/; knit/neat,needles and yarn,,,,,,,
18,4b29f2e4aa547965f5e9a07b6b6f1c6f3858b47bfbc87c6954fa20cce36a82c9,The question does NOT need any corrections.,which_tropical_fruit_that_grows_on_palm_trees_is_used_for_oils_and_milks_fill_18.wav,filler_other,NA,NA,NA,coconuts,nans,first,,a,,,FB_1205
18,4b29f2e4aa547965f5e9a07b6b6f1c6f3858b47bfbc87c6954fa20cce36a82c9,coconut,which_tropical_fruit_that_grows_on_palm_trees_is_used_for_oils_and_milks_fill_18.wav,filler_other,NA,NA,NA,coconuts,,,,,,,
18,4b29f2e4aa547965f5e9a07b6b6f1c6f3858b47bfbc87c6954fa20cce36a82c9,I’m good — skip to the next question,which_tropical_fruit_that_grows_on_palm_trees_is_used_for_oils_and_milks_fill_18.wav,filler_other,NA,NA,NA,coconuts,s,secsame,,,,,FB_1205
18,4b29f2e4aa547965f5e9a07b6b6f1c6f3858b47bfbc87c6954fa20cce36a82c9,NA,which_tropical_fruit_that_grows_on_palm_trees_is_used_for_oils_and_milks_fill_18.wav,filler_other,NA,NA,NA,coconuts,,,,,,,
18,4b29f2e4aa547965f5e9a07b6b6f1c6f3858b47bfbc87c6954fa20cce36a82c9,The question does NOT need any corrections.,which_fast_food_chain_offers_foot-long_sandwiches_and_has_the_slogan_eat_fresh_fill_11.wav,filler_other,NA,NA,NA,Subway,nans,first,,a,,,FB_1205
18,4b29f2e4aa547965f5e9a07b6b6f1c6f3858b47bfbc87c6954fa20cce36a82c9,subway,which_fast_food_chain_offers_foot-long_sandwiches_and_has_the_slogan_eat_fresh_fill_11.wav,filler_other,NA,NA,NA,Subway,,,,,,,
18,4b29f2e4aa547965f5e9a07b6b6f1c6f3858b47bfbc87c6954fa20cce36a82c9,"The question needs to be CORRECTED (Select this if you spot an error, even if you don’t know the answer).",which_fast_food_chain_offers_foot-long_sandwiches_and_has_the_slogan_eat_fresh_fill_11.wav,filler_other,NA,NA,NA,Subway,y,secdiff,otherfill,,,,FB_1205
18,4b29f2e4aa547965f5e9a07b6b6f1c6f3858b47bfbc87c6954fa20cce36a82c9,"ft mispronounced as food or fut, subway",which_fast_food_chain_offers_foot-long_sandwiches_and_has_the_slogan_eat_fresh_fill_11.wav,filler_other,NA,NA,NA,Subway,,,,,,,
19,4be84bf59f4603abac206b9efadb14f24d6c56218e9882e6957f453055c03453,"The question does NOT need any corrections, but I don't know the answer/ I don't understand what the question is asking.",what_is_the_largest_plant_in_the_solar_system_fill_31.wav,att_check_err,NA,NA,NA,Jupiter (planet),nun,first,acheckf,,attention check passed (7/8 correct),,JB_1204
19,4be84bf59f4603abac206b9efadb14f24d6c56218e9882e6957f453055c03453,NA,what_is_the_largest_plant_in_the_solar_system_fill_31.wav,att_check_err,NA,NA,NA,Jupiter (planet),,,,,,,
19,4be84bf59f4603abac206b9efadb14f24d6c56218e9882e6957f453055c03453,The question does NOT need any corrections.,what_is_the_largest_plant_in_the_solar_system_fill_31.wav,att_check_err,NA,NA,NA,Jupiter (planet),nans,secsame,,,,,JB_1204
19,4be84bf59f4603abac206b9efadb14f24d6c56218e9882e6957f453055c03453,Redwood Trees,what_is_the_largest_plant_in_the_solar_system_fill_31.wav,att_check_err,NA,NA,NA,Jupiter (planet),,,,,,,
19,4be84bf59f4603abac206b9efadb14f24d6c56218e9882e6957f453055c03453,The question does NOT need any corrections.,how_many_legs_does_a_dog_normally_have_fill_25.wav,att_check_good,NA,NA,NA,four,nans,first,,a,,,JB_1204
19,4be84bf59f4603abac206b9efadb14f24d6c56218e9882e6957f453055c03453,4,how_many_legs_does_a_dog_normally_have_fill_25.wav,att_check_good,NA,NA,NA,four,,,,,,,
19,4be84bf59f4603abac206b9efadb14f24d6c56218e9882e6957f453055c03453,I’m good — skip to the next question,how_many_legs_does_a_dog_normally_have_fill_25.wav,att_check_good,NA,NA,NA,four,s,secsame,,,,,JB_1204
19,4be84bf59f4603abac206b9efadb14f24d6c56218e9882e6957f453055c03453,NA,how_many_legs_does_a_dog_normally_have_fill_25.wav,att_check_good,NA,NA,NA,four,,,,,,,
19,4be84bf59f4603abac206b9efadb14f24d6c56218e9882e6957f453055c03453,The question does NOT need any corrections.,what_day_of_the_week_comes_after_monday_fill_27.wav,att_check_good,NA,NA,NA,Tuesday,nans,first,,a,,,JB_1204
19,4be84bf59f4603abac206b9efadb14f24d6c56218e9882e6957f453055c03453,Tuesday,what_day_of_the_week_comes_after_monday_fill_27.wav,att_check_good,NA,NA,NA,Tuesday,,,,,,,
19,4be84bf59f4603abac206b9efadb14f24d6c56218e9882e6957f453055c03453,I’m good — skip to the next question,what_day_of_the_week_comes_after_monday_fill_27.wav,att_check_good,NA,NA,NA,Tuesday,s,secsame,,,,,JB_1204
19,4be84bf59f4603abac206b9efadb14f24d6c56218e9882e6957f453055c03453,NA,what_day_of_the_week_comes_after_monday_fill_27.wav,att_check_good,NA,NA,NA,Tuesday,,,,,,,
19,4be84bf59f4603abac206b9efadb14f24d6c56218e9882e6957f453055c03453,"The question needs to be CORRECTED (Select this if you spot an error, even if you don’t know the answer).",in_the_cycle_of_seasons_what_season_comes_after_dinter_fill_29.wav,att_check_err,NA,NA,NA,"Spring (Winter, sound sub that's not related)",y,first,acheckp,,,,JB_1204
19,4be84bf59f4603abac206b9efadb14f24d6c56218e9882e6957f453055c03453,Dinter should be Winter; Spring,in_the_cycle_of_seasons_what_season_comes_after_dinter_fill_29.wav,att_check_err,NA,NA,NA,"Spring (Winter, sound sub that's not related)",,,,,,,
19,4be84bf59f4603abac206b9efadb14f24d6c56218e9882e6957f453055c03453,I’m good — skip to the next question,in_the_cycle_of_seasons_what_season_comes_after_dinter_fill_29.wav,att_check_err,NA,NA,NA,"Spring (Winter, sound sub that's not related)",s,secsame,,,,,JB_1204
19,4be84bf59f4603abac206b9efadb14f24d6c56218e9882e6957f453055c03453,NA,in_the_cycle_of_seasons_what_season_comes_after_dinter_fill_29.wav,att_check_err,NA,NA,NA,"Spring (Winter, sound sub that's not related)",,,,,,,
19,4be84bf59f4603abac206b9efadb14f24d6c56218e9882e6957f453055c03453,"The question needs to be CORRECTED (Select this if you spot an error, even if you don’t know the answer).",how_many_embers_were_in_the_beatles_the_british_rock_band_fill_32.wav,att_check_err,NA,NA,NA,four (members),y,first,acheckp,,,,JB_1204
19,4be84bf59f4603abac206b9efadb14f24d6c56218e9882e6957f453055c03453,Members not Embers,how_many_embers_were_in_the_beatles_the_british_rock_band_fill_32.wav,att_check_err,NA,NA,NA,four (members),,,,,,,
19,4be84bf59f4603abac206b9efadb14f24d6c56218e9882e6957f453055c03453,I’m good — skip to the next question,how_many_embers_were_in_the_beatles_the_british_rock_band_fill_32.wav,att_check_err,NA,NA,NA,four (members),s,secsame,,,,,JB_1204
19,4be84bf59f4603abac206b9efadb14f24d6c56218e9882e6957f453055c03453,NA,how_many_embers_were_in_the_beatles_the_british_rock_band_fill_32.wav,att_check_err,NA,NA,NA,four (members),,,,,,,
19,4be84bf59f4603abac206b9efadb14f24d6c56218e9882e6957f453055c03453,"The question needs to be CORRECTED (Select this if you spot an error, even if you don’t know the answer).",what_state_is_los_angeles_located_in_fill_26.wav,att_check_good,NA,NA,NA,California,y,first,,a,,,JB_1204
19,4be84bf59f4603abac206b9efadb14f24d6c56218e9882e6957f453055c03453,State is not sadist; California,what_state_is_los_angeles_located_in_fill_26.wav,att_check_good,NA,NA,NA,California,,,,,,,
19,4be84bf59f4603abac206b9efadb14f24d6c56218e9882e6957f453055c03453,I’m good — skip to the next question,what_state_is_los_angeles_located_in_fill_26.wav,att_check_good,NA,NA,NA,California,s,secsame,,,,,JB_1204
19,4be84bf59f4603abac206b9efadb14f24d6c56218e9882e6957f453055c03453,NA,what_state_is_los_angeles_located_in_fill_26.wav,att_check_good,NA,NA,NA,California,,,,,,,
19,4be84bf59f4603abac206b9efadb14f24d6c56218e9882e6957f453055c03453,The question does NOT need any corrections.,what_color_is_a_typical_school_bus_fill_28.wav,att_check_good,NA,NA,NA,yellow,nans,first,,a,,,JB_1204
19,4be84bf59f4603abac206b9efadb14f24d6c56218e9882e6957f453055c03453,yellow,what_color_is_a_typical_school_bus_fill_28.wav,att_check_good,NA,NA,NA,yellow,,,,,,,
19,4be84bf59f4603abac206b9efadb14f24d6c56218e9882e6957f453055c03453,I’m good — skip to the next question,what_color_is_a_typical_school_bus_fill_28.wav,att_check_good,NA,NA,NA,yellow,s,secsame,,,,,JB_1204
19,4be84bf59f4603abac206b9efadb14f24d6c56218e9882e6957f453055c03453,NA,what_color_is_a_typical_school_bus_fill_28.wav,att_check_good,NA,NA,NA,yellow,,,,,,,
19,4be84bf59f4603abac206b9efadb14f24d6c56218e9882e6957f453055c03453,"The question needs to be CORRECTED (Select this if you spot an error, even if you don’t know the answer).",what_insect_undergoes_a_process_of_change_to_turn_into_a_butterfy_fill_30.wav,att_check_err,NA,NA,NA,caterpillar (butterfly),y,first,acheckp,,,,JB_1204
19,4be84bf59f4603abac206b9efadb14f24d6c56218e9882e6957f453055c03453,butterfly; caterpillar,what_insect_undergoes_a_process_of_change_to_turn_into_a_butterfy_fill_30.wav,att_check_err,NA,NA,NA,caterpillar (butterfly),,,,,,,
19,4be84bf59f4603abac206b9efadb14f24d6c56218e9882e6957f453055c03453,I’m good — skip to the next question,what_insect_undergoes_a_process_of_change_to_turn_into_a_butterfy_fill_30.wav,att_check_err,NA,NA,NA,caterpillar (butterfly),s,secsame,,,,,JB_1204
19,4be84bf59f4603abac206b9efadb14f24d6c56218e9882e6957f453055c03453,NA,what_insect_undergoes_a_process_of_change_to_turn_into_a_butterfy_fill_30.wav,att_check_err,NA,NA,NA,caterpillar (butterfly),,,,,,,
19,4be84bf59f4603abac206b9efadb14f24d6c56218e9882e6957f453055c03453,"The question needs to be CORRECTED (Select this if you spot an error, even if you don’t know the answer).",in_the_lion_king_who_nala_talk_to_and_is_laying_in_a_cot_after_theyve_reunited_targ_21_C.wav,target,non_phon_err,no aux verbs in questions (lack of do support),/k/ --> /g/; cot/got,Simba,y,first,np,,,,FB_1205
19,4be84bf59f4603abac206b9efadb14f24d6c56218e9882e6957f453055c03453,who DOES nala talk to.,in_the_lion_king_who_nala_talk_to_and_is_laying_in_a_cot_after_theyve_reunited_targ_21_C.wav,target,non_phon_err,no aux verbs in questions (lack of do support),/k/ --> /g/; cot/got,Simba,,,,,,,
19,4be84bf59f4603abac206b9efadb14f24d6c56218e9882e6957f453055c03453,"The question needs to be CORRECTED (Select this if you spot an error, even if you don’t know the answer).",in_the_lion_king_who_nala_talk_to_and_is_laying_in_a_cot_after_theyve_reunited_targ_21_C.wav,target,non_phon_err,no aux verbs in questions (lack of do support),/k/ --> /g/; cot/got,Simba,y,secdiff,np,,reports that portion of sentence is inaudible,,FB_1205
19,4be84bf59f4603abac206b9efadb14f24d6c56218e9882e6957f453055c03453,who DOES nala talk to and is [inaudible],in_the_lion_king_who_nala_talk_to_and_is_laying_in_a_cot_after_theyve_reunited_targ_21_C.wav,target,non_phon_err,no aux verbs in questions (lack of do support),/k/ --> /g/; cot/got,Simba,,,,,,,
19,4be84bf59f4603abac206b9efadb14f24d6c56218e9882e6957f453055c03453,The question does NOT need any corrections.,which_fast_food_chain_offers_foot-long_sandwiches_and_has_the_slogan_eat_fresh_fill_11.wav,filler_other,NA,NA,NA,Subway,nans,first,,a,,,FB_1205
19,4be84bf59f4603abac206b9efadb14f24d6c56218e9882e6957f453055c03453,Subway,which_fast_food_chain_offers_foot-long_sandwiches_and_has_the_slogan_eat_fresh_fill_11.wav,filler_other,NA,NA,NA,Subway,,,,,,,
19,4be84bf59f4603abac206b9efadb14f24d6c56218e9882e6957f453055c03453,I’m good — skip to the next question,which_fast_food_chain_offers_foot-long_sandwiches_and_has_the_slogan_eat_fresh_fill_11.wav,filler_other,NA,NA,NA,Subway,s,secsame,,,,,FB_1205
19,4be84bf59f4603abac206b9efadb14f24d6c56218e9882e6957f453055c03453,NA,which_fast_food_chain_offers_foot-long_sandwiches_and_has_the_slogan_eat_fresh_fill_11.wav,filler_other,NA,NA,NA,Subway,,,,,,,
19,4be84bf59f4603abac206b9efadb14f24d6c56218e9882e6957f453055c03453,"The question needs to be CORRECTED (Select this if you spot an error, even if you don’t know the answer).",what_term_refers_to_armored_men_who_enjoyed_to_carry_medieval_swords_that_class_in_combat_targ_02_D.wav,target,both_err,infinitive vs. participle,/ʃ/ --> /s/; clash/class,knights,y,first,other,,participant can't understand part of the sentence,,FB_1205
19,4be84bf59f4603abac206b9efadb14f24d6c56218e9882e6957f453055c03453,I can't understand the last sentace. Knights,what_term_refers_to_armored_men_who_enjoyed_to_carry_medieval_swords_that_class_in_combat_targ_02_D.wav,target,both_err,infinitive vs. participle,/ʃ/ --> /s/; clash/class,knights,,,,,,,
19,4be84bf59f4603abac206b9efadb14f24d6c56218e9882e6957f453055c03453,I’m good — skip to the next question,what_term_refers_to_armored_men_who_enjoyed_to_carry_medieval_swords_that_class_in_combat_targ_02_D.wav,target,both_err,infinitive vs. participle,/ʃ/ --> /s/; clash/class,knights,s,secsame,,,,,FB_1205
19,4be84bf59f4603abac206b9efadb14f24d6c56218e9882e6957f453055c03453,NA,what_term_refers_to_armored_men_who_enjoyed_to_carry_medieval_swords_that_class_in_combat_targ_02_D.wav,target,both_err,infinitive vs. participle,/ʃ/ --> /s/; clash/class,knights,,,,,,,
19,4be84bf59f4603abac206b9efadb14f24d6c56218e9882e6957f453055c03453,"The question needs to be CORRECTED (Select this if you spot an error, even if you don’t know the answer).",how_many_legs_does_a_garden_spider_canadian_whose_silk_can_make_clot_have_targ_06_D.wav,target,both_err,adj/noun order,/θ/ --> /t/; cloth/clot,eight,y,first,other,,suggested omitting the relative clause,,FB_1205
19,4be84bf59f4603abac206b9efadb14f24d6c56218e9882e6957f453055c03453,How many legs does a garden spider have; 8,how_many_legs_does_a_garden_spider_canadian_whose_silk_can_make_clot_have_targ_06_D.wav,target,both_err,adj/noun order,/θ/ --> /t/; cloth/clot,eight,,,,,,,
19,4be84bf59f4603abac206b9efadb14f24d6c56218e9882e6957f453055c03453,I’m good — skip to the next question,how_many_legs_does_a_garden_spider_canadian_whose_silk_can_make_clot_have_targ_06_D.wav,target,both_err,adj/noun order,/θ/ --> /t/; cloth/clot,eight,s,secsame,,,,,FB_1205
19,4be84bf59f4603abac206b9efadb14f24d6c56218e9882e6957f453055c03453,NA,how_many_legs_does_a_garden_spider_canadian_whose_silk_can_make_clot_have_targ_06_D.wav,target,both_err,adj/noun order,/θ/ --> /t/; cloth/clot,eight,,,,,,,
19,4be84bf59f4603abac206b9efadb14f24d6c56218e9882e6957f453055c03453,"The question needs to be CORRECTED (Select this if you spot an error, even if you don’t know the answer).",if_a_janitor_hardworking_cleaned_a_bent_in_five_minutes_how_many_seconds_is_that_targ_22_D.wav,target,both_err,adj/noun order,/v/ --> /b/; vent/bent,eight,y,first,other,,participant said sentence was inaudible,,FB_1205
19,4be84bf59f4603abac206b9efadb14f24d6c56218e9882e6957f453055c03453,Inaudible,if_a_janitor_hardworking_cleaned_a_bent_in_five_minutes_how_many_seconds_is_that_targ_22_D.wav,target,both_err,adj/noun order,/v/ --> /b/; vent/bent,eight,,,,,,,
19,4be84bf59f4603abac206b9efadb14f24d6c56218e9882e6957f453055c03453,"The question needs to be CORRECTED (Select this if you spot an error, even if you don’t know the answer).",if_a_janitor_hardworking_cleaned_a_bent_in_five_minutes_how_many_seconds_is_that_targ_22_D.wav,target,both_err,adj/noun order,/v/ --> /b/; vent/bent,eight,y,secdiff,np,,unclear whether they noticed the intended phon error,,FB_1205
19,4be84bf59f4603abac206b9efadb14f24d6c56218e9882e6957f453055c03453,If a janitor cleaned a vent in 5 minuets how many seconds would that be; 300,if_a_janitor_hardworking_cleaned_a_bent_in_five_minutes_how_many_seconds_is_that_targ_22_D.wav,target,both_err,adj/noun order,/v/ --> /b/; vent/bent,eight,,,,,,,
19,4be84bf59f4603abac206b9efadb14f24d6c56218e9882e6957f453055c03453,The question does NOT need any corrections.,what_is_the_name_of_the_comic_strip_featuring_charlie_brown_and_his_dog_snoopy_fill_06.wav,filler_other,NA,NA,NA,Peanuts,nans,first,,a,,,FB_1205
19,4be84bf59f4603abac206b9efadb14f24d6c56218e9882e6957f453055c03453,Peanuts,what_is_the_name_of_the_comic_strip_featuring_charlie_brown_and_his_dog_snoopy_fill_06.wav,filler_other,NA,NA,NA,Peanuts,,,,,,,
19,4be84bf59f4603abac206b9efadb14f24d6c56218e9882e6957f453055c03453,I’m good — skip to the next question,what_is_the_name_of_the_comic_strip_featuring_charlie_brown_and_his_dog_snoopy_fill_06.wav,filler_other,NA,NA,NA,Peanuts,s,secsame,,,,,FB_1205
19,4be84bf59f4603abac206b9efadb14f24d6c56218e9882e6957f453055c03453,NA,what_is_the_name_of_the_comic_strip_featuring_charlie_brown_and_his_dog_snoopy_fill_06.wav,filler_other,NA,NA,NA,Peanuts,,,,,,,
19,4be84bf59f4603abac206b9efadb14f24d6c56218e9882e6957f453055c03453,"The question does NOT need any corrections, but I don't know the answer/ I don't understand what the question is asking.",which_scottish_actor_first_played_james_bond_wearing_kilts_to_red_carpets_when_he_was_32_years_old_targ_03_A.wav,target,correct,have vs. be,/k/ --> /g/; kilt/guilt,Sean Connery,nun,first,,,,,FB_1205
19,4be84bf59f4603abac206b9efadb14f24d6c56218e9882e6957f453055c03453,NA,which_scottish_actor_first_played_james_bond_wearing_kilts_to_red_carpets_when_he_was_32_years_old_targ_03_A.wav,target,correct,have vs. be,/k/ --> /g/; kilt/guilt,Sean Connery,,,,,,,
19,4be84bf59f4603abac206b9efadb14f24d6c56218e9882e6957f453055c03453,"The question does NOT need any corrections, but I don't know the answer/ I don't understand what the question is asking.",which_scottish_actor_first_played_james_bond_wearing_kilts_to_red_carpets_when_he_was_32_years_old_targ_03_A.wav,target,correct,have vs. be,/k/ --> /g/; kilt/guilt,Sean Connery,nun,secsame,,,,,FB_1205
19,4be84bf59f4603abac206b9efadb14f24d6c56218e9882e6957f453055c03453,NA,which_scottish_actor_first_played_james_bond_wearing_kilts_to_red_carpets_when_he_was_32_years_old_targ_03_A.wav,target,correct,have vs. be,/k/ --> /g/; kilt/guilt,Sean Connery,,,,,,,
19,4be84bf59f4603abac206b9efadb14f24d6c56218e9882e6957f453055c03453,The question does NOT need any corrections.,which_cartoon_character_works_at_the_krusty_krab_and_is_best_friends_with_patrick_star_fill_04.wav,filler_other,NA,NA,NA,Spongebob,nans,first,,a,,,FB_1205
19,4be84bf59f4603abac206b9efadb14f24d6c56218e9882e6957f453055c03453,Spongebob,which_cartoon_character_works_at_the_krusty_krab_and_is_best_friends_with_patrick_star_fill_04.wav,filler_other,NA,NA,NA,Spongebob,,,,,,,
19,4be84bf59f4603abac206b9efadb14f24d6c56218e9882e6957f453055c03453,I’m good — skip to the next question,which_cartoon_character_works_at_the_krusty_krab_and_is_best_friends_with_patrick_star_fill_04.wav,filler_other,NA,NA,NA,Spongebob,s,secsame,,,,,FB_1205
19,4be84bf59f4603abac206b9efadb14f24d6c56218e9882e6957f453055c03453,NA,which_cartoon_character_works_at_the_krusty_krab_and_is_best_friends_with_patrick_star_fill_04.wav,filler_other,NA,NA,NA,Spongebob,,,,,,,
19,4be84bf59f4603abac206b9efadb14f24d6c56218e9882e6957f453055c03453,The question does NOT need any corrections.,in_what_country_would_you_find_landmarks_like_the_pyramids_of_giza_and_great_sphinx_fill_24.wav,filler_other,NA,NA,NA,Egypt,nans,first,,a,,,FB_1205
19,4be84bf59f4603abac206b9efadb14f24d6c56218e9882e6957f453055c03453,Eygpt,in_what_country_would_you_find_landmarks_like_the_pyramids_of_giza_and_great_sphinx_fill_24.wav,filler_other,NA,NA,NA,Egypt,,,,,,,
19,4be84bf59f4603abac206b9efadb14f24d6c56218e9882e6957f453055c03453,I’m good — skip to the next question,in_what_country_would_you_find_landmarks_like_the_pyramids_of_giza_and_great_sphinx_fill_24.wav,filler_other,NA,NA,NA,Egypt,s,secsame,,,,,FB_1205
19,4be84bf59f4603abac206b9efadb14f24d6c56218e9882e6957f453055c03453,NA,in_what_country_would_you_find_landmarks_like_the_pyramids_of_giza_and_great_sphinx_fill_24.wav,filler_other,NA,NA,NA,Egypt,,,,,,,
19,4be84bf59f4603abac206b9efadb14f24d6c56218e9882e6957f453055c03453,"The question does NOT need any corrections, but I don't know the answer/ I don't understand what the question is asking.",what_did_neil_armstrong_say_during_his_berry_first_steps_on_the_moon_targ_04_B.wav,target,phon_err,no aux verbs in questions (lack of do support),/v/ --> /b/; very/berry,"""That's one small step for man, one giant leap for mankind.""",nun,first,,,,,FB_1205
19,4be84bf59f4603abac206b9efadb14f24d6c56218e9882e6957f453055c03453,NA,what_did_neil_armstrong_say_during_his_berry_first_steps_on_the_moon_targ_04_B.wav,target,phon_err,no aux verbs in questions (lack of do support),/v/ --> /b/; very/berry,"""That's one small step for man, one giant leap for mankind.""",,,,,,,
19,4be84bf59f4603abac206b9efadb14f24d6c56218e9882e6957f453055c03453,I’m good — skip to the next question,what_did_neil_armstrong_say_during_his_berry_first_steps_on_the_moon_targ_04_B.wav,target,phon_err,no aux verbs in questions (lack of do support),/v/ --> /b/; very/berry,"""That's one small step for man, one giant leap for mankind.""",s,secsame,,,,,FB_1205
19,4be84bf59f4603abac206b9efadb14f24d6c56218e9882e6957f453055c03453,NA,what_did_neil_armstrong_say_during_his_berry_first_steps_on_the_moon_targ_04_B.wav,target,phon_err,no aux verbs in questions (lack of do support),/v/ --> /b/; very/berry,"""That's one small step for man, one giant leap for mankind.""",,,,,,,
19,4be84bf59f4603abac206b9efadb14f24d6c56218e9882e6957f453055c03453,The question does NOT need any corrections.,where_do_the_jolly_christmas_icons_santa_claus_and_his_wife_mrs._claus_live_fill_22.wav,filler_other,NA,NA,NA,the North Pole,nans,first,,a,,,FB_1205
19,4be84bf59f4603abac206b9efadb14f24d6c56218e9882e6957f453055c03453,North Pole,where_do_the_jolly_christmas_icons_santa_claus_and_his_wife_mrs._claus_live_fill_22.wav,filler_other,NA,NA,NA,the North Pole,,,,,,,
19,4be84bf59f4603abac206b9efadb14f24d6c56218e9882e6957f453055c03453,I’m good — skip to the next question,where_do_the_jolly_christmas_icons_santa_claus_and_his_wife_mrs._claus_live_fill_22.wav,filler_other,NA,NA,NA,the North Pole,s,secsame,,,,,FB_1205
19,4be84bf59f4603abac206b9efadb14f24d6c56218e9882e6957f453055c03453,NA,where_do_the_jolly_christmas_icons_santa_claus_and_his_wife_mrs._claus_live_fill_22.wav,filler_other,NA,NA,NA,the North Pole,,,,,,,
19,4be84bf59f4603abac206b9efadb14f24d6c56218e9882e6957f453055c03453,"The question needs to be CORRECTED (Select this if you spot an error, even if you don’t know the answer).",because_it_is_important_to_honor_the_iris_saint_what_holiday_occurs_on_march_17th_targ_08_B.wav,target,phon_err,expletive 'it' dropping,/ʃ/ --> /s/; Irish/iris,St. Patrick's Day,y,first,p,,,,FB_1205
19,4be84bf59f4603abac206b9efadb14f24d6c56218e9882e6957f453055c03453,iris should be Irish; St patricks day,because_it_is_important_to_honor_the_iris_saint_what_holiday_occurs_on_march_17th_targ_08_B.wav,target,phon_err,expletive 'it' dropping,/ʃ/ --> /s/; Irish/iris,St. Patrick's Day,,,,,,,
19,4be84bf59f4603abac206b9efadb14f24d6c56218e9882e6957f453055c03453,I’m good — skip to the next question,because_it_is_important_to_honor_the_iris_saint_what_holiday_occurs_on_march_17th_targ_08_B.wav,target,phon_err,expletive 'it' dropping,/ʃ/ --> /s/; Irish/iris,St. Patrick's Day,s,secsame,,,,,FB_1205
19,4be84bf59f4603abac206b9efadb14f24d6c56218e9882e6957f453055c03453,NA,because_it_is_important_to_honor_the_iris_saint_what_holiday_occurs_on_march_17th_targ_08_B.wav,target,phon_err,expletive 'it' dropping,/ʃ/ --> /s/; Irish/iris,St. Patrick's Day,,,,,,,
19,4be84bf59f4603abac206b9efadb14f24d6c56218e9882e6957f453055c03453,The question does NOT need any corrections.,which_body_part_did_van_gogh_allegedly_cut_off_after_an_argument_with_his_friend_fill_05.wav,filler_other,NA,NA,NA,ear,nans,first,,a,,,FB_1205
19,4be84bf59f4603abac206b9efadb14f24d6c56218e9882e6957f453055c03453,Ear,which_body_part_did_van_gogh_allegedly_cut_off_after_an_argument_with_his_friend_fill_05.wav,filler_other,NA,NA,NA,ear,,,,,,,
19,4be84bf59f4603abac206b9efadb14f24d6c56218e9882e6957f453055c03453,I’m good — skip to the next question,which_body_part_did_van_gogh_allegedly_cut_off_after_an_argument_with_his_friend_fill_05.wav,filler_other,NA,NA,NA,ear,s,secsame,,,,,FB_1205
19,4be84bf59f4603abac206b9efadb14f24d6c56218e9882e6957f453055c03453,NA,which_body_part_did_van_gogh_allegedly_cut_off_after_an_argument_with_his_friend_fill_05.wav,filler_other,NA,NA,NA,ear,,,,,,,
19,4be84bf59f4603abac206b9efadb14f24d6c56218e9882e6957f453055c03453,"The question needs to be CORRECTED (Select this if you spot an error, even if you don’t know the answer).",what_supplies_you_need_to_knit_a_scarf_targ_13_C.wav,target,non_phon_err,no aux verbs in questions (lack of do support),/ɪ/ --> /i/; knit/neat,needles and yarn,y,first,np,,,,FB_1205
19,4be84bf59f4603abac206b9efadb14f24d6c56218e9882e6957f453055c03453,What supplies do you need to knit a scarf: wool,what_supplies_you_need_to_knit_a_scarf_targ_13_C.wav,target,non_phon_err,no aux verbs in questions (lack of do support),/ɪ/ --> /i/; knit/neat,needles and yarn,,,,,,,
19,4be84bf59f4603abac206b9efadb14f24d6c56218e9882e6957f453055c03453,I’m good — skip to the next question,what_supplies_you_need_to_knit_a_scarf_targ_13_C.wav,target,non_phon_err,no aux verbs in questions (lack of do support),/ɪ/ --> /i/; knit/neat,needles and yarn,s,secsame,,,,,FB_1205
19,4be84bf59f4603abac206b9efadb14f24d6c56218e9882e6957f453055c03453,NA,what_supplies_you_need_to_knit_a_scarf_targ_13_C.wav,target,non_phon_err,no aux verbs in questions (lack of do support),/ɪ/ --> /i/; knit/neat,needles and yarn,,,,,,,
19,4be84bf59f4603abac206b9efadb14f24d6c56218e9882e6957f453055c03453,The question does NOT need any corrections.,what_kind_of_animal_is_mickey_mouse’s_girlfriend_minnie_who_wears_a_bow_fill_09.wav,filler_other,NA,NA,NA,mouse,nans,first,,a,,,FB_1205
19,4be84bf59f4603abac206b9efadb14f24d6c56218e9882e6957f453055c03453,Mouse,what_kind_of_animal_is_mickey_mouse’s_girlfriend_minnie_who_wears_a_bow_fill_09.wav,filler_other,NA,NA,NA,mouse,,,,,,,
19,4be84bf59f4603abac206b9efadb14f24d6c56218e9882e6957f453055c03453,I’m good — skip to the next question,what_kind_of_animal_is_mickey_mouse’s_girlfriend_minnie_who_wears_a_bow_fill_09.wav,filler_other,NA,NA,NA,mouse,s,secsame,,,,,FB_1205
19,4be84bf59f4603abac206b9efadb14f24d6c56218e9882e6957f453055c03453,NA,what_kind_of_animal_is_mickey_mouse’s_girlfriend_minnie_who_wears_a_bow_fill_09.wav,filler_other,NA,NA,NA,mouse,,,,,,,
19,4be84bf59f4603abac206b9efadb14f24d6c56218e9882e6957f453055c03453,The question does NOT need any corrections.,who_did_americans_boat_for_to_be_their_first_president_who_avoided_to_serve_three_terms_targ_10_D.wav,target,both_err,infinitive vs. participle,/v/ --> /b/; vote/boat,George Washington,nans,first,,a,,,FB_1205
19,4be84bf59f4603abac206b9efadb14f24d6c56218e9882e6957f453055c03453,George Washington,who_did_americans_boat_for_to_be_their_first_president_who_avoided_to_serve_three_terms_targ_10_D.wav,target,both_err,infinitive vs. participle,/v/ --> /b/; vote/boat,George Washington,,,,,,,
19,4be84bf59f4603abac206b9efadb14f24d6c56218e9882e6957f453055c03453,I’m good — skip to the next question,who_did_americans_boat_for_to_be_their_first_president_who_avoided_to_serve_three_terms_targ_10_D.wav,target,both_err,infinitive vs. participle,/v/ --> /b/; vote/boat,George Washington,s,secsame,,,,,FB_1205
19,4be84bf59f4603abac206b9efadb14f24d6c56218e9882e6957f453055c03453,NA,who_did_americans_boat_for_to_be_their_first_president_who_avoided_to_serve_three_terms_targ_10_D.wav,target,both_err,infinitive vs. participle,/v/ --> /b/; vote/boat,George Washington,,,,,,,
19,4be84bf59f4603abac206b9efadb14f24d6c56218e9882e6957f453055c03453,The question does NOT need any corrections.,what_big_star_in_our_solar_system_can_still_be_visible_when_it_is_cloudy_targ_19_A.wav,target,correct,expletive 'it' dropping,/ɪ/ --> /i/; still/steal,the Sun,nans,first,,a,,,FB_1205
19,4be84bf59f4603abac206b9efadb14f24d6c56218e9882e6957f453055c03453,Sun,what_big_star_in_our_solar_system_can_still_be_visible_when_it_is_cloudy_targ_19_A.wav,target,correct,expletive 'it' dropping,/ɪ/ --> /i/; still/steal,the Sun,,,,,,,
19,4be84bf59f4603abac206b9efadb14f24d6c56218e9882e6957f453055c03453,I’m good — skip to the next question,what_big_star_in_our_solar_system_can_still_be_visible_when_it_is_cloudy_targ_19_A.wav,target,correct,expletive 'it' dropping,/ɪ/ --> /i/; still/steal,the Sun,s,secsame,,,,,FB_1205
19,4be84bf59f4603abac206b9efadb14f24d6c56218e9882e6957f453055c03453,NA,what_big_star_in_our_solar_system_can_still_be_visible_when_it_is_cloudy_targ_19_A.wav,target,correct,expletive 'it' dropping,/ɪ/ --> /i/; still/steal,the Sun,,,,,,,
19,4be84bf59f4603abac206b9efadb14f24d6c56218e9882e6957f453055c03453,The question does NOT need any corrections.,which_tropical_fruit_that_grows_on_palm_trees_is_used_for_oils_and_milks_fill_18.wav,filler_other,NA,NA,NA,coconuts,nans,first,,a,,,FB_1205
19,4be84bf59f4603abac206b9efadb14f24d6c56218e9882e6957f453055c03453,Coconut,which_tropical_fruit_that_grows_on_palm_trees_is_used_for_oils_and_milks_fill_18.wav,filler_other,NA,NA,NA,coconuts,,,,,,,
19,4be84bf59f4603abac206b9efadb14f24d6c56218e9882e6957f453055c03453,I’m good — skip to the next question,which_tropical_fruit_that_grows_on_palm_trees_is_used_for_oils_and_milks_fill_18.wav,filler_other,NA,NA,NA,coconuts,s,secsame,,,,,FB_1205
19,4be84bf59f4603abac206b9efadb14f24d6c56218e9882e6957f453055c03453,NA,which_tropical_fruit_that_grows_on_palm_trees_is_used_for_oils_and_milks_fill_18.wav,filler_other,NA,NA,NA,coconuts,,,,,,,
19,4be84bf59f4603abac206b9efadb14f24d6c56218e9882e6957f453055c03453,"The question needs to be CORRECTED (Select this if you spot an error, even if you don’t know the answer).",when_you_have_hot_what_device_measures_body_temperature_in_boat_celsius_and_fahrenheit_targ_18_D.wav,target,both_err,have vs. be,/θ/ --> /t/; both/boat,thermometer,y,first,np,,suggested omitting the problematic np-error phrase,,FB_1205
19,4be84bf59f4603abac206b9efadb14f24d6c56218e9882e6957f453055c03453,What device measures body tempurature in both celcius and farenheit,when_you_have_hot_what_device_measures_body_temperature_in_boat_celsius_and_fahrenheit_targ_18_D.wav,target,both_err,have vs. be,/θ/ --> /t/; both/boat,thermometer,,,,,,,
19,4be84bf59f4603abac206b9efadb14f24d6c56218e9882e6957f453055c03453,"The question needs to be CORRECTED (Select this if you spot an error, even if you don’t know the answer).",when_you_have_hot_what_device_measures_body_temperature_in_boat_celsius_and_fahrenheit_targ_18_D.wav,target,both_err,have vs. be,/θ/ --> /t/; both/boat,thermometer,y,secdiff,np,,slighly adjusted previous response - still corrected intended error,,FB_1205
19,4be84bf59f4603abac206b9efadb14f24d6c56218e9882e6957f453055c03453,Hot should be a Cold. Thermometer,when_you_have_hot_what_device_measures_body_temperature_in_boat_celsius_and_fahrenheit_targ_18_D.wav,target,both_err,have vs. be,/θ/ --> /t/; both/boat,thermometer,,,,,,,
19,4be84bf59f4603abac206b9efadb14f24d6c56218e9882e6957f453055c03453,"The question needs to be CORRECTED (Select this if you spot an error, even if you don’t know the answer).",what_popular_us_chain_provides_a_happy_meal_toy_or_plus_when_kids_are_hungry_targ_20_B.wav,target,phon_err,have vs. be,/ʃ/ --> /s/; plush/plus,McDonald's,y,first,other,,it's unclear what error they were reporting,,FB_1205
19,4be84bf59f4603abac206b9efadb14f24d6c56218e9882e6957f453055c03453,Happy meal; Mcdonalds,what_popular_us_chain_provides_a_happy_meal_toy_or_plus_when_kids_are_hungry_targ_20_B.wav,target,phon_err,have vs. be,/ʃ/ --> /s/; plush/plus,McDonald's,,,,,,,
19,4be84bf59f4603abac206b9efadb14f24d6c56218e9882e6957f453055c03453,I’m good — skip to the next question,what_popular_us_chain_provides_a_happy_meal_toy_or_plus_when_kids_are_hungry_targ_20_B.wav,target,phon_err,have vs. be,/ʃ/ --> /s/; plush/plus,McDonald's,s,secsame,,,,,FB_1205
19,4be84bf59f4603abac206b9efadb14f24d6c56218e9882e6957f453055c03453,NA,what_popular_us_chain_provides_a_happy_meal_toy_or_plus_when_kids_are_hungry_targ_20_B.wav,target,phon_err,have vs. be,/ʃ/ --> /s/; plush/plus,McDonald's,,,,,,,
19,4be84bf59f4603abac206b9efadb14f24d6c56218e9882e6957f453055c03453,"The question does NOT need any corrections, but I don't know the answer/ I don't understand what the question is asking.",if_i_consider_leaving_work_after_the_fort_hour_how_many_minutes_would_that_be_targ_24_B.wav,target,phon_err,infinitive vs. participle,/θ/ --> /t/; fourth/fort,two hundred and forty,nun,first,,,,,FB_1205
19,4be84bf59f4603abac206b9efadb14f24d6c56218e9882e6957f453055c03453,NA,if_i_consider_leaving_work_after_the_fort_hour_how_many_minutes_would_that_be_targ_24_B.wav,target,phon_err,infinitive vs. participle,/θ/ --> /t/; fourth/fort,two hundred and forty,,,,,,,
19,4be84bf59f4603abac206b9efadb14f24d6c56218e9882e6957f453055c03453,The question does NOT need any corrections.,if_i_consider_leaving_work_after_the_fort_hour_how_many_minutes_would_that_be_targ_24_B.wav,target,phon_err,infinitive vs. participle,/θ/ --> /t/; fourth/fort,two hundred and forty,nans,secdiff,,a,,,FB_1205
19,4be84bf59f4603abac206b9efadb14f24d6c56218e9882e6957f453055c03453,240,if_i_consider_leaving_work_after_the_fort_hour_how_many_minutes_would_that_be_targ_24_B.wav,target,phon_err,infinitive vs. participle,/θ/ --> /t/; fourth/fort,two hundred and forty,,,,,,,
19,4be84bf59f4603abac206b9efadb14f24d6c56218e9882e6957f453055c03453,"The question needs to be CORRECTED (Select this if you spot an error, even if you don’t know the answer).",what_mythical_creatures_have_been_said_to_drink_blood_turn_into_bats_and_hate_onions_fill_14.wav,filler_other,NA,NA,NA,vampires,y,first,otherfill,,,,FB_1205
19,4be84bf59f4603abac206b9efadb14f24d6c56218e9882e6957f453055c03453,said not sept; vampires,what_mythical_creatures_have_been_said_to_drink_blood_turn_into_bats_and_hate_onions_fill_14.wav,filler_other,NA,NA,NA,vampires,,,,,,,
19,4be84bf59f4603abac206b9efadb14f24d6c56218e9882e6957f453055c03453,"The question needs to be CORRECTED (Select this if you spot an error, even if you don’t know the answer).",what_mythical_creatures_have_been_said_to_drink_blood_turn_into_bats_and_hate_onions_fill_14.wav,filler_other,NA,NA,NA,vampires,y,secdiff,otherfill,,,,FB_1205
19,4be84bf59f4603abac206b9efadb14f24d6c56218e9882e6957f453055c03453,Said not sept; turn not turned; vampires,what_mythical_creatures_have_been_said_to_drink_blood_turn_into_bats_and_hate_onions_fill_14.wav,filler_other,NA,NA,NA,vampires,,,,,,,
19,4be84bf59f4603abac206b9efadb14f24d6c56218e9882e6957f453055c03453,The question does NOT need any corrections.,what_letter_in_the_latin_alphabet_corresponds_to_the_greek_letter_alpha_fill_01.wav,filler_other,NA,NA,NA,a,nans,first,,a,,,FB_1205
19,4be84bf59f4603abac206b9efadb14f24d6c56218e9882e6957f453055c03453,A,what_letter_in_the_latin_alphabet_corresponds_to_the_greek_letter_alpha_fill_01.wav,filler_other,NA,NA,NA,a,,,,,,,
19,4be84bf59f4603abac206b9efadb14f24d6c56218e9882e6957f453055c03453,I’m good — skip to the next question,what_letter_in_the_latin_alphabet_corresponds_to_the_greek_letter_alpha_fill_01.wav,filler_other,NA,NA,NA,a,s,secsame,,,,,FB_1205
19,4be84bf59f4603abac206b9efadb14f24d6c56218e9882e6957f453055c03453,NA,what_letter_in_the_latin_alphabet_corresponds_to_the_greek_letter_alpha_fill_01.wav,filler_other,NA,NA,NA,a,,,,,,,
19,4be84bf59f4603abac206b9efadb14f24d6c56218e9882e6957f453055c03453,The question does NOT need any corrections.,who_discovered_the_law_of_universal_gravitation_which_accounts_for_why_objects_naturally_fall_downwards_fill_15.wav,filler_other,NA,NA,NA,Isaac Newton,nans,first,,a,,,FB_1205
19,4be84bf59f4603abac206b9efadb14f24d6c56218e9882e6957f453055c03453,Newton,who_discovered_the_law_of_universal_gravitation_which_accounts_for_why_objects_naturally_fall_downwards_fill_15.wav,filler_other,NA,NA,NA,Isaac Newton,,,,,,,
19,4be84bf59f4603abac206b9efadb14f24d6c56218e9882e6957f453055c03453,I’m good — skip to the next question,who_discovered_the_law_of_universal_gravitation_which_accounts_for_why_objects_naturally_fall_downwards_fill_15.wav,filler_other,NA,NA,NA,Isaac Newton,s,secsame,,,,,FB_1205
19,4be84bf59f4603abac206b9efadb14f24d6c56218e9882e6957f453055c03453,NA,who_discovered_the_law_of_universal_gravitation_which_accounts_for_why_objects_naturally_fall_downwards_fill_15.wav,filler_other,NA,NA,NA,Isaac Newton,,,,,,,
19,4be84bf59f4603abac206b9efadb14f24d6c56218e9882e6957f453055c03453,"The question needs to be CORRECTED (Select this if you spot an error, even if you don’t know the answer).",if_youre_on_a_pat_from_california_to_hawaii_which_ocean_do_you_go_through_targ_12_B.wav,target,phon_err,no aux verbs in questions (lack of do support),/θ/ --> /t/; path/pat,Pacific Ocean,y,first,p,,,,FB_1205
19,4be84bf59f4603abac206b9efadb14f24d6c56218e9882e6957f453055c03453,Boat not pat; pacific,if_youre_on_a_pat_from_california_to_hawaii_which_ocean_do_you_go_through_targ_12_B.wav,target,phon_err,no aux verbs in questions (lack of do support),/θ/ --> /t/; path/pat,Pacific Ocean,,,,,,,
19,4be84bf59f4603abac206b9efadb14f24d6c56218e9882e6957f453055c03453,I’m good — skip to the next question,if_youre_on_a_pat_from_california_to_hawaii_which_ocean_do_you_go_through_targ_12_B.wav,target,phon_err,no aux verbs in questions (lack of do support),/θ/ --> /t/; path/pat,Pacific Ocean,s,secsame,,,,,FB_1205
19,4be84bf59f4603abac206b9efadb14f24d6c56218e9882e6957f453055c03453,NA,if_youre_on_a_pat_from_california_to_hawaii_which_ocean_do_you_go_through_targ_12_B.wav,target,phon_err,no aux verbs in questions (lack of do support),/θ/ --> /t/; path/pat,Pacific Ocean,,,,,,,
19,4be84bf59f4603abac206b9efadb14f24d6c56218e9882e6957f453055c03453,The question does NOT need any corrections.,which_oscar-winning_movie_features_tom_hanks_saying_life_is_like_a_box_of_chocolates_fill_12.wav,filler_other,NA,NA,NA,Forrest Gump,nans,first,,a,,,FB_1205
19,4be84bf59f4603abac206b9efadb14f24d6c56218e9882e6957f453055c03453,Forest Gump,which_oscar-winning_movie_features_tom_hanks_saying_life_is_like_a_box_of_chocolates_fill_12.wav,filler_other,NA,NA,NA,Forrest Gump,,,,,,,
19,4be84bf59f4603abac206b9efadb14f24d6c56218e9882e6957f453055c03453,I’m good — skip to the next question,which_oscar-winning_movie_features_tom_hanks_saying_life_is_like_a_box_of_chocolates_fill_12.wav,filler_other,NA,NA,NA,Forrest Gump,s,secsame,,,,,FB_1205
19,4be84bf59f4603abac206b9efadb14f24d6c56218e9882e6957f453055c03453,NA,which_oscar-winning_movie_features_tom_hanks_saying_life_is_like_a_box_of_chocolates_fill_12.wav,filler_other,NA,NA,NA,Forrest Gump,,,,,,,
19,4be84bf59f4603abac206b9efadb14f24d6c56218e9882e6957f453055c03453,The question does NOT need any corrections.,what_is_the_name_of_the_video_game_character_who_is_a_traveling_italian_plumber_fill_08.wav,filler_other,NA,NA,NA,Mario,nans,first,,a,,,FB_1205
19,4be84bf59f4603abac206b9efadb14f24d6c56218e9882e6957f453055c03453,Luigi,what_is_the_name_of_the_video_game_character_who_is_a_traveling_italian_plumber_fill_08.wav,filler_other,NA,NA,NA,Mario,,,,,,,
19,4be84bf59f4603abac206b9efadb14f24d6c56218e9882e6957f453055c03453,I’m good — skip to the next question,what_is_the_name_of_the_video_game_character_who_is_a_traveling_italian_plumber_fill_08.wav,filler_other,NA,NA,NA,Mario,s,secsame,,,,,FB_1205
19,4be84bf59f4603abac206b9efadb14f24d6c56218e9882e6957f453055c03453,NA,what_is_the_name_of_the_video_game_character_who_is_a_traveling_italian_plumber_fill_08.wav,filler_other,NA,NA,NA,Mario,,,,,,,
19,4be84bf59f4603abac206b9efadb14f24d6c56218e9882e6957f453055c03453,The question does NOT need any corrections.,what_colors_make_up_a_traditional_candy_cane_which_people_enjoy_eating_during_christmas_targ_15_A.wav,target,correct,infinitive vs. participle,/k/ --> /g/; cane/gain,red and white,nans,first,,a,,,FB_1205
19,4be84bf59f4603abac206b9efadb14f24d6c56218e9882e6957f453055c03453,Red and White,what_colors_make_up_a_traditional_candy_cane_which_people_enjoy_eating_during_christmas_targ_15_A.wav,target,correct,infinitive vs. participle,/k/ --> /g/; cane/gain,red and white,,,,,,,
19,4be84bf59f4603abac206b9efadb14f24d6c56218e9882e6957f453055c03453,I’m good — skip to the next question,what_colors_make_up_a_traditional_candy_cane_which_people_enjoy_eating_during_christmas_targ_15_A.wav,target,correct,infinitive vs. participle,/k/ --> /g/; cane/gain,red and white,s,secsame,,,,,FB_1205
19,4be84bf59f4603abac206b9efadb14f24d6c56218e9882e6957f453055c03453,NA,what_colors_make_up_a_traditional_candy_cane_which_people_enjoy_eating_during_christmas_targ_15_A.wav,target,correct,infinitive vs. participle,/k/ --> /g/; cane/gain,red and white,,,,,,,
19,4be84bf59f4603abac206b9efadb14f24d6c56218e9882e6957f453055c03453,"The question needs to be CORRECTED (Select this if you spot an error, even if you don’t know the answer).",if_laundry_service_will_come_in_five_days_and_todays_thursday_when_are_they_making_laundry_next_targ_09_C.wav,target,non_phon_err,make vs. other verb,/k/ --> /g/; come/gum,Tuesday,y,first,np,,,,FB_1205
19,4be84bf59f4603abac206b9efadb14f24d6c56218e9882e6957f453055c03453,doing not making.,if_laundry_service_will_come_in_five_days_and_todays_thursday_when_are_they_making_laundry_next_targ_09_C.wav,target,non_phon_err,make vs. other verb,/k/ --> /g/; come/gum,Tuesday,,,,,,,
19,4be84bf59f4603abac206b9efadb14f24d6c56218e9882e6957f453055c03453,I’m good — skip to the next question,if_laundry_service_will_come_in_five_days_and_todays_thursday_when_are_they_making_laundry_next_targ_09_C.wav,target,non_phon_err,make vs. other verb,/k/ --> /g/; come/gum,Tuesday,s,secsame,,,,,FB_1205
19,4be84bf59f4603abac206b9efadb14f24d6c56218e9882e6957f453055c03453,NA,if_laundry_service_will_come_in_five_days_and_todays_thursday_when_are_they_making_laundry_next_targ_09_C.wav,target,non_phon_err,make vs. other verb,/k/ --> /g/; come/gum,Tuesday,,,,,,,
19,4be84bf59f4603abac206b9efadb14f24d6c56218e9882e6957f453055c03453,"The question needs to be CORRECTED (Select this if you spot an error, even if you don’t know the answer).",what_city_have_people_rust_to_tour_to_see_where_the_us_government_makes_business_targ_14_D.wav,target,both_err,make vs. other verb,/ʃ/ --> /s/; rushed/rust,Washington D.C.,y,first,other,,participant couldn't hear the sentence,,FB_1205
19,4be84bf59f4603abac206b9efadb14f24d6c56218e9882e6957f453055c03453,inaudible,what_city_have_people_rust_to_tour_to_see_where_the_us_government_makes_business_targ_14_D.wav,target,both_err,make vs. other verb,/ʃ/ --> /s/; rushed/rust,Washington D.C.,,,,,,,
19,4be84bf59f4603abac206b9efadb14f24d6c56218e9882e6957f453055c03453,"The question needs to be CORRECTED (Select this if you spot an error, even if you don’t know the answer).",what_city_have_people_rust_to_tour_to_see_where_the_us_government_makes_business_targ_14_D.wav,target,both_err,make vs. other verb,/ʃ/ --> /s/; rushed/rust,Washington D.C.,y,secdiff,other,,"it seems like they noticed the intended errors, but their response wasn't specific enough to say for sure",,FB_1205
19,4be84bf59f4603abac206b9efadb14f24d6c56218e9882e6957f453055c03453,What city has people rush to work to see where the goverment runs. Washington DC,what_city_have_people_rust_to_tour_to_see_where_the_us_government_makes_business_targ_14_D.wav,target,both_err,make vs. other verb,/ʃ/ --> /s/; rushed/rust,Washington D.C.,,,,,,,
19,4be84bf59f4603abac206b9efadb14f24d6c56218e9882e6957f453055c03453,"The question does NOT need any corrections, but I don't know the answer/ I don't understand what the question is asking.",what_novel_has_the_quote_i’m_late_i’m_late_for_a_very_important_date_fill_13.wav,filler_other,NA,NA,NA,Alice in Wonderland,nun,first,,,,,FB_1205
19,4be84bf59f4603abac206b9efadb14f24d6c56218e9882e6957f453055c03453,NA,what_novel_has_the_quote_i’m_late_i’m_late_for_a_very_important_date_fill_13.wav,filler_other,NA,NA,NA,Alice in Wonderland,,,,,,,
19,4be84bf59f4603abac206b9efadb14f24d6c56218e9882e6957f453055c03453,I’m good — skip to the next question,what_novel_has_the_quote_i’m_late_i’m_late_for_a_very_important_date_fill_13.wav,filler_other,NA,NA,NA,Alice in Wonderland,s,secsame,,,,,FB_1205
19,4be84bf59f4603abac206b9efadb14f24d6c56218e9882e6957f453055c03453,NA,what_novel_has_the_quote_i’m_late_i’m_late_for_a_very_important_date_fill_13.wav,filler_other,NA,NA,NA,Alice in Wonderland,,,,,,,
19,4be84bf59f4603abac206b9efadb14f24d6c56218e9882e6957f453055c03453,The question does NOT need any corrections.,what_kind_of_weather_could_occur_when_is_raining_and_below_freezing_targ_05_C.wav,target,non_phon_err,expletive 'it' dropping,/ʊ/ --> /u/; could/cooed,snow,nans,first,,a,,,FB_1205
19,4be84bf59f4603abac206b9efadb14f24d6c56218e9882e6957f453055c03453,Snow,what_kind_of_weather_could_occur_when_is_raining_and_below_freezing_targ_05_C.wav,target,non_phon_err,expletive 'it' dropping,/ʊ/ --> /u/; could/cooed,snow,,,,,,,
19,4be84bf59f4603abac206b9efadb14f24d6c56218e9882e6957f453055c03453,I’m good — skip to the next question,what_kind_of_weather_could_occur_when_is_raining_and_below_freezing_targ_05_C.wav,target,non_phon_err,expletive 'it' dropping,/ʊ/ --> /u/; could/cooed,snow,s,secsame,,,,,FB_1205
19,4be84bf59f4603abac206b9efadb14f24d6c56218e9882e6957f453055c03453,NA,what_kind_of_weather_could_occur_when_is_raining_and_below_freezing_targ_05_C.wav,target,non_phon_err,expletive 'it' dropping,/ʊ/ --> /u/; could/cooed,snow,,,,,,,
19,4be84bf59f4603abac206b9efadb14f24d6c56218e9882e6957f453055c03453,"The question needs to be CORRECTED (Select this if you spot an error, even if you don’t know the answer).",where_do_people_get_drivers_licenses_since_it_is_required_as_ballad_id_to_drive_targ_16_B.wav,target,phon_err,expletive 'it' dropping,/v/ --> /b/; valid/ballad,DMV,y,first,p,,,,FB_1205
19,4be84bf59f4603abac206b9efadb14f24d6c56218e9882e6957f453055c03453,valid not Balid; DMV,where_do_people_get_drivers_licenses_since_it_is_required_as_ballad_id_to_drive_targ_16_B.wav,target,phon_err,expletive 'it' dropping,/v/ --> /b/; valid/ballad,DMV,,,,,,,
19,4be84bf59f4603abac206b9efadb14f24d6c56218e9882e6957f453055c03453,I’m good — skip to the next question,where_do_people_get_drivers_licenses_since_it_is_required_as_ballad_id_to_drive_targ_16_B.wav,target,phon_err,expletive 'it' dropping,/v/ --> /b/; valid/ballad,DMV,s,secsame,,,,,FB_1205
19,4be84bf59f4603abac206b9efadb14f24d6c56218e9882e6957f453055c03453,NA,where_do_people_get_drivers_licenses_since_it_is_required_as_ballad_id_to_drive_targ_16_B.wav,target,phon_err,expletive 'it' dropping,/v/ --> /b/; valid/ballad,DMV,,,,,,,
19,4be84bf59f4603abac206b9efadb14f24d6c56218e9882e6957f453055c03453,"The question does NOT need any corrections, but I don't know the answer/ I don't understand what the question is asking.",for_what_pink_ice_cream_flavor_will_companies_make_their_best_to_use_real_fruit_targ_01_C.wav,target,non_phon_err,make vs. other verb,/ɪ/ --> /i/; will/wheel,strawberry,nun,first,,,,,FB_1205
19,4be84bf59f4603abac206b9efadb14f24d6c56218e9882e6957f453055c03453,NA,for_what_pink_ice_cream_flavor_will_companies_make_their_best_to_use_real_fruit_targ_01_C.wav,target,non_phon_err,make vs. other verb,/ɪ/ --> /i/; will/wheel,strawberry,,,,,,,
19,4be84bf59f4603abac206b9efadb14f24d6c56218e9882e6957f453055c03453,I’m good — skip to the next question,for_what_pink_ice_cream_flavor_will_companies_make_their_best_to_use_real_fruit_targ_01_C.wav,target,non_phon_err,make vs. other verb,/ɪ/ --> /i/; will/wheel,strawberry,s,secsame,,,,,FB_1205
19,4be84bf59f4603abac206b9efadb14f24d6c56218e9882e6957f453055c03453,NA,for_what_pink_ice_cream_flavor_will_companies_make_their_best_to_use_real_fruit_targ_01_C.wav,target,non_phon_err,make vs. other verb,/ɪ/ --> /i/; will/wheel,strawberry,,,,,,,
19,4be84bf59f4603abac206b9efadb14f24d6c56218e9882e6957f453055c03453,The question does NOT need any corrections.,what_animal_is_typically_white_with_black_spots_and_says_moo_fill_21.wav,filler_other,NA,NA,NA,a cow,nans,first,,a,,,FB_1205
19,4be84bf59f4603abac206b9efadb14f24d6c56218e9882e6957f453055c03453,Cow,what_animal_is_typically_white_with_black_spots_and_says_moo_fill_21.wav,filler_other,NA,NA,NA,a cow,,,,,,,
19,4be84bf59f4603abac206b9efadb14f24d6c56218e9882e6957f453055c03453,I’m good — skip to the next question,what_animal_is_typically_white_with_black_spots_and_says_moo_fill_21.wav,filler_other,NA,NA,NA,a cow,s,secsame,,,,,FB_1205
19,4be84bf59f4603abac206b9efadb14f24d6c56218e9882e6957f453055c03453,NA,what_animal_is_typically_white_with_black_spots_and_says_moo_fill_21.wav,filler_other,NA,NA,NA,a cow,,,,,,,
19,4be84bf59f4603abac206b9efadb14f24d6c56218e9882e6957f453055c03453,The question does NOT need any corrections.,which_season_do_we_associate_with_thanksgiving_the_beginning_of_school_and_leaves_turning_brown_fill_19.wav,filler_other,NA,NA,NA,Fall,nans,first,,a,,,FB_1205
19,4be84bf59f4603abac206b9efadb14f24d6c56218e9882e6957f453055c03453,Fall,which_season_do_we_associate_with_thanksgiving_the_beginning_of_school_and_leaves_turning_brown_fill_19.wav,filler_other,NA,NA,NA,Fall,,,,,,,
19,4be84bf59f4603abac206b9efadb14f24d6c56218e9882e6957f453055c03453,I’m good — skip to the next question,which_season_do_we_associate_with_thanksgiving_the_beginning_of_school_and_leaves_turning_brown_fill_19.wav,filler_other,NA,NA,NA,Fall,s,secsame,,,,,FB_1205
19,4be84bf59f4603abac206b9efadb14f24d6c56218e9882e6957f453055c03453,NA,which_season_do_we_associate_with_thanksgiving_the_beginning_of_school_and_leaves_turning_brown_fill_19.wav,filler_other,NA,NA,NA,Fall,,,,,,,
19,4be84bf59f4603abac206b9efadb14f24d6c56218e9882e6957f453055c03453,The question does NOT need any corrections.,what_childrens_game_makes_people_sit_down_quickly_when_the_loud_music_stops_targ_07_A.wav,target,correct,adj/noun order,/ɪ/ --> /i/; sit/seat,musical chairs,nans,first,,a,,,FB_1205
19,4be84bf59f4603abac206b9efadb14f24d6c56218e9882e6957f453055c03453,Musical Chairs,what_childrens_game_makes_people_sit_down_quickly_when_the_loud_music_stops_targ_07_A.wav,target,correct,adj/noun order,/ɪ/ --> /i/; sit/seat,musical chairs,,,,,,,
19,4be84bf59f4603abac206b9efadb14f24d6c56218e9882e6957f453055c03453,I’m good — skip to the next question,what_childrens_game_makes_people_sit_down_quickly_when_the_loud_music_stops_targ_07_A.wav,target,correct,adj/noun order,/ɪ/ --> /i/; sit/seat,musical chairs,s,secsame,,,,,FB_1205
19,4be84bf59f4603abac206b9efadb14f24d6c56218e9882e6957f453055c03453,NA,what_childrens_game_makes_people_sit_down_quickly_when_the_loud_music_stops_targ_07_A.wav,target,correct,adj/noun order,/ɪ/ --> /i/; sit/seat,musical chairs,,,,,,,
19,4be84bf59f4603abac206b9efadb14f24d6c56218e9882e6957f453055c03453,The question does NOT need any corrections.,what_organ_is_often_associated_with_being_eaten_by_rotting_flesh_monsters_also_known_as_zombies_fill_02.wav,filler_other,NA,NA,NA,the brain,nans,first,,a,,,FB_1205
19,4be84bf59f4603abac206b9efadb14f24d6c56218e9882e6957f453055c03453,Brain,what_organ_is_often_associated_with_being_eaten_by_rotting_flesh_monsters_also_known_as_zombies_fill_02.wav,filler_other,NA,NA,NA,the brain,,,,,,,
19,4be84bf59f4603abac206b9efadb14f24d6c56218e9882e6957f453055c03453,I’m good — skip to the next question,what_organ_is_often_associated_with_being_eaten_by_rotting_flesh_monsters_also_known_as_zombies_fill_02.wav,filler_other,NA,NA,NA,the brain,s,secsame,,,,,FB_1205
19,4be84bf59f4603abac206b9efadb14f24d6c56218e9882e6957f453055c03453,NA,what_organ_is_often_associated_with_being_eaten_by_rotting_flesh_monsters_also_known_as_zombies_fill_02.wav,filler_other,NA,NA,NA,the brain,,,,,,,
19,4be84bf59f4603abac206b9efadb14f24d6c56218e9882e6957f453055c03453,"The question needs to be CORRECTED (Select this if you spot an error, even if you don’t know the answer).",which_soft_pastry_made_with_a_certain_spice_is_often_spiral-shaped_and_topped_with_icing_fill_16.wav,filler_other,NA,NA,NA,cinnamon roll,y,first,otherfill,,,,FB_1205
19,4be84bf59f4603abac206b9efadb14f24d6c56218e9882e6957f453055c03453,Which spiral pastry; cinamon roll,which_soft_pastry_made_with_a_certain_spice_is_often_spiral-shaped_and_topped_with_icing_fill_16.wav,filler_other,NA,NA,NA,cinnamon roll,,,,,,,
19,4be84bf59f4603abac206b9efadb14f24d6c56218e9882e6957f453055c03453,"The question needs to be CORRECTED (Select this if you spot an error, even if you don’t know the answer).",which_soft_pastry_made_with_a_certain_spice_is_often_spiral-shaped_and_topped_with_icing_fill_16.wav,filler_other,NA,NA,NA,cinnamon roll,y,secsame,,,,,FB_1205
19,4be84bf59f4603abac206b9efadb14f24d6c56218e9882e6957f453055c03453,Which soft pastry; cinamon roll,which_soft_pastry_made_with_a_certain_spice_is_often_spiral-shaped_and_topped_with_icing_fill_16.wav,filler_other,NA,NA,NA,cinnamon roll,,,,,,,
19,4be84bf59f4603abac206b9efadb14f24d6c56218e9882e6957f453055c03453,The question does NOT need any corrections.,what_company_created_the_macbook_a_device_full_of_features_to_help_students_do_homework_targ_23_A.wav,target,correct,make vs. other verb,/ʊ/ --> /u/; full/fool,Apple,nans,first,,a,,,FB_1205
19,4be84bf59f4603abac206b9efadb14f24d6c56218e9882e6957f453055c03453,Apple,what_company_created_the_macbook_a_device_full_of_features_to_help_students_do_homework_targ_23_A.wav,target,correct,make vs. other verb,/ʊ/ --> /u/; full/fool,Apple,,,,,,,
19,4be84bf59f4603abac206b9efadb14f24d6c56218e9882e6957f453055c03453,I’m good — skip to the next question,what_company_created_the_macbook_a_device_full_of_features_to_help_students_do_homework_targ_23_A.wav,target,correct,make vs. other verb,/ʊ/ --> /u/; full/fool,Apple,s,secsame,,,,,FB_1205
19,4be84bf59f4603abac206b9efadb14f24d6c56218e9882e6957f453055c03453,NA,what_company_created_the_macbook_a_device_full_of_features_to_help_students_do_homework_targ_23_A.wav,target,correct,make vs. other verb,/ʊ/ --> /u/; full/fool,Apple,,,,,,,
19,4be84bf59f4603abac206b9efadb14f24d6c56218e9882e6957f453055c03453,The question does NOT need any corrections.,which_cartoon_dog_solves_mysteries_with_the_group_fred_daphne_velma_and_shaggy_fill_10.wav,filler_other,NA,NA,NA,Scooby-Doo,nans,first,,a,,,FB_1205
19,4be84bf59f4603abac206b9efadb14f24d6c56218e9882e6957f453055c03453,Scooby doo,which_cartoon_dog_solves_mysteries_with_the_group_fred_daphne_velma_and_shaggy_fill_10.wav,filler_other,NA,NA,NA,Scooby-Doo,,,,,,,
19,4be84bf59f4603abac206b9efadb14f24d6c56218e9882e6957f453055c03453,I’m good — skip to the next question,which_cartoon_dog_solves_mysteries_with_the_group_fred_daphne_velma_and_shaggy_fill_10.wav,filler_other,NA,NA,NA,Scooby-Doo,s,secsame,,,,,FB_1205
19,4be84bf59f4603abac206b9efadb14f24d6c56218e9882e6957f453055c03453,NA,which_cartoon_dog_solves_mysteries_with_the_group_fred_daphne_velma_and_shaggy_fill_10.wav,filler_other,NA,NA,NA,Scooby-Doo,,,,,,,
19,4be84bf59f4603abac206b9efadb14f24d6c56218e9882e6957f453055c03453,The question does NOT need any corrections.,what_colors_can_be_on_a_traffic_light_which_often_senses_when_cars_pull_up_targ_11_A.wav,target,correct,have vs. be,/ʊ/ --> /u/; pulls/pools,green,nans,first,,a,,,FB_1205
19,4be84bf59f4603abac206b9efadb14f24d6c56218e9882e6957f453055c03453,red yellow green,what_colors_can_be_on_a_traffic_light_which_often_senses_when_cars_pull_up_targ_11_A.wav,target,correct,have vs. be,/ʊ/ --> /u/; pulls/pools,green,,,,,,,
19,4be84bf59f4603abac206b9efadb14f24d6c56218e9882e6957f453055c03453,I’m good — skip to the next question,what_colors_can_be_on_a_traffic_light_which_often_senses_when_cars_pull_up_targ_11_A.wav,target,correct,have vs. be,/ʊ/ --> /u/; pulls/pools,green,s,secsame,,,,,FB_1205
19,4be84bf59f4603abac206b9efadb14f24d6c56218e9882e6957f453055c03453,NA,what_colors_can_be_on_a_traffic_light_which_often_senses_when_cars_pull_up_targ_11_A.wav,target,correct,have vs. be,/ʊ/ --> /u/; pulls/pools,green,,,,,,,
19,4be84bf59f4603abac206b9efadb14f24d6c56218e9882e6957f453055c03453,The question does NOT need any corrections.,what_holiday_occurs_at_the_end_of_october_and_features_trick-or-treating_pumpkins_and_haunted_houses_fill_07.wav,filler_other,NA,NA,NA,Halloween,nans,first,,a,,,FB_1205
19,4be84bf59f4603abac206b9efadb14f24d6c56218e9882e6957f453055c03453,Halloween,what_holiday_occurs_at_the_end_of_october_and_features_trick-or-treating_pumpkins_and_haunted_houses_fill_07.wav,filler_other,NA,NA,NA,Halloween,,,,,,,
19,4be84bf59f4603abac206b9efadb14f24d6c56218e9882e6957f453055c03453,I’m good — skip to the next question,what_holiday_occurs_at_the_end_of_october_and_features_trick-or-treating_pumpkins_and_haunted_houses_fill_07.wav,filler_other,NA,NA,NA,Halloween,s,secsame,,,,,FB_1205
19,4be84bf59f4603abac206b9efadb14f24d6c56218e9882e6957f453055c03453,NA,what_holiday_occurs_at_the_end_of_october_and_features_trick-or-treating_pumpkins_and_haunted_houses_fill_07.wav,filler_other,NA,NA,NA,Halloween,,,,,,,
19,4be84bf59f4603abac206b9efadb14f24d6c56218e9882e6957f453055c03453,The question does NOT need any corrections.,what_musician_won_grammys_for_their_album_thriller_which_features_the_hit_song_beat_it_fill_20.wav,filler_other,NA,NA,NA,Michael Jackson,nans,first,,a,,,FB_1205
19,4be84bf59f4603abac206b9efadb14f24d6c56218e9882e6957f453055c03453,Micheal jackson,what_musician_won_grammys_for_their_album_thriller_which_features_the_hit_song_beat_it_fill_20.wav,filler_other,NA,NA,NA,Michael Jackson,,,,,,,
19,4be84bf59f4603abac206b9efadb14f24d6c56218e9882e6957f453055c03453,I’m good — skip to the next question,what_musician_won_grammys_for_their_album_thriller_which_features_the_hit_song_beat_it_fill_20.wav,filler_other,NA,NA,NA,Michael Jackson,s,secsame,,,,,FB_1205
19,4be84bf59f4603abac206b9efadb14f24d6c56218e9882e6957f453055c03453,NA,what_musician_won_grammys_for_their_album_thriller_which_features_the_hit_song_beat_it_fill_20.wav,filler_other,NA,NA,NA,Michael Jackson,,,,,,,
19,4be84bf59f4603abac206b9efadb14f24d6c56218e9882e6957f453055c03453,The question does NOT need any corrections.,in_the_famous_dr_seuss_book_what_orange_and_yellow_character_speaks_for_the_trees_fill_23.wav,filler_other,NA,NA,NA,the Lorax,nans,first,,a,,,FB_1205
19,4be84bf59f4603abac206b9efadb14f24d6c56218e9882e6957f453055c03453,The Lorax,in_the_famous_dr_seuss_book_what_orange_and_yellow_character_speaks_for_the_trees_fill_23.wav,filler_other,NA,NA,NA,the Lorax,,,,,,,
19,4be84bf59f4603abac206b9efadb14f24d6c56218e9882e6957f453055c03453,I’m good — skip to the next question,in_the_famous_dr_seuss_book_what_orange_and_yellow_character_speaks_for_the_trees_fill_23.wav,filler_other,NA,NA,NA,the Lorax,s,secsame,,,,,FB_1205
19,4be84bf59f4603abac206b9efadb14f24d6c56218e9882e6957f453055c03453,NA,in_the_famous_dr_seuss_book_what_orange_and_yellow_character_speaks_for_the_trees_fill_23.wav,filler_other,NA,NA,NA,the Lorax,,,,,,,
19,4be84bf59f4603abac206b9efadb14f24d6c56218e9882e6957f453055c03453,"The question does NOT need any corrections, but I don't know the answer/ I don't understand what the question is asking.",how_many_days_would_my_bike_tandem_be_gone_if_someone_borrows_it_for_july_targ_17_C.wav,target,non_phon_err,adj/noun order,/ʊ/ --> /u/; would/wooed,thirty-one days,nun,first,,,,,FB_1205
19,4be84bf59f4603abac206b9efadb14f24d6c56218e9882e6957f453055c03453,NA,how_many_days_would_my_bike_tandem_be_gone_if_someone_borrows_it_for_july_targ_17_C.wav,target,non_phon_err,adj/noun order,/ʊ/ --> /u/; would/wooed,thirty-one days,,,,,,,
19,4be84bf59f4603abac206b9efadb14f24d6c56218e9882e6957f453055c03453,The question does NOT need any corrections.,how_many_days_would_my_bike_tandem_be_gone_if_someone_borrows_it_for_july_targ_17_C.wav,target,non_phon_err,adj/noun order,/ʊ/ --> /u/; would/wooed,thirty-one days,nans,secdiff,,a,,,FB_1205
19,4be84bf59f4603abac206b9efadb14f24d6c56218e9882e6957f453055c03453,31,how_many_days_would_my_bike_tandem_be_gone_if_someone_borrows_it_for_july_targ_17_C.wav,target,non_phon_err,adj/noun order,/ʊ/ --> /u/; would/wooed,thirty-one days,,,,,,,
19,4be84bf59f4603abac206b9efadb14f24d6c56218e9882e6957f453055c03453,The question does NOT need any corrections.,what_us_holiday_is_often_celebrated_with_fireworks_and_hotdogs_to_honor_americas_freedom_fill_17.wav,filler_other,NA,NA,NA,Independence Day,nans,first,,a,,,FB_1205
19,4be84bf59f4603abac206b9efadb14f24d6c56218e9882e6957f453055c03453,4'th of july,what_us_holiday_is_often_celebrated_with_fireworks_and_hotdogs_to_honor_americas_freedom_fill_17.wav,filler_other,NA,NA,NA,Independence Day,,,,,,,
19,4be84bf59f4603abac206b9efadb14f24d6c56218e9882e6957f453055c03453,I’m good — skip to the next question,what_us_holiday_is_often_celebrated_with_fireworks_and_hotdogs_to_honor_americas_freedom_fill_17.wav,filler_other,NA,NA,NA,Independence Day,s,secsame,,,,,FB_1205
19,4be84bf59f4603abac206b9efadb14f24d6c56218e9882e6957f453055c03453,NA,what_us_holiday_is_often_celebrated_with_fireworks_and_hotdogs_to_honor_americas_freedom_fill_17.wav,filler_other,NA,NA,NA,Independence Day,,,,,,,
19,4be84bf59f4603abac206b9efadb14f24d6c56218e9882e6957f453055c03453,The question does NOT need any corrections.,which_british_celebrity_judge_often_harshly_critiqued_contestants_on_the_nationwide_singing_contest_american_idol_fill_03.wav,filler_other,NA,NA,NA,Simon Cowell,nans,first,,a,,,FB_1205
19,4be84bf59f4603abac206b9efadb14f24d6c56218e9882e6957f453055c03453,Simon Cowell,which_british_celebrity_judge_often_harshly_critiqued_contestants_on_the_nationwide_singing_contest_american_idol_fill_03.wav,filler_other,NA,NA,NA,Simon Cowell,,,,,,,
19,4be84bf59f4603abac206b9efadb14f24d6c56218e9882e6957f453055c03453,I’m good — skip to the next question,which_british_celebrity_judge_often_harshly_critiqued_contestants_on_the_nationwide_singing_contest_american_idol_fill_03.wav,filler_other,NA,NA,NA,Simon Cowell,s,secsame,,,,,FB_1205
19,4be84bf59f4603abac206b9efadb14f24d6c56218e9882e6957f453055c03453,NA,which_british_celebrity_judge_often_harshly_critiqued_contestants_on_the_nationwide_singing_contest_american_idol_fill_03.wav,filler_other,NA,NA,NA,Simon Cowell,,,,,,,
20,527d0d955938f3158cedbd5f03cdf9114bb2a39d09e114917499089989643a9f,"The question needs to be CORRECTED (Select this if you spot an error, even if you don’t know the answer).",how_many_embers_were_in_the_beatles_the_british_rock_band_fill_32.wav,att_check_err,NA,NA,NA,four (members),y,first,acheckp,,attention check passed (8/8 correct),,JB_1204
20,527d0d955938f3158cedbd5f03cdf9114bb2a39d09e114917499089989643a9f,"""Embers"" should be ""members."" I don't know the answer.",how_many_embers_were_in_the_beatles_the_british_rock_band_fill_32.wav,att_check_err,NA,NA,NA,four (members),,,,,,,
20,527d0d955938f3158cedbd5f03cdf9114bb2a39d09e114917499089989643a9f,I’m good — skip to the next question,how_many_embers_were_in_the_beatles_the_british_rock_band_fill_32.wav,att_check_err,NA,NA,NA,four (members),s,secsame,,,,,JB_1204
20,527d0d955938f3158cedbd5f03cdf9114bb2a39d09e114917499089989643a9f,NA,how_many_embers_were_in_the_beatles_the_british_rock_band_fill_32.wav,att_check_err,NA,NA,NA,four (members),,,,,,,
20,527d0d955938f3158cedbd5f03cdf9114bb2a39d09e114917499089989643a9f,The question does NOT need any corrections.,what_day_of_the_week_comes_after_monday_fill_27.wav,att_check_good,NA,NA,NA,Tuesday,nans,first,,a,,,JB_1204
20,527d0d955938f3158cedbd5f03cdf9114bb2a39d09e114917499089989643a9f,Tuesday,what_day_of_the_week_comes_after_monday_fill_27.wav,att_check_good,NA,NA,NA,Tuesday,,,,,,,
20,527d0d955938f3158cedbd5f03cdf9114bb2a39d09e114917499089989643a9f,I’m good — skip to the next question,what_day_of_the_week_comes_after_monday_fill_27.wav,att_check_good,NA,NA,NA,Tuesday,s,secsame,,,,,JB_1204
20,527d0d955938f3158cedbd5f03cdf9114bb2a39d09e114917499089989643a9f,NA,what_day_of_the_week_comes_after_monday_fill_27.wav,att_check_good,NA,NA,NA,Tuesday,,,,,,,
20,527d0d955938f3158cedbd5f03cdf9114bb2a39d09e114917499089989643a9f,The question does NOT need any corrections.,what_state_is_los_angeles_located_in_fill_26.wav,att_check_good,NA,NA,NA,California,nans,first,,a,,,JB_1204
20,527d0d955938f3158cedbd5f03cdf9114bb2a39d09e114917499089989643a9f,California,what_state_is_los_angeles_located_in_fill_26.wav,att_check_good,NA,NA,NA,California,,,,,,,
20,527d0d955938f3158cedbd5f03cdf9114bb2a39d09e114917499089989643a9f,I’m good — skip to the next question,what_state_is_los_angeles_located_in_fill_26.wav,att_check_good,NA,NA,NA,California,s,secsame,,,,,JB_1204
20,527d0d955938f3158cedbd5f03cdf9114bb2a39d09e114917499089989643a9f,NA,what_state_is_los_angeles_located_in_fill_26.wav,att_check_good,NA,NA,NA,California,,,,,,,
20,527d0d955938f3158cedbd5f03cdf9114bb2a39d09e114917499089989643a9f,The question does NOT need any corrections.,what_color_is_a_typical_school_bus_fill_28.wav,att_check_good,NA,NA,NA,yellow,nans,first,,a,,,JB_1204
20,527d0d955938f3158cedbd5f03cdf9114bb2a39d09e114917499089989643a9f,Yellow,what_color_is_a_typical_school_bus_fill_28.wav,att_check_good,NA,NA,NA,yellow,,,,,,,
20,527d0d955938f3158cedbd5f03cdf9114bb2a39d09e114917499089989643a9f,I’m good — skip to the next question,what_color_is_a_typical_school_bus_fill_28.wav,att_check_good,NA,NA,NA,yellow,s,secsame,,,,,JB_1204
20,527d0d955938f3158cedbd5f03cdf9114bb2a39d09e114917499089989643a9f,NA,what_color_is_a_typical_school_bus_fill_28.wav,att_check_good,NA,NA,NA,yellow,,,,,,,
20,527d0d955938f3158cedbd5f03cdf9114bb2a39d09e114917499089989643a9f,The question does NOT need any corrections.,how_many_legs_does_a_dog_normally_have_fill_25.wav,att_check_good,NA,NA,NA,four,nans,first,,a,,,JB_1204
20,527d0d955938f3158cedbd5f03cdf9114bb2a39d09e114917499089989643a9f,Four,how_many_legs_does_a_dog_normally_have_fill_25.wav,att_check_good,NA,NA,NA,four,,,,,,,
20,527d0d955938f3158cedbd5f03cdf9114bb2a39d09e114917499089989643a9f,I’m good — skip to the next question,how_many_legs_does_a_dog_normally_have_fill_25.wav,att_check_good,NA,NA,NA,four,s,secsame,,,,,JB_1204
20,527d0d955938f3158cedbd5f03cdf9114bb2a39d09e114917499089989643a9f,NA,how_many_legs_does_a_dog_normally_have_fill_25.wav,att_check_good,NA,NA,NA,four,,,,,,,
20,527d0d955938f3158cedbd5f03cdf9114bb2a39d09e114917499089989643a9f,"The question needs to be CORRECTED (Select this if you spot an error, even if you don’t know the answer).",in_the_cycle_of_seasons_what_season_comes_after_dinter_fill_29.wav,att_check_err,NA,NA,NA,"Spring (Winter, sound sub that's not related)",y,first,acheckp,,,,JB_1204
20,527d0d955938f3158cedbd5f03cdf9114bb2a39d09e114917499089989643a9f,"""Dinter"" should be ""winter."" Answer is spring.",in_the_cycle_of_seasons_what_season_comes_after_dinter_fill_29.wav,att_check_err,NA,NA,NA,"Spring (Winter, sound sub that's not related)",,,,,,,
20,527d0d955938f3158cedbd5f03cdf9114bb2a39d09e114917499089989643a9f,I’m good — skip to the next question,in_the_cycle_of_seasons_what_season_comes_after_dinter_fill_29.wav,att_check_err,NA,NA,NA,"Spring (Winter, sound sub that's not related)",s,secsame,,,,,JB_1204
20,527d0d955938f3158cedbd5f03cdf9114bb2a39d09e114917499089989643a9f,NA,in_the_cycle_of_seasons_what_season_comes_after_dinter_fill_29.wav,att_check_err,NA,NA,NA,"Spring (Winter, sound sub that's not related)",,,,,,,
20,527d0d955938f3158cedbd5f03cdf9114bb2a39d09e114917499089989643a9f,The question does NOT need any corrections.,what_insect_undergoes_a_process_of_change_to_turn_into_a_butterfy_fill_30.wav,att_check_err,NA,NA,NA,caterpillar (butterfly),nans,first,,,,,JB_1204
20,527d0d955938f3158cedbd5f03cdf9114bb2a39d09e114917499089989643a9f,Caterpillar,what_insect_undergoes_a_process_of_change_to_turn_into_a_butterfy_fill_30.wav,att_check_err,NA,NA,NA,caterpillar (butterfly),,,,,,,
20,527d0d955938f3158cedbd5f03cdf9114bb2a39d09e114917499089989643a9f,"The question needs to be CORRECTED (Select this if you spot an error, even if you don’t know the answer).",what_insect_undergoes_a_process_of_change_to_turn_into_a_butterfy_fill_30.wav,att_check_err,NA,NA,NA,caterpillar (butterfly),y,secdiff,acheckp,,,,JB_1204
20,527d0d955938f3158cedbd5f03cdf9114bb2a39d09e114917499089989643a9f,"Fix pronunciation of ""butterfly."" Answer is caterpillar.",what_insect_undergoes_a_process_of_change_to_turn_into_a_butterfy_fill_30.wav,att_check_err,NA,NA,NA,caterpillar (butterfly),,,,,,,
20,527d0d955938f3158cedbd5f03cdf9114bb2a39d09e114917499089989643a9f,"The question needs to be CORRECTED (Select this if you spot an error, even if you don’t know the answer).",what_is_the_largest_plant_in_the_solar_system_fill_31.wav,att_check_err,NA,NA,NA,Jupiter (planet),y,first,acheckp,,,,JB_1204
20,527d0d955938f3158cedbd5f03cdf9114bb2a39d09e114917499089989643a9f,"""Plant"" should be ""planet."" Answer is Jupiter.",what_is_the_largest_plant_in_the_solar_system_fill_31.wav,att_check_err,NA,NA,NA,Jupiter (planet),,,,,,,
20,527d0d955938f3158cedbd5f03cdf9114bb2a39d09e114917499089989643a9f,I’m good — skip to the next question,what_is_the_largest_plant_in_the_solar_system_fill_31.wav,att_check_err,NA,NA,NA,Jupiter (planet),s,secsame,,,,,JB_1204
20,527d0d955938f3158cedbd5f03cdf9114bb2a39d09e114917499089989643a9f,NA,what_is_the_largest_plant_in_the_solar_system_fill_31.wav,att_check_err,NA,NA,NA,Jupiter (planet),,,,,,,
20,527d0d955938f3158cedbd5f03cdf9114bb2a39d09e114917499089989643a9f,The question does NOT need any corrections.,what_is_the_name_of_the_comic_strip_featuring_charlie_brown_and_his_dog_snoopy_fill_06.wav,filler_other,NA,NA,NA,Peanuts,nans,first,,a,,,FB_1205
20,527d0d955938f3158cedbd5f03cdf9114bb2a39d09e114917499089989643a9f,Peanuts,what_is_the_name_of_the_comic_strip_featuring_charlie_brown_and_his_dog_snoopy_fill_06.wav,filler_other,NA,NA,NA,Peanuts,,,,,,,
20,527d0d955938f3158cedbd5f03cdf9114bb2a39d09e114917499089989643a9f,I’m good — skip to the next question,what_is_the_name_of_the_comic_strip_featuring_charlie_brown_and_his_dog_snoopy_fill_06.wav,filler_other,NA,NA,NA,Peanuts,s,secsame,,,,,FB_1205
20,527d0d955938f3158cedbd5f03cdf9114bb2a39d09e114917499089989643a9f,NA,what_is_the_name_of_the_comic_strip_featuring_charlie_brown_and_his_dog_snoopy_fill_06.wav,filler_other,NA,NA,NA,Peanuts,,,,,,,
20,527d0d955938f3158cedbd5f03cdf9114bb2a39d09e114917499089989643a9f,"The question needs to be CORRECTED (Select this if you spot an error, even if you don’t know the answer).",which_cartoon_character_works_at_the_krusty_krab_and_is_best_friends_with_patrick_star_fill_04.wav,filler_other,NA,NA,NA,Spongebob,y,first,otherfill,,,,FB_1205
20,527d0d955938f3158cedbd5f03cdf9114bb2a39d09e114917499089989643a9f,"""Crab"" sounds too much like ""crap."" Answer is Spongebob.",which_cartoon_character_works_at_the_krusty_krab_and_is_best_friends_with_patrick_star_fill_04.wav,filler_other,NA,NA,NA,Spongebob,,,,,,,
20,527d0d955938f3158cedbd5f03cdf9114bb2a39d09e114917499089989643a9f,I’m good — skip to the next question,which_cartoon_character_works_at_the_krusty_krab_and_is_best_friends_with_patrick_star_fill_04.wav,filler_other,NA,NA,NA,Spongebob,s,secsame,,,,,FB_1205
20,527d0d955938f3158cedbd5f03cdf9114bb2a39d09e114917499089989643a9f,NA,which_cartoon_character_works_at_the_krusty_krab_and_is_best_friends_with_patrick_star_fill_04.wav,filler_other,NA,NA,NA,Spongebob,,,,,,,
20,527d0d955938f3158cedbd5f03cdf9114bb2a39d09e114917499089989643a9f,The question does NOT need any corrections.,what_musician_won_grammys_for_their_album_thriller_which_features_the_hit_song_beat_it_fill_20.wav,filler_other,NA,NA,NA,Michael Jackson,nans,first,,a,,,FB_1205
20,527d0d955938f3158cedbd5f03cdf9114bb2a39d09e114917499089989643a9f,Michael Jackson,what_musician_won_grammys_for_their_album_thriller_which_features_the_hit_song_beat_it_fill_20.wav,filler_other,NA,NA,NA,Michael Jackson,,,,,,,
20,527d0d955938f3158cedbd5f03cdf9114bb2a39d09e114917499089989643a9f,I’m good — skip to the next question,what_musician_won_grammys_for_their_album_thriller_which_features_the_hit_song_beat_it_fill_20.wav,filler_other,NA,NA,NA,Michael Jackson,s,secsame,,,,,FB_1205
20,527d0d955938f3158cedbd5f03cdf9114bb2a39d09e114917499089989643a9f,NA,what_musician_won_grammys_for_their_album_thriller_which_features_the_hit_song_beat_it_fill_20.wav,filler_other,NA,NA,NA,Michael Jackson,,,,,,,
20,527d0d955938f3158cedbd5f03cdf9114bb2a39d09e114917499089989643a9f,The question does NOT need any corrections.,where_do_people_get_drivers_licenses_since_it_is_required_as_valid_id_to_drive_targ_16_A.wav,target,correct,expletive 'it' dropping,/v/ --> /b/; valid/ballad,DMV,nans,first,,a,,,FB_1205
20,527d0d955938f3158cedbd5f03cdf9114bb2a39d09e114917499089989643a9f,The DMV,where_do_people_get_drivers_licenses_since_it_is_required_as_valid_id_to_drive_targ_16_A.wav,target,correct,expletive 'it' dropping,/v/ --> /b/; valid/ballad,DMV,,,,,,,
20,527d0d955938f3158cedbd5f03cdf9114bb2a39d09e114917499089989643a9f,I’m good — skip to the next question,where_do_people_get_drivers_licenses_since_it_is_required_as_valid_id_to_drive_targ_16_A.wav,target,correct,expletive 'it' dropping,/v/ --> /b/; valid/ballad,DMV,s,secsame,,,,,FB_1205
20,527d0d955938f3158cedbd5f03cdf9114bb2a39d09e114917499089989643a9f,NA,where_do_people_get_drivers_licenses_since_it_is_required_as_valid_id_to_drive_targ_16_A.wav,target,correct,expletive 'it' dropping,/v/ --> /b/; valid/ballad,DMV,,,,,,,
20,527d0d955938f3158cedbd5f03cdf9114bb2a39d09e114917499089989643a9f,The question does NOT need any corrections.,in_the_famous_dr_seuss_book_what_orange_and_yellow_character_speaks_for_the_trees_fill_23.wav,filler_other,NA,NA,NA,the Lorax,nans,first,,a,,,FB_1205
20,527d0d955938f3158cedbd5f03cdf9114bb2a39d09e114917499089989643a9f,The Lorax,in_the_famous_dr_seuss_book_what_orange_and_yellow_character_speaks_for_the_trees_fill_23.wav,filler_other,NA,NA,NA,the Lorax,,,,,,,
20,527d0d955938f3158cedbd5f03cdf9114bb2a39d09e114917499089989643a9f,I’m good — skip to the next question,in_the_famous_dr_seuss_book_what_orange_and_yellow_character_speaks_for_the_trees_fill_23.wav,filler_other,NA,NA,NA,the Lorax,s,secsame,,,,,FB_1205
20,527d0d955938f3158cedbd5f03cdf9114bb2a39d09e114917499089989643a9f,NA,in_the_famous_dr_seuss_book_what_orange_and_yellow_character_speaks_for_the_trees_fill_23.wav,filler_other,NA,NA,NA,the Lorax,,,,,,,
20,527d0d955938f3158cedbd5f03cdf9114bb2a39d09e114917499089989643a9f,The question does NOT need any corrections.,in_what_country_would_you_find_landmarks_like_the_pyramids_of_giza_and_great_sphinx_fill_24.wav,filler_other,NA,NA,NA,Egypt,nans,first,,a,,,FB_1205
20,527d0d955938f3158cedbd5f03cdf9114bb2a39d09e114917499089989643a9f,Egypt,in_what_country_would_you_find_landmarks_like_the_pyramids_of_giza_and_great_sphinx_fill_24.wav,filler_other,NA,NA,NA,Egypt,,,,,,,
20,527d0d955938f3158cedbd5f03cdf9114bb2a39d09e114917499089989643a9f,I’m good — skip to the next question,in_what_country_would_you_find_landmarks_like_the_pyramids_of_giza_and_great_sphinx_fill_24.wav,filler_other,NA,NA,NA,Egypt,s,secsame,,,,,FB_1205
20,527d0d955938f3158cedbd5f03cdf9114bb2a39d09e114917499089989643a9f,NA,in_what_country_would_you_find_landmarks_like_the_pyramids_of_giza_and_great_sphinx_fill_24.wav,filler_other,NA,NA,NA,Egypt,,,,,,,
20,527d0d955938f3158cedbd5f03cdf9114bb2a39d09e114917499089989643a9f,The question does NOT need any corrections.,where_do_the_jolly_christmas_icons_santa_claus_and_his_wife_mrs._claus_live_fill_22.wav,filler_other,NA,NA,NA,the North Pole,nans,first,,a,,,FB_1205
20,527d0d955938f3158cedbd5f03cdf9114bb2a39d09e114917499089989643a9f,The north pole,where_do_the_jolly_christmas_icons_santa_claus_and_his_wife_mrs._claus_live_fill_22.wav,filler_other,NA,NA,NA,the North Pole,,,,,,,
20,527d0d955938f3158cedbd5f03cdf9114bb2a39d09e114917499089989643a9f,I’m good — skip to the next question,where_do_the_jolly_christmas_icons_santa_claus_and_his_wife_mrs._claus_live_fill_22.wav,filler_other,NA,NA,NA,the North Pole,s,secsame,,,,,FB_1205
20,527d0d955938f3158cedbd5f03cdf9114bb2a39d09e114917499089989643a9f,NA,where_do_the_jolly_christmas_icons_santa_claus_and_his_wife_mrs._claus_live_fill_22.wav,filler_other,NA,NA,NA,the North Pole,,,,,,,
20,527d0d955938f3158cedbd5f03cdf9114bb2a39d09e114917499089989643a9f,The question does NOT need any corrections.,if_youre_on_a_path_from_california_to_hawaii_which_ocean_do_you_go_through_targ_12_A.wav,target,correct,no aux verbs in questions (lack of do support),/θ/ --> /t/; path/pat,Pacific Ocean,nans,first,,a,,,FB_1205
20,527d0d955938f3158cedbd5f03cdf9114bb2a39d09e114917499089989643a9f,Pacific Ocean,if_youre_on_a_path_from_california_to_hawaii_which_ocean_do_you_go_through_targ_12_A.wav,target,correct,no aux verbs in questions (lack of do support),/θ/ --> /t/; path/pat,Pacific Ocean,,,,,,,
20,527d0d955938f3158cedbd5f03cdf9114bb2a39d09e114917499089989643a9f,I’m good — skip to the next question,if_youre_on_a_path_from_california_to_hawaii_which_ocean_do_you_go_through_targ_12_A.wav,target,correct,no aux verbs in questions (lack of do support),/θ/ --> /t/; path/pat,Pacific Ocean,s,secsame,,,,,FB_1205
20,527d0d955938f3158cedbd5f03cdf9114bb2a39d09e114917499089989643a9f,NA,if_youre_on_a_path_from_california_to_hawaii_which_ocean_do_you_go_through_targ_12_A.wav,target,correct,no aux verbs in questions (lack of do support),/θ/ --> /t/; path/pat,Pacific Ocean,,,,,,,
20,527d0d955938f3158cedbd5f03cdf9114bb2a39d09e114917499089989643a9f,"The question needs to be CORRECTED (Select this if you spot an error, even if you don’t know the answer).",who_did_americans_vote_for_to_be_their_first_president_who_avoided_to_serve_three_terms_targ_10_C.wav,target,non_phon_err,infinitive vs. participle,/v/ --> /b/; vote/boat,George Washington,y,first,np,,,,FB_1205
20,527d0d955938f3158cedbd5f03cdf9114bb2a39d09e114917499089989643a9f,"""Avoided to"" should be ""refused to"" or ""declined to."" Answer is George Washington.",who_did_americans_vote_for_to_be_their_first_president_who_avoided_to_serve_three_terms_targ_10_C.wav,target,non_phon_err,infinitive vs. participle,/v/ --> /b/; vote/boat,George Washington,,,,,,,
20,527d0d955938f3158cedbd5f03cdf9114bb2a39d09e114917499089989643a9f,I’m good — skip to the next question,who_did_americans_vote_for_to_be_their_first_president_who_avoided_to_serve_three_terms_targ_10_C.wav,target,non_phon_err,infinitive vs. participle,/v/ --> /b/; vote/boat,George Washington,s,secsame,,,,,FB_1205
20,527d0d955938f3158cedbd5f03cdf9114bb2a39d09e114917499089989643a9f,NA,who_did_americans_vote_for_to_be_their_first_president_who_avoided_to_serve_three_terms_targ_10_C.wav,target,non_phon_err,infinitive vs. participle,/v/ --> /b/; vote/boat,George Washington,,,,,,,
20,527d0d955938f3158cedbd5f03cdf9114bb2a39d09e114917499089989643a9f,The question does NOT need any corrections.,which_body_part_did_van_gogh_allegedly_cut_off_after_an_argument_with_his_friend_fill_05.wav,filler_other,NA,NA,NA,ear,nans,first,,a,,,FB_1205
20,527d0d955938f3158cedbd5f03cdf9114bb2a39d09e114917499089989643a9f,Ear,which_body_part_did_van_gogh_allegedly_cut_off_after_an_argument_with_his_friend_fill_05.wav,filler_other,NA,NA,NA,ear,,,,,,,
20,527d0d955938f3158cedbd5f03cdf9114bb2a39d09e114917499089989643a9f,I’m good — skip to the next question,which_body_part_did_van_gogh_allegedly_cut_off_after_an_argument_with_his_friend_fill_05.wav,filler_other,NA,NA,NA,ear,s,secsame,,,,,FB_1205
20,527d0d955938f3158cedbd5f03cdf9114bb2a39d09e114917499089989643a9f,NA,which_body_part_did_van_gogh_allegedly_cut_off_after_an_argument_with_his_friend_fill_05.wav,filler_other,NA,NA,NA,ear,,,,,,,
20,527d0d955938f3158cedbd5f03cdf9114bb2a39d09e114917499089989643a9f,"The question needs to be CORRECTED (Select this if you spot an error, even if you don’t know the answer).",when_you_have_hot_what_device_measures_body_temperature_in_both_celsius_and_fahrenheit_targ_18_C.wav,target,non_phon_err,have vs. be,/θ/ --> /t/; both/boat,thermometer,y,first,np,,,,FB_1205
20,527d0d955938f3158cedbd5f03cdf9114bb2a39d09e114917499089989643a9f,"""Hot"" should be ""a fever."" Answer is a thermometer.",when_you_have_hot_what_device_measures_body_temperature_in_both_celsius_and_fahrenheit_targ_18_C.wav,target,non_phon_err,have vs. be,/θ/ --> /t/; both/boat,thermometer,,,,,,,
20,527d0d955938f3158cedbd5f03cdf9114bb2a39d09e114917499089989643a9f,I’m good — skip to the next question,when_you_have_hot_what_device_measures_body_temperature_in_both_celsius_and_fahrenheit_targ_18_C.wav,target,non_phon_err,have vs. be,/θ/ --> /t/; both/boat,thermometer,s,secsame,,,,,FB_1205
20,527d0d955938f3158cedbd5f03cdf9114bb2a39d09e114917499089989643a9f,NA,when_you_have_hot_what_device_measures_body_temperature_in_both_celsius_and_fahrenheit_targ_18_C.wav,target,non_phon_err,have vs. be,/θ/ --> /t/; both/boat,thermometer,,,,,,,
20,527d0d955938f3158cedbd5f03cdf9114bb2a39d09e114917499089989643a9f,The question does NOT need any corrections.,which_cartoon_dog_solves_mysteries_with_the_group_fred_daphne_velma_and_shaggy_fill_10.wav,filler_other,NA,NA,NA,Scooby-Doo,nans,first,,a,,,FB_1205
20,527d0d955938f3158cedbd5f03cdf9114bb2a39d09e114917499089989643a9f,Scooby Doo,which_cartoon_dog_solves_mysteries_with_the_group_fred_daphne_velma_and_shaggy_fill_10.wav,filler_other,NA,NA,NA,Scooby-Doo,,,,,,,
20,527d0d955938f3158cedbd5f03cdf9114bb2a39d09e114917499089989643a9f,I’m good — skip to the next question,which_cartoon_dog_solves_mysteries_with_the_group_fred_daphne_velma_and_shaggy_fill_10.wav,filler_other,NA,NA,NA,Scooby-Doo,s,secsame,,,,,FB_1205
20,527d0d955938f3158cedbd5f03cdf9114bb2a39d09e114917499089989643a9f,NA,which_cartoon_dog_solves_mysteries_with_the_group_fred_daphne_velma_and_shaggy_fill_10.wav,filler_other,NA,NA,NA,Scooby-Doo,,,,,,,
20,527d0d955938f3158cedbd5f03cdf9114bb2a39d09e114917499089989643a9f,"The question needs to be CORRECTED (Select this if you spot an error, even if you don’t know the answer).",what_colors_make_up_a_traditional_candy_gain_which_people_enjoy_to_eat_during_christmas_targ_15_D.wav,target,both_err,infinitive vs. participle,/k/ --> /g/; cane/gain,red and white,y,first,p,,,,FB_1205
20,527d0d955938f3158cedbd5f03cdf9114bb2a39d09e114917499089989643a9f,"""Gain"" should be ""cane."" Answer is red and white.",what_colors_make_up_a_traditional_candy_gain_which_people_enjoy_to_eat_during_christmas_targ_15_D.wav,target,both_err,infinitive vs. participle,/k/ --> /g/; cane/gain,red and white,,,,,,,
20,527d0d955938f3158cedbd5f03cdf9114bb2a39d09e114917499089989643a9f,"The question needs to be CORRECTED (Select this if you spot an error, even if you don’t know the answer).",what_colors_make_up_a_traditional_candy_gain_which_people_enjoy_to_eat_during_christmas_targ_15_D.wav,target,both_err,infinitive vs. participle,/k/ --> /g/; cane/gain,red and white,y,secdiff,both,,,,FB_1205
20,527d0d955938f3158cedbd5f03cdf9114bb2a39d09e114917499089989643a9f,"""Candy gain"" should be ""candy cane"" and ""to eat"" should be ""eating."" Answer is red and white.",what_colors_make_up_a_traditional_candy_gain_which_people_enjoy_to_eat_during_christmas_targ_15_D.wav,target,both_err,infinitive vs. participle,/k/ --> /g/; cane/gain,red and white,,,,,,,
20,527d0d955938f3158cedbd5f03cdf9114bb2a39d09e114917499089989643a9f,"The question needs to be CORRECTED (Select this if you spot an error, even if you don’t know the answer).",how_many_legs_does_a_garden_spider_canadian_whose_silk_can_make_cloth_have_targ_06_C.wav,target,non_phon_err,adj/noun order,/θ/ --> /t/; cloth/clot,eight,y,first,other,,participant didn't understand the question,,FB_1205
20,527d0d955938f3158cedbd5f03cdf9114bb2a39d09e114917499089989643a9f,I didn't fully understand the question but the answer should be eight.,how_many_legs_does_a_garden_spider_canadian_whose_silk_can_make_cloth_have_targ_06_C.wav,target,non_phon_err,adj/noun order,/θ/ --> /t/; cloth/clot,eight,,,,,,,
20,527d0d955938f3158cedbd5f03cdf9114bb2a39d09e114917499089989643a9f,"The question needs to be CORRECTED (Select this if you spot an error, even if you don’t know the answer).",how_many_legs_does_a_garden_spider_canadian_whose_silk_can_make_cloth_have_targ_06_C.wav,target,non_phon_err,adj/noun order,/θ/ --> /t/; cloth/clot,eight,y,secdiff,np?,,participant pointed out the problematic phrase (and misheard 'garden') but wasn't sure how to correct it,,FB_1205
20,527d0d955938f3158cedbd5f03cdf9114bb2a39d09e114917499089989643a9f,"It sounds like the question is asking about ""a guardian spider Canadian"" and I'm not sure what that's supposed to say. Answer is probably eight.",how_many_legs_does_a_garden_spider_canadian_whose_silk_can_make_cloth_have_targ_06_C.wav,target,non_phon_err,adj/noun order,/θ/ --> /t/; cloth/clot,eight,,,,,,,
20,527d0d955938f3158cedbd5f03cdf9114bb2a39d09e114917499089989643a9f,The question does NOT need any corrections.,what_novel_has_the_quote_i’m_late_i’m_late_for_a_very_important_date_fill_13.wav,filler_other,NA,NA,NA,Alice in Wonderland,nans,first,,a,,,FB_1205
20,527d0d955938f3158cedbd5f03cdf9114bb2a39d09e114917499089989643a9f,Alice in Wonderland,what_novel_has_the_quote_i’m_late_i’m_late_for_a_very_important_date_fill_13.wav,filler_other,NA,NA,NA,Alice in Wonderland,,,,,,,
20,527d0d955938f3158cedbd5f03cdf9114bb2a39d09e114917499089989643a9f,I’m good — skip to the next question,what_novel_has_the_quote_i’m_late_i’m_late_for_a_very_important_date_fill_13.wav,filler_other,NA,NA,NA,Alice in Wonderland,s,secsame,,,,,FB_1205
20,527d0d955938f3158cedbd5f03cdf9114bb2a39d09e114917499089989643a9f,NA,what_novel_has_the_quote_i’m_late_i’m_late_for_a_very_important_date_fill_13.wav,filler_other,NA,NA,NA,Alice in Wonderland,,,,,,,
20,527d0d955938f3158cedbd5f03cdf9114bb2a39d09e114917499089989643a9f,The question does NOT need any corrections.,how_many_days_wooed_wooled_my_tandem_bike_be_gone_if_someone_borrows_it_for_july_targ_17_B.wav,target,phon_err,adj/noun order,/ʊ/ --> /u/; would/wooed,thirty-one days,nans,first,,a,,,FB_1205
20,527d0d955938f3158cedbd5f03cdf9114bb2a39d09e114917499089989643a9f,31,how_many_days_wooed_wooled_my_tandem_bike_be_gone_if_someone_borrows_it_for_july_targ_17_B.wav,target,phon_err,adj/noun order,/ʊ/ --> /u/; would/wooed,thirty-one days,,,,,,,
20,527d0d955938f3158cedbd5f03cdf9114bb2a39d09e114917499089989643a9f,I’m good — skip to the next question,how_many_days_wooed_wooled_my_tandem_bike_be_gone_if_someone_borrows_it_for_july_targ_17_B.wav,target,phon_err,adj/noun order,/ʊ/ --> /u/; would/wooed,thirty-one days,s,secsame,,,,,FB_1205
20,527d0d955938f3158cedbd5f03cdf9114bb2a39d09e114917499089989643a9f,NA,how_many_days_wooed_wooled_my_tandem_bike_be_gone_if_someone_borrows_it_for_july_targ_17_B.wav,target,phon_err,adj/noun order,/ʊ/ --> /u/; would/wooed,thirty-one days,,,,,,,
20,527d0d955938f3158cedbd5f03cdf9114bb2a39d09e114917499089989643a9f,"The question needs to be CORRECTED (Select this if you spot an error, even if you don’t know the answer).",what_term_refers_to_armored_men_who_enjoyed_to_carry_medieval_swords_that_clash_in_combat_targ_02_C.wav,target,non_phon_err,infinitive vs. participle,/ʃ/ --> /s/; clash/class,knights,y,first,np,,,,FB_1205
20,527d0d955938f3158cedbd5f03cdf9114bb2a39d09e114917499089989643a9f,"""To carry"" should be ""carrying."" Answer is knights.",what_term_refers_to_armored_men_who_enjoyed_to_carry_medieval_swords_that_clash_in_combat_targ_02_C.wav,target,non_phon_err,infinitive vs. participle,/ʃ/ --> /s/; clash/class,knights,,,,,,,
20,527d0d955938f3158cedbd5f03cdf9114bb2a39d09e114917499089989643a9f,"The question needs to be CORRECTED (Select this if you spot an error, even if you don’t know the answer).",what_term_refers_to_armored_men_who_enjoyed_to_carry_medieval_swords_that_clash_in_combat_targ_02_C.wav,target,non_phon_err,infinitive vs. participle,/ʃ/ --> /s/; clash/class,knights,y,secdiff,np,,also: otherp,,FB_1205
20,527d0d955938f3158cedbd5f03cdf9114bb2a39d09e114917499089989643a9f,"""To carry"" should be ""carrying."" ""Medical"" should either be ""metal"" or ""medieval."" Answer is knights.",what_term_refers_to_armored_men_who_enjoyed_to_carry_medieval_swords_that_clash_in_combat_targ_02_C.wav,target,non_phon_err,infinitive vs. participle,/ʃ/ --> /s/; clash/class,knights,,,,,,,
20,527d0d955938f3158cedbd5f03cdf9114bb2a39d09e114917499089989643a9f,The question does NOT need any corrections.,what_organ_is_often_associated_with_being_eaten_by_rotting_flesh_monsters_also_known_as_zombies_fill_02.wav,filler_other,NA,NA,NA,the brain,nans,first,,a,,,FB_1205
20,527d0d955938f3158cedbd5f03cdf9114bb2a39d09e114917499089989643a9f,Brain,what_organ_is_often_associated_with_being_eaten_by_rotting_flesh_monsters_also_known_as_zombies_fill_02.wav,filler_other,NA,NA,NA,the brain,,,,,,,
20,527d0d955938f3158cedbd5f03cdf9114bb2a39d09e114917499089989643a9f,I’m good — skip to the next question,what_organ_is_often_associated_with_being_eaten_by_rotting_flesh_monsters_also_known_as_zombies_fill_02.wav,filler_other,NA,NA,NA,the brain,s,secsame,,,,,FB_1205
20,527d0d955938f3158cedbd5f03cdf9114bb2a39d09e114917499089989643a9f,NA,what_organ_is_often_associated_with_being_eaten_by_rotting_flesh_monsters_also_known_as_zombies_fill_02.wav,filler_other,NA,NA,NA,the brain,,,,,,,
20,527d0d955938f3158cedbd5f03cdf9114bb2a39d09e114917499089989643a9f,"The question needs to be CORRECTED (Select this if you spot an error, even if you don’t know the answer).",in_the_lion_king_who_does_nala_talk_to_and_is_laying_in_a_got_after_theyve_reunited_targ_21_B.wav,target,phon_err,no aux verbs in questions (lack of do support),/k/ --> /g/; cot/got,Simba,y,first,other,,participant didn't understand question,,FB_1205
20,527d0d955938f3158cedbd5f03cdf9114bb2a39d09e114917499089989643a9f,Didn't understand the question. Answer probably Simba?,in_the_lion_king_who_does_nala_talk_to_and_is_laying_in_a_got_after_theyve_reunited_targ_21_B.wav,target,phon_err,no aux verbs in questions (lack of do support),/k/ --> /g/; cot/got,Simba,,,,,,,
20,527d0d955938f3158cedbd5f03cdf9114bb2a39d09e114917499089989643a9f,"The question needs to be CORRECTED (Select this if you spot an error, even if you don’t know the answer).",in_the_lion_king_who_does_nala_talk_to_and_is_laying_in_a_got_after_theyve_reunited_targ_21_B.wav,target,phon_err,no aux verbs in questions (lack of do support),/k/ --> /g/; cot/got,Simba,y,secdiff,p,,,,FB_1205
20,527d0d955938f3158cedbd5f03cdf9114bb2a39d09e114917499089989643a9f,"Not sure what ""laying in a got"" is supposed to be. Answer is probably Simba.",in_the_lion_king_who_does_nala_talk_to_and_is_laying_in_a_got_after_theyve_reunited_targ_21_B.wav,target,phon_err,no aux verbs in questions (lack of do support),/k/ --> /g/; cot/got,Simba,,,,,,,
20,527d0d955938f3158cedbd5f03cdf9114bb2a39d09e114917499089989643a9f,The question does NOT need any corrections.,which_oscar-winning_movie_features_tom_hanks_saying_life_is_like_a_box_of_chocolates_fill_12.wav,filler_other,NA,NA,NA,Forrest Gump,nans,first,,a,,,FB_1205
20,527d0d955938f3158cedbd5f03cdf9114bb2a39d09e114917499089989643a9f,Forrest Gump,which_oscar-winning_movie_features_tom_hanks_saying_life_is_like_a_box_of_chocolates_fill_12.wav,filler_other,NA,NA,NA,Forrest Gump,,,,,,,
20,527d0d955938f3158cedbd5f03cdf9114bb2a39d09e114917499089989643a9f,I’m good — skip to the next question,which_oscar-winning_movie_features_tom_hanks_saying_life_is_like_a_box_of_chocolates_fill_12.wav,filler_other,NA,NA,NA,Forrest Gump,s,secsame,,,,,FB_1205
20,527d0d955938f3158cedbd5f03cdf9114bb2a39d09e114917499089989643a9f,NA,which_oscar-winning_movie_features_tom_hanks_saying_life_is_like_a_box_of_chocolates_fill_12.wav,filler_other,NA,NA,NA,Forrest Gump,,,,,,,
20,527d0d955938f3158cedbd5f03cdf9114bb2a39d09e114917499089989643a9f,The question does NOT need any corrections.,which_season_do_we_associate_with_thanksgiving_the_beginning_of_school_and_leaves_turning_brown_fill_19.wav,filler_other,NA,NA,NA,Fall,nans,first,,a,,,FB_1205
20,527d0d955938f3158cedbd5f03cdf9114bb2a39d09e114917499089989643a9f,Autumn,which_season_do_we_associate_with_thanksgiving_the_beginning_of_school_and_leaves_turning_brown_fill_19.wav,filler_other,NA,NA,NA,Fall,,,,,,,
20,527d0d955938f3158cedbd5f03cdf9114bb2a39d09e114917499089989643a9f,I’m good — skip to the next question,which_season_do_we_associate_with_thanksgiving_the_beginning_of_school_and_leaves_turning_brown_fill_19.wav,filler_other,NA,NA,NA,Fall,s,secsame,,,,,FB_1205
20,527d0d955938f3158cedbd5f03cdf9114bb2a39d09e114917499089989643a9f,NA,which_season_do_we_associate_with_thanksgiving_the_beginning_of_school_and_leaves_turning_brown_fill_19.wav,filler_other,NA,NA,NA,Fall,,,,,,,
20,527d0d955938f3158cedbd5f03cdf9114bb2a39d09e114917499089989643a9f,The question does NOT need any corrections.,what_animal_is_typically_white_with_black_spots_and_says_moo_fill_21.wav,filler_other,NA,NA,NA,a cow,nans,first,,a,,,FB_1205
20,527d0d955938f3158cedbd5f03cdf9114bb2a39d09e114917499089989643a9f,Cow,what_animal_is_typically_white_with_black_spots_and_says_moo_fill_21.wav,filler_other,NA,NA,NA,a cow,,,,,,,
20,527d0d955938f3158cedbd5f03cdf9114bb2a39d09e114917499089989643a9f,I’m good — skip to the next question,what_animal_is_typically_white_with_black_spots_and_says_moo_fill_21.wav,filler_other,NA,NA,NA,a cow,s,secsame,,,,,FB_1205
20,527d0d955938f3158cedbd5f03cdf9114bb2a39d09e114917499089989643a9f,NA,what_animal_is_typically_white_with_black_spots_and_says_moo_fill_21.wav,filler_other,NA,NA,NA,a cow,,,,,,,
20,527d0d955938f3158cedbd5f03cdf9114bb2a39d09e114917499089989643a9f,The question does NOT need any corrections.,who_discovered_the_law_of_universal_gravitation_which_accounts_for_why_objects_naturally_fall_downwards_fill_15.wav,filler_other,NA,NA,NA,Isaac Newton,nans,first,,a,,,FB_1205
20,527d0d955938f3158cedbd5f03cdf9114bb2a39d09e114917499089989643a9f,Isaac Newton,who_discovered_the_law_of_universal_gravitation_which_accounts_for_why_objects_naturally_fall_downwards_fill_15.wav,filler_other,NA,NA,NA,Isaac Newton,,,,,,,
20,527d0d955938f3158cedbd5f03cdf9114bb2a39d09e114917499089989643a9f,I’m good — skip to the next question,who_discovered_the_law_of_universal_gravitation_which_accounts_for_why_objects_naturally_fall_downwards_fill_15.wav,filler_other,NA,NA,NA,Isaac Newton,s,secsame,,,,,FB_1205
20,527d0d955938f3158cedbd5f03cdf9114bb2a39d09e114917499089989643a9f,NA,who_discovered_the_law_of_universal_gravitation_which_accounts_for_why_objects_naturally_fall_downwards_fill_15.wav,filler_other,NA,NA,NA,Isaac Newton,,,,,,,
20,527d0d955938f3158cedbd5f03cdf9114bb2a39d09e114917499089989643a9f,The question does NOT need any corrections.,what_us_holiday_is_often_celebrated_with_fireworks_and_hotdogs_to_honor_americas_freedom_fill_17.wav,filler_other,NA,NA,NA,Independence Day,nans,first,,a,,,FB_1205
20,527d0d955938f3158cedbd5f03cdf9114bb2a39d09e114917499089989643a9f,Independence Day,what_us_holiday_is_often_celebrated_with_fireworks_and_hotdogs_to_honor_americas_freedom_fill_17.wav,filler_other,NA,NA,NA,Independence Day,,,,,,,
20,527d0d955938f3158cedbd5f03cdf9114bb2a39d09e114917499089989643a9f,I’m good — skip to the next question,what_us_holiday_is_often_celebrated_with_fireworks_and_hotdogs_to_honor_americas_freedom_fill_17.wav,filler_other,NA,NA,NA,Independence Day,s,secsame,,,,,FB_1205
20,527d0d955938f3158cedbd5f03cdf9114bb2a39d09e114917499089989643a9f,NA,what_us_holiday_is_often_celebrated_with_fireworks_and_hotdogs_to_honor_americas_freedom_fill_17.wav,filler_other,NA,NA,NA,Independence Day,,,,,,,
20,527d0d955938f3158cedbd5f03cdf9114bb2a39d09e114917499089989643a9f,"The question needs to be CORRECTED (Select this if you spot an error, even if you don’t know the answer).",what_big_star_in_our_solar_system_can_steal_be_visible_when_is_cloudy_targ_19_D.wav,target,both_err,expletive 'it' dropping,/ɪ/ --> /i/; still/steal,the Sun,y,first,otherp,,,,FB_1205
20,527d0d955938f3158cedbd5f03cdf9114bb2a39d09e114917499089989643a9f,"""Sar"" should be ""star."" ""Is"" should be ""it's."" Answer is the sun.",what_big_star_in_our_solar_system_can_steal_be_visible_when_is_cloudy_targ_19_D.wav,target,both_err,expletive 'it' dropping,/ɪ/ --> /i/; still/steal,the Sun,,,,,,,
20,527d0d955938f3158cedbd5f03cdf9114bb2a39d09e114917499089989643a9f,I’m good — skip to the next question,what_big_star_in_our_solar_system_can_steal_be_visible_when_is_cloudy_targ_19_D.wav,target,both_err,expletive 'it' dropping,/ɪ/ --> /i/; still/steal,the Sun,s,secsame,,,,,FB_1205
20,527d0d955938f3158cedbd5f03cdf9114bb2a39d09e114917499089989643a9f,NA,what_big_star_in_our_solar_system_can_steal_be_visible_when_is_cloudy_targ_19_D.wav,target,both_err,expletive 'it' dropping,/ɪ/ --> /i/; still/steal,the Sun,,,,,,,
20,527d0d955938f3158cedbd5f03cdf9114bb2a39d09e114917499089989643a9f,The question does NOT need any corrections.,what_popular_us_chain_provides_a_happy_meal_toy_or_plush_when_kids_are_hungry_targ_20_A.wav,target,correct,have vs. be,/ʃ/ --> /s/; plush/plus,McDonald's,nans,first,,a,,,FB_1205
20,527d0d955938f3158cedbd5f03cdf9114bb2a39d09e114917499089989643a9f,McDonald's,what_popular_us_chain_provides_a_happy_meal_toy_or_plush_when_kids_are_hungry_targ_20_A.wav,target,correct,have vs. be,/ʃ/ --> /s/; plush/plus,McDonald's,,,,,,,
20,527d0d955938f3158cedbd5f03cdf9114bb2a39d09e114917499089989643a9f,I’m good — skip to the next question,what_popular_us_chain_provides_a_happy_meal_toy_or_plush_when_kids_are_hungry_targ_20_A.wav,target,correct,have vs. be,/ʃ/ --> /s/; plush/plus,McDonald's,s,secsame,,,,,FB_1205
20,527d0d955938f3158cedbd5f03cdf9114bb2a39d09e114917499089989643a9f,NA,what_popular_us_chain_provides_a_happy_meal_toy_or_plush_when_kids_are_hungry_targ_20_A.wav,target,correct,have vs. be,/ʃ/ --> /s/; plush/plus,McDonald's,,,,,,,
20,527d0d955938f3158cedbd5f03cdf9114bb2a39d09e114917499089989643a9f,"The question needs to be CORRECTED (Select this if you spot an error, even if you don’t know the answer).",what_company_created_the_macbook_a_device_fool_of_features_to_help_students_make_homework_targ_23_D.wav,target,both_err,make vs. other verb,/ʊ/ --> /u/; full/fool,Apple,y,first,np,,,,FB_1205
20,527d0d955938f3158cedbd5f03cdf9114bb2a39d09e114917499089989643a9f,"""Make"" should be ""do."" Answer is Apple.",what_company_created_the_macbook_a_device_fool_of_features_to_help_students_make_homework_targ_23_D.wav,target,both_err,make vs. other verb,/ʊ/ --> /u/; full/fool,Apple,,,,,,,
20,527d0d955938f3158cedbd5f03cdf9114bb2a39d09e114917499089989643a9f,I’m good — skip to the next question,what_company_created_the_macbook_a_device_fool_of_features_to_help_students_make_homework_targ_23_D.wav,target,both_err,make vs. other verb,/ʊ/ --> /u/; full/fool,Apple,s,secsame,,,,,FB_1205
20,527d0d955938f3158cedbd5f03cdf9114bb2a39d09e114917499089989643a9f,NA,what_company_created_the_macbook_a_device_fool_of_features_to_help_students_make_homework_targ_23_D.wav,target,both_err,make vs. other verb,/ʊ/ --> /u/; full/fool,Apple,,,,,,,
20,527d0d955938f3158cedbd5f03cdf9114bb2a39d09e114917499089989643a9f,The question does NOT need any corrections.,which_british_celebrity_judge_often_harshly_critiqued_contestants_on_the_nationwide_singing_contest_american_idol_fill_03.wav,filler_other,NA,NA,NA,Simon Cowell,nans,first,,a,,,FB_1205
20,527d0d955938f3158cedbd5f03cdf9114bb2a39d09e114917499089989643a9f,Simon Cowell,which_british_celebrity_judge_often_harshly_critiqued_contestants_on_the_nationwide_singing_contest_american_idol_fill_03.wav,filler_other,NA,NA,NA,Simon Cowell,,,,,,,
20,527d0d955938f3158cedbd5f03cdf9114bb2a39d09e114917499089989643a9f,I’m good — skip to the next question,which_british_celebrity_judge_often_harshly_critiqued_contestants_on_the_nationwide_singing_contest_american_idol_fill_03.wav,filler_other,NA,NA,NA,Simon Cowell,s,secsame,,,,,FB_1205
20,527d0d955938f3158cedbd5f03cdf9114bb2a39d09e114917499089989643a9f,NA,which_british_celebrity_judge_often_harshly_critiqued_contestants_on_the_nationwide_singing_contest_american_idol_fill_03.wav,filler_other,NA,NA,NA,Simon Cowell,,,,,,,
20,527d0d955938f3158cedbd5f03cdf9114bb2a39d09e114917499089989643a9f,"The question needs to be CORRECTED (Select this if you spot an error, even if you don’t know the answer).",what_mythical_creatures_have_been_said_to_drink_blood_turn_into_bats_and_hate_onions_fill_14.wav,filler_other,NA,NA,NA,vampires,y,first,otherfill,,,,FB_1205
20,527d0d955938f3158cedbd5f03cdf9114bb2a39d09e114917499089989643a9f,"""Onions"" should be ""garlic."" Answer is vampires.",what_mythical_creatures_have_been_said_to_drink_blood_turn_into_bats_and_hate_onions_fill_14.wav,filler_other,NA,NA,NA,vampires,,,,,,,
20,527d0d955938f3158cedbd5f03cdf9114bb2a39d09e114917499089989643a9f,I’m good — skip to the next question,what_mythical_creatures_have_been_said_to_drink_blood_turn_into_bats_and_hate_onions_fill_14.wav,filler_other,NA,NA,NA,vampires,s,secsame,,,,,FB_1205
20,527d0d955938f3158cedbd5f03cdf9114bb2a39d09e114917499089989643a9f,NA,what_mythical_creatures_have_been_said_to_drink_blood_turn_into_bats_and_hate_onions_fill_14.wav,filler_other,NA,NA,NA,vampires,,,,,,,
20,527d0d955938f3158cedbd5f03cdf9114bb2a39d09e114917499089989643a9f,"The question needs to be CORRECTED (Select this if you spot an error, even if you don’t know the answer).",what_supplies_do_you_need_to_neat_a_scarf_targ_13_B.wav,target,phon_err,no aux verbs in questions (lack of do support),/ɪ/ --> /i/; knit/neat,needles and yarn,y,first,p,,,,FB_1205
20,527d0d955938f3158cedbd5f03cdf9114bb2a39d09e114917499089989643a9f,"""Knit"" should be pronounced with a short i. Answer is yarn and knitting needles.",what_supplies_do_you_need_to_neat_a_scarf_targ_13_B.wav,target,phon_err,no aux verbs in questions (lack of do support),/ɪ/ --> /i/; knit/neat,needles and yarn,,,,,,,
20,527d0d955938f3158cedbd5f03cdf9114bb2a39d09e114917499089989643a9f,I’m good — skip to the next question,what_supplies_do_you_need_to_neat_a_scarf_targ_13_B.wav,target,phon_err,no aux verbs in questions (lack of do support),/ɪ/ --> /i/; knit/neat,needles and yarn,s,secsame,,,,,FB_1205
20,527d0d955938f3158cedbd5f03cdf9114bb2a39d09e114917499089989643a9f,NA,what_supplies_do_you_need_to_neat_a_scarf_targ_13_B.wav,target,phon_err,no aux verbs in questions (lack of do support),/ɪ/ --> /i/; knit/neat,needles and yarn,,,,,,,
20,527d0d955938f3158cedbd5f03cdf9114bb2a39d09e114917499089989643a9f,"The question needs to be CORRECTED (Select this if you spot an error, even if you don’t know the answer).",which_scottish_actor_first_played_james_bond_wearing_guilts_to_red_carpets_when_he_had_32_years_old_targ_03_D.wav,target,both_err,have vs. be,/k/ --> /g/; kilt/guilt,Sean Connery,y,first,np,,,,FB_1205
20,527d0d955938f3158cedbd5f03cdf9114bb2a39d09e114917499089989643a9f,"""Had 32"" should be ""was 32."" I don't know the answer.",which_scottish_actor_first_played_james_bond_wearing_guilts_to_red_carpets_when_he_had_32_years_old_targ_03_D.wav,target,both_err,have vs. be,/k/ --> /g/; kilt/guilt,Sean Connery,,,,,,,
20,527d0d955938f3158cedbd5f03cdf9114bb2a39d09e114917499089989643a9f,"The question needs to be CORRECTED (Select this if you spot an error, even if you don’t know the answer).",which_scottish_actor_first_played_james_bond_wearing_guilts_to_red_carpets_when_he_had_32_years_old_targ_03_D.wav,target,both_err,have vs. be,/k/ --> /g/; kilt/guilt,Sean Connery,y,secdiff,both,,"participant noticed the intended phon error, but they misheard it as 'goats' so not entirely sure if that counts",,FB_1205
20,527d0d955938f3158cedbd5f03cdf9114bb2a39d09e114917499089989643a9f,"I can't tell what ""wearing goats to red carpet"" should be. ""Red carpet"" should be ""the red carpet"" and ""had"" should be ""was.""",which_scottish_actor_first_played_james_bond_wearing_guilts_to_red_carpets_when_he_had_32_years_old_targ_03_D.wav,target,both_err,have vs. be,/k/ --> /g/; kilt/guilt,Sean Connery,,,,,,,
20,527d0d955938f3158cedbd5f03cdf9114bb2a39d09e114917499089989643a9f,"The question needs to be CORRECTED (Select this if you spot an error, even if you don’t know the answer).",if_laundry_service_will_gum_in_five_days_and_todays_thursday_when_are_they_doing_laundry_next_targ_09_B.wav,target,phon_err,make vs. other verb,/k/ --> /g/; come/gum,Tuesday,y,first,other,,they didn't understand the question,,FB_1205
20,527d0d955938f3158cedbd5f03cdf9114bb2a39d09e114917499089989643a9f,I didn't understand the question.,if_laundry_service_will_gum_in_five_days_and_todays_thursday_when_are_they_doing_laundry_next_targ_09_B.wav,target,phon_err,make vs. other verb,/k/ --> /g/; come/gum,Tuesday,,,,,,,
20,527d0d955938f3158cedbd5f03cdf9114bb2a39d09e114917499089989643a9f,The question does NOT need any corrections.,if_laundry_service_will_gum_in_five_days_and_todays_thursday_when_are_they_doing_laundry_next_targ_09_B.wav,target,phon_err,make vs. other verb,/k/ --> /g/; come/gum,Tuesday,nans,secdiff,,a,,,FB_1205
20,527d0d955938f3158cedbd5f03cdf9114bb2a39d09e114917499089989643a9f,Tuesday,if_laundry_service_will_gum_in_five_days_and_todays_thursday_when_are_they_doing_laundry_next_targ_09_B.wav,target,phon_err,make vs. other verb,/k/ --> /g/; come/gum,Tuesday,,,,,,,
20,527d0d955938f3158cedbd5f03cdf9114bb2a39d09e114917499089989643a9f,The question does NOT need any corrections.,what_kind_of_animal_is_mickey_mouse’s_girlfriend_minnie_who_wears_a_bow_fill_09.wav,filler_other,NA,NA,NA,mouse,nans,first,,a,,,FB_1205
20,527d0d955938f3158cedbd5f03cdf9114bb2a39d09e114917499089989643a9f,Mouse,what_kind_of_animal_is_mickey_mouse’s_girlfriend_minnie_who_wears_a_bow_fill_09.wav,filler_other,NA,NA,NA,mouse,,,,,,,
20,527d0d955938f3158cedbd5f03cdf9114bb2a39d09e114917499089989643a9f,I’m good — skip to the next question,what_kind_of_animal_is_mickey_mouse’s_girlfriend_minnie_who_wears_a_bow_fill_09.wav,filler_other,NA,NA,NA,mouse,s,secsame,,,,,FB_1205
20,527d0d955938f3158cedbd5f03cdf9114bb2a39d09e114917499089989643a9f,NA,what_kind_of_animal_is_mickey_mouse’s_girlfriend_minnie_who_wears_a_bow_fill_09.wav,filler_other,NA,NA,NA,mouse,,,,,,,
20,527d0d955938f3158cedbd5f03cdf9114bb2a39d09e114917499089989643a9f,"The question needs to be CORRECTED (Select this if you spot an error, even if you don’t know the answer).",what_kind_of_weather_cooed_cooled_occur_when_it_is_raining_and_below_freezing_targ_05_B.wav,target,phon_err,expletive 'it' dropping,/ʊ/ --> /u/; could/cooed,snow,y,first,p,,,,FB_1205
20,527d0d955938f3158cedbd5f03cdf9114bb2a39d09e114917499089989643a9f,"""Cooled"" should be ""could."" Answer is snow.",what_kind_of_weather_cooed_cooled_occur_when_it_is_raining_and_below_freezing_targ_05_B.wav,target,phon_err,expletive 'it' dropping,/ʊ/ --> /u/; could/cooed,snow,,,,,,,
20,527d0d955938f3158cedbd5f03cdf9114bb2a39d09e114917499089989643a9f,"The question needs to be CORRECTED (Select this if you spot an error, even if you don’t know the answer).",what_kind_of_weather_cooed_cooled_occur_when_it_is_raining_and_below_freezing_targ_05_B.wav,target,phon_err,expletive 'it' dropping,/ʊ/ --> /u/; could/cooed,snow,y,secdiff,p,,also mentioned otherp,,FB_1205
20,527d0d955938f3158cedbd5f03cdf9114bb2a39d09e114917499089989643a9f,"Fix pronunciation of ""could"" and ""occur."" Answer is snow.",what_kind_of_weather_cooed_cooled_occur_when_it_is_raining_and_below_freezing_targ_05_B.wav,target,phon_err,expletive 'it' dropping,/ʊ/ --> /u/; could/cooed,snow,,,,,,,
20,527d0d955938f3158cedbd5f03cdf9114bb2a39d09e114917499089989643a9f,"The question needs to be CORRECTED (Select this if you spot an error, even if you don’t know the answer).",what_holiday_occurs_at_the_end_of_october_and_features_trick-or-treating_pumpkins_and_haunted_houses_fill_07.wav,filler_other,NA,NA,NA,Halloween,y,first,otherfill,,,,FB_1205
20,527d0d955938f3158cedbd5f03cdf9114bb2a39d09e114917499089989643a9f,"Fix pronunciation of ""occur"" and ""pumpkins."" Answer is Halloween.",what_holiday_occurs_at_the_end_of_october_and_features_trick-or-treating_pumpkins_and_haunted_houses_fill_07.wav,filler_other,NA,NA,NA,Halloween,,,,,,,
20,527d0d955938f3158cedbd5f03cdf9114bb2a39d09e114917499089989643a9f,I’m good — skip to the next question,what_holiday_occurs_at_the_end_of_october_and_features_trick-or-treating_pumpkins_and_haunted_houses_fill_07.wav,filler_other,NA,NA,NA,Halloween,s,secsame,,,,,FB_1205
20,527d0d955938f3158cedbd5f03cdf9114bb2a39d09e114917499089989643a9f,NA,what_holiday_occurs_at_the_end_of_october_and_features_trick-or-treating_pumpkins_and_haunted_houses_fill_07.wav,filler_other,NA,NA,NA,Halloween,,,,,,,
20,527d0d955938f3158cedbd5f03cdf9114bb2a39d09e114917499089989643a9f,The question does NOT need any corrections.,because_it_is_important_to_honor_the_irish_saint_what_holiday_occurs_on_march_17th_targ_08_A.wav,target,correct,expletive 'it' dropping,/ʃ/ --> /s/; Irish/iris,St. Patrick's Day,nans,first,,a,,,FB_1205
20,527d0d955938f3158cedbd5f03cdf9114bb2a39d09e114917499089989643a9f,St Patrick's Day,because_it_is_important_to_honor_the_irish_saint_what_holiday_occurs_on_march_17th_targ_08_A.wav,target,correct,expletive 'it' dropping,/ʃ/ --> /s/; Irish/iris,St. Patrick's Day,,,,,,,
20,527d0d955938f3158cedbd5f03cdf9114bb2a39d09e114917499089989643a9f,I’m good — skip to the next question,because_it_is_important_to_honor_the_irish_saint_what_holiday_occurs_on_march_17th_targ_08_A.wav,target,correct,expletive 'it' dropping,/ʃ/ --> /s/; Irish/iris,St. Patrick's Day,s,secsame,,,,,FB_1205
20,527d0d955938f3158cedbd5f03cdf9114bb2a39d09e114917499089989643a9f,NA,because_it_is_important_to_honor_the_irish_saint_what_holiday_occurs_on_march_17th_targ_08_A.wav,target,correct,expletive 'it' dropping,/ʃ/ --> /s/; Irish/iris,St. Patrick's Day,,,,,,,
20,527d0d955938f3158cedbd5f03cdf9114bb2a39d09e114917499089989643a9f,The question does NOT need any corrections.,what_letter_in_the_latin_alphabet_corresponds_to_the_greek_letter_alpha_fill_01.wav,filler_other,NA,NA,NA,a,nans,first,,a,,,FB_1205
20,527d0d955938f3158cedbd5f03cdf9114bb2a39d09e114917499089989643a9f,A,what_letter_in_the_latin_alphabet_corresponds_to_the_greek_letter_alpha_fill_01.wav,filler_other,NA,NA,NA,a,,,,,,,
20,527d0d955938f3158cedbd5f03cdf9114bb2a39d09e114917499089989643a9f,I’m good — skip to the next question,what_letter_in_the_latin_alphabet_corresponds_to_the_greek_letter_alpha_fill_01.wav,filler_other,NA,NA,NA,a,s,secsame,,,,,FB_1205
20,527d0d955938f3158cedbd5f03cdf9114bb2a39d09e114917499089989643a9f,NA,what_letter_in_the_latin_alphabet_corresponds_to_the_greek_letter_alpha_fill_01.wav,filler_other,NA,NA,NA,a,,,,,,,
20,527d0d955938f3158cedbd5f03cdf9114bb2a39d09e114917499089989643a9f,"The question needs to be CORRECTED (Select this if you spot an error, even if you don’t know the answer).",if_a_janitor_hardworking_cleaned_a_vent_in_five_minutes_how_many_seconds_is_that_targ_22_C.wav,target,non_phon_err,adj/noun order,/v/ --> /b/; vent/bent,eight,y,first,np,,,,FB_1205
20,527d0d955938f3158cedbd5f03cdf9114bb2a39d09e114917499089989643a9f,"Put ""hard working"" before ""janitor."" Answer is 300.",if_a_janitor_hardworking_cleaned_a_vent_in_five_minutes_how_many_seconds_is_that_targ_22_C.wav,target,non_phon_err,adj/noun order,/v/ --> /b/; vent/bent,eight,,,,,,,
20,527d0d955938f3158cedbd5f03cdf9114bb2a39d09e114917499089989643a9f,I’m good — skip to the next question,if_a_janitor_hardworking_cleaned_a_vent_in_five_minutes_how_many_seconds_is_that_targ_22_C.wav,target,non_phon_err,adj/noun order,/v/ --> /b/; vent/bent,eight,s,secsame,,,,,FB_1205
20,527d0d955938f3158cedbd5f03cdf9114bb2a39d09e114917499089989643a9f,NA,if_a_janitor_hardworking_cleaned_a_vent_in_five_minutes_how_many_seconds_is_that_targ_22_C.wav,target,non_phon_err,adj/noun order,/v/ --> /b/; vent/bent,eight,,,,,,,
20,527d0d955938f3158cedbd5f03cdf9114bb2a39d09e114917499089989643a9f,"The question needs to be CORRECTED (Select this if you spot an error, even if you don’t know the answer).",which_fast_food_chain_offers_foot-long_sandwiches_and_has_the_slogan_eat_fresh_fill_11.wav,filler_other,NA,NA,NA,Subway,y,first,otherfill,,,,FB_1205
20,527d0d955938f3158cedbd5f03cdf9114bb2a39d09e114917499089989643a9f,"""Eat"" sounds like ""it."" Answer is Subway.",which_fast_food_chain_offers_foot-long_sandwiches_and_has_the_slogan_eat_fresh_fill_11.wav,filler_other,NA,NA,NA,Subway,,,,,,,
20,527d0d955938f3158cedbd5f03cdf9114bb2a39d09e114917499089989643a9f,I’m good — skip to the next question,which_fast_food_chain_offers_foot-long_sandwiches_and_has_the_slogan_eat_fresh_fill_11.wav,filler_other,NA,NA,NA,Subway,s,secsame,,,,,FB_1205
20,527d0d955938f3158cedbd5f03cdf9114bb2a39d09e114917499089989643a9f,NA,which_fast_food_chain_offers_foot-long_sandwiches_and_has_the_slogan_eat_fresh_fill_11.wav,filler_other,NA,NA,NA,Subway,,,,,,,
20,527d0d955938f3158cedbd5f03cdf9114bb2a39d09e114917499089989643a9f,The question does NOT need any corrections.,which_soft_pastry_made_with_a_certain_spice_is_often_spiral-shaped_and_topped_with_icing_fill_16.wav,filler_other,NA,NA,NA,cinnamon roll,nans,first,,a,,,FB_1205
20,527d0d955938f3158cedbd5f03cdf9114bb2a39d09e114917499089989643a9f,Cinnamon roll,which_soft_pastry_made_with_a_certain_spice_is_often_spiral-shaped_and_topped_with_icing_fill_16.wav,filler_other,NA,NA,NA,cinnamon roll,,,,,,,
20,527d0d955938f3158cedbd5f03cdf9114bb2a39d09e114917499089989643a9f,I’m good — skip to the next question,which_soft_pastry_made_with_a_certain_spice_is_often_spiral-shaped_and_topped_with_icing_fill_16.wav,filler_other,NA,NA,NA,cinnamon roll,s,secsame,,,,,FB_1205
20,527d0d955938f3158cedbd5f03cdf9114bb2a39d09e114917499089989643a9f,NA,which_soft_pastry_made_with_a_certain_spice_is_often_spiral-shaped_and_topped_with_icing_fill_16.wav,filler_other,NA,NA,NA,cinnamon roll,,,,,,,
20,527d0d955938f3158cedbd5f03cdf9114bb2a39d09e114917499089989643a9f,The question does NOT need any corrections.,for_what_pink_ice_cream_flavor_wheel_companies_do_their_best_to_use_real_fruit_targ_01_B.wav,target,phon_err,make vs. other verb,/ɪ/ --> /i/; will/wheel,strawberry,nans,first,,a,,,FB_1205
20,527d0d955938f3158cedbd5f03cdf9114bb2a39d09e114917499089989643a9f,Strawberry,for_what_pink_ice_cream_flavor_wheel_companies_do_their_best_to_use_real_fruit_targ_01_B.wav,target,phon_err,make vs. other verb,/ɪ/ --> /i/; will/wheel,strawberry,,,,,,,
20,527d0d955938f3158cedbd5f03cdf9114bb2a39d09e114917499089989643a9f,I’m good — skip to the next question,for_what_pink_ice_cream_flavor_wheel_companies_do_their_best_to_use_real_fruit_targ_01_B.wav,target,phon_err,make vs. other verb,/ɪ/ --> /i/; will/wheel,strawberry,s,secsame,,,,,FB_1205
20,527d0d955938f3158cedbd5f03cdf9114bb2a39d09e114917499089989643a9f,NA,for_what_pink_ice_cream_flavor_wheel_companies_do_their_best_to_use_real_fruit_targ_01_B.wav,target,phon_err,make vs. other verb,/ɪ/ --> /i/; will/wheel,strawberry,,,,,,,
20,527d0d955938f3158cedbd5f03cdf9114bb2a39d09e114917499089989643a9f,"The question needs to be CORRECTED (Select this if you spot an error, even if you don’t know the answer).",what_colors_can_have_on_a_traffic_light_which_often_senses_when_cars_pool_up_targ_11_D.wav,target,both_err,have vs. be,/ʊ/ --> /u/; pulls/pools,green,y,first,other,,they didn't understand the question,,FB_1205
20,527d0d955938f3158cedbd5f03cdf9114bb2a39d09e114917499089989643a9f,Didn't understand the question,what_colors_can_have_on_a_traffic_light_which_often_senses_when_cars_pool_up_targ_11_D.wav,target,both_err,have vs. be,/ʊ/ --> /u/; pulls/pools,green,,,,,,,
20,527d0d955938f3158cedbd5f03cdf9114bb2a39d09e114917499089989643a9f,"The question needs to be CORRECTED (Select this if you spot an error, even if you don’t know the answer).",what_colors_can_have_on_a_traffic_light_which_often_senses_when_cars_pool_up_targ_11_D.wav,target,both_err,have vs. be,/ʊ/ --> /u/; pulls/pools,green,y,secdiff,np,,,,FB_1205
20,527d0d955938f3158cedbd5f03cdf9114bb2a39d09e114917499089989643a9f,"""Have"" should be ""be."" Answer is red, yellow, green.",what_colors_can_have_on_a_traffic_light_which_often_senses_when_cars_pool_up_targ_11_D.wav,target,both_err,have vs. be,/ʊ/ --> /u/; pulls/pools,green,,,,,,,
20,527d0d955938f3158cedbd5f03cdf9114bb2a39d09e114917499089989643a9f,The question does NOT need any corrections.,which_tropical_fruit_that_grows_on_palm_trees_is_used_for_oils_and_milks_fill_18.wav,filler_other,NA,NA,NA,coconuts,nans,first,,a,,,FB_1205
20,527d0d955938f3158cedbd5f03cdf9114bb2a39d09e114917499089989643a9f,Coconut,which_tropical_fruit_that_grows_on_palm_trees_is_used_for_oils_and_milks_fill_18.wav,filler_other,NA,NA,NA,coconuts,,,,,,,
20,527d0d955938f3158cedbd5f03cdf9114bb2a39d09e114917499089989643a9f,I’m good — skip to the next question,which_tropical_fruit_that_grows_on_palm_trees_is_used_for_oils_and_milks_fill_18.wav,filler_other,NA,NA,NA,coconuts,s,secsame,,,,,FB_1205
20,527d0d955938f3158cedbd5f03cdf9114bb2a39d09e114917499089989643a9f,NA,which_tropical_fruit_that_grows_on_palm_trees_is_used_for_oils_and_milks_fill_18.wav,filler_other,NA,NA,NA,coconuts,,,,,,,
20,527d0d955938f3158cedbd5f03cdf9114bb2a39d09e114917499089989643a9f,The question does NOT need any corrections.,if_i_consider_leaving_work_after_the_fourth_hour_how_many_minutes_would_that_be_targ_24_A.wav,target,correct,infinitive vs. participle,/θ/ --> /t/; fourth/fort,two hundred and forty,nans,first,,a,,,FB_1205
20,527d0d955938f3158cedbd5f03cdf9114bb2a39d09e114917499089989643a9f,240,if_i_consider_leaving_work_after_the_fourth_hour_how_many_minutes_would_that_be_targ_24_A.wav,target,correct,infinitive vs. participle,/θ/ --> /t/; fourth/fort,two hundred and forty,,,,,,,
20,527d0d955938f3158cedbd5f03cdf9114bb2a39d09e114917499089989643a9f,I’m good — skip to the next question,if_i_consider_leaving_work_after_the_fourth_hour_how_many_minutes_would_that_be_targ_24_A.wav,target,correct,infinitive vs. participle,/θ/ --> /t/; fourth/fort,two hundred and forty,s,secsame,,,,,FB_1205
20,527d0d955938f3158cedbd5f03cdf9114bb2a39d09e114917499089989643a9f,NA,if_i_consider_leaving_work_after_the_fourth_hour_how_many_minutes_would_that_be_targ_24_A.wav,target,correct,infinitive vs. participle,/θ/ --> /t/; fourth/fort,two hundred and forty,,,,,,,
20,527d0d955938f3158cedbd5f03cdf9114bb2a39d09e114917499089989643a9f,The question does NOT need any corrections.,what_is_the_name_of_the_video_game_character_who_is_a_traveling_italian_plumber_fill_08.wav,filler_other,NA,NA,NA,Mario,nans,first,,a,,,FB_1205
20,527d0d955938f3158cedbd5f03cdf9114bb2a39d09e114917499089989643a9f,Mario,what_is_the_name_of_the_video_game_character_who_is_a_traveling_italian_plumber_fill_08.wav,filler_other,NA,NA,NA,Mario,,,,,,,
20,527d0d955938f3158cedbd5f03cdf9114bb2a39d09e114917499089989643a9f,I’m good — skip to the next question,what_is_the_name_of_the_video_game_character_who_is_a_traveling_italian_plumber_fill_08.wav,filler_other,NA,NA,NA,Mario,s,secsame,,,,,FB_1205
20,527d0d955938f3158cedbd5f03cdf9114bb2a39d09e114917499089989643a9f,NA,what_is_the_name_of_the_video_game_character_who_is_a_traveling_italian_plumber_fill_08.wav,filler_other,NA,NA,NA,Mario,,,,,,,
20,527d0d955938f3158cedbd5f03cdf9114bb2a39d09e114917499089989643a9f,"The question needs to be CORRECTED (Select this if you spot an error, even if you don’t know the answer).",what_city_have_people_rushed_to_tour_to_see_where_the_us_government_makes_business_targ_14_C.wav,target,non_phon_err,make vs. other verb,/ʃ/ --> /s/; rushed/rust,Washington D.C.,y,first,np,,,,FB_1205
20,527d0d955938f3158cedbd5f03cdf9114bb2a39d09e114917499089989643a9f,"""Makes"" should be ""does."" Answer is Washington DC.",what_city_have_people_rushed_to_tour_to_see_where_the_us_government_makes_business_targ_14_C.wav,target,non_phon_err,make vs. other verb,/ʃ/ --> /s/; rushed/rust,Washington D.C.,,,,,,,
20,527d0d955938f3158cedbd5f03cdf9114bb2a39d09e114917499089989643a9f,I’m good — skip to the next question,what_city_have_people_rushed_to_tour_to_see_where_the_us_government_makes_business_targ_14_C.wav,target,non_phon_err,make vs. other verb,/ʃ/ --> /s/; rushed/rust,Washington D.C.,s,secsame,,,,,FB_1205
20,527d0d955938f3158cedbd5f03cdf9114bb2a39d09e114917499089989643a9f,NA,what_city_have_people_rushed_to_tour_to_see_where_the_us_government_makes_business_targ_14_C.wav,target,non_phon_err,make vs. other verb,/ʃ/ --> /s/; rushed/rust,Washington D.C.,,,,,,,
20,527d0d955938f3158cedbd5f03cdf9114bb2a39d09e114917499089989643a9f,"The question needs to be CORRECTED (Select this if you spot an error, even if you don’t know the answer).",what_did_neil_armstrong_say_during_his_very_first_steps_on_the_moon_targ_04_A.wav,target,correct,no aux verbs in questions (lack of do support),/v/ --> /b/; very/berry,"""That's one small step for man, one giant leap for mankind.""",y,first,otherp,,,,FB_1205
20,527d0d955938f3158cedbd5f03cdf9114bb2a39d09e114917499089989643a9f,"""Nell"" should be ""Neil."" Don't know the answer.",what_did_neil_armstrong_say_during_his_very_first_steps_on_the_moon_targ_04_A.wav,target,correct,no aux verbs in questions (lack of do support),/v/ --> /b/; very/berry,"""That's one small step for man, one giant leap for mankind.""",,,,,,,
20,527d0d955938f3158cedbd5f03cdf9114bb2a39d09e114917499089989643a9f,I’m good — skip to the next question,what_did_neil_armstrong_say_during_his_very_first_steps_on_the_moon_targ_04_A.wav,target,correct,no aux verbs in questions (lack of do support),/v/ --> /b/; very/berry,"""That's one small step for man, one giant leap for mankind.""",s,secsame,,,,,FB_1205
20,527d0d955938f3158cedbd5f03cdf9114bb2a39d09e114917499089989643a9f,NA,what_did_neil_armstrong_say_during_his_very_first_steps_on_the_moon_targ_04_A.wav,target,correct,no aux verbs in questions (lack of do support),/v/ --> /b/; very/berry,"""That's one small step for man, one giant leap for mankind.""",,,,,,,
20,527d0d955938f3158cedbd5f03cdf9114bb2a39d09e114917499089989643a9f,"The question needs to be CORRECTED (Select this if you spot an error, even if you don’t know the answer).",what_childrens_game_makes_people_seat_down_quickly_when_the_music_loud_stops_targ_07_D.wav,target,both_err,adj/noun order,/ɪ/ --> /i/; sit/seat,musical chairs,y,first,np,,,,FB_1205
20,527d0d955938f3158cedbd5f03cdf9114bb2a39d09e114917499089989643a9f,"""Loud"" should go before ""music."" Answer is ""musical chairs.""",what_childrens_game_makes_people_seat_down_quickly_when_the_music_loud_stops_targ_07_D.wav,target,both_err,adj/noun order,/ɪ/ --> /i/; sit/seat,musical chairs,,,,,,,
20,527d0d955938f3158cedbd5f03cdf9114bb2a39d09e114917499089989643a9f,I’m good — skip to the next question,what_childrens_game_makes_people_seat_down_quickly_when_the_music_loud_stops_targ_07_D.wav,target,both_err,adj/noun order,/ɪ/ --> /i/; sit/seat,musical chairs,s,secsame,,,,,FB_1205
20,527d0d955938f3158cedbd5f03cdf9114bb2a39d09e114917499089989643a9f,NA,what_childrens_game_makes_people_seat_down_quickly_when_the_music_loud_stops_targ_07_D.wav,target,both_err,adj/noun order,/ɪ/ --> /i/; sit/seat,musical chairs,,,,,,,
21,5312f70264052887a30b0f36d7715ed2472a91baf0b4a2a52c9d6d2a98f99ac9,The question does NOT need any corrections.,what_color_is_a_typical_school_bus_fill_28.wav,att_check_good,NA,NA,NA,yellow,nans,first,,a,attention check passed (7/8 correct),,JB_1204
21,5312f70264052887a30b0f36d7715ed2472a91baf0b4a2a52c9d6d2a98f99ac9,yellow,what_color_is_a_typical_school_bus_fill_28.wav,att_check_good,NA,NA,NA,yellow,,,,,,,
21,5312f70264052887a30b0f36d7715ed2472a91baf0b4a2a52c9d6d2a98f99ac9,I’m good — skip to the next question,what_color_is_a_typical_school_bus_fill_28.wav,att_check_good,NA,NA,NA,yellow,s,secsame,,,,,JB_1204
21,5312f70264052887a30b0f36d7715ed2472a91baf0b4a2a52c9d6d2a98f99ac9,NA,what_color_is_a_typical_school_bus_fill_28.wav,att_check_good,NA,NA,NA,yellow,,,,,,,
21,5312f70264052887a30b0f36d7715ed2472a91baf0b4a2a52c9d6d2a98f99ac9,The question does NOT need any corrections.,how_many_legs_does_a_dog_normally_have_fill_25.wav,att_check_good,NA,NA,NA,four,nans,first,,a,,,JB_1204
21,5312f70264052887a30b0f36d7715ed2472a91baf0b4a2a52c9d6d2a98f99ac9,4,how_many_legs_does_a_dog_normally_have_fill_25.wav,att_check_good,NA,NA,NA,four,,,,,,,
21,5312f70264052887a30b0f36d7715ed2472a91baf0b4a2a52c9d6d2a98f99ac9,I’m good — skip to the next question,how_many_legs_does_a_dog_normally_have_fill_25.wav,att_check_good,NA,NA,NA,four,s,secsame,,,,,JB_1204
21,5312f70264052887a30b0f36d7715ed2472a91baf0b4a2a52c9d6d2a98f99ac9,NA,how_many_legs_does_a_dog_normally_have_fill_25.wav,att_check_good,NA,NA,NA,four,,,,,,,
21,5312f70264052887a30b0f36d7715ed2472a91baf0b4a2a52c9d6d2a98f99ac9,"The question needs to be CORRECTED (Select this if you spot an error, even if you don’t know the answer).",how_many_embers_were_in_the_beatles_the_british_rock_band_fill_32.wav,att_check_err,NA,NA,NA,four (members),y,first,acheckp,,,,JB_1204
21,5312f70264052887a30b0f36d7715ed2472a91baf0b4a2a52c9d6d2a98f99ac9,"sounds like ""embers"" not ""members""; 4",how_many_embers_were_in_the_beatles_the_british_rock_band_fill_32.wav,att_check_err,NA,NA,NA,four (members),,,,,,,
21,5312f70264052887a30b0f36d7715ed2472a91baf0b4a2a52c9d6d2a98f99ac9,I’m good — skip to the next question,how_many_embers_were_in_the_beatles_the_british_rock_band_fill_32.wav,att_check_err,NA,NA,NA,four (members),s,secsame,,,,,JB_1204
21,5312f70264052887a30b0f36d7715ed2472a91baf0b4a2a52c9d6d2a98f99ac9,NA,how_many_embers_were_in_the_beatles_the_british_rock_band_fill_32.wav,att_check_err,NA,NA,NA,four (members),,,,,,,
21,5312f70264052887a30b0f36d7715ed2472a91baf0b4a2a52c9d6d2a98f99ac9,"The question needs to be CORRECTED (Select this if you spot an error, even if you don’t know the answer).",what_is_the_largest_plant_in_the_solar_system_fill_31.wav,att_check_err,NA,NA,NA,Jupiter (planet),y,first,acheckp,,,,JB_1204
21,5312f70264052887a30b0f36d7715ed2472a91baf0b4a2a52c9d6d2a98f99ac9,"""planet"" sounds like ""plant""...I believe Jupiter",what_is_the_largest_plant_in_the_solar_system_fill_31.wav,att_check_err,NA,NA,NA,Jupiter (planet),,,,,,,
21,5312f70264052887a30b0f36d7715ed2472a91baf0b4a2a52c9d6d2a98f99ac9,I’m good — skip to the next question,what_is_the_largest_plant_in_the_solar_system_fill_31.wav,att_check_err,NA,NA,NA,Jupiter (planet),s,secsame,,,,,JB_1204
21,5312f70264052887a30b0f36d7715ed2472a91baf0b4a2a52c9d6d2a98f99ac9,NA,what_is_the_largest_plant_in_the_solar_system_fill_31.wav,att_check_err,NA,NA,NA,Jupiter (planet),,,,,,,
21,5312f70264052887a30b0f36d7715ed2472a91baf0b4a2a52c9d6d2a98f99ac9,The question does NOT need any corrections.,what_day_of_the_week_comes_after_monday_fill_27.wav,att_check_good,NA,NA,NA,Tuesday,nans,first,,a,,,JB_1204
21,5312f70264052887a30b0f36d7715ed2472a91baf0b4a2a52c9d6d2a98f99ac9,Tuesday,what_day_of_the_week_comes_after_monday_fill_27.wav,att_check_good,NA,NA,NA,Tuesday,,,,,,,
21,5312f70264052887a30b0f36d7715ed2472a91baf0b4a2a52c9d6d2a98f99ac9,I’m good — skip to the next question,what_day_of_the_week_comes_after_monday_fill_27.wav,att_check_good,NA,NA,NA,Tuesday,s,secsame,,,,,JB_1204
21,5312f70264052887a30b0f36d7715ed2472a91baf0b4a2a52c9d6d2a98f99ac9,NA,what_day_of_the_week_comes_after_monday_fill_27.wav,att_check_good,NA,NA,NA,Tuesday,,,,,,,
21,5312f70264052887a30b0f36d7715ed2472a91baf0b4a2a52c9d6d2a98f99ac9,The question does NOT need any corrections.,what_insect_undergoes_a_process_of_change_to_turn_into_a_butterfy_fill_30.wav,att_check_err,NA,NA,NA,caterpillar (butterfly),nans,first,acheckf,,,,JB_1204
21,5312f70264052887a30b0f36d7715ed2472a91baf0b4a2a52c9d6d2a98f99ac9,caterpillar,what_insect_undergoes_a_process_of_change_to_turn_into_a_butterfy_fill_30.wav,att_check_err,NA,NA,NA,caterpillar (butterfly),,,,,,,
21,5312f70264052887a30b0f36d7715ed2472a91baf0b4a2a52c9d6d2a98f99ac9,I’m good — skip to the next question,what_insect_undergoes_a_process_of_change_to_turn_into_a_butterfy_fill_30.wav,att_check_err,NA,NA,NA,caterpillar (butterfly),s,secsame,,,,,JB_1204
21,5312f70264052887a30b0f36d7715ed2472a91baf0b4a2a52c9d6d2a98f99ac9,NA,what_insect_undergoes_a_process_of_change_to_turn_into_a_butterfy_fill_30.wav,att_check_err,NA,NA,NA,caterpillar (butterfly),,,,,,,
21,5312f70264052887a30b0f36d7715ed2472a91baf0b4a2a52c9d6d2a98f99ac9,"The question needs to be CORRECTED (Select this if you spot an error, even if you don’t know the answer).",in_the_cycle_of_seasons_what_season_comes_after_dinter_fill_29.wav,att_check_err,NA,NA,NA,"Spring (Winter, sound sub that's not related)",y,first,acheckp,,,,JB_1204
21,5312f70264052887a30b0f36d7715ed2472a91baf0b4a2a52c9d6d2a98f99ac9,"Winter sounds like ""vinter""; Spring",in_the_cycle_of_seasons_what_season_comes_after_dinter_fill_29.wav,att_check_err,NA,NA,NA,"Spring (Winter, sound sub that's not related)",,,,,,,
21,5312f70264052887a30b0f36d7715ed2472a91baf0b4a2a52c9d6d2a98f99ac9,I’m good — skip to the next question,in_the_cycle_of_seasons_what_season_comes_after_dinter_fill_29.wav,att_check_err,NA,NA,NA,"Spring (Winter, sound sub that's not related)",s,secsame,,,,,JB_1204
21,5312f70264052887a30b0f36d7715ed2472a91baf0b4a2a52c9d6d2a98f99ac9,NA,in_the_cycle_of_seasons_what_season_comes_after_dinter_fill_29.wav,att_check_err,NA,NA,NA,"Spring (Winter, sound sub that's not related)",,,,,,,
21,5312f70264052887a30b0f36d7715ed2472a91baf0b4a2a52c9d6d2a98f99ac9,The question does NOT need any corrections.,what_state_is_los_angeles_located_in_fill_26.wav,att_check_good,NA,NA,NA,California,nans,first,,a,,,JB_1204
21,5312f70264052887a30b0f36d7715ed2472a91baf0b4a2a52c9d6d2a98f99ac9,California,what_state_is_los_angeles_located_in_fill_26.wav,att_check_good,NA,NA,NA,California,,,,,,,
21,5312f70264052887a30b0f36d7715ed2472a91baf0b4a2a52c9d6d2a98f99ac9,I’m good — skip to the next question,what_state_is_los_angeles_located_in_fill_26.wav,att_check_good,NA,NA,NA,California,s,secsame,,,,,JB_1204
21,5312f70264052887a30b0f36d7715ed2472a91baf0b4a2a52c9d6d2a98f99ac9,NA,what_state_is_los_angeles_located_in_fill_26.wav,att_check_good,NA,NA,NA,California,,,,,,,
21,5312f70264052887a30b0f36d7715ed2472a91baf0b4a2a52c9d6d2a98f99ac9,The question does NOT need any corrections.,which_cartoon_dog_solves_mysteries_with_the_group_fred_daphne_velma_and_shaggy_fill_10.wav,filler_other,NA,NA,NA,Scooby-Doo,nans,first,,a,,,FB_1205
21,5312f70264052887a30b0f36d7715ed2472a91baf0b4a2a52c9d6d2a98f99ac9,Scooby,which_cartoon_dog_solves_mysteries_with_the_group_fred_daphne_velma_and_shaggy_fill_10.wav,filler_other,NA,NA,NA,Scooby-Doo,,,,,,,
21,5312f70264052887a30b0f36d7715ed2472a91baf0b4a2a52c9d6d2a98f99ac9,I’m good — skip to the next question,which_cartoon_dog_solves_mysteries_with_the_group_fred_daphne_velma_and_shaggy_fill_10.wav,filler_other,NA,NA,NA,Scooby-Doo,s,secsame,,,,,FB_1205
21,5312f70264052887a30b0f36d7715ed2472a91baf0b4a2a52c9d6d2a98f99ac9,NA,which_cartoon_dog_solves_mysteries_with_the_group_fred_daphne_velma_and_shaggy_fill_10.wav,filler_other,NA,NA,NA,Scooby-Doo,,,,,,,
21,5312f70264052887a30b0f36d7715ed2472a91baf0b4a2a52c9d6d2a98f99ac9,"The question does NOT need any corrections, but I don't know the answer/ I don't understand what the question is asking.",what_childrens_game_makes_people_sit_down_quickly_when_the_music_loud_stops_targ_07_C.wav,target,non_phon_err,adj/noun order,/ɪ/ --> /i/; sit/seat,musical chairs,nun,first,np,,participant selected wrong answer choice - they reported the intended np error,participant selected the wrong answer choice,FB_1205
21,5312f70264052887a30b0f36d7715ed2472a91baf0b4a2a52c9d6d2a98f99ac9,"should just be ""when the music stops""; musical chairs",what_childrens_game_makes_people_sit_down_quickly_when_the_music_loud_stops_targ_07_C.wav,target,non_phon_err,adj/noun order,/ɪ/ --> /i/; sit/seat,musical chairs,,,,,,,
21,5312f70264052887a30b0f36d7715ed2472a91baf0b4a2a52c9d6d2a98f99ac9,I’m good — skip to the next question,what_childrens_game_makes_people_sit_down_quickly_when_the_music_loud_stops_targ_07_C.wav,target,non_phon_err,adj/noun order,/ɪ/ --> /i/; sit/seat,musical chairs,s,secsame,,,,,FB_1205
21,5312f70264052887a30b0f36d7715ed2472a91baf0b4a2a52c9d6d2a98f99ac9,NA,what_childrens_game_makes_people_sit_down_quickly_when_the_music_loud_stops_targ_07_C.wav,target,non_phon_err,adj/noun order,/ɪ/ --> /i/; sit/seat,musical chairs,,,,,,,
21,5312f70264052887a30b0f36d7715ed2472a91baf0b4a2a52c9d6d2a98f99ac9,The question does NOT need any corrections.,which_cartoon_character_works_at_the_krusty_krab_and_is_best_friends_with_patrick_star_fill_04.wav,filler_other,NA,NA,NA,Spongebob,nans,first,,a,,,FB_1205
21,5312f70264052887a30b0f36d7715ed2472a91baf0b4a2a52c9d6d2a98f99ac9,Spongebob Squarepants,which_cartoon_character_works_at_the_krusty_krab_and_is_best_friends_with_patrick_star_fill_04.wav,filler_other,NA,NA,NA,Spongebob,,,,,,,
21,5312f70264052887a30b0f36d7715ed2472a91baf0b4a2a52c9d6d2a98f99ac9,I’m good — skip to the next question,which_cartoon_character_works_at_the_krusty_krab_and_is_best_friends_with_patrick_star_fill_04.wav,filler_other,NA,NA,NA,Spongebob,s,secsame,,,,,FB_1205
21,5312f70264052887a30b0f36d7715ed2472a91baf0b4a2a52c9d6d2a98f99ac9,NA,which_cartoon_character_works_at_the_krusty_krab_and_is_best_friends_with_patrick_star_fill_04.wav,filler_other,NA,NA,NA,Spongebob,,,,,,,
21,5312f70264052887a30b0f36d7715ed2472a91baf0b4a2a52c9d6d2a98f99ac9,The question does NOT need any corrections.,which_season_do_we_associate_with_thanksgiving_the_beginning_of_school_and_leaves_turning_brown_fill_19.wav,filler_other,NA,NA,NA,Fall,nans,first,,a,,,FB_1205
21,5312f70264052887a30b0f36d7715ed2472a91baf0b4a2a52c9d6d2a98f99ac9,Fall,which_season_do_we_associate_with_thanksgiving_the_beginning_of_school_and_leaves_turning_brown_fill_19.wav,filler_other,NA,NA,NA,Fall,,,,,,,
21,5312f70264052887a30b0f36d7715ed2472a91baf0b4a2a52c9d6d2a98f99ac9,I’m good — skip to the next question,which_season_do_we_associate_with_thanksgiving_the_beginning_of_school_and_leaves_turning_brown_fill_19.wav,filler_other,NA,NA,NA,Fall,s,secsame,,,,,FB_1205
21,5312f70264052887a30b0f36d7715ed2472a91baf0b4a2a52c9d6d2a98f99ac9,NA,which_season_do_we_associate_with_thanksgiving_the_beginning_of_school_and_leaves_turning_brown_fill_19.wav,filler_other,NA,NA,NA,Fall,,,,,,,
21,5312f70264052887a30b0f36d7715ed2472a91baf0b4a2a52c9d6d2a98f99ac9,The question does NOT need any corrections.,what_organ_is_often_associated_with_being_eaten_by_rotting_flesh_monsters_also_known_as_zombies_fill_02.wav,filler_other,NA,NA,NA,the brain,nans,first,,a,,,FB_1205
21,5312f70264052887a30b0f36d7715ed2472a91baf0b4a2a52c9d6d2a98f99ac9,Brains,what_organ_is_often_associated_with_being_eaten_by_rotting_flesh_monsters_also_known_as_zombies_fill_02.wav,filler_other,NA,NA,NA,the brain,,,,,,,
21,5312f70264052887a30b0f36d7715ed2472a91baf0b4a2a52c9d6d2a98f99ac9,I’m good — skip to the next question,what_organ_is_often_associated_with_being_eaten_by_rotting_flesh_monsters_also_known_as_zombies_fill_02.wav,filler_other,NA,NA,NA,the brain,s,secsame,,,,,FB_1205
21,5312f70264052887a30b0f36d7715ed2472a91baf0b4a2a52c9d6d2a98f99ac9,NA,what_organ_is_often_associated_with_being_eaten_by_rotting_flesh_monsters_also_known_as_zombies_fill_02.wav,filler_other,NA,NA,NA,the brain,,,,,,,
21,5312f70264052887a30b0f36d7715ed2472a91baf0b4a2a52c9d6d2a98f99ac9,"The question does NOT need any corrections, but I don't know the answer/ I don't understand what the question is asking.",what_novel_has_the_quote_i’m_late_i’m_late_for_a_very_important_date_fill_13.wav,filler_other,NA,NA,NA,Alice in Wonderland,nun,first,,,,,FB_1205
21,5312f70264052887a30b0f36d7715ed2472a91baf0b4a2a52c9d6d2a98f99ac9,NA,what_novel_has_the_quote_i’m_late_i’m_late_for_a_very_important_date_fill_13.wav,filler_other,NA,NA,NA,Alice in Wonderland,,,,,,,
21,5312f70264052887a30b0f36d7715ed2472a91baf0b4a2a52c9d6d2a98f99ac9,"The question does NOT need any corrections, but I don't know the answer/ I don't understand what the question is asking.",what_novel_has_the_quote_i’m_late_i’m_late_for_a_very_important_date_fill_13.wav,filler_other,NA,NA,NA,Alice in Wonderland,nun,secsame,,,,,FB_1205
21,5312f70264052887a30b0f36d7715ed2472a91baf0b4a2a52c9d6d2a98f99ac9,NA,what_novel_has_the_quote_i’m_late_i’m_late_for_a_very_important_date_fill_13.wav,filler_other,NA,NA,NA,Alice in Wonderland,,,,,,,
21,5312f70264052887a30b0f36d7715ed2472a91baf0b4a2a52c9d6d2a98f99ac9,"The question does NOT need any corrections, but I don't know the answer/ I don't understand what the question is asking.",because_is_important_to_honor_the_iris_saint_what_holiday_occurs_on_march_17th_targ_08_D.wav,target,both_err,expletive 'it' dropping,/ʃ/ --> /s/; Irish/iris,St. Patrick's Day,nun,first,,,participant said they selected the wrong answer,,FB_1205
21,5312f70264052887a30b0f36d7715ed2472a91baf0b4a2a52c9d6d2a98f99ac9,selected the wrong button...,because_is_important_to_honor_the_iris_saint_what_holiday_occurs_on_march_17th_targ_08_D.wav,target,both_err,expletive 'it' dropping,/ʃ/ --> /s/; Irish/iris,St. Patrick's Day,,,,,,,
21,5312f70264052887a30b0f36d7715ed2472a91baf0b4a2a52c9d6d2a98f99ac9,"The question needs to be CORRECTED (Select this if you spot an error, even if you don’t know the answer).",because_is_important_to_honor_the_iris_saint_what_holiday_occurs_on_march_17th_targ_08_D.wav,target,both_err,expletive 'it' dropping,/ʃ/ --> /s/; Irish/iris,St. Patrick's Day,y,secsame,p,,"coded as secsame because participant didn't change their mind about reported error, just chose wrong answer in first attempt",,FB_1205
21,5312f70264052887a30b0f36d7715ed2472a91baf0b4a2a52c9d6d2a98f99ac9,"sounds like ""iris"" instead of Irish; St. Patrick's Day",because_is_important_to_honor_the_iris_saint_what_holiday_occurs_on_march_17th_targ_08_D.wav,target,both_err,expletive 'it' dropping,/ʃ/ --> /s/; Irish/iris,St. Patrick's Day,,,,,,,
21,5312f70264052887a30b0f36d7715ed2472a91baf0b4a2a52c9d6d2a98f99ac9,"The question needs to be CORRECTED (Select this if you spot an error, even if you don’t know the answer).",how_many_legs_does_a_canadian_garden_spider_whose_silk_can_make_clot_have_targ_06_B.wav,target,phon_err,adj/noun order,/θ/ --> /t/; cloth/clot,eight,y,first,p?,,,,FB_1205
21,5312f70264052887a30b0f36d7715ed2472a91baf0b4a2a52c9d6d2a98f99ac9,"I'm not sure of the question so I'm not sure what the words should be, but I can't understand the last few words of the sentence",how_many_legs_does_a_canadian_garden_spider_whose_silk_can_make_clot_have_targ_06_B.wav,target,phon_err,adj/noun order,/θ/ --> /t/; cloth/clot,eight,,,,,,,
21,5312f70264052887a30b0f36d7715ed2472a91baf0b4a2a52c9d6d2a98f99ac9,"The question needs to be CORRECTED (Select this if you spot an error, even if you don’t know the answer).",how_many_legs_does_a_canadian_garden_spider_whose_silk_can_make_clot_have_targ_06_B.wav,target,phon_err,adj/noun order,/θ/ --> /t/; cloth/clot,eight,y,secsame,,,,,FB_1205
21,5312f70264052887a30b0f36d7715ed2472a91baf0b4a2a52c9d6d2a98f99ac9,"I would rephrase the way the question is asked, the part about making silk makes the question very confusing. The answer is eight",how_many_legs_does_a_canadian_garden_spider_whose_silk_can_make_clot_have_targ_06_B.wav,target,phon_err,adj/noun order,/θ/ --> /t/; cloth/clot,eight,,,,,,,
21,5312f70264052887a30b0f36d7715ed2472a91baf0b4a2a52c9d6d2a98f99ac9,"The question needs to be CORRECTED (Select this if you spot an error, even if you don’t know the answer).",who_discovered_the_law_of_universal_gravitation_which_accounts_for_why_objects_naturally_fall_downwards_fill_15.wav,filler_other,NA,NA,NA,Isaac Newton,y,first,otherfill,,,,FB_1205
21,5312f70264052887a30b0f36d7715ed2472a91baf0b4a2a52c9d6d2a98f99ac9,"law sounds like ""low""; Sir Isaac Newton",who_discovered_the_law_of_universal_gravitation_which_accounts_for_why_objects_naturally_fall_downwards_fill_15.wav,filler_other,NA,NA,NA,Isaac Newton,,,,,,,
21,5312f70264052887a30b0f36d7715ed2472a91baf0b4a2a52c9d6d2a98f99ac9,"The question needs to be CORRECTED (Select this if you spot an error, even if you don’t know the answer).",who_discovered_the_law_of_universal_gravitation_which_accounts_for_why_objects_naturally_fall_downwards_fill_15.wav,filler_other,NA,NA,NA,Isaac Newton,y,secdiff,otherfill,,,,FB_1205
21,5312f70264052887a30b0f36d7715ed2472a91baf0b4a2a52c9d6d2a98f99ac9,"missing the word ""who"" from the start of the sentence, ""law"" sounds like ""low"". Sir Isaac Newton",who_discovered_the_law_of_universal_gravitation_which_accounts_for_why_objects_naturally_fall_downwards_fill_15.wav,filler_other,NA,NA,NA,Isaac Newton,,,,,,,
21,5312f70264052887a30b0f36d7715ed2472a91baf0b4a2a52c9d6d2a98f99ac9,"The question does NOT need any corrections, but I don't know the answer/ I don't understand what the question is asking.",in_the_lion_king_who_does_nala_talk_to_and_is_laying_in_a_cot_after_theyve_reunited_targ_21_A.wav,target,correct,no aux verbs in questions (lack of do support),/k/ --> /g/; cot/got,Simba,nun,first,,,,,FB_1205
21,5312f70264052887a30b0f36d7715ed2472a91baf0b4a2a52c9d6d2a98f99ac9,NA,in_the_lion_king_who_does_nala_talk_to_and_is_laying_in_a_cot_after_theyve_reunited_targ_21_A.wav,target,correct,no aux verbs in questions (lack of do support),/k/ --> /g/; cot/got,Simba,,,,,,,
21,5312f70264052887a30b0f36d7715ed2472a91baf0b4a2a52c9d6d2a98f99ac9,"The question does NOT need any corrections, but I don't know the answer/ I don't understand what the question is asking.",in_the_lion_king_who_does_nala_talk_to_and_is_laying_in_a_cot_after_theyve_reunited_targ_21_A.wav,target,correct,no aux verbs in questions (lack of do support),/k/ --> /g/; cot/got,Simba,nun,secsame,,,,,FB_1205
21,5312f70264052887a30b0f36d7715ed2472a91baf0b4a2a52c9d6d2a98f99ac9,NA,in_the_lion_king_who_does_nala_talk_to_and_is_laying_in_a_cot_after_theyve_reunited_targ_21_A.wav,target,correct,no aux verbs in questions (lack of do support),/k/ --> /g/; cot/got,Simba,,,,,,,
21,5312f70264052887a30b0f36d7715ed2472a91baf0b4a2a52c9d6d2a98f99ac9,"The question does NOT need any corrections, but I don't know the answer/ I don't understand what the question is asking.",which_soft_pastry_made_with_a_certain_spice_is_often_spiral-shaped_and_topped_with_icing_fill_16.wav,filler_other,NA,NA,NA,cinnamon roll,nun,first,,,,,FB_1205
21,5312f70264052887a30b0f36d7715ed2472a91baf0b4a2a52c9d6d2a98f99ac9,NA,which_soft_pastry_made_with_a_certain_spice_is_often_spiral-shaped_and_topped_with_icing_fill_16.wav,filler_other,NA,NA,NA,cinnamon roll,,,,,,,
21,5312f70264052887a30b0f36d7715ed2472a91baf0b4a2a52c9d6d2a98f99ac9,The question does NOT need any corrections.,which_soft_pastry_made_with_a_certain_spice_is_often_spiral-shaped_and_topped_with_icing_fill_16.wav,filler_other,NA,NA,NA,cinnamon roll,nans,secdiff,,a,,,FB_1205
21,5312f70264052887a30b0f36d7715ed2472a91baf0b4a2a52c9d6d2a98f99ac9,Cinnamon Roll,which_soft_pastry_made_with_a_certain_spice_is_often_spiral-shaped_and_topped_with_icing_fill_16.wav,filler_other,NA,NA,NA,cinnamon roll,,,,,,,
21,5312f70264052887a30b0f36d7715ed2472a91baf0b4a2a52c9d6d2a98f99ac9,The question does NOT need any corrections.,what_mythical_creatures_have_been_said_to_drink_blood_turn_into_bats_and_hate_onions_fill_14.wav,filler_other,NA,NA,NA,vampires,nans,first,,twice,,,FB_1205
21,5312f70264052887a30b0f36d7715ed2472a91baf0b4a2a52c9d6d2a98f99ac9,Vampires,what_mythical_creatures_have_been_said_to_drink_blood_turn_into_bats_and_hate_onions_fill_14.wav,filler_other,NA,NA,NA,vampires,,,,,,,
21,5312f70264052887a30b0f36d7715ed2472a91baf0b4a2a52c9d6d2a98f99ac9,The question does NOT need any corrections.,what_mythical_creatures_have_been_said_to_drink_blood_turn_into_bats_and_hate_onions_fill_14.wav,filler_other,NA,NA,NA,vampires,nans,secsame,,a,,,FB_1205
21,5312f70264052887a30b0f36d7715ed2472a91baf0b4a2a52c9d6d2a98f99ac9,Vampires,what_mythical_creatures_have_been_said_to_drink_blood_turn_into_bats_and_hate_onions_fill_14.wav,filler_other,NA,NA,NA,vampires,,,,,,,
21,5312f70264052887a30b0f36d7715ed2472a91baf0b4a2a52c9d6d2a98f99ac9,"The question does NOT need any corrections, but I don't know the answer/ I don't understand what the question is asking.",in_the_famous_dr_seuss_book_what_orange_and_yellow_character_speaks_for_the_trees_fill_23.wav,filler_other,NA,NA,NA,the Lorax,nun,first,,,,,FB_1205
21,5312f70264052887a30b0f36d7715ed2472a91baf0b4a2a52c9d6d2a98f99ac9,NA,in_the_famous_dr_seuss_book_what_orange_and_yellow_character_speaks_for_the_trees_fill_23.wav,filler_other,NA,NA,NA,the Lorax,,,,,,,
21,5312f70264052887a30b0f36d7715ed2472a91baf0b4a2a52c9d6d2a98f99ac9,"The question does NOT need any corrections, but I don't know the answer/ I don't understand what the question is asking.",in_the_famous_dr_seuss_book_what_orange_and_yellow_character_speaks_for_the_trees_fill_23.wav,filler_other,NA,NA,NA,the Lorax,nun,secsame,,,,,FB_1205
21,5312f70264052887a30b0f36d7715ed2472a91baf0b4a2a52c9d6d2a98f99ac9,NA,in_the_famous_dr_seuss_book_what_orange_and_yellow_character_speaks_for_the_trees_fill_23.wav,filler_other,NA,NA,NA,the Lorax,,,,,,,
21,5312f70264052887a30b0f36d7715ed2472a91baf0b4a2a52c9d6d2a98f99ac9,The question does NOT need any corrections.,which_oscar-winning_movie_features_tom_hanks_saying_life_is_like_a_box_of_chocolates_fill_12.wav,filler_other,NA,NA,NA,Forrest Gump,nans,first,,twice,,,FB_1205
21,5312f70264052887a30b0f36d7715ed2472a91baf0b4a2a52c9d6d2a98f99ac9,Forrest Gump,which_oscar-winning_movie_features_tom_hanks_saying_life_is_like_a_box_of_chocolates_fill_12.wav,filler_other,NA,NA,NA,Forrest Gump,,,,,,,
21,5312f70264052887a30b0f36d7715ed2472a91baf0b4a2a52c9d6d2a98f99ac9,The question does NOT need any corrections.,which_oscar-winning_movie_features_tom_hanks_saying_life_is_like_a_box_of_chocolates_fill_12.wav,filler_other,NA,NA,NA,Forrest Gump,nans,secsame,,a,,,FB_1205
21,5312f70264052887a30b0f36d7715ed2472a91baf0b4a2a52c9d6d2a98f99ac9,Forrest Gump,which_oscar-winning_movie_features_tom_hanks_saying_life_is_like_a_box_of_chocolates_fill_12.wav,filler_other,NA,NA,NA,Forrest Gump,,,,,,,
21,5312f70264052887a30b0f36d7715ed2472a91baf0b4a2a52c9d6d2a98f99ac9,The question does NOT need any corrections.,what_us_holiday_is_often_celebrated_with_fireworks_and_hotdogs_to_honor_americas_freedom_fill_17.wav,filler_other,NA,NA,NA,Independence Day,nans,first,,a,,,FB_1205
21,5312f70264052887a30b0f36d7715ed2472a91baf0b4a2a52c9d6d2a98f99ac9,4th of July,what_us_holiday_is_often_celebrated_with_fireworks_and_hotdogs_to_honor_americas_freedom_fill_17.wav,filler_other,NA,NA,NA,Independence Day,,,,,,,
21,5312f70264052887a30b0f36d7715ed2472a91baf0b4a2a52c9d6d2a98f99ac9,I’m good — skip to the next question,what_us_holiday_is_often_celebrated_with_fireworks_and_hotdogs_to_honor_americas_freedom_fill_17.wav,filler_other,NA,NA,NA,Independence Day,s,secsame,,,,,FB_1205
21,5312f70264052887a30b0f36d7715ed2472a91baf0b4a2a52c9d6d2a98f99ac9,NA,what_us_holiday_is_often_celebrated_with_fireworks_and_hotdogs_to_honor_americas_freedom_fill_17.wav,filler_other,NA,NA,NA,Independence Day,,,,,,,
21,5312f70264052887a30b0f36d7715ed2472a91baf0b4a2a52c9d6d2a98f99ac9,"The question needs to be CORRECTED (Select this if you spot an error, even if you don’t know the answer).",if_youre_on_a_pat_from_california_to_hawaii_which_ocean_you_go_through_targ_12_D.wav,target,both_err,no aux verbs in questions (lack of do support),/θ/ --> /t/; path/pat,Pacific Ocean,y,first,p?,,they couldn't understand the beginning of the sentence,,FB_1205
21,5312f70264052887a30b0f36d7715ed2472a91baf0b4a2a52c9d6d2a98f99ac9,couldn't understand some of the beginning of the sentence; Pacific,if_youre_on_a_pat_from_california_to_hawaii_which_ocean_you_go_through_targ_12_D.wav,target,both_err,no aux verbs in questions (lack of do support),/θ/ --> /t/; path/pat,Pacific Ocean,,,,,,,
21,5312f70264052887a30b0f36d7715ed2472a91baf0b4a2a52c9d6d2a98f99ac9,"The question needs to be CORRECTED (Select this if you spot an error, even if you don’t know the answer).",if_youre_on_a_pat_from_california_to_hawaii_which_ocean_you_go_through_targ_12_D.wav,target,both_err,no aux verbs in questions (lack of do support),/θ/ --> /t/; path/pat,Pacific Ocean,y,secdiff,np,,and possibly p?,,FB_1205
21,5312f70264052887a30b0f36d7715ed2472a91baf0b4a2a52c9d6d2a98f99ac9,"not sure what the first part says, should say ""which ocean DO you go through"", Pacific",if_youre_on_a_pat_from_california_to_hawaii_which_ocean_you_go_through_targ_12_D.wav,target,both_err,no aux verbs in questions (lack of do support),/θ/ --> /t/; path/pat,Pacific Ocean,,,,,,,
21,5312f70264052887a30b0f36d7715ed2472a91baf0b4a2a52c9d6d2a98f99ac9,"The question needs to be CORRECTED (Select this if you spot an error, even if you don’t know the answer).",what_colors_can_have_on_a_traffic_light_which_often_senses_when_cars_pull_up_targ_11_C.wav,target,non_phon_err,have vs. be,/ʊ/ --> /u/; pulls/pools,green,y,first,np,,,,FB_1205
21,5312f70264052887a30b0f36d7715ed2472a91baf0b4a2a52c9d6d2a98f99ac9,"should be ""which colors are on a traffic light""; red yellow green",what_colors_can_have_on_a_traffic_light_which_often_senses_when_cars_pull_up_targ_11_C.wav,target,non_phon_err,have vs. be,/ʊ/ --> /u/; pulls/pools,green,,,,,,,
21,5312f70264052887a30b0f36d7715ed2472a91baf0b4a2a52c9d6d2a98f99ac9,I’m good — skip to the next question,what_colors_can_have_on_a_traffic_light_which_often_senses_when_cars_pull_up_targ_11_C.wav,target,non_phon_err,have vs. be,/ʊ/ --> /u/; pulls/pools,green,s,secsame,,,,,FB_1205
21,5312f70264052887a30b0f36d7715ed2472a91baf0b4a2a52c9d6d2a98f99ac9,NA,what_colors_can_have_on_a_traffic_light_which_often_senses_when_cars_pull_up_targ_11_C.wav,target,non_phon_err,have vs. be,/ʊ/ --> /u/; pulls/pools,green,,,,,,,
21,5312f70264052887a30b0f36d7715ed2472a91baf0b4a2a52c9d6d2a98f99ac9,"The question needs to be CORRECTED (Select this if you spot an error, even if you don’t know the answer).",what_term_refers_to_armored_men_who_enjoyed_carrying_medieval_swords_that_class_in_combat_targ_02_B.wav,target,phon_err,infinitive vs. participle,/ʃ/ --> /s/; clash/class,knights,y,first,p,,,,FB_1205
21,5312f70264052887a30b0f36d7715ed2472a91baf0b4a2a52c9d6d2a98f99ac9,"""clash"" sounds like ""class""; knights",what_term_refers_to_armored_men_who_enjoyed_carrying_medieval_swords_that_class_in_combat_targ_02_B.wav,target,phon_err,infinitive vs. participle,/ʃ/ --> /s/; clash/class,knights,,,,,,,
21,5312f70264052887a30b0f36d7715ed2472a91baf0b4a2a52c9d6d2a98f99ac9,I’m good — skip to the next question,what_term_refers_to_armored_men_who_enjoyed_carrying_medieval_swords_that_class_in_combat_targ_02_B.wav,target,phon_err,infinitive vs. participle,/ʃ/ --> /s/; clash/class,knights,s,secsame,,,,,FB_1205
21,5312f70264052887a30b0f36d7715ed2472a91baf0b4a2a52c9d6d2a98f99ac9,NA,what_term_refers_to_armored_men_who_enjoyed_carrying_medieval_swords_that_class_in_combat_targ_02_B.wav,target,phon_err,infinitive vs. participle,/ʃ/ --> /s/; clash/class,knights,,,,,,,
21,5312f70264052887a30b0f36d7715ed2472a91baf0b4a2a52c9d6d2a98f99ac9,The question does NOT need any corrections.,where_do_people_get_drivers_licenses_since_is_required_as_ballad_id_to_drive_targ_16_D.wav,target,both_err,expletive 'it' dropping,/v/ --> /b/; valid/ballad,DMV,nans,first,,a,,,FB_1205
21,5312f70264052887a30b0f36d7715ed2472a91baf0b4a2a52c9d6d2a98f99ac9,DMV,where_do_people_get_drivers_licenses_since_is_required_as_ballad_id_to_drive_targ_16_D.wav,target,both_err,expletive 'it' dropping,/v/ --> /b/; valid/ballad,DMV,,,,,,,
21,5312f70264052887a30b0f36d7715ed2472a91baf0b4a2a52c9d6d2a98f99ac9,I’m good — skip to the next question,where_do_people_get_drivers_licenses_since_is_required_as_ballad_id_to_drive_targ_16_D.wav,target,both_err,expletive 'it' dropping,/v/ --> /b/; valid/ballad,DMV,s,secsame,,,,,FB_1205
21,5312f70264052887a30b0f36d7715ed2472a91baf0b4a2a52c9d6d2a98f99ac9,NA,where_do_people_get_drivers_licenses_since_is_required_as_ballad_id_to_drive_targ_16_D.wav,target,both_err,expletive 'it' dropping,/v/ --> /b/; valid/ballad,DMV,,,,,,,
21,5312f70264052887a30b0f36d7715ed2472a91baf0b4a2a52c9d6d2a98f99ac9,The question does NOT need any corrections.,if_i_consider_to_leave_work_after_the_fort_hour_how_many_minutes_would_that_be_targ_24_D.wav,target,both_err,infinitive vs. participle,/θ/ --> /t/; fourth/fort,two hundred and forty,nans,first,,a,,,FB_1205
21,5312f70264052887a30b0f36d7715ed2472a91baf0b4a2a52c9d6d2a98f99ac9,240,if_i_consider_to_leave_work_after_the_fort_hour_how_many_minutes_would_that_be_targ_24_D.wav,target,both_err,infinitive vs. participle,/θ/ --> /t/; fourth/fort,two hundred and forty,,,,,,,
21,5312f70264052887a30b0f36d7715ed2472a91baf0b4a2a52c9d6d2a98f99ac9,"The question needs to be CORRECTED (Select this if you spot an error, even if you don’t know the answer).",if_i_consider_to_leave_work_after_the_fort_hour_how_many_minutes_would_that_be_targ_24_D.wav,target,both_err,infinitive vs. participle,/θ/ --> /t/; fourth/fort,two hundred and forty,y,secdiff,otherp,,,,FB_1205
21,5312f70264052887a30b0f36d7715ed2472a91baf0b4a2a52c9d6d2a98f99ac9,"""consider"" should probably be ""decide""; 240",if_i_consider_to_leave_work_after_the_fort_hour_how_many_minutes_would_that_be_targ_24_D.wav,target,both_err,infinitive vs. participle,/θ/ --> /t/; fourth/fort,two hundred and forty,,,,,,,
21,5312f70264052887a30b0f36d7715ed2472a91baf0b4a2a52c9d6d2a98f99ac9,"The question needs to be CORRECTED (Select this if you spot an error, even if you don’t know the answer).",what_city_have_people_rust_to_tour_to_see_where_the_us_government_does_business_targ_14_B.wav,target,phon_err,make vs. other verb,/ʃ/ --> /s/; rushed/rust,Washington D.C.,y,first,p?,,possibly noticed the intended error but their answer is unspecific,,FB_1205
21,5312f70264052887a30b0f36d7715ed2472a91baf0b4a2a52c9d6d2a98f99ac9,not sure what to fix but the middle was hard to understand...I believe the answer is Washington D.C.,what_city_have_people_rust_to_tour_to_see_where_the_us_government_does_business_targ_14_B.wav,target,phon_err,make vs. other verb,/ʃ/ --> /s/; rushed/rust,Washington D.C.,,,,,,,
21,5312f70264052887a30b0f36d7715ed2472a91baf0b4a2a52c9d6d2a98f99ac9,"The question needs to be CORRECTED (Select this if you spot an error, even if you don’t know the answer).",what_city_have_people_rust_to_tour_to_see_where_the_us_government_does_business_targ_14_B.wav,target,phon_err,make vs. other verb,/ʃ/ --> /s/; rushed/rust,Washington D.C.,y,secdiff,p?,,,,FB_1205
21,5312f70264052887a30b0f36d7715ed2472a91baf0b4a2a52c9d6d2a98f99ac9,The entire start of the sentence has problems. Washington D.C.,what_city_have_people_rust_to_tour_to_see_where_the_us_government_does_business_targ_14_B.wav,target,phon_err,make vs. other verb,/ʃ/ --> /s/; rushed/rust,Washington D.C.,,,,,,,
21,5312f70264052887a30b0f36d7715ed2472a91baf0b4a2a52c9d6d2a98f99ac9,The question does NOT need any corrections.,what_is_the_name_of_the_video_game_character_who_is_a_traveling_italian_plumber_fill_08.wav,filler_other,NA,NA,NA,Mario,nans,first,,a,,,FB_1205
21,5312f70264052887a30b0f36d7715ed2472a91baf0b4a2a52c9d6d2a98f99ac9,Mario,what_is_the_name_of_the_video_game_character_who_is_a_traveling_italian_plumber_fill_08.wav,filler_other,NA,NA,NA,Mario,,,,,,,
21,5312f70264052887a30b0f36d7715ed2472a91baf0b4a2a52c9d6d2a98f99ac9,I’m good — skip to the next question,what_is_the_name_of_the_video_game_character_who_is_a_traveling_italian_plumber_fill_08.wav,filler_other,NA,NA,NA,Mario,s,secsame,,,,,FB_1205
21,5312f70264052887a30b0f36d7715ed2472a91baf0b4a2a52c9d6d2a98f99ac9,NA,what_is_the_name_of_the_video_game_character_who_is_a_traveling_italian_plumber_fill_08.wav,filler_other,NA,NA,NA,Mario,,,,,,,
21,5312f70264052887a30b0f36d7715ed2472a91baf0b4a2a52c9d6d2a98f99ac9,The question does NOT need any corrections.,what_kind_of_animal_is_mickey_mouse’s_girlfriend_minnie_who_wears_a_bow_fill_09.wav,filler_other,NA,NA,NA,mouse,nans,first,,a,,,FB_1205
21,5312f70264052887a30b0f36d7715ed2472a91baf0b4a2a52c9d6d2a98f99ac9,Mouse,what_kind_of_animal_is_mickey_mouse’s_girlfriend_minnie_who_wears_a_bow_fill_09.wav,filler_other,NA,NA,NA,mouse,,,,,,,
21,5312f70264052887a30b0f36d7715ed2472a91baf0b4a2a52c9d6d2a98f99ac9,I’m good — skip to the next question,what_kind_of_animal_is_mickey_mouse’s_girlfriend_minnie_who_wears_a_bow_fill_09.wav,filler_other,NA,NA,NA,mouse,s,secsame,,,,,FB_1205
21,5312f70264052887a30b0f36d7715ed2472a91baf0b4a2a52c9d6d2a98f99ac9,NA,what_kind_of_animal_is_mickey_mouse’s_girlfriend_minnie_who_wears_a_bow_fill_09.wav,filler_other,NA,NA,NA,mouse,,,,,,,
21,5312f70264052887a30b0f36d7715ed2472a91baf0b4a2a52c9d6d2a98f99ac9,The question does NOT need any corrections.,when_you_are_hot_what_device_measures_body_temperature_in_boat_celsius_and_fahrenheit_targ_18_B.wav,target,phon_err,have vs. be,/θ/ --> /t/; both/boat,thermometer,nans,first,,twice,,,FB_1205
21,5312f70264052887a30b0f36d7715ed2472a91baf0b4a2a52c9d6d2a98f99ac9,Thermometer,when_you_are_hot_what_device_measures_body_temperature_in_boat_celsius_and_fahrenheit_targ_18_B.wav,target,phon_err,have vs. be,/θ/ --> /t/; both/boat,thermometer,,,,,,,
21,5312f70264052887a30b0f36d7715ed2472a91baf0b4a2a52c9d6d2a98f99ac9,The question does NOT need any corrections.,when_you_are_hot_what_device_measures_body_temperature_in_boat_celsius_and_fahrenheit_targ_18_B.wav,target,phon_err,have vs. be,/θ/ --> /t/; both/boat,thermometer,nans,secsame,,a,,,FB_1205
21,5312f70264052887a30b0f36d7715ed2472a91baf0b4a2a52c9d6d2a98f99ac9,Thermometer,when_you_are_hot_what_device_measures_body_temperature_in_boat_celsius_and_fahrenheit_targ_18_B.wav,target,phon_err,have vs. be,/θ/ --> /t/; both/boat,thermometer,,,,,,,
21,5312f70264052887a30b0f36d7715ed2472a91baf0b4a2a52c9d6d2a98f99ac9,The question does NOT need any corrections.,what_is_the_name_of_the_comic_strip_featuring_charlie_brown_and_his_dog_snoopy_fill_06.wav,filler_other,NA,NA,NA,Peanuts,nans,first,,a,,,FB_1205
21,5312f70264052887a30b0f36d7715ed2472a91baf0b4a2a52c9d6d2a98f99ac9,Peanuts,what_is_the_name_of_the_comic_strip_featuring_charlie_brown_and_his_dog_snoopy_fill_06.wav,filler_other,NA,NA,NA,Peanuts,,,,,,,
21,5312f70264052887a30b0f36d7715ed2472a91baf0b4a2a52c9d6d2a98f99ac9,I’m good — skip to the next question,what_is_the_name_of_the_comic_strip_featuring_charlie_brown_and_his_dog_snoopy_fill_06.wav,filler_other,NA,NA,NA,Peanuts,s,secsame,,,,,FB_1205
21,5312f70264052887a30b0f36d7715ed2472a91baf0b4a2a52c9d6d2a98f99ac9,NA,what_is_the_name_of_the_comic_strip_featuring_charlie_brown_and_his_dog_snoopy_fill_06.wav,filler_other,NA,NA,NA,Peanuts,,,,,,,
21,5312f70264052887a30b0f36d7715ed2472a91baf0b4a2a52c9d6d2a98f99ac9,The question does NOT need any corrections.,in_what_country_would_you_find_landmarks_like_the_pyramids_of_giza_and_great_sphinx_fill_24.wav,filler_other,NA,NA,NA,Egypt,nans,first,,twice,,,FB_1205
21,5312f70264052887a30b0f36d7715ed2472a91baf0b4a2a52c9d6d2a98f99ac9,Egypt,in_what_country_would_you_find_landmarks_like_the_pyramids_of_giza_and_great_sphinx_fill_24.wav,filler_other,NA,NA,NA,Egypt,,,,,,,
21,5312f70264052887a30b0f36d7715ed2472a91baf0b4a2a52c9d6d2a98f99ac9,The question does NOT need any corrections.,in_what_country_would_you_find_landmarks_like_the_pyramids_of_giza_and_great_sphinx_fill_24.wav,filler_other,NA,NA,NA,Egypt,nans,secsame,,a,"I'm assuming NA applies to 'no corrections needed,' not a change in reponse",,FB_1205
21,5312f70264052887a30b0f36d7715ed2472a91baf0b4a2a52c9d6d2a98f99ac9,NA,in_what_country_would_you_find_landmarks_like_the_pyramids_of_giza_and_great_sphinx_fill_24.wav,filler_other,NA,NA,NA,Egypt,,,,,,,
21,5312f70264052887a30b0f36d7715ed2472a91baf0b4a2a52c9d6d2a98f99ac9,The question does NOT need any corrections.,if_laundry_service_will_come_in_five_days_and_todays_thursday_when_are_they_doing_laundry_next_targ_09_A.wav,target,correct,make vs. other verb,/k/ --> /g/; come/gum,Tuesday,nans,first,,a,,,FB_1205
21,5312f70264052887a30b0f36d7715ed2472a91baf0b4a2a52c9d6d2a98f99ac9,Tuesday,if_laundry_service_will_come_in_five_days_and_todays_thursday_when_are_they_doing_laundry_next_targ_09_A.wav,target,correct,make vs. other verb,/k/ --> /g/; come/gum,Tuesday,,,,,,,
21,5312f70264052887a30b0f36d7715ed2472a91baf0b4a2a52c9d6d2a98f99ac9,I’m good — skip to the next question,if_laundry_service_will_come_in_five_days_and_todays_thursday_when_are_they_doing_laundry_next_targ_09_A.wav,target,correct,make vs. other verb,/k/ --> /g/; come/gum,Tuesday,s,secsame,,,,,FB_1205
21,5312f70264052887a30b0f36d7715ed2472a91baf0b4a2a52c9d6d2a98f99ac9,NA,if_laundry_service_will_come_in_five_days_and_todays_thursday_when_are_they_doing_laundry_next_targ_09_A.wav,target,correct,make vs. other verb,/k/ --> /g/; come/gum,Tuesday,,,,,,,
21,5312f70264052887a30b0f36d7715ed2472a91baf0b4a2a52c9d6d2a98f99ac9,The question does NOT need any corrections.,which_british_celebrity_judge_often_harshly_critiqued_contestants_on_the_nationwide_singing_contest_american_idol_fill_03.wav,filler_other,NA,NA,NA,Simon Cowell,nans,first,,a,,,FB_1205
21,5312f70264052887a30b0f36d7715ed2472a91baf0b4a2a52c9d6d2a98f99ac9,Simon Cowell,which_british_celebrity_judge_often_harshly_critiqued_contestants_on_the_nationwide_singing_contest_american_idol_fill_03.wav,filler_other,NA,NA,NA,Simon Cowell,,,,,,,
21,5312f70264052887a30b0f36d7715ed2472a91baf0b4a2a52c9d6d2a98f99ac9,I’m good — skip to the next question,which_british_celebrity_judge_often_harshly_critiqued_contestants_on_the_nationwide_singing_contest_american_idol_fill_03.wav,filler_other,NA,NA,NA,Simon Cowell,s,secsame,,,,,FB_1205
21,5312f70264052887a30b0f36d7715ed2472a91baf0b4a2a52c9d6d2a98f99ac9,NA,which_british_celebrity_judge_often_harshly_critiqued_contestants_on_the_nationwide_singing_contest_american_idol_fill_03.wav,filler_other,NA,NA,NA,Simon Cowell,,,,,,,
21,5312f70264052887a30b0f36d7715ed2472a91baf0b4a2a52c9d6d2a98f99ac9,The question does NOT need any corrections.,if_a_hardworking_janitor_cleaned_a_vent_in_five_minutes_how_many_seconds_is_that_targ_22_B.wav,target,phon_err,adj/noun order,/v/ --> /b/; vent/bent,eight,nans,first,,a,,,FB_1205
21,5312f70264052887a30b0f36d7715ed2472a91baf0b4a2a52c9d6d2a98f99ac9,300,if_a_hardworking_janitor_cleaned_a_vent_in_five_minutes_how_many_seconds_is_that_targ_22_B.wav,target,phon_err,adj/noun order,/v/ --> /b/; vent/bent,eight,,,,,,,
21,5312f70264052887a30b0f36d7715ed2472a91baf0b4a2a52c9d6d2a98f99ac9,I’m good — skip to the next question,if_a_hardworking_janitor_cleaned_a_vent_in_five_minutes_how_many_seconds_is_that_targ_22_B.wav,target,phon_err,adj/noun order,/v/ --> /b/; vent/bent,eight,s,secsame,,,,,FB_1205
21,5312f70264052887a30b0f36d7715ed2472a91baf0b4a2a52c9d6d2a98f99ac9,NA,if_a_hardworking_janitor_cleaned_a_vent_in_five_minutes_how_many_seconds_is_that_targ_22_B.wav,target,phon_err,adj/noun order,/v/ --> /b/; vent/bent,eight,,,,,,,
21,5312f70264052887a30b0f36d7715ed2472a91baf0b4a2a52c9d6d2a98f99ac9,"The question needs to be CORRECTED (Select this if you spot an error, even if you don’t know the answer).",what_company_created_the_macbook_a_device_full_of_features_to_help_students_make_homework_targ_23_C.wav,target,non_phon_err,make vs. other verb,/ʊ/ --> /u/; full/fool,Apple,y,first,np,,,,FB_1205
21,5312f70264052887a30b0f36d7715ed2472a91baf0b4a2a52c9d6d2a98f99ac9,"should be ""help students with homework""; Apple",what_company_created_the_macbook_a_device_full_of_features_to_help_students_make_homework_targ_23_C.wav,target,non_phon_err,make vs. other verb,/ʊ/ --> /u/; full/fool,Apple,,,,,,,
21,5312f70264052887a30b0f36d7715ed2472a91baf0b4a2a52c9d6d2a98f99ac9,I’m good — skip to the next question,what_company_created_the_macbook_a_device_full_of_features_to_help_students_make_homework_targ_23_C.wav,target,non_phon_err,make vs. other verb,/ʊ/ --> /u/; full/fool,Apple,s,secsame,,,,,FB_1205
21,5312f70264052887a30b0f36d7715ed2472a91baf0b4a2a52c9d6d2a98f99ac9,NA,what_company_created_the_macbook_a_device_full_of_features_to_help_students_make_homework_targ_23_C.wav,target,non_phon_err,make vs. other verb,/ʊ/ --> /u/; full/fool,Apple,,,,,,,
21,5312f70264052887a30b0f36d7715ed2472a91baf0b4a2a52c9d6d2a98f99ac9,The question does NOT need any corrections.,what_big_star_in_our_solar_system_can_still_be_visible_when_is_cloudy_targ_19_C.wav,target,non_phon_err,expletive 'it' dropping,/ɪ/ --> /i/; still/steal,the Sun,nans,first,,a,,,FB_1205
21,5312f70264052887a30b0f36d7715ed2472a91baf0b4a2a52c9d6d2a98f99ac9,The Sun?,what_big_star_in_our_solar_system_can_still_be_visible_when_is_cloudy_targ_19_C.wav,target,non_phon_err,expletive 'it' dropping,/ɪ/ --> /i/; still/steal,the Sun,,,,,,,
21,5312f70264052887a30b0f36d7715ed2472a91baf0b4a2a52c9d6d2a98f99ac9,I’m good — skip to the next question,what_big_star_in_our_solar_system_can_still_be_visible_when_is_cloudy_targ_19_C.wav,target,non_phon_err,expletive 'it' dropping,/ɪ/ --> /i/; still/steal,the Sun,s,secsame,,,,,FB_1205
21,5312f70264052887a30b0f36d7715ed2472a91baf0b4a2a52c9d6d2a98f99ac9,NA,what_big_star_in_our_solar_system_can_still_be_visible_when_is_cloudy_targ_19_C.wav,target,non_phon_err,expletive 'it' dropping,/ɪ/ --> /i/; still/steal,the Sun,,,,,,,
21,5312f70264052887a30b0f36d7715ed2472a91baf0b4a2a52c9d6d2a98f99ac9,"The question needs to be CORRECTED (Select this if you spot an error, even if you don’t know the answer).",what_popular_us_chain_provides_a_happy_meal_toy_or_plus_when_kids_have_hungry_targ_20_D.wav,target,both_err,have vs. be,/ʃ/ --> /s/; plush/plus,McDonald's,y,first,np,,,,FB_1205
21,5312f70264052887a30b0f36d7715ed2472a91baf0b4a2a52c9d6d2a98f99ac9,"""when kids ARE hungry""; McDonalds",what_popular_us_chain_provides_a_happy_meal_toy_or_plus_when_kids_have_hungry_targ_20_D.wav,target,both_err,have vs. be,/ʃ/ --> /s/; plush/plus,McDonald's,,,,,,,
21,5312f70264052887a30b0f36d7715ed2472a91baf0b4a2a52c9d6d2a98f99ac9,I’m good — skip to the next question,what_popular_us_chain_provides_a_happy_meal_toy_or_plus_when_kids_have_hungry_targ_20_D.wav,target,both_err,have vs. be,/ʃ/ --> /s/; plush/plus,McDonald's,s,secsame,,,,,FB_1205
21,5312f70264052887a30b0f36d7715ed2472a91baf0b4a2a52c9d6d2a98f99ac9,NA,what_popular_us_chain_provides_a_happy_meal_toy_or_plus_when_kids_have_hungry_targ_20_D.wav,target,both_err,have vs. be,/ʃ/ --> /s/; plush/plus,McDonald's,,,,,,,
21,5312f70264052887a30b0f36d7715ed2472a91baf0b4a2a52c9d6d2a98f99ac9,"The question needs to be CORRECTED (Select this if you spot an error, even if you don’t know the answer).",which_fast_food_chain_offers_foot-long_sandwiches_and_has_the_slogan_eat_fresh_fill_11.wav,filler_other,NA,NA,NA,Subway,y,first,otherfill,,,,FB_1205
21,5312f70264052887a30b0f36d7715ed2472a91baf0b4a2a52c9d6d2a98f99ac9,"""foot"" sounds like ""food"", ""eat"" sounds like ""it""; Subway",which_fast_food_chain_offers_foot-long_sandwiches_and_has_the_slogan_eat_fresh_fill_11.wav,filler_other,NA,NA,NA,Subway,,,,,,,
21,5312f70264052887a30b0f36d7715ed2472a91baf0b4a2a52c9d6d2a98f99ac9,I’m good — skip to the next question,which_fast_food_chain_offers_foot-long_sandwiches_and_has_the_slogan_eat_fresh_fill_11.wav,filler_other,NA,NA,NA,Subway,s,secsame,,,,,FB_1205
21,5312f70264052887a30b0f36d7715ed2472a91baf0b4a2a52c9d6d2a98f99ac9,NA,which_fast_food_chain_offers_foot-long_sandwiches_and_has_the_slogan_eat_fresh_fill_11.wav,filler_other,NA,NA,NA,Subway,,,,,,,
21,5312f70264052887a30b0f36d7715ed2472a91baf0b4a2a52c9d6d2a98f99ac9,The question does NOT need any corrections.,what_kind_of_weather_could_occur_when_it_is_raining_and_below_freezing_targ_05_A.wav,target,correct,expletive 'it' dropping,/ʊ/ --> /u/; could/cooed,snow,nans,first,,a,,,FB_1205
21,5312f70264052887a30b0f36d7715ed2472a91baf0b4a2a52c9d6d2a98f99ac9,snow,what_kind_of_weather_could_occur_when_it_is_raining_and_below_freezing_targ_05_A.wav,target,correct,expletive 'it' dropping,/ʊ/ --> /u/; could/cooed,snow,,,,,,,
21,5312f70264052887a30b0f36d7715ed2472a91baf0b4a2a52c9d6d2a98f99ac9,"The question needs to be CORRECTED (Select this if you spot an error, even if you don’t know the answer).",what_kind_of_weather_could_occur_when_it_is_raining_and_below_freezing_targ_05_A.wav,target,correct,expletive 'it' dropping,/ʊ/ --> /u/; could/cooed,snow,y,secdiff,otherp,,,,FB_1205
21,5312f70264052887a30b0f36d7715ed2472a91baf0b4a2a52c9d6d2a98f99ac9,occur is pronounced a bit funny; Snow,what_kind_of_weather_could_occur_when_it_is_raining_and_below_freezing_targ_05_A.wav,target,correct,expletive 'it' dropping,/ʊ/ --> /u/; could/cooed,snow,,,,,,,
21,5312f70264052887a30b0f36d7715ed2472a91baf0b4a2a52c9d6d2a98f99ac9,"The question needs to be CORRECTED (Select this if you spot an error, even if you don’t know the answer).",which_scottish_actor_first_played_james_bond_wearing_kilts_to_red_carpets_when_he_had_32_years_old_targ_03_C.wav,target,non_phon_err,have vs. be,/k/ --> /g/; kilt/guilt,Sean Connery,y,first,np,,,,FB_1205
21,5312f70264052887a30b0f36d7715ed2472a91baf0b4a2a52c9d6d2a98f99ac9,"""when he WAS 32 years old""; Sean Connery",which_scottish_actor_first_played_james_bond_wearing_kilts_to_red_carpets_when_he_had_32_years_old_targ_03_C.wav,target,non_phon_err,have vs. be,/k/ --> /g/; kilt/guilt,Sean Connery,,,,,,,
21,5312f70264052887a30b0f36d7715ed2472a91baf0b4a2a52c9d6d2a98f99ac9,I’m good — skip to the next question,which_scottish_actor_first_played_james_bond_wearing_kilts_to_red_carpets_when_he_had_32_years_old_targ_03_C.wav,target,non_phon_err,have vs. be,/k/ --> /g/; kilt/guilt,Sean Connery,s,secsame,,,,,FB_1205
21,5312f70264052887a30b0f36d7715ed2472a91baf0b4a2a52c9d6d2a98f99ac9,NA,which_scottish_actor_first_played_james_bond_wearing_kilts_to_red_carpets_when_he_had_32_years_old_targ_03_C.wav,target,non_phon_err,have vs. be,/k/ --> /g/; kilt/guilt,Sean Connery,,,,,,,
21,5312f70264052887a30b0f36d7715ed2472a91baf0b4a2a52c9d6d2a98f99ac9,"The question does NOT need any corrections, but I don't know the answer/ I don't understand what the question is asking.",for_what_pink_ice_cream_flavor_will_companies_do_their_best_to_use_real_fruit_targ_01_A.wav,target,correct,make vs. other verb,/ɪ/ --> /i/; will/wheel,strawberry,nun,first,,,,,FB_1205
21,5312f70264052887a30b0f36d7715ed2472a91baf0b4a2a52c9d6d2a98f99ac9,NA,for_what_pink_ice_cream_flavor_will_companies_do_their_best_to_use_real_fruit_targ_01_A.wav,target,correct,make vs. other verb,/ɪ/ --> /i/; will/wheel,strawberry,,,,,,,
21,5312f70264052887a30b0f36d7715ed2472a91baf0b4a2a52c9d6d2a98f99ac9,I’m good — skip to the next question,for_what_pink_ice_cream_flavor_will_companies_do_their_best_to_use_real_fruit_targ_01_A.wav,target,correct,make vs. other verb,/ɪ/ --> /i/; will/wheel,strawberry,s,secsame,,,,,FB_1205
21,5312f70264052887a30b0f36d7715ed2472a91baf0b4a2a52c9d6d2a98f99ac9,NA,for_what_pink_ice_cream_flavor_will_companies_do_their_best_to_use_real_fruit_targ_01_A.wav,target,correct,make vs. other verb,/ɪ/ --> /i/; will/wheel,strawberry,,,,,,,
21,5312f70264052887a30b0f36d7715ed2472a91baf0b4a2a52c9d6d2a98f99ac9,"The question needs to be CORRECTED (Select this if you spot an error, even if you don’t know the answer).",who_did_americans_boat_for_to_be_their_first_president_who_avoided_serving_three_terms_targ_10_B.wav,target,phon_err,infinitive vs. participle,/v/ --> /b/; vote/boat,George Washington,y,first,othernp,,,,FB_1205
21,5312f70264052887a30b0f36d7715ed2472a91baf0b4a2a52c9d6d2a98f99ac9,"the wording about serving three terms muddies the question but I think the answer is just about our First President, George Washington",who_did_americans_boat_for_to_be_their_first_president_who_avoided_serving_three_terms_targ_10_B.wav,target,phon_err,infinitive vs. participle,/v/ --> /b/; vote/boat,George Washington,,,,,,,
21,5312f70264052887a30b0f36d7715ed2472a91baf0b4a2a52c9d6d2a98f99ac9,I’m good — skip to the next question,who_did_americans_boat_for_to_be_their_first_president_who_avoided_serving_three_terms_targ_10_B.wav,target,phon_err,infinitive vs. participle,/v/ --> /b/; vote/boat,George Washington,s,secsame,,,,,FB_1205
21,5312f70264052887a30b0f36d7715ed2472a91baf0b4a2a52c9d6d2a98f99ac9,NA,who_did_americans_boat_for_to_be_their_first_president_who_avoided_serving_three_terms_targ_10_B.wav,target,phon_err,infinitive vs. participle,/v/ --> /b/; vote/boat,George Washington,,,,,,,
21,5312f70264052887a30b0f36d7715ed2472a91baf0b4a2a52c9d6d2a98f99ac9,"The question needs to be CORRECTED (Select this if you spot an error, even if you don’t know the answer).",what_animal_is_typically_white_with_black_spots_and_says_moo_fill_21.wav,filler_other,NA,NA,NA,a cow,y,first,otherfill,,,,FB_1205
21,5312f70264052887a30b0f36d7715ed2472a91baf0b4a2a52c9d6d2a98f99ac9,didn't understand the last word or two,what_animal_is_typically_white_with_black_spots_and_says_moo_fill_21.wav,filler_other,NA,NA,NA,a cow,,,,,,,
21,5312f70264052887a30b0f36d7715ed2472a91baf0b4a2a52c9d6d2a98f99ac9,The question does NOT need any corrections.,what_animal_is_typically_white_with_black_spots_and_says_moo_fill_21.wav,filler_other,NA,NA,NA,a cow,nans,secdiff,,a,,,FB_1205
21,5312f70264052887a30b0f36d7715ed2472a91baf0b4a2a52c9d6d2a98f99ac9,Cow,what_animal_is_typically_white_with_black_spots_and_says_moo_fill_21.wav,filler_other,NA,NA,NA,a cow,,,,,,,
21,5312f70264052887a30b0f36d7715ed2472a91baf0b4a2a52c9d6d2a98f99ac9,"The question needs to be CORRECTED (Select this if you spot an error, even if you don’t know the answer).",what_musician_won_grammys_for_their_album_thriller_which_features_the_hit_song_beat_it_fill_20.wav,filler_other,NA,NA,NA,Michael Jackson,y,first,otherfill,,,,FB_1205
21,5312f70264052887a30b0f36d7715ed2472a91baf0b4a2a52c9d6d2a98f99ac9,"""Thriller"" and ""Beat It"" could be pronounced more clearly; Michael Jackson",what_musician_won_grammys_for_their_album_thriller_which_features_the_hit_song_beat_it_fill_20.wav,filler_other,NA,NA,NA,Michael Jackson,,,,,,,
21,5312f70264052887a30b0f36d7715ed2472a91baf0b4a2a52c9d6d2a98f99ac9,I’m good — skip to the next question,what_musician_won_grammys_for_their_album_thriller_which_features_the_hit_song_beat_it_fill_20.wav,filler_other,NA,NA,NA,Michael Jackson,s,secsame,,,,,FB_1205
21,5312f70264052887a30b0f36d7715ed2472a91baf0b4a2a52c9d6d2a98f99ac9,NA,what_musician_won_grammys_for_their_album_thriller_which_features_the_hit_song_beat_it_fill_20.wav,filler_other,NA,NA,NA,Michael Jackson,,,,,,,
21,5312f70264052887a30b0f36d7715ed2472a91baf0b4a2a52c9d6d2a98f99ac9,"The question does NOT need any corrections, but I don't know the answer/ I don't understand what the question is asking.",which_body_part_did_van_gogh_allegedly_cut_off_after_an_argument_with_his_friend_fill_05.wav,filler_other,NA,NA,NA,ear,nun,first,,,,,FB_1205
21,5312f70264052887a30b0f36d7715ed2472a91baf0b4a2a52c9d6d2a98f99ac9,NA,which_body_part_did_van_gogh_allegedly_cut_off_after_an_argument_with_his_friend_fill_05.wav,filler_other,NA,NA,NA,ear,,,,,,,
21,5312f70264052887a30b0f36d7715ed2472a91baf0b4a2a52c9d6d2a98f99ac9,"The question does NOT need any corrections, but I don't know the answer/ I don't understand what the question is asking.",which_body_part_did_van_gogh_allegedly_cut_off_after_an_argument_with_his_friend_fill_05.wav,filler_other,NA,NA,NA,ear,nun,secsame,,,,,FB_1205
21,5312f70264052887a30b0f36d7715ed2472a91baf0b4a2a52c9d6d2a98f99ac9,NA,which_body_part_did_van_gogh_allegedly_cut_off_after_an_argument_with_his_friend_fill_05.wav,filler_other,NA,NA,NA,ear,,,,,,,
21,5312f70264052887a30b0f36d7715ed2472a91baf0b4a2a52c9d6d2a98f99ac9,The question does NOT need any corrections.,what_colors_make_up_a_traditional_candy_cane_which_people_enjoy_to_eat_during_christmas_targ_15_C.wav,target,non_phon_err,infinitive vs. participle,/k/ --> /g/; cane/gain,red and white,nans,first,,a,,,FB_1205
21,5312f70264052887a30b0f36d7715ed2472a91baf0b4a2a52c9d6d2a98f99ac9,Red and White,what_colors_make_up_a_traditional_candy_cane_which_people_enjoy_to_eat_during_christmas_targ_15_C.wav,target,non_phon_err,infinitive vs. participle,/k/ --> /g/; cane/gain,red and white,,,,,,,
21,5312f70264052887a30b0f36d7715ed2472a91baf0b4a2a52c9d6d2a98f99ac9,I’m good — skip to the next question,what_colors_make_up_a_traditional_candy_cane_which_people_enjoy_to_eat_during_christmas_targ_15_C.wav,target,non_phon_err,infinitive vs. participle,/k/ --> /g/; cane/gain,red and white,s,secsame,,,,,FB_1205
21,5312f70264052887a30b0f36d7715ed2472a91baf0b4a2a52c9d6d2a98f99ac9,NA,what_colors_make_up_a_traditional_candy_cane_which_people_enjoy_to_eat_during_christmas_targ_15_C.wav,target,non_phon_err,infinitive vs. participle,/k/ --> /g/; cane/gain,red and white,,,,,,,
21,5312f70264052887a30b0f36d7715ed2472a91baf0b4a2a52c9d6d2a98f99ac9,The question does NOT need any corrections.,how_many_days_would_my_tandem_bike_be_gone_if_someone_borrows_it_for_july_targ_17_A.wav,target,correct,adj/noun order,/ʊ/ --> /u/; would/wooed,thirty-one days,nans,first,,a,,,FB_1205
21,5312f70264052887a30b0f36d7715ed2472a91baf0b4a2a52c9d6d2a98f99ac9,31,how_many_days_would_my_tandem_bike_be_gone_if_someone_borrows_it_for_july_targ_17_A.wav,target,correct,adj/noun order,/ʊ/ --> /u/; would/wooed,thirty-one days,,,,,,,
21,5312f70264052887a30b0f36d7715ed2472a91baf0b4a2a52c9d6d2a98f99ac9,I’m good — skip to the next question,how_many_days_would_my_tandem_bike_be_gone_if_someone_borrows_it_for_july_targ_17_A.wav,target,correct,adj/noun order,/ʊ/ --> /u/; would/wooed,thirty-one days,s,secsame,,,,,FB_1205
21,5312f70264052887a30b0f36d7715ed2472a91baf0b4a2a52c9d6d2a98f99ac9,NA,how_many_days_would_my_tandem_bike_be_gone_if_someone_borrows_it_for_july_targ_17_A.wav,target,correct,adj/noun order,/ʊ/ --> /u/; would/wooed,thirty-one days,,,,,,,
21,5312f70264052887a30b0f36d7715ed2472a91baf0b4a2a52c9d6d2a98f99ac9,The question does NOT need any corrections.,where_do_the_jolly_christmas_icons_santa_claus_and_his_wife_mrs._claus_live_fill_22.wav,filler_other,NA,NA,NA,the North Pole,nans,first,,a,,,FB_1205
21,5312f70264052887a30b0f36d7715ed2472a91baf0b4a2a52c9d6d2a98f99ac9,The North Pole,where_do_the_jolly_christmas_icons_santa_claus_and_his_wife_mrs._claus_live_fill_22.wav,filler_other,NA,NA,NA,the North Pole,,,,,,,
21,5312f70264052887a30b0f36d7715ed2472a91baf0b4a2a52c9d6d2a98f99ac9,I’m good — skip to the next question,where_do_the_jolly_christmas_icons_santa_claus_and_his_wife_mrs._claus_live_fill_22.wav,filler_other,NA,NA,NA,the North Pole,s,secsame,,,,,FB_1205
21,5312f70264052887a30b0f36d7715ed2472a91baf0b4a2a52c9d6d2a98f99ac9,NA,where_do_the_jolly_christmas_icons_santa_claus_and_his_wife_mrs._claus_live_fill_22.wav,filler_other,NA,NA,NA,the North Pole,,,,,,,
21,5312f70264052887a30b0f36d7715ed2472a91baf0b4a2a52c9d6d2a98f99ac9,The question does NOT need any corrections.,what_supplies_do_you_need_to_knit_a_scarf_targ_13_A.wav,target,correct,no aux verbs in questions (lack of do support),/ɪ/ --> /i/; knit/neat,needles and yarn,nans,first,,a,,,FB_1205
21,5312f70264052887a30b0f36d7715ed2472a91baf0b4a2a52c9d6d2a98f99ac9,knitting needles and yarn,what_supplies_do_you_need_to_knit_a_scarf_targ_13_A.wav,target,correct,no aux verbs in questions (lack of do support),/ɪ/ --> /i/; knit/neat,needles and yarn,,,,,,,
21,5312f70264052887a30b0f36d7715ed2472a91baf0b4a2a52c9d6d2a98f99ac9,The question does NOT need any corrections.,what_supplies_do_you_need_to_knit_a_scarf_targ_13_A.wav,target,correct,no aux verbs in questions (lack of do support),/ɪ/ --> /i/; knit/neat,needles and yarn,nans,secsame,,,,,FB_1205
21,5312f70264052887a30b0f36d7715ed2472a91baf0b4a2a52c9d6d2a98f99ac9,knitting needles and yarn,what_supplies_do_you_need_to_knit_a_scarf_targ_13_A.wav,target,correct,no aux verbs in questions (lack of do support),/ɪ/ --> /i/; knit/neat,needles and yarn,,,,,,,
21,5312f70264052887a30b0f36d7715ed2472a91baf0b4a2a52c9d6d2a98f99ac9,"The question needs to be CORRECTED (Select this if you spot an error, even if you don’t know the answer).",what_neil_armstrong_say_during_his_berry_first_steps_on_the_moon_targ_04_D.wav,target,both_err,no aux verbs in questions (lack of do support),/v/ --> /b/; very/berry,"""That's one small step for man, one giant leap for mankind.""",y,first,otherp,,,,FB_1205
21,5312f70264052887a30b0f36d7715ed2472a91baf0b4a2a52c9d6d2a98f99ac9,"Neil sounds like ""nail"", one small step for man, one giant leap for mankind",what_neil_armstrong_say_during_his_berry_first_steps_on_the_moon_targ_04_D.wav,target,both_err,no aux verbs in questions (lack of do support),/v/ --> /b/; very/berry,"""That's one small step for man, one giant leap for mankind.""",,,,,,,
21,5312f70264052887a30b0f36d7715ed2472a91baf0b4a2a52c9d6d2a98f99ac9,I’m good — skip to the next question,what_neil_armstrong_say_during_his_berry_first_steps_on_the_moon_targ_04_D.wav,target,both_err,no aux verbs in questions (lack of do support),/v/ --> /b/; very/berry,"""That's one small step for man, one giant leap for mankind.""",s,secsame,,,,,FB_1205
21,5312f70264052887a30b0f36d7715ed2472a91baf0b4a2a52c9d6d2a98f99ac9,NA,what_neil_armstrong_say_during_his_berry_first_steps_on_the_moon_targ_04_D.wav,target,both_err,no aux verbs in questions (lack of do support),/v/ --> /b/; very/berry,"""That's one small step for man, one giant leap for mankind.""",,,,,,,
21,5312f70264052887a30b0f36d7715ed2472a91baf0b4a2a52c9d6d2a98f99ac9,The question does NOT need any corrections.,what_letter_in_the_latin_alphabet_corresponds_to_the_greek_letter_alpha_fill_01.wav,filler_other,NA,NA,NA,a,nans,first,,a,,,FB_1205
21,5312f70264052887a30b0f36d7715ed2472a91baf0b4a2a52c9d6d2a98f99ac9,A,what_letter_in_the_latin_alphabet_corresponds_to_the_greek_letter_alpha_fill_01.wav,filler_other,NA,NA,NA,a,,,,,,,
21,5312f70264052887a30b0f36d7715ed2472a91baf0b4a2a52c9d6d2a98f99ac9,I’m good — skip to the next question,what_letter_in_the_latin_alphabet_corresponds_to_the_greek_letter_alpha_fill_01.wav,filler_other,NA,NA,NA,a,s,secsame,,,,,FB_1205
21,5312f70264052887a30b0f36d7715ed2472a91baf0b4a2a52c9d6d2a98f99ac9,NA,what_letter_in_the_latin_alphabet_corresponds_to_the_greek_letter_alpha_fill_01.wav,filler_other,NA,NA,NA,a,,,,,,,
21,5312f70264052887a30b0f36d7715ed2472a91baf0b4a2a52c9d6d2a98f99ac9,The question does NOT need any corrections.,what_holiday_occurs_at_the_end_of_october_and_features_trick-or-treating_pumpkins_and_haunted_houses_fill_07.wav,filler_other,NA,NA,NA,Halloween,nans,first,,a,,,FB_1205
21,5312f70264052887a30b0f36d7715ed2472a91baf0b4a2a52c9d6d2a98f99ac9,Halloween,what_holiday_occurs_at_the_end_of_october_and_features_trick-or-treating_pumpkins_and_haunted_houses_fill_07.wav,filler_other,NA,NA,NA,Halloween,,,,,,,
21,5312f70264052887a30b0f36d7715ed2472a91baf0b4a2a52c9d6d2a98f99ac9,"The question needs to be CORRECTED (Select this if you spot an error, even if you don’t know the answer).",what_holiday_occurs_at_the_end_of_october_and_features_trick-or-treating_pumpkins_and_haunted_houses_fill_07.wav,filler_other,NA,NA,NA,Halloween,y,secdiff,otherfill,,,,FB_1205
21,5312f70264052887a30b0f36d7715ed2472a91baf0b4a2a52c9d6d2a98f99ac9,"Pumpkins sounds like ""pumpkings""; Halloween",what_holiday_occurs_at_the_end_of_october_and_features_trick-or-treating_pumpkins_and_haunted_houses_fill_07.wav,filler_other,NA,NA,NA,Halloween,,,,,,,
21,5312f70264052887a30b0f36d7715ed2472a91baf0b4a2a52c9d6d2a98f99ac9,The question does NOT need any corrections.,which_tropical_fruit_that_grows_on_palm_trees_is_used_for_oils_and_milks_fill_18.wav,filler_other,NA,NA,NA,coconuts,nans,first,,a,,,FB_1205
21,5312f70264052887a30b0f36d7715ed2472a91baf0b4a2a52c9d6d2a98f99ac9,coconut,which_tropical_fruit_that_grows_on_palm_trees_is_used_for_oils_and_milks_fill_18.wav,filler_other,NA,NA,NA,coconuts,,,,,,,
21,5312f70264052887a30b0f36d7715ed2472a91baf0b4a2a52c9d6d2a98f99ac9,I’m good — skip to the next question,which_tropical_fruit_that_grows_on_palm_trees_is_used_for_oils_and_milks_fill_18.wav,filler_other,NA,NA,NA,coconuts,s,secsame,,,,,FB_1205
21,5312f70264052887a30b0f36d7715ed2472a91baf0b4a2a52c9d6d2a98f99ac9,NA,which_tropical_fruit_that_grows_on_palm_trees_is_used_for_oils_and_milks_fill_18.wav,filler_other,NA,NA,NA,coconuts,,,,,,,
22,562195159f556910ef984bb06d1aa1c88934eed3e0cf3e5fc62fe02a064fe5c2,The question does NOT need any corrections.,what_state_is_los_angeles_located_in_fill_26.wav,att_check_good,NA,NA,NA,California,nans,first,,a,attention check passed (6/8 correct),,JB_1204
22,562195159f556910ef984bb06d1aa1c88934eed3e0cf3e5fc62fe02a064fe5c2,California,what_state_is_los_angeles_located_in_fill_26.wav,att_check_good,NA,NA,NA,California,,,,,,,
22,562195159f556910ef984bb06d1aa1c88934eed3e0cf3e5fc62fe02a064fe5c2,I’m good — skip to the next question,what_state_is_los_angeles_located_in_fill_26.wav,att_check_good,NA,NA,NA,California,s,secsame,,,,,JB_1204
22,562195159f556910ef984bb06d1aa1c88934eed3e0cf3e5fc62fe02a064fe5c2,NA,what_state_is_los_angeles_located_in_fill_26.wav,att_check_good,NA,NA,NA,California,,,,,,,
22,562195159f556910ef984bb06d1aa1c88934eed3e0cf3e5fc62fe02a064fe5c2,"The question needs to be CORRECTED (Select this if you spot an error, even if you don’t know the answer).",how_many_embers_were_in_the_beatles_the_british_rock_band_fill_32.wav,att_check_err,NA,NA,NA,four (members),y,first,acheckp,,"mentioned misunderstanding of 'members', counting as pass",,JB_1204
22,562195159f556910ef984bb06d1aa1c88934eed3e0cf3e5fc62fe02a064fe5c2,"Couldn't understand several words- how many '?' were in the '?"" the British rock band (? = couldn't understand). Don't know answer.",how_many_embers_were_in_the_beatles_the_british_rock_band_fill_32.wav,att_check_err,NA,NA,NA,four (members),,,,,,,
22,562195159f556910ef984bb06d1aa1c88934eed3e0cf3e5fc62fe02a064fe5c2,I’m good — skip to the next question,how_many_embers_were_in_the_beatles_the_british_rock_band_fill_32.wav,att_check_err,NA,NA,NA,four (members),s,secsame,,,,,JB_1204
22,562195159f556910ef984bb06d1aa1c88934eed3e0cf3e5fc62fe02a064fe5c2,NA,how_many_embers_were_in_the_beatles_the_british_rock_band_fill_32.wav,att_check_err,NA,NA,NA,four (members),,,,,,,
22,562195159f556910ef984bb06d1aa1c88934eed3e0cf3e5fc62fe02a064fe5c2,The question does NOT need any corrections.,what_day_of_the_week_comes_after_monday_fill_27.wav,att_check_good,NA,NA,NA,Tuesday,nans,first,,a,,,JB_1204
22,562195159f556910ef984bb06d1aa1c88934eed3e0cf3e5fc62fe02a064fe5c2,Tuesday,what_day_of_the_week_comes_after_monday_fill_27.wav,att_check_good,NA,NA,NA,Tuesday,,,,,,,
22,562195159f556910ef984bb06d1aa1c88934eed3e0cf3e5fc62fe02a064fe5c2,I’m good — skip to the next question,what_day_of_the_week_comes_after_monday_fill_27.wav,att_check_good,NA,NA,NA,Tuesday,s,secsame,,,,,JB_1204
22,562195159f556910ef984bb06d1aa1c88934eed3e0cf3e5fc62fe02a064fe5c2,NA,what_day_of_the_week_comes_after_monday_fill_27.wav,att_check_good,NA,NA,NA,Tuesday,,,,,,,
22,562195159f556910ef984bb06d1aa1c88934eed3e0cf3e5fc62fe02a064fe5c2,The question does NOT need any corrections.,what_insect_undergoes_a_process_of_change_to_turn_into_a_butterfy_fill_30.wav,att_check_err,NA,NA,NA,caterpillar (butterfly),nans,first,acheckf,,,,JB_1204
22,562195159f556910ef984bb06d1aa1c88934eed3e0cf3e5fc62fe02a064fe5c2,Caterpillar,what_insect_undergoes_a_process_of_change_to_turn_into_a_butterfy_fill_30.wav,att_check_err,NA,NA,NA,caterpillar (butterfly),,,,,,,
22,562195159f556910ef984bb06d1aa1c88934eed3e0cf3e5fc62fe02a064fe5c2,I’m good — skip to the next question,what_insect_undergoes_a_process_of_change_to_turn_into_a_butterfy_fill_30.wav,att_check_err,NA,NA,NA,caterpillar (butterfly),s,secsame,,,,,JB_1204
22,562195159f556910ef984bb06d1aa1c88934eed3e0cf3e5fc62fe02a064fe5c2,NA,what_insect_undergoes_a_process_of_change_to_turn_into_a_butterfy_fill_30.wav,att_check_err,NA,NA,NA,caterpillar (butterfly),,,,,,,
22,562195159f556910ef984bb06d1aa1c88934eed3e0cf3e5fc62fe02a064fe5c2,The question does NOT need any corrections.,what_color_is_a_typical_school_bus_fill_28.wav,att_check_good,NA,NA,NA,yellow,nans,first,,a,,,JB_1204
22,562195159f556910ef984bb06d1aa1c88934eed3e0cf3e5fc62fe02a064fe5c2,yellow,what_color_is_a_typical_school_bus_fill_28.wav,att_check_good,NA,NA,NA,yellow,,,,,,,
22,562195159f556910ef984bb06d1aa1c88934eed3e0cf3e5fc62fe02a064fe5c2,I’m good — skip to the next question,what_color_is_a_typical_school_bus_fill_28.wav,att_check_good,NA,NA,NA,yellow,s,secsame,,,,,JB_1204
22,562195159f556910ef984bb06d1aa1c88934eed3e0cf3e5fc62fe02a064fe5c2,NA,what_color_is_a_typical_school_bus_fill_28.wav,att_check_good,NA,NA,NA,yellow,,,,,,,
22,562195159f556910ef984bb06d1aa1c88934eed3e0cf3e5fc62fe02a064fe5c2,The question does NOT need any corrections.,how_many_legs_does_a_dog_normally_have_fill_25.wav,att_check_good,NA,NA,NA,four,nans,first,,a,,,JB_1204
22,562195159f556910ef984bb06d1aa1c88934eed3e0cf3e5fc62fe02a064fe5c2,4,how_many_legs_does_a_dog_normally_have_fill_25.wav,att_check_good,NA,NA,NA,four,,,,,,,
22,562195159f556910ef984bb06d1aa1c88934eed3e0cf3e5fc62fe02a064fe5c2,I’m good — skip to the next question,how_many_legs_does_a_dog_normally_have_fill_25.wav,att_check_good,NA,NA,NA,four,s,secsame,,,,,JB_1204
22,562195159f556910ef984bb06d1aa1c88934eed3e0cf3e5fc62fe02a064fe5c2,NA,how_many_legs_does_a_dog_normally_have_fill_25.wav,att_check_good,NA,NA,NA,four,,,,,,,
22,562195159f556910ef984bb06d1aa1c88934eed3e0cf3e5fc62fe02a064fe5c2,"The question needs to be CORRECTED (Select this if you spot an error, even if you don’t know the answer).",in_the_cycle_of_seasons_what_season_comes_after_dinter_fill_29.wav,att_check_err,NA,NA,NA,"Spring (Winter, sound sub that's not related)",y,first,acheckp,,,,JB_1204
22,562195159f556910ef984bb06d1aa1c88934eed3e0cf3e5fc62fe02a064fe5c2,denter' is pronounced incorrectly- 'winter'.,in_the_cycle_of_seasons_what_season_comes_after_dinter_fill_29.wav,att_check_err,NA,NA,NA,"Spring (Winter, sound sub that's not related)",,,,,,,
22,562195159f556910ef984bb06d1aa1c88934eed3e0cf3e5fc62fe02a064fe5c2,I’m good — skip to the next question,in_the_cycle_of_seasons_what_season_comes_after_dinter_fill_29.wav,att_check_err,NA,NA,NA,"Spring (Winter, sound sub that's not related)",s,secsame,,,,,JB_1204
22,562195159f556910ef984bb06d1aa1c88934eed3e0cf3e5fc62fe02a064fe5c2,NA,in_the_cycle_of_seasons_what_season_comes_after_dinter_fill_29.wav,att_check_err,NA,NA,NA,"Spring (Winter, sound sub that's not related)",,,,,,,
22,562195159f556910ef984bb06d1aa1c88934eed3e0cf3e5fc62fe02a064fe5c2,"The question does NOT need any corrections, but I don't know the answer/ I don't understand what the question is asking.",what_is_the_largest_plant_in_the_solar_system_fill_31.wav,att_check_err,NA,NA,NA,Jupiter (planet),nun,first,acheckf,,,,JB_1204
22,562195159f556910ef984bb06d1aa1c88934eed3e0cf3e5fc62fe02a064fe5c2,NA,what_is_the_largest_plant_in_the_solar_system_fill_31.wav,att_check_err,NA,NA,NA,Jupiter (planet),,,,,,,
22,562195159f556910ef984bb06d1aa1c88934eed3e0cf3e5fc62fe02a064fe5c2,I’m good — skip to the next question,what_is_the_largest_plant_in_the_solar_system_fill_31.wav,att_check_err,NA,NA,NA,Jupiter (planet),s,secsame,,,,,JB_1204
22,562195159f556910ef984bb06d1aa1c88934eed3e0cf3e5fc62fe02a064fe5c2,NA,what_is_the_largest_plant_in_the_solar_system_fill_31.wav,att_check_err,NA,NA,NA,Jupiter (planet),,,,,,,
22,562195159f556910ef984bb06d1aa1c88934eed3e0cf3e5fc62fe02a064fe5c2,"The question needs to be CORRECTED (Select this if you spot an error, even if you don’t know the answer).",for_what_pink_ice_cream_flavor_will_companies_do_their_best_to_use_real_fruit_targ_01_A.wav,target,correct,make vs. other verb,/ɪ/ --> /i/; will/wheel,strawberry,y,first,othernp,,,,FB_1205
22,562195159f556910ef984bb06d1aa1c88934eed3e0cf3e5fc62fe02a064fe5c2,"""for what"" should be ""what""; ""do their best"" should be ""try their best"". I don't know the answer.",for_what_pink_ice_cream_flavor_will_companies_do_their_best_to_use_real_fruit_targ_01_A.wav,target,correct,make vs. other verb,/ɪ/ --> /i/; will/wheel,strawberry,,,,,,,
22,562195159f556910ef984bb06d1aa1c88934eed3e0cf3e5fc62fe02a064fe5c2,I’m good — skip to the next question,for_what_pink_ice_cream_flavor_will_companies_do_their_best_to_use_real_fruit_targ_01_A.wav,target,correct,make vs. other verb,/ɪ/ --> /i/; will/wheel,strawberry,s,secsame,,,,,FB_1205
22,562195159f556910ef984bb06d1aa1c88934eed3e0cf3e5fc62fe02a064fe5c2,NA,for_what_pink_ice_cream_flavor_will_companies_do_their_best_to_use_real_fruit_targ_01_A.wav,target,correct,make vs. other verb,/ɪ/ --> /i/; will/wheel,strawberry,,,,,,,
22,562195159f556910ef984bb06d1aa1c88934eed3e0cf3e5fc62fe02a064fe5c2,The question does NOT need any corrections.,when_you_are_hot_what_device_measures_body_temperature_in_boat_celsius_and_fahrenheit_targ_18_B.wav,target,phon_err,have vs. be,/θ/ --> /t/; both/boat,thermometer,nans,first,,a,,,FB_1205
22,562195159f556910ef984bb06d1aa1c88934eed3e0cf3e5fc62fe02a064fe5c2,A thermometer,when_you_are_hot_what_device_measures_body_temperature_in_boat_celsius_and_fahrenheit_targ_18_B.wav,target,phon_err,have vs. be,/θ/ --> /t/; both/boat,thermometer,,,,,,,
22,562195159f556910ef984bb06d1aa1c88934eed3e0cf3e5fc62fe02a064fe5c2,I’m good — skip to the next question,when_you_are_hot_what_device_measures_body_temperature_in_boat_celsius_and_fahrenheit_targ_18_B.wav,target,phon_err,have vs. be,/θ/ --> /t/; both/boat,thermometer,s,secsame,,,,,FB_1205
22,562195159f556910ef984bb06d1aa1c88934eed3e0cf3e5fc62fe02a064fe5c2,NA,when_you_are_hot_what_device_measures_body_temperature_in_boat_celsius_and_fahrenheit_targ_18_B.wav,target,phon_err,have vs. be,/θ/ --> /t/; both/boat,thermometer,,,,,,,
22,562195159f556910ef984bb06d1aa1c88934eed3e0cf3e5fc62fe02a064fe5c2,"The question needs to be CORRECTED (Select this if you spot an error, even if you don’t know the answer).",what_supplies_do_you_need_to_knit_a_scarf_targ_13_A.wav,target,correct,no aux verbs in questions (lack of do support),/ɪ/ --> /i/; knit/neat,needles and yarn,y,first,otherp,,,,FB_1205
22,562195159f556910ef984bb06d1aa1c88934eed3e0cf3e5fc62fe02a064fe5c2,"""to knit"" sounds like she is saying ""to need""; don't know answer.",what_supplies_do_you_need_to_knit_a_scarf_targ_13_A.wav,target,correct,no aux verbs in questions (lack of do support),/ɪ/ --> /i/; knit/neat,needles and yarn,,,,,,,
22,562195159f556910ef984bb06d1aa1c88934eed3e0cf3e5fc62fe02a064fe5c2,I’m good — skip to the next question,what_supplies_do_you_need_to_knit_a_scarf_targ_13_A.wav,target,correct,no aux verbs in questions (lack of do support),/ɪ/ --> /i/; knit/neat,needles and yarn,s,secsame,,,,,FB_1205
22,562195159f556910ef984bb06d1aa1c88934eed3e0cf3e5fc62fe02a064fe5c2,NA,what_supplies_do_you_need_to_knit_a_scarf_targ_13_A.wav,target,correct,no aux verbs in questions (lack of do support),/ɪ/ --> /i/; knit/neat,needles and yarn,,,,,,,
22,562195159f556910ef984bb06d1aa1c88934eed3e0cf3e5fc62fe02a064fe5c2,"The question needs to be CORRECTED (Select this if you spot an error, even if you don’t know the answer).",in_the_famous_dr_seuss_book_what_orange_and_yellow_character_speaks_for_the_trees_fill_23.wav,filler_other,NA,NA,NA,the Lorax,y,first,otherfill,,,,FB_1205
22,562195159f556910ef984bb06d1aa1c88934eed3e0cf3e5fc62fe02a064fe5c2,speaks for the trees' should be 'speaks to the trees',in_the_famous_dr_seuss_book_what_orange_and_yellow_character_speaks_for_the_trees_fill_23.wav,filler_other,NA,NA,NA,the Lorax,,,,,,,
22,562195159f556910ef984bb06d1aa1c88934eed3e0cf3e5fc62fe02a064fe5c2,I’m good — skip to the next question,in_the_famous_dr_seuss_book_what_orange_and_yellow_character_speaks_for_the_trees_fill_23.wav,filler_other,NA,NA,NA,the Lorax,s,secsame,,,,,FB_1205
22,562195159f556910ef984bb06d1aa1c88934eed3e0cf3e5fc62fe02a064fe5c2,NA,in_the_famous_dr_seuss_book_what_orange_and_yellow_character_speaks_for_the_trees_fill_23.wav,filler_other,NA,NA,NA,the Lorax,,,,,,,
22,562195159f556910ef984bb06d1aa1c88934eed3e0cf3e5fc62fe02a064fe5c2,The question does NOT need any corrections.,which_cartoon_dog_solves_mysteries_with_the_group_fred_daphne_velma_and_shaggy_fill_10.wav,filler_other,NA,NA,NA,Scooby-Doo,nans,first,,a,,,FB_1205
22,562195159f556910ef984bb06d1aa1c88934eed3e0cf3e5fc62fe02a064fe5c2,Scooby-Doo,which_cartoon_dog_solves_mysteries_with_the_group_fred_daphne_velma_and_shaggy_fill_10.wav,filler_other,NA,NA,NA,Scooby-Doo,,,,,,,
22,562195159f556910ef984bb06d1aa1c88934eed3e0cf3e5fc62fe02a064fe5c2,"The question needs to be CORRECTED (Select this if you spot an error, even if you don’t know the answer).",which_cartoon_dog_solves_mysteries_with_the_group_fred_daphne_velma_and_shaggy_fill_10.wav,filler_other,NA,NA,NA,Scooby-Doo,y,secdiff,otherfill,,,,FB_1205
22,562195159f556910ef984bb06d1aa1c88934eed3e0cf3e5fc62fe02a064fe5c2,"""the group"" to ""a group"" or remove and list names,",which_cartoon_dog_solves_mysteries_with_the_group_fred_daphne_velma_and_shaggy_fill_10.wav,filler_other,NA,NA,NA,Scooby-Doo,,,,,,,
22,562195159f556910ef984bb06d1aa1c88934eed3e0cf3e5fc62fe02a064fe5c2,"The question needs to be CORRECTED (Select this if you spot an error, even if you don’t know the answer).",what_kind_of_weather_could_occur_when_it_is_raining_and_below_freezing_targ_05_A.wav,target,correct,expletive 'it' dropping,/ʊ/ --> /u/; could/cooed,snow,y,first,otherp,,,,FB_1205
22,562195159f556910ef984bb06d1aa1c88934eed3e0cf3e5fc62fe02a064fe5c2,couldn't understand if she said 'occur' or 'appear'; don't know answer,what_kind_of_weather_could_occur_when_it_is_raining_and_below_freezing_targ_05_A.wav,target,correct,expletive 'it' dropping,/ʊ/ --> /u/; could/cooed,snow,,,,,,,
22,562195159f556910ef984bb06d1aa1c88934eed3e0cf3e5fc62fe02a064fe5c2,I’m good — skip to the next question,what_kind_of_weather_could_occur_when_it_is_raining_and_below_freezing_targ_05_A.wav,target,correct,expletive 'it' dropping,/ʊ/ --> /u/; could/cooed,snow,s,secsame,,,,,FB_1205
22,562195159f556910ef984bb06d1aa1c88934eed3e0cf3e5fc62fe02a064fe5c2,NA,what_kind_of_weather_could_occur_when_it_is_raining_and_below_freezing_targ_05_A.wav,target,correct,expletive 'it' dropping,/ʊ/ --> /u/; could/cooed,snow,,,,,,,
22,562195159f556910ef984bb06d1aa1c88934eed3e0cf3e5fc62fe02a064fe5c2,The question does NOT need any corrections.,what_animal_is_typically_white_with_black_spots_and_says_moo_fill_21.wav,filler_other,NA,NA,NA,a cow,nans,first,,a,,,FB_1205
22,562195159f556910ef984bb06d1aa1c88934eed3e0cf3e5fc62fe02a064fe5c2,Cow,what_animal_is_typically_white_with_black_spots_and_says_moo_fill_21.wav,filler_other,NA,NA,NA,a cow,,,,,,,
22,562195159f556910ef984bb06d1aa1c88934eed3e0cf3e5fc62fe02a064fe5c2,I’m good — skip to the next question,what_animal_is_typically_white_with_black_spots_and_says_moo_fill_21.wav,filler_other,NA,NA,NA,a cow,s,secsame,,,,,FB_1205
22,562195159f556910ef984bb06d1aa1c88934eed3e0cf3e5fc62fe02a064fe5c2,NA,what_animal_is_typically_white_with_black_spots_and_says_moo_fill_21.wav,filler_other,NA,NA,NA,a cow,,,,,,,
22,562195159f556910ef984bb06d1aa1c88934eed3e0cf3e5fc62fe02a064fe5c2,The question does NOT need any corrections.,if_laundry_service_will_come_in_five_days_and_todays_thursday_when_are_they_doing_laundry_next_targ_09_A.wav,target,correct,make vs. other verb,/k/ --> /g/; come/gum,Tuesday,nans,first,,a,,,FB_1205
22,562195159f556910ef984bb06d1aa1c88934eed3e0cf3e5fc62fe02a064fe5c2,Tuesday,if_laundry_service_will_come_in_five_days_and_todays_thursday_when_are_they_doing_laundry_next_targ_09_A.wav,target,correct,make vs. other verb,/k/ --> /g/; come/gum,Tuesday,,,,,,,
22,562195159f556910ef984bb06d1aa1c88934eed3e0cf3e5fc62fe02a064fe5c2,I’m good — skip to the next question,if_laundry_service_will_come_in_five_days_and_todays_thursday_when_are_they_doing_laundry_next_targ_09_A.wav,target,correct,make vs. other verb,/k/ --> /g/; come/gum,Tuesday,s,secsame,,,,,FB_1205
22,562195159f556910ef984bb06d1aa1c88934eed3e0cf3e5fc62fe02a064fe5c2,NA,if_laundry_service_will_come_in_five_days_and_todays_thursday_when_are_they_doing_laundry_next_targ_09_A.wav,target,correct,make vs. other verb,/k/ --> /g/; come/gum,Tuesday,,,,,,,
22,562195159f556910ef984bb06d1aa1c88934eed3e0cf3e5fc62fe02a064fe5c2,"The question needs to be CORRECTED (Select this if you spot an error, even if you don’t know the answer).",where_do_people_get_drivers_licenses_since_is_required_as_ballad_id_to_drive_targ_16_D.wav,target,both_err,expletive 'it' dropping,/v/ --> /b/; valid/ballad,DMV,y,first,othernp,,,,FB_1205
22,562195159f556910ef984bb06d1aa1c88934eed3e0cf3e5fc62fe02a064fe5c2,"""drivers licenses"" to ""a drivers license""; end was worded oddly too. Answer is DMV.",where_do_people_get_drivers_licenses_since_is_required_as_ballad_id_to_drive_targ_16_D.wav,target,both_err,expletive 'it' dropping,/v/ --> /b/; valid/ballad,DMV,,,,,,,
22,562195159f556910ef984bb06d1aa1c88934eed3e0cf3e5fc62fe02a064fe5c2,"The question needs to be CORRECTED (Select this if you spot an error, even if you don’t know the answer).",where_do_people_get_drivers_licenses_since_is_required_as_ballad_id_to_drive_targ_16_D.wav,target,both_err,expletive 'it' dropping,/v/ --> /b/; valid/ballad,DMV,y,secdiff,p,,also othernp,,FB_1205
22,562195159f556910ef984bb06d1aa1c88934eed3e0cf3e5fc62fe02a064fe5c2,"drivers licenses to a drivers license; end should say ""since a valid ID is required to drive."" Answer is DMV.",where_do_people_get_drivers_licenses_since_is_required_as_ballad_id_to_drive_targ_16_D.wav,target,both_err,expletive 'it' dropping,/v/ --> /b/; valid/ballad,DMV,,,,,,,
22,562195159f556910ef984bb06d1aa1c88934eed3e0cf3e5fc62fe02a064fe5c2,"The question needs to be CORRECTED (Select this if you spot an error, even if you don’t know the answer).",what_neil_armstrong_say_during_his_berry_first_steps_on_the_moon_targ_04_D.wav,target,both_err,no aux verbs in questions (lack of do support),/v/ --> /b/; very/berry,"""That's one small step for man, one giant leap for mankind.""",y,first,np,,,,FB_1205
22,562195159f556910ef984bb06d1aa1c88934eed3e0cf3e5fc62fe02a064fe5c2,"what ""DID""; 
 'Nail' Armstrong should sound like 'Neil' Armstrong",what_neil_armstrong_say_during_his_berry_first_steps_on_the_moon_targ_04_D.wav,target,both_err,no aux verbs in questions (lack of do support),/v/ --> /b/; very/berry,"""That's one small step for man, one giant leap for mankind.""",,,,,,,
22,562195159f556910ef984bb06d1aa1c88934eed3e0cf3e5fc62fe02a064fe5c2,"The question needs to be CORRECTED (Select this if you spot an error, even if you don’t know the answer).",what_neil_armstrong_say_during_his_berry_first_steps_on_the_moon_targ_04_D.wav,target,both_err,no aux verbs in questions (lack of do support),/v/ --> /b/; very/berry,"""That's one small step for man, one giant leap for mankind.""",y,secdiff,np,,also othernp,,FB_1205
22,562195159f556910ef984bb06d1aa1c88934eed3e0cf3e5fc62fe02a064fe5c2,"what ""DID"";
 ""Nail Armstrong"" to ""Neil Armstrong"";
 'to his very first steps' to 'while taking his very first steps';
 don't know answer",what_neil_armstrong_say_during_his_berry_first_steps_on_the_moon_targ_04_D.wav,target,both_err,no aux verbs in questions (lack of do support),/v/ --> /b/; very/berry,"""That's one small step for man, one giant leap for mankind.""",,,,,,,
22,562195159f556910ef984bb06d1aa1c88934eed3e0cf3e5fc62fe02a064fe5c2,"The question does NOT need any corrections, but I don't know the answer/ I don't understand what the question is asking.",who_discovered_the_law_of_universal_gravitation_which_accounts_for_why_objects_naturally_fall_downwards_fill_15.wav,filler_other,NA,NA,NA,Isaac Newton,nun,first,,,,,FB_1205
22,562195159f556910ef984bb06d1aa1c88934eed3e0cf3e5fc62fe02a064fe5c2,NA,who_discovered_the_law_of_universal_gravitation_which_accounts_for_why_objects_naturally_fall_downwards_fill_15.wav,filler_other,NA,NA,NA,Isaac Newton,,,,,,,
22,562195159f556910ef984bb06d1aa1c88934eed3e0cf3e5fc62fe02a064fe5c2,I’m good — skip to the next question,who_discovered_the_law_of_universal_gravitation_which_accounts_for_why_objects_naturally_fall_downwards_fill_15.wav,filler_other,NA,NA,NA,Isaac Newton,s,secsame,,,,,FB_1205
22,562195159f556910ef984bb06d1aa1c88934eed3e0cf3e5fc62fe02a064fe5c2,NA,who_discovered_the_law_of_universal_gravitation_which_accounts_for_why_objects_naturally_fall_downwards_fill_15.wav,filler_other,NA,NA,NA,Isaac Newton,,,,,,,
22,562195159f556910ef984bb06d1aa1c88934eed3e0cf3e5fc62fe02a064fe5c2,"The question needs to be CORRECTED (Select this if you spot an error, even if you don’t know the answer).",what_mythical_creatures_have_been_said_to_drink_blood_turn_into_bats_and_hate_onions_fill_14.wav,filler_other,NA,NA,NA,vampires,y,first,otherfill,,,,FB_1205
22,562195159f556910ef984bb06d1aa1c88934eed3e0cf3e5fc62fe02a064fe5c2,mythical' should be pronounced correctly; don't know answer,what_mythical_creatures_have_been_said_to_drink_blood_turn_into_bats_and_hate_onions_fill_14.wav,filler_other,NA,NA,NA,vampires,,,,,,,
22,562195159f556910ef984bb06d1aa1c88934eed3e0cf3e5fc62fe02a064fe5c2,I’m good — skip to the next question,what_mythical_creatures_have_been_said_to_drink_blood_turn_into_bats_and_hate_onions_fill_14.wav,filler_other,NA,NA,NA,vampires,s,secsame,,,,,FB_1205
22,562195159f556910ef984bb06d1aa1c88934eed3e0cf3e5fc62fe02a064fe5c2,NA,what_mythical_creatures_have_been_said_to_drink_blood_turn_into_bats_and_hate_onions_fill_14.wav,filler_other,NA,NA,NA,vampires,,,,,,,
22,562195159f556910ef984bb06d1aa1c88934eed3e0cf3e5fc62fe02a064fe5c2,The question does NOT need any corrections.,which_body_part_did_van_gogh_allegedly_cut_off_after_an_argument_with_his_friend_fill_05.wav,filler_other,NA,NA,NA,ear,nans,first,,a,,,FB_1205
22,562195159f556910ef984bb06d1aa1c88934eed3e0cf3e5fc62fe02a064fe5c2,Ear,which_body_part_did_van_gogh_allegedly_cut_off_after_an_argument_with_his_friend_fill_05.wav,filler_other,NA,NA,NA,ear,,,,,,,
22,562195159f556910ef984bb06d1aa1c88934eed3e0cf3e5fc62fe02a064fe5c2,I’m good — skip to the next question,which_body_part_did_van_gogh_allegedly_cut_off_after_an_argument_with_his_friend_fill_05.wav,filler_other,NA,NA,NA,ear,s,secsame,,,,,FB_1205
22,562195159f556910ef984bb06d1aa1c88934eed3e0cf3e5fc62fe02a064fe5c2,NA,which_body_part_did_van_gogh_allegedly_cut_off_after_an_argument_with_his_friend_fill_05.wav,filler_other,NA,NA,NA,ear,,,,,,,
22,562195159f556910ef984bb06d1aa1c88934eed3e0cf3e5fc62fe02a064fe5c2,"The question needs to be CORRECTED (Select this if you spot an error, even if you don’t know the answer).",what_company_created_the_macbook_a_device_full_of_features_to_help_students_make_homework_targ_23_C.wav,target,non_phon_err,make vs. other verb,/ʊ/ --> /u/; full/fool,Apple,y,first,np,,,,FB_1205
22,562195159f556910ef984bb06d1aa1c88934eed3e0cf3e5fc62fe02a064fe5c2,help students make homework' to 'help students complete homework'; apple is answer.,what_company_created_the_macbook_a_device_full_of_features_to_help_students_make_homework_targ_23_C.wav,target,non_phon_err,make vs. other verb,/ʊ/ --> /u/; full/fool,Apple,,,,,,,
22,562195159f556910ef984bb06d1aa1c88934eed3e0cf3e5fc62fe02a064fe5c2,I’m good — skip to the next question,what_company_created_the_macbook_a_device_full_of_features_to_help_students_make_homework_targ_23_C.wav,target,non_phon_err,make vs. other verb,/ʊ/ --> /u/; full/fool,Apple,s,secsame,,,,,FB_1205
22,562195159f556910ef984bb06d1aa1c88934eed3e0cf3e5fc62fe02a064fe5c2,NA,what_company_created_the_macbook_a_device_full_of_features_to_help_students_make_homework_targ_23_C.wav,target,non_phon_err,make vs. other verb,/ʊ/ --> /u/; full/fool,Apple,,,,,,,
22,562195159f556910ef984bb06d1aa1c88934eed3e0cf3e5fc62fe02a064fe5c2,"The question needs to be CORRECTED (Select this if you spot an error, even if you don’t know the answer).",what_is_the_name_of_the_video_game_character_who_is_a_traveling_italian_plumber_fill_08.wav,filler_other,NA,NA,NA,Mario,y,first,otherfill,,,,FB_1205
22,562195159f556910ef984bb06d1aa1c88934eed3e0cf3e5fc62fe02a064fe5c2,couldn't understand anything after the word character.,what_is_the_name_of_the_video_game_character_who_is_a_traveling_italian_plumber_fill_08.wav,filler_other,NA,NA,NA,Mario,,,,,,,
22,562195159f556910ef984bb06d1aa1c88934eed3e0cf3e5fc62fe02a064fe5c2,I’m good — skip to the next question,what_is_the_name_of_the_video_game_character_who_is_a_traveling_italian_plumber_fill_08.wav,filler_other,NA,NA,NA,Mario,s,secsame,,,,,FB_1205
22,562195159f556910ef984bb06d1aa1c88934eed3e0cf3e5fc62fe02a064fe5c2,NA,what_is_the_name_of_the_video_game_character_who_is_a_traveling_italian_plumber_fill_08.wav,filler_other,NA,NA,NA,Mario,,,,,,,
22,562195159f556910ef984bb06d1aa1c88934eed3e0cf3e5fc62fe02a064fe5c2,"The question does NOT need any corrections, but I don't know the answer/ I don't understand what the question is asking.",what_is_the_name_of_the_comic_strip_featuring_charlie_brown_and_his_dog_snoopy_fill_06.wav,filler_other,NA,NA,NA,Peanuts,nun,first,,,,,FB_1205
22,562195159f556910ef984bb06d1aa1c88934eed3e0cf3e5fc62fe02a064fe5c2,NA,what_is_the_name_of_the_comic_strip_featuring_charlie_brown_and_his_dog_snoopy_fill_06.wav,filler_other,NA,NA,NA,Peanuts,,,,,,,
22,562195159f556910ef984bb06d1aa1c88934eed3e0cf3e5fc62fe02a064fe5c2,I’m good — skip to the next question,what_is_the_name_of_the_comic_strip_featuring_charlie_brown_and_his_dog_snoopy_fill_06.wav,filler_other,NA,NA,NA,Peanuts,s,secsame,,,,,FB_1205
22,562195159f556910ef984bb06d1aa1c88934eed3e0cf3e5fc62fe02a064fe5c2,NA,what_is_the_name_of_the_comic_strip_featuring_charlie_brown_and_his_dog_snoopy_fill_06.wav,filler_other,NA,NA,NA,Peanuts,,,,,,,
22,562195159f556910ef984bb06d1aa1c88934eed3e0cf3e5fc62fe02a064fe5c2,"The question does NOT need any corrections, but I don't know the answer/ I don't understand what the question is asking.",which_season_do_we_associate_with_thanksgiving_the_beginning_of_school_and_leaves_turning_brown_fill_19.wav,filler_other,NA,NA,NA,Fall,nun,first,,,,,FB_1205
22,562195159f556910ef984bb06d1aa1c88934eed3e0cf3e5fc62fe02a064fe5c2,NA,which_season_do_we_associate_with_thanksgiving_the_beginning_of_school_and_leaves_turning_brown_fill_19.wav,filler_other,NA,NA,NA,Fall,,,,,,,
22,562195159f556910ef984bb06d1aa1c88934eed3e0cf3e5fc62fe02a064fe5c2,"The question needs to be CORRECTED (Select this if you spot an error, even if you don’t know the answer).",which_season_do_we_associate_with_thanksgiving_the_beginning_of_school_and_leaves_turning_brown_fill_19.wav,filler_other,NA,NA,NA,Fall,y,secdiff,otherfill,,,,FB_1205
22,562195159f556910ef984bb06d1aa1c88934eed3e0cf3e5fc62fe02a064fe5c2,the pronouncment of 'thanksgiving'; correct pausing between leaves and school parts. Answer is fall.,which_season_do_we_associate_with_thanksgiving_the_beginning_of_school_and_leaves_turning_brown_fill_19.wav,filler_other,NA,NA,NA,Fall,,,,,,,
22,562195159f556910ef984bb06d1aa1c88934eed3e0cf3e5fc62fe02a064fe5c2,"The question does NOT need any corrections, but I don't know the answer/ I don't understand what the question is asking.",what_big_star_in_our_solar_system_can_still_be_visible_when_is_cloudy_targ_19_C.wav,target,non_phon_err,expletive 'it' dropping,/ɪ/ --> /i/; still/steal,the Sun,nun,first,,,,,FB_1205
22,562195159f556910ef984bb06d1aa1c88934eed3e0cf3e5fc62fe02a064fe5c2,NA,what_big_star_in_our_solar_system_can_still_be_visible_when_is_cloudy_targ_19_C.wav,target,non_phon_err,expletive 'it' dropping,/ɪ/ --> /i/; still/steal,the Sun,,,,,,,
22,562195159f556910ef984bb06d1aa1c88934eed3e0cf3e5fc62fe02a064fe5c2,I’m good — skip to the next question,what_big_star_in_our_solar_system_can_still_be_visible_when_is_cloudy_targ_19_C.wav,target,non_phon_err,expletive 'it' dropping,/ɪ/ --> /i/; still/steal,the Sun,s,secsame,,,,,FB_1205
22,562195159f556910ef984bb06d1aa1c88934eed3e0cf3e5fc62fe02a064fe5c2,NA,what_big_star_in_our_solar_system_can_still_be_visible_when_is_cloudy_targ_19_C.wav,target,non_phon_err,expletive 'it' dropping,/ɪ/ --> /i/; still/steal,the Sun,,,,,,,
22,562195159f556910ef984bb06d1aa1c88934eed3e0cf3e5fc62fe02a064fe5c2,"The question needs to be CORRECTED (Select this if you spot an error, even if you don’t know the answer).",where_do_the_jolly_christmas_icons_santa_claus_and_his_wife_mrs._claus_live_fill_22.wav,filler_other,NA,NA,NA,the North Pole,y,first,otherfill,,,,FB_1205
22,562195159f556910ef984bb06d1aa1c88934eed3e0cf3e5fc62fe02a064fe5c2,Unclear on words said after 'jolly' and until 'santa'. Don't know answer.,where_do_the_jolly_christmas_icons_santa_claus_and_his_wife_mrs._claus_live_fill_22.wav,filler_other,NA,NA,NA,the North Pole,,,,,,,
22,562195159f556910ef984bb06d1aa1c88934eed3e0cf3e5fc62fe02a064fe5c2,"The question needs to be CORRECTED (Select this if you spot an error, even if you don’t know the answer).",where_do_the_jolly_christmas_icons_santa_claus_and_his_wife_mrs._claus_live_fill_22.wav,filler_other,NA,NA,NA,the North Pole,y,secdiff,otherfill,,,,FB_1205
22,562195159f556910ef984bb06d1aa1c88934eed3e0cf3e5fc62fe02a064fe5c2,Pronounce 'icons' clearer. Answer is North Pole.,where_do_the_jolly_christmas_icons_santa_claus_and_his_wife_mrs._claus_live_fill_22.wav,filler_other,NA,NA,NA,the North Pole,,,,,,,
22,562195159f556910ef984bb06d1aa1c88934eed3e0cf3e5fc62fe02a064fe5c2,The question does NOT need any corrections.,in_the_lion_king_who_does_nala_talk_to_and_is_laying_in_a_cot_after_theyve_reunited_targ_21_A.wav,target,correct,no aux verbs in questions (lack of do support),/k/ --> /g/; cot/got,Simba,nans,first,,a,,,FB_1205
22,562195159f556910ef984bb06d1aa1c88934eed3e0cf3e5fc62fe02a064fe5c2,Simba,in_the_lion_king_who_does_nala_talk_to_and_is_laying_in_a_cot_after_theyve_reunited_targ_21_A.wav,target,correct,no aux verbs in questions (lack of do support),/k/ --> /g/; cot/got,Simba,,,,,,,
22,562195159f556910ef984bb06d1aa1c88934eed3e0cf3e5fc62fe02a064fe5c2,"The question needs to be CORRECTED (Select this if you spot an error, even if you don’t know the answer).",in_the_lion_king_who_does_nala_talk_to_and_is_laying_in_a_cot_after_theyve_reunited_targ_21_A.wav,target,correct,no aux verbs in questions (lack of do support),/k/ --> /g/; cot/got,Simba,y,secdiff,othernp,,,,FB_1205
22,562195159f556910ef984bb06d1aa1c88934eed3e0cf3e5fc62fe02a064fe5c2,unclear and odd wording on 'talk to after ... reunited',in_the_lion_king_who_does_nala_talk_to_and_is_laying_in_a_cot_after_theyve_reunited_targ_21_A.wav,target,correct,no aux verbs in questions (lack of do support),/k/ --> /g/; cot/got,Simba,,,,,,,
22,562195159f556910ef984bb06d1aa1c88934eed3e0cf3e5fc62fe02a064fe5c2,"The question needs to be CORRECTED (Select this if you spot an error, even if you don’t know the answer).",who_did_americans_boat_for_to_be_their_first_president_who_avoided_serving_three_terms_targ_10_B.wav,target,phon_err,infinitive vs. participle,/v/ --> /b/; vote/boat,George Washington,y,first,othernp,,,,FB_1205
22,562195159f556910ef984bb06d1aa1c88934eed3e0cf3e5fc62fe02a064fe5c2,SHOULD BE 'who did Americans vote to be their...' vs 'vote for to be'; don't know answer,who_did_americans_boat_for_to_be_their_first_president_who_avoided_serving_three_terms_targ_10_B.wav,target,phon_err,infinitive vs. participle,/v/ --> /b/; vote/boat,George Washington,,,,,,,
22,562195159f556910ef984bb06d1aa1c88934eed3e0cf3e5fc62fe02a064fe5c2,I’m good — skip to the next question,who_did_americans_boat_for_to_be_their_first_president_who_avoided_serving_three_terms_targ_10_B.wav,target,phon_err,infinitive vs. participle,/v/ --> /b/; vote/boat,George Washington,s,secsame,,,,,FB_1205
22,562195159f556910ef984bb06d1aa1c88934eed3e0cf3e5fc62fe02a064fe5c2,NA,who_did_americans_boat_for_to_be_their_first_president_who_avoided_serving_three_terms_targ_10_B.wav,target,phon_err,infinitive vs. participle,/v/ --> /b/; vote/boat,George Washington,,,,,,,
22,562195159f556910ef984bb06d1aa1c88934eed3e0cf3e5fc62fe02a064fe5c2,The question does NOT need any corrections.,how_many_days_would_my_tandem_bike_be_gone_if_someone_borrows_it_for_july_targ_17_A.wav,target,correct,adj/noun order,/ʊ/ --> /u/; would/wooed,thirty-one days,nans,first,,a,,,FB_1205
22,562195159f556910ef984bb06d1aa1c88934eed3e0cf3e5fc62fe02a064fe5c2,30 days,how_many_days_would_my_tandem_bike_be_gone_if_someone_borrows_it_for_july_targ_17_A.wav,target,correct,adj/noun order,/ʊ/ --> /u/; would/wooed,thirty-one days,,,,,,,
22,562195159f556910ef984bb06d1aa1c88934eed3e0cf3e5fc62fe02a064fe5c2,I’m good — skip to the next question,how_many_days_would_my_tandem_bike_be_gone_if_someone_borrows_it_for_july_targ_17_A.wav,target,correct,adj/noun order,/ʊ/ --> /u/; would/wooed,thirty-one days,s,secsame,,,,,FB_1205
22,562195159f556910ef984bb06d1aa1c88934eed3e0cf3e5fc62fe02a064fe5c2,NA,how_many_days_would_my_tandem_bike_be_gone_if_someone_borrows_it_for_july_targ_17_A.wav,target,correct,adj/noun order,/ʊ/ --> /u/; would/wooed,thirty-one days,,,,,,,
22,562195159f556910ef984bb06d1aa1c88934eed3e0cf3e5fc62fe02a064fe5c2,"The question needs to be CORRECTED (Select this if you spot an error, even if you don’t know the answer).",what_childrens_game_makes_people_sit_down_quickly_when_the_music_loud_stops_targ_07_C.wav,target,non_phon_err,adj/noun order,/ɪ/ --> /i/; sit/seat,musical chairs,y,first,np,,,,FB_1205
22,562195159f556910ef984bb06d1aa1c88934eed3e0cf3e5fc62fe02a064fe5c2,"music loud stops' is incorrect- should say 'music stops'.
 Answer is musical chairs.",what_childrens_game_makes_people_sit_down_quickly_when_the_music_loud_stops_targ_07_C.wav,target,non_phon_err,adj/noun order,/ɪ/ --> /i/; sit/seat,musical chairs,,,,,,,
22,562195159f556910ef984bb06d1aa1c88934eed3e0cf3e5fc62fe02a064fe5c2,I’m good — skip to the next question,what_childrens_game_makes_people_sit_down_quickly_when_the_music_loud_stops_targ_07_C.wav,target,non_phon_err,adj/noun order,/ɪ/ --> /i/; sit/seat,musical chairs,s,secsame,,,,,FB_1205
22,562195159f556910ef984bb06d1aa1c88934eed3e0cf3e5fc62fe02a064fe5c2,NA,what_childrens_game_makes_people_sit_down_quickly_when_the_music_loud_stops_targ_07_C.wav,target,non_phon_err,adj/noun order,/ɪ/ --> /i/; sit/seat,musical chairs,,,,,,,
22,562195159f556910ef984bb06d1aa1c88934eed3e0cf3e5fc62fe02a064fe5c2,The question does NOT need any corrections.,what_musician_won_grammys_for_their_album_thriller_which_features_the_hit_song_beat_it_fill_20.wav,filler_other,NA,NA,NA,Michael Jackson,nans,first,,a,,,FB_1205
22,562195159f556910ef984bb06d1aa1c88934eed3e0cf3e5fc62fe02a064fe5c2,Michael Jackson,what_musician_won_grammys_for_their_album_thriller_which_features_the_hit_song_beat_it_fill_20.wav,filler_other,NA,NA,NA,Michael Jackson,,,,,,,
22,562195159f556910ef984bb06d1aa1c88934eed3e0cf3e5fc62fe02a064fe5c2,I’m good — skip to the next question,what_musician_won_grammys_for_their_album_thriller_which_features_the_hit_song_beat_it_fill_20.wav,filler_other,NA,NA,NA,Michael Jackson,s,secsame,,,,,FB_1205
22,562195159f556910ef984bb06d1aa1c88934eed3e0cf3e5fc62fe02a064fe5c2,NA,what_musician_won_grammys_for_their_album_thriller_which_features_the_hit_song_beat_it_fill_20.wav,filler_other,NA,NA,NA,Michael Jackson,,,,,,,
22,562195159f556910ef984bb06d1aa1c88934eed3e0cf3e5fc62fe02a064fe5c2,"The question does NOT need any corrections, but I don't know the answer/ I don't understand what the question is asking.",because_is_important_to_honor_the_iris_saint_what_holiday_occurs_on_march_17th_targ_08_D.wav,target,both_err,expletive 'it' dropping,/ʃ/ --> /s/; Irish/iris,St. Patrick's Day,nun,first,,,,,FB_1205
22,562195159f556910ef984bb06d1aa1c88934eed3e0cf3e5fc62fe02a064fe5c2,NA,because_is_important_to_honor_the_iris_saint_what_holiday_occurs_on_march_17th_targ_08_D.wav,target,both_err,expletive 'it' dropping,/ʃ/ --> /s/; Irish/iris,St. Patrick's Day,,,,,,,
22,562195159f556910ef984bb06d1aa1c88934eed3e0cf3e5fc62fe02a064fe5c2,I’m good — skip to the next question,because_is_important_to_honor_the_iris_saint_what_holiday_occurs_on_march_17th_targ_08_D.wav,target,both_err,expletive 'it' dropping,/ʃ/ --> /s/; Irish/iris,St. Patrick's Day,s,secsame,,,,,FB_1205
22,562195159f556910ef984bb06d1aa1c88934eed3e0cf3e5fc62fe02a064fe5c2,NA,because_is_important_to_honor_the_iris_saint_what_holiday_occurs_on_march_17th_targ_08_D.wav,target,both_err,expletive 'it' dropping,/ʃ/ --> /s/; Irish/iris,St. Patrick's Day,,,,,,,
22,562195159f556910ef984bb06d1aa1c88934eed3e0cf3e5fc62fe02a064fe5c2,"The question needs to be CORRECTED (Select this if you spot an error, even if you don’t know the answer).",what_colors_can_have_on_a_traffic_light_which_often_senses_when_cars_pull_up_targ_11_C.wav,target,non_phon_err,have vs. be,/ʊ/ --> /u/; pulls/pools,green,y,first,np,,,,FB_1205
22,562195159f556910ef984bb06d1aa1c88934eed3e0cf3e5fc62fe02a064fe5c2,which colors 'can have' = incorrect.,what_colors_can_have_on_a_traffic_light_which_often_senses_when_cars_pull_up_targ_11_C.wav,target,non_phon_err,have vs. be,/ʊ/ --> /u/; pulls/pools,green,,,,,,,
22,562195159f556910ef984bb06d1aa1c88934eed3e0cf3e5fc62fe02a064fe5c2,"The question needs to be CORRECTED (Select this if you spot an error, even if you don’t know the answer).",what_colors_can_have_on_a_traffic_light_which_often_senses_when_cars_pull_up_targ_11_C.wav,target,non_phon_err,have vs. be,/ʊ/ --> /u/; pulls/pools,green,y,secdiff,np,,also othernp,,FB_1205
22,562195159f556910ef984bb06d1aa1c88934eed3e0cf3e5fc62fe02a064fe5c2,"which colors 'can have' = incorrect. 
 senses should be sense.",what_colors_can_have_on_a_traffic_light_which_often_senses_when_cars_pull_up_targ_11_C.wav,target,non_phon_err,have vs. be,/ʊ/ --> /u/; pulls/pools,green,,,,,,,
22,562195159f556910ef984bb06d1aa1c88934eed3e0cf3e5fc62fe02a064fe5c2,The question does NOT need any corrections.,which_cartoon_character_works_at_the_krusty_krab_and_is_best_friends_with_patrick_star_fill_04.wav,filler_other,NA,NA,NA,Spongebob,nans,first,,a,,,FB_1205
22,562195159f556910ef984bb06d1aa1c88934eed3e0cf3e5fc62fe02a064fe5c2,Spongebob,which_cartoon_character_works_at_the_krusty_krab_and_is_best_friends_with_patrick_star_fill_04.wav,filler_other,NA,NA,NA,Spongebob,,,,,,,
22,562195159f556910ef984bb06d1aa1c88934eed3e0cf3e5fc62fe02a064fe5c2,I’m good — skip to the next question,which_cartoon_character_works_at_the_krusty_krab_and_is_best_friends_with_patrick_star_fill_04.wav,filler_other,NA,NA,NA,Spongebob,s,secsame,,,,,FB_1205
22,562195159f556910ef984bb06d1aa1c88934eed3e0cf3e5fc62fe02a064fe5c2,NA,which_cartoon_character_works_at_the_krusty_krab_and_is_best_friends_with_patrick_star_fill_04.wav,filler_other,NA,NA,NA,Spongebob,,,,,,,
22,562195159f556910ef984bb06d1aa1c88934eed3e0cf3e5fc62fe02a064fe5c2,"The question needs to be CORRECTED (Select this if you spot an error, even if you don’t know the answer).",what_colors_make_up_a_traditional_candy_cane_which_people_enjoy_to_eat_during_christmas_targ_15_C.wav,target,non_phon_err,infinitive vs. participle,/k/ --> /g/; cane/gain,red and white,y,first,np,,,,FB_1205
22,562195159f556910ef984bb06d1aa1c88934eed3e0cf3e5fc62fe02a064fe5c2,"enjoy to eat' should say 'enjoy eating'.
 

 Answer = red and white",what_colors_make_up_a_traditional_candy_cane_which_people_enjoy_to_eat_during_christmas_targ_15_C.wav,target,non_phon_err,infinitive vs. participle,/k/ --> /g/; cane/gain,red and white,,,,,,,
22,562195159f556910ef984bb06d1aa1c88934eed3e0cf3e5fc62fe02a064fe5c2,I’m good — skip to the next question,what_colors_make_up_a_traditional_candy_cane_which_people_enjoy_to_eat_during_christmas_targ_15_C.wav,target,non_phon_err,infinitive vs. participle,/k/ --> /g/; cane/gain,red and white,s,secsame,,,,,FB_1205
22,562195159f556910ef984bb06d1aa1c88934eed3e0cf3e5fc62fe02a064fe5c2,NA,what_colors_make_up_a_traditional_candy_cane_which_people_enjoy_to_eat_during_christmas_targ_15_C.wav,target,non_phon_err,infinitive vs. participle,/k/ --> /g/; cane/gain,red and white,,,,,,,
22,562195159f556910ef984bb06d1aa1c88934eed3e0cf3e5fc62fe02a064fe5c2,"The question needs to be CORRECTED (Select this if you spot an error, even if you don’t know the answer).",which_scottish_actor_first_played_james_bond_wearing_kilts_to_red_carpets_when_he_had_32_years_old_targ_03_C.wav,target,non_phon_err,have vs. be,/k/ --> /g/; kilt/guilt,Sean Connery,y,first,np,,also otherp,,FB_1205
22,562195159f556910ef984bb06d1aa1c88934eed3e0cf3e5fc62fe02a064fe5c2,"James bond is pronounced incorrectly;
 'HAD 32 years old' should be 'WAS 32 years old';
 don't know answer.",which_scottish_actor_first_played_james_bond_wearing_kilts_to_red_carpets_when_he_had_32_years_old_targ_03_C.wav,target,non_phon_err,have vs. be,/k/ --> /g/; kilt/guilt,Sean Connery,,,,,,,
22,562195159f556910ef984bb06d1aa1c88934eed3e0cf3e5fc62fe02a064fe5c2,I’m good — skip to the next question,which_scottish_actor_first_played_james_bond_wearing_kilts_to_red_carpets_when_he_had_32_years_old_targ_03_C.wav,target,non_phon_err,have vs. be,/k/ --> /g/; kilt/guilt,Sean Connery,s,secsame,,,,,FB_1205
22,562195159f556910ef984bb06d1aa1c88934eed3e0cf3e5fc62fe02a064fe5c2,NA,which_scottish_actor_first_played_james_bond_wearing_kilts_to_red_carpets_when_he_had_32_years_old_targ_03_C.wav,target,non_phon_err,have vs. be,/k/ --> /g/; kilt/guilt,Sean Connery,,,,,,,
22,562195159f556910ef984bb06d1aa1c88934eed3e0cf3e5fc62fe02a064fe5c2,"The question needs to be CORRECTED (Select this if you spot an error, even if you don’t know the answer).",if_youre_on_a_pat_from_california_to_hawaii_which_ocean_you_go_through_targ_12_D.wav,target,both_err,no aux verbs in questions (lack of do support),/θ/ --> /t/; path/pat,Pacific Ocean,y,first,p,,,,FB_1205
22,562195159f556910ef984bb06d1aa1c88934eed3e0cf3e5fc62fe02a064fe5c2,"Sentence 'if your on a 'UNCLEAR?"" from...' (that word is unclear).",if_youre_on_a_pat_from_california_to_hawaii_which_ocean_you_go_through_targ_12_D.wav,target,both_err,no aux verbs in questions (lack of do support),/θ/ --> /t/; path/pat,Pacific Ocean,,,,,,,
22,562195159f556910ef984bb06d1aa1c88934eed3e0cf3e5fc62fe02a064fe5c2,"The question needs to be CORRECTED (Select this if you spot an error, even if you don’t know the answer).",if_youre_on_a_pat_from_california_to_hawaii_which_ocean_you_go_through_targ_12_D.wav,target,both_err,no aux verbs in questions (lack of do support),/θ/ --> /t/; path/pat,Pacific Ocean,y,secdiff,both,,,,FB_1205
22,562195159f556910ef984bb06d1aa1c88934eed3e0cf3e5fc62fe02a064fe5c2,"Sentence 'if your on a 'UNCLEAR?"" from...' (that word is unclear).
 

 'which ocean you go through' should be 'which ocean do you go through'",if_youre_on_a_pat_from_california_to_hawaii_which_ocean_you_go_through_targ_12_D.wav,target,both_err,no aux verbs in questions (lack of do support),/θ/ --> /t/; path/pat,Pacific Ocean,,,,,,,
22,562195159f556910ef984bb06d1aa1c88934eed3e0cf3e5fc62fe02a064fe5c2,The question does NOT need any corrections.,which_soft_pastry_made_with_a_certain_spice_is_often_spiral-shaped_and_topped_with_icing_fill_16.wav,filler_other,NA,NA,NA,cinnamon roll,nans,first,,blank,said they meant to select the second answer option,,FB_1205
22,562195159f556910ef984bb06d1aa1c88934eed3e0cf3e5fc62fe02a064fe5c2,Not sure - meant to click option 2,which_soft_pastry_made_with_a_certain_spice_is_often_spiral-shaped_and_topped_with_icing_fill_16.wav,filler_other,NA,NA,NA,cinnamon roll,,,,,,,
22,562195159f556910ef984bb06d1aa1c88934eed3e0cf3e5fc62fe02a064fe5c2,"The question needs to be CORRECTED (Select this if you spot an error, even if you don’t know the answer).",which_soft_pastry_made_with_a_certain_spice_is_often_spiral-shaped_and_topped_with_icing_fill_16.wav,filler_other,NA,NA,NA,cinnamon roll,y,secdiff,otherfill,,,,FB_1205
22,562195159f556910ef984bb06d1aa1c88934eed3e0cf3e5fc62fe02a064fe5c2,can't understand the second word in the sentence.,which_soft_pastry_made_with_a_certain_spice_is_often_spiral-shaped_and_topped_with_icing_fill_16.wav,filler_other,NA,NA,NA,cinnamon roll,,,,,,,
22,562195159f556910ef984bb06d1aa1c88934eed3e0cf3e5fc62fe02a064fe5c2,"The question does NOT need any corrections, but I don't know the answer/ I don't understand what the question is asking.",what_letter_in_the_latin_alphabet_corresponds_to_the_greek_letter_alpha_fill_01.wav,filler_other,NA,NA,NA,a,nun,first,,,,,FB_1205
22,562195159f556910ef984bb06d1aa1c88934eed3e0cf3e5fc62fe02a064fe5c2,NA,what_letter_in_the_latin_alphabet_corresponds_to_the_greek_letter_alpha_fill_01.wav,filler_other,NA,NA,NA,a,,,,,,,
22,562195159f556910ef984bb06d1aa1c88934eed3e0cf3e5fc62fe02a064fe5c2,I’m good — skip to the next question,what_letter_in_the_latin_alphabet_corresponds_to_the_greek_letter_alpha_fill_01.wav,filler_other,NA,NA,NA,a,s,secsame,,,,,FB_1205
22,562195159f556910ef984bb06d1aa1c88934eed3e0cf3e5fc62fe02a064fe5c2,NA,what_letter_in_the_latin_alphabet_corresponds_to_the_greek_letter_alpha_fill_01.wav,filler_other,NA,NA,NA,a,,,,,,,
22,562195159f556910ef984bb06d1aa1c88934eed3e0cf3e5fc62fe02a064fe5c2,"The question needs to be CORRECTED (Select this if you spot an error, even if you don’t know the answer).",which_fast_food_chain_offers_foot-long_sandwiches_and_has_the_slogan_eat_fresh_fill_11.wav,filler_other,NA,NA,NA,Subway,y,first,otherfill,,,,FB_1205
22,562195159f556910ef984bb06d1aa1c88934eed3e0cf3e5fc62fe02a064fe5c2,"""foot long"" pronunciation. 
 ""slogan"" pronunciation.
 Answer = subway",which_fast_food_chain_offers_foot-long_sandwiches_and_has_the_slogan_eat_fresh_fill_11.wav,filler_other,NA,NA,NA,Subway,,,,,,,
22,562195159f556910ef984bb06d1aa1c88934eed3e0cf3e5fc62fe02a064fe5c2,I’m good — skip to the next question,which_fast_food_chain_offers_foot-long_sandwiches_and_has_the_slogan_eat_fresh_fill_11.wav,filler_other,NA,NA,NA,Subway,s,secsame,,,,,FB_1205
22,562195159f556910ef984bb06d1aa1c88934eed3e0cf3e5fc62fe02a064fe5c2,NA,which_fast_food_chain_offers_foot-long_sandwiches_and_has_the_slogan_eat_fresh_fill_11.wav,filler_other,NA,NA,NA,Subway,,,,,,,
22,562195159f556910ef984bb06d1aa1c88934eed3e0cf3e5fc62fe02a064fe5c2,"The question does NOT need any corrections, but I don't know the answer/ I don't understand what the question is asking.",if_a_hardworking_janitor_cleaned_a_vent_in_five_minutes_how_many_seconds_is_that_targ_22_B.wav,target,phon_err,adj/noun order,/v/ --> /b/; vent/bent,eight,nun,first,,,,,FB_1205
22,562195159f556910ef984bb06d1aa1c88934eed3e0cf3e5fc62fe02a064fe5c2,NA,if_a_hardworking_janitor_cleaned_a_vent_in_five_minutes_how_many_seconds_is_that_targ_22_B.wav,target,phon_err,adj/noun order,/v/ --> /b/; vent/bent,eight,,,,,,,
22,562195159f556910ef984bb06d1aa1c88934eed3e0cf3e5fc62fe02a064fe5c2,"The question needs to be CORRECTED (Select this if you spot an error, even if you don’t know the answer).",if_a_hardworking_janitor_cleaned_a_vent_in_five_minutes_how_many_seconds_is_that_targ_22_B.wav,target,phon_err,adj/noun order,/v/ --> /b/; vent/bent,eight,y,secdiff,p,,,,FB_1205
22,562195159f556910ef984bb06d1aa1c88934eed3e0cf3e5fc62fe02a064fe5c2,cleaned a vent' pronunciation,if_a_hardworking_janitor_cleaned_a_vent_in_five_minutes_how_many_seconds_is_that_targ_22_B.wav,target,phon_err,adj/noun order,/v/ --> /b/; vent/bent,eight,,,,,,,
22,562195159f556910ef984bb06d1aa1c88934eed3e0cf3e5fc62fe02a064fe5c2,"The question needs to be CORRECTED (Select this if you spot an error, even if you don’t know the answer).",what_popular_us_chain_provides_a_happy_meal_toy_or_plus_when_kids_have_hungry_targ_20_D.wav,target,both_err,have vs. be,/ʃ/ --> /s/; plush/plus,McDonald's,y,first,np,,,,FB_1205
22,562195159f556910ef984bb06d1aa1c88934eed3e0cf3e5fc62fe02a064fe5c2,"when kids have hungry' should be 'when kids are hungry';
 Mcdonalds.",what_popular_us_chain_provides_a_happy_meal_toy_or_plus_when_kids_have_hungry_targ_20_D.wav,target,both_err,have vs. be,/ʃ/ --> /s/; plush/plus,McDonald's,,,,,,,
22,562195159f556910ef984bb06d1aa1c88934eed3e0cf3e5fc62fe02a064fe5c2,I’m good — skip to the next question,what_popular_us_chain_provides_a_happy_meal_toy_or_plus_when_kids_have_hungry_targ_20_D.wav,target,both_err,have vs. be,/ʃ/ --> /s/; plush/plus,McDonald's,s,secsame,,,,,FB_1205
22,562195159f556910ef984bb06d1aa1c88934eed3e0cf3e5fc62fe02a064fe5c2,NA,what_popular_us_chain_provides_a_happy_meal_toy_or_plus_when_kids_have_hungry_targ_20_D.wav,target,both_err,have vs. be,/ʃ/ --> /s/; plush/plus,McDonald's,,,,,,,
22,562195159f556910ef984bb06d1aa1c88934eed3e0cf3e5fc62fe02a064fe5c2,"The question needs to be CORRECTED (Select this if you spot an error, even if you don’t know the answer).",if_i_consider_to_leave_work_after_the_fort_hour_how_many_minutes_would_that_be_targ_24_D.wav,target,both_err,infinitive vs. participle,/θ/ --> /t/; fourth/fort,two hundred and forty,y,first,np,,,,FB_1205
22,562195159f556910ef984bb06d1aa1c88934eed3e0cf3e5fc62fe02a064fe5c2,if i consider to leave work' change to 'if i consider leaving work',if_i_consider_to_leave_work_after_the_fort_hour_how_many_minutes_would_that_be_targ_24_D.wav,target,both_err,infinitive vs. participle,/θ/ --> /t/; fourth/fort,two hundred and forty,,,,,,,
22,562195159f556910ef984bb06d1aa1c88934eed3e0cf3e5fc62fe02a064fe5c2,I’m good — skip to the next question,if_i_consider_to_leave_work_after_the_fort_hour_how_many_minutes_would_that_be_targ_24_D.wav,target,both_err,infinitive vs. participle,/θ/ --> /t/; fourth/fort,two hundred and forty,s,secsame,,,,,FB_1205
22,562195159f556910ef984bb06d1aa1c88934eed3e0cf3e5fc62fe02a064fe5c2,NA,if_i_consider_to_leave_work_after_the_fort_hour_how_many_minutes_would_that_be_targ_24_D.wav,target,both_err,infinitive vs. participle,/θ/ --> /t/; fourth/fort,two hundred and forty,,,,,,,
22,562195159f556910ef984bb06d1aa1c88934eed3e0cf3e5fc62fe02a064fe5c2,"The question does NOT need any corrections, but I don't know the answer/ I don't understand what the question is asking.",how_many_legs_does_a_canadian_garden_spider_whose_silk_can_make_clot_have_targ_06_B.wav,target,phon_err,adj/noun order,/θ/ --> /t/; cloth/clot,eight,nun,first,,,,,FB_1205
22,562195159f556910ef984bb06d1aa1c88934eed3e0cf3e5fc62fe02a064fe5c2,NA,how_many_legs_does_a_canadian_garden_spider_whose_silk_can_make_clot_have_targ_06_B.wav,target,phon_err,adj/noun order,/θ/ --> /t/; cloth/clot,eight,,,,,,,
22,562195159f556910ef984bb06d1aa1c88934eed3e0cf3e5fc62fe02a064fe5c2,"The question needs to be CORRECTED (Select this if you spot an error, even if you don’t know the answer).",how_many_legs_does_a_canadian_garden_spider_whose_silk_can_make_clot_have_targ_06_B.wav,target,phon_err,adj/noun order,/θ/ --> /t/; cloth/clot,eight,y,secdiff,other,,they didn't provide specific error information but it's possible they're confused by the intended error,,FB_1205
22,562195159f556910ef984bb06d1aa1c88934eed3e0cf3e5fc62fe02a064fe5c2,can't understand anything after 'spider'.,how_many_legs_does_a_canadian_garden_spider_whose_silk_can_make_clot_have_targ_06_B.wav,target,phon_err,adj/noun order,/θ/ --> /t/; cloth/clot,eight,,,,,,,
22,562195159f556910ef984bb06d1aa1c88934eed3e0cf3e5fc62fe02a064fe5c2,"The question needs to be CORRECTED (Select this if you spot an error, even if you don’t know the answer).",which_british_celebrity_judge_often_harshly_critiqued_contestants_on_the_nationwide_singing_contest_american_idol_fill_03.wav,filler_other,NA,NA,NA,Simon Cowell,y,first,otherfill,,,,FB_1205
22,562195159f556910ef984bb06d1aa1c88934eed3e0cf3e5fc62fe02a064fe5c2,Critic' to 'critiques',which_british_celebrity_judge_often_harshly_critiqued_contestants_on_the_nationwide_singing_contest_american_idol_fill_03.wav,filler_other,NA,NA,NA,Simon Cowell,,,,,,,
22,562195159f556910ef984bb06d1aa1c88934eed3e0cf3e5fc62fe02a064fe5c2,I’m good — skip to the next question,which_british_celebrity_judge_often_harshly_critiqued_contestants_on_the_nationwide_singing_contest_american_idol_fill_03.wav,filler_other,NA,NA,NA,Simon Cowell,s,secsame,,,,,FB_1205
22,562195159f556910ef984bb06d1aa1c88934eed3e0cf3e5fc62fe02a064fe5c2,NA,which_british_celebrity_judge_often_harshly_critiqued_contestants_on_the_nationwide_singing_contest_american_idol_fill_03.wav,filler_other,NA,NA,NA,Simon Cowell,,,,,,,
22,562195159f556910ef984bb06d1aa1c88934eed3e0cf3e5fc62fe02a064fe5c2,The question does NOT need any corrections.,what_us_holiday_is_often_celebrated_with_fireworks_and_hotdogs_to_honor_americas_freedom_fill_17.wav,filler_other,NA,NA,NA,Independence Day,nans,first,,a,,,FB_1205
22,562195159f556910ef984bb06d1aa1c88934eed3e0cf3e5fc62fe02a064fe5c2,4th of july,what_us_holiday_is_often_celebrated_with_fireworks_and_hotdogs_to_honor_americas_freedom_fill_17.wav,filler_other,NA,NA,NA,Independence Day,,,,,,,
22,562195159f556910ef984bb06d1aa1c88934eed3e0cf3e5fc62fe02a064fe5c2,I’m good — skip to the next question,what_us_holiday_is_often_celebrated_with_fireworks_and_hotdogs_to_honor_americas_freedom_fill_17.wav,filler_other,NA,NA,NA,Independence Day,s,secsame,,,,,FB_1205
22,562195159f556910ef984bb06d1aa1c88934eed3e0cf3e5fc62fe02a064fe5c2,NA,what_us_holiday_is_often_celebrated_with_fireworks_and_hotdogs_to_honor_americas_freedom_fill_17.wav,filler_other,NA,NA,NA,Independence Day,,,,,,,
22,562195159f556910ef984bb06d1aa1c88934eed3e0cf3e5fc62fe02a064fe5c2,"The question needs to be CORRECTED (Select this if you spot an error, even if you don’t know the answer).",what_kind_of_animal_is_mickey_mouse’s_girlfriend_minnie_who_wears_a_bow_fill_09.wav,filler_other,NA,NA,NA,mouse,y,first,otherfill,,,,FB_1205
22,562195159f556910ef984bb06d1aa1c88934eed3e0cf3e5fc62fe02a064fe5c2,what kind of' to 'what animal'; mouse.,what_kind_of_animal_is_mickey_mouse’s_girlfriend_minnie_who_wears_a_bow_fill_09.wav,filler_other,NA,NA,NA,mouse,,,,,,,
22,562195159f556910ef984bb06d1aa1c88934eed3e0cf3e5fc62fe02a064fe5c2,I’m good — skip to the next question,what_kind_of_animal_is_mickey_mouse’s_girlfriend_minnie_who_wears_a_bow_fill_09.wav,filler_other,NA,NA,NA,mouse,s,secsame,,,,,FB_1205
22,562195159f556910ef984bb06d1aa1c88934eed3e0cf3e5fc62fe02a064fe5c2,NA,what_kind_of_animal_is_mickey_mouse’s_girlfriend_minnie_who_wears_a_bow_fill_09.wav,filler_other,NA,NA,NA,mouse,,,,,,,
22,562195159f556910ef984bb06d1aa1c88934eed3e0cf3e5fc62fe02a064fe5c2,The question does NOT need any corrections.,in_what_country_would_you_find_landmarks_like_the_pyramids_of_giza_and_great_sphinx_fill_24.wav,filler_other,NA,NA,NA,Egypt,nans,first,,a,,,FB_1205
22,562195159f556910ef984bb06d1aa1c88934eed3e0cf3e5fc62fe02a064fe5c2,Egypt,in_what_country_would_you_find_landmarks_like_the_pyramids_of_giza_and_great_sphinx_fill_24.wav,filler_other,NA,NA,NA,Egypt,,,,,,,
22,562195159f556910ef984bb06d1aa1c88934eed3e0cf3e5fc62fe02a064fe5c2,I’m good — skip to the next question,in_what_country_would_you_find_landmarks_like_the_pyramids_of_giza_and_great_sphinx_fill_24.wav,filler_other,NA,NA,NA,Egypt,s,secsame,,,,,FB_1205
22,562195159f556910ef984bb06d1aa1c88934eed3e0cf3e5fc62fe02a064fe5c2,NA,in_what_country_would_you_find_landmarks_like_the_pyramids_of_giza_and_great_sphinx_fill_24.wav,filler_other,NA,NA,NA,Egypt,,,,,,,
22,562195159f556910ef984bb06d1aa1c88934eed3e0cf3e5fc62fe02a064fe5c2,The question does NOT need any corrections.,which_oscar-winning_movie_features_tom_hanks_saying_life_is_like_a_box_of_chocolates_fill_12.wav,filler_other,NA,NA,NA,Forrest Gump,nans,first,,a,,,FB_1205
22,562195159f556910ef984bb06d1aa1c88934eed3e0cf3e5fc62fe02a064fe5c2,Forest Gump,which_oscar-winning_movie_features_tom_hanks_saying_life_is_like_a_box_of_chocolates_fill_12.wav,filler_other,NA,NA,NA,Forrest Gump,,,,,,,
22,562195159f556910ef984bb06d1aa1c88934eed3e0cf3e5fc62fe02a064fe5c2,I’m good — skip to the next question,which_oscar-winning_movie_features_tom_hanks_saying_life_is_like_a_box_of_chocolates_fill_12.wav,filler_other,NA,NA,NA,Forrest Gump,s,secsame,,,,,FB_1205
22,562195159f556910ef984bb06d1aa1c88934eed3e0cf3e5fc62fe02a064fe5c2,NA,which_oscar-winning_movie_features_tom_hanks_saying_life_is_like_a_box_of_chocolates_fill_12.wav,filler_other,NA,NA,NA,Forrest Gump,,,,,,,
22,562195159f556910ef984bb06d1aa1c88934eed3e0cf3e5fc62fe02a064fe5c2,"The question needs to be CORRECTED (Select this if you spot an error, even if you don’t know the answer).",what_novel_has_the_quote_i’m_late_i’m_late_for_a_very_important_date_fill_13.wav,filler_other,NA,NA,NA,Alice in Wonderland,y,first,otherfill,,,,FB_1205
22,562195159f556910ef984bb06d1aa1c88934eed3e0cf3e5fc62fe02a064fe5c2,can't understand second word.,what_novel_has_the_quote_i’m_late_i’m_late_for_a_very_important_date_fill_13.wav,filler_other,NA,NA,NA,Alice in Wonderland,,,,,,,
22,562195159f556910ef984bb06d1aa1c88934eed3e0cf3e5fc62fe02a064fe5c2,"The question needs to be CORRECTED (Select this if you spot an error, even if you don’t know the answer).",what_novel_has_the_quote_i’m_late_i’m_late_for_a_very_important_date_fill_13.wav,filler_other,NA,NA,NA,Alice in Wonderland,y,secdiff,otherfill,,,,FB_1205
22,562195159f556910ef984bb06d1aa1c88934eed3e0cf3e5fc62fe02a064fe5c2,Pronunciation of the word 'novel'.,what_novel_has_the_quote_i’m_late_i’m_late_for_a_very_important_date_fill_13.wav,filler_other,NA,NA,NA,Alice in Wonderland,,,,,,,
22,562195159f556910ef984bb06d1aa1c88934eed3e0cf3e5fc62fe02a064fe5c2,The question does NOT need any corrections.,which_tropical_fruit_that_grows_on_palm_trees_is_used_for_oils_and_milks_fill_18.wav,filler_other,NA,NA,NA,coconuts,nans,first,,a,,,FB_1205
22,562195159f556910ef984bb06d1aa1c88934eed3e0cf3e5fc62fe02a064fe5c2,coconut,which_tropical_fruit_that_grows_on_palm_trees_is_used_for_oils_and_milks_fill_18.wav,filler_other,NA,NA,NA,coconuts,,,,,,,
22,562195159f556910ef984bb06d1aa1c88934eed3e0cf3e5fc62fe02a064fe5c2,I’m good — skip to the next question,which_tropical_fruit_that_grows_on_palm_trees_is_used_for_oils_and_milks_fill_18.wav,filler_other,NA,NA,NA,coconuts,s,secsame,,,,,FB_1205
22,562195159f556910ef984bb06d1aa1c88934eed3e0cf3e5fc62fe02a064fe5c2,NA,which_tropical_fruit_that_grows_on_palm_trees_is_used_for_oils_and_milks_fill_18.wav,filler_other,NA,NA,NA,coconuts,,,,,,,
22,562195159f556910ef984bb06d1aa1c88934eed3e0cf3e5fc62fe02a064fe5c2,"The question needs to be CORRECTED (Select this if you spot an error, even if you don’t know the answer).",what_city_have_people_rust_to_tour_to_see_where_the_us_government_does_business_targ_14_B.wav,target,phon_err,make vs. other verb,/ʃ/ --> /s/; rushed/rust,Washington D.C.,y,first,p?,,,,FB_1205
22,562195159f556910ef984bb06d1aa1c88934eed3e0cf3e5fc62fe02a064fe5c2,hard to understand first half of sentence.,what_city_have_people_rust_to_tour_to_see_where_the_us_government_does_business_targ_14_B.wav,target,phon_err,make vs. other verb,/ʃ/ --> /s/; rushed/rust,Washington D.C.,,,,,,,
22,562195159f556910ef984bb06d1aa1c88934eed3e0cf3e5fc62fe02a064fe5c2,I’m good — skip to the next question,what_city_have_people_rust_to_tour_to_see_where_the_us_government_does_business_targ_14_B.wav,target,phon_err,make vs. other verb,/ʃ/ --> /s/; rushed/rust,Washington D.C.,s,secsame,,,,,FB_1205
22,562195159f556910ef984bb06d1aa1c88934eed3e0cf3e5fc62fe02a064fe5c2,NA,what_city_have_people_rust_to_tour_to_see_where_the_us_government_does_business_targ_14_B.wav,target,phon_err,make vs. other verb,/ʃ/ --> /s/; rushed/rust,Washington D.C.,,,,,,,
22,562195159f556910ef984bb06d1aa1c88934eed3e0cf3e5fc62fe02a064fe5c2,"The question does NOT need any corrections, but I don't know the answer/ I don't understand what the question is asking.",what_organ_is_often_associated_with_being_eaten_by_rotting_flesh_monsters_also_known_as_zombies_fill_02.wav,filler_other,NA,NA,NA,the brain,nun,first,,,,,FB_1205
22,562195159f556910ef984bb06d1aa1c88934eed3e0cf3e5fc62fe02a064fe5c2,NA,what_organ_is_often_associated_with_being_eaten_by_rotting_flesh_monsters_also_known_as_zombies_fill_02.wav,filler_other,NA,NA,NA,the brain,,,,,,,
22,562195159f556910ef984bb06d1aa1c88934eed3e0cf3e5fc62fe02a064fe5c2,I’m good — skip to the next question,what_organ_is_often_associated_with_being_eaten_by_rotting_flesh_monsters_also_known_as_zombies_fill_02.wav,filler_other,NA,NA,NA,the brain,s,secsame,,,,,FB_1205
22,562195159f556910ef984bb06d1aa1c88934eed3e0cf3e5fc62fe02a064fe5c2,NA,what_organ_is_often_associated_with_being_eaten_by_rotting_flesh_monsters_also_known_as_zombies_fill_02.wav,filler_other,NA,NA,NA,the brain,,,,,,,
22,562195159f556910ef984bb06d1aa1c88934eed3e0cf3e5fc62fe02a064fe5c2,"The question needs to be CORRECTED (Select this if you spot an error, even if you don’t know the answer).",what_term_refers_to_armored_men_who_enjoyed_carrying_medieval_swords_that_class_in_combat_targ_02_B.wav,target,phon_err,infinitive vs. participle,/ʃ/ --> /s/; clash/class,knights,y,first,othernp,,,,FB_1205
22,562195159f556910ef984bb06d1aa1c88934eed3e0cf3e5fc62fe02a064fe5c2,that enjoy' to 'who enjoy'.,what_term_refers_to_armored_men_who_enjoyed_carrying_medieval_swords_that_class_in_combat_targ_02_B.wav,target,phon_err,infinitive vs. participle,/ʃ/ --> /s/; clash/class,knights,,,,,,,
22,562195159f556910ef984bb06d1aa1c88934eed3e0cf3e5fc62fe02a064fe5c2,"The question needs to be CORRECTED (Select this if you spot an error, even if you don’t know the answer).",what_term_refers_to_armored_men_who_enjoyed_carrying_medieval_swords_that_class_in_combat_targ_02_B.wav,target,phon_err,infinitive vs. participle,/ʃ/ --> /s/; clash/class,knights,y,secdiff,p,,,,FB_1205
22,562195159f556910ef984bb06d1aa1c88934eed3e0cf3e5fc62fe02a064fe5c2,"that enjoy' to 'who enjoy';
 'that ?? in combat' = can't understand that word;
 don't know answer",what_term_refers_to_armored_men_who_enjoyed_carrying_medieval_swords_that_class_in_combat_targ_02_B.wav,target,phon_err,infinitive vs. participle,/ʃ/ --> /s/; clash/class,knights,,,,,,,
22,562195159f556910ef984bb06d1aa1c88934eed3e0cf3e5fc62fe02a064fe5c2,"The question needs to be CORRECTED (Select this if you spot an error, even if you don’t know the answer).",what_holiday_occurs_at_the_end_of_october_and_features_trick-or-treating_pumpkins_and_haunted_houses_fill_07.wav,filler_other,NA,NA,NA,Halloween,y,first,otherfill,,,,FB_1205
22,562195159f556910ef984bb06d1aa1c88934eed3e0cf3e5fc62fe02a064fe5c2,incurs - should be pronounced 'occurs',what_holiday_occurs_at_the_end_of_october_and_features_trick-or-treating_pumpkins_and_haunted_houses_fill_07.wav,filler_other,NA,NA,NA,Halloween,,,,,,,
22,562195159f556910ef984bb06d1aa1c88934eed3e0cf3e5fc62fe02a064fe5c2,I’m good — skip to the next question,what_holiday_occurs_at_the_end_of_october_and_features_trick-or-treating_pumpkins_and_haunted_houses_fill_07.wav,filler_other,NA,NA,NA,Halloween,s,secsame,,,,,FB_1205
22,562195159f556910ef984bb06d1aa1c88934eed3e0cf3e5fc62fe02a064fe5c2,NA,what_holiday_occurs_at_the_end_of_october_and_features_trick-or-treating_pumpkins_and_haunted_houses_fill_07.wav,filler_other,NA,NA,NA,Halloween,,,,,,,
23,5d6dffae2bfd4ba95281209ae7a1e5d8f3773627b09269d5acd8b1a1d1ee6382,The question does NOT need any corrections.,how_many_legs_does_a_dog_normally_have_fill_25.wav,att_check_good,NA,NA,NA,four,nans,first,,a,attention check passed (7/8 correct),,JB_1204
23,5d6dffae2bfd4ba95281209ae7a1e5d8f3773627b09269d5acd8b1a1d1ee6382,4,how_many_legs_does_a_dog_normally_have_fill_25.wav,att_check_good,NA,NA,NA,four,,,,,,,
23,5d6dffae2bfd4ba95281209ae7a1e5d8f3773627b09269d5acd8b1a1d1ee6382,I’m good — skip to the next question,how_many_legs_does_a_dog_normally_have_fill_25.wav,att_check_good,NA,NA,NA,four,s,secsame,,,,,JB_1204
23,5d6dffae2bfd4ba95281209ae7a1e5d8f3773627b09269d5acd8b1a1d1ee6382,NA,how_many_legs_does_a_dog_normally_have_fill_25.wav,att_check_good,NA,NA,NA,four,,,,,,,
23,5d6dffae2bfd4ba95281209ae7a1e5d8f3773627b09269d5acd8b1a1d1ee6382,The question does NOT need any corrections.,how_many_embers_were_in_the_beatles_the_british_rock_band_fill_32.wav,att_check_err,NA,NA,NA,four (members),nans,first,acheckf,,,,JB_1204
23,5d6dffae2bfd4ba95281209ae7a1e5d8f3773627b09269d5acd8b1a1d1ee6382,4,how_many_embers_were_in_the_beatles_the_british_rock_band_fill_32.wav,att_check_err,NA,NA,NA,four (members),,,,,,,
23,5d6dffae2bfd4ba95281209ae7a1e5d8f3773627b09269d5acd8b1a1d1ee6382,"The question needs to be CORRECTED (Select this if you spot an error, even if you don’t know the answer).",how_many_embers_were_in_the_beatles_the_british_rock_band_fill_32.wav,att_check_err,NA,NA,NA,four (members),y,secsame,,,,,JB_1204
23,5d6dffae2bfd4ba95281209ae7a1e5d8f3773627b09269d5acd8b1a1d1ee6382,"The speaker says ""embers"" when it should be ""members"", the answer is 4.",how_many_embers_were_in_the_beatles_the_british_rock_band_fill_32.wav,att_check_err,NA,NA,NA,four (members),,,,,,,
23,5d6dffae2bfd4ba95281209ae7a1e5d8f3773627b09269d5acd8b1a1d1ee6382,"The question needs to be CORRECTED (Select this if you spot an error, even if you don’t know the answer).",what_is_the_largest_plant_in_the_solar_system_fill_31.wav,att_check_err,NA,NA,NA,Jupiter (planet),y,first,acheckp,,,,JB_1204
23,5d6dffae2bfd4ba95281209ae7a1e5d8f3773627b09269d5acd8b1a1d1ee6382,"The speaker says ""plant"", when they should actually say ""planet"". The answer is Jupiter.",what_is_the_largest_plant_in_the_solar_system_fill_31.wav,att_check_err,NA,NA,NA,Jupiter (planet),,,,,,,
23,5d6dffae2bfd4ba95281209ae7a1e5d8f3773627b09269d5acd8b1a1d1ee6382,I’m good — skip to the next question,what_is_the_largest_plant_in_the_solar_system_fill_31.wav,att_check_err,NA,NA,NA,Jupiter (planet),s,secsame,,,,,JB_1204
23,5d6dffae2bfd4ba95281209ae7a1e5d8f3773627b09269d5acd8b1a1d1ee6382,NA,what_is_the_largest_plant_in_the_solar_system_fill_31.wav,att_check_err,NA,NA,NA,Jupiter (planet),,,,,,,
23,5d6dffae2bfd4ba95281209ae7a1e5d8f3773627b09269d5acd8b1a1d1ee6382,The question does NOT need any corrections.,what_color_is_a_typical_school_bus_fill_28.wav,att_check_good,NA,NA,NA,yellow,nans,first,,a,,,JB_1204
23,5d6dffae2bfd4ba95281209ae7a1e5d8f3773627b09269d5acd8b1a1d1ee6382,Yellow,what_color_is_a_typical_school_bus_fill_28.wav,att_check_good,NA,NA,NA,yellow,,,,,,,
23,5d6dffae2bfd4ba95281209ae7a1e5d8f3773627b09269d5acd8b1a1d1ee6382,I’m good — skip to the next question,what_color_is_a_typical_school_bus_fill_28.wav,att_check_good,NA,NA,NA,yellow,s,secsame,,,,,JB_1204
23,5d6dffae2bfd4ba95281209ae7a1e5d8f3773627b09269d5acd8b1a1d1ee6382,NA,what_color_is_a_typical_school_bus_fill_28.wav,att_check_good,NA,NA,NA,yellow,,,,,,,
23,5d6dffae2bfd4ba95281209ae7a1e5d8f3773627b09269d5acd8b1a1d1ee6382,"The question needs to be CORRECTED (Select this if you spot an error, even if you don’t know the answer).",in_the_cycle_of_seasons_what_season_comes_after_dinter_fill_29.wav,att_check_err,NA,NA,NA,"Spring (Winter, sound sub that's not related)",y,first,acheckp,,,,JB_1204
23,5d6dffae2bfd4ba95281209ae7a1e5d8f3773627b09269d5acd8b1a1d1ee6382,"The speaker says ""dinter"" when they should be saying ""Winter"", the answer is Spring.",in_the_cycle_of_seasons_what_season_comes_after_dinter_fill_29.wav,att_check_err,NA,NA,NA,"Spring (Winter, sound sub that's not related)",,,,,,,
23,5d6dffae2bfd4ba95281209ae7a1e5d8f3773627b09269d5acd8b1a1d1ee6382,I’m good — skip to the next question,in_the_cycle_of_seasons_what_season_comes_after_dinter_fill_29.wav,att_check_err,NA,NA,NA,"Spring (Winter, sound sub that's not related)",s,secsame,,,,,JB_1204
23,5d6dffae2bfd4ba95281209ae7a1e5d8f3773627b09269d5acd8b1a1d1ee6382,NA,in_the_cycle_of_seasons_what_season_comes_after_dinter_fill_29.wav,att_check_err,NA,NA,NA,"Spring (Winter, sound sub that's not related)",,,,,,,
23,5d6dffae2bfd4ba95281209ae7a1e5d8f3773627b09269d5acd8b1a1d1ee6382,"The question needs to be CORRECTED (Select this if you spot an error, even if you don’t know the answer).",what_day_of_the_week_comes_after_monday_fill_27.wav,att_check_good,NA,NA,NA,Tuesday,y,first,,a,,,JB_1204
23,5d6dffae2bfd4ba95281209ae7a1e5d8f3773627b09269d5acd8b1a1d1ee6382,"The speaker pronounces ""Monday"" slightly off. The answer is Tuesday.",what_day_of_the_week_comes_after_monday_fill_27.wav,att_check_good,NA,NA,NA,Tuesday,,,,,,,
23,5d6dffae2bfd4ba95281209ae7a1e5d8f3773627b09269d5acd8b1a1d1ee6382,I’m good — skip to the next question,what_day_of_the_week_comes_after_monday_fill_27.wav,att_check_good,NA,NA,NA,Tuesday,s,secsame,,,,,JB_1204
23,5d6dffae2bfd4ba95281209ae7a1e5d8f3773627b09269d5acd8b1a1d1ee6382,NA,what_day_of_the_week_comes_after_monday_fill_27.wav,att_check_good,NA,NA,NA,Tuesday,,,,,,,
23,5d6dffae2bfd4ba95281209ae7a1e5d8f3773627b09269d5acd8b1a1d1ee6382,"The question needs to be CORRECTED (Select this if you spot an error, even if you don’t know the answer).",what_insect_undergoes_a_process_of_change_to_turn_into_a_butterfy_fill_30.wav,att_check_err,NA,NA,NA,caterpillar (butterfly),y,first,acheckp,,,,JB_1204
23,5d6dffae2bfd4ba95281209ae7a1e5d8f3773627b09269d5acd8b1a1d1ee6382,"The speaker pronounces ""process"" and ""butterfly"" incorrectly. The answer is caterpillar.",what_insect_undergoes_a_process_of_change_to_turn_into_a_butterfy_fill_30.wav,att_check_err,NA,NA,NA,caterpillar (butterfly),,,,,,,
23,5d6dffae2bfd4ba95281209ae7a1e5d8f3773627b09269d5acd8b1a1d1ee6382,I’m good — skip to the next question,what_insect_undergoes_a_process_of_change_to_turn_into_a_butterfy_fill_30.wav,att_check_err,NA,NA,NA,caterpillar (butterfly),s,secsame,,,,,JB_1204
23,5d6dffae2bfd4ba95281209ae7a1e5d8f3773627b09269d5acd8b1a1d1ee6382,NA,what_insect_undergoes_a_process_of_change_to_turn_into_a_butterfy_fill_30.wav,att_check_err,NA,NA,NA,caterpillar (butterfly),,,,,,,
23,5d6dffae2bfd4ba95281209ae7a1e5d8f3773627b09269d5acd8b1a1d1ee6382,The question does NOT need any corrections.,what_state_is_los_angeles_located_in_fill_26.wav,att_check_good,NA,NA,NA,California,nans,first,,a,,,JB_1204
23,5d6dffae2bfd4ba95281209ae7a1e5d8f3773627b09269d5acd8b1a1d1ee6382,California,what_state_is_los_angeles_located_in_fill_26.wav,att_check_good,NA,NA,NA,California,,,,,,,
23,5d6dffae2bfd4ba95281209ae7a1e5d8f3773627b09269d5acd8b1a1d1ee6382,I’m good — skip to the next question,what_state_is_los_angeles_located_in_fill_26.wav,att_check_good,NA,NA,NA,California,s,secsame,,,,,JB_1204
23,5d6dffae2bfd4ba95281209ae7a1e5d8f3773627b09269d5acd8b1a1d1ee6382,NA,what_state_is_los_angeles_located_in_fill_26.wav,att_check_good,NA,NA,NA,California,,,,,,,
23,5d6dffae2bfd4ba95281209ae7a1e5d8f3773627b09269d5acd8b1a1d1ee6382,"The question needs to be CORRECTED (Select this if you spot an error, even if you don’t know the answer).",in_what_country_would_you_find_landmarks_like_the_pyramids_of_giza_and_great_sphinx_fill_24.wav,filler_other,NA,NA,NA,Egypt,y,first,otherfill,,,,FB_1205
23,5d6dffae2bfd4ba95281209ae7a1e5d8f3773627b09269d5acd8b1a1d1ee6382,"The speaker sounds like they said ""Great Finks"", when it should be ""Great Sphynx"". The answer is Egypt.",in_what_country_would_you_find_landmarks_like_the_pyramids_of_giza_and_great_sphinx_fill_24.wav,filler_other,NA,NA,NA,Egypt,,,,,,,
23,5d6dffae2bfd4ba95281209ae7a1e5d8f3773627b09269d5acd8b1a1d1ee6382,I’m good — skip to the next question,in_what_country_would_you_find_landmarks_like_the_pyramids_of_giza_and_great_sphinx_fill_24.wav,filler_other,NA,NA,NA,Egypt,s,secsame,,,,,FB_1205
23,5d6dffae2bfd4ba95281209ae7a1e5d8f3773627b09269d5acd8b1a1d1ee6382,NA,in_what_country_would_you_find_landmarks_like_the_pyramids_of_giza_and_great_sphinx_fill_24.wav,filler_other,NA,NA,NA,Egypt,,,,,,,
23,5d6dffae2bfd4ba95281209ae7a1e5d8f3773627b09269d5acd8b1a1d1ee6382,"The question needs to be CORRECTED (Select this if you spot an error, even if you don’t know the answer).",which_scottish_actor_first_played_james_bond_wearing_kilts_to_red_carpets_when_he_had_32_years_old_targ_03_C.wav,target,non_phon_err,have vs. be,/k/ --> /g/; kilt/guilt,Sean Connery,y,first,np,,,,FB_1205
23,5d6dffae2bfd4ba95281209ae7a1e5d8f3773627b09269d5acd8b1a1d1ee6382,"Instead of ""When he had 32 years old"", she should say ""When he was 32 years old. I don't know the answer.",which_scottish_actor_first_played_james_bond_wearing_kilts_to_red_carpets_when_he_had_32_years_old_targ_03_C.wav,target,non_phon_err,have vs. be,/k/ --> /g/; kilt/guilt,Sean Connery,,,,,,,
23,5d6dffae2bfd4ba95281209ae7a1e5d8f3773627b09269d5acd8b1a1d1ee6382,"The question needs to be CORRECTED (Select this if you spot an error, even if you don’t know the answer).",which_scottish_actor_first_played_james_bond_wearing_kilts_to_red_carpets_when_he_had_32_years_old_targ_03_C.wav,target,non_phon_err,have vs. be,/k/ --> /g/; kilt/guilt,Sean Connery,y,secdiff,otherp,,,,FB_1205
23,5d6dffae2bfd4ba95281209ae7a1e5d8f3773627b09269d5acd8b1a1d1ee6382,"It sounds like she says ""cottish"", but I believe she means ""Scottish"".",which_scottish_actor_first_played_james_bond_wearing_kilts_to_red_carpets_when_he_had_32_years_old_targ_03_C.wav,target,non_phon_err,have vs. be,/k/ --> /g/; kilt/guilt,Sean Connery,,,,,,,
23,5d6dffae2bfd4ba95281209ae7a1e5d8f3773627b09269d5acd8b1a1d1ee6382,"The question needs to be CORRECTED (Select this if you spot an error, even if you don’t know the answer).",what_animal_is_typically_white_with_black_spots_and_says_moo_fill_21.wav,filler_other,NA,NA,NA,a cow,y,first,otherfill,,,,FB_1205
23,5d6dffae2bfd4ba95281209ae7a1e5d8f3773627b09269d5acd8b1a1d1ee6382,I can not understand the last few words of the sentence.,what_animal_is_typically_white_with_black_spots_and_says_moo_fill_21.wav,filler_other,NA,NA,NA,a cow,,,,,,,
23,5d6dffae2bfd4ba95281209ae7a1e5d8f3773627b09269d5acd8b1a1d1ee6382,"The question needs to be CORRECTED (Select this if you spot an error, even if you don’t know the answer).",what_animal_is_typically_white_with_black_spots_and_says_moo_fill_21.wav,filler_other,NA,NA,NA,a cow,y,secdiff,otherfill,,,,FB_1205
23,5d6dffae2bfd4ba95281209ae7a1e5d8f3773627b09269d5acd8b1a1d1ee6382,"When the speaker says ""says moo"", it is a bit hard to understand. She should emphasize the ""a"" sound in says more, it sounds like an ""e"" sound currently.",what_animal_is_typically_white_with_black_spots_and_says_moo_fill_21.wav,filler_other,NA,NA,NA,a cow,,,,,,,
23,5d6dffae2bfd4ba95281209ae7a1e5d8f3773627b09269d5acd8b1a1d1ee6382,The question does NOT need any corrections.,when_you_are_hot_what_device_measures_body_temperature_in_boat_celsius_and_fahrenheit_targ_18_B.wav,target,phon_err,have vs. be,/θ/ --> /t/; both/boat,thermometer,nans,first,,a,,,FB_1205
23,5d6dffae2bfd4ba95281209ae7a1e5d8f3773627b09269d5acd8b1a1d1ee6382,Thermometer,when_you_are_hot_what_device_measures_body_temperature_in_boat_celsius_and_fahrenheit_targ_18_B.wav,target,phon_err,have vs. be,/θ/ --> /t/; both/boat,thermometer,,,,,,,
23,5d6dffae2bfd4ba95281209ae7a1e5d8f3773627b09269d5acd8b1a1d1ee6382,I’m good — skip to the next question,when_you_are_hot_what_device_measures_body_temperature_in_boat_celsius_and_fahrenheit_targ_18_B.wav,target,phon_err,have vs. be,/θ/ --> /t/; both/boat,thermometer,s,secsame,,,,,FB_1205
23,5d6dffae2bfd4ba95281209ae7a1e5d8f3773627b09269d5acd8b1a1d1ee6382,NA,when_you_are_hot_what_device_measures_body_temperature_in_boat_celsius_and_fahrenheit_targ_18_B.wav,target,phon_err,have vs. be,/θ/ --> /t/; both/boat,thermometer,,,,,,,
23,5d6dffae2bfd4ba95281209ae7a1e5d8f3773627b09269d5acd8b1a1d1ee6382,"The question needs to be CORRECTED (Select this if you spot an error, even if you don’t know the answer).",how_many_legs_does_a_canadian_garden_spider_whose_silk_can_make_clot_have_targ_06_B.wav,target,phon_err,adj/noun order,/θ/ --> /t/; cloth/clot,eight,y,first,p?,,,,FB_1205
23,5d6dffae2bfd4ba95281209ae7a1e5d8f3773627b09269d5acd8b1a1d1ee6382,I am not quite sure what she says at the end of the sentence.,how_many_legs_does_a_canadian_garden_spider_whose_silk_can_make_clot_have_targ_06_B.wav,target,phon_err,adj/noun order,/θ/ --> /t/; cloth/clot,eight,,,,,,,
23,5d6dffae2bfd4ba95281209ae7a1e5d8f3773627b09269d5acd8b1a1d1ee6382,"The question needs to be CORRECTED (Select this if you spot an error, even if you don’t know the answer).",how_many_legs_does_a_canadian_garden_spider_whose_silk_can_make_clot_have_targ_06_B.wav,target,phon_err,adj/noun order,/θ/ --> /t/; cloth/clot,eight,y,secdiff,otherp,,,,FB_1205
23,5d6dffae2bfd4ba95281209ae7a1e5d8f3773627b09269d5acd8b1a1d1ee6382,"I'm not sure what she is saying. I'm assuming she is saying ""whose silk can make cloth"", but it does not sound as if she is saying silk. The pronunciation is incorrect and hard to understand.",how_many_legs_does_a_canadian_garden_spider_whose_silk_can_make_clot_have_targ_06_B.wav,target,phon_err,adj/noun order,/θ/ --> /t/; cloth/clot,eight,,,,,,,
23,5d6dffae2bfd4ba95281209ae7a1e5d8f3773627b09269d5acd8b1a1d1ee6382,"The question needs to be CORRECTED (Select this if you spot an error, even if you don’t know the answer).",what_company_created_the_macbook_a_device_full_of_features_to_help_students_make_homework_targ_23_C.wav,target,non_phon_err,make vs. other verb,/ʊ/ --> /u/; full/fool,Apple,y,first,np,,,,FB_1205
23,5d6dffae2bfd4ba95281209ae7a1e5d8f3773627b09269d5acd8b1a1d1ee6382,"Instead of ""make homework"", it should be ""complete homework"".",what_company_created_the_macbook_a_device_full_of_features_to_help_students_make_homework_targ_23_C.wav,target,non_phon_err,make vs. other verb,/ʊ/ --> /u/; full/fool,Apple,,,,,,,
23,5d6dffae2bfd4ba95281209ae7a1e5d8f3773627b09269d5acd8b1a1d1ee6382,I’m good — skip to the next question,what_company_created_the_macbook_a_device_full_of_features_to_help_students_make_homework_targ_23_C.wav,target,non_phon_err,make vs. other verb,/ʊ/ --> /u/; full/fool,Apple,s,secsame,,,,,FB_1205
23,5d6dffae2bfd4ba95281209ae7a1e5d8f3773627b09269d5acd8b1a1d1ee6382,NA,what_company_created_the_macbook_a_device_full_of_features_to_help_students_make_homework_targ_23_C.wav,target,non_phon_err,make vs. other verb,/ʊ/ --> /u/; full/fool,Apple,,,,,,,
23,5d6dffae2bfd4ba95281209ae7a1e5d8f3773627b09269d5acd8b1a1d1ee6382,The question does NOT need any corrections.,what_kind_of_weather_could_occur_when_it_is_raining_and_below_freezing_targ_05_A.wav,target,correct,expletive 'it' dropping,/ʊ/ --> /u/; could/cooed,snow,nans,first,,a,,,FB_1205
23,5d6dffae2bfd4ba95281209ae7a1e5d8f3773627b09269d5acd8b1a1d1ee6382,Snow,what_kind_of_weather_could_occur_when_it_is_raining_and_below_freezing_targ_05_A.wav,target,correct,expletive 'it' dropping,/ʊ/ --> /u/; could/cooed,snow,,,,,,,
23,5d6dffae2bfd4ba95281209ae7a1e5d8f3773627b09269d5acd8b1a1d1ee6382,"The question needs to be CORRECTED (Select this if you spot an error, even if you don’t know the answer).",what_kind_of_weather_could_occur_when_it_is_raining_and_below_freezing_targ_05_A.wav,target,correct,expletive 'it' dropping,/ʊ/ --> /u/; could/cooed,snow,y,secdiff,otherp,,,,FB_1205
23,5d6dffae2bfd4ba95281209ae7a1e5d8f3773627b09269d5acd8b1a1d1ee6382,"She pronounces the word as if she is saying ""occure"", the pronunciation should be ""occur"".",what_kind_of_weather_could_occur_when_it_is_raining_and_below_freezing_targ_05_A.wav,target,correct,expletive 'it' dropping,/ʊ/ --> /u/; could/cooed,snow,,,,,,,
23,5d6dffae2bfd4ba95281209ae7a1e5d8f3773627b09269d5acd8b1a1d1ee6382,"The question needs to be CORRECTED (Select this if you spot an error, even if you don’t know the answer).",what_term_refers_to_armored_men_who_enjoyed_carrying_medieval_swords_that_class_in_combat_targ_02_B.wav,target,phon_err,infinitive vs. participle,/ʃ/ --> /s/; clash/class,knights,y,first,p,,,,FB_1205
23,5d6dffae2bfd4ba95281209ae7a1e5d8f3773627b09269d5acd8b1a1d1ee6382,"She says ""class in combat"", when the pronunciation and wording should be ""clash in combat"".",what_term_refers_to_armored_men_who_enjoyed_carrying_medieval_swords_that_class_in_combat_targ_02_B.wav,target,phon_err,infinitive vs. participle,/ʃ/ --> /s/; clash/class,knights,,,,,,,
23,5d6dffae2bfd4ba95281209ae7a1e5d8f3773627b09269d5acd8b1a1d1ee6382,I’m good — skip to the next question,what_term_refers_to_armored_men_who_enjoyed_carrying_medieval_swords_that_class_in_combat_targ_02_B.wav,target,phon_err,infinitive vs. participle,/ʃ/ --> /s/; clash/class,knights,s,secsame,,,,,FB_1205
23,5d6dffae2bfd4ba95281209ae7a1e5d8f3773627b09269d5acd8b1a1d1ee6382,NA,what_term_refers_to_armored_men_who_enjoyed_carrying_medieval_swords_that_class_in_combat_targ_02_B.wav,target,phon_err,infinitive vs. participle,/ʃ/ --> /s/; clash/class,knights,,,,,,,
23,5d6dffae2bfd4ba95281209ae7a1e5d8f3773627b09269d5acd8b1a1d1ee6382,The question does NOT need any corrections.,how_many_days_would_my_tandem_bike_be_gone_if_someone_borrows_it_for_july_targ_17_A.wav,target,correct,adj/noun order,/ʊ/ --> /u/; would/wooed,thirty-one days,nans,first,,blank,participant didn't provide an answer,,FB_1205
23,5d6dffae2bfd4ba95281209ae7a1e5d8f3773627b09269d5acd8b1a1d1ee6382,NA,how_many_days_would_my_tandem_bike_be_gone_if_someone_borrows_it_for_july_targ_17_A.wav,target,correct,adj/noun order,/ʊ/ --> /u/; would/wooed,thirty-one days,,,,,,,
23,5d6dffae2bfd4ba95281209ae7a1e5d8f3773627b09269d5acd8b1a1d1ee6382,"The question does NOT need any corrections, but I don't know the answer/ I don't understand what the question is asking.",how_many_days_would_my_tandem_bike_be_gone_if_someone_borrows_it_for_july_targ_17_A.wav,target,correct,adj/noun order,/ʊ/ --> /u/; would/wooed,thirty-one days,nun,secsame,,,,,FB_1205
23,5d6dffae2bfd4ba95281209ae7a1e5d8f3773627b09269d5acd8b1a1d1ee6382,NA,how_many_days_would_my_tandem_bike_be_gone_if_someone_borrows_it_for_july_targ_17_A.wav,target,correct,adj/noun order,/ʊ/ --> /u/; would/wooed,thirty-one days,,,,,,,
23,5d6dffae2bfd4ba95281209ae7a1e5d8f3773627b09269d5acd8b1a1d1ee6382,"The question needs to be CORRECTED (Select this if you spot an error, even if you don’t know the answer).",what_supplies_do_you_need_to_knit_a_scarf_targ_13_A.wav,target,correct,no aux verbs in questions (lack of do support),/ɪ/ --> /i/; knit/neat,needles and yarn,y,first,otherp,,,,FB_1205
23,5d6dffae2bfd4ba95281209ae7a1e5d8f3773627b09269d5acd8b1a1d1ee6382,"The speaker pronounces the word ""knit"" incorrectly. It sounds as if she is saying ""kneet"". I don't know the answer.",what_supplies_do_you_need_to_knit_a_scarf_targ_13_A.wav,target,correct,no aux verbs in questions (lack of do support),/ɪ/ --> /i/; knit/neat,needles and yarn,,,,,,,
23,5d6dffae2bfd4ba95281209ae7a1e5d8f3773627b09269d5acd8b1a1d1ee6382,I’m good — skip to the next question,what_supplies_do_you_need_to_knit_a_scarf_targ_13_A.wav,target,correct,no aux verbs in questions (lack of do support),/ɪ/ --> /i/; knit/neat,needles and yarn,s,secsame,,,,,FB_1205
23,5d6dffae2bfd4ba95281209ae7a1e5d8f3773627b09269d5acd8b1a1d1ee6382,NA,what_supplies_do_you_need_to_knit_a_scarf_targ_13_A.wav,target,correct,no aux verbs in questions (lack of do support),/ɪ/ --> /i/; knit/neat,needles and yarn,,,,,,,
23,5d6dffae2bfd4ba95281209ae7a1e5d8f3773627b09269d5acd8b1a1d1ee6382,The question does NOT need any corrections.,what_colors_make_up_a_traditional_candy_cane_which_people_enjoy_to_eat_during_christmas_targ_15_C.wav,target,non_phon_err,infinitive vs. participle,/k/ --> /g/; cane/gain,red and white,nans,first,,a,,,FB_1205
23,5d6dffae2bfd4ba95281209ae7a1e5d8f3773627b09269d5acd8b1a1d1ee6382,red and white,what_colors_make_up_a_traditional_candy_cane_which_people_enjoy_to_eat_during_christmas_targ_15_C.wav,target,non_phon_err,infinitive vs. participle,/k/ --> /g/; cane/gain,red and white,,,,,,,
23,5d6dffae2bfd4ba95281209ae7a1e5d8f3773627b09269d5acd8b1a1d1ee6382,"The question needs to be CORRECTED (Select this if you spot an error, even if you don’t know the answer).",what_colors_make_up_a_traditional_candy_cane_which_people_enjoy_to_eat_during_christmas_targ_15_C.wav,target,non_phon_err,infinitive vs. participle,/k/ --> /g/; cane/gain,red and white,y,secdiff,np,,,,FB_1205
23,5d6dffae2bfd4ba95281209ae7a1e5d8f3773627b09269d5acd8b1a1d1ee6382,"The speaker says ""enjoy to eat"" but it should be ""enjoy eating"". The answer is red and white.",what_colors_make_up_a_traditional_candy_cane_which_people_enjoy_to_eat_during_christmas_targ_15_C.wav,target,non_phon_err,infinitive vs. participle,/k/ --> /g/; cane/gain,red and white,,,,,,,
23,5d6dffae2bfd4ba95281209ae7a1e5d8f3773627b09269d5acd8b1a1d1ee6382,"The question needs to be CORRECTED (Select this if you spot an error, even if you don’t know the answer).",which_season_do_we_associate_with_thanksgiving_the_beginning_of_school_and_leaves_turning_brown_fill_19.wav,filler_other,NA,NA,NA,Fall,y,first,otherfill,,,,FB_1205
23,5d6dffae2bfd4ba95281209ae7a1e5d8f3773627b09269d5acd8b1a1d1ee6382,"The word ""season"" is pronounced incorrectly. The answer is Fall.",which_season_do_we_associate_with_thanksgiving_the_beginning_of_school_and_leaves_turning_brown_fill_19.wav,filler_other,NA,NA,NA,Fall,,,,,,,
23,5d6dffae2bfd4ba95281209ae7a1e5d8f3773627b09269d5acd8b1a1d1ee6382,I’m good — skip to the next question,which_season_do_we_associate_with_thanksgiving_the_beginning_of_school_and_leaves_turning_brown_fill_19.wav,filler_other,NA,NA,NA,Fall,s,secsame,,,,,FB_1205
23,5d6dffae2bfd4ba95281209ae7a1e5d8f3773627b09269d5acd8b1a1d1ee6382,NA,which_season_do_we_associate_with_thanksgiving_the_beginning_of_school_and_leaves_turning_brown_fill_19.wav,filler_other,NA,NA,NA,Fall,,,,,,,
23,5d6dffae2bfd4ba95281209ae7a1e5d8f3773627b09269d5acd8b1a1d1ee6382,The question does NOT need any corrections.,what_holiday_occurs_at_the_end_of_october_and_features_trick-or-treating_pumpkins_and_haunted_houses_fill_07.wav,filler_other,NA,NA,NA,Halloween,nans,first,,a,,,FB_1205
23,5d6dffae2bfd4ba95281209ae7a1e5d8f3773627b09269d5acd8b1a1d1ee6382,Halloween,what_holiday_occurs_at_the_end_of_october_and_features_trick-or-treating_pumpkins_and_haunted_houses_fill_07.wav,filler_other,NA,NA,NA,Halloween,,,,,,,
23,5d6dffae2bfd4ba95281209ae7a1e5d8f3773627b09269d5acd8b1a1d1ee6382,"The question needs to be CORRECTED (Select this if you spot an error, even if you don’t know the answer).",what_holiday_occurs_at_the_end_of_october_and_features_trick-or-treating_pumpkins_and_haunted_houses_fill_07.wav,filler_other,NA,NA,NA,Halloween,y,secdiff,otherfill,,,,FB_1205
23,5d6dffae2bfd4ba95281209ae7a1e5d8f3773627b09269d5acd8b1a1d1ee6382,"The speaker says ""occures"", but it should be pronounced as ""occurs"". The answer is Halloween.",what_holiday_occurs_at_the_end_of_october_and_features_trick-or-treating_pumpkins_and_haunted_houses_fill_07.wav,filler_other,NA,NA,NA,Halloween,,,,,,,
23,5d6dffae2bfd4ba95281209ae7a1e5d8f3773627b09269d5acd8b1a1d1ee6382,"The question does NOT need any corrections, but I don't know the answer/ I don't understand what the question is asking.",what_novel_has_the_quote_i’m_late_i’m_late_for_a_very_important_date_fill_13.wav,filler_other,NA,NA,NA,Alice in Wonderland,nun,first,,,,,FB_1205
23,5d6dffae2bfd4ba95281209ae7a1e5d8f3773627b09269d5acd8b1a1d1ee6382,NA,what_novel_has_the_quote_i’m_late_i’m_late_for_a_very_important_date_fill_13.wav,filler_other,NA,NA,NA,Alice in Wonderland,,,,,,,
23,5d6dffae2bfd4ba95281209ae7a1e5d8f3773627b09269d5acd8b1a1d1ee6382,I’m good — skip to the next question,what_novel_has_the_quote_i’m_late_i’m_late_for_a_very_important_date_fill_13.wav,filler_other,NA,NA,NA,Alice in Wonderland,s,secsame,,,,,FB_1205
23,5d6dffae2bfd4ba95281209ae7a1e5d8f3773627b09269d5acd8b1a1d1ee6382,NA,what_novel_has_the_quote_i’m_late_i’m_late_for_a_very_important_date_fill_13.wav,filler_other,NA,NA,NA,Alice in Wonderland,,,,,,,
23,5d6dffae2bfd4ba95281209ae7a1e5d8f3773627b09269d5acd8b1a1d1ee6382,The question does NOT need any corrections.,for_what_pink_ice_cream_flavor_will_companies_do_their_best_to_use_real_fruit_targ_01_A.wav,target,correct,make vs. other verb,/ɪ/ --> /i/; will/wheel,strawberry,nans,first,,a,,,FB_1205
23,5d6dffae2bfd4ba95281209ae7a1e5d8f3773627b09269d5acd8b1a1d1ee6382,Strawberry,for_what_pink_ice_cream_flavor_will_companies_do_their_best_to_use_real_fruit_targ_01_A.wav,target,correct,make vs. other verb,/ɪ/ --> /i/; will/wheel,strawberry,,,,,,,
23,5d6dffae2bfd4ba95281209ae7a1e5d8f3773627b09269d5acd8b1a1d1ee6382,"The question needs to be CORRECTED (Select this if you spot an error, even if you don’t know the answer).",for_what_pink_ice_cream_flavor_will_companies_do_their_best_to_use_real_fruit_targ_01_A.wav,target,correct,make vs. other verb,/ɪ/ --> /i/; will/wheel,strawberry,y,secdiff,otherirr,,,,FB_1205
23,5d6dffae2bfd4ba95281209ae7a1e5d8f3773627b09269d5acd8b1a1d1ee6382,"There should be more space between the words ""pink"" and ""ice"". The answer is Strawberry.",for_what_pink_ice_cream_flavor_will_companies_do_their_best_to_use_real_fruit_targ_01_A.wav,target,correct,make vs. other verb,/ɪ/ --> /i/; will/wheel,strawberry,,,,,,,
23,5d6dffae2bfd4ba95281209ae7a1e5d8f3773627b09269d5acd8b1a1d1ee6382,"The question needs to be CORRECTED (Select this if you spot an error, even if you don’t know the answer).",if_i_consider_to_leave_work_after_the_fort_hour_how_many_minutes_would_that_be_targ_24_D.wav,target,both_err,infinitive vs. participle,/θ/ --> /t/; fourth/fort,two hundred and forty,y,first,np,,,,FB_1205
23,5d6dffae2bfd4ba95281209ae7a1e5d8f3773627b09269d5acd8b1a1d1ee6382,"Instead of ""If I consider to leave"", it should be ""If I consider leaving work"".",if_i_consider_to_leave_work_after_the_fort_hour_how_many_minutes_would_that_be_targ_24_D.wav,target,both_err,infinitive vs. participle,/θ/ --> /t/; fourth/fort,two hundred and forty,,,,,,,
23,5d6dffae2bfd4ba95281209ae7a1e5d8f3773627b09269d5acd8b1a1d1ee6382,I’m good — skip to the next question,if_i_consider_to_leave_work_after_the_fort_hour_how_many_minutes_would_that_be_targ_24_D.wav,target,both_err,infinitive vs. participle,/θ/ --> /t/; fourth/fort,two hundred and forty,s,secsame,,,,,FB_1205
23,5d6dffae2bfd4ba95281209ae7a1e5d8f3773627b09269d5acd8b1a1d1ee6382,NA,if_i_consider_to_leave_work_after_the_fort_hour_how_many_minutes_would_that_be_targ_24_D.wav,target,both_err,infinitive vs. participle,/θ/ --> /t/; fourth/fort,two hundred and forty,,,,,,,
23,5d6dffae2bfd4ba95281209ae7a1e5d8f3773627b09269d5acd8b1a1d1ee6382,The question does NOT need any corrections.,which_cartoon_dog_solves_mysteries_with_the_group_fred_daphne_velma_and_shaggy_fill_10.wav,filler_other,NA,NA,NA,Scooby-Doo,nans,first,,a,,,FB_1205
23,5d6dffae2bfd4ba95281209ae7a1e5d8f3773627b09269d5acd8b1a1d1ee6382,Scooby Doo,which_cartoon_dog_solves_mysteries_with_the_group_fred_daphne_velma_and_shaggy_fill_10.wav,filler_other,NA,NA,NA,Scooby-Doo,,,,,,,
23,5d6dffae2bfd4ba95281209ae7a1e5d8f3773627b09269d5acd8b1a1d1ee6382,I’m good — skip to the next question,which_cartoon_dog_solves_mysteries_with_the_group_fred_daphne_velma_and_shaggy_fill_10.wav,filler_other,NA,NA,NA,Scooby-Doo,s,secsame,,,,,FB_1205
23,5d6dffae2bfd4ba95281209ae7a1e5d8f3773627b09269d5acd8b1a1d1ee6382,NA,which_cartoon_dog_solves_mysteries_with_the_group_fred_daphne_velma_and_shaggy_fill_10.wav,filler_other,NA,NA,NA,Scooby-Doo,,,,,,,
23,5d6dffae2bfd4ba95281209ae7a1e5d8f3773627b09269d5acd8b1a1d1ee6382,"The question needs to be CORRECTED (Select this if you spot an error, even if you don’t know the answer).",where_do_people_get_drivers_licenses_since_is_required_as_ballad_id_to_drive_targ_16_D.wav,target,both_err,expletive 'it' dropping,/v/ --> /b/; valid/ballad,DMV,y,first,np,,,,FB_1205
23,5d6dffae2bfd4ba95281209ae7a1e5d8f3773627b09269d5acd8b1a1d1ee6382,"Instead of ""since it is required as Valid ID"", the speaker should say ""since it is required as a valid form of ID"". The answer is the DMV.",where_do_people_get_drivers_licenses_since_is_required_as_ballad_id_to_drive_targ_16_D.wav,target,both_err,expletive 'it' dropping,/v/ --> /b/; valid/ballad,DMV,,,,,,,
23,5d6dffae2bfd4ba95281209ae7a1e5d8f3773627b09269d5acd8b1a1d1ee6382,I’m good — skip to the next question,where_do_people_get_drivers_licenses_since_is_required_as_ballad_id_to_drive_targ_16_D.wav,target,both_err,expletive 'it' dropping,/v/ --> /b/; valid/ballad,DMV,s,secsame,,,,,FB_1205
23,5d6dffae2bfd4ba95281209ae7a1e5d8f3773627b09269d5acd8b1a1d1ee6382,NA,where_do_people_get_drivers_licenses_since_is_required_as_ballad_id_to_drive_targ_16_D.wav,target,both_err,expletive 'it' dropping,/v/ --> /b/; valid/ballad,DMV,,,,,,,
23,5d6dffae2bfd4ba95281209ae7a1e5d8f3773627b09269d5acd8b1a1d1ee6382,"The question needs to be CORRECTED (Select this if you spot an error, even if you don’t know the answer).",what_neil_armstrong_say_during_his_berry_first_steps_on_the_moon_targ_04_D.wav,target,both_err,no aux verbs in questions (lack of do support),/v/ --> /b/; very/berry,"""That's one small step for man, one giant leap for mankind.""",y,first,np,,,,FB_1205
23,5d6dffae2bfd4ba95281209ae7a1e5d8f3773627b09269d5acd8b1a1d1ee6382,"The correct phrasing is ""What did Neil Armstrong say"", not what this speaker said.",what_neil_armstrong_say_during_his_berry_first_steps_on_the_moon_targ_04_D.wav,target,both_err,no aux verbs in questions (lack of do support),/v/ --> /b/; very/berry,"""That's one small step for man, one giant leap for mankind.""",,,,,,,
23,5d6dffae2bfd4ba95281209ae7a1e5d8f3773627b09269d5acd8b1a1d1ee6382,I’m good — skip to the next question,what_neil_armstrong_say_during_his_berry_first_steps_on_the_moon_targ_04_D.wav,target,both_err,no aux verbs in questions (lack of do support),/v/ --> /b/; very/berry,"""That's one small step for man, one giant leap for mankind.""",s,secsame,,,,,FB_1205
23,5d6dffae2bfd4ba95281209ae7a1e5d8f3773627b09269d5acd8b1a1d1ee6382,NA,what_neil_armstrong_say_during_his_berry_first_steps_on_the_moon_targ_04_D.wav,target,both_err,no aux verbs in questions (lack of do support),/v/ --> /b/; very/berry,"""That's one small step for man, one giant leap for mankind.""",,,,,,,
23,5d6dffae2bfd4ba95281209ae7a1e5d8f3773627b09269d5acd8b1a1d1ee6382,The question does NOT need any corrections.,what_is_the_name_of_the_comic_strip_featuring_charlie_brown_and_his_dog_snoopy_fill_06.wav,filler_other,NA,NA,NA,Peanuts,nans,first,,a,,,FB_1205
23,5d6dffae2bfd4ba95281209ae7a1e5d8f3773627b09269d5acd8b1a1d1ee6382,Peanuts,what_is_the_name_of_the_comic_strip_featuring_charlie_brown_and_his_dog_snoopy_fill_06.wav,filler_other,NA,NA,NA,Peanuts,,,,,,,
23,5d6dffae2bfd4ba95281209ae7a1e5d8f3773627b09269d5acd8b1a1d1ee6382,I’m good — skip to the next question,what_is_the_name_of_the_comic_strip_featuring_charlie_brown_and_his_dog_snoopy_fill_06.wav,filler_other,NA,NA,NA,Peanuts,s,secsame,,,,,FB_1205
23,5d6dffae2bfd4ba95281209ae7a1e5d8f3773627b09269d5acd8b1a1d1ee6382,NA,what_is_the_name_of_the_comic_strip_featuring_charlie_brown_and_his_dog_snoopy_fill_06.wav,filler_other,NA,NA,NA,Peanuts,,,,,,,
23,5d6dffae2bfd4ba95281209ae7a1e5d8f3773627b09269d5acd8b1a1d1ee6382,"The question does NOT need any corrections, but I don't know the answer/ I don't understand what the question is asking.",what_organ_is_often_associated_with_being_eaten_by_rotting_flesh_monsters_also_known_as_zombies_fill_02.wav,filler_other,NA,NA,NA,the brain,nun,first,,,,,FB_1205
23,5d6dffae2bfd4ba95281209ae7a1e5d8f3773627b09269d5acd8b1a1d1ee6382,NA,what_organ_is_often_associated_with_being_eaten_by_rotting_flesh_monsters_also_known_as_zombies_fill_02.wav,filler_other,NA,NA,NA,the brain,,,,,,,
23,5d6dffae2bfd4ba95281209ae7a1e5d8f3773627b09269d5acd8b1a1d1ee6382,I’m good — skip to the next question,what_organ_is_often_associated_with_being_eaten_by_rotting_flesh_monsters_also_known_as_zombies_fill_02.wav,filler_other,NA,NA,NA,the brain,s,secsame,,,,,FB_1205
23,5d6dffae2bfd4ba95281209ae7a1e5d8f3773627b09269d5acd8b1a1d1ee6382,NA,what_organ_is_often_associated_with_being_eaten_by_rotting_flesh_monsters_also_known_as_zombies_fill_02.wav,filler_other,NA,NA,NA,the brain,,,,,,,
23,5d6dffae2bfd4ba95281209ae7a1e5d8f3773627b09269d5acd8b1a1d1ee6382,"The question does NOT need any corrections, but I don't know the answer/ I don't understand what the question is asking.",which_body_part_did_van_gogh_allegedly_cut_off_after_an_argument_with_his_friend_fill_05.wav,filler_other,NA,NA,NA,ear,nun,first,,,,,FB_1205
23,5d6dffae2bfd4ba95281209ae7a1e5d8f3773627b09269d5acd8b1a1d1ee6382,NA,which_body_part_did_van_gogh_allegedly_cut_off_after_an_argument_with_his_friend_fill_05.wav,filler_other,NA,NA,NA,ear,,,,,,,
23,5d6dffae2bfd4ba95281209ae7a1e5d8f3773627b09269d5acd8b1a1d1ee6382,I’m good — skip to the next question,which_body_part_did_van_gogh_allegedly_cut_off_after_an_argument_with_his_friend_fill_05.wav,filler_other,NA,NA,NA,ear,s,secsame,,,,,FB_1205
23,5d6dffae2bfd4ba95281209ae7a1e5d8f3773627b09269d5acd8b1a1d1ee6382,NA,which_body_part_did_van_gogh_allegedly_cut_off_after_an_argument_with_his_friend_fill_05.wav,filler_other,NA,NA,NA,ear,,,,,,,
23,5d6dffae2bfd4ba95281209ae7a1e5d8f3773627b09269d5acd8b1a1d1ee6382,"The question needs to be CORRECTED (Select this if you spot an error, even if you don’t know the answer).",what_musician_won_grammys_for_their_album_thriller_which_features_the_hit_song_beat_it_fill_20.wav,filler_other,NA,NA,NA,Michael Jackson,y,first,otherfill,,,,FB_1205
23,5d6dffae2bfd4ba95281209ae7a1e5d8f3773627b09269d5acd8b1a1d1ee6382,"The speaker pronounced ""musician"" incorrectly. The answer is Michael Jackson.",what_musician_won_grammys_for_their_album_thriller_which_features_the_hit_song_beat_it_fill_20.wav,filler_other,NA,NA,NA,Michael Jackson,,,,,,,
23,5d6dffae2bfd4ba95281209ae7a1e5d8f3773627b09269d5acd8b1a1d1ee6382,I’m good — skip to the next question,what_musician_won_grammys_for_their_album_thriller_which_features_the_hit_song_beat_it_fill_20.wav,filler_other,NA,NA,NA,Michael Jackson,s,secsame,,,,,FB_1205
23,5d6dffae2bfd4ba95281209ae7a1e5d8f3773627b09269d5acd8b1a1d1ee6382,NA,what_musician_won_grammys_for_their_album_thriller_which_features_the_hit_song_beat_it_fill_20.wav,filler_other,NA,NA,NA,Michael Jackson,,,,,,,
23,5d6dffae2bfd4ba95281209ae7a1e5d8f3773627b09269d5acd8b1a1d1ee6382,The question does NOT need any corrections.,if_laundry_service_will_come_in_five_days_and_todays_thursday_when_are_they_doing_laundry_next_targ_09_A.wav,target,correct,make vs. other verb,/k/ --> /g/; come/gum,Tuesday,nans,first,,a,,,FB_1205
23,5d6dffae2bfd4ba95281209ae7a1e5d8f3773627b09269d5acd8b1a1d1ee6382,Tuesday,if_laundry_service_will_come_in_five_days_and_todays_thursday_when_are_they_doing_laundry_next_targ_09_A.wav,target,correct,make vs. other verb,/k/ --> /g/; come/gum,Tuesday,,,,,,,
23,5d6dffae2bfd4ba95281209ae7a1e5d8f3773627b09269d5acd8b1a1d1ee6382,I’m good — skip to the next question,if_laundry_service_will_come_in_five_days_and_todays_thursday_when_are_they_doing_laundry_next_targ_09_A.wav,target,correct,make vs. other verb,/k/ --> /g/; come/gum,Tuesday,s,secsame,,,,,FB_1205
23,5d6dffae2bfd4ba95281209ae7a1e5d8f3773627b09269d5acd8b1a1d1ee6382,NA,if_laundry_service_will_come_in_five_days_and_todays_thursday_when_are_they_doing_laundry_next_targ_09_A.wav,target,correct,make vs. other verb,/k/ --> /g/; come/gum,Tuesday,,,,,,,
23,5d6dffae2bfd4ba95281209ae7a1e5d8f3773627b09269d5acd8b1a1d1ee6382,The question does NOT need any corrections.,what_big_star_in_our_solar_system_can_still_be_visible_when_is_cloudy_targ_19_C.wav,target,non_phon_err,expletive 'it' dropping,/ɪ/ --> /i/; still/steal,the Sun,nans,first,,a,,,FB_1205
23,5d6dffae2bfd4ba95281209ae7a1e5d8f3773627b09269d5acd8b1a1d1ee6382,The sun,what_big_star_in_our_solar_system_can_still_be_visible_when_is_cloudy_targ_19_C.wav,target,non_phon_err,expletive 'it' dropping,/ɪ/ --> /i/; still/steal,the Sun,,,,,,,
23,5d6dffae2bfd4ba95281209ae7a1e5d8f3773627b09269d5acd8b1a1d1ee6382,I’m good — skip to the next question,what_big_star_in_our_solar_system_can_still_be_visible_when_is_cloudy_targ_19_C.wav,target,non_phon_err,expletive 'it' dropping,/ɪ/ --> /i/; still/steal,the Sun,s,secsame,,,,,FB_1205
23,5d6dffae2bfd4ba95281209ae7a1e5d8f3773627b09269d5acd8b1a1d1ee6382,NA,what_big_star_in_our_solar_system_can_still_be_visible_when_is_cloudy_targ_19_C.wav,target,non_phon_err,expletive 'it' dropping,/ɪ/ --> /i/; still/steal,the Sun,,,,,,,
23,5d6dffae2bfd4ba95281209ae7a1e5d8f3773627b09269d5acd8b1a1d1ee6382,"The question needs to be CORRECTED (Select this if you spot an error, even if you don’t know the answer).",what_mythical_creatures_have_been_said_to_drink_blood_turn_into_bats_and_hate_onions_fill_14.wav,filler_other,NA,NA,NA,vampires,y,first,otherfill,,,,FB_1205
23,5d6dffae2bfd4ba95281209ae7a1e5d8f3773627b09269d5acd8b1a1d1ee6382,"The speaker pronounces ""said"" incorrectly, the answer is Vampires.",what_mythical_creatures_have_been_said_to_drink_blood_turn_into_bats_and_hate_onions_fill_14.wav,filler_other,NA,NA,NA,vampires,,,,,,,
23,5d6dffae2bfd4ba95281209ae7a1e5d8f3773627b09269d5acd8b1a1d1ee6382,I’m good — skip to the next question,what_mythical_creatures_have_been_said_to_drink_blood_turn_into_bats_and_hate_onions_fill_14.wav,filler_other,NA,NA,NA,vampires,s,secsame,,,,,FB_1205
23,5d6dffae2bfd4ba95281209ae7a1e5d8f3773627b09269d5acd8b1a1d1ee6382,NA,what_mythical_creatures_have_been_said_to_drink_blood_turn_into_bats_and_hate_onions_fill_14.wav,filler_other,NA,NA,NA,vampires,,,,,,,
23,5d6dffae2bfd4ba95281209ae7a1e5d8f3773627b09269d5acd8b1a1d1ee6382,The question does NOT need any corrections.,which_tropical_fruit_that_grows_on_palm_trees_is_used_for_oils_and_milks_fill_18.wav,filler_other,NA,NA,NA,coconuts,nans,first,,a,,,FB_1205
23,5d6dffae2bfd4ba95281209ae7a1e5d8f3773627b09269d5acd8b1a1d1ee6382,Coconut,which_tropical_fruit_that_grows_on_palm_trees_is_used_for_oils_and_milks_fill_18.wav,filler_other,NA,NA,NA,coconuts,,,,,,,
23,5d6dffae2bfd4ba95281209ae7a1e5d8f3773627b09269d5acd8b1a1d1ee6382,I’m good — skip to the next question,which_tropical_fruit_that_grows_on_palm_trees_is_used_for_oils_and_milks_fill_18.wav,filler_other,NA,NA,NA,coconuts,s,secsame,,,,,FB_1205
23,5d6dffae2bfd4ba95281209ae7a1e5d8f3773627b09269d5acd8b1a1d1ee6382,NA,which_tropical_fruit_that_grows_on_palm_trees_is_used_for_oils_and_milks_fill_18.wav,filler_other,NA,NA,NA,coconuts,,,,,,,
23,5d6dffae2bfd4ba95281209ae7a1e5d8f3773627b09269d5acd8b1a1d1ee6382,"The question does NOT need any corrections, but I don't know the answer/ I don't understand what the question is asking.",who_did_americans_boat_for_to_be_their_first_president_who_avoided_serving_three_terms_targ_10_B.wav,target,phon_err,infinitive vs. participle,/v/ --> /b/; vote/boat,George Washington,nun,first,,,,,FB_1205
23,5d6dffae2bfd4ba95281209ae7a1e5d8f3773627b09269d5acd8b1a1d1ee6382,NA,who_did_americans_boat_for_to_be_their_first_president_who_avoided_serving_three_terms_targ_10_B.wav,target,phon_err,infinitive vs. participle,/v/ --> /b/; vote/boat,George Washington,,,,,,,
23,5d6dffae2bfd4ba95281209ae7a1e5d8f3773627b09269d5acd8b1a1d1ee6382,I’m good — skip to the next question,who_did_americans_boat_for_to_be_their_first_president_who_avoided_serving_three_terms_targ_10_B.wav,target,phon_err,infinitive vs. participle,/v/ --> /b/; vote/boat,George Washington,s,secsame,,,,,FB_1205
23,5d6dffae2bfd4ba95281209ae7a1e5d8f3773627b09269d5acd8b1a1d1ee6382,NA,who_did_americans_boat_for_to_be_their_first_president_who_avoided_serving_three_terms_targ_10_B.wav,target,phon_err,infinitive vs. participle,/v/ --> /b/; vote/boat,George Washington,,,,,,,
23,5d6dffae2bfd4ba95281209ae7a1e5d8f3773627b09269d5acd8b1a1d1ee6382,"The question needs to be CORRECTED (Select this if you spot an error, even if you don’t know the answer).",in_the_lion_king_who_does_nala_talk_to_and_is_laying_in_a_cot_after_theyve_reunited_targ_21_A.wav,target,correct,no aux verbs in questions (lack of do support),/k/ --> /g/; cot/got,Simba,y,first,othernp,,,,FB_1205
23,5d6dffae2bfd4ba95281209ae7a1e5d8f3773627b09269d5acd8b1a1d1ee6382,"It should be ""is laying in a cot WITH"", and the answer is SImba.",in_the_lion_king_who_does_nala_talk_to_and_is_laying_in_a_cot_after_theyve_reunited_targ_21_A.wav,target,correct,no aux verbs in questions (lack of do support),/k/ --> /g/; cot/got,Simba,,,,,,,
23,5d6dffae2bfd4ba95281209ae7a1e5d8f3773627b09269d5acd8b1a1d1ee6382,I’m good — skip to the next question,in_the_lion_king_who_does_nala_talk_to_and_is_laying_in_a_cot_after_theyve_reunited_targ_21_A.wav,target,correct,no aux verbs in questions (lack of do support),/k/ --> /g/; cot/got,Simba,s,secsame,,,,,FB_1205
23,5d6dffae2bfd4ba95281209ae7a1e5d8f3773627b09269d5acd8b1a1d1ee6382,NA,in_the_lion_king_who_does_nala_talk_to_and_is_laying_in_a_cot_after_theyve_reunited_targ_21_A.wav,target,correct,no aux verbs in questions (lack of do support),/k/ --> /g/; cot/got,Simba,,,,,,,
23,5d6dffae2bfd4ba95281209ae7a1e5d8f3773627b09269d5acd8b1a1d1ee6382,The question does NOT need any corrections.,which_cartoon_character_works_at_the_krusty_krab_and_is_best_friends_with_patrick_star_fill_04.wav,filler_other,NA,NA,NA,Spongebob,nans,first,,a,,,FB_1205
23,5d6dffae2bfd4ba95281209ae7a1e5d8f3773627b09269d5acd8b1a1d1ee6382,Spongebob Squarepants,which_cartoon_character_works_at_the_krusty_krab_and_is_best_friends_with_patrick_star_fill_04.wav,filler_other,NA,NA,NA,Spongebob,,,,,,,
23,5d6dffae2bfd4ba95281209ae7a1e5d8f3773627b09269d5acd8b1a1d1ee6382,I’m good — skip to the next question,which_cartoon_character_works_at_the_krusty_krab_and_is_best_friends_with_patrick_star_fill_04.wav,filler_other,NA,NA,NA,Spongebob,s,secsame,,,,,FB_1205
23,5d6dffae2bfd4ba95281209ae7a1e5d8f3773627b09269d5acd8b1a1d1ee6382,NA,which_cartoon_character_works_at_the_krusty_krab_and_is_best_friends_with_patrick_star_fill_04.wav,filler_other,NA,NA,NA,Spongebob,,,,,,,
23,5d6dffae2bfd4ba95281209ae7a1e5d8f3773627b09269d5acd8b1a1d1ee6382,The question does NOT need any corrections.,who_discovered_the_law_of_universal_gravitation_which_accounts_for_why_objects_naturally_fall_downwards_fill_15.wav,filler_other,NA,NA,NA,Isaac Newton,nans,first,,a,,,FB_1205
23,5d6dffae2bfd4ba95281209ae7a1e5d8f3773627b09269d5acd8b1a1d1ee6382,Isaac Newton,who_discovered_the_law_of_universal_gravitation_which_accounts_for_why_objects_naturally_fall_downwards_fill_15.wav,filler_other,NA,NA,NA,Isaac Newton,,,,,,,
23,5d6dffae2bfd4ba95281209ae7a1e5d8f3773627b09269d5acd8b1a1d1ee6382,I’m good — skip to the next question,who_discovered_the_law_of_universal_gravitation_which_accounts_for_why_objects_naturally_fall_downwards_fill_15.wav,filler_other,NA,NA,NA,Isaac Newton,s,secsame,,,,,FB_1205
23,5d6dffae2bfd4ba95281209ae7a1e5d8f3773627b09269d5acd8b1a1d1ee6382,NA,who_discovered_the_law_of_universal_gravitation_which_accounts_for_why_objects_naturally_fall_downwards_fill_15.wav,filler_other,NA,NA,NA,Isaac Newton,,,,,,,
23,5d6dffae2bfd4ba95281209ae7a1e5d8f3773627b09269d5acd8b1a1d1ee6382,The question does NOT need any corrections.,if_a_hardworking_janitor_cleaned_a_vent_in_five_minutes_how_many_seconds_is_that_targ_22_B.wav,target,phon_err,adj/noun order,/v/ --> /b/; vent/bent,eight,nans,first,,a,,,FB_1205
23,5d6dffae2bfd4ba95281209ae7a1e5d8f3773627b09269d5acd8b1a1d1ee6382,300,if_a_hardworking_janitor_cleaned_a_vent_in_five_minutes_how_many_seconds_is_that_targ_22_B.wav,target,phon_err,adj/noun order,/v/ --> /b/; vent/bent,eight,,,,,,,
23,5d6dffae2bfd4ba95281209ae7a1e5d8f3773627b09269d5acd8b1a1d1ee6382,I’m good — skip to the next question,if_a_hardworking_janitor_cleaned_a_vent_in_five_minutes_how_many_seconds_is_that_targ_22_B.wav,target,phon_err,adj/noun order,/v/ --> /b/; vent/bent,eight,s,secsame,,,,,FB_1205
23,5d6dffae2bfd4ba95281209ae7a1e5d8f3773627b09269d5acd8b1a1d1ee6382,NA,if_a_hardworking_janitor_cleaned_a_vent_in_five_minutes_how_many_seconds_is_that_targ_22_B.wav,target,phon_err,adj/noun order,/v/ --> /b/; vent/bent,eight,,,,,,,
23,5d6dffae2bfd4ba95281209ae7a1e5d8f3773627b09269d5acd8b1a1d1ee6382,"The question needs to be CORRECTED (Select this if you spot an error, even if you don’t know the answer).",what_childrens_game_makes_people_sit_down_quickly_when_the_music_loud_stops_targ_07_C.wav,target,non_phon_err,adj/noun order,/ɪ/ --> /i/; sit/seat,musical chairs,y,first,np,,,,FB_1205
23,5d6dffae2bfd4ba95281209ae7a1e5d8f3773627b09269d5acd8b1a1d1ee6382,"The speaker says ""music loud"", when it should be reversed as ""loud music"". The answer is musical chairs.",what_childrens_game_makes_people_sit_down_quickly_when_the_music_loud_stops_targ_07_C.wav,target,non_phon_err,adj/noun order,/ɪ/ --> /i/; sit/seat,musical chairs,,,,,,,
23,5d6dffae2bfd4ba95281209ae7a1e5d8f3773627b09269d5acd8b1a1d1ee6382,I’m good — skip to the next question,what_childrens_game_makes_people_sit_down_quickly_when_the_music_loud_stops_targ_07_C.wav,target,non_phon_err,adj/noun order,/ɪ/ --> /i/; sit/seat,musical chairs,s,secsame,,,,,FB_1205
23,5d6dffae2bfd4ba95281209ae7a1e5d8f3773627b09269d5acd8b1a1d1ee6382,NA,what_childrens_game_makes_people_sit_down_quickly_when_the_music_loud_stops_targ_07_C.wav,target,non_phon_err,adj/noun order,/ɪ/ --> /i/; sit/seat,musical chairs,,,,,,,
23,5d6dffae2bfd4ba95281209ae7a1e5d8f3773627b09269d5acd8b1a1d1ee6382,The question does NOT need any corrections.,which_oscar-winning_movie_features_tom_hanks_saying_life_is_like_a_box_of_chocolates_fill_12.wav,filler_other,NA,NA,NA,Forrest Gump,nans,first,,a,,,FB_1205
23,5d6dffae2bfd4ba95281209ae7a1e5d8f3773627b09269d5acd8b1a1d1ee6382,Forrest Gump,which_oscar-winning_movie_features_tom_hanks_saying_life_is_like_a_box_of_chocolates_fill_12.wav,filler_other,NA,NA,NA,Forrest Gump,,,,,,,
23,5d6dffae2bfd4ba95281209ae7a1e5d8f3773627b09269d5acd8b1a1d1ee6382,I’m good — skip to the next question,which_oscar-winning_movie_features_tom_hanks_saying_life_is_like_a_box_of_chocolates_fill_12.wav,filler_other,NA,NA,NA,Forrest Gump,s,secsame,,,,,FB_1205
23,5d6dffae2bfd4ba95281209ae7a1e5d8f3773627b09269d5acd8b1a1d1ee6382,NA,which_oscar-winning_movie_features_tom_hanks_saying_life_is_like_a_box_of_chocolates_fill_12.wav,filler_other,NA,NA,NA,Forrest Gump,,,,,,,
23,5d6dffae2bfd4ba95281209ae7a1e5d8f3773627b09269d5acd8b1a1d1ee6382,The question does NOT need any corrections.,where_do_the_jolly_christmas_icons_santa_claus_and_his_wife_mrs._claus_live_fill_22.wav,filler_other,NA,NA,NA,the North Pole,nans,first,,a,,,FB_1205
23,5d6dffae2bfd4ba95281209ae7a1e5d8f3773627b09269d5acd8b1a1d1ee6382,The North Pole,where_do_the_jolly_christmas_icons_santa_claus_and_his_wife_mrs._claus_live_fill_22.wav,filler_other,NA,NA,NA,the North Pole,,,,,,,
23,5d6dffae2bfd4ba95281209ae7a1e5d8f3773627b09269d5acd8b1a1d1ee6382,I’m good — skip to the next question,where_do_the_jolly_christmas_icons_santa_claus_and_his_wife_mrs._claus_live_fill_22.wav,filler_other,NA,NA,NA,the North Pole,s,secsame,,,,,FB_1205
23,5d6dffae2bfd4ba95281209ae7a1e5d8f3773627b09269d5acd8b1a1d1ee6382,NA,where_do_the_jolly_christmas_icons_santa_claus_and_his_wife_mrs._claus_live_fill_22.wav,filler_other,NA,NA,NA,the North Pole,,,,,,,
23,5d6dffae2bfd4ba95281209ae7a1e5d8f3773627b09269d5acd8b1a1d1ee6382,"The question needs to be CORRECTED (Select this if you spot an error, even if you don’t know the answer).",if_youre_on_a_pat_from_california_to_hawaii_which_ocean_you_go_through_targ_12_D.wav,target,both_err,no aux verbs in questions (lack of do support),/θ/ --> /t/; path/pat,Pacific Ocean,y,first,np,,,,FB_1205
23,5d6dffae2bfd4ba95281209ae7a1e5d8f3773627b09269d5acd8b1a1d1ee6382,"Instead of ""Which ocean you go through"" it should be ""Which ocean would you go through?""",if_youre_on_a_pat_from_california_to_hawaii_which_ocean_you_go_through_targ_12_D.wav,target,both_err,no aux verbs in questions (lack of do support),/θ/ --> /t/; path/pat,Pacific Ocean,,,,,,,
23,5d6dffae2bfd4ba95281209ae7a1e5d8f3773627b09269d5acd8b1a1d1ee6382,I’m good — skip to the next question,if_youre_on_a_pat_from_california_to_hawaii_which_ocean_you_go_through_targ_12_D.wav,target,both_err,no aux verbs in questions (lack of do support),/θ/ --> /t/; path/pat,Pacific Ocean,s,secsame,,,,,FB_1205
23,5d6dffae2bfd4ba95281209ae7a1e5d8f3773627b09269d5acd8b1a1d1ee6382,NA,if_youre_on_a_pat_from_california_to_hawaii_which_ocean_you_go_through_targ_12_D.wav,target,both_err,no aux verbs in questions (lack of do support),/θ/ --> /t/; path/pat,Pacific Ocean,,,,,,,
23,5d6dffae2bfd4ba95281209ae7a1e5d8f3773627b09269d5acd8b1a1d1ee6382,"The question needs to be CORRECTED (Select this if you spot an error, even if you don’t know the answer).",what_is_the_name_of_the_video_game_character_who_is_a_traveling_italian_plumber_fill_08.wav,filler_other,NA,NA,NA,Mario,y,first,otherfill,,,,FB_1205
23,5d6dffae2bfd4ba95281209ae7a1e5d8f3773627b09269d5acd8b1a1d1ee6382,"The speaker pronounces ""character"" incorrectly. The answer is Mario.",what_is_the_name_of_the_video_game_character_who_is_a_traveling_italian_plumber_fill_08.wav,filler_other,NA,NA,NA,Mario,,,,,,,
23,5d6dffae2bfd4ba95281209ae7a1e5d8f3773627b09269d5acd8b1a1d1ee6382,I’m good — skip to the next question,what_is_the_name_of_the_video_game_character_who_is_a_traveling_italian_plumber_fill_08.wav,filler_other,NA,NA,NA,Mario,s,secsame,,,,,FB_1205
23,5d6dffae2bfd4ba95281209ae7a1e5d8f3773627b09269d5acd8b1a1d1ee6382,NA,what_is_the_name_of_the_video_game_character_who_is_a_traveling_italian_plumber_fill_08.wav,filler_other,NA,NA,NA,Mario,,,,,,,
23,5d6dffae2bfd4ba95281209ae7a1e5d8f3773627b09269d5acd8b1a1d1ee6382,The question does NOT need any corrections.,what_letter_in_the_latin_alphabet_corresponds_to_the_greek_letter_alpha_fill_01.wav,filler_other,NA,NA,NA,a,nans,first,,a,,,FB_1205
23,5d6dffae2bfd4ba95281209ae7a1e5d8f3773627b09269d5acd8b1a1d1ee6382,The letter A,what_letter_in_the_latin_alphabet_corresponds_to_the_greek_letter_alpha_fill_01.wav,filler_other,NA,NA,NA,a,,,,,,,
23,5d6dffae2bfd4ba95281209ae7a1e5d8f3773627b09269d5acd8b1a1d1ee6382,I’m good — skip to the next question,what_letter_in_the_latin_alphabet_corresponds_to_the_greek_letter_alpha_fill_01.wav,filler_other,NA,NA,NA,a,s,secsame,,,,,FB_1205
23,5d6dffae2bfd4ba95281209ae7a1e5d8f3773627b09269d5acd8b1a1d1ee6382,NA,what_letter_in_the_latin_alphabet_corresponds_to_the_greek_letter_alpha_fill_01.wav,filler_other,NA,NA,NA,a,,,,,,,
23,5d6dffae2bfd4ba95281209ae7a1e5d8f3773627b09269d5acd8b1a1d1ee6382,"The question needs to be CORRECTED (Select this if you spot an error, even if you don’t know the answer).",what_city_have_people_rust_to_tour_to_see_where_the_us_government_does_business_targ_14_B.wav,target,phon_err,make vs. other verb,/ʃ/ --> /s/; rushed/rust,Washington D.C.,y,first,other,,participant didn't understand the question,,FB_1205
23,5d6dffae2bfd4ba95281209ae7a1e5d8f3773627b09269d5acd8b1a1d1ee6382,I'm not sure what she is trying to say,what_city_have_people_rust_to_tour_to_see_where_the_us_government_does_business_targ_14_B.wav,target,phon_err,make vs. other verb,/ʃ/ --> /s/; rushed/rust,Washington D.C.,,,,,,,
23,5d6dffae2bfd4ba95281209ae7a1e5d8f3773627b09269d5acd8b1a1d1ee6382,"The question needs to be CORRECTED (Select this if you spot an error, even if you don’t know the answer).",what_city_have_people_rust_to_tour_to_see_where_the_us_government_does_business_targ_14_B.wav,target,phon_err,make vs. other verb,/ʃ/ --> /s/; rushed/rust,Washington D.C.,y,secdiff,p,,,,FB_1205
23,5d6dffae2bfd4ba95281209ae7a1e5d8f3773627b09269d5acd8b1a1d1ee6382,"I believe the speaker is trying to say ""rushed""? There is a word that begins with the letter R that is hard to understand.",what_city_have_people_rust_to_tour_to_see_where_the_us_government_does_business_targ_14_B.wav,target,phon_err,make vs. other verb,/ʃ/ --> /s/; rushed/rust,Washington D.C.,,,,,,,
23,5d6dffae2bfd4ba95281209ae7a1e5d8f3773627b09269d5acd8b1a1d1ee6382,"The question needs to be CORRECTED (Select this if you spot an error, even if you don’t know the answer).",which_soft_pastry_made_with_a_certain_spice_is_often_spiral-shaped_and_topped_with_icing_fill_16.wav,filler_other,NA,NA,NA,cinnamon roll,y,first,otherfill,,,,FB_1205
23,5d6dffae2bfd4ba95281209ae7a1e5d8f3773627b09269d5acd8b1a1d1ee6382,I don't understand what she is saying,which_soft_pastry_made_with_a_certain_spice_is_often_spiral-shaped_and_topped_with_icing_fill_16.wav,filler_other,NA,NA,NA,cinnamon roll,,,,,,,
23,5d6dffae2bfd4ba95281209ae7a1e5d8f3773627b09269d5acd8b1a1d1ee6382,The question does NOT need any corrections.,which_soft_pastry_made_with_a_certain_spice_is_often_spiral-shaped_and_topped_with_icing_fill_16.wav,filler_other,NA,NA,NA,cinnamon roll,nans,secdiff,,,,,FB_1205
23,5d6dffae2bfd4ba95281209ae7a1e5d8f3773627b09269d5acd8b1a1d1ee6382,Milkshake,which_soft_pastry_made_with_a_certain_spice_is_often_spiral-shaped_and_topped_with_icing_fill_16.wav,filler_other,NA,NA,NA,cinnamon roll,,,,,,,
23,5d6dffae2bfd4ba95281209ae7a1e5d8f3773627b09269d5acd8b1a1d1ee6382,The question does NOT need any corrections.,what_us_holiday_is_often_celebrated_with_fireworks_and_hotdogs_to_honor_americas_freedom_fill_17.wav,filler_other,NA,NA,NA,Independence Day,nans,first,,a,,,FB_1205
23,5d6dffae2bfd4ba95281209ae7a1e5d8f3773627b09269d5acd8b1a1d1ee6382,Fourth of July or Independence Day.,what_us_holiday_is_often_celebrated_with_fireworks_and_hotdogs_to_honor_americas_freedom_fill_17.wav,filler_other,NA,NA,NA,Independence Day,,,,,,,
23,5d6dffae2bfd4ba95281209ae7a1e5d8f3773627b09269d5acd8b1a1d1ee6382,I’m good — skip to the next question,what_us_holiday_is_often_celebrated_with_fireworks_and_hotdogs_to_honor_americas_freedom_fill_17.wav,filler_other,NA,NA,NA,Independence Day,s,secsame,,,,,FB_1205
23,5d6dffae2bfd4ba95281209ae7a1e5d8f3773627b09269d5acd8b1a1d1ee6382,NA,what_us_holiday_is_often_celebrated_with_fireworks_and_hotdogs_to_honor_americas_freedom_fill_17.wav,filler_other,NA,NA,NA,Independence Day,,,,,,,
23,5d6dffae2bfd4ba95281209ae7a1e5d8f3773627b09269d5acd8b1a1d1ee6382,"The question does NOT need any corrections, but I don't know the answer/ I don't understand what the question is asking.",which_british_celebrity_judge_often_harshly_critiqued_contestants_on_the_nationwide_singing_contest_american_idol_fill_03.wav,filler_other,NA,NA,NA,Simon Cowell,nun,first,,,,,FB_1205
23,5d6dffae2bfd4ba95281209ae7a1e5d8f3773627b09269d5acd8b1a1d1ee6382,NA,which_british_celebrity_judge_often_harshly_critiqued_contestants_on_the_nationwide_singing_contest_american_idol_fill_03.wav,filler_other,NA,NA,NA,Simon Cowell,,,,,,,
23,5d6dffae2bfd4ba95281209ae7a1e5d8f3773627b09269d5acd8b1a1d1ee6382,I’m good — skip to the next question,which_british_celebrity_judge_often_harshly_critiqued_contestants_on_the_nationwide_singing_contest_american_idol_fill_03.wav,filler_other,NA,NA,NA,Simon Cowell,s,secsame,,,,,FB_1205
23,5d6dffae2bfd4ba95281209ae7a1e5d8f3773627b09269d5acd8b1a1d1ee6382,NA,which_british_celebrity_judge_often_harshly_critiqued_contestants_on_the_nationwide_singing_contest_american_idol_fill_03.wav,filler_other,NA,NA,NA,Simon Cowell,,,,,,,
23,5d6dffae2bfd4ba95281209ae7a1e5d8f3773627b09269d5acd8b1a1d1ee6382,The question does NOT need any corrections.,in_the_famous_dr_seuss_book_what_orange_and_yellow_character_speaks_for_the_trees_fill_23.wav,filler_other,NA,NA,NA,the Lorax,nans,first,,a,,,FB_1205
23,5d6dffae2bfd4ba95281209ae7a1e5d8f3773627b09269d5acd8b1a1d1ee6382,The Lorax,in_the_famous_dr_seuss_book_what_orange_and_yellow_character_speaks_for_the_trees_fill_23.wav,filler_other,NA,NA,NA,the Lorax,,,,,,,
23,5d6dffae2bfd4ba95281209ae7a1e5d8f3773627b09269d5acd8b1a1d1ee6382,I’m good — skip to the next question,in_the_famous_dr_seuss_book_what_orange_and_yellow_character_speaks_for_the_trees_fill_23.wav,filler_other,NA,NA,NA,the Lorax,s,secsame,,,,,FB_1205
23,5d6dffae2bfd4ba95281209ae7a1e5d8f3773627b09269d5acd8b1a1d1ee6382,NA,in_the_famous_dr_seuss_book_what_orange_and_yellow_character_speaks_for_the_trees_fill_23.wav,filler_other,NA,NA,NA,the Lorax,,,,,,,
23,5d6dffae2bfd4ba95281209ae7a1e5d8f3773627b09269d5acd8b1a1d1ee6382,The question does NOT need any corrections.,what_kind_of_animal_is_mickey_mouse’s_girlfriend_minnie_who_wears_a_bow_fill_09.wav,filler_other,NA,NA,NA,mouse,nans,first,,a,,,FB_1205
23,5d6dffae2bfd4ba95281209ae7a1e5d8f3773627b09269d5acd8b1a1d1ee6382,Mouse,what_kind_of_animal_is_mickey_mouse’s_girlfriend_minnie_who_wears_a_bow_fill_09.wav,filler_other,NA,NA,NA,mouse,,,,,,,
23,5d6dffae2bfd4ba95281209ae7a1e5d8f3773627b09269d5acd8b1a1d1ee6382,I’m good — skip to the next question,what_kind_of_animal_is_mickey_mouse’s_girlfriend_minnie_who_wears_a_bow_fill_09.wav,filler_other,NA,NA,NA,mouse,s,secsame,,,,,FB_1205
23,5d6dffae2bfd4ba95281209ae7a1e5d8f3773627b09269d5acd8b1a1d1ee6382,NA,what_kind_of_animal_is_mickey_mouse’s_girlfriend_minnie_who_wears_a_bow_fill_09.wav,filler_other,NA,NA,NA,mouse,,,,,,,
23,5d6dffae2bfd4ba95281209ae7a1e5d8f3773627b09269d5acd8b1a1d1ee6382,"The question needs to be CORRECTED (Select this if you spot an error, even if you don’t know the answer).",what_popular_us_chain_provides_a_happy_meal_toy_or_plus_when_kids_have_hungry_targ_20_D.wav,target,both_err,have vs. be,/ʃ/ --> /s/; plush/plus,McDonald's,y,first,np,,,,FB_1205
23,5d6dffae2bfd4ba95281209ae7a1e5d8f3773627b09269d5acd8b1a1d1ee6382,"Instead of ""have hungry"", she should be saying ""are hungry"". The answer is McDonalds.",what_popular_us_chain_provides_a_happy_meal_toy_or_plus_when_kids_have_hungry_targ_20_D.wav,target,both_err,have vs. be,/ʃ/ --> /s/; plush/plus,McDonald's,,,,,,,
23,5d6dffae2bfd4ba95281209ae7a1e5d8f3773627b09269d5acd8b1a1d1ee6382,I’m good — skip to the next question,what_popular_us_chain_provides_a_happy_meal_toy_or_plus_when_kids_have_hungry_targ_20_D.wav,target,both_err,have vs. be,/ʃ/ --> /s/; plush/plus,McDonald's,s,secsame,,,,,FB_1205
23,5d6dffae2bfd4ba95281209ae7a1e5d8f3773627b09269d5acd8b1a1d1ee6382,NA,what_popular_us_chain_provides_a_happy_meal_toy_or_plus_when_kids_have_hungry_targ_20_D.wav,target,both_err,have vs. be,/ʃ/ --> /s/; plush/plus,McDonald's,,,,,,,
23,5d6dffae2bfd4ba95281209ae7a1e5d8f3773627b09269d5acd8b1a1d1ee6382,"The question needs to be CORRECTED (Select this if you spot an error, even if you don’t know the answer).",because_is_important_to_honor_the_iris_saint_what_holiday_occurs_on_march_17th_targ_08_D.wav,target,both_err,expletive 'it' dropping,/ʃ/ --> /s/; Irish/iris,St. Patrick's Day,y,first,p,,,,FB_1205
23,5d6dffae2bfd4ba95281209ae7a1e5d8f3773627b09269d5acd8b1a1d1ee6382,"It sounds like the speaker is saying ""Iris"" when I believe they mean ""Irish"". The answer is Saint Patricks Day.",because_is_important_to_honor_the_iris_saint_what_holiday_occurs_on_march_17th_targ_08_D.wav,target,both_err,expletive 'it' dropping,/ʃ/ --> /s/; Irish/iris,St. Patrick's Day,,,,,,,
23,5d6dffae2bfd4ba95281209ae7a1e5d8f3773627b09269d5acd8b1a1d1ee6382,I’m good — skip to the next question,because_is_important_to_honor_the_iris_saint_what_holiday_occurs_on_march_17th_targ_08_D.wav,target,both_err,expletive 'it' dropping,/ʃ/ --> /s/; Irish/iris,St. Patrick's Day,s,secsame,,,,,FB_1205
23,5d6dffae2bfd4ba95281209ae7a1e5d8f3773627b09269d5acd8b1a1d1ee6382,NA,because_is_important_to_honor_the_iris_saint_what_holiday_occurs_on_march_17th_targ_08_D.wav,target,both_err,expletive 'it' dropping,/ʃ/ --> /s/; Irish/iris,St. Patrick's Day,,,,,,,
23,5d6dffae2bfd4ba95281209ae7a1e5d8f3773627b09269d5acd8b1a1d1ee6382,"The question does NOT need any corrections, but I don't know the answer/ I don't understand what the question is asking.",which_fast_food_chain_offers_foot-long_sandwiches_and_has_the_slogan_eat_fresh_fill_11.wav,filler_other,NA,NA,NA,Subway,nun,first,,,,,FB_1205
23,5d6dffae2bfd4ba95281209ae7a1e5d8f3773627b09269d5acd8b1a1d1ee6382,NA,which_fast_food_chain_offers_foot-long_sandwiches_and_has_the_slogan_eat_fresh_fill_11.wav,filler_other,NA,NA,NA,Subway,,,,,,,
23,5d6dffae2bfd4ba95281209ae7a1e5d8f3773627b09269d5acd8b1a1d1ee6382,The question does NOT need any corrections.,which_fast_food_chain_offers_foot-long_sandwiches_and_has_the_slogan_eat_fresh_fill_11.wav,filler_other,NA,NA,NA,Subway,nans,secdiff,,a,,,FB_1205
23,5d6dffae2bfd4ba95281209ae7a1e5d8f3773627b09269d5acd8b1a1d1ee6382,Subway,which_fast_food_chain_offers_foot-long_sandwiches_and_has_the_slogan_eat_fresh_fill_11.wav,filler_other,NA,NA,NA,Subway,,,,,,,
23,5d6dffae2bfd4ba95281209ae7a1e5d8f3773627b09269d5acd8b1a1d1ee6382,"The question needs to be CORRECTED (Select this if you spot an error, even if you don’t know the answer).",what_colors_can_have_on_a_traffic_light_which_often_senses_when_cars_pull_up_targ_11_C.wav,target,non_phon_err,have vs. be,/ʊ/ --> /u/; pulls/pools,green,y,first,np,,,,FB_1205
23,5d6dffae2bfd4ba95281209ae7a1e5d8f3773627b09269d5acd8b1a1d1ee6382,"Instead of ""can have"", change it to ""are"". The answer is red, yellow, or green.",what_colors_can_have_on_a_traffic_light_which_often_senses_when_cars_pull_up_targ_11_C.wav,target,non_phon_err,have vs. be,/ʊ/ --> /u/; pulls/pools,green,,,,,,,
23,5d6dffae2bfd4ba95281209ae7a1e5d8f3773627b09269d5acd8b1a1d1ee6382,I’m good — skip to the next question,what_colors_can_have_on_a_traffic_light_which_often_senses_when_cars_pull_up_targ_11_C.wav,target,non_phon_err,have vs. be,/ʊ/ --> /u/; pulls/pools,green,s,secsame,,,,,FB_1205
23,5d6dffae2bfd4ba95281209ae7a1e5d8f3773627b09269d5acd8b1a1d1ee6382,NA,what_colors_can_have_on_a_traffic_light_which_often_senses_when_cars_pull_up_targ_11_C.wav,target,non_phon_err,have vs. be,/ʊ/ --> /u/; pulls/pools,green,,,,,,,
24,634a84bbe993cac9c606b2cc30583050a8deda9ef7a4ecd5a40bb3b8a142ab64,"The question needs to be CORRECTED (Select this if you spot an error, even if you don’t know the answer).",what_is_the_largest_plant_in_the_solar_system_fill_31.wav,att_check_err,NA,NA,NA,Jupiter (planet),y,first,acheckp,,attention check passed (8/8 correct),,JB_1204
24,634a84bbe993cac9c606b2cc30583050a8deda9ef7a4ecd5a40bb3b8a142ab64,"Mispronunciation- replace ""plant"" with ""planet.""; Jupiter",what_is_the_largest_plant_in_the_solar_system_fill_31.wav,att_check_err,NA,NA,NA,Jupiter (planet),,,,,,,
24,634a84bbe993cac9c606b2cc30583050a8deda9ef7a4ecd5a40bb3b8a142ab64,I’m good — skip to the next question,what_is_the_largest_plant_in_the_solar_system_fill_31.wav,att_check_err,NA,NA,NA,Jupiter (planet),s,secsame,,,,,JB_1204
24,634a84bbe993cac9c606b2cc30583050a8deda9ef7a4ecd5a40bb3b8a142ab64,NA,what_is_the_largest_plant_in_the_solar_system_fill_31.wav,att_check_err,NA,NA,NA,Jupiter (planet),,,,,,,
24,634a84bbe993cac9c606b2cc30583050a8deda9ef7a4ecd5a40bb3b8a142ab64,"The question needs to be CORRECTED (Select this if you spot an error, even if you don’t know the answer).",what_day_of_the_week_comes_after_monday_fill_27.wav,att_check_good,NA,NA,NA,Tuesday,y,first,,a,,,JB_1204
24,634a84bbe993cac9c606b2cc30583050a8deda9ef7a4ecd5a40bb3b8a142ab64,Monday is mispronounced- it sounds like mound-day.; Tuesday,what_day_of_the_week_comes_after_monday_fill_27.wav,att_check_good,NA,NA,NA,Tuesday,,,,,,,
24,634a84bbe993cac9c606b2cc30583050a8deda9ef7a4ecd5a40bb3b8a142ab64,The question does NOT need any corrections.,what_day_of_the_week_comes_after_monday_fill_27.wav,att_check_good,NA,NA,NA,Tuesday,nans,secdiff,,,,,JB_1204
24,634a84bbe993cac9c606b2cc30583050a8deda9ef7a4ecd5a40bb3b8a142ab64,Tuesday,what_day_of_the_week_comes_after_monday_fill_27.wav,att_check_good,NA,NA,NA,Tuesday,,,,,,,
24,634a84bbe993cac9c606b2cc30583050a8deda9ef7a4ecd5a40bb3b8a142ab64,The question does NOT need any corrections.,how_many_legs_does_a_dog_normally_have_fill_25.wav,att_check_good,NA,NA,NA,four,nans,first,,a,,,JB_1204
24,634a84bbe993cac9c606b2cc30583050a8deda9ef7a4ecd5a40bb3b8a142ab64,Four,how_many_legs_does_a_dog_normally_have_fill_25.wav,att_check_good,NA,NA,NA,four,,,,,,,
24,634a84bbe993cac9c606b2cc30583050a8deda9ef7a4ecd5a40bb3b8a142ab64,I’m good — skip to the next question,how_many_legs_does_a_dog_normally_have_fill_25.wav,att_check_good,NA,NA,NA,four,s,secsame,,,,,JB_1204
24,634a84bbe993cac9c606b2cc30583050a8deda9ef7a4ecd5a40bb3b8a142ab64,NA,how_many_legs_does_a_dog_normally_have_fill_25.wav,att_check_good,NA,NA,NA,four,,,,,,,
24,634a84bbe993cac9c606b2cc30583050a8deda9ef7a4ecd5a40bb3b8a142ab64,"The question needs to be CORRECTED (Select this if you spot an error, even if you don’t know the answer).",in_the_cycle_of_seasons_what_season_comes_after_dinter_fill_29.wav,att_check_err,NA,NA,NA,"Spring (Winter, sound sub that's not related)",y,first,acheckp,,,,JB_1204
24,634a84bbe993cac9c606b2cc30583050a8deda9ef7a4ecd5a40bb3b8a142ab64,"Replace ""dinter"" with ""winter.""; spring",in_the_cycle_of_seasons_what_season_comes_after_dinter_fill_29.wav,att_check_err,NA,NA,NA,"Spring (Winter, sound sub that's not related)",,,,,,,
24,634a84bbe993cac9c606b2cc30583050a8deda9ef7a4ecd5a40bb3b8a142ab64,I’m good — skip to the next question,in_the_cycle_of_seasons_what_season_comes_after_dinter_fill_29.wav,att_check_err,NA,NA,NA,"Spring (Winter, sound sub that's not related)",s,secsame,,,,,JB_1204
24,634a84bbe993cac9c606b2cc30583050a8deda9ef7a4ecd5a40bb3b8a142ab64,NA,in_the_cycle_of_seasons_what_season_comes_after_dinter_fill_29.wav,att_check_err,NA,NA,NA,"Spring (Winter, sound sub that's not related)",,,,,,,
24,634a84bbe993cac9c606b2cc30583050a8deda9ef7a4ecd5a40bb3b8a142ab64,"The question needs to be CORRECTED (Select this if you spot an error, even if you don’t know the answer).",how_many_embers_were_in_the_beatles_the_british_rock_band_fill_32.wav,att_check_err,NA,NA,NA,four (members),y,first,acheckp,,,,JB_1204
24,634a84bbe993cac9c606b2cc30583050a8deda9ef7a4ecd5a40bb3b8a142ab64,"Replace ""ambers"" with ""members.; The Beatles",how_many_embers_were_in_the_beatles_the_british_rock_band_fill_32.wav,att_check_err,NA,NA,NA,four (members),,,,,,,
24,634a84bbe993cac9c606b2cc30583050a8deda9ef7a4ecd5a40bb3b8a142ab64,"The question needs to be CORRECTED (Select this if you spot an error, even if you don’t know the answer).",how_many_embers_were_in_the_beatles_the_british_rock_band_fill_32.wav,att_check_err,NA,NA,NA,four (members),y,secsame,,,,,JB_1204
24,634a84bbe993cac9c606b2cc30583050a8deda9ef7a4ecd5a40bb3b8a142ab64,"Replace ""ambers"" with ""members.""; Four",how_many_embers_were_in_the_beatles_the_british_rock_band_fill_32.wav,att_check_err,NA,NA,NA,four (members),,,,,,,
24,634a84bbe993cac9c606b2cc30583050a8deda9ef7a4ecd5a40bb3b8a142ab64,The question does NOT need any corrections.,what_insect_undergoes_a_process_of_change_to_turn_into_a_butterfy_fill_30.wav,att_check_err,NA,NA,NA,caterpillar (butterfly),nans,first,,,,,JB_1204
24,634a84bbe993cac9c606b2cc30583050a8deda9ef7a4ecd5a40bb3b8a142ab64,caterpillar,what_insect_undergoes_a_process_of_change_to_turn_into_a_butterfy_fill_30.wav,att_check_err,NA,NA,NA,caterpillar (butterfly),,,,,,,
24,634a84bbe993cac9c606b2cc30583050a8deda9ef7a4ecd5a40bb3b8a142ab64,"The question needs to be CORRECTED (Select this if you spot an error, even if you don’t know the answer).",what_insect_undergoes_a_process_of_change_to_turn_into_a_butterfy_fill_30.wav,att_check_err,NA,NA,NA,caterpillar (butterfly),y,secdiff,acheckp,,,,JB_1204
24,634a84bbe993cac9c606b2cc30583050a8deda9ef7a4ecd5a40bb3b8a142ab64,"""butterfy"" should be pronounced ""butterfly.""; caterpillar",what_insect_undergoes_a_process_of_change_to_turn_into_a_butterfy_fill_30.wav,att_check_err,NA,NA,NA,caterpillar (butterfly),,,,a,,,
24,634a84bbe993cac9c606b2cc30583050a8deda9ef7a4ecd5a40bb3b8a142ab64,The question does NOT need any corrections.,what_color_is_a_typical_school_bus_fill_28.wav,att_check_good,NA,NA,NA,yellow,nans,first,,,,,JB_1204
24,634a84bbe993cac9c606b2cc30583050a8deda9ef7a4ecd5a40bb3b8a142ab64,yellow,what_color_is_a_typical_school_bus_fill_28.wav,att_check_good,NA,NA,NA,yellow,,,,,,,
24,634a84bbe993cac9c606b2cc30583050a8deda9ef7a4ecd5a40bb3b8a142ab64,I’m good — skip to the next question,what_color_is_a_typical_school_bus_fill_28.wav,att_check_good,NA,NA,NA,yellow,s,secsame,,,,,JB_1204
24,634a84bbe993cac9c606b2cc30583050a8deda9ef7a4ecd5a40bb3b8a142ab64,NA,what_color_is_a_typical_school_bus_fill_28.wav,att_check_good,NA,NA,NA,yellow,,,,,,,
24,634a84bbe993cac9c606b2cc30583050a8deda9ef7a4ecd5a40bb3b8a142ab64,The question does NOT need any corrections.,what_state_is_los_angeles_located_in_fill_26.wav,att_check_good,NA,NA,NA,California,nans,first,,a,,,JB_1204
24,634a84bbe993cac9c606b2cc30583050a8deda9ef7a4ecd5a40bb3b8a142ab64,california,what_state_is_los_angeles_located_in_fill_26.wav,att_check_good,NA,NA,NA,California,,,,,,,
24,634a84bbe993cac9c606b2cc30583050a8deda9ef7a4ecd5a40bb3b8a142ab64,The question does NOT need any corrections.,what_state_is_los_angeles_located_in_fill_26.wav,att_check_good,NA,NA,NA,California,nans,secsame,,,,,JB_1204
24,634a84bbe993cac9c606b2cc30583050a8deda9ef7a4ecd5a40bb3b8a142ab64,California,what_state_is_los_angeles_located_in_fill_26.wav,att_check_good,NA,NA,NA,California,,,,,,,
24,634a84bbe993cac9c606b2cc30583050a8deda9ef7a4ecd5a40bb3b8a142ab64,"The question needs to be CORRECTED (Select this if you spot an error, even if you don’t know the answer).",when_you_have_hot_what_device_measures_body_temperature_in_both_celsius_and_fahrenheit_targ_18_C.wav,target,non_phon_err,have vs. be,/θ/ --> /t/; both/boat,thermometer,y,first,np,,,,FB_1206
24,634a84bbe993cac9c606b2cc30583050a8deda9ef7a4ecd5a40bb3b8a142ab64,"""when you have hot"" is grammatically incorrect.",when_you_have_hot_what_device_measures_body_temperature_in_both_celsius_and_fahrenheit_targ_18_C.wav,target,non_phon_err,have vs. be,/θ/ --> /t/; both/boat,thermometer,,,,,,,
24,634a84bbe993cac9c606b2cc30583050a8deda9ef7a4ecd5a40bb3b8a142ab64,"The question needs to be CORRECTED (Select this if you spot an error, even if you don’t know the answer).",when_you_have_hot_what_device_measures_body_temperature_in_both_celsius_and_fahrenheit_targ_18_C.wav,target,non_phon_err,have vs. be,/θ/ --> /t/; both/boat,thermometer,y,secsame,,,,,FB_1206
24,634a84bbe993cac9c606b2cc30583050a8deda9ef7a4ecd5a40bb3b8a142ab64,"replace ""have"" with ""are"" in the first clause.; thermometer",when_you_have_hot_what_device_measures_body_temperature_in_both_celsius_and_fahrenheit_targ_18_C.wav,target,non_phon_err,have vs. be,/θ/ --> /t/; both/boat,thermometer,,,,,,,
24,634a84bbe993cac9c606b2cc30583050a8deda9ef7a4ecd5a40bb3b8a142ab64,"The question needs to be CORRECTED (Select this if you spot an error, even if you don’t know the answer).",how_many_legs_does_a_garden_spider_canadian_whose_silk_can_make_cloth_have_targ_06_C.wav,target,non_phon_err,adj/noun order,/θ/ --> /t/; cloth/clot,eight,y,first,np?,,,,FB_1206
24,634a84bbe993cac9c606b2cc30583050a8deda9ef7a4ecd5a40bb3b8a142ab64,The question is kind of incohesive.; Eight,how_many_legs_does_a_garden_spider_canadian_whose_silk_can_make_cloth_have_targ_06_C.wav,target,non_phon_err,adj/noun order,/θ/ --> /t/; cloth/clot,eight,,,,,,,
24,634a84bbe993cac9c606b2cc30583050a8deda9ef7a4ecd5a40bb3b8a142ab64,"The question needs to be CORRECTED (Select this if you spot an error, even if you don’t know the answer).",how_many_legs_does_a_garden_spider_canadian_whose_silk_can_make_cloth_have_targ_06_C.wav,target,non_phon_err,adj/noun order,/θ/ --> /t/; cloth/clot,eight,y,secdiff,np,,,,FB_1206
24,634a84bbe993cac9c606b2cc30583050a8deda9ef7a4ecd5a40bb3b8a142ab64,"""Canadian"" should be removed from this sentence; Eight",how_many_legs_does_a_garden_spider_canadian_whose_silk_can_make_cloth_have_targ_06_C.wav,target,non_phon_err,adj/noun order,/θ/ --> /t/; cloth/clot,eight,,,,,,,
24,634a84bbe993cac9c606b2cc30583050a8deda9ef7a4ecd5a40bb3b8a142ab64,"The question needs to be CORRECTED (Select this if you spot an error, even if you don’t know the answer).",how_many_days_wooed_wooled_my_tandem_bike_be_gone_if_someone_borrows_it_for_july_targ_17_B.wav,target,phon_err,adj/noun order,/ʊ/ --> /u/; would/wooed,thirty-one days,y,first,otherp,,,,FB_1206
24,634a84bbe993cac9c606b2cc30583050a8deda9ef7a4ecd5a40bb3b8a142ab64,Tandem bike sounds weird but I'm not sure; NA,how_many_days_wooed_wooled_my_tandem_bike_be_gone_if_someone_borrows_it_for_july_targ_17_B.wav,target,phon_err,adj/noun order,/ʊ/ --> /u/; would/wooed,thirty-one days,,,,,,,
24,634a84bbe993cac9c606b2cc30583050a8deda9ef7a4ecd5a40bb3b8a142ab64,"The question needs to be CORRECTED (Select this if you spot an error, even if you don’t know the answer).",how_many_days_wooed_wooled_my_tandem_bike_be_gone_if_someone_borrows_it_for_july_targ_17_B.wav,target,phon_err,adj/noun order,/ʊ/ --> /u/; would/wooed,thirty-one days,y,secsame,,,,,FB_1206
24,634a84bbe993cac9c606b2cc30583050a8deda9ef7a4ecd5a40bb3b8a142ab64,"""Tamdem"" should be pronounced ""tandem.""; NA",how_many_days_wooed_wooled_my_tandem_bike_be_gone_if_someone_borrows_it_for_july_targ_17_B.wav,target,phon_err,adj/noun order,/ʊ/ --> /u/; would/wooed,thirty-one days,,,,,,,
24,634a84bbe993cac9c606b2cc30583050a8deda9ef7a4ecd5a40bb3b8a142ab64,The question does NOT need any corrections.,what_is_the_name_of_the_comic_strip_featuring_charlie_brown_and_his_dog_snoopy_fill_06.wav,filler_other,NA,NA,NA,Peanuts,nans,first,,twice,,,FB_1206
24,634a84bbe993cac9c606b2cc30583050a8deda9ef7a4ecd5a40bb3b8a142ab64,Peanuts,what_is_the_name_of_the_comic_strip_featuring_charlie_brown_and_his_dog_snoopy_fill_06.wav,filler_other,NA,NA,NA,Peanuts,,,,,,,
24,634a84bbe993cac9c606b2cc30583050a8deda9ef7a4ecd5a40bb3b8a142ab64,The question does NOT need any corrections.,what_is_the_name_of_the_comic_strip_featuring_charlie_brown_and_his_dog_snoopy_fill_06.wav,filler_other,NA,NA,NA,Peanuts,nans,secsame,,a,,,FB_1206
24,634a84bbe993cac9c606b2cc30583050a8deda9ef7a4ecd5a40bb3b8a142ab64,Peanuts,what_is_the_name_of_the_comic_strip_featuring_charlie_brown_and_his_dog_snoopy_fill_06.wav,filler_other,NA,NA,NA,Peanuts,,,,,,,
24,634a84bbe993cac9c606b2cc30583050a8deda9ef7a4ecd5a40bb3b8a142ab64,"The question needs to be CORRECTED (Select this if you spot an error, even if you don’t know the answer).",what_supplies_do_you_need_to_neat_a_scarf_targ_13_B.wav,target,phon_err,no aux verbs in questions (lack of do support),/ɪ/ --> /i/; knit/neat,needles and yarn,y,first,p,,,,FB_1206
24,634a84bbe993cac9c606b2cc30583050a8deda9ef7a4ecd5a40bb3b8a142ab64,"""knit"" sounds like ""need."" Knit should be pronounced with a short I.; needles and yarn",what_supplies_do_you_need_to_neat_a_scarf_targ_13_B.wav,target,phon_err,no aux verbs in questions (lack of do support),/ɪ/ --> /i/; knit/neat,needles and yarn,,,,,,,
24,634a84bbe993cac9c606b2cc30583050a8deda9ef7a4ecd5a40bb3b8a142ab64,"The question needs to be CORRECTED (Select this if you spot an error, even if you don’t know the answer).",what_supplies_do_you_need_to_neat_a_scarf_targ_13_B.wav,target,phon_err,no aux verbs in questions (lack of do support),/ɪ/ --> /i/; knit/neat,needles and yarn,y,secsame,,,,,FB_1206
24,634a84bbe993cac9c606b2cc30583050a8deda9ef7a4ecd5a40bb3b8a142ab64,"""Knit"" should be pronounced with a short I. It is too hard to understand the difference between ""knit"" and ""need"" in this question; needles and yarn",what_supplies_do_you_need_to_neat_a_scarf_targ_13_B.wav,target,phon_err,no aux verbs in questions (lack of do support),/ɪ/ --> /i/; knit/neat,needles and yarn,,,,,,,
24,634a84bbe993cac9c606b2cc30583050a8deda9ef7a4ecd5a40bb3b8a142ab64,The question does NOT need any corrections.,because_it_is_important_to_honor_the_irish_saint_what_holiday_occurs_on_march_17th_targ_08_A.wav,target,correct,expletive 'it' dropping,/ʃ/ --> /s/; Irish/iris,St. Patrick's Day,nans,first,,a,,,FB_1206
24,634a84bbe993cac9c606b2cc30583050a8deda9ef7a4ecd5a40bb3b8a142ab64,St. Patrick's day,because_it_is_important_to_honor_the_irish_saint_what_holiday_occurs_on_march_17th_targ_08_A.wav,target,correct,expletive 'it' dropping,/ʃ/ --> /s/; Irish/iris,St. Patrick's Day,,,,,,,
24,634a84bbe993cac9c606b2cc30583050a8deda9ef7a4ecd5a40bb3b8a142ab64,I’m good — skip to the next question,because_it_is_important_to_honor_the_irish_saint_what_holiday_occurs_on_march_17th_targ_08_A.wav,target,correct,expletive 'it' dropping,/ʃ/ --> /s/; Irish/iris,St. Patrick's Day,s,secsame,,,,,FB_1206
24,634a84bbe993cac9c606b2cc30583050a8deda9ef7a4ecd5a40bb3b8a142ab64,NA,because_it_is_important_to_honor_the_irish_saint_what_holiday_occurs_on_march_17th_targ_08_A.wav,target,correct,expletive 'it' dropping,/ʃ/ --> /s/; Irish/iris,St. Patrick's Day,,,,,,,
24,634a84bbe993cac9c606b2cc30583050a8deda9ef7a4ecd5a40bb3b8a142ab64,"The question needs to be CORRECTED (Select this if you spot an error, even if you don’t know the answer).",which_cartoon_character_works_at_the_krusty_krab_and_is_best_friends_with_patrick_star_fill_04.wav,filler_other,NA,NA,NA,Spongebob,y,first,otherfill,,,,FB_1206
24,634a84bbe993cac9c606b2cc30583050a8deda9ef7a4ecd5a40bb3b8a142ab64,"Replace ""carton"" with ""cartoon""; Spongebob Squarepants",which_cartoon_character_works_at_the_krusty_krab_and_is_best_friends_with_patrick_star_fill_04.wav,filler_other,NA,NA,NA,Spongebob,,,,,,,
24,634a84bbe993cac9c606b2cc30583050a8deda9ef7a4ecd5a40bb3b8a142ab64,I’m good — skip to the next question,which_cartoon_character_works_at_the_krusty_krab_and_is_best_friends_with_patrick_star_fill_04.wav,filler_other,NA,NA,NA,Spongebob,s,secsame,,,,,FB_1206
24,634a84bbe993cac9c606b2cc30583050a8deda9ef7a4ecd5a40bb3b8a142ab64,NA,which_cartoon_character_works_at_the_krusty_krab_and_is_best_friends_with_patrick_star_fill_04.wav,filler_other,NA,NA,NA,Spongebob,,,,,,,
24,634a84bbe993cac9c606b2cc30583050a8deda9ef7a4ecd5a40bb3b8a142ab64,The question does NOT need any corrections.,if_i_consider_leaving_work_after_the_fourth_hour_how_many_minutes_would_that_be_targ_24_A.wav,target,correct,infinitive vs. participle,/θ/ --> /t/; fourth/fort,two hundred and forty,nans,first,,,meant to select second answer option - coded 2nd attempt as secsame because they didn't change their mind,,FB_1206
24,634a84bbe993cac9c606b2cc30583050a8deda9ef7a4ecd5a40bb3b8a142ab64,Should have selected second option,if_i_consider_leaving_work_after_the_fourth_hour_how_many_minutes_would_that_be_targ_24_A.wav,target,correct,infinitive vs. participle,/θ/ --> /t/; fourth/fort,two hundred and forty,,,,,,,
24,634a84bbe993cac9c606b2cc30583050a8deda9ef7a4ecd5a40bb3b8a142ab64,"The question does NOT need any corrections, but I don't know the answer/ I don't understand what the question is asking.",if_i_consider_leaving_work_after_the_fourth_hour_how_many_minutes_would_that_be_targ_24_A.wav,target,correct,infinitive vs. participle,/θ/ --> /t/; fourth/fort,two hundred and forty,nun,secsame,,,,,FB_1206
24,634a84bbe993cac9c606b2cc30583050a8deda9ef7a4ecd5a40bb3b8a142ab64,NA,if_i_consider_leaving_work_after_the_fourth_hour_how_many_minutes_would_that_be_targ_24_A.wav,target,correct,infinitive vs. participle,/θ/ --> /t/; fourth/fort,two hundred and forty,,,,,,,
24,634a84bbe993cac9c606b2cc30583050a8deda9ef7a4ecd5a40bb3b8a142ab64,The question does NOT need any corrections.,where_do_people_get_drivers_licenses_since_it_is_required_as_valid_id_to_drive_targ_16_A.wav,target,correct,expletive 'it' dropping,/v/ --> /b/; valid/ballad,DMV,nans,first,,twice,,,FB_1206
24,634a84bbe993cac9c606b2cc30583050a8deda9ef7a4ecd5a40bb3b8a142ab64,The DMV,where_do_people_get_drivers_licenses_since_it_is_required_as_valid_id_to_drive_targ_16_A.wav,target,correct,expletive 'it' dropping,/v/ --> /b/; valid/ballad,DMV,,,,,,,
24,634a84bbe993cac9c606b2cc30583050a8deda9ef7a4ecd5a40bb3b8a142ab64,The question does NOT need any corrections.,where_do_people_get_drivers_licenses_since_it_is_required_as_valid_id_to_drive_targ_16_A.wav,target,correct,expletive 'it' dropping,/v/ --> /b/; valid/ballad,DMV,nans,secsame,,a,,,FB_1206
24,634a84bbe993cac9c606b2cc30583050a8deda9ef7a4ecd5a40bb3b8a142ab64,The DMV,where_do_people_get_drivers_licenses_since_it_is_required_as_valid_id_to_drive_targ_16_A.wav,target,correct,expletive 'it' dropping,/v/ --> /b/; valid/ballad,DMV,,,,,,,
24,634a84bbe993cac9c606b2cc30583050a8deda9ef7a4ecd5a40bb3b8a142ab64,The question does NOT need any corrections.,which_soft_pastry_made_with_a_certain_spice_is_often_spiral-shaped_and_topped_with_icing_fill_16.wav,filler_other,NA,NA,NA,cinnamon roll,nans,first,,a,,,FB_1206
24,634a84bbe993cac9c606b2cc30583050a8deda9ef7a4ecd5a40bb3b8a142ab64,Cinnamon roll,which_soft_pastry_made_with_a_certain_spice_is_often_spiral-shaped_and_topped_with_icing_fill_16.wav,filler_other,NA,NA,NA,cinnamon roll,,,,,,,
24,634a84bbe993cac9c606b2cc30583050a8deda9ef7a4ecd5a40bb3b8a142ab64,I’m good — skip to the next question,which_soft_pastry_made_with_a_certain_spice_is_often_spiral-shaped_and_topped_with_icing_fill_16.wav,filler_other,NA,NA,NA,cinnamon roll,s,secsame,,,,,FB_1206
24,634a84bbe993cac9c606b2cc30583050a8deda9ef7a4ecd5a40bb3b8a142ab64,NA,which_soft_pastry_made_with_a_certain_spice_is_often_spiral-shaped_and_topped_with_icing_fill_16.wav,filler_other,NA,NA,NA,cinnamon roll,,,,,,,
24,634a84bbe993cac9c606b2cc30583050a8deda9ef7a4ecd5a40bb3b8a142ab64,The question does NOT need any corrections.,which_cartoon_dog_solves_mysteries_with_the_group_fred_daphne_velma_and_shaggy_fill_10.wav,filler_other,NA,NA,NA,Scooby-Doo,nans,first,,a,,,FB_1206
24,634a84bbe993cac9c606b2cc30583050a8deda9ef7a4ecd5a40bb3b8a142ab64,Scooby Doo,which_cartoon_dog_solves_mysteries_with_the_group_fred_daphne_velma_and_shaggy_fill_10.wav,filler_other,NA,NA,NA,Scooby-Doo,,,,,,,
24,634a84bbe993cac9c606b2cc30583050a8deda9ef7a4ecd5a40bb3b8a142ab64,I’m good — skip to the next question,which_cartoon_dog_solves_mysteries_with_the_group_fred_daphne_velma_and_shaggy_fill_10.wav,filler_other,NA,NA,NA,Scooby-Doo,s,secsame,,,,,FB_1206
24,634a84bbe993cac9c606b2cc30583050a8deda9ef7a4ecd5a40bb3b8a142ab64,NA,which_cartoon_dog_solves_mysteries_with_the_group_fred_daphne_velma_and_shaggy_fill_10.wav,filler_other,NA,NA,NA,Scooby-Doo,,,,,,,
24,634a84bbe993cac9c606b2cc30583050a8deda9ef7a4ecd5a40bb3b8a142ab64,"The question needs to be CORRECTED (Select this if you spot an error, even if you don’t know the answer).",what_colors_make_up_a_traditional_candy_gain_which_people_enjoy_to_eat_during_christmas_targ_15_D.wav,target,both_err,infinitive vs. participle,/k/ --> /g/; cane/gain,red and white,y,first,p,,,,FB_1206
24,634a84bbe993cac9c606b2cc30583050a8deda9ef7a4ecd5a40bb3b8a142ab64,"Replace ""candy gain"" with ""candy cain.""; red and white",what_colors_make_up_a_traditional_candy_gain_which_people_enjoy_to_eat_during_christmas_targ_15_D.wav,target,both_err,infinitive vs. participle,/k/ --> /g/; cane/gain,red and white,,,,,,,
24,634a84bbe993cac9c606b2cc30583050a8deda9ef7a4ecd5a40bb3b8a142ab64,"The question needs to be CORRECTED (Select this if you spot an error, even if you don’t know the answer).",what_colors_make_up_a_traditional_candy_gain_which_people_enjoy_to_eat_during_christmas_targ_15_D.wav,target,both_err,infinitive vs. participle,/k/ --> /g/; cane/gain,red and white,y,secdiff,both,,,,FB_1206
24,634a84bbe993cac9c606b2cc30583050a8deda9ef7a4ecd5a40bb3b8a142ab64,"Replace ""candy gain"" with ""candy cane.""- reword ""which people enjoy to eat"" as ""which people enjoy eating.""; red and white",what_colors_make_up_a_traditional_candy_gain_which_people_enjoy_to_eat_during_christmas_targ_15_D.wav,target,both_err,infinitive vs. participle,/k/ --> /g/; cane/gain,red and white,,,,,,,
24,634a84bbe993cac9c606b2cc30583050a8deda9ef7a4ecd5a40bb3b8a142ab64,"The question needs to be CORRECTED (Select this if you spot an error, even if you don’t know the answer).",which_season_do_we_associate_with_thanksgiving_the_beginning_of_school_and_leaves_turning_brown_fill_19.wav,filler_other,NA,NA,NA,Fall,y,first,otherfill,,,,FB_1206
24,634a84bbe993cac9c606b2cc30583050a8deda9ef7a4ecd5a40bb3b8a142ab64,"Pronunciation of ""season"" is difficult to understand; fall",which_season_do_we_associate_with_thanksgiving_the_beginning_of_school_and_leaves_turning_brown_fill_19.wav,filler_other,NA,NA,NA,Fall,,,,,,,
24,634a84bbe993cac9c606b2cc30583050a8deda9ef7a4ecd5a40bb3b8a142ab64,"The question needs to be CORRECTED (Select this if you spot an error, even if you don’t know the answer).",which_season_do_we_associate_with_thanksgiving_the_beginning_of_school_and_leaves_turning_brown_fill_19.wav,filler_other,NA,NA,NA,Fall,y,secsame,,,,,FB_1206
24,634a84bbe993cac9c606b2cc30583050a8deda9ef7a4ecd5a40bb3b8a142ab64,"Enunciate the word ""season,"" it is too hard to understand; fall",which_season_do_we_associate_with_thanksgiving_the_beginning_of_school_and_leaves_turning_brown_fill_19.wav,filler_other,NA,NA,NA,Fall,,,,,,,
24,634a84bbe993cac9c606b2cc30583050a8deda9ef7a4ecd5a40bb3b8a142ab64,The question does NOT need any corrections.,what_kind_of_animal_is_mickey_mouse’s_girlfriend_minnie_who_wears_a_bow_fill_09.wav,filler_other,NA,NA,NA,mouse,nans,first,,a,,,FB_1206
24,634a84bbe993cac9c606b2cc30583050a8deda9ef7a4ecd5a40bb3b8a142ab64,Mouse,what_kind_of_animal_is_mickey_mouse’s_girlfriend_minnie_who_wears_a_bow_fill_09.wav,filler_other,NA,NA,NA,mouse,,,,,,,
24,634a84bbe993cac9c606b2cc30583050a8deda9ef7a4ecd5a40bb3b8a142ab64,I’m good — skip to the next question,what_kind_of_animal_is_mickey_mouse’s_girlfriend_minnie_who_wears_a_bow_fill_09.wav,filler_other,NA,NA,NA,mouse,s,secsame,,,,,FB_1206
24,634a84bbe993cac9c606b2cc30583050a8deda9ef7a4ecd5a40bb3b8a142ab64,NA,what_kind_of_animal_is_mickey_mouse’s_girlfriend_minnie_who_wears_a_bow_fill_09.wav,filler_other,NA,NA,NA,mouse,,,,,,,
24,634a84bbe993cac9c606b2cc30583050a8deda9ef7a4ecd5a40bb3b8a142ab64,"The question needs to be CORRECTED (Select this if you spot an error, even if you don’t know the answer).",what_term_refers_to_armored_men_who_enjoyed_to_carry_medieval_swords_that_clash_in_combat_targ_02_C.wav,target,non_phon_err,infinitive vs. participle,/ʃ/ --> /s/; clash/class,knights,y,first,np,,,,FB_1206
24,634a84bbe993cac9c606b2cc30583050a8deda9ef7a4ecd5a40bb3b8a142ab64,"replace with ""who enjoy carrying swords""; soldiers",what_term_refers_to_armored_men_who_enjoyed_to_carry_medieval_swords_that_clash_in_combat_targ_02_C.wav,target,non_phon_err,infinitive vs. participle,/ʃ/ --> /s/; clash/class,knights,,,,,,,
24,634a84bbe993cac9c606b2cc30583050a8deda9ef7a4ecd5a40bb3b8a142ab64,"The question needs to be CORRECTED (Select this if you spot an error, even if you don’t know the answer).",what_term_refers_to_armored_men_who_enjoyed_to_carry_medieval_swords_that_clash_in_combat_targ_02_C.wav,target,non_phon_err,infinitive vs. participle,/ʃ/ --> /s/; clash/class,knights,y,secdiff,np,,also otherp,,FB_1206
24,634a84bbe993cac9c606b2cc30583050a8deda9ef7a4ecd5a40bb3b8a142ab64,"Remove ""to"" after ""enjoy."" replace ""medical"" with ""midieval.""; knight",what_term_refers_to_armored_men_who_enjoyed_to_carry_medieval_swords_that_clash_in_combat_targ_02_C.wav,target,non_phon_err,infinitive vs. participle,/ʃ/ --> /s/; clash/class,knights,,,,,,,
24,634a84bbe993cac9c606b2cc30583050a8deda9ef7a4ecd5a40bb3b8a142ab64,"The question does NOT need any corrections, but I don't know the answer/ I don't understand what the question is asking.",for_what_pink_ice_cream_flavor_wheel_companies_do_their_best_to_use_real_fruit_targ_01_B.wav,target,phon_err,make vs. other verb,/ɪ/ --> /i/; will/wheel,strawberry,nun,first,,,,,FB_1206
24,634a84bbe993cac9c606b2cc30583050a8deda9ef7a4ecd5a40bb3b8a142ab64,NA,for_what_pink_ice_cream_flavor_wheel_companies_do_their_best_to_use_real_fruit_targ_01_B.wav,target,phon_err,make vs. other verb,/ɪ/ --> /i/; will/wheel,strawberry,,,,,,,
24,634a84bbe993cac9c606b2cc30583050a8deda9ef7a4ecd5a40bb3b8a142ab64,"The question does NOT need any corrections, but I don't know the answer/ I don't understand what the question is asking.",for_what_pink_ice_cream_flavor_wheel_companies_do_their_best_to_use_real_fruit_targ_01_B.wav,target,phon_err,make vs. other verb,/ɪ/ --> /i/; will/wheel,strawberry,nun,secsame,,,,,FB_1206
24,634a84bbe993cac9c606b2cc30583050a8deda9ef7a4ecd5a40bb3b8a142ab64,NA,for_what_pink_ice_cream_flavor_wheel_companies_do_their_best_to_use_real_fruit_targ_01_B.wav,target,phon_err,make vs. other verb,/ɪ/ --> /i/; will/wheel,strawberry,,,,,,,
24,634a84bbe993cac9c606b2cc30583050a8deda9ef7a4ecd5a40bb3b8a142ab64,The question does NOT need any corrections.,what_mythical_creatures_have_been_said_to_drink_blood_turn_into_bats_and_hate_onions_fill_14.wav,filler_other,NA,NA,NA,vampires,nans,first,,a,,,FB_1206
24,634a84bbe993cac9c606b2cc30583050a8deda9ef7a4ecd5a40bb3b8a142ab64,VAMPIRE,what_mythical_creatures_have_been_said_to_drink_blood_turn_into_bats_and_hate_onions_fill_14.wav,filler_other,NA,NA,NA,vampires,,,,,,,
24,634a84bbe993cac9c606b2cc30583050a8deda9ef7a4ecd5a40bb3b8a142ab64,I’m good — skip to the next question,what_mythical_creatures_have_been_said_to_drink_blood_turn_into_bats_and_hate_onions_fill_14.wav,filler_other,NA,NA,NA,vampires,s,secsame,,,,,FB_1206
24,634a84bbe993cac9c606b2cc30583050a8deda9ef7a4ecd5a40bb3b8a142ab64,NA,what_mythical_creatures_have_been_said_to_drink_blood_turn_into_bats_and_hate_onions_fill_14.wav,filler_other,NA,NA,NA,vampires,,,,,,,
24,634a84bbe993cac9c606b2cc30583050a8deda9ef7a4ecd5a40bb3b8a142ab64,The question does NOT need any corrections.,what_letter_in_the_latin_alphabet_corresponds_to_the_greek_letter_alpha_fill_01.wav,filler_other,NA,NA,NA,a,nans,first,,a,,,FB_1206
24,634a84bbe993cac9c606b2cc30583050a8deda9ef7a4ecd5a40bb3b8a142ab64,A,what_letter_in_the_latin_alphabet_corresponds_to_the_greek_letter_alpha_fill_01.wav,filler_other,NA,NA,NA,a,,,,,,,
24,634a84bbe993cac9c606b2cc30583050a8deda9ef7a4ecd5a40bb3b8a142ab64,I’m good — skip to the next question,what_letter_in_the_latin_alphabet_corresponds_to_the_greek_letter_alpha_fill_01.wav,filler_other,NA,NA,NA,a,s,secsame,,,,,FB_1206
24,634a84bbe993cac9c606b2cc30583050a8deda9ef7a4ecd5a40bb3b8a142ab64,NA,what_letter_in_the_latin_alphabet_corresponds_to_the_greek_letter_alpha_fill_01.wav,filler_other,NA,NA,NA,a,,,,,,,
24,634a84bbe993cac9c606b2cc30583050a8deda9ef7a4ecd5a40bb3b8a142ab64,The question does NOT need any corrections.,what_big_star_in_our_solar_system_can_steal_be_visible_when_is_cloudy_targ_19_D.wav,target,both_err,expletive 'it' dropping,/ɪ/ --> /i/; still/steal,the Sun,nans,first,,a,,,FB_1206
24,634a84bbe993cac9c606b2cc30583050a8deda9ef7a4ecd5a40bb3b8a142ab64,the sun,what_big_star_in_our_solar_system_can_steal_be_visible_when_is_cloudy_targ_19_D.wav,target,both_err,expletive 'it' dropping,/ɪ/ --> /i/; still/steal,the Sun,,,,,,,
24,634a84bbe993cac9c606b2cc30583050a8deda9ef7a4ecd5a40bb3b8a142ab64,I’m good — skip to the next question,what_big_star_in_our_solar_system_can_steal_be_visible_when_is_cloudy_targ_19_D.wav,target,both_err,expletive 'it' dropping,/ɪ/ --> /i/; still/steal,the Sun,s,secsame,,,,,FB_1206
24,634a84bbe993cac9c606b2cc30583050a8deda9ef7a4ecd5a40bb3b8a142ab64,NA,what_big_star_in_our_solar_system_can_steal_be_visible_when_is_cloudy_targ_19_D.wav,target,both_err,expletive 'it' dropping,/ɪ/ --> /i/; still/steal,the Sun,,,,,,,
24,634a84bbe993cac9c606b2cc30583050a8deda9ef7a4ecd5a40bb3b8a142ab64,"The question needs to be CORRECTED (Select this if you spot an error, even if you don’t know the answer).",which_british_celebrity_judge_often_harshly_critiqued_contestants_on_the_nationwide_singing_contest_american_idol_fill_03.wav,filler_other,NA,NA,NA,Simon Cowell,y,first,otherfill,,,,FB_1206
24,634a84bbe993cac9c606b2cc30583050a8deda9ef7a4ecd5a40bb3b8a142ab64,"Enunciate ""critiqued,"" it sounds like ""critic-ed.""; Simon Cowell",which_british_celebrity_judge_often_harshly_critiqued_contestants_on_the_nationwide_singing_contest_american_idol_fill_03.wav,filler_other,NA,NA,NA,Simon Cowell,,,,,,,
24,634a84bbe993cac9c606b2cc30583050a8deda9ef7a4ecd5a40bb3b8a142ab64,"The question needs to be CORRECTED (Select this if you spot an error, even if you don’t know the answer).",which_british_celebrity_judge_often_harshly_critiqued_contestants_on_the_nationwide_singing_contest_american_idol_fill_03.wav,filler_other,NA,NA,NA,Simon Cowell,y,secsame,,,,,FB_1206
24,634a84bbe993cac9c606b2cc30583050a8deda9ef7a4ecd5a40bb3b8a142ab64,"Enunciate ""critiqued,"" it sounds like ""critic-ed.""; Simon Cowell",which_british_celebrity_judge_often_harshly_critiqued_contestants_on_the_nationwide_singing_contest_american_idol_fill_03.wav,filler_other,NA,NA,NA,Simon Cowell,,,,,,,
24,634a84bbe993cac9c606b2cc30583050a8deda9ef7a4ecd5a40bb3b8a142ab64,The question does NOT need any corrections.,what_is_the_name_of_the_video_game_character_who_is_a_traveling_italian_plumber_fill_08.wav,filler_other,NA,NA,NA,Mario,nans,first,,a,,,FB_1206
24,634a84bbe993cac9c606b2cc30583050a8deda9ef7a4ecd5a40bb3b8a142ab64,Mario,what_is_the_name_of_the_video_game_character_who_is_a_traveling_italian_plumber_fill_08.wav,filler_other,NA,NA,NA,Mario,,,,,,,
24,634a84bbe993cac9c606b2cc30583050a8deda9ef7a4ecd5a40bb3b8a142ab64,"The question needs to be CORRECTED (Select this if you spot an error, even if you don’t know the answer).",what_is_the_name_of_the_video_game_character_who_is_a_traveling_italian_plumber_fill_08.wav,filler_other,NA,NA,NA,Mario,y,secdiff,otherfill,,,,FB_1206
24,634a84bbe993cac9c606b2cc30583050a8deda9ef7a4ecd5a40bb3b8a142ab64,"replace ""bideo"" with ""video.""; Mario",what_is_the_name_of_the_video_game_character_who_is_a_traveling_italian_plumber_fill_08.wav,filler_other,NA,NA,NA,Mario,,,,,,,
24,634a84bbe993cac9c606b2cc30583050a8deda9ef7a4ecd5a40bb3b8a142ab64,The question does NOT need any corrections.,what_popular_us_chain_provides_a_happy_meal_toy_or_plush_when_kids_are_hungry_targ_20_A.wav,target,correct,have vs. be,/ʃ/ --> /s/; plush/plus,McDonald's,nans,first,,twice,,,FB_1206
24,634a84bbe993cac9c606b2cc30583050a8deda9ef7a4ecd5a40bb3b8a142ab64,Mcdonalds,what_popular_us_chain_provides_a_happy_meal_toy_or_plush_when_kids_are_hungry_targ_20_A.wav,target,correct,have vs. be,/ʃ/ --> /s/; plush/plus,McDonald's,,,,,,,
24,634a84bbe993cac9c606b2cc30583050a8deda9ef7a4ecd5a40bb3b8a142ab64,The question does NOT need any corrections.,what_popular_us_chain_provides_a_happy_meal_toy_or_plush_when_kids_are_hungry_targ_20_A.wav,target,correct,have vs. be,/ʃ/ --> /s/; plush/plus,McDonald's,nans,secsame,,a,,,FB_1206
24,634a84bbe993cac9c606b2cc30583050a8deda9ef7a4ecd5a40bb3b8a142ab64,Mcdonalds,what_popular_us_chain_provides_a_happy_meal_toy_or_plush_when_kids_are_hungry_targ_20_A.wav,target,correct,have vs. be,/ʃ/ --> /s/; plush/plus,McDonald's,,,,,,,
24,634a84bbe993cac9c606b2cc30583050a8deda9ef7a4ecd5a40bb3b8a142ab64,"The question needs to be CORRECTED (Select this if you spot an error, even if you don’t know the answer).",which_fast_food_chain_offers_foot-long_sandwiches_and_has_the_slogan_eat_fresh_fill_11.wav,filler_other,NA,NA,NA,Subway,y,first,otherfill,,,,FB_1206
24,634a84bbe993cac9c606b2cc30583050a8deda9ef7a4ecd5a40bb3b8a142ab64,"Enunciate ""foot"" in foot-long. It sounds like ""food.""; Subway",which_fast_food_chain_offers_foot-long_sandwiches_and_has_the_slogan_eat_fresh_fill_11.wav,filler_other,NA,NA,NA,Subway,,,,,,,
24,634a84bbe993cac9c606b2cc30583050a8deda9ef7a4ecd5a40bb3b8a142ab64,I’m good — skip to the next question,which_fast_food_chain_offers_foot-long_sandwiches_and_has_the_slogan_eat_fresh_fill_11.wav,filler_other,NA,NA,NA,Subway,s,secsame,,,,,FB_1206
24,634a84bbe993cac9c606b2cc30583050a8deda9ef7a4ecd5a40bb3b8a142ab64,NA,which_fast_food_chain_offers_foot-long_sandwiches_and_has_the_slogan_eat_fresh_fill_11.wav,filler_other,NA,NA,NA,Subway,,,,,,,
24,634a84bbe993cac9c606b2cc30583050a8deda9ef7a4ecd5a40bb3b8a142ab64,The question does NOT need any corrections.,what_did_neil_armstrong_say_during_his_very_first_steps_on_the_moon_targ_04_A.wav,target,correct,no aux verbs in questions (lack of do support),/v/ --> /b/; very/berry,"""That's one small step for man, one giant leap for mankind.""",nans,first,,a,,,FB_1206
24,634a84bbe993cac9c606b2cc30583050a8deda9ef7a4ecd5a40bb3b8a142ab64,"""One small step for man, one giant leap for mankind.""",what_did_neil_armstrong_say_during_his_very_first_steps_on_the_moon_targ_04_A.wav,target,correct,no aux verbs in questions (lack of do support),/v/ --> /b/; very/berry,"""That's one small step for man, one giant leap for mankind.""",,,,,,,
24,634a84bbe993cac9c606b2cc30583050a8deda9ef7a4ecd5a40bb3b8a142ab64,I’m good — skip to the next question,what_did_neil_armstrong_say_during_his_very_first_steps_on_the_moon_targ_04_A.wav,target,correct,no aux verbs in questions (lack of do support),/v/ --> /b/; very/berry,"""That's one small step for man, one giant leap for mankind.""",s,secsame,,,,,FB_1206
24,634a84bbe993cac9c606b2cc30583050a8deda9ef7a4ecd5a40bb3b8a142ab64,NA,what_did_neil_armstrong_say_during_his_very_first_steps_on_the_moon_targ_04_A.wav,target,correct,no aux verbs in questions (lack of do support),/v/ --> /b/; very/berry,"""That's one small step for man, one giant leap for mankind.""",,,,,,,
24,634a84bbe993cac9c606b2cc30583050a8deda9ef7a4ecd5a40bb3b8a142ab64,"The question needs to be CORRECTED (Select this if you spot an error, even if you don’t know the answer).",who_did_americans_vote_for_to_be_their_first_president_who_avoided_to_serve_three_terms_targ_10_C.wav,target,non_phon_err,infinitive vs. participle,/v/ --> /b/; vote/boat,George Washington,y,first,p?,,,,FB_1206
24,634a84bbe993cac9c606b2cc30583050a8deda9ef7a4ecd5a40bb3b8a142ab64,"A word at the end of the sentence is confusing me. I can't understand the word she's saying. It sounds like ""avoided.""; NA",who_did_americans_vote_for_to_be_their_first_president_who_avoided_to_serve_three_terms_targ_10_C.wav,target,non_phon_err,infinitive vs. participle,/v/ --> /b/; vote/boat,George Washington,,,,,,,
24,634a84bbe993cac9c606b2cc30583050a8deda9ef7a4ecd5a40bb3b8a142ab64,"The question needs to be CORRECTED (Select this if you spot an error, even if you don’t know the answer).",who_did_americans_vote_for_to_be_their_first_president_who_avoided_to_serve_three_terms_targ_10_C.wav,target,non_phon_err,infinitive vs. participle,/v/ --> /b/; vote/boat,George Washington,y,secsame,,,,,FB_1206
24,634a84bbe993cac9c606b2cc30583050a8deda9ef7a4ecd5a40bb3b8a142ab64,"A word at the end of the sentence is confusing me. I can't understand the word she's saying. It sounds like ""avoided.""; NA",who_did_americans_vote_for_to_be_their_first_president_who_avoided_to_serve_three_terms_targ_10_C.wav,target,non_phon_err,infinitive vs. participle,/v/ --> /b/; vote/boat,George Washington,,,,,,,
24,634a84bbe993cac9c606b2cc30583050a8deda9ef7a4ecd5a40bb3b8a142ab64,"The question needs to be CORRECTED (Select this if you spot an error, even if you don’t know the answer).",what_colors_can_have_on_a_traffic_light_which_often_senses_when_cars_pool_up_targ_11_D.wav,target,both_err,have vs. be,/ʊ/ --> /u/; pulls/pools,green,y,first,np,,,,FB_1206
24,634a84bbe993cac9c606b2cc30583050a8deda9ef7a4ecd5a40bb3b8a142ab64,"replace ""what colors can have a traffic light"" with ""what colors do a traffic light have.""; Red, Yellow, Green",what_colors_can_have_on_a_traffic_light_which_often_senses_when_cars_pool_up_targ_11_D.wav,target,both_err,have vs. be,/ʊ/ --> /u/; pulls/pools,green,,,,,,,
24,634a84bbe993cac9c606b2cc30583050a8deda9ef7a4ecd5a40bb3b8a142ab64,"The question needs to be CORRECTED (Select this if you spot an error, even if you don’t know the answer).",what_colors_can_have_on_a_traffic_light_which_often_senses_when_cars_pool_up_targ_11_D.wav,target,both_err,have vs. be,/ʊ/ --> /u/; pulls/pools,green,y,secsame,,,,,FB_1206
24,634a84bbe993cac9c606b2cc30583050a8deda9ef7a4ecd5a40bb3b8a142ab64,"replace ""what colors can have a traffic light"" with ""what colors can a traffic light have.""; Red, Yellow, Green",what_colors_can_have_on_a_traffic_light_which_often_senses_when_cars_pool_up_targ_11_D.wav,target,both_err,have vs. be,/ʊ/ --> /u/; pulls/pools,green,,,,,,,
24,634a84bbe993cac9c606b2cc30583050a8deda9ef7a4ecd5a40bb3b8a142ab64,"The question needs to be CORRECTED (Select this if you spot an error, even if you don’t know the answer).",what_holiday_occurs_at_the_end_of_october_and_features_trick-or-treating_pumpkins_and_haunted_houses_fill_07.wav,filler_other,NA,NA,NA,Halloween,y,first,otherfill,,,,FB_1206
24,634a84bbe993cac9c606b2cc30583050a8deda9ef7a4ecd5a40bb3b8a142ab64,"replace ""futures"" with ""features"" replace ""bumpkins"" with ""pumpkins.""; halloween",what_holiday_occurs_at_the_end_of_october_and_features_trick-or-treating_pumpkins_and_haunted_houses_fill_07.wav,filler_other,NA,NA,NA,Halloween,,,,,,,
24,634a84bbe993cac9c606b2cc30583050a8deda9ef7a4ecd5a40bb3b8a142ab64,"The question needs to be CORRECTED (Select this if you spot an error, even if you don’t know the answer).",what_holiday_occurs_at_the_end_of_october_and_features_trick-or-treating_pumpkins_and_haunted_houses_fill_07.wav,filler_other,NA,NA,NA,Halloween,y,secdiff,otherfill,,,,FB_1206
24,634a84bbe993cac9c606b2cc30583050a8deda9ef7a4ecd5a40bb3b8a142ab64,"Replace ""oh cures"" with ""occurs."" replace ""futures"" with ""features""; halloween",what_holiday_occurs_at_the_end_of_october_and_features_trick-or-treating_pumpkins_and_haunted_houses_fill_07.wav,filler_other,NA,NA,NA,Halloween,,,,,,,
24,634a84bbe993cac9c606b2cc30583050a8deda9ef7a4ecd5a40bb3b8a142ab64,The question does NOT need any corrections.,which_body_part_did_van_gogh_allegedly_cut_off_after_an_argument_with_his_friend_fill_05.wav,filler_other,NA,NA,NA,ear,nans,first,,a,,,FB_1206
24,634a84bbe993cac9c606b2cc30583050a8deda9ef7a4ecd5a40bb3b8a142ab64,ear,which_body_part_did_van_gogh_allegedly_cut_off_after_an_argument_with_his_friend_fill_05.wav,filler_other,NA,NA,NA,ear,,,,,,,
24,634a84bbe993cac9c606b2cc30583050a8deda9ef7a4ecd5a40bb3b8a142ab64,I’m good — skip to the next question,which_body_part_did_van_gogh_allegedly_cut_off_after_an_argument_with_his_friend_fill_05.wav,filler_other,NA,NA,NA,ear,s,secsame,,,,,FB_1206
24,634a84bbe993cac9c606b2cc30583050a8deda9ef7a4ecd5a40bb3b8a142ab64,NA,which_body_part_did_van_gogh_allegedly_cut_off_after_an_argument_with_his_friend_fill_05.wav,filler_other,NA,NA,NA,ear,,,,,,,
24,634a84bbe993cac9c606b2cc30583050a8deda9ef7a4ecd5a40bb3b8a142ab64,"The question needs to be CORRECTED (Select this if you spot an error, even if you don’t know the answer).",what_city_have_people_rushed_to_tour_to_see_where_the_us_government_makes_business_targ_14_C.wav,target,non_phon_err,make vs. other verb,/ʃ/ --> /s/; rushed/rust,Washington D.C.,y,first,np,,,,FB_1206
24,634a84bbe993cac9c606b2cc30583050a8deda9ef7a4ecd5a40bb3b8a142ab64,"replace ""makes business"" with ""does business.""; NA",what_city_have_people_rushed_to_tour_to_see_where_the_us_government_makes_business_targ_14_C.wav,target,non_phon_err,make vs. other verb,/ʃ/ --> /s/; rushed/rust,Washington D.C.,,,,,,,
24,634a84bbe993cac9c606b2cc30583050a8deda9ef7a4ecd5a40bb3b8a142ab64,I’m good — skip to the next question,what_city_have_people_rushed_to_tour_to_see_where_the_us_government_makes_business_targ_14_C.wav,target,non_phon_err,make vs. other verb,/ʃ/ --> /s/; rushed/rust,Washington D.C.,s,secsame,,,,,FB_1206
24,634a84bbe993cac9c606b2cc30583050a8deda9ef7a4ecd5a40bb3b8a142ab64,NA,what_city_have_people_rushed_to_tour_to_see_where_the_us_government_makes_business_targ_14_C.wav,target,non_phon_err,make vs. other verb,/ʃ/ --> /s/; rushed/rust,Washington D.C.,,,,,,,
24,634a84bbe993cac9c606b2cc30583050a8deda9ef7a4ecd5a40bb3b8a142ab64,"The question needs to be CORRECTED (Select this if you spot an error, even if you don’t know the answer).",what_childrens_game_makes_people_seat_down_quickly_when_the_music_loud_stops_targ_07_D.wav,target,both_err,adj/noun order,/ɪ/ --> /i/; sit/seat,musical chairs,y,first,np,,,,FB_1206
24,634a84bbe993cac9c606b2cc30583050a8deda9ef7a4ecd5a40bb3b8a142ab64,"Instead of ""music loud,"" it should be ""loud music.""; musical chairs.",what_childrens_game_makes_people_seat_down_quickly_when_the_music_loud_stops_targ_07_D.wav,target,both_err,adj/noun order,/ɪ/ --> /i/; sit/seat,musical chairs,,,,,,,
24,634a84bbe993cac9c606b2cc30583050a8deda9ef7a4ecd5a40bb3b8a142ab64,I’m good — skip to the next question,what_childrens_game_makes_people_seat_down_quickly_when_the_music_loud_stops_targ_07_D.wav,target,both_err,adj/noun order,/ɪ/ --> /i/; sit/seat,musical chairs,s,secsame,,,,,FB_1206
24,634a84bbe993cac9c606b2cc30583050a8deda9ef7a4ecd5a40bb3b8a142ab64,NA,what_childrens_game_makes_people_seat_down_quickly_when_the_music_loud_stops_targ_07_D.wav,target,both_err,adj/noun order,/ɪ/ --> /i/; sit/seat,musical chairs,,,,,,,
24,634a84bbe993cac9c606b2cc30583050a8deda9ef7a4ecd5a40bb3b8a142ab64,The question does NOT need any corrections.,what_us_holiday_is_often_celebrated_with_fireworks_and_hotdogs_to_honor_americas_freedom_fill_17.wav,filler_other,NA,NA,NA,Independence Day,nans,first,,a,,,FB_1206
24,634a84bbe993cac9c606b2cc30583050a8deda9ef7a4ecd5a40bb3b8a142ab64,Fourth of July,what_us_holiday_is_often_celebrated_with_fireworks_and_hotdogs_to_honor_americas_freedom_fill_17.wav,filler_other,NA,NA,NA,Independence Day,,,,,,,
24,634a84bbe993cac9c606b2cc30583050a8deda9ef7a4ecd5a40bb3b8a142ab64,I’m good — skip to the next question,what_us_holiday_is_often_celebrated_with_fireworks_and_hotdogs_to_honor_americas_freedom_fill_17.wav,filler_other,NA,NA,NA,Independence Day,s,secsame,,,,,FB_1206
24,634a84bbe993cac9c606b2cc30583050a8deda9ef7a4ecd5a40bb3b8a142ab64,NA,what_us_holiday_is_often_celebrated_with_fireworks_and_hotdogs_to_honor_americas_freedom_fill_17.wav,filler_other,NA,NA,NA,Independence Day,,,,,,,
24,634a84bbe993cac9c606b2cc30583050a8deda9ef7a4ecd5a40bb3b8a142ab64,"The question needs to be CORRECTED (Select this if you spot an error, even if you don’t know the answer).",which_scottish_actor_first_played_james_bond_wearing_guilts_to_red_carpets_when_he_had_32_years_old_targ_03_D.wav,target,both_err,have vs. be,/k/ --> /g/; kilt/guilt,Sean Connery,y,first,np,,,,FB_1206
24,634a84bbe993cac9c606b2cc30583050a8deda9ef7a4ecd5a40bb3b8a142ab64,"replace ""when he has 32 years old"" with ""when he was 32 years old.""; Sean Connery",which_scottish_actor_first_played_james_bond_wearing_guilts_to_red_carpets_when_he_had_32_years_old_targ_03_D.wav,target,both_err,have vs. be,/k/ --> /g/; kilt/guilt,Sean Connery,,,,,,,
24,634a84bbe993cac9c606b2cc30583050a8deda9ef7a4ecd5a40bb3b8a142ab64,"The question needs to be CORRECTED (Select this if you spot an error, even if you don’t know the answer).",which_scottish_actor_first_played_james_bond_wearing_guilts_to_red_carpets_when_he_had_32_years_old_targ_03_D.wav,target,both_err,have vs. be,/k/ --> /g/; kilt/guilt,Sean Connery,y,secdiff,both,,,,FB_1206
24,634a84bbe993cac9c606b2cc30583050a8deda9ef7a4ecd5a40bb3b8a142ab64,"I have no idea what she says he was wearing. replace ""when he has 32 years old"" with ""when he was 32 years old.""; Sean Connery",which_scottish_actor_first_played_james_bond_wearing_guilts_to_red_carpets_when_he_had_32_years_old_targ_03_D.wav,target,both_err,have vs. be,/k/ --> /g/; kilt/guilt,Sean Connery,,,,,,,
24,634a84bbe993cac9c606b2cc30583050a8deda9ef7a4ecd5a40bb3b8a142ab64,The question does NOT need any corrections.,what_musician_won_grammys_for_their_album_thriller_which_features_the_hit_song_beat_it_fill_20.wav,filler_other,NA,NA,NA,Michael Jackson,nans,first,,twice,,,FB_1206
24,634a84bbe993cac9c606b2cc30583050a8deda9ef7a4ecd5a40bb3b8a142ab64,Michael Jackson,what_musician_won_grammys_for_their_album_thriller_which_features_the_hit_song_beat_it_fill_20.wav,filler_other,NA,NA,NA,Michael Jackson,,,,,,,
24,634a84bbe993cac9c606b2cc30583050a8deda9ef7a4ecd5a40bb3b8a142ab64,The question does NOT need any corrections.,what_musician_won_grammys_for_their_album_thriller_which_features_the_hit_song_beat_it_fill_20.wav,filler_other,NA,NA,NA,Michael Jackson,nans,secsame,,a,,,FB_1206
24,634a84bbe993cac9c606b2cc30583050a8deda9ef7a4ecd5a40bb3b8a142ab64,Michael Jackson,what_musician_won_grammys_for_their_album_thriller_which_features_the_hit_song_beat_it_fill_20.wav,filler_other,NA,NA,NA,Michael Jackson,,,,,,,
24,634a84bbe993cac9c606b2cc30583050a8deda9ef7a4ecd5a40bb3b8a142ab64,The question does NOT need any corrections.,which_tropical_fruit_that_grows_on_palm_trees_is_used_for_oils_and_milks_fill_18.wav,filler_other,NA,NA,NA,coconuts,nans,first,,a,,,FB_1206
24,634a84bbe993cac9c606b2cc30583050a8deda9ef7a4ecd5a40bb3b8a142ab64,Coconut,which_tropical_fruit_that_grows_on_palm_trees_is_used_for_oils_and_milks_fill_18.wav,filler_other,NA,NA,NA,coconuts,,,,,,,
24,634a84bbe993cac9c606b2cc30583050a8deda9ef7a4ecd5a40bb3b8a142ab64,I’m good — skip to the next question,which_tropical_fruit_that_grows_on_palm_trees_is_used_for_oils_and_milks_fill_18.wav,filler_other,NA,NA,NA,coconuts,s,secsame,,,,,FB_1206
24,634a84bbe993cac9c606b2cc30583050a8deda9ef7a4ecd5a40bb3b8a142ab64,NA,which_tropical_fruit_that_grows_on_palm_trees_is_used_for_oils_and_milks_fill_18.wav,filler_other,NA,NA,NA,coconuts,,,,,,,
24,634a84bbe993cac9c606b2cc30583050a8deda9ef7a4ecd5a40bb3b8a142ab64,"The question needs to be CORRECTED (Select this if you spot an error, even if you don’t know the answer).",what_company_created_the_macbook_a_device_fool_of_features_to_help_students_make_homework_targ_23_D.wav,target,both_err,make vs. other verb,/ʊ/ --> /u/; full/fool,Apple,y,first,np,,,,FB_1206
24,634a84bbe993cac9c606b2cc30583050a8deda9ef7a4ecd5a40bb3b8a142ab64,"replace ""students make homework"" with ""students do homework.""; Apple",what_company_created_the_macbook_a_device_fool_of_features_to_help_students_make_homework_targ_23_D.wav,target,both_err,make vs. other verb,/ʊ/ --> /u/; full/fool,Apple,,,,,,,
24,634a84bbe993cac9c606b2cc30583050a8deda9ef7a4ecd5a40bb3b8a142ab64,"The question needs to be CORRECTED (Select this if you spot an error, even if you don’t know the answer).",what_company_created_the_macbook_a_device_fool_of_features_to_help_students_make_homework_targ_23_D.wav,target,both_err,make vs. other verb,/ʊ/ --> /u/; full/fool,Apple,y,secsame,,,,,FB_1206
24,634a84bbe993cac9c606b2cc30583050a8deda9ef7a4ecd5a40bb3b8a142ab64,"replace ""students make homework"" with ""students do homework.""; Apple",what_company_created_the_macbook_a_device_fool_of_features_to_help_students_make_homework_targ_23_D.wav,target,both_err,make vs. other verb,/ʊ/ --> /u/; full/fool,Apple,,,,,,,
24,634a84bbe993cac9c606b2cc30583050a8deda9ef7a4ecd5a40bb3b8a142ab64,The question does NOT need any corrections.,what_novel_has_the_quote_i’m_late_i’m_late_for_a_very_important_date_fill_13.wav,filler_other,NA,NA,NA,Alice in Wonderland,nans,first,,twice,,,FB_1206
24,634a84bbe993cac9c606b2cc30583050a8deda9ef7a4ecd5a40bb3b8a142ab64,Alice in Wonderland,what_novel_has_the_quote_i’m_late_i’m_late_for_a_very_important_date_fill_13.wav,filler_other,NA,NA,NA,Alice in Wonderland,,,,,,,
24,634a84bbe993cac9c606b2cc30583050a8deda9ef7a4ecd5a40bb3b8a142ab64,The question does NOT need any corrections.,what_novel_has_the_quote_i’m_late_i’m_late_for_a_very_important_date_fill_13.wav,filler_other,NA,NA,NA,Alice in Wonderland,nans,secsame,,a,,,FB_1206
24,634a84bbe993cac9c606b2cc30583050a8deda9ef7a4ecd5a40bb3b8a142ab64,Alice in Wonderland,what_novel_has_the_quote_i’m_late_i’m_late_for_a_very_important_date_fill_13.wav,filler_other,NA,NA,NA,Alice in Wonderland,,,,,,,
24,634a84bbe993cac9c606b2cc30583050a8deda9ef7a4ecd5a40bb3b8a142ab64,The question does NOT need any corrections.,if_a_janitor_hardworking_cleaned_a_vent_in_five_minutes_how_many_seconds_is_that_targ_22_C.wav,target,non_phon_err,adj/noun order,/v/ --> /b/; vent/bent,eight,nans,first,,a,,,FB_1206
24,634a84bbe993cac9c606b2cc30583050a8deda9ef7a4ecd5a40bb3b8a142ab64,300,if_a_janitor_hardworking_cleaned_a_vent_in_five_minutes_how_many_seconds_is_that_targ_22_C.wav,target,non_phon_err,adj/noun order,/v/ --> /b/; vent/bent,eight,,,,,,,
24,634a84bbe993cac9c606b2cc30583050a8deda9ef7a4ecd5a40bb3b8a142ab64,"The question needs to be CORRECTED (Select this if you spot an error, even if you don’t know the answer).",if_a_janitor_hardworking_cleaned_a_vent_in_five_minutes_how_many_seconds_is_that_targ_22_C.wav,target,non_phon_err,adj/noun order,/v/ --> /b/; vent/bent,eight,y,secdiff,np,,,,FB_1206
24,634a84bbe993cac9c606b2cc30583050a8deda9ef7a4ecd5a40bb3b8a142ab64,"replace ""janitor hardworking"" with ""hardworking janitor.""; 300",if_a_janitor_hardworking_cleaned_a_vent_in_five_minutes_how_many_seconds_is_that_targ_22_C.wav,target,non_phon_err,adj/noun order,/v/ --> /b/; vent/bent,eight,,,,,,,
24,634a84bbe993cac9c606b2cc30583050a8deda9ef7a4ecd5a40bb3b8a142ab64,The question does NOT need any corrections.,what_organ_is_often_associated_with_being_eaten_by_rotting_flesh_monsters_also_known_as_zombies_fill_02.wav,filler_other,NA,NA,NA,the brain,nans,first,,a,,,FB_1206
24,634a84bbe993cac9c606b2cc30583050a8deda9ef7a4ecd5a40bb3b8a142ab64,brain,what_organ_is_often_associated_with_being_eaten_by_rotting_flesh_monsters_also_known_as_zombies_fill_02.wav,filler_other,NA,NA,NA,the brain,,,,,,,
24,634a84bbe993cac9c606b2cc30583050a8deda9ef7a4ecd5a40bb3b8a142ab64,I’m good — skip to the next question,what_organ_is_often_associated_with_being_eaten_by_rotting_flesh_monsters_also_known_as_zombies_fill_02.wav,filler_other,NA,NA,NA,the brain,s,secsame,,,,,FB_1206
24,634a84bbe993cac9c606b2cc30583050a8deda9ef7a4ecd5a40bb3b8a142ab64,NA,what_organ_is_often_associated_with_being_eaten_by_rotting_flesh_monsters_also_known_as_zombies_fill_02.wav,filler_other,NA,NA,NA,the brain,,,,,,,
24,634a84bbe993cac9c606b2cc30583050a8deda9ef7a4ecd5a40bb3b8a142ab64,The question does NOT need any corrections.,where_do_the_jolly_christmas_icons_santa_claus_and_his_wife_mrs._claus_live_fill_22.wav,filler_other,NA,NA,NA,the North Pole,nans,first,,a,,,FB_1206
24,634a84bbe993cac9c606b2cc30583050a8deda9ef7a4ecd5a40bb3b8a142ab64,North pole,where_do_the_jolly_christmas_icons_santa_claus_and_his_wife_mrs._claus_live_fill_22.wav,filler_other,NA,NA,NA,the North Pole,,,,,,,
24,634a84bbe993cac9c606b2cc30583050a8deda9ef7a4ecd5a40bb3b8a142ab64,I’m good — skip to the next question,where_do_the_jolly_christmas_icons_santa_claus_and_his_wife_mrs._claus_live_fill_22.wav,filler_other,NA,NA,NA,the North Pole,s,secsame,,,,,FB_1206
24,634a84bbe993cac9c606b2cc30583050a8deda9ef7a4ecd5a40bb3b8a142ab64,NA,where_do_the_jolly_christmas_icons_santa_claus_and_his_wife_mrs._claus_live_fill_22.wav,filler_other,NA,NA,NA,the North Pole,,,,,,,
24,634a84bbe993cac9c606b2cc30583050a8deda9ef7a4ecd5a40bb3b8a142ab64,The question does NOT need any corrections.,if_laundry_service_will_gum_in_five_days_and_todays_thursday_when_are_they_doing_laundry_next_targ_09_B.wav,target,phon_err,make vs. other verb,/k/ --> /g/; come/gum,Tuesday,nans,first,,a,,,FB_1206
24,634a84bbe993cac9c606b2cc30583050a8deda9ef7a4ecd5a40bb3b8a142ab64,Tuesday,if_laundry_service_will_gum_in_five_days_and_todays_thursday_when_are_they_doing_laundry_next_targ_09_B.wav,target,phon_err,make vs. other verb,/k/ --> /g/; come/gum,Tuesday,,,,,,,
24,634a84bbe993cac9c606b2cc30583050a8deda9ef7a4ecd5a40bb3b8a142ab64,"The question needs to be CORRECTED (Select this if you spot an error, even if you don’t know the answer).",if_laundry_service_will_gum_in_five_days_and_todays_thursday_when_are_they_doing_laundry_next_targ_09_B.wav,target,phon_err,make vs. other verb,/k/ --> /g/; come/gum,Tuesday,y,secdiff,p,,,,FB_1206
24,634a84bbe993cac9c606b2cc30583050a8deda9ef7a4ecd5a40bb3b8a142ab64,"replace ""gum"" with ""come.""; Tuesday",if_laundry_service_will_gum_in_five_days_and_todays_thursday_when_are_they_doing_laundry_next_targ_09_B.wav,target,phon_err,make vs. other verb,/k/ --> /g/; come/gum,Tuesday,,,,,,,
24,634a84bbe993cac9c606b2cc30583050a8deda9ef7a4ecd5a40bb3b8a142ab64,The question does NOT need any corrections.,which_oscar-winning_movie_features_tom_hanks_saying_life_is_like_a_box_of_chocolates_fill_12.wav,filler_other,NA,NA,NA,Forrest Gump,nans,first,,a,,,FB_1206
24,634a84bbe993cac9c606b2cc30583050a8deda9ef7a4ecd5a40bb3b8a142ab64,Forrest Gump,which_oscar-winning_movie_features_tom_hanks_saying_life_is_like_a_box_of_chocolates_fill_12.wav,filler_other,NA,NA,NA,Forrest Gump,,,,,,,
24,634a84bbe993cac9c606b2cc30583050a8deda9ef7a4ecd5a40bb3b8a142ab64,I’m good — skip to the next question,which_oscar-winning_movie_features_tom_hanks_saying_life_is_like_a_box_of_chocolates_fill_12.wav,filler_other,NA,NA,NA,Forrest Gump,s,secsame,,,,,FB_1206
24,634a84bbe993cac9c606b2cc30583050a8deda9ef7a4ecd5a40bb3b8a142ab64,NA,which_oscar-winning_movie_features_tom_hanks_saying_life_is_like_a_box_of_chocolates_fill_12.wav,filler_other,NA,NA,NA,Forrest Gump,,,,,,,
24,634a84bbe993cac9c606b2cc30583050a8deda9ef7a4ecd5a40bb3b8a142ab64,The question does NOT need any corrections.,in_what_country_would_you_find_landmarks_like_the_pyramids_of_giza_and_great_sphinx_fill_24.wav,filler_other,NA,NA,NA,Egypt,nans,first,,a,,,FB_1206
24,634a84bbe993cac9c606b2cc30583050a8deda9ef7a4ecd5a40bb3b8a142ab64,Egypt,in_what_country_would_you_find_landmarks_like_the_pyramids_of_giza_and_great_sphinx_fill_24.wav,filler_other,NA,NA,NA,Egypt,,,,,,,
24,634a84bbe993cac9c606b2cc30583050a8deda9ef7a4ecd5a40bb3b8a142ab64,I’m good — skip to the next question,in_what_country_would_you_find_landmarks_like_the_pyramids_of_giza_and_great_sphinx_fill_24.wav,filler_other,NA,NA,NA,Egypt,s,secsame,,,,,FB_1206
24,634a84bbe993cac9c606b2cc30583050a8deda9ef7a4ecd5a40bb3b8a142ab64,NA,in_what_country_would_you_find_landmarks_like_the_pyramids_of_giza_and_great_sphinx_fill_24.wav,filler_other,NA,NA,NA,Egypt,,,,,,,
24,634a84bbe993cac9c606b2cc30583050a8deda9ef7a4ecd5a40bb3b8a142ab64,The question does NOT need any corrections.,what_animal_is_typically_white_with_black_spots_and_says_moo_fill_21.wav,filler_other,NA,NA,NA,a cow,nans,first,,a,,,FB_1206
24,634a84bbe993cac9c606b2cc30583050a8deda9ef7a4ecd5a40bb3b8a142ab64,cow,what_animal_is_typically_white_with_black_spots_and_says_moo_fill_21.wav,filler_other,NA,NA,NA,a cow,,,,,,,
24,634a84bbe993cac9c606b2cc30583050a8deda9ef7a4ecd5a40bb3b8a142ab64,I’m good — skip to the next question,what_animal_is_typically_white_with_black_spots_and_says_moo_fill_21.wav,filler_other,NA,NA,NA,a cow,s,secsame,,,,,FB_1206
24,634a84bbe993cac9c606b2cc30583050a8deda9ef7a4ecd5a40bb3b8a142ab64,NA,what_animal_is_typically_white_with_black_spots_and_says_moo_fill_21.wav,filler_other,NA,NA,NA,a cow,,,,,,,
24,634a84bbe993cac9c606b2cc30583050a8deda9ef7a4ecd5a40bb3b8a142ab64,"The question does NOT need any corrections, but I don't know the answer/ I don't understand what the question is asking.",who_discovered_the_law_of_universal_gravitation_which_accounts_for_why_objects_naturally_fall_downwards_fill_15.wav,filler_other,NA,NA,NA,Isaac Newton,nun,first,,,,,FB_1206
24,634a84bbe993cac9c606b2cc30583050a8deda9ef7a4ecd5a40bb3b8a142ab64,NA,who_discovered_the_law_of_universal_gravitation_which_accounts_for_why_objects_naturally_fall_downwards_fill_15.wav,filler_other,NA,NA,NA,Isaac Newton,,,,,,,
24,634a84bbe993cac9c606b2cc30583050a8deda9ef7a4ecd5a40bb3b8a142ab64,The question does NOT need any corrections.,who_discovered_the_law_of_universal_gravitation_which_accounts_for_why_objects_naturally_fall_downwards_fill_15.wav,filler_other,NA,NA,NA,Isaac Newton,nans,secdiff,,a,,,FB_1206
24,634a84bbe993cac9c606b2cc30583050a8deda9ef7a4ecd5a40bb3b8a142ab64,newton,who_discovered_the_law_of_universal_gravitation_which_accounts_for_why_objects_naturally_fall_downwards_fill_15.wav,filler_other,NA,NA,NA,Isaac Newton,,,,,,,
24,634a84bbe993cac9c606b2cc30583050a8deda9ef7a4ecd5a40bb3b8a142ab64,"The question needs to be CORRECTED (Select this if you spot an error, even if you don’t know the answer).",in_the_lion_king_who_does_nala_talk_to_and_is_laying_in_a_got_after_theyve_reunited_targ_21_B.wav,target,phon_err,no aux verbs in questions (lack of do support),/k/ --> /g/; cot/got,Simba,y,first,other,,they couldn't understand the question,,FB_1206
24,634a84bbe993cac9c606b2cc30583050a8deda9ef7a4ecd5a40bb3b8a142ab64,Indecipherable; NA,in_the_lion_king_who_does_nala_talk_to_and_is_laying_in_a_got_after_theyve_reunited_targ_21_B.wav,target,phon_err,no aux verbs in questions (lack of do support),/k/ --> /g/; cot/got,Simba,,,,,,,
24,634a84bbe993cac9c606b2cc30583050a8deda9ef7a4ecd5a40bb3b8a142ab64,"The question needs to be CORRECTED (Select this if you spot an error, even if you don’t know the answer).",in_the_lion_king_who_does_nala_talk_to_and_is_laying_in_a_got_after_theyve_reunited_targ_21_B.wav,target,phon_err,no aux verbs in questions (lack of do support),/k/ --> /g/; cot/got,Simba,y,secdiff,p,,some misperceptions but they notice the intended error,,FB_1206
24,634a84bbe993cac9c606b2cc30583050a8deda9ef7a4ecd5a40bb3b8a142ab64,"""laying in a god after they free united"" makes no sense- I do not understand the question at all.; Simba",in_the_lion_king_who_does_nala_talk_to_and_is_laying_in_a_got_after_theyve_reunited_targ_21_B.wav,target,phon_err,no aux verbs in questions (lack of do support),/k/ --> /g/; cot/got,Simba,,,,,,,
24,634a84bbe993cac9c606b2cc30583050a8deda9ef7a4ecd5a40bb3b8a142ab64,"The question needs to be CORRECTED (Select this if you spot an error, even if you don’t know the answer).",what_kind_of_weather_cooed_cooled_occur_when_it_is_raining_and_below_freezing_targ_05_B.wav,target,phon_err,expletive 'it' dropping,/ʊ/ --> /u/; could/cooed,snow,y,first,p?,,,,FB_1206
24,634a84bbe993cac9c606b2cc30583050a8deda9ef7a4ecd5a40bb3b8a142ab64,"replace first part of question with: ""what kind of cold weather occurs.""; NA",what_kind_of_weather_cooed_cooled_occur_when_it_is_raining_and_below_freezing_targ_05_B.wav,target,phon_err,expletive 'it' dropping,/ʊ/ --> /u/; could/cooed,snow,,,,,,,
24,634a84bbe993cac9c606b2cc30583050a8deda9ef7a4ecd5a40bb3b8a142ab64,"The question needs to be CORRECTED (Select this if you spot an error, even if you don’t know the answer).",what_kind_of_weather_cooed_cooled_occur_when_it_is_raining_and_below_freezing_targ_05_B.wav,target,phon_err,expletive 'it' dropping,/ʊ/ --> /u/; could/cooed,snow,y,secsame,,,misheard intended word but still noticed it,,FB_1206
24,634a84bbe993cac9c606b2cc30583050a8deda9ef7a4ecd5a40bb3b8a142ab64,"replace ""weather cold occur"" with ""cold weather occurs.""; NA",what_kind_of_weather_cooed_cooled_occur_when_it_is_raining_and_below_freezing_targ_05_B.wav,target,phon_err,expletive 'it' dropping,/ʊ/ --> /u/; could/cooed,snow,,,,,,,
24,634a84bbe993cac9c606b2cc30583050a8deda9ef7a4ecd5a40bb3b8a142ab64,The question does NOT need any corrections.,in_the_famous_dr_seuss_book_what_orange_and_yellow_character_speaks_for_the_trees_fill_23.wav,filler_other,NA,NA,NA,the Lorax,nans,first,,twice,,,FB_1206
24,634a84bbe993cac9c606b2cc30583050a8deda9ef7a4ecd5a40bb3b8a142ab64,the lorax,in_the_famous_dr_seuss_book_what_orange_and_yellow_character_speaks_for_the_trees_fill_23.wav,filler_other,NA,NA,NA,the Lorax,,,,,,,
24,634a84bbe993cac9c606b2cc30583050a8deda9ef7a4ecd5a40bb3b8a142ab64,The question does NOT need any corrections.,in_the_famous_dr_seuss_book_what_orange_and_yellow_character_speaks_for_the_trees_fill_23.wav,filler_other,NA,NA,NA,the Lorax,nans,secsame,,a,,,FB_1206
24,634a84bbe993cac9c606b2cc30583050a8deda9ef7a4ecd5a40bb3b8a142ab64,the lorax,in_the_famous_dr_seuss_book_what_orange_and_yellow_character_speaks_for_the_trees_fill_23.wav,filler_other,NA,NA,NA,the Lorax,,,,,,,
24,634a84bbe993cac9c606b2cc30583050a8deda9ef7a4ecd5a40bb3b8a142ab64,"The question needs to be CORRECTED (Select this if you spot an error, even if you don’t know the answer).",if_youre_on_a_path_from_california_to_hawaii_which_ocean_do_you_go_through_targ_12_A.wav,target,correct,no aux verbs in questions (lack of do support),/θ/ --> /t/; path/pat,Pacific Ocean,y,first,othernp,,,,FB_1206
24,634a84bbe993cac9c606b2cc30583050a8deda9ef7a4ecd5a40bb3b8a142ab64,"instead of ""go through"" the question should say something like ""fly over.""; pacific ocean",if_youre_on_a_path_from_california_to_hawaii_which_ocean_do_you_go_through_targ_12_A.wav,target,correct,no aux verbs in questions (lack of do support),/θ/ --> /t/; path/pat,Pacific Ocean,,,,,,,
24,634a84bbe993cac9c606b2cc30583050a8deda9ef7a4ecd5a40bb3b8a142ab64,I’m good — skip to the next question,if_youre_on_a_path_from_california_to_hawaii_which_ocean_do_you_go_through_targ_12_A.wav,target,correct,no aux verbs in questions (lack of do support),/θ/ --> /t/; path/pat,Pacific Ocean,s,secsame,,,,,FB_1206
24,634a84bbe993cac9c606b2cc30583050a8deda9ef7a4ecd5a40bb3b8a142ab64,NA,if_youre_on_a_path_from_california_to_hawaii_which_ocean_do_you_go_through_targ_12_A.wav,target,correct,no aux verbs in questions (lack of do support),/θ/ --> /t/; path/pat,Pacific Ocean,,,,,,,
25,65b5514788898b37378519fe068acac6b19d1c3581b577cbb92466349d443d5f,"The question needs to be CORRECTED (Select this if you spot an error, even if you don’t know the answer).",in_the_cycle_of_seasons_what_season_comes_after_dinter_fill_29.wav,att_check_err,NA,NA,NA,"Spring (Winter, sound sub that's not related)",y,first,,,attention check passed (7/8 correct) ,,JB_1204
25,65b5514788898b37378519fe068acac6b19d1c3581b577cbb92466349d443d5f,what?,in_the_cycle_of_seasons_what_season_comes_after_dinter_fill_29.wav,att_check_err,NA,NA,NA,"Spring (Winter, sound sub that's not related)",,,,,,,
25,65b5514788898b37378519fe068acac6b19d1c3581b577cbb92466349d443d5f,"The question needs to be CORRECTED (Select this if you spot an error, even if you don’t know the answer).",in_the_cycle_of_seasons_what_season_comes_after_dinter_fill_29.wav,att_check_err,NA,NA,NA,"Spring (Winter, sound sub that's not related)",y,secsame,acheckp,,,,JB_1204
25,65b5514788898b37378519fe068acac6b19d1c3581b577cbb92466349d443d5f,Dinter is said instead of Winter.,in_the_cycle_of_seasons_what_season_comes_after_dinter_fill_29.wav,att_check_err,NA,NA,NA,"Spring (Winter, sound sub that's not related)",,,,,,,
25,65b5514788898b37378519fe068acac6b19d1c3581b577cbb92466349d443d5f,"The question needs to be CORRECTED (Select this if you spot an error, even if you don’t know the answer).",what_insect_undergoes_a_process_of_change_to_turn_into_a_butterfy_fill_30.wav,att_check_err,NA,NA,NA,caterpillar (butterfly),y,first,acheckf,,unclear as to what the 'wrong word' was,,JB_1204
25,65b5514788898b37378519fe068acac6b19d1c3581b577cbb92466349d443d5f,"The correct answer is Metamorphosis, but wrong word was used.",what_insect_undergoes_a_process_of_change_to_turn_into_a_butterfy_fill_30.wav,att_check_err,NA,NA,NA,caterpillar (butterfly),,,,,,,
25,65b5514788898b37378519fe068acac6b19d1c3581b577cbb92466349d443d5f,I’m good — skip to the next question,what_insect_undergoes_a_process_of_change_to_turn_into_a_butterfy_fill_30.wav,att_check_err,NA,NA,NA,caterpillar (butterfly),s,secsame,,,,,JB_1204
25,65b5514788898b37378519fe068acac6b19d1c3581b577cbb92466349d443d5f,NA,what_insect_undergoes_a_process_of_change_to_turn_into_a_butterfy_fill_30.wav,att_check_err,NA,NA,NA,caterpillar (butterfly),,,,,,,
25,65b5514788898b37378519fe068acac6b19d1c3581b577cbb92466349d443d5f,The question does NOT need any corrections.,how_many_legs_does_a_dog_normally_have_fill_25.wav,att_check_good,NA,NA,NA,four,nans,first,,a,,,JB_1204
25,65b5514788898b37378519fe068acac6b19d1c3581b577cbb92466349d443d5f,The answer is four,how_many_legs_does_a_dog_normally_have_fill_25.wav,att_check_good,NA,NA,NA,four,,,,,,,
25,65b5514788898b37378519fe068acac6b19d1c3581b577cbb92466349d443d5f,I’m good — skip to the next question,how_many_legs_does_a_dog_normally_have_fill_25.wav,att_check_good,NA,NA,NA,four,s,secsame,,,,,JB_1204
25,65b5514788898b37378519fe068acac6b19d1c3581b577cbb92466349d443d5f,NA,how_many_legs_does_a_dog_normally_have_fill_25.wav,att_check_good,NA,NA,NA,four,,,,,,,
25,65b5514788898b37378519fe068acac6b19d1c3581b577cbb92466349d443d5f,"The question needs to be CORRECTED (Select this if you spot an error, even if you don’t know the answer).",how_many_embers_were_in_the_beatles_the_british_rock_band_fill_32.wav,att_check_err,NA,NA,NA,four (members),y,first,acheckp,,,,JB_1204
25,65b5514788898b37378519fe068acac6b19d1c3581b577cbb92466349d443d5f,"""Embers"" instead of ""members""",how_many_embers_were_in_the_beatles_the_british_rock_band_fill_32.wav,att_check_err,NA,NA,NA,four (members),,,,,,,
25,65b5514788898b37378519fe068acac6b19d1c3581b577cbb92466349d443d5f,I’m good — skip to the next question,how_many_embers_were_in_the_beatles_the_british_rock_band_fill_32.wav,att_check_err,NA,NA,NA,four (members),s,secsame,,,,,JB_1204
25,65b5514788898b37378519fe068acac6b19d1c3581b577cbb92466349d443d5f,NA,how_many_embers_were_in_the_beatles_the_british_rock_band_fill_32.wav,att_check_err,NA,NA,NA,four (members),,,,,,,
25,65b5514788898b37378519fe068acac6b19d1c3581b577cbb92466349d443d5f,"The question needs to be CORRECTED (Select this if you spot an error, even if you don’t know the answer).",what_is_the_largest_plant_in_the_solar_system_fill_31.wav,att_check_err,NA,NA,NA,Jupiter (planet),y,first,acheckp,,,,JB_1204
25,65b5514788898b37378519fe068acac6b19d1c3581b577cbb92466349d443d5f,"Plant was used instead of planet.
 The answer is Jupiter",what_is_the_largest_plant_in_the_solar_system_fill_31.wav,att_check_err,NA,NA,NA,Jupiter (planet),,,,,,,
25,65b5514788898b37378519fe068acac6b19d1c3581b577cbb92466349d443d5f,I’m good — skip to the next question,what_is_the_largest_plant_in_the_solar_system_fill_31.wav,att_check_err,NA,NA,NA,Jupiter (planet),s,secsame,,,,,JB_1204
25,65b5514788898b37378519fe068acac6b19d1c3581b577cbb92466349d443d5f,NA,what_is_the_largest_plant_in_the_solar_system_fill_31.wav,att_check_err,NA,NA,NA,Jupiter (planet),,,,,,,
25,65b5514788898b37378519fe068acac6b19d1c3581b577cbb92466349d443d5f,"The question needs to be CORRECTED (Select this if you spot an error, even if you don’t know the answer).",what_day_of_the_week_comes_after_monday_fill_27.wav,att_check_good,NA,NA,NA,Tuesday,y,first,,,reported being unable to hear audio on this trial,,JB_1204
25,65b5514788898b37378519fe068acac6b19d1c3581b577cbb92466349d443d5f,NO audio,what_day_of_the_week_comes_after_monday_fill_27.wav,att_check_good,NA,NA,NA,Tuesday,,,,,,,
25,65b5514788898b37378519fe068acac6b19d1c3581b577cbb92466349d443d5f,The question does NOT need any corrections.,what_day_of_the_week_comes_after_monday_fill_27.wav,att_check_good,NA,NA,NA,Tuesday,nans,secdiff,,a,,,JB_1204
25,65b5514788898b37378519fe068acac6b19d1c3581b577cbb92466349d443d5f,The answer is Tuesday,what_day_of_the_week_comes_after_monday_fill_27.wav,att_check_good,NA,NA,NA,Tuesday,,,,,,,
25,65b5514788898b37378519fe068acac6b19d1c3581b577cbb92466349d443d5f,The question does NOT need any corrections.,what_color_is_a_typical_school_bus_fill_28.wav,att_check_good,NA,NA,NA,yellow,nans,first,,twice,,,JB_1204
25,65b5514788898b37378519fe068acac6b19d1c3581b577cbb92466349d443d5f,Yellow,what_color_is_a_typical_school_bus_fill_28.wav,att_check_good,NA,NA,NA,yellow,,,,,,,
25,65b5514788898b37378519fe068acac6b19d1c3581b577cbb92466349d443d5f,The question does NOT need any corrections.,what_color_is_a_typical_school_bus_fill_28.wav,att_check_good,NA,NA,NA,yellow,nans,secsame,,a,"I'm assuming that the NA applies to 'no corrections needed', not an answer change",,JB_1204
25,65b5514788898b37378519fe068acac6b19d1c3581b577cbb92466349d443d5f,NA,what_color_is_a_typical_school_bus_fill_28.wav,att_check_good,NA,NA,NA,yellow,,,,,,,
25,65b5514788898b37378519fe068acac6b19d1c3581b577cbb92466349d443d5f,"The question needs to be CORRECTED (Select this if you spot an error, even if you don’t know the answer).",what_state_is_los_angeles_located_in_fill_26.wav,att_check_good,NA,NA,NA,California,y,first,other,,reported being unable to hear audio on this trial,,JB_1204
25,65b5514788898b37378519fe068acac6b19d1c3581b577cbb92466349d443d5f,no audio,what_state_is_los_angeles_located_in_fill_26.wav,att_check_good,NA,NA,NA,California,,,,,,,
25,65b5514788898b37378519fe068acac6b19d1c3581b577cbb92466349d443d5f,The question does NOT need any corrections.,what_state_is_los_angeles_located_in_fill_26.wav,att_check_good,NA,NA,NA,California,nans,secdiff,,a,,,JB_1204
25,65b5514788898b37378519fe068acac6b19d1c3581b577cbb92466349d443d5f,California,what_state_is_los_angeles_located_in_fill_26.wav,att_check_good,NA,NA,NA,California,,,,,,,
25,65b5514788898b37378519fe068acac6b19d1c3581b577cbb92466349d443d5f,"The question does NOT need any corrections, but I don't know the answer/ I don't understand what the question is asking.",what_organ_is_often_associated_with_being_eaten_by_rotting_flesh_monsters_also_known_as_zombies_fill_02.wav,filler_other,NA,NA,NA,the brain,nun,first,,,accidentally selected wrong answer choice - they answered the question correctly,,FB_1206
25,65b5514788898b37378519fe068acac6b19d1c3581b577cbb92466349d443d5f,The answer is brains.,what_organ_is_often_associated_with_being_eaten_by_rotting_flesh_monsters_also_known_as_zombies_fill_02.wav,filler_other,NA,NA,NA,the brain,,,,,,,
25,65b5514788898b37378519fe068acac6b19d1c3581b577cbb92466349d443d5f,The question does NOT need any corrections.,what_organ_is_often_associated_with_being_eaten_by_rotting_flesh_monsters_also_known_as_zombies_fill_02.wav,filler_other,NA,NA,NA,the brain,nans,secsame,,a,,,FB_1206
25,65b5514788898b37378519fe068acac6b19d1c3581b577cbb92466349d443d5f,The answer is the brain.,what_organ_is_often_associated_with_being_eaten_by_rotting_flesh_monsters_also_known_as_zombies_fill_02.wav,filler_other,NA,NA,NA,the brain,,,,,,,
25,65b5514788898b37378519fe068acac6b19d1c3581b577cbb92466349d443d5f,The question does NOT need any corrections.,what_kind_of_animal_is_mickey_mouse’s_girlfriend_minnie_who_wears_a_bow_fill_09.wav,filler_other,NA,NA,NA,mouse,nans,first,,a,,,FB_1206
25,65b5514788898b37378519fe068acac6b19d1c3581b577cbb92466349d443d5f,Minnie is a mouse,what_kind_of_animal_is_mickey_mouse’s_girlfriend_minnie_who_wears_a_bow_fill_09.wav,filler_other,NA,NA,NA,mouse,,,,,,,
25,65b5514788898b37378519fe068acac6b19d1c3581b577cbb92466349d443d5f,I’m good — skip to the next question,what_kind_of_animal_is_mickey_mouse’s_girlfriend_minnie_who_wears_a_bow_fill_09.wav,filler_other,NA,NA,NA,mouse,s,secsame,,,,,FB_1206
25,65b5514788898b37378519fe068acac6b19d1c3581b577cbb92466349d443d5f,NA,what_kind_of_animal_is_mickey_mouse’s_girlfriend_minnie_who_wears_a_bow_fill_09.wav,filler_other,NA,NA,NA,mouse,,,,,,,
25,65b5514788898b37378519fe068acac6b19d1c3581b577cbb92466349d443d5f,The question does NOT need any corrections.,which_cartoon_character_works_at_the_krusty_krab_and_is_best_friends_with_patrick_star_fill_04.wav,filler_other,NA,NA,NA,Spongebob,nans,first,,a,,,FB_1206
25,65b5514788898b37378519fe068acac6b19d1c3581b577cbb92466349d443d5f,The answer is Spongebob.,which_cartoon_character_works_at_the_krusty_krab_and_is_best_friends_with_patrick_star_fill_04.wav,filler_other,NA,NA,NA,Spongebob,,,,,,,
25,65b5514788898b37378519fe068acac6b19d1c3581b577cbb92466349d443d5f,I’m good — skip to the next question,which_cartoon_character_works_at_the_krusty_krab_and_is_best_friends_with_patrick_star_fill_04.wav,filler_other,NA,NA,NA,Spongebob,s,secsame,,,,,FB_1206
25,65b5514788898b37378519fe068acac6b19d1c3581b577cbb92466349d443d5f,NA,which_cartoon_character_works_at_the_krusty_krab_and_is_best_friends_with_patrick_star_fill_04.wav,filler_other,NA,NA,NA,Spongebob,,,,,,,
25,65b5514788898b37378519fe068acac6b19d1c3581b577cbb92466349d443d5f,The question does NOT need any corrections.,what_term_refers_to_armored_men_who_enjoyed_carrying_medieval_swords_that_class_in_combat_targ_02_B.wav,target,phon_err,infinitive vs. participle,/ʃ/ --> /s/; clash/class,knights,nans,first,,a,,,FB_1206
25,65b5514788898b37378519fe068acac6b19d1c3581b577cbb92466349d443d5f,The answer is knight.,what_term_refers_to_armored_men_who_enjoyed_carrying_medieval_swords_that_class_in_combat_targ_02_B.wav,target,phon_err,infinitive vs. participle,/ʃ/ --> /s/; clash/class,knights,,,,,,,
25,65b5514788898b37378519fe068acac6b19d1c3581b577cbb92466349d443d5f,"The question needs to be CORRECTED (Select this if you spot an error, even if you don’t know the answer).",what_term_refers_to_armored_men_who_enjoyed_carrying_medieval_swords_that_class_in_combat_targ_02_B.wav,target,phon_err,infinitive vs. participle,/ʃ/ --> /s/; clash/class,knights,y,secdiff,p,,,,FB_1206
25,65b5514788898b37378519fe068acac6b19d1c3581b577cbb92466349d443d5f,"The speaker said ""class"" instead of ""clash.""",what_term_refers_to_armored_men_who_enjoyed_carrying_medieval_swords_that_class_in_combat_targ_02_B.wav,target,phon_err,infinitive vs. participle,/ʃ/ --> /s/; clash/class,knights,,,,,,,
25,65b5514788898b37378519fe068acac6b19d1c3581b577cbb92466349d443d5f,"The question does NOT need any corrections, but I don't know the answer/ I don't understand what the question is asking.",what_supplies_do_you_need_to_knit_a_scarf_targ_13_A.wav,target,correct,no aux verbs in questions (lack of do support),/ɪ/ --> /i/; knit/neat,needles and yarn,nun,first,,,,,FB_1206
25,65b5514788898b37378519fe068acac6b19d1c3581b577cbb92466349d443d5f,No audio.,what_supplies_do_you_need_to_knit_a_scarf_targ_13_A.wav,target,correct,no aux verbs in questions (lack of do support),/ɪ/ --> /i/; knit/neat,needles and yarn,,,,,,,
25,65b5514788898b37378519fe068acac6b19d1c3581b577cbb92466349d443d5f,The question does NOT need any corrections.,what_supplies_do_you_need_to_knit_a_scarf_targ_13_A.wav,target,correct,no aux verbs in questions (lack of do support),/ɪ/ --> /i/; knit/neat,needles and yarn,nans,secdiff,,a,,,FB_1206
25,65b5514788898b37378519fe068acac6b19d1c3581b577cbb92466349d443d5f,Answer is yarn and knitting needles.,what_supplies_do_you_need_to_knit_a_scarf_targ_13_A.wav,target,correct,no aux verbs in questions (lack of do support),/ɪ/ --> /i/; knit/neat,needles and yarn,,,,,,,
25,65b5514788898b37378519fe068acac6b19d1c3581b577cbb92466349d443d5f,"The question needs to be CORRECTED (Select this if you spot an error, even if you don’t know the answer).",when_you_are_hot_what_device_measures_body_temperature_in_boat_celsius_and_fahrenheit_targ_18_B.wav,target,phon_err,have vs. be,/θ/ --> /t/; both/boat,thermometer,y,first,other,,speaker reported audio issues,,FB_1206
25,65b5514788898b37378519fe068acac6b19d1c3581b577cbb92466349d443d5f,No audio.,when_you_are_hot_what_device_measures_body_temperature_in_boat_celsius_and_fahrenheit_targ_18_B.wav,target,phon_err,have vs. be,/θ/ --> /t/; both/boat,thermometer,,,,,,,
25,65b5514788898b37378519fe068acac6b19d1c3581b577cbb92466349d443d5f,The question does NOT need any corrections.,when_you_are_hot_what_device_measures_body_temperature_in_boat_celsius_and_fahrenheit_targ_18_B.wav,target,phon_err,have vs. be,/θ/ --> /t/; both/boat,thermometer,nans,secdiff,,a,,,FB_1206
25,65b5514788898b37378519fe068acac6b19d1c3581b577cbb92466349d443d5f,The answer is thermometer.,when_you_are_hot_what_device_measures_body_temperature_in_boat_celsius_and_fahrenheit_targ_18_B.wav,target,phon_err,have vs. be,/θ/ --> /t/; both/boat,thermometer,,,,,,,
25,65b5514788898b37378519fe068acac6b19d1c3581b577cbb92466349d443d5f,"The question needs to be CORRECTED (Select this if you spot an error, even if you don’t know the answer).",what_colors_can_have_on_a_traffic_light_which_often_senses_when_cars_pull_up_targ_11_C.wav,target,non_phon_err,have vs. be,/ʊ/ --> /u/; pulls/pools,green,y,first,np?,,,,FB_1206
25,65b5514788898b37378519fe068acac6b19d1c3581b577cbb92466349d443d5f,"A wrong word was used, not sure.",what_colors_can_have_on_a_traffic_light_which_often_senses_when_cars_pull_up_targ_11_C.wav,target,non_phon_err,have vs. be,/ʊ/ --> /u/; pulls/pools,green,,,,,,,
25,65b5514788898b37378519fe068acac6b19d1c3581b577cbb92466349d443d5f,I’m good — skip to the next question,what_colors_can_have_on_a_traffic_light_which_often_senses_when_cars_pull_up_targ_11_C.wav,target,non_phon_err,have vs. be,/ʊ/ --> /u/; pulls/pools,green,s,secsame,,,,,FB_1206
25,65b5514788898b37378519fe068acac6b19d1c3581b577cbb92466349d443d5f,NA,what_colors_can_have_on_a_traffic_light_which_often_senses_when_cars_pull_up_targ_11_C.wav,target,non_phon_err,have vs. be,/ʊ/ --> /u/; pulls/pools,green,,,,,,,
25,65b5514788898b37378519fe068acac6b19d1c3581b577cbb92466349d443d5f,The question does NOT need any corrections.,if_laundry_service_will_come_in_five_days_and_todays_thursday_when_are_they_doing_laundry_next_targ_09_A.wav,target,correct,make vs. other verb,/k/ --> /g/; come/gum,Tuesday,nans,first,,a,,,FB_1206
25,65b5514788898b37378519fe068acac6b19d1c3581b577cbb92466349d443d5f,The answer is Tuesday.,if_laundry_service_will_come_in_five_days_and_todays_thursday_when_are_they_doing_laundry_next_targ_09_A.wav,target,correct,make vs. other verb,/k/ --> /g/; come/gum,Tuesday,,,,,,,
25,65b5514788898b37378519fe068acac6b19d1c3581b577cbb92466349d443d5f,I’m good — skip to the next question,if_laundry_service_will_come_in_five_days_and_todays_thursday_when_are_they_doing_laundry_next_targ_09_A.wav,target,correct,make vs. other verb,/k/ --> /g/; come/gum,Tuesday,s,secsame,,,,,FB_1206
25,65b5514788898b37378519fe068acac6b19d1c3581b577cbb92466349d443d5f,NA,if_laundry_service_will_come_in_five_days_and_todays_thursday_when_are_they_doing_laundry_next_targ_09_A.wav,target,correct,make vs. other verb,/k/ --> /g/; come/gum,Tuesday,,,,,,,
25,65b5514788898b37378519fe068acac6b19d1c3581b577cbb92466349d443d5f,"The question needs to be CORRECTED (Select this if you spot an error, even if you don’t know the answer).",in_the_lion_king_who_does_nala_talk_to_and_is_laying_in_a_cot_after_theyve_reunited_targ_21_A.wav,target,correct,no aux verbs in questions (lack of do support),/k/ --> /g/; cot/got,Simba,y,first,othernp,,,,FB_1206
25,65b5514788898b37378519fe068acac6b19d1c3581b577cbb92466349d443d5f,Something is off.,in_the_lion_king_who_does_nala_talk_to_and_is_laying_in_a_cot_after_theyve_reunited_targ_21_A.wav,target,correct,no aux verbs in questions (lack of do support),/k/ --> /g/; cot/got,Simba,,,,,,,
25,65b5514788898b37378519fe068acac6b19d1c3581b577cbb92466349d443d5f,I’m good — skip to the next question,in_the_lion_king_who_does_nala_talk_to_and_is_laying_in_a_cot_after_theyve_reunited_targ_21_A.wav,target,correct,no aux verbs in questions (lack of do support),/k/ --> /g/; cot/got,Simba,s,secsame,,,,,FB_1206
25,65b5514788898b37378519fe068acac6b19d1c3581b577cbb92466349d443d5f,NA,in_the_lion_king_who_does_nala_talk_to_and_is_laying_in_a_cot_after_theyve_reunited_targ_21_A.wav,target,correct,no aux verbs in questions (lack of do support),/k/ --> /g/; cot/got,Simba,,,,,,,
25,65b5514788898b37378519fe068acac6b19d1c3581b577cbb92466349d443d5f,The question does NOT need any corrections.,which_oscar-winning_movie_features_tom_hanks_saying_life_is_like_a_box_of_chocolates_fill_12.wav,filler_other,NA,NA,NA,Forrest Gump,nans,first,,a,,,FB_1206
25,65b5514788898b37378519fe068acac6b19d1c3581b577cbb92466349d443d5f,The answer is Forrest Gump.,which_oscar-winning_movie_features_tom_hanks_saying_life_is_like_a_box_of_chocolates_fill_12.wav,filler_other,NA,NA,NA,Forrest Gump,,,,,,,
25,65b5514788898b37378519fe068acac6b19d1c3581b577cbb92466349d443d5f,I’m good — skip to the next question,which_oscar-winning_movie_features_tom_hanks_saying_life_is_like_a_box_of_chocolates_fill_12.wav,filler_other,NA,NA,NA,Forrest Gump,s,secsame,,,,,FB_1206
25,65b5514788898b37378519fe068acac6b19d1c3581b577cbb92466349d443d5f,NA,which_oscar-winning_movie_features_tom_hanks_saying_life_is_like_a_box_of_chocolates_fill_12.wav,filler_other,NA,NA,NA,Forrest Gump,,,,,,,
25,65b5514788898b37378519fe068acac6b19d1c3581b577cbb92466349d443d5f,The question does NOT need any corrections.,in_what_country_would_you_find_landmarks_like_the_pyramids_of_giza_and_great_sphinx_fill_24.wav,filler_other,NA,NA,NA,Egypt,nans,first,,blank,participant didn't provide an answer,,FB_1206
25,65b5514788898b37378519fe068acac6b19d1c3581b577cbb92466349d443d5f,The answer is,in_what_country_would_you_find_landmarks_like_the_pyramids_of_giza_and_great_sphinx_fill_24.wav,filler_other,NA,NA,NA,Egypt,,,,,,,
25,65b5514788898b37378519fe068acac6b19d1c3581b577cbb92466349d443d5f,The question does NOT need any corrections.,in_what_country_would_you_find_landmarks_like_the_pyramids_of_giza_and_great_sphinx_fill_24.wav,filler_other,NA,NA,NA,Egypt,nans,secdiff,,a,,,FB_1206
25,65b5514788898b37378519fe068acac6b19d1c3581b577cbb92466349d443d5f,The answer is Egypt.,in_what_country_would_you_find_landmarks_like_the_pyramids_of_giza_and_great_sphinx_fill_24.wav,filler_other,NA,NA,NA,Egypt,,,,,,,
25,65b5514788898b37378519fe068acac6b19d1c3581b577cbb92466349d443d5f,"The question does NOT need any corrections, but I don't know the answer/ I don't understand what the question is asking.",how_many_days_would_my_tandem_bike_be_gone_if_someone_borrows_it_for_july_targ_17_A.wav,target,correct,adj/noun order,/ʊ/ --> /u/; would/wooed,thirty-one days,nun,first,,,,,FB_1206
25,65b5514788898b37378519fe068acac6b19d1c3581b577cbb92466349d443d5f,Audio cut out,how_many_days_would_my_tandem_bike_be_gone_if_someone_borrows_it_for_july_targ_17_A.wav,target,correct,adj/noun order,/ʊ/ --> /u/; would/wooed,thirty-one days,,,,,,,
25,65b5514788898b37378519fe068acac6b19d1c3581b577cbb92466349d443d5f,"The question needs to be CORRECTED (Select this if you spot an error, even if you don’t know the answer).",how_many_days_would_my_tandem_bike_be_gone_if_someone_borrows_it_for_july_targ_17_A.wav,target,correct,adj/noun order,/ʊ/ --> /u/; would/wooed,thirty-one days,y,secdiff,other,,participant had some comprehension issues,,FB_1206
25,65b5514788898b37378519fe068acac6b19d1c3581b577cbb92466349d443d5f,What is being borrowed in July is unclear.,how_many_days_would_my_tandem_bike_be_gone_if_someone_borrows_it_for_july_targ_17_A.wav,target,correct,adj/noun order,/ʊ/ --> /u/; would/wooed,thirty-one days,,,,,,,
25,65b5514788898b37378519fe068acac6b19d1c3581b577cbb92466349d443d5f,The question does NOT need any corrections.,what_novel_has_the_quote_i’m_late_i’m_late_for_a_very_important_date_fill_13.wav,filler_other,NA,NA,NA,Alice in Wonderland,nans,first,,a,,,FB_1206
25,65b5514788898b37378519fe068acac6b19d1c3581b577cbb92466349d443d5f,The answer is Alice In Wonderland.,what_novel_has_the_quote_i’m_late_i’m_late_for_a_very_important_date_fill_13.wav,filler_other,NA,NA,NA,Alice in Wonderland,,,,,,,
25,65b5514788898b37378519fe068acac6b19d1c3581b577cbb92466349d443d5f,I’m good — skip to the next question,what_novel_has_the_quote_i’m_late_i’m_late_for_a_very_important_date_fill_13.wav,filler_other,NA,NA,NA,Alice in Wonderland,s,secsame,,,,,FB_1206
25,65b5514788898b37378519fe068acac6b19d1c3581b577cbb92466349d443d5f,NA,what_novel_has_the_quote_i’m_late_i’m_late_for_a_very_important_date_fill_13.wav,filler_other,NA,NA,NA,Alice in Wonderland,,,,,,,
25,65b5514788898b37378519fe068acac6b19d1c3581b577cbb92466349d443d5f,"The question needs to be CORRECTED (Select this if you spot an error, even if you don’t know the answer).",where_do_the_jolly_christmas_icons_santa_claus_and_his_wife_mrs._claus_live_fill_22.wav,filler_other,NA,NA,NA,the North Pole,y,first,otherfill,,,,FB_1206
25,65b5514788898b37378519fe068acac6b19d1c3581b577cbb92466349d443d5f,I need to hear it again.,where_do_the_jolly_christmas_icons_santa_claus_and_his_wife_mrs._claus_live_fill_22.wav,filler_other,NA,NA,NA,the North Pole,,,,,,,
25,65b5514788898b37378519fe068acac6b19d1c3581b577cbb92466349d443d5f,"The question needs to be CORRECTED (Select this if you spot an error, even if you don’t know the answer).",where_do_the_jolly_christmas_icons_santa_claus_and_his_wife_mrs._claus_live_fill_22.wav,filler_other,NA,NA,NA,the North Pole,y,secdiff,otherfill,,,,FB_1206
25,65b5514788898b37378519fe068acac6b19d1c3581b577cbb92466349d443d5f,"The word ""Icons"" is a bit unclear in pronunciation.",where_do_the_jolly_christmas_icons_santa_claus_and_his_wife_mrs._claus_live_fill_22.wav,filler_other,NA,NA,NA,the North Pole,,,,,,,
25,65b5514788898b37378519fe068acac6b19d1c3581b577cbb92466349d443d5f,The question does NOT need any corrections.,which_fast_food_chain_offers_foot-long_sandwiches_and_has_the_slogan_eat_fresh_fill_11.wav,filler_other,NA,NA,NA,Subway,nans,first,,blank,reported audio issues,,FB_1206
25,65b5514788898b37378519fe068acac6b19d1c3581b577cbb92466349d443d5f,Audio cut out,which_fast_food_chain_offers_foot-long_sandwiches_and_has_the_slogan_eat_fresh_fill_11.wav,filler_other,NA,NA,NA,Subway,,,,,,,
25,65b5514788898b37378519fe068acac6b19d1c3581b577cbb92466349d443d5f,"The question needs to be CORRECTED (Select this if you spot an error, even if you don’t know the answer).",which_fast_food_chain_offers_foot-long_sandwiches_and_has_the_slogan_eat_fresh_fill_11.wav,filler_other,NA,NA,NA,Subway,y,secdiff,otherfill,,,,FB_1206
25,65b5514788898b37378519fe068acac6b19d1c3581b577cbb92466349d443d5f,"Logon was said instead of slogan.
 The answer is Subway.",which_fast_food_chain_offers_foot-long_sandwiches_and_has_the_slogan_eat_fresh_fill_11.wav,filler_other,NA,NA,NA,Subway,,,,,,,
25,65b5514788898b37378519fe068acac6b19d1c3581b577cbb92466349d443d5f,"The question does NOT need any corrections, but I don't know the answer/ I don't understand what the question is asking.",which_tropical_fruit_that_grows_on_palm_trees_is_used_for_oils_and_milks_fill_18.wav,filler_other,NA,NA,NA,coconuts,nun,first,,,,,FB_1206
25,65b5514788898b37378519fe068acac6b19d1c3581b577cbb92466349d443d5f,NA,which_tropical_fruit_that_grows_on_palm_trees_is_used_for_oils_and_milks_fill_18.wav,filler_other,NA,NA,NA,coconuts,,,,,,,
25,65b5514788898b37378519fe068acac6b19d1c3581b577cbb92466349d443d5f,The question does NOT need any corrections.,which_tropical_fruit_that_grows_on_palm_trees_is_used_for_oils_and_milks_fill_18.wav,filler_other,NA,NA,NA,coconuts,nans,secdiff,,a,,,FB_1206
25,65b5514788898b37378519fe068acac6b19d1c3581b577cbb92466349d443d5f,The answer is coconut.,which_tropical_fruit_that_grows_on_palm_trees_is_used_for_oils_and_milks_fill_18.wav,filler_other,NA,NA,NA,coconuts,,,,,,,
25,65b5514788898b37378519fe068acac6b19d1c3581b577cbb92466349d443d5f,The question does NOT need any corrections.,what_musician_won_grammys_for_their_album_thriller_which_features_the_hit_song_beat_it_fill_20.wav,filler_other,NA,NA,NA,Michael Jackson,nans,first,,a,,,FB_1206
25,65b5514788898b37378519fe068acac6b19d1c3581b577cbb92466349d443d5f,The answer is Michael Jackson.,what_musician_won_grammys_for_their_album_thriller_which_features_the_hit_song_beat_it_fill_20.wav,filler_other,NA,NA,NA,Michael Jackson,,,,,,,
25,65b5514788898b37378519fe068acac6b19d1c3581b577cbb92466349d443d5f,I’m good — skip to the next question,what_musician_won_grammys_for_their_album_thriller_which_features_the_hit_song_beat_it_fill_20.wav,filler_other,NA,NA,NA,Michael Jackson,s,secsame,,,,,FB_1206
25,65b5514788898b37378519fe068acac6b19d1c3581b577cbb92466349d443d5f,NA,what_musician_won_grammys_for_their_album_thriller_which_features_the_hit_song_beat_it_fill_20.wav,filler_other,NA,NA,NA,Michael Jackson,,,,,,,
25,65b5514788898b37378519fe068acac6b19d1c3581b577cbb92466349d443d5f,"The question needs to be CORRECTED (Select this if you spot an error, even if you don’t know the answer).",if_i_consider_to_leave_work_after_the_fort_hour_how_many_minutes_would_that_be_targ_24_D.wav,target,both_err,infinitive vs. participle,/θ/ --> /t/; fourth/fort,two hundred and forty,y,first,p,,,,FB_1206
25,65b5514788898b37378519fe068acac6b19d1c3581b577cbb92466349d443d5f,Fort instead of fourth was said,if_i_consider_to_leave_work_after_the_fort_hour_how_many_minutes_would_that_be_targ_24_D.wav,target,both_err,infinitive vs. participle,/θ/ --> /t/; fourth/fort,two hundred and forty,,,,,,,
25,65b5514788898b37378519fe068acac6b19d1c3581b577cbb92466349d443d5f,"The question needs to be CORRECTED (Select this if you spot an error, even if you don’t know the answer).",if_i_consider_to_leave_work_after_the_fort_hour_how_many_minutes_would_that_be_targ_24_D.wav,target,both_err,infinitive vs. participle,/θ/ --> /t/; fourth/fort,two hundred and forty,y,secdiff,both,,,,FB_1206
25,65b5514788898b37378519fe068acac6b19d1c3581b577cbb92466349d443d5f,""" consider to"" instead of "" consider leaving""
 "" fort"" instead of "" fourth""",if_i_consider_to_leave_work_after_the_fort_hour_how_many_minutes_would_that_be_targ_24_D.wav,target,both_err,infinitive vs. participle,/θ/ --> /t/; fourth/fort,two hundred and forty,,,,,,,
25,65b5514788898b37378519fe068acac6b19d1c3581b577cbb92466349d443d5f,"The question needs to be CORRECTED (Select this if you spot an error, even if you don’t know the answer).",what_animal_is_typically_white_with_black_spots_and_says_moo_fill_21.wav,filler_other,NA,NA,NA,a cow,y,first,otherfill,,,,FB_1206
25,65b5514788898b37378519fe068acac6b19d1c3581b577cbb92466349d443d5f,No audio at start,what_animal_is_typically_white_with_black_spots_and_says_moo_fill_21.wav,filler_other,NA,NA,NA,a cow,,,,,,,
25,65b5514788898b37378519fe068acac6b19d1c3581b577cbb92466349d443d5f,"The question needs to be CORRECTED (Select this if you spot an error, even if you don’t know the answer).",what_animal_is_typically_white_with_black_spots_and_says_moo_fill_21.wav,filler_other,NA,NA,NA,a cow,y,secdiff,otherfill,,,,FB_1206
25,65b5514788898b37378519fe068acac6b19d1c3581b577cbb92466349d443d5f,What is said at the end is unclear.,what_animal_is_typically_white_with_black_spots_and_says_moo_fill_21.wav,filler_other,NA,NA,NA,a cow,,,,,,,
25,65b5514788898b37378519fe068acac6b19d1c3581b577cbb92466349d443d5f,"The question needs to be CORRECTED (Select this if you spot an error, even if you don’t know the answer).",if_youre_on_a_pat_from_california_to_hawaii_which_ocean_you_go_through_targ_12_D.wav,target,both_err,no aux verbs in questions (lack of do support),/θ/ --> /t/; path/pat,Pacific Ocean,y,first,both,,,,FB_1206
25,65b5514788898b37378519fe068acac6b19d1c3581b577cbb92466349d443d5f,"""bat"" instead of ""boat""
 ""what ocean you go through"""" instead of "" what ocean do you go through?""",if_youre_on_a_pat_from_california_to_hawaii_which_ocean_you_go_through_targ_12_D.wav,target,both_err,no aux verbs in questions (lack of do support),/θ/ --> /t/; path/pat,Pacific Ocean,,,,,,,
25,65b5514788898b37378519fe068acac6b19d1c3581b577cbb92466349d443d5f,I’m good — skip to the next question,if_youre_on_a_pat_from_california_to_hawaii_which_ocean_you_go_through_targ_12_D.wav,target,both_err,no aux verbs in questions (lack of do support),/θ/ --> /t/; path/pat,Pacific Ocean,s,secsame,,,,,FB_1206
25,65b5514788898b37378519fe068acac6b19d1c3581b577cbb92466349d443d5f,NA,if_youre_on_a_pat_from_california_to_hawaii_which_ocean_you_go_through_targ_12_D.wav,target,both_err,no aux verbs in questions (lack of do support),/θ/ --> /t/; path/pat,Pacific Ocean,,,,,,,
25,65b5514788898b37378519fe068acac6b19d1c3581b577cbb92466349d443d5f,"The question needs to be CORRECTED (Select this if you spot an error, even if you don’t know the answer).",what_neil_armstrong_say_during_his_berry_first_steps_on_the_moon_targ_04_D.wav,target,both_err,no aux verbs in questions (lack of do support),/v/ --> /b/; very/berry,"""That's one small step for man, one giant leap for mankind.""",y,first,np,,also otherp,,FB_1206
25,65b5514788898b37378519fe068acac6b19d1c3581b577cbb92466349d443d5f,""" Nell"" instead of ""Neil""
 "" What Nell"" instead of "" What did Neil""",what_neil_armstrong_say_during_his_berry_first_steps_on_the_moon_targ_04_D.wav,target,both_err,no aux verbs in questions (lack of do support),/v/ --> /b/; very/berry,"""That's one small step for man, one giant leap for mankind.""",,,,,,,
25,65b5514788898b37378519fe068acac6b19d1c3581b577cbb92466349d443d5f,I’m good — skip to the next question,what_neil_armstrong_say_during_his_berry_first_steps_on_the_moon_targ_04_D.wav,target,both_err,no aux verbs in questions (lack of do support),/v/ --> /b/; very/berry,"""That's one small step for man, one giant leap for mankind.""",s,secsame,,,,,FB_1206
25,65b5514788898b37378519fe068acac6b19d1c3581b577cbb92466349d443d5f,NA,what_neil_armstrong_say_during_his_berry_first_steps_on_the_moon_targ_04_D.wav,target,both_err,no aux verbs in questions (lack of do support),/v/ --> /b/; very/berry,"""That's one small step for man, one giant leap for mankind.""",,,,,,,
25,65b5514788898b37378519fe068acac6b19d1c3581b577cbb92466349d443d5f,"The question needs to be CORRECTED (Select this if you spot an error, even if you don’t know the answer).",what_company_created_the_macbook_a_device_full_of_features_to_help_students_make_homework_targ_23_C.wav,target,non_phon_err,make vs. other verb,/ʊ/ --> /u/; full/fool,Apple,y,first,np,,,,FB_1206
25,65b5514788898b37378519fe068acac6b19d1c3581b577cbb92466349d443d5f,"""make"" instead of ""do""",what_company_created_the_macbook_a_device_full_of_features_to_help_students_make_homework_targ_23_C.wav,target,non_phon_err,make vs. other verb,/ʊ/ --> /u/; full/fool,Apple,,,,,,,
25,65b5514788898b37378519fe068acac6b19d1c3581b577cbb92466349d443d5f,I’m good — skip to the next question,what_company_created_the_macbook_a_device_full_of_features_to_help_students_make_homework_targ_23_C.wav,target,non_phon_err,make vs. other verb,/ʊ/ --> /u/; full/fool,Apple,s,secsame,,,,,FB_1206
25,65b5514788898b37378519fe068acac6b19d1c3581b577cbb92466349d443d5f,NA,what_company_created_the_macbook_a_device_full_of_features_to_help_students_make_homework_targ_23_C.wav,target,non_phon_err,make vs. other verb,/ʊ/ --> /u/; full/fool,Apple,,,,,,,
25,65b5514788898b37378519fe068acac6b19d1c3581b577cbb92466349d443d5f,The question does NOT need any corrections.,which_cartoon_dog_solves_mysteries_with_the_group_fred_daphne_velma_and_shaggy_fill_10.wav,filler_other,NA,NA,NA,Scooby-Doo,nans,first,,a,,,FB_1206
25,65b5514788898b37378519fe068acac6b19d1c3581b577cbb92466349d443d5f,The answer is Scooby Doo,which_cartoon_dog_solves_mysteries_with_the_group_fred_daphne_velma_and_shaggy_fill_10.wav,filler_other,NA,NA,NA,Scooby-Doo,,,,,,,
25,65b5514788898b37378519fe068acac6b19d1c3581b577cbb92466349d443d5f,I’m good — skip to the next question,which_cartoon_dog_solves_mysteries_with_the_group_fred_daphne_velma_and_shaggy_fill_10.wav,filler_other,NA,NA,NA,Scooby-Doo,s,secsame,,,,,FB_1206
25,65b5514788898b37378519fe068acac6b19d1c3581b577cbb92466349d443d5f,NA,which_cartoon_dog_solves_mysteries_with_the_group_fred_daphne_velma_and_shaggy_fill_10.wav,filler_other,NA,NA,NA,Scooby-Doo,,,,,,,
25,65b5514788898b37378519fe068acac6b19d1c3581b577cbb92466349d443d5f,The question does NOT need any corrections.,who_discovered_the_law_of_universal_gravitation_which_accounts_for_why_objects_naturally_fall_downwards_fill_15.wav,filler_other,NA,NA,NA,Isaac Newton,nans,first,,twice,,,FB_1206
25,65b5514788898b37378519fe068acac6b19d1c3581b577cbb92466349d443d5f,The answer is Newton.,who_discovered_the_law_of_universal_gravitation_which_accounts_for_why_objects_naturally_fall_downwards_fill_15.wav,filler_other,NA,NA,NA,Isaac Newton,,,,,,,
25,65b5514788898b37378519fe068acac6b19d1c3581b577cbb92466349d443d5f,The question does NOT need any corrections.,who_discovered_the_law_of_universal_gravitation_which_accounts_for_why_objects_naturally_fall_downwards_fill_15.wav,filler_other,NA,NA,NA,Isaac Newton,nans,secsame,,a,"I'm assuming that the NA applies to 'no corrections needed', not an answer change",,FB_1206
25,65b5514788898b37378519fe068acac6b19d1c3581b577cbb92466349d443d5f,NA,who_discovered_the_law_of_universal_gravitation_which_accounts_for_why_objects_naturally_fall_downwards_fill_15.wav,filler_other,NA,NA,NA,Isaac Newton,,,,,,,
25,65b5514788898b37378519fe068acac6b19d1c3581b577cbb92466349d443d5f,The question does NOT need any corrections.,what_is_the_name_of_the_video_game_character_who_is_a_traveling_italian_plumber_fill_08.wav,filler_other,NA,NA,NA,Mario,nans,first,,a,,,FB_1206
25,65b5514788898b37378519fe068acac6b19d1c3581b577cbb92466349d443d5f,The answer is Mario,what_is_the_name_of_the_video_game_character_who_is_a_traveling_italian_plumber_fill_08.wav,filler_other,NA,NA,NA,Mario,,,,,,,
25,65b5514788898b37378519fe068acac6b19d1c3581b577cbb92466349d443d5f,I’m good — skip to the next question,what_is_the_name_of_the_video_game_character_who_is_a_traveling_italian_plumber_fill_08.wav,filler_other,NA,NA,NA,Mario,s,secsame,,,,,FB_1206
25,65b5514788898b37378519fe068acac6b19d1c3581b577cbb92466349d443d5f,NA,what_is_the_name_of_the_video_game_character_who_is_a_traveling_italian_plumber_fill_08.wav,filler_other,NA,NA,NA,Mario,,,,,,,
25,65b5514788898b37378519fe068acac6b19d1c3581b577cbb92466349d443d5f,The question does NOT need any corrections.,which_soft_pastry_made_with_a_certain_spice_is_often_spiral-shaped_and_topped_with_icing_fill_16.wav,filler_other,NA,NA,NA,cinnamon roll,nans,first,,a,,,FB_1206
25,65b5514788898b37378519fe068acac6b19d1c3581b577cbb92466349d443d5f,The answer is cinnamon bun.,which_soft_pastry_made_with_a_certain_spice_is_often_spiral-shaped_and_topped_with_icing_fill_16.wav,filler_other,NA,NA,NA,cinnamon roll,,,,,,,
25,65b5514788898b37378519fe068acac6b19d1c3581b577cbb92466349d443d5f,I’m good — skip to the next question,which_soft_pastry_made_with_a_certain_spice_is_often_spiral-shaped_and_topped_with_icing_fill_16.wav,filler_other,NA,NA,NA,cinnamon roll,s,secsame,,,,,FB_1206
25,65b5514788898b37378519fe068acac6b19d1c3581b577cbb92466349d443d5f,NA,which_soft_pastry_made_with_a_certain_spice_is_often_spiral-shaped_and_topped_with_icing_fill_16.wav,filler_other,NA,NA,NA,cinnamon roll,,,,,,,
25,65b5514788898b37378519fe068acac6b19d1c3581b577cbb92466349d443d5f,"The question does NOT need any corrections, but I don't know the answer/ I don't understand what the question is asking.",what_letter_in_the_latin_alphabet_corresponds_to_the_greek_letter_alpha_fill_01.wav,filler_other,NA,NA,NA,a,nun,first,,,,,FB_1206
25,65b5514788898b37378519fe068acac6b19d1c3581b577cbb92466349d443d5f,NA,what_letter_in_the_latin_alphabet_corresponds_to_the_greek_letter_alpha_fill_01.wav,filler_other,NA,NA,NA,a,,,,,,,
25,65b5514788898b37378519fe068acac6b19d1c3581b577cbb92466349d443d5f,I’m good — skip to the next question,what_letter_in_the_latin_alphabet_corresponds_to_the_greek_letter_alpha_fill_01.wav,filler_other,NA,NA,NA,a,s,secsame,,,,,FB_1206
25,65b5514788898b37378519fe068acac6b19d1c3581b577cbb92466349d443d5f,NA,what_letter_in_the_latin_alphabet_corresponds_to_the_greek_letter_alpha_fill_01.wav,filler_other,NA,NA,NA,a,,,,,,,
25,65b5514788898b37378519fe068acac6b19d1c3581b577cbb92466349d443d5f,"The question needs to be CORRECTED (Select this if you spot an error, even if you don’t know the answer).",who_did_americans_boat_for_to_be_their_first_president_who_avoided_serving_three_terms_targ_10_B.wav,target,phon_err,infinitive vs. participle,/v/ --> /b/; vote/boat,George Washington,y,first,p,,,,FB_1206
25,65b5514788898b37378519fe068acac6b19d1c3581b577cbb92466349d443d5f,Boted instead of voted.,who_did_americans_boat_for_to_be_their_first_president_who_avoided_serving_three_terms_targ_10_B.wav,target,phon_err,infinitive vs. participle,/v/ --> /b/; vote/boat,George Washington,,,,,,,
25,65b5514788898b37378519fe068acac6b19d1c3581b577cbb92466349d443d5f,"The question needs to be CORRECTED (Select this if you spot an error, even if you don’t know the answer).",who_did_americans_boat_for_to_be_their_first_president_who_avoided_serving_three_terms_targ_10_B.wav,target,phon_err,infinitive vs. participle,/v/ --> /b/; vote/boat,George Washington,y,secdiff,otherp,,,,FB_1206
25,65b5514788898b37378519fe068acac6b19d1c3581b577cbb92466349d443d5f,Aboided instead of avoided,who_did_americans_boat_for_to_be_their_first_president_who_avoided_serving_three_terms_targ_10_B.wav,target,phon_err,infinitive vs. participle,/v/ --> /b/; vote/boat,George Washington,,,,,,,
25,65b5514788898b37378519fe068acac6b19d1c3581b577cbb92466349d443d5f,"The question needs to be CORRECTED (Select this if you spot an error, even if you don’t know the answer).",what_popular_us_chain_provides_a_happy_meal_toy_or_plus_when_kids_have_hungry_targ_20_D.wav,target,both_err,have vs. be,/ʃ/ --> /s/; plush/plus,McDonald's,y,first,other,,participant didn't provide a specific answer,,FB_1206
25,65b5514788898b37378519fe068acac6b19d1c3581b577cbb92466349d443d5f,What?,what_popular_us_chain_provides_a_happy_meal_toy_or_plus_when_kids_have_hungry_targ_20_D.wav,target,both_err,have vs. be,/ʃ/ --> /s/; plush/plus,McDonald's,,,,,,,
25,65b5514788898b37378519fe068acac6b19d1c3581b577cbb92466349d443d5f,I’m good — skip to the next question,what_popular_us_chain_provides_a_happy_meal_toy_or_plus_when_kids_have_hungry_targ_20_D.wav,target,both_err,have vs. be,/ʃ/ --> /s/; plush/plus,McDonald's,s,secsame,,,,,FB_1206
25,65b5514788898b37378519fe068acac6b19d1c3581b577cbb92466349d443d5f,NA,what_popular_us_chain_provides_a_happy_meal_toy_or_plus_when_kids_have_hungry_targ_20_D.wav,target,both_err,have vs. be,/ʃ/ --> /s/; plush/plus,McDonald's,,,,,,,
25,65b5514788898b37378519fe068acac6b19d1c3581b577cbb92466349d443d5f,"The question needs to be CORRECTED (Select this if you spot an error, even if you don’t know the answer).",what_childrens_game_makes_people_sit_down_quickly_when_the_music_loud_stops_targ_07_C.wav,target,non_phon_err,adj/noun order,/ɪ/ --> /i/; sit/seat,musical chairs,y,first,np,,,,FB_1206
25,65b5514788898b37378519fe068acac6b19d1c3581b577cbb92466349d443d5f,""" music loud"" instead of ""loud music""",what_childrens_game_makes_people_sit_down_quickly_when_the_music_loud_stops_targ_07_C.wav,target,non_phon_err,adj/noun order,/ɪ/ --> /i/; sit/seat,musical chairs,,,,,,,
25,65b5514788898b37378519fe068acac6b19d1c3581b577cbb92466349d443d5f,I’m good — skip to the next question,what_childrens_game_makes_people_sit_down_quickly_when_the_music_loud_stops_targ_07_C.wav,target,non_phon_err,adj/noun order,/ɪ/ --> /i/; sit/seat,musical chairs,s,secsame,,,,,FB_1206
25,65b5514788898b37378519fe068acac6b19d1c3581b577cbb92466349d443d5f,NA,what_childrens_game_makes_people_sit_down_quickly_when_the_music_loud_stops_targ_07_C.wav,target,non_phon_err,adj/noun order,/ɪ/ --> /i/; sit/seat,musical chairs,,,,,,,
25,65b5514788898b37378519fe068acac6b19d1c3581b577cbb92466349d443d5f,The question does NOT need any corrections.,what_us_holiday_is_often_celebrated_with_fireworks_and_hotdogs_to_honor_americas_freedom_fill_17.wav,filler_other,NA,NA,NA,Independence Day,nans,first,,a,,,FB_1206
25,65b5514788898b37378519fe068acac6b19d1c3581b577cbb92466349d443d5f,The answer is Fourth of July.,what_us_holiday_is_often_celebrated_with_fireworks_and_hotdogs_to_honor_americas_freedom_fill_17.wav,filler_other,NA,NA,NA,Independence Day,,,,,,,
25,65b5514788898b37378519fe068acac6b19d1c3581b577cbb92466349d443d5f,I’m good — skip to the next question,what_us_holiday_is_often_celebrated_with_fireworks_and_hotdogs_to_honor_americas_freedom_fill_17.wav,filler_other,NA,NA,NA,Independence Day,s,secsame,,,,,FB_1206
25,65b5514788898b37378519fe068acac6b19d1c3581b577cbb92466349d443d5f,NA,what_us_holiday_is_often_celebrated_with_fireworks_and_hotdogs_to_honor_americas_freedom_fill_17.wav,filler_other,NA,NA,NA,Independence Day,,,,,,,
25,65b5514788898b37378519fe068acac6b19d1c3581b577cbb92466349d443d5f,The question does NOT need any corrections.,what_big_star_in_our_solar_system_can_still_be_visible_when_is_cloudy_targ_19_C.wav,target,non_phon_err,expletive 'it' dropping,/ɪ/ --> /i/; still/steal,the Sun,nans,first,,blank,"should have selected ""nun"" choice",,FB_1206
25,65b5514788898b37378519fe068acac6b19d1c3581b577cbb92466349d443d5f,NA,what_big_star_in_our_solar_system_can_still_be_visible_when_is_cloudy_targ_19_C.wav,target,non_phon_err,expletive 'it' dropping,/ɪ/ --> /i/; still/steal,the Sun,,,,,,,
25,65b5514788898b37378519fe068acac6b19d1c3581b577cbb92466349d443d5f,"The question does NOT need any corrections, but I don't know the answer/ I don't understand what the question is asking.",what_big_star_in_our_solar_system_can_still_be_visible_when_is_cloudy_targ_19_C.wav,target,non_phon_err,expletive 'it' dropping,/ɪ/ --> /i/; still/steal,the Sun,nun,secsame,,,,,FB_1206
25,65b5514788898b37378519fe068acac6b19d1c3581b577cbb92466349d443d5f,NA,what_big_star_in_our_solar_system_can_still_be_visible_when_is_cloudy_targ_19_C.wav,target,non_phon_err,expletive 'it' dropping,/ɪ/ --> /i/; still/steal,the Sun,,,,,,,
25,65b5514788898b37378519fe068acac6b19d1c3581b577cbb92466349d443d5f,The question does NOT need any corrections.,for_what_pink_ice_cream_flavor_will_companies_do_their_best_to_use_real_fruit_targ_01_A.wav,target,correct,make vs. other verb,/ɪ/ --> /i/; will/wheel,strawberry,nans,first,,a,,,FB_1206
25,65b5514788898b37378519fe068acac6b19d1c3581b577cbb92466349d443d5f,The answer is strawberry,for_what_pink_ice_cream_flavor_will_companies_do_their_best_to_use_real_fruit_targ_01_A.wav,target,correct,make vs. other verb,/ɪ/ --> /i/; will/wheel,strawberry,,,,,,,
25,65b5514788898b37378519fe068acac6b19d1c3581b577cbb92466349d443d5f,I’m good — skip to the next question,for_what_pink_ice_cream_flavor_will_companies_do_their_best_to_use_real_fruit_targ_01_A.wav,target,correct,make vs. other verb,/ɪ/ --> /i/; will/wheel,strawberry,s,secsame,,,,,FB_1206
25,65b5514788898b37378519fe068acac6b19d1c3581b577cbb92466349d443d5f,NA,for_what_pink_ice_cream_flavor_will_companies_do_their_best_to_use_real_fruit_targ_01_A.wav,target,correct,make vs. other verb,/ɪ/ --> /i/; will/wheel,strawberry,,,,,,,
25,65b5514788898b37378519fe068acac6b19d1c3581b577cbb92466349d443d5f,The question does NOT need any corrections.,what_holiday_occurs_at_the_end_of_october_and_features_trick-or-treating_pumpkins_and_haunted_houses_fill_07.wav,filler_other,NA,NA,NA,Halloween,nans,first,,a,,,FB_1206
25,65b5514788898b37378519fe068acac6b19d1c3581b577cbb92466349d443d5f,Halloween,what_holiday_occurs_at_the_end_of_october_and_features_trick-or-treating_pumpkins_and_haunted_houses_fill_07.wav,filler_other,NA,NA,NA,Halloween,,,,,,,
25,65b5514788898b37378519fe068acac6b19d1c3581b577cbb92466349d443d5f,"The question needs to be CORRECTED (Select this if you spot an error, even if you don’t know the answer).",what_holiday_occurs_at_the_end_of_october_and_features_trick-or-treating_pumpkins_and_haunted_houses_fill_07.wav,filler_other,NA,NA,NA,Halloween,y,secdiff,otherfill,,,,FB_1206
25,65b5514788898b37378519fe068acac6b19d1c3581b577cbb92466349d443d5f,Occears instead of Occurs,what_holiday_occurs_at_the_end_of_october_and_features_trick-or-treating_pumpkins_and_haunted_houses_fill_07.wav,filler_other,NA,NA,NA,Halloween,,,,,,,
25,65b5514788898b37378519fe068acac6b19d1c3581b577cbb92466349d443d5f,"The question needs to be CORRECTED (Select this if you spot an error, even if you don’t know the answer).",which_scottish_actor_first_played_james_bond_wearing_kilts_to_red_carpets_when_he_had_32_years_old_targ_03_C.wav,target,non_phon_err,have vs. be,/k/ --> /g/; kilt/guilt,Sean Connery,y,first,np,,,,FB_1206
25,65b5514788898b37378519fe068acac6b19d1c3581b577cbb92466349d443d5f,"""had 32 years old"" instead of ""was 32 years old""",which_scottish_actor_first_played_james_bond_wearing_kilts_to_red_carpets_when_he_had_32_years_old_targ_03_C.wav,target,non_phon_err,have vs. be,/k/ --> /g/; kilt/guilt,Sean Connery,,,,,,,
25,65b5514788898b37378519fe068acac6b19d1c3581b577cbb92466349d443d5f,I’m good — skip to the next question,which_scottish_actor_first_played_james_bond_wearing_kilts_to_red_carpets_when_he_had_32_years_old_targ_03_C.wav,target,non_phon_err,have vs. be,/k/ --> /g/; kilt/guilt,Sean Connery,s,secsame,,,,,FB_1206
25,65b5514788898b37378519fe068acac6b19d1c3581b577cbb92466349d443d5f,NA,which_scottish_actor_first_played_james_bond_wearing_kilts_to_red_carpets_when_he_had_32_years_old_targ_03_C.wav,target,non_phon_err,have vs. be,/k/ --> /g/; kilt/guilt,Sean Connery,,,,,,,
25,65b5514788898b37378519fe068acac6b19d1c3581b577cbb92466349d443d5f,The question does NOT need any corrections.,if_a_hardworking_janitor_cleaned_a_vent_in_five_minutes_how_many_seconds_is_that_targ_22_B.wav,target,phon_err,adj/noun order,/v/ --> /b/; vent/bent,eight,nans,first,,a,,,FB_1206
25,65b5514788898b37378519fe068acac6b19d1c3581b577cbb92466349d443d5f,300 seconds.,if_a_hardworking_janitor_cleaned_a_vent_in_five_minutes_how_many_seconds_is_that_targ_22_B.wav,target,phon_err,adj/noun order,/v/ --> /b/; vent/bent,eight,,,,,,,
25,65b5514788898b37378519fe068acac6b19d1c3581b577cbb92466349d443d5f,I’m good — skip to the next question,if_a_hardworking_janitor_cleaned_a_vent_in_five_minutes_how_many_seconds_is_that_targ_22_B.wav,target,phon_err,adj/noun order,/v/ --> /b/; vent/bent,eight,s,secsame,,,,,FB_1206
25,65b5514788898b37378519fe068acac6b19d1c3581b577cbb92466349d443d5f,NA,if_a_hardworking_janitor_cleaned_a_vent_in_five_minutes_how_many_seconds_is_that_targ_22_B.wav,target,phon_err,adj/noun order,/v/ --> /b/; vent/bent,eight,,,,,,,
25,65b5514788898b37378519fe068acac6b19d1c3581b577cbb92466349d443d5f,The question does NOT need any corrections.,what_is_the_name_of_the_comic_strip_featuring_charlie_brown_and_his_dog_snoopy_fill_06.wav,filler_other,NA,NA,NA,Peanuts,nans,first,,a,,,FB_1206
25,65b5514788898b37378519fe068acac6b19d1c3581b577cbb92466349d443d5f,The Peanuts,what_is_the_name_of_the_comic_strip_featuring_charlie_brown_and_his_dog_snoopy_fill_06.wav,filler_other,NA,NA,NA,Peanuts,,,,,,,
25,65b5514788898b37378519fe068acac6b19d1c3581b577cbb92466349d443d5f,I’m good — skip to the next question,what_is_the_name_of_the_comic_strip_featuring_charlie_brown_and_his_dog_snoopy_fill_06.wav,filler_other,NA,NA,NA,Peanuts,s,secsame,,,,,FB_1206
25,65b5514788898b37378519fe068acac6b19d1c3581b577cbb92466349d443d5f,NA,what_is_the_name_of_the_comic_strip_featuring_charlie_brown_and_his_dog_snoopy_fill_06.wav,filler_other,NA,NA,NA,Peanuts,,,,,,,
25,65b5514788898b37378519fe068acac6b19d1c3581b577cbb92466349d443d5f,"The question needs to be CORRECTED (Select this if you spot an error, even if you don’t know the answer).",what_kind_of_weather_could_occur_when_it_is_raining_and_below_freezing_targ_05_A.wav,target,correct,expletive 'it' dropping,/ʊ/ --> /u/; could/cooed,snow,y,first,otherp,,,,FB_1206
25,65b5514788898b37378519fe068acac6b19d1c3581b577cbb92466349d443d5f,Occear instead of occur,what_kind_of_weather_could_occur_when_it_is_raining_and_below_freezing_targ_05_A.wav,target,correct,expletive 'it' dropping,/ʊ/ --> /u/; could/cooed,snow,,,,,,,
25,65b5514788898b37378519fe068acac6b19d1c3581b577cbb92466349d443d5f,I’m good — skip to the next question,what_kind_of_weather_could_occur_when_it_is_raining_and_below_freezing_targ_05_A.wav,target,correct,expletive 'it' dropping,/ʊ/ --> /u/; could/cooed,snow,s,secsame,,,,,FB_1206
25,65b5514788898b37378519fe068acac6b19d1c3581b577cbb92466349d443d5f,NA,what_kind_of_weather_could_occur_when_it_is_raining_and_below_freezing_targ_05_A.wav,target,correct,expletive 'it' dropping,/ʊ/ --> /u/; could/cooed,snow,,,,,,,
25,65b5514788898b37378519fe068acac6b19d1c3581b577cbb92466349d443d5f,The question does NOT need any corrections.,which_body_part_did_van_gogh_allegedly_cut_off_after_an_argument_with_his_friend_fill_05.wav,filler_other,NA,NA,NA,ear,nans,first,,a,,,FB_1206
25,65b5514788898b37378519fe068acac6b19d1c3581b577cbb92466349d443d5f,His ear,which_body_part_did_van_gogh_allegedly_cut_off_after_an_argument_with_his_friend_fill_05.wav,filler_other,NA,NA,NA,ear,,,,,,,
25,65b5514788898b37378519fe068acac6b19d1c3581b577cbb92466349d443d5f,I’m good — skip to the next question,which_body_part_did_van_gogh_allegedly_cut_off_after_an_argument_with_his_friend_fill_05.wav,filler_other,NA,NA,NA,ear,s,secsame,,,,,FB_1206
25,65b5514788898b37378519fe068acac6b19d1c3581b577cbb92466349d443d5f,NA,which_body_part_did_van_gogh_allegedly_cut_off_after_an_argument_with_his_friend_fill_05.wav,filler_other,NA,NA,NA,ear,,,,,,,
25,65b5514788898b37378519fe068acac6b19d1c3581b577cbb92466349d443d5f,The question does NOT need any corrections.,in_the_famous_dr_seuss_book_what_orange_and_yellow_character_speaks_for_the_trees_fill_23.wav,filler_other,NA,NA,NA,the Lorax,nans,first,,a,,,FB_1206
25,65b5514788898b37378519fe068acac6b19d1c3581b577cbb92466349d443d5f,The Lorax,in_the_famous_dr_seuss_book_what_orange_and_yellow_character_speaks_for_the_trees_fill_23.wav,filler_other,NA,NA,NA,the Lorax,,,,,,,
25,65b5514788898b37378519fe068acac6b19d1c3581b577cbb92466349d443d5f,I’m good — skip to the next question,in_the_famous_dr_seuss_book_what_orange_and_yellow_character_speaks_for_the_trees_fill_23.wav,filler_other,NA,NA,NA,the Lorax,s,secsame,,,,,FB_1206
25,65b5514788898b37378519fe068acac6b19d1c3581b577cbb92466349d443d5f,NA,in_the_famous_dr_seuss_book_what_orange_and_yellow_character_speaks_for_the_trees_fill_23.wav,filler_other,NA,NA,NA,the Lorax,,,,,,,
25,65b5514788898b37378519fe068acac6b19d1c3581b577cbb92466349d443d5f,The question does NOT need any corrections.,which_season_do_we_associate_with_thanksgiving_the_beginning_of_school_and_leaves_turning_brown_fill_19.wav,filler_other,NA,NA,NA,Fall,nans,first,,a,,,FB_1206
25,65b5514788898b37378519fe068acac6b19d1c3581b577cbb92466349d443d5f,Fall,which_season_do_we_associate_with_thanksgiving_the_beginning_of_school_and_leaves_turning_brown_fill_19.wav,filler_other,NA,NA,NA,Fall,,,,,,,
25,65b5514788898b37378519fe068acac6b19d1c3581b577cbb92466349d443d5f,I’m good — skip to the next question,which_season_do_we_associate_with_thanksgiving_the_beginning_of_school_and_leaves_turning_brown_fill_19.wav,filler_other,NA,NA,NA,Fall,s,secsame,,,,,FB_1206
25,65b5514788898b37378519fe068acac6b19d1c3581b577cbb92466349d443d5f,NA,which_season_do_we_associate_with_thanksgiving_the_beginning_of_school_and_leaves_turning_brown_fill_19.wav,filler_other,NA,NA,NA,Fall,,,,,,,
25,65b5514788898b37378519fe068acac6b19d1c3581b577cbb92466349d443d5f,"The question needs to be CORRECTED (Select this if you spot an error, even if you don’t know the answer).",where_do_people_get_drivers_licenses_since_is_required_as_ballad_id_to_drive_targ_16_D.wav,target,both_err,expletive 'it' dropping,/v/ --> /b/; valid/ballad,DMV,y,first,p,,,,FB_1206
25,65b5514788898b37378519fe068acac6b19d1c3581b577cbb92466349d443d5f,balid instead of valid,where_do_people_get_drivers_licenses_since_is_required_as_ballad_id_to_drive_targ_16_D.wav,target,both_err,expletive 'it' dropping,/v/ --> /b/; valid/ballad,DMV,,,,,,,
25,65b5514788898b37378519fe068acac6b19d1c3581b577cbb92466349d443d5f,I’m good — skip to the next question,where_do_people_get_drivers_licenses_since_is_required_as_ballad_id_to_drive_targ_16_D.wav,target,both_err,expletive 'it' dropping,/v/ --> /b/; valid/ballad,DMV,s,secsame,,,,,FB_1206
25,65b5514788898b37378519fe068acac6b19d1c3581b577cbb92466349d443d5f,NA,where_do_people_get_drivers_licenses_since_is_required_as_ballad_id_to_drive_targ_16_D.wav,target,both_err,expletive 'it' dropping,/v/ --> /b/; valid/ballad,DMV,,,,,,,
25,65b5514788898b37378519fe068acac6b19d1c3581b577cbb92466349d443d5f,"The question needs to be CORRECTED (Select this if you spot an error, even if you don’t know the answer).",what_city_have_people_rust_to_tour_to_see_where_the_us_government_does_business_targ_14_B.wav,target,phon_err,make vs. other verb,/ʃ/ --> /s/; rushed/rust,Washington D.C.,y,first,p?,,no specific error reported ,,FB_1206
25,65b5514788898b37378519fe068acac6b19d1c3581b577cbb92466349d443d5f,This sentence is all jacked. I dont know,what_city_have_people_rust_to_tour_to_see_where_the_us_government_does_business_targ_14_B.wav,target,phon_err,make vs. other verb,/ʃ/ --> /s/; rushed/rust,Washington D.C.,,,,,,,
25,65b5514788898b37378519fe068acac6b19d1c3581b577cbb92466349d443d5f,I’m good — skip to the next question,what_city_have_people_rust_to_tour_to_see_where_the_us_government_does_business_targ_14_B.wav,target,phon_err,make vs. other verb,/ʃ/ --> /s/; rushed/rust,Washington D.C.,s,secsame,,,,,FB_1206
25,65b5514788898b37378519fe068acac6b19d1c3581b577cbb92466349d443d5f,NA,what_city_have_people_rust_to_tour_to_see_where_the_us_government_does_business_targ_14_B.wav,target,phon_err,make vs. other verb,/ʃ/ --> /s/; rushed/rust,Washington D.C.,,,,,,,
25,65b5514788898b37378519fe068acac6b19d1c3581b577cbb92466349d443d5f,"The question needs to be CORRECTED (Select this if you spot an error, even if you don’t know the answer).",how_many_legs_does_a_canadian_garden_spider_whose_silk_can_make_clot_have_targ_06_B.wav,target,phon_err,adj/noun order,/θ/ --> /t/; cloth/clot,eight,y,first,p,,,,FB_1206
25,65b5514788898b37378519fe068acac6b19d1c3581b577cbb92466349d443d5f,Silk can make what??,how_many_legs_does_a_canadian_garden_spider_whose_silk_can_make_clot_have_targ_06_B.wav,target,phon_err,adj/noun order,/θ/ --> /t/; cloth/clot,eight,,,,,,,
25,65b5514788898b37378519fe068acac6b19d1c3581b577cbb92466349d443d5f,I’m good — skip to the next question,how_many_legs_does_a_canadian_garden_spider_whose_silk_can_make_clot_have_targ_06_B.wav,target,phon_err,adj/noun order,/θ/ --> /t/; cloth/clot,eight,s,secsame,,,,,FB_1206
25,65b5514788898b37378519fe068acac6b19d1c3581b577cbb92466349d443d5f,NA,how_many_legs_does_a_canadian_garden_spider_whose_silk_can_make_clot_have_targ_06_B.wav,target,phon_err,adj/noun order,/θ/ --> /t/; cloth/clot,eight,,,,,,,
25,65b5514788898b37378519fe068acac6b19d1c3581b577cbb92466349d443d5f,"The question does NOT need any corrections, but I don't know the answer/ I don't understand what the question is asking.",because_is_important_to_honor_the_iris_saint_what_holiday_occurs_on_march_17th_targ_08_D.wav,target,both_err,expletive 'it' dropping,/ʃ/ --> /s/; Irish/iris,St. Patrick's Day,nun,first,,,,,FB_1206
25,65b5514788898b37378519fe068acac6b19d1c3581b577cbb92466349d443d5f,NA,because_is_important_to_honor_the_iris_saint_what_holiday_occurs_on_march_17th_targ_08_D.wav,target,both_err,expletive 'it' dropping,/ʃ/ --> /s/; Irish/iris,St. Patrick's Day,,,,,,,
25,65b5514788898b37378519fe068acac6b19d1c3581b577cbb92466349d443d5f,The question does NOT need any corrections.,because_is_important_to_honor_the_iris_saint_what_holiday_occurs_on_march_17th_targ_08_D.wav,target,both_err,expletive 'it' dropping,/ʃ/ --> /s/; Irish/iris,St. Patrick's Day,nans,secdiff,,a,,,FB_1206
25,65b5514788898b37378519fe068acac6b19d1c3581b577cbb92466349d443d5f,Saint Patrick's Day,because_is_important_to_honor_the_iris_saint_what_holiday_occurs_on_march_17th_targ_08_D.wav,target,both_err,expletive 'it' dropping,/ʃ/ --> /s/; Irish/iris,St. Patrick's Day,,,,,,,
25,65b5514788898b37378519fe068acac6b19d1c3581b577cbb92466349d443d5f,"The question needs to be CORRECTED (Select this if you spot an error, even if you don’t know the answer).",what_colors_make_up_a_traditional_candy_cane_which_people_enjoy_to_eat_during_christmas_targ_15_C.wav,target,non_phon_err,infinitive vs. participle,/k/ --> /g/; cane/gain,red and white,y,first,otherp,,,,FB_1206
25,65b5514788898b37378519fe068acac6b19d1c3581b577cbb92466349d443d5f,goy instead of enjoy,what_colors_make_up_a_traditional_candy_cane_which_people_enjoy_to_eat_during_christmas_targ_15_C.wav,target,non_phon_err,infinitive vs. participle,/k/ --> /g/; cane/gain,red and white,,,,,,,
25,65b5514788898b37378519fe068acac6b19d1c3581b577cbb92466349d443d5f,"The question needs to be CORRECTED (Select this if you spot an error, even if you don’t know the answer).",what_colors_make_up_a_traditional_candy_cane_which_people_enjoy_to_eat_during_christmas_targ_15_C.wav,target,non_phon_err,infinitive vs. participle,/k/ --> /g/; cane/gain,red and white,y,secsame,,,,,FB_1206
25,65b5514788898b37378519fe068acac6b19d1c3581b577cbb92466349d443d5f,"engoy instead of enjoy.
 the answer is red and white",what_colors_make_up_a_traditional_candy_cane_which_people_enjoy_to_eat_during_christmas_targ_15_C.wav,target,non_phon_err,infinitive vs. participle,/k/ --> /g/; cane/gain,red and white,,,,,,,
25,65b5514788898b37378519fe068acac6b19d1c3581b577cbb92466349d443d5f,The question does NOT need any corrections.,which_british_celebrity_judge_often_harshly_critiqued_contestants_on_the_nationwide_singing_contest_american_idol_fill_03.wav,filler_other,NA,NA,NA,Simon Cowell,nans,first,,a,,,FB_1206
25,65b5514788898b37378519fe068acac6b19d1c3581b577cbb92466349d443d5f,The answer is Simon Cowell,which_british_celebrity_judge_often_harshly_critiqued_contestants_on_the_nationwide_singing_contest_american_idol_fill_03.wav,filler_other,NA,NA,NA,Simon Cowell,,,,,,,
25,65b5514788898b37378519fe068acac6b19d1c3581b577cbb92466349d443d5f,"The question needs to be CORRECTED (Select this if you spot an error, even if you don’t know the answer).",which_british_celebrity_judge_often_harshly_critiqued_contestants_on_the_nationwide_singing_contest_american_idol_fill_03.wav,filler_other,NA,NA,NA,Simon Cowell,y,secdiff,otherfill,,,,FB_1206
25,65b5514788898b37378519fe068acac6b19d1c3581b577cbb92466349d443d5f,Critique should be plural,which_british_celebrity_judge_often_harshly_critiqued_contestants_on_the_nationwide_singing_contest_american_idol_fill_03.wav,filler_other,NA,NA,NA,Simon Cowell,,,,,,,
25,65b5514788898b37378519fe068acac6b19d1c3581b577cbb92466349d443d5f,The question does NOT need any corrections.,what_mythical_creatures_have_been_said_to_drink_blood_turn_into_bats_and_hate_onions_fill_14.wav,filler_other,NA,NA,NA,vampires,nans,first,,a,,,FB_1206
25,65b5514788898b37378519fe068acac6b19d1c3581b577cbb92466349d443d5f,vampire,what_mythical_creatures_have_been_said_to_drink_blood_turn_into_bats_and_hate_onions_fill_14.wav,filler_other,NA,NA,NA,vampires,,,,,,,
25,65b5514788898b37378519fe068acac6b19d1c3581b577cbb92466349d443d5f,"The question needs to be CORRECTED (Select this if you spot an error, even if you don’t know the answer).",what_mythical_creatures_have_been_said_to_drink_blood_turn_into_bats_and_hate_onions_fill_14.wav,filler_other,NA,NA,NA,vampires,y,secdiff,otherfill,,,,FB_1206
25,65b5514788898b37378519fe068acac6b19d1c3581b577cbb92466349d443d5f,"Vampires hate garlic, not onions right???",what_mythical_creatures_have_been_said_to_drink_blood_turn_into_bats_and_hate_onions_fill_14.wav,filler_other,NA,NA,NA,vampires,,,,,,,
26,67c54f5d628d139b4232865f3f1d3b1c5a804b32a90c9be6a1ad30aaf0a18ec9,The question does NOT need any corrections.,what_day_of_the_week_comes_after_monday_fill_27.wav,att_check_good,NA,NA,NA,Tuesday,nans,first,,a,attention check passed (8/8 correct),,JB_1204
26,67c54f5d628d139b4232865f3f1d3b1c5a804b32a90c9be6a1ad30aaf0a18ec9,The answer is Tuesday,what_day_of_the_week_comes_after_monday_fill_27.wav,att_check_good,NA,NA,NA,Tuesday,,,,,,,
26,67c54f5d628d139b4232865f3f1d3b1c5a804b32a90c9be6a1ad30aaf0a18ec9,I’m good — skip to the next question,what_day_of_the_week_comes_after_monday_fill_27.wav,att_check_good,NA,NA,NA,Tuesday,s,secsame,,,,,JB_1204
26,67c54f5d628d139b4232865f3f1d3b1c5a804b32a90c9be6a1ad30aaf0a18ec9,NA,what_day_of_the_week_comes_after_monday_fill_27.wav,att_check_good,NA,NA,NA,Tuesday,,,,,,,
26,67c54f5d628d139b4232865f3f1d3b1c5a804b32a90c9be6a1ad30aaf0a18ec9,The question does NOT need any corrections.,how_many_legs_does_a_dog_normally_have_fill_25.wav,att_check_good,NA,NA,NA,four,nans,first,,a,,,JB_1204
26,67c54f5d628d139b4232865f3f1d3b1c5a804b32a90c9be6a1ad30aaf0a18ec9,The answer is four.,how_many_legs_does_a_dog_normally_have_fill_25.wav,att_check_good,NA,NA,NA,four,,,,,,,
26,67c54f5d628d139b4232865f3f1d3b1c5a804b32a90c9be6a1ad30aaf0a18ec9,The question does NOT need any corrections.,how_many_legs_does_a_dog_normally_have_fill_25.wav,att_check_good,NA,NA,NA,four,nans,secsame,,,,,JB_1204
26,67c54f5d628d139b4232865f3f1d3b1c5a804b32a90c9be6a1ad30aaf0a18ec9,Four,how_many_legs_does_a_dog_normally_have_fill_25.wav,att_check_good,NA,NA,NA,four,,,,,,,
26,67c54f5d628d139b4232865f3f1d3b1c5a804b32a90c9be6a1ad30aaf0a18ec9,"The question needs to be CORRECTED (Select this if you spot an error, even if you don’t know the answer).",in_the_cycle_of_seasons_what_season_comes_after_dinter_fill_29.wav,att_check_err,NA,NA,NA,"Spring (Winter, sound sub that's not related)",y,first,acheckp,,,,JB_1204
26,67c54f5d628d139b4232865f3f1d3b1c5a804b32a90c9be6a1ad30aaf0a18ec9,Winter sounds like denter. The answer is Spring.,in_the_cycle_of_seasons_what_season_comes_after_dinter_fill_29.wav,att_check_err,NA,NA,NA,"Spring (Winter, sound sub that's not related)",,,,,,,
26,67c54f5d628d139b4232865f3f1d3b1c5a804b32a90c9be6a1ad30aaf0a18ec9,I’m good — skip to the next question,in_the_cycle_of_seasons_what_season_comes_after_dinter_fill_29.wav,att_check_err,NA,NA,NA,"Spring (Winter, sound sub that's not related)",s,secsame,,,,,JB_1204
26,67c54f5d628d139b4232865f3f1d3b1c5a804b32a90c9be6a1ad30aaf0a18ec9,NA,in_the_cycle_of_seasons_what_season_comes_after_dinter_fill_29.wav,att_check_err,NA,NA,NA,"Spring (Winter, sound sub that's not related)",,,,,,,
26,67c54f5d628d139b4232865f3f1d3b1c5a804b32a90c9be6a1ad30aaf0a18ec9,"The question needs to be CORRECTED (Select this if you spot an error, even if you don’t know the answer).",what_insect_undergoes_a_process_of_change_to_turn_into_a_butterfy_fill_30.wav,att_check_err,NA,NA,NA,caterpillar (butterfly),y,first,acheckp,,,,JB_1204
26,67c54f5d628d139b4232865f3f1d3b1c5a804b32a90c9be6a1ad30aaf0a18ec9,Butterfly sounds like Butterfie. The answer is metamorphosis.,what_insect_undergoes_a_process_of_change_to_turn_into_a_butterfy_fill_30.wav,att_check_err,NA,NA,NA,caterpillar (butterfly),,,,,,,
26,67c54f5d628d139b4232865f3f1d3b1c5a804b32a90c9be6a1ad30aaf0a18ec9,"The question needs to be CORRECTED (Select this if you spot an error, even if you don’t know the answer).",what_insect_undergoes_a_process_of_change_to_turn_into_a_butterfy_fill_30.wav,att_check_err,NA,NA,NA,caterpillar (butterfly),y,secsame,,,,,JB_1204
26,67c54f5d628d139b4232865f3f1d3b1c5a804b32a90c9be6a1ad30aaf0a18ec9,The question is worded weirdly. Butterfly sounds like Butterfie. The answer is caterpillar.,what_insect_undergoes_a_process_of_change_to_turn_into_a_butterfy_fill_30.wav,att_check_err,NA,NA,NA,caterpillar (butterfly),,,,,,,
26,67c54f5d628d139b4232865f3f1d3b1c5a804b32a90c9be6a1ad30aaf0a18ec9,"The question needs to be CORRECTED (Select this if you spot an error, even if you don’t know the answer).",what_is_the_largest_plant_in_the_solar_system_fill_31.wav,att_check_err,NA,NA,NA,Jupiter (planet),y,first,acheckp,,,,JB_1204
26,67c54f5d628d139b4232865f3f1d3b1c5a804b32a90c9be6a1ad30aaf0a18ec9,Planet sounds like plant. The answer is Jupiter.,what_is_the_largest_plant_in_the_solar_system_fill_31.wav,att_check_err,NA,NA,NA,Jupiter (planet),,,,,,,
26,67c54f5d628d139b4232865f3f1d3b1c5a804b32a90c9be6a1ad30aaf0a18ec9,I’m good — skip to the next question,what_is_the_largest_plant_in_the_solar_system_fill_31.wav,att_check_err,NA,NA,NA,Jupiter (planet),s,secsame,,,,,JB_1204
26,67c54f5d628d139b4232865f3f1d3b1c5a804b32a90c9be6a1ad30aaf0a18ec9,NA,what_is_the_largest_plant_in_the_solar_system_fill_31.wav,att_check_err,NA,NA,NA,Jupiter (planet),,,,,,,
26,67c54f5d628d139b4232865f3f1d3b1c5a804b32a90c9be6a1ad30aaf0a18ec9,"The question needs to be CORRECTED (Select this if you spot an error, even if you don’t know the answer).",how_many_embers_were_in_the_beatles_the_british_rock_band_fill_32.wav,att_check_err,NA,NA,NA,four (members),y,first,acheckp,,,,JB_1204
26,67c54f5d628d139b4232865f3f1d3b1c5a804b32a90c9be6a1ad30aaf0a18ec9,Members sounds like embers. The answer is four.,how_many_embers_were_in_the_beatles_the_british_rock_band_fill_32.wav,att_check_err,NA,NA,NA,four (members),,,,,,,
26,67c54f5d628d139b4232865f3f1d3b1c5a804b32a90c9be6a1ad30aaf0a18ec9,I’m good — skip to the next question,how_many_embers_were_in_the_beatles_the_british_rock_band_fill_32.wav,att_check_err,NA,NA,NA,four (members),s,secsame,,,,,JB_1204
26,67c54f5d628d139b4232865f3f1d3b1c5a804b32a90c9be6a1ad30aaf0a18ec9,NA,how_many_embers_were_in_the_beatles_the_british_rock_band_fill_32.wav,att_check_err,NA,NA,NA,four (members),,,,,,,
26,67c54f5d628d139b4232865f3f1d3b1c5a804b32a90c9be6a1ad30aaf0a18ec9,The question does NOT need any corrections.,what_color_is_a_typical_school_bus_fill_28.wav,att_check_good,NA,NA,NA,yellow,nans,first,,a,,,JB_1204
26,67c54f5d628d139b4232865f3f1d3b1c5a804b32a90c9be6a1ad30aaf0a18ec9,Yellow,what_color_is_a_typical_school_bus_fill_28.wav,att_check_good,NA,NA,NA,yellow,,,,,,,
26,67c54f5d628d139b4232865f3f1d3b1c5a804b32a90c9be6a1ad30aaf0a18ec9,The question does NOT need any corrections.,what_color_is_a_typical_school_bus_fill_28.wav,att_check_good,NA,NA,NA,yellow,nans,secsame,,,,,JB_1204
26,67c54f5d628d139b4232865f3f1d3b1c5a804b32a90c9be6a1ad30aaf0a18ec9,NA,what_color_is_a_typical_school_bus_fill_28.wav,att_check_good,NA,NA,NA,yellow,,,,,,,
26,67c54f5d628d139b4232865f3f1d3b1c5a804b32a90c9be6a1ad30aaf0a18ec9,The question does NOT need any corrections.,what_state_is_los_angeles_located_in_fill_26.wav,att_check_good,NA,NA,NA,California,nans,first,,a,,,JB_1204
26,67c54f5d628d139b4232865f3f1d3b1c5a804b32a90c9be6a1ad30aaf0a18ec9,California,what_state_is_los_angeles_located_in_fill_26.wav,att_check_good,NA,NA,NA,California,,,,,,,
26,67c54f5d628d139b4232865f3f1d3b1c5a804b32a90c9be6a1ad30aaf0a18ec9,I’m good — skip to the next question,what_state_is_los_angeles_located_in_fill_26.wav,att_check_good,NA,NA,NA,California,s,secsame,,,,,JB_1204
26,67c54f5d628d139b4232865f3f1d3b1c5a804b32a90c9be6a1ad30aaf0a18ec9,NA,what_state_is_los_angeles_located_in_fill_26.wav,att_check_good,NA,NA,NA,California,,,,,,,
26,67c54f5d628d139b4232865f3f1d3b1c5a804b32a90c9be6a1ad30aaf0a18ec9,The question does NOT need any corrections.,what_letter_in_the_latin_alphabet_corresponds_to_the_greek_letter_alpha_fill_01.wav,filler_other,NA,NA,NA,a,nans,first,,w,,,FB_1206
26,67c54f5d628d139b4232865f3f1d3b1c5a804b32a90c9be6a1ad30aaf0a18ec9,Omega,what_letter_in_the_latin_alphabet_corresponds_to_the_greek_letter_alpha_fill_01.wav,filler_other,NA,NA,NA,a,,,,,,,
26,67c54f5d628d139b4232865f3f1d3b1c5a804b32a90c9be6a1ad30aaf0a18ec9,I’m good — skip to the next question,what_letter_in_the_latin_alphabet_corresponds_to_the_greek_letter_alpha_fill_01.wav,filler_other,NA,NA,NA,a,s,secsame,,,,,FB_1206
26,67c54f5d628d139b4232865f3f1d3b1c5a804b32a90c9be6a1ad30aaf0a18ec9,NA,what_letter_in_the_latin_alphabet_corresponds_to_the_greek_letter_alpha_fill_01.wav,filler_other,NA,NA,NA,a,,,,,,,
26,67c54f5d628d139b4232865f3f1d3b1c5a804b32a90c9be6a1ad30aaf0a18ec9,"The question needs to be CORRECTED (Select this if you spot an error, even if you don’t know the answer).",in_the_famous_dr_seuss_book_what_orange_and_yellow_character_speaks_for_the_trees_fill_23.wav,filler_other,NA,NA,NA,the Lorax,y,first,otherfill,,,,FB_1206
26,67c54f5d628d139b4232865f3f1d3b1c5a804b32a90c9be6a1ad30aaf0a18ec9,I cant understand what the last word is.,in_the_famous_dr_seuss_book_what_orange_and_yellow_character_speaks_for_the_trees_fill_23.wav,filler_other,NA,NA,NA,the Lorax,,,,,,,
26,67c54f5d628d139b4232865f3f1d3b1c5a804b32a90c9be6a1ad30aaf0a18ec9,"The question does NOT need any corrections, but I don't know the answer/ I don't understand what the question is asking.",in_the_famous_dr_seuss_book_what_orange_and_yellow_character_speaks_for_the_trees_fill_23.wav,filler_other,NA,NA,NA,the Lorax,nun,secdiff,,,,,FB_1206
26,67c54f5d628d139b4232865f3f1d3b1c5a804b32a90c9be6a1ad30aaf0a18ec9,NA,in_the_famous_dr_seuss_book_what_orange_and_yellow_character_speaks_for_the_trees_fill_23.wav,filler_other,NA,NA,NA,the Lorax,,,,,,,
26,67c54f5d628d139b4232865f3f1d3b1c5a804b32a90c9be6a1ad30aaf0a18ec9,"The question needs to be CORRECTED (Select this if you spot an error, even if you don’t know the answer).",what_colors_make_up_a_traditional_candy_gain_which_people_enjoy_to_eat_during_christmas_targ_15_D.wav,target,both_err,infinitive vs. participle,/k/ --> /g/; cane/gain,red and white,y,first,p,,,,FB_1206
26,67c54f5d628d139b4232865f3f1d3b1c5a804b32a90c9be6a1ad30aaf0a18ec9,The words candy cane isn't said clearly. The answer is red and white.,what_colors_make_up_a_traditional_candy_gain_which_people_enjoy_to_eat_during_christmas_targ_15_D.wav,target,both_err,infinitive vs. participle,/k/ --> /g/; cane/gain,red and white,,,,,,,
26,67c54f5d628d139b4232865f3f1d3b1c5a804b32a90c9be6a1ad30aaf0a18ec9,"The question needs to be CORRECTED (Select this if you spot an error, even if you don’t know the answer).",what_colors_make_up_a_traditional_candy_gain_which_people_enjoy_to_eat_during_christmas_targ_15_D.wav,target,both_err,infinitive vs. participle,/k/ --> /g/; cane/gain,red and white,y,secsame,,,,,FB_1206
26,67c54f5d628d139b4232865f3f1d3b1c5a804b32a90c9be6a1ad30aaf0a18ec9,Candy cane sounds like candy gain. The answer is red and white.,what_colors_make_up_a_traditional_candy_gain_which_people_enjoy_to_eat_during_christmas_targ_15_D.wav,target,both_err,infinitive vs. participle,/k/ --> /g/; cane/gain,red and white,,,,,,,
26,67c54f5d628d139b4232865f3f1d3b1c5a804b32a90c9be6a1ad30aaf0a18ec9,The question does NOT need any corrections.,if_i_consider_leaving_work_after_the_fourth_hour_how_many_minutes_would_that_be_targ_24_A.wav,target,correct,infinitive vs. participle,/θ/ --> /t/; fourth/fort,two hundred and forty,nans,first,,a,,,FB_1206
26,67c54f5d628d139b4232865f3f1d3b1c5a804b32a90c9be6a1ad30aaf0a18ec9,The answer is 240 minutes,if_i_consider_leaving_work_after_the_fourth_hour_how_many_minutes_would_that_be_targ_24_A.wav,target,correct,infinitive vs. participle,/θ/ --> /t/; fourth/fort,two hundred and forty,,,,,,,
26,67c54f5d628d139b4232865f3f1d3b1c5a804b32a90c9be6a1ad30aaf0a18ec9,I’m good — skip to the next question,if_i_consider_leaving_work_after_the_fourth_hour_how_many_minutes_would_that_be_targ_24_A.wav,target,correct,infinitive vs. participle,/θ/ --> /t/; fourth/fort,two hundred and forty,s,secsame,,,,,FB_1206
26,67c54f5d628d139b4232865f3f1d3b1c5a804b32a90c9be6a1ad30aaf0a18ec9,NA,if_i_consider_leaving_work_after_the_fourth_hour_how_many_minutes_would_that_be_targ_24_A.wav,target,correct,infinitive vs. participle,/θ/ --> /t/; fourth/fort,two hundred and forty,,,,,,,
26,67c54f5d628d139b4232865f3f1d3b1c5a804b32a90c9be6a1ad30aaf0a18ec9,The question does NOT need any corrections.,what_popular_us_chain_provides_a_happy_meal_toy_or_plush_when_kids_are_hungry_targ_20_A.wav,target,correct,have vs. be,/ʃ/ --> /s/; plush/plus,McDonald's,nans,first,,twice,,,FB_1206
26,67c54f5d628d139b4232865f3f1d3b1c5a804b32a90c9be6a1ad30aaf0a18ec9,The answer is McDonalds,what_popular_us_chain_provides_a_happy_meal_toy_or_plush_when_kids_are_hungry_targ_20_A.wav,target,correct,have vs. be,/ʃ/ --> /s/; plush/plus,McDonald's,,,,,,,
26,67c54f5d628d139b4232865f3f1d3b1c5a804b32a90c9be6a1ad30aaf0a18ec9,The question does NOT need any corrections.,what_popular_us_chain_provides_a_happy_meal_toy_or_plush_when_kids_are_hungry_targ_20_A.wav,target,correct,have vs. be,/ʃ/ --> /s/; plush/plus,McDonald's,nans,secsame,,a,"I'm assuming that the NA applies to 'no corrections needed', not an answer change",,FB_1206
26,67c54f5d628d139b4232865f3f1d3b1c5a804b32a90c9be6a1ad30aaf0a18ec9,NA,what_popular_us_chain_provides_a_happy_meal_toy_or_plush_when_kids_are_hungry_targ_20_A.wav,target,correct,have vs. be,/ʃ/ --> /s/; plush/plus,McDonald's,,,,,,,
26,67c54f5d628d139b4232865f3f1d3b1c5a804b32a90c9be6a1ad30aaf0a18ec9,The question does NOT need any corrections.,what_kind_of_animal_is_mickey_mouse’s_girlfriend_minnie_who_wears_a_bow_fill_09.wav,filler_other,NA,NA,NA,mouse,nans,first,,a,,,FB_1206
26,67c54f5d628d139b4232865f3f1d3b1c5a804b32a90c9be6a1ad30aaf0a18ec9,The answer is Mouse,what_kind_of_animal_is_mickey_mouse’s_girlfriend_minnie_who_wears_a_bow_fill_09.wav,filler_other,NA,NA,NA,mouse,,,,,,,
26,67c54f5d628d139b4232865f3f1d3b1c5a804b32a90c9be6a1ad30aaf0a18ec9,I’m good — skip to the next question,what_kind_of_animal_is_mickey_mouse’s_girlfriend_minnie_who_wears_a_bow_fill_09.wav,filler_other,NA,NA,NA,mouse,s,secsame,,,,,FB_1206
26,67c54f5d628d139b4232865f3f1d3b1c5a804b32a90c9be6a1ad30aaf0a18ec9,NA,what_kind_of_animal_is_mickey_mouse’s_girlfriend_minnie_who_wears_a_bow_fill_09.wav,filler_other,NA,NA,NA,mouse,,,,,,,
26,67c54f5d628d139b4232865f3f1d3b1c5a804b32a90c9be6a1ad30aaf0a18ec9,"The question does NOT need any corrections, but I don't know the answer/ I don't understand what the question is asking.",what_supplies_do_you_need_to_neat_a_scarf_targ_13_B.wav,target,phon_err,no aux verbs in questions (lack of do support),/ɪ/ --> /i/; knit/neat,needles and yarn,nun,first,,,,,FB_1206
26,67c54f5d628d139b4232865f3f1d3b1c5a804b32a90c9be6a1ad30aaf0a18ec9,NA,what_supplies_do_you_need_to_neat_a_scarf_targ_13_B.wav,target,phon_err,no aux verbs in questions (lack of do support),/ɪ/ --> /i/; knit/neat,needles and yarn,,,,,,,
26,67c54f5d628d139b4232865f3f1d3b1c5a804b32a90c9be6a1ad30aaf0a18ec9,The question does NOT need any corrections.,what_supplies_do_you_need_to_neat_a_scarf_targ_13_B.wav,target,phon_err,no aux verbs in questions (lack of do support),/ɪ/ --> /i/; knit/neat,needles and yarn,nans,secdiff,,a,,,FB_1206
26,67c54f5d628d139b4232865f3f1d3b1c5a804b32a90c9be6a1ad30aaf0a18ec9,The answer is yarn and needle.,what_supplies_do_you_need_to_neat_a_scarf_targ_13_B.wav,target,phon_err,no aux verbs in questions (lack of do support),/ɪ/ --> /i/; knit/neat,needles and yarn,,,,,,,
26,67c54f5d628d139b4232865f3f1d3b1c5a804b32a90c9be6a1ad30aaf0a18ec9,"The question does NOT need any corrections, but I don't know the answer/ I don't understand what the question is asking.",how_many_days_wooed_wooled_my_tandem_bike_be_gone_if_someone_borrows_it_for_july_targ_17_B.wav,target,phon_err,adj/noun order,/ʊ/ --> /u/; would/wooed,thirty-one days,nun,first,,,,,FB_1206
26,67c54f5d628d139b4232865f3f1d3b1c5a804b32a90c9be6a1ad30aaf0a18ec9,NA,how_many_days_wooed_wooled_my_tandem_bike_be_gone_if_someone_borrows_it_for_july_targ_17_B.wav,target,phon_err,adj/noun order,/ʊ/ --> /u/; would/wooed,thirty-one days,,,,,,,
26,67c54f5d628d139b4232865f3f1d3b1c5a804b32a90c9be6a1ad30aaf0a18ec9,"The question needs to be CORRECTED (Select this if you spot an error, even if you don’t know the answer).",how_many_days_wooed_wooled_my_tandem_bike_be_gone_if_someone_borrows_it_for_july_targ_17_B.wav,target,phon_err,adj/noun order,/ʊ/ --> /u/; would/wooed,thirty-one days,y,secdiff,p?,,,,FB_1206
26,67c54f5d628d139b4232865f3f1d3b1c5a804b32a90c9be6a1ad30aaf0a18ec9,I cant understand what she's saying before bicycle.,how_many_days_wooed_wooled_my_tandem_bike_be_gone_if_someone_borrows_it_for_july_targ_17_B.wav,target,phon_err,adj/noun order,/ʊ/ --> /u/; would/wooed,thirty-one days,,,,,,,
26,67c54f5d628d139b4232865f3f1d3b1c5a804b32a90c9be6a1ad30aaf0a18ec9,"The question needs to be CORRECTED (Select this if you spot an error, even if you don’t know the answer).",in_the_lion_king_who_does_nala_talk_to_and_is_laying_in_a_got_after_theyve_reunited_targ_21_B.wav,target,phon_err,no aux verbs in questions (lack of do support),/k/ --> /g/; cot/got,Simba,y,first,,,,,FB_1206
26,67c54f5d628d139b4232865f3f1d3b1c5a804b32a90c9be6a1ad30aaf0a18ec9,The answer is Simba.,in_the_lion_king_who_does_nala_talk_to_and_is_laying_in_a_got_after_theyve_reunited_targ_21_B.wav,target,phon_err,no aux verbs in questions (lack of do support),/k/ --> /g/; cot/got,Simba,,,,,,,
26,67c54f5d628d139b4232865f3f1d3b1c5a804b32a90c9be6a1ad30aaf0a18ec9,"The question needs to be CORRECTED (Select this if you spot an error, even if you don’t know the answer).",in_the_lion_king_who_does_nala_talk_to_and_is_laying_in_a_got_after_theyve_reunited_targ_21_B.wav,target,phon_err,no aux verbs in questions (lack of do support),/k/ --> /g/; cot/got,Simba,y,secsame,p,,,,FB_1206
26,67c54f5d628d139b4232865f3f1d3b1c5a804b32a90c9be6a1ad30aaf0a18ec9,I cant understand where Nala finds him laying. The answer is Simba.,in_the_lion_king_who_does_nala_talk_to_and_is_laying_in_a_got_after_theyve_reunited_targ_21_B.wav,target,phon_err,no aux verbs in questions (lack of do support),/k/ --> /g/; cot/got,Simba,,,,,,,
26,67c54f5d628d139b4232865f3f1d3b1c5a804b32a90c9be6a1ad30aaf0a18ec9,The question does NOT need any corrections.,what_us_holiday_is_often_celebrated_with_fireworks_and_hotdogs_to_honor_americas_freedom_fill_17.wav,filler_other,NA,NA,NA,Independence Day,nans,first,,a,,,FB_1206
26,67c54f5d628d139b4232865f3f1d3b1c5a804b32a90c9be6a1ad30aaf0a18ec9,Independence Day,what_us_holiday_is_often_celebrated_with_fireworks_and_hotdogs_to_honor_americas_freedom_fill_17.wav,filler_other,NA,NA,NA,Independence Day,,,,,,,
26,67c54f5d628d139b4232865f3f1d3b1c5a804b32a90c9be6a1ad30aaf0a18ec9,I’m good — skip to the next question,what_us_holiday_is_often_celebrated_with_fireworks_and_hotdogs_to_honor_americas_freedom_fill_17.wav,filler_other,NA,NA,NA,Independence Day,s,secsame,,,,,FB_1206
26,67c54f5d628d139b4232865f3f1d3b1c5a804b32a90c9be6a1ad30aaf0a18ec9,NA,what_us_holiday_is_often_celebrated_with_fireworks_and_hotdogs_to_honor_americas_freedom_fill_17.wav,filler_other,NA,NA,NA,Independence Day,,,,,,,
26,67c54f5d628d139b4232865f3f1d3b1c5a804b32a90c9be6a1ad30aaf0a18ec9,"The question needs to be CORRECTED (Select this if you spot an error, even if you don’t know the answer).",what_company_created_the_macbook_a_device_fool_of_features_to_help_students_make_homework_targ_23_D.wav,target,both_err,make vs. other verb,/ʊ/ --> /u/; full/fool,Apple,y,first,otherwrong,,,,FB_1206
26,67c54f5d628d139b4232865f3f1d3b1c5a804b32a90c9be6a1ad30aaf0a18ec9,The answer is Apple.,what_company_created_the_macbook_a_device_fool_of_features_to_help_students_make_homework_targ_23_D.wav,target,both_err,make vs. other verb,/ʊ/ --> /u/; full/fool,Apple,,,,,,,
26,67c54f5d628d139b4232865f3f1d3b1c5a804b32a90c9be6a1ad30aaf0a18ec9,The question does NOT need any corrections.,what_company_created_the_macbook_a_device_fool_of_features_to_help_students_make_homework_targ_23_D.wav,target,both_err,make vs. other verb,/ʊ/ --> /u/; full/fool,Apple,nans,secdiff,,a,,,FB_1206
26,67c54f5d628d139b4232865f3f1d3b1c5a804b32a90c9be6a1ad30aaf0a18ec9,The answer is Apple.,what_company_created_the_macbook_a_device_fool_of_features_to_help_students_make_homework_targ_23_D.wav,target,both_err,make vs. other verb,/ʊ/ --> /u/; full/fool,Apple,,,,,,,
26,67c54f5d628d139b4232865f3f1d3b1c5a804b32a90c9be6a1ad30aaf0a18ec9,The question does NOT need any corrections.,what_colors_can_have_on_a_traffic_light_which_often_senses_when_cars_pool_up_targ_11_D.wav,target,both_err,have vs. be,/ʊ/ --> /u/; pulls/pools,green,nans,first,,a,,,FB_1206
26,67c54f5d628d139b4232865f3f1d3b1c5a804b32a90c9be6a1ad30aaf0a18ec9,"Green, Yellow, Red",what_colors_can_have_on_a_traffic_light_which_often_senses_when_cars_pool_up_targ_11_D.wav,target,both_err,have vs. be,/ʊ/ --> /u/; pulls/pools,green,,,,,,,
26,67c54f5d628d139b4232865f3f1d3b1c5a804b32a90c9be6a1ad30aaf0a18ec9,I’m good — skip to the next question,what_colors_can_have_on_a_traffic_light_which_often_senses_when_cars_pool_up_targ_11_D.wav,target,both_err,have vs. be,/ʊ/ --> /u/; pulls/pools,green,s,secsame,,,,,FB_1206
26,67c54f5d628d139b4232865f3f1d3b1c5a804b32a90c9be6a1ad30aaf0a18ec9,NA,what_colors_can_have_on_a_traffic_light_which_often_senses_when_cars_pool_up_targ_11_D.wav,target,both_err,have vs. be,/ʊ/ --> /u/; pulls/pools,green,,,,,,,
26,67c54f5d628d139b4232865f3f1d3b1c5a804b32a90c9be6a1ad30aaf0a18ec9,"The question needs to be CORRECTED (Select this if you spot an error, even if you don’t know the answer).",what_childrens_game_makes_people_seat_down_quickly_when_the_music_loud_stops_targ_07_D.wav,target,both_err,adj/noun order,/ɪ/ --> /i/; sit/seat,musical chairs,y,first,np,,,,FB_1206
26,67c54f5d628d139b4232865f3f1d3b1c5a804b32a90c9be6a1ad30aaf0a18ec9,"The sentence should say ""loud music"" not ""music loud."" The answer is musical chairs.",what_childrens_game_makes_people_seat_down_quickly_when_the_music_loud_stops_targ_07_D.wav,target,both_err,adj/noun order,/ɪ/ --> /i/; sit/seat,musical chairs,,,,,,,
26,67c54f5d628d139b4232865f3f1d3b1c5a804b32a90c9be6a1ad30aaf0a18ec9,I’m good — skip to the next question,what_childrens_game_makes_people_seat_down_quickly_when_the_music_loud_stops_targ_07_D.wav,target,both_err,adj/noun order,/ɪ/ --> /i/; sit/seat,musical chairs,s,secsame,,,,,FB_1206
26,67c54f5d628d139b4232865f3f1d3b1c5a804b32a90c9be6a1ad30aaf0a18ec9,NA,what_childrens_game_makes_people_seat_down_quickly_when_the_music_loud_stops_targ_07_D.wav,target,both_err,adj/noun order,/ɪ/ --> /i/; sit/seat,musical chairs,,,,,,,
26,67c54f5d628d139b4232865f3f1d3b1c5a804b32a90c9be6a1ad30aaf0a18ec9,The question does NOT need any corrections.,what_is_the_name_of_the_comic_strip_featuring_charlie_brown_and_his_dog_snoopy_fill_06.wav,filler_other,NA,NA,NA,Peanuts,nans,first,,a,,,FB_1206
26,67c54f5d628d139b4232865f3f1d3b1c5a804b32a90c9be6a1ad30aaf0a18ec9,The answer is Peanuts.,what_is_the_name_of_the_comic_strip_featuring_charlie_brown_and_his_dog_snoopy_fill_06.wav,filler_other,NA,NA,NA,Peanuts,,,,,,,
26,67c54f5d628d139b4232865f3f1d3b1c5a804b32a90c9be6a1ad30aaf0a18ec9,I’m good — skip to the next question,what_is_the_name_of_the_comic_strip_featuring_charlie_brown_and_his_dog_snoopy_fill_06.wav,filler_other,NA,NA,NA,Peanuts,s,secsame,,,,,FB_1206
26,67c54f5d628d139b4232865f3f1d3b1c5a804b32a90c9be6a1ad30aaf0a18ec9,NA,what_is_the_name_of_the_comic_strip_featuring_charlie_brown_and_his_dog_snoopy_fill_06.wav,filler_other,NA,NA,NA,Peanuts,,,,,,,
26,67c54f5d628d139b4232865f3f1d3b1c5a804b32a90c9be6a1ad30aaf0a18ec9,The question does NOT need any corrections.,what_novel_has_the_quote_i’m_late_i’m_late_for_a_very_important_date_fill_13.wav,filler_other,NA,NA,NA,Alice in Wonderland,nans,first,,a,,,FB_1206
26,67c54f5d628d139b4232865f3f1d3b1c5a804b32a90c9be6a1ad30aaf0a18ec9,The answer is Alice in Wonderland.,what_novel_has_the_quote_i’m_late_i’m_late_for_a_very_important_date_fill_13.wav,filler_other,NA,NA,NA,Alice in Wonderland,,,,,,,
26,67c54f5d628d139b4232865f3f1d3b1c5a804b32a90c9be6a1ad30aaf0a18ec9,I’m good — skip to the next question,what_novel_has_the_quote_i’m_late_i’m_late_for_a_very_important_date_fill_13.wav,filler_other,NA,NA,NA,Alice in Wonderland,s,secsame,,,,,FB_1206
26,67c54f5d628d139b4232865f3f1d3b1c5a804b32a90c9be6a1ad30aaf0a18ec9,NA,what_novel_has_the_quote_i’m_late_i’m_late_for_a_very_important_date_fill_13.wav,filler_other,NA,NA,NA,Alice in Wonderland,,,,,,,
26,67c54f5d628d139b4232865f3f1d3b1c5a804b32a90c9be6a1ad30aaf0a18ec9,The question does NOT need any corrections.,because_it_is_important_to_honor_the_irish_saint_what_holiday_occurs_on_march_17th_targ_08_A.wav,target,correct,expletive 'it' dropping,/ʃ/ --> /s/; Irish/iris,St. Patrick's Day,nans,first,,a,,,FB_1206
26,67c54f5d628d139b4232865f3f1d3b1c5a804b32a90c9be6a1ad30aaf0a18ec9,The answer is Saint Patrick's Day.,because_it_is_important_to_honor_the_irish_saint_what_holiday_occurs_on_march_17th_targ_08_A.wav,target,correct,expletive 'it' dropping,/ʃ/ --> /s/; Irish/iris,St. Patrick's Day,,,,,,,
26,67c54f5d628d139b4232865f3f1d3b1c5a804b32a90c9be6a1ad30aaf0a18ec9,I’m good — skip to the next question,because_it_is_important_to_honor_the_irish_saint_what_holiday_occurs_on_march_17th_targ_08_A.wav,target,correct,expletive 'it' dropping,/ʃ/ --> /s/; Irish/iris,St. Patrick's Day,s,secsame,,,,,FB_1206
26,67c54f5d628d139b4232865f3f1d3b1c5a804b32a90c9be6a1ad30aaf0a18ec9,NA,because_it_is_important_to_honor_the_irish_saint_what_holiday_occurs_on_march_17th_targ_08_A.wav,target,correct,expletive 'it' dropping,/ʃ/ --> /s/; Irish/iris,St. Patrick's Day,,,,,,,
26,67c54f5d628d139b4232865f3f1d3b1c5a804b32a90c9be6a1ad30aaf0a18ec9,The question does NOT need any corrections.,for_what_pink_ice_cream_flavor_wheel_companies_do_their_best_to_use_real_fruit_targ_01_B.wav,target,phon_err,make vs. other verb,/ɪ/ --> /i/; will/wheel,strawberry,nans,first,,a,,,FB_1206
26,67c54f5d628d139b4232865f3f1d3b1c5a804b32a90c9be6a1ad30aaf0a18ec9,The answer is strawberry.,for_what_pink_ice_cream_flavor_wheel_companies_do_their_best_to_use_real_fruit_targ_01_B.wav,target,phon_err,make vs. other verb,/ɪ/ --> /i/; will/wheel,strawberry,,,,,,,
26,67c54f5d628d139b4232865f3f1d3b1c5a804b32a90c9be6a1ad30aaf0a18ec9,I’m good — skip to the next question,for_what_pink_ice_cream_flavor_wheel_companies_do_their_best_to_use_real_fruit_targ_01_B.wav,target,phon_err,make vs. other verb,/ɪ/ --> /i/; will/wheel,strawberry,s,secsame,,,,,FB_1206
26,67c54f5d628d139b4232865f3f1d3b1c5a804b32a90c9be6a1ad30aaf0a18ec9,NA,for_what_pink_ice_cream_flavor_wheel_companies_do_their_best_to_use_real_fruit_targ_01_B.wav,target,phon_err,make vs. other verb,/ɪ/ --> /i/; will/wheel,strawberry,,,,,,,
26,67c54f5d628d139b4232865f3f1d3b1c5a804b32a90c9be6a1ad30aaf0a18ec9,The question does NOT need any corrections.,what_is_the_name_of_the_video_game_character_who_is_a_traveling_italian_plumber_fill_08.wav,filler_other,NA,NA,NA,Mario,nans,first,,a,,,FB_1206
26,67c54f5d628d139b4232865f3f1d3b1c5a804b32a90c9be6a1ad30aaf0a18ec9,The answer is Mario.,what_is_the_name_of_the_video_game_character_who_is_a_traveling_italian_plumber_fill_08.wav,filler_other,NA,NA,NA,Mario,,,,,,,
26,67c54f5d628d139b4232865f3f1d3b1c5a804b32a90c9be6a1ad30aaf0a18ec9,I’m good — skip to the next question,what_is_the_name_of_the_video_game_character_who_is_a_traveling_italian_plumber_fill_08.wav,filler_other,NA,NA,NA,Mario,s,secsame,,,,,FB_1206
26,67c54f5d628d139b4232865f3f1d3b1c5a804b32a90c9be6a1ad30aaf0a18ec9,NA,what_is_the_name_of_the_video_game_character_who_is_a_traveling_italian_plumber_fill_08.wav,filler_other,NA,NA,NA,Mario,,,,,,,
26,67c54f5d628d139b4232865f3f1d3b1c5a804b32a90c9be6a1ad30aaf0a18ec9,The question does NOT need any corrections.,which_cartoon_dog_solves_mysteries_with_the_group_fred_daphne_velma_and_shaggy_fill_10.wav,filler_other,NA,NA,NA,Scooby-Doo,nans,first,,a,,,FB_1206
26,67c54f5d628d139b4232865f3f1d3b1c5a804b32a90c9be6a1ad30aaf0a18ec9,The answer is Scooby Doo.,which_cartoon_dog_solves_mysteries_with_the_group_fred_daphne_velma_and_shaggy_fill_10.wav,filler_other,NA,NA,NA,Scooby-Doo,,,,,,,
26,67c54f5d628d139b4232865f3f1d3b1c5a804b32a90c9be6a1ad30aaf0a18ec9,"The question needs to be CORRECTED (Select this if you spot an error, even if you don’t know the answer).",which_cartoon_dog_solves_mysteries_with_the_group_fred_daphne_velma_and_shaggy_fill_10.wav,filler_other,NA,NA,NA,Scooby-Doo,y,secdiff,otherfill,,,,FB_1206
26,67c54f5d628d139b4232865f3f1d3b1c5a804b32a90c9be6a1ad30aaf0a18ec9,Velma sounds like Belma. The answer is Scooby-Doo.,which_cartoon_dog_solves_mysteries_with_the_group_fred_daphne_velma_and_shaggy_fill_10.wav,filler_other,NA,NA,NA,Scooby-Doo,,,,,,,
26,67c54f5d628d139b4232865f3f1d3b1c5a804b32a90c9be6a1ad30aaf0a18ec9,The question does NOT need any corrections.,if_laundry_service_will_gum_in_five_days_and_todays_thursday_when_are_they_doing_laundry_next_targ_09_B.wav,target,phon_err,make vs. other verb,/k/ --> /g/; come/gum,Tuesday,nans,first,,a,,,FB_1206
26,67c54f5d628d139b4232865f3f1d3b1c5a804b32a90c9be6a1ad30aaf0a18ec9,The answer is Tuesday.,if_laundry_service_will_gum_in_five_days_and_todays_thursday_when_are_they_doing_laundry_next_targ_09_B.wav,target,phon_err,make vs. other verb,/k/ --> /g/; come/gum,Tuesday,,,,,,,
26,67c54f5d628d139b4232865f3f1d3b1c5a804b32a90c9be6a1ad30aaf0a18ec9,I’m good — skip to the next question,if_laundry_service_will_gum_in_five_days_and_todays_thursday_when_are_they_doing_laundry_next_targ_09_B.wav,target,phon_err,make vs. other verb,/k/ --> /g/; come/gum,Tuesday,s,secsame,,,,,FB_1206
26,67c54f5d628d139b4232865f3f1d3b1c5a804b32a90c9be6a1ad30aaf0a18ec9,NA,if_laundry_service_will_gum_in_five_days_and_todays_thursday_when_are_they_doing_laundry_next_targ_09_B.wav,target,phon_err,make vs. other verb,/k/ --> /g/; come/gum,Tuesday,,,,,,,
26,67c54f5d628d139b4232865f3f1d3b1c5a804b32a90c9be6a1ad30aaf0a18ec9,"The question needs to be CORRECTED (Select this if you spot an error, even if you don’t know the answer).",which_body_part_did_van_gogh_allegedly_cut_off_after_an_argument_with_his_friend_fill_05.wav,filler_other,NA,NA,NA,ear,y,first,otherfill,,,,FB_1206
26,67c54f5d628d139b4232865f3f1d3b1c5a804b32a90c9be6a1ad30aaf0a18ec9,Van Gough sounds like Fango. The answer is ear.,which_body_part_did_van_gogh_allegedly_cut_off_after_an_argument_with_his_friend_fill_05.wav,filler_other,NA,NA,NA,ear,,,,,,,
26,67c54f5d628d139b4232865f3f1d3b1c5a804b32a90c9be6a1ad30aaf0a18ec9,I’m good — skip to the next question,which_body_part_did_van_gogh_allegedly_cut_off_after_an_argument_with_his_friend_fill_05.wav,filler_other,NA,NA,NA,ear,s,secsame,,,,,FB_1206
26,67c54f5d628d139b4232865f3f1d3b1c5a804b32a90c9be6a1ad30aaf0a18ec9,NA,which_body_part_did_van_gogh_allegedly_cut_off_after_an_argument_with_his_friend_fill_05.wav,filler_other,NA,NA,NA,ear,,,,,,,
26,67c54f5d628d139b4232865f3f1d3b1c5a804b32a90c9be6a1ad30aaf0a18ec9,"The question does NOT need any corrections, but I don't know the answer/ I don't understand what the question is asking.",if_a_janitor_hardworking_cleaned_a_vent_in_five_minutes_how_many_seconds_is_that_targ_22_C.wav,target,non_phon_err,adj/noun order,/v/ --> /b/; vent/bent,eight,nun,first,,,,,FB_1206
26,67c54f5d628d139b4232865f3f1d3b1c5a804b32a90c9be6a1ad30aaf0a18ec9,NA,if_a_janitor_hardworking_cleaned_a_vent_in_five_minutes_how_many_seconds_is_that_targ_22_C.wav,target,non_phon_err,adj/noun order,/v/ --> /b/; vent/bent,eight,,,,,,,
26,67c54f5d628d139b4232865f3f1d3b1c5a804b32a90c9be6a1ad30aaf0a18ec9,"The question needs to be CORRECTED (Select this if you spot an error, even if you don’t know the answer).",if_a_janitor_hardworking_cleaned_a_vent_in_five_minutes_how_many_seconds_is_that_targ_22_C.wav,target,non_phon_err,adj/noun order,/v/ --> /b/; vent/bent,eight,y,secdiff,np,,,,FB_1206
26,67c54f5d628d139b4232865f3f1d3b1c5a804b32a90c9be6a1ad30aaf0a18ec9,It should say a hard working janitor. I think the answer is 300 seconds.,if_a_janitor_hardworking_cleaned_a_vent_in_five_minutes_how_many_seconds_is_that_targ_22_C.wav,target,non_phon_err,adj/noun order,/v/ --> /b/; vent/bent,eight,,,,,,,
26,67c54f5d628d139b4232865f3f1d3b1c5a804b32a90c9be6a1ad30aaf0a18ec9,The question does NOT need any corrections.,which_british_celebrity_judge_often_harshly_critiqued_contestants_on_the_nationwide_singing_contest_american_idol_fill_03.wav,filler_other,NA,NA,NA,Simon Cowell,nans,first,,a,,,FB_1206
26,67c54f5d628d139b4232865f3f1d3b1c5a804b32a90c9be6a1ad30aaf0a18ec9,Simon Cowell.,which_british_celebrity_judge_often_harshly_critiqued_contestants_on_the_nationwide_singing_contest_american_idol_fill_03.wav,filler_other,NA,NA,NA,Simon Cowell,,,,,,,
26,67c54f5d628d139b4232865f3f1d3b1c5a804b32a90c9be6a1ad30aaf0a18ec9,"The question needs to be CORRECTED (Select this if you spot an error, even if you don’t know the answer).",which_british_celebrity_judge_often_harshly_critiqued_contestants_on_the_nationwide_singing_contest_american_idol_fill_03.wav,filler_other,NA,NA,NA,Simon Cowell,y,secdiff,otherfill,,,,FB_1206
26,67c54f5d628d139b4232865f3f1d3b1c5a804b32a90c9be6a1ad30aaf0a18ec9,Should say British judge. Simon Cowell,which_british_celebrity_judge_often_harshly_critiqued_contestants_on_the_nationwide_singing_contest_american_idol_fill_03.wav,filler_other,NA,NA,NA,Simon Cowell,,,,,,,
26,67c54f5d628d139b4232865f3f1d3b1c5a804b32a90c9be6a1ad30aaf0a18ec9,"The question does NOT need any corrections, but I don't know the answer/ I don't understand what the question is asking.",when_you_have_hot_what_device_measures_body_temperature_in_both_celsius_and_fahrenheit_targ_18_C.wav,target,non_phon_err,have vs. be,/θ/ --> /t/; both/boat,thermometer,nun,first,,,,,FB_1206
26,67c54f5d628d139b4232865f3f1d3b1c5a804b32a90c9be6a1ad30aaf0a18ec9,NA,when_you_have_hot_what_device_measures_body_temperature_in_both_celsius_and_fahrenheit_targ_18_C.wav,target,non_phon_err,have vs. be,/θ/ --> /t/; both/boat,thermometer,,,,,,,
26,67c54f5d628d139b4232865f3f1d3b1c5a804b32a90c9be6a1ad30aaf0a18ec9,"The question needs to be CORRECTED (Select this if you spot an error, even if you don’t know the answer).",when_you_have_hot_what_device_measures_body_temperature_in_both_celsius_and_fahrenheit_targ_18_C.wav,target,non_phon_err,have vs. be,/θ/ --> /t/; both/boat,thermometer,y,secdiff,np,,,,FB_1206
26,67c54f5d628d139b4232865f3f1d3b1c5a804b32a90c9be6a1ad30aaf0a18ec9,It should say when you're feeling hot. The answer is thermometer,when_you_have_hot_what_device_measures_body_temperature_in_both_celsius_and_fahrenheit_targ_18_C.wav,target,non_phon_err,have vs. be,/θ/ --> /t/; both/boat,thermometer,,,,,,,
26,67c54f5d628d139b4232865f3f1d3b1c5a804b32a90c9be6a1ad30aaf0a18ec9,The question does NOT need any corrections.,which_tropical_fruit_that_grows_on_palm_trees_is_used_for_oils_and_milks_fill_18.wav,filler_other,NA,NA,NA,coconuts,nans,first,,w,,,FB_1206
26,67c54f5d628d139b4232865f3f1d3b1c5a804b32a90c9be6a1ad30aaf0a18ec9,The answer is pineapple,which_tropical_fruit_that_grows_on_palm_trees_is_used_for_oils_and_milks_fill_18.wav,filler_other,NA,NA,NA,coconuts,,,,,,,
26,67c54f5d628d139b4232865f3f1d3b1c5a804b32a90c9be6a1ad30aaf0a18ec9,I’m good — skip to the next question,which_tropical_fruit_that_grows_on_palm_trees_is_used_for_oils_and_milks_fill_18.wav,filler_other,NA,NA,NA,coconuts,s,secsame,,,,,FB_1206
26,67c54f5d628d139b4232865f3f1d3b1c5a804b32a90c9be6a1ad30aaf0a18ec9,NA,which_tropical_fruit_that_grows_on_palm_trees_is_used_for_oils_and_milks_fill_18.wav,filler_other,NA,NA,NA,coconuts,,,,,,,
26,67c54f5d628d139b4232865f3f1d3b1c5a804b32a90c9be6a1ad30aaf0a18ec9,The question does NOT need any corrections.,which_cartoon_character_works_at_the_krusty_krab_and_is_best_friends_with_patrick_star_fill_04.wav,filler_other,NA,NA,NA,Spongebob,nans,first,,a,,,FB_1206
26,67c54f5d628d139b4232865f3f1d3b1c5a804b32a90c9be6a1ad30aaf0a18ec9,Spongebob Squarepants.,which_cartoon_character_works_at_the_krusty_krab_and_is_best_friends_with_patrick_star_fill_04.wav,filler_other,NA,NA,NA,Spongebob,,,,,,,
26,67c54f5d628d139b4232865f3f1d3b1c5a804b32a90c9be6a1ad30aaf0a18ec9,I’m good — skip to the next question,which_cartoon_character_works_at_the_krusty_krab_and_is_best_friends_with_patrick_star_fill_04.wav,filler_other,NA,NA,NA,Spongebob,s,secsame,,,,,FB_1206
26,67c54f5d628d139b4232865f3f1d3b1c5a804b32a90c9be6a1ad30aaf0a18ec9,NA,which_cartoon_character_works_at_the_krusty_krab_and_is_best_friends_with_patrick_star_fill_04.wav,filler_other,NA,NA,NA,Spongebob,,,,,,,
26,67c54f5d628d139b4232865f3f1d3b1c5a804b32a90c9be6a1ad30aaf0a18ec9,"The question needs to be CORRECTED (Select this if you spot an error, even if you don’t know the answer).",what_holiday_occurs_at_the_end_of_october_and_features_trick-or-treating_pumpkins_and_haunted_houses_fill_07.wav,filler_other,NA,NA,NA,Halloween,y,first,otherfill,,,,FB_1206
26,67c54f5d628d139b4232865f3f1d3b1c5a804b32a90c9be6a1ad30aaf0a18ec9,Occurs sounds like incurs. The answer is Halloween.,what_holiday_occurs_at_the_end_of_october_and_features_trick-or-treating_pumpkins_and_haunted_houses_fill_07.wav,filler_other,NA,NA,NA,Halloween,,,,,,,
26,67c54f5d628d139b4232865f3f1d3b1c5a804b32a90c9be6a1ad30aaf0a18ec9,I’m good — skip to the next question,what_holiday_occurs_at_the_end_of_october_and_features_trick-or-treating_pumpkins_and_haunted_houses_fill_07.wav,filler_other,NA,NA,NA,Halloween,s,secsame,,,,,FB_1206
26,67c54f5d628d139b4232865f3f1d3b1c5a804b32a90c9be6a1ad30aaf0a18ec9,NA,what_holiday_occurs_at_the_end_of_october_and_features_trick-or-treating_pumpkins_and_haunted_houses_fill_07.wav,filler_other,NA,NA,NA,Halloween,,,,,,,
26,67c54f5d628d139b4232865f3f1d3b1c5a804b32a90c9be6a1ad30aaf0a18ec9,"The question needs to be CORRECTED (Select this if you spot an error, even if you don’t know the answer).",which_scottish_actor_first_played_james_bond_wearing_guilts_to_red_carpets_when_he_had_32_years_old_targ_03_D.wav,target,both_err,have vs. be,/k/ --> /g/; kilt/guilt,Sean Connery,y,first,np?,,,,FB_1206
26,67c54f5d628d139b4232865f3f1d3b1c5a804b32a90c9be6a1ad30aaf0a18ec9,The sentence is formatted wrong. The answer is Sean Connery.,which_scottish_actor_first_played_james_bond_wearing_guilts_to_red_carpets_when_he_had_32_years_old_targ_03_D.wav,target,both_err,have vs. be,/k/ --> /g/; kilt/guilt,Sean Connery,,,,,,,
26,67c54f5d628d139b4232865f3f1d3b1c5a804b32a90c9be6a1ad30aaf0a18ec9,I’m good — skip to the next question,which_scottish_actor_first_played_james_bond_wearing_guilts_to_red_carpets_when_he_had_32_years_old_targ_03_D.wav,target,both_err,have vs. be,/k/ --> /g/; kilt/guilt,Sean Connery,s,secsame,,,,,FB_1206
26,67c54f5d628d139b4232865f3f1d3b1c5a804b32a90c9be6a1ad30aaf0a18ec9,NA,which_scottish_actor_first_played_james_bond_wearing_guilts_to_red_carpets_when_he_had_32_years_old_targ_03_D.wav,target,both_err,have vs. be,/k/ --> /g/; kilt/guilt,Sean Connery,,,,,,,
26,67c54f5d628d139b4232865f3f1d3b1c5a804b32a90c9be6a1ad30aaf0a18ec9,"The question needs to be CORRECTED (Select this if you spot an error, even if you don’t know the answer).",how_many_legs_does_a_garden_spider_canadian_whose_silk_can_make_cloth_have_targ_06_C.wav,target,non_phon_err,adj/noun order,/θ/ --> /t/; cloth/clot,eight,y,first,np?,,,,FB_1206
26,67c54f5d628d139b4232865f3f1d3b1c5a804b32a90c9be6a1ad30aaf0a18ec9,The question is formatted wrong.,how_many_legs_does_a_garden_spider_canadian_whose_silk_can_make_cloth_have_targ_06_C.wav,target,non_phon_err,adj/noun order,/θ/ --> /t/; cloth/clot,eight,,,,,,,
26,67c54f5d628d139b4232865f3f1d3b1c5a804b32a90c9be6a1ad30aaf0a18ec9,"The question needs to be CORRECTED (Select this if you spot an error, even if you don’t know the answer).",how_many_legs_does_a_garden_spider_canadian_whose_silk_can_make_cloth_have_targ_06_C.wav,target,non_phon_err,adj/noun order,/θ/ --> /t/; cloth/clot,eight,y,secdiff,np,,,,FB_1206
26,67c54f5d628d139b4232865f3f1d3b1c5a804b32a90c9be6a1ad30aaf0a18ec9,"Should say how many legs does a Canadian garden spider, that can make silk, have. The answer is eight.",how_many_legs_does_a_garden_spider_canadian_whose_silk_can_make_cloth_have_targ_06_C.wav,target,non_phon_err,adj/noun order,/θ/ --> /t/; cloth/clot,eight,,,,,,,
26,67c54f5d628d139b4232865f3f1d3b1c5a804b32a90c9be6a1ad30aaf0a18ec9,The question does NOT need any corrections.,what_animal_is_typically_white_with_black_spots_and_says_moo_fill_21.wav,filler_other,NA,NA,NA,a cow,nans,first,,twice,,,FB_1206
26,67c54f5d628d139b4232865f3f1d3b1c5a804b32a90c9be6a1ad30aaf0a18ec9,The answer is cow.,what_animal_is_typically_white_with_black_spots_and_says_moo_fill_21.wav,filler_other,NA,NA,NA,a cow,,,,,,,
26,67c54f5d628d139b4232865f3f1d3b1c5a804b32a90c9be6a1ad30aaf0a18ec9,The question does NOT need any corrections.,what_animal_is_typically_white_with_black_spots_and_says_moo_fill_21.wav,filler_other,NA,NA,NA,a cow,nans,secsame,,a,"I'm assuming that the NA applies to 'no corrections needed', not an answer change",,FB_1206
26,67c54f5d628d139b4232865f3f1d3b1c5a804b32a90c9be6a1ad30aaf0a18ec9,NA,what_animal_is_typically_white_with_black_spots_and_says_moo_fill_21.wav,filler_other,NA,NA,NA,a cow,,,,,,,
26,67c54f5d628d139b4232865f3f1d3b1c5a804b32a90c9be6a1ad30aaf0a18ec9,The question does NOT need any corrections.,which_fast_food_chain_offers_foot-long_sandwiches_and_has_the_slogan_eat_fresh_fill_11.wav,filler_other,NA,NA,NA,Subway,nans,first,,a,,,FB_1206
26,67c54f5d628d139b4232865f3f1d3b1c5a804b32a90c9be6a1ad30aaf0a18ec9,The answer is Subway.,which_fast_food_chain_offers_foot-long_sandwiches_and_has_the_slogan_eat_fresh_fill_11.wav,filler_other,NA,NA,NA,Subway,,,,,,,
26,67c54f5d628d139b4232865f3f1d3b1c5a804b32a90c9be6a1ad30aaf0a18ec9,I’m good — skip to the next question,which_fast_food_chain_offers_foot-long_sandwiches_and_has_the_slogan_eat_fresh_fill_11.wav,filler_other,NA,NA,NA,Subway,s,secsame,,,,,FB_1206
26,67c54f5d628d139b4232865f3f1d3b1c5a804b32a90c9be6a1ad30aaf0a18ec9,NA,which_fast_food_chain_offers_foot-long_sandwiches_and_has_the_slogan_eat_fresh_fill_11.wav,filler_other,NA,NA,NA,Subway,,,,,,,
26,67c54f5d628d139b4232865f3f1d3b1c5a804b32a90c9be6a1ad30aaf0a18ec9,The question does NOT need any corrections.,which_soft_pastry_made_with_a_certain_spice_is_often_spiral-shaped_and_topped_with_icing_fill_16.wav,filler_other,NA,NA,NA,cinnamon roll,nans,first,,a,,,FB_1206
26,67c54f5d628d139b4232865f3f1d3b1c5a804b32a90c9be6a1ad30aaf0a18ec9,The answer is cinnamon roll.,which_soft_pastry_made_with_a_certain_spice_is_often_spiral-shaped_and_topped_with_icing_fill_16.wav,filler_other,NA,NA,NA,cinnamon roll,,,,,,,
26,67c54f5d628d139b4232865f3f1d3b1c5a804b32a90c9be6a1ad30aaf0a18ec9,I’m good — skip to the next question,which_soft_pastry_made_with_a_certain_spice_is_often_spiral-shaped_and_topped_with_icing_fill_16.wav,filler_other,NA,NA,NA,cinnamon roll,s,secsame,,,,,FB_1206
26,67c54f5d628d139b4232865f3f1d3b1c5a804b32a90c9be6a1ad30aaf0a18ec9,NA,which_soft_pastry_made_with_a_certain_spice_is_often_spiral-shaped_and_topped_with_icing_fill_16.wav,filler_other,NA,NA,NA,cinnamon roll,,,,,,,
26,67c54f5d628d139b4232865f3f1d3b1c5a804b32a90c9be6a1ad30aaf0a18ec9,The question does NOT need any corrections.,what_musician_won_grammys_for_their_album_thriller_which_features_the_hit_song_beat_it_fill_20.wav,filler_other,NA,NA,NA,Michael Jackson,nans,first,,a,,,FB_1206
26,67c54f5d628d139b4232865f3f1d3b1c5a804b32a90c9be6a1ad30aaf0a18ec9,Michael Jackson.,what_musician_won_grammys_for_their_album_thriller_which_features_the_hit_song_beat_it_fill_20.wav,filler_other,NA,NA,NA,Michael Jackson,,,,,,,
26,67c54f5d628d139b4232865f3f1d3b1c5a804b32a90c9be6a1ad30aaf0a18ec9,I’m good — skip to the next question,what_musician_won_grammys_for_their_album_thriller_which_features_the_hit_song_beat_it_fill_20.wav,filler_other,NA,NA,NA,Michael Jackson,s,secsame,,,,,FB_1206
26,67c54f5d628d139b4232865f3f1d3b1c5a804b32a90c9be6a1ad30aaf0a18ec9,NA,what_musician_won_grammys_for_their_album_thriller_which_features_the_hit_song_beat_it_fill_20.wav,filler_other,NA,NA,NA,Michael Jackson,,,,,,,
26,67c54f5d628d139b4232865f3f1d3b1c5a804b32a90c9be6a1ad30aaf0a18ec9,"The question needs to be CORRECTED (Select this if you spot an error, even if you don’t know the answer).",what_kind_of_weather_cooed_cooled_occur_when_it_is_raining_and_below_freezing_targ_05_B.wav,target,phon_err,expletive 'it' dropping,/ʊ/ --> /u/; could/cooed,snow,y,first,p?,,,,FB_1206
26,67c54f5d628d139b4232865f3f1d3b1c5a804b32a90c9be6a1ad30aaf0a18ec9,Cant understand a word.,what_kind_of_weather_cooed_cooled_occur_when_it_is_raining_and_below_freezing_targ_05_B.wav,target,phon_err,expletive 'it' dropping,/ʊ/ --> /u/; could/cooed,snow,,,,,,,
26,67c54f5d628d139b4232865f3f1d3b1c5a804b32a90c9be6a1ad30aaf0a18ec9,"The question needs to be CORRECTED (Select this if you spot an error, even if you don’t know the answer).",what_kind_of_weather_cooed_cooled_occur_when_it_is_raining_and_below_freezing_targ_05_B.wav,target,phon_err,expletive 'it' dropping,/ʊ/ --> /u/; could/cooed,snow,y,secdiff,p,,,,FB_1206
26,67c54f5d628d139b4232865f3f1d3b1c5a804b32a90c9be6a1ad30aaf0a18ec9,Should say what kind of weather could occur. The answer is snow.,what_kind_of_weather_cooed_cooled_occur_when_it_is_raining_and_below_freezing_targ_05_B.wav,target,phon_err,expletive 'it' dropping,/ʊ/ --> /u/; could/cooed,snow,,,,,,,
26,67c54f5d628d139b4232865f3f1d3b1c5a804b32a90c9be6a1ad30aaf0a18ec9,The question does NOT need any corrections.,where_do_people_get_drivers_licenses_since_it_is_required_as_valid_id_to_drive_targ_16_A.wav,target,correct,expletive 'it' dropping,/v/ --> /b/; valid/ballad,DMV,nans,first,,a,,,FB_1206
26,67c54f5d628d139b4232865f3f1d3b1c5a804b32a90c9be6a1ad30aaf0a18ec9,The answer is the DMV,where_do_people_get_drivers_licenses_since_it_is_required_as_valid_id_to_drive_targ_16_A.wav,target,correct,expletive 'it' dropping,/v/ --> /b/; valid/ballad,DMV,,,,,,,
26,67c54f5d628d139b4232865f3f1d3b1c5a804b32a90c9be6a1ad30aaf0a18ec9,I’m good — skip to the next question,where_do_people_get_drivers_licenses_since_it_is_required_as_valid_id_to_drive_targ_16_A.wav,target,correct,expletive 'it' dropping,/v/ --> /b/; valid/ballad,DMV,s,secsame,,,,,FB_1206
26,67c54f5d628d139b4232865f3f1d3b1c5a804b32a90c9be6a1ad30aaf0a18ec9,NA,where_do_people_get_drivers_licenses_since_it_is_required_as_valid_id_to_drive_targ_16_A.wav,target,correct,expletive 'it' dropping,/v/ --> /b/; valid/ballad,DMV,,,,,,,
26,67c54f5d628d139b4232865f3f1d3b1c5a804b32a90c9be6a1ad30aaf0a18ec9,"The question needs to be CORRECTED (Select this if you spot an error, even if you don’t know the answer).",what_big_star_in_our_solar_system_can_steal_be_visible_when_is_cloudy_targ_19_D.wav,target,both_err,expletive 'it' dropping,/ɪ/ --> /i/; still/steal,the Sun,y,first,otherp,,,,FB_1206
26,67c54f5d628d139b4232865f3f1d3b1c5a804b32a90c9be6a1ad30aaf0a18ec9,Visible needs to be said more clearly. The answer is Moon.,what_big_star_in_our_solar_system_can_steal_be_visible_when_is_cloudy_targ_19_D.wav,target,both_err,expletive 'it' dropping,/ɪ/ --> /i/; still/steal,the Sun,,,,,,,
26,67c54f5d628d139b4232865f3f1d3b1c5a804b32a90c9be6a1ad30aaf0a18ec9,"The question needs to be CORRECTED (Select this if you spot an error, even if you don’t know the answer).",what_big_star_in_our_solar_system_can_steal_be_visible_when_is_cloudy_targ_19_D.wav,target,both_err,expletive 'it' dropping,/ɪ/ --> /i/; still/steal,the Sun,y,secdiff,p,,,,FB_1206
26,67c54f5d628d139b4232865f3f1d3b1c5a804b32a90c9be6a1ad30aaf0a18ec9,"The sentence should say ""is still visible."" The answer is Moon.",what_big_star_in_our_solar_system_can_steal_be_visible_when_is_cloudy_targ_19_D.wav,target,both_err,expletive 'it' dropping,/ɪ/ --> /i/; still/steal,the Sun,,,,,,,
26,67c54f5d628d139b4232865f3f1d3b1c5a804b32a90c9be6a1ad30aaf0a18ec9,The question does NOT need any corrections.,if_youre_on_a_path_from_california_to_hawaii_which_ocean_do_you_go_through_targ_12_A.wav,target,correct,no aux verbs in questions (lack of do support),/θ/ --> /t/; path/pat,Pacific Ocean,nans,first,,a,,,FB_1206
26,67c54f5d628d139b4232865f3f1d3b1c5a804b32a90c9be6a1ad30aaf0a18ec9,Pacific Ocean.,if_youre_on_a_path_from_california_to_hawaii_which_ocean_do_you_go_through_targ_12_A.wav,target,correct,no aux verbs in questions (lack of do support),/θ/ --> /t/; path/pat,Pacific Ocean,,,,,,,
26,67c54f5d628d139b4232865f3f1d3b1c5a804b32a90c9be6a1ad30aaf0a18ec9,I’m good — skip to the next question,if_youre_on_a_path_from_california_to_hawaii_which_ocean_do_you_go_through_targ_12_A.wav,target,correct,no aux verbs in questions (lack of do support),/θ/ --> /t/; path/pat,Pacific Ocean,s,secsame,,,,,FB_1206
26,67c54f5d628d139b4232865f3f1d3b1c5a804b32a90c9be6a1ad30aaf0a18ec9,NA,if_youre_on_a_path_from_california_to_hawaii_which_ocean_do_you_go_through_targ_12_A.wav,target,correct,no aux verbs in questions (lack of do support),/θ/ --> /t/; path/pat,Pacific Ocean,,,,,,,
26,67c54f5d628d139b4232865f3f1d3b1c5a804b32a90c9be6a1ad30aaf0a18ec9,"The question needs to be CORRECTED (Select this if you spot an error, even if you don’t know the answer).",what_mythical_creatures_have_been_said_to_drink_blood_turn_into_bats_and_hate_onions_fill_14.wav,filler_other,NA,NA,NA,vampires,y,first,otherfill,,,,FB_1206
26,67c54f5d628d139b4232865f3f1d3b1c5a804b32a90c9be6a1ad30aaf0a18ec9,Onions should be garlic. The answer is vampires.,what_mythical_creatures_have_been_said_to_drink_blood_turn_into_bats_and_hate_onions_fill_14.wav,filler_other,NA,NA,NA,vampires,,,,,,,
26,67c54f5d628d139b4232865f3f1d3b1c5a804b32a90c9be6a1ad30aaf0a18ec9,"The question needs to be CORRECTED (Select this if you spot an error, even if you don’t know the answer).",what_mythical_creatures_have_been_said_to_drink_blood_turn_into_bats_and_hate_onions_fill_14.wav,filler_other,NA,NA,NA,vampires,y,secdiff,otherfill,,,,FB_1206
26,67c54f5d628d139b4232865f3f1d3b1c5a804b32a90c9be6a1ad30aaf0a18ec9,Should say mythological instead of mythic. Onions should be replaced with garlic. The answer is vampires.,what_mythical_creatures_have_been_said_to_drink_blood_turn_into_bats_and_hate_onions_fill_14.wav,filler_other,NA,NA,NA,vampires,,,,,,,
26,67c54f5d628d139b4232865f3f1d3b1c5a804b32a90c9be6a1ad30aaf0a18ec9,The question does NOT need any corrections.,what_organ_is_often_associated_with_being_eaten_by_rotting_flesh_monsters_also_known_as_zombies_fill_02.wav,filler_other,NA,NA,NA,the brain,nans,first,,a,,,FB_1206
26,67c54f5d628d139b4232865f3f1d3b1c5a804b32a90c9be6a1ad30aaf0a18ec9,Brains,what_organ_is_often_associated_with_being_eaten_by_rotting_flesh_monsters_also_known_as_zombies_fill_02.wav,filler_other,NA,NA,NA,the brain,,,,,,,
26,67c54f5d628d139b4232865f3f1d3b1c5a804b32a90c9be6a1ad30aaf0a18ec9,I’m good — skip to the next question,what_organ_is_often_associated_with_being_eaten_by_rotting_flesh_monsters_also_known_as_zombies_fill_02.wav,filler_other,NA,NA,NA,the brain,s,secsame,,,,,FB_1206
26,67c54f5d628d139b4232865f3f1d3b1c5a804b32a90c9be6a1ad30aaf0a18ec9,NA,what_organ_is_often_associated_with_being_eaten_by_rotting_flesh_monsters_also_known_as_zombies_fill_02.wav,filler_other,NA,NA,NA,the brain,,,,,,,
26,67c54f5d628d139b4232865f3f1d3b1c5a804b32a90c9be6a1ad30aaf0a18ec9,"The question needs to be CORRECTED (Select this if you spot an error, even if you don’t know the answer).",who_did_americans_vote_for_to_be_their_first_president_who_avoided_to_serve_three_terms_targ_10_C.wav,target,non_phon_err,infinitive vs. participle,/v/ --> /b/; vote/boat,George Washington,y,first,otherp,,it seems like they misheard 'avoided' as 'voted' and provided a correction,,FB_1206
26,67c54f5d628d139b4232865f3f1d3b1c5a804b32a90c9be6a1ad30aaf0a18ec9,Voted sounds like voided.,who_did_americans_vote_for_to_be_their_first_president_who_avoided_to_serve_three_terms_targ_10_C.wav,target,non_phon_err,infinitive vs. participle,/v/ --> /b/; vote/boat,George Washington,,,,,,,
26,67c54f5d628d139b4232865f3f1d3b1c5a804b32a90c9be6a1ad30aaf0a18ec9,I’m good — skip to the next question,who_did_americans_vote_for_to_be_their_first_president_who_avoided_to_serve_three_terms_targ_10_C.wav,target,non_phon_err,infinitive vs. participle,/v/ --> /b/; vote/boat,George Washington,s,secsame,,,,,FB_1206
26,67c54f5d628d139b4232865f3f1d3b1c5a804b32a90c9be6a1ad30aaf0a18ec9,NA,who_did_americans_vote_for_to_be_their_first_president_who_avoided_to_serve_three_terms_targ_10_C.wav,target,non_phon_err,infinitive vs. participle,/v/ --> /b/; vote/boat,George Washington,,,,,,,
26,67c54f5d628d139b4232865f3f1d3b1c5a804b32a90c9be6a1ad30aaf0a18ec9,The question does NOT need any corrections.,which_season_do_we_associate_with_thanksgiving_the_beginning_of_school_and_leaves_turning_brown_fill_19.wav,filler_other,NA,NA,NA,Fall,nans,first,,twice,,,FB_1206
26,67c54f5d628d139b4232865f3f1d3b1c5a804b32a90c9be6a1ad30aaf0a18ec9,The answer is Autumn,which_season_do_we_associate_with_thanksgiving_the_beginning_of_school_and_leaves_turning_brown_fill_19.wav,filler_other,NA,NA,NA,Fall,,,,,,,
26,67c54f5d628d139b4232865f3f1d3b1c5a804b32a90c9be6a1ad30aaf0a18ec9,The question does NOT need any corrections.,which_season_do_we_associate_with_thanksgiving_the_beginning_of_school_and_leaves_turning_brown_fill_19.wav,filler_other,NA,NA,NA,Fall,nans,secsame,,a,,,FB_1206
26,67c54f5d628d139b4232865f3f1d3b1c5a804b32a90c9be6a1ad30aaf0a18ec9,Autumn,which_season_do_we_associate_with_thanksgiving_the_beginning_of_school_and_leaves_turning_brown_fill_19.wav,filler_other,NA,NA,NA,Fall,,,,,,,
26,67c54f5d628d139b4232865f3f1d3b1c5a804b32a90c9be6a1ad30aaf0a18ec9,The question does NOT need any corrections.,what_city_have_people_rushed_to_tour_to_see_where_the_us_government_makes_business_targ_14_C.wav,target,non_phon_err,make vs. other verb,/ʃ/ --> /s/; rushed/rust,Washington D.C.,nans,first,,a,,,FB_1206
26,67c54f5d628d139b4232865f3f1d3b1c5a804b32a90c9be6a1ad30aaf0a18ec9,Washington DC,what_city_have_people_rushed_to_tour_to_see_where_the_us_government_makes_business_targ_14_C.wav,target,non_phon_err,make vs. other verb,/ʃ/ --> /s/; rushed/rust,Washington D.C.,,,,,,,
26,67c54f5d628d139b4232865f3f1d3b1c5a804b32a90c9be6a1ad30aaf0a18ec9,"The question needs to be CORRECTED (Select this if you spot an error, even if you don’t know the answer).",what_city_have_people_rushed_to_tour_to_see_where_the_us_government_makes_business_targ_14_C.wav,target,non_phon_err,make vs. other verb,/ʃ/ --> /s/; rushed/rust,Washington D.C.,y,secdiff,both,,,,FB_1206
26,67c54f5d628d139b4232865f3f1d3b1c5a804b32a90c9be6a1ad30aaf0a18ec9,Should say which city do people rush to tour and associated with government business. Washington D.C.,what_city_have_people_rushed_to_tour_to_see_where_the_us_government_makes_business_targ_14_C.wav,target,non_phon_err,make vs. other verb,/ʃ/ --> /s/; rushed/rust,Washington D.C.,,,,,,,
26,67c54f5d628d139b4232865f3f1d3b1c5a804b32a90c9be6a1ad30aaf0a18ec9,The question does NOT need any corrections.,who_discovered_the_law_of_universal_gravitation_which_accounts_for_why_objects_naturally_fall_downwards_fill_15.wav,filler_other,NA,NA,NA,Isaac Newton,nans,first,,a,,,FB_1206
26,67c54f5d628d139b4232865f3f1d3b1c5a804b32a90c9be6a1ad30aaf0a18ec9,Newton,who_discovered_the_law_of_universal_gravitation_which_accounts_for_why_objects_naturally_fall_downwards_fill_15.wav,filler_other,NA,NA,NA,Isaac Newton,,,,,,,
26,67c54f5d628d139b4232865f3f1d3b1c5a804b32a90c9be6a1ad30aaf0a18ec9,"The question needs to be CORRECTED (Select this if you spot an error, even if you don’t know the answer).",who_discovered_the_law_of_universal_gravitation_which_accounts_for_why_objects_naturally_fall_downwards_fill_15.wav,filler_other,NA,NA,NA,Isaac Newton,y,secdiff,otherfill,,,,FB_1206
26,67c54f5d628d139b4232865f3f1d3b1c5a804b32a90c9be6a1ad30aaf0a18ec9,Should say law of gravity. The answer is Newton.,who_discovered_the_law_of_universal_gravitation_which_accounts_for_why_objects_naturally_fall_downwards_fill_15.wav,filler_other,NA,NA,NA,Isaac Newton,,,,,,,
26,67c54f5d628d139b4232865f3f1d3b1c5a804b32a90c9be6a1ad30aaf0a18ec9,"The question needs to be CORRECTED (Select this if you spot an error, even if you don’t know the answer).",what_term_refers_to_armored_men_who_enjoyed_to_carry_medieval_swords_that_clash_in_combat_targ_02_C.wav,target,non_phon_err,infinitive vs. participle,/ʃ/ --> /s/; clash/class,knights,y,first,np?,,,,FB_1206
26,67c54f5d628d139b4232865f3f1d3b1c5a804b32a90c9be6a1ad30aaf0a18ec9,The sentence isnt structured properly. The answer is knights.,what_term_refers_to_armored_men_who_enjoyed_to_carry_medieval_swords_that_clash_in_combat_targ_02_C.wav,target,non_phon_err,infinitive vs. participle,/ʃ/ --> /s/; clash/class,knights,,,,,,,
26,67c54f5d628d139b4232865f3f1d3b1c5a804b32a90c9be6a1ad30aaf0a18ec9,I’m good — skip to the next question,what_term_refers_to_armored_men_who_enjoyed_to_carry_medieval_swords_that_clash_in_combat_targ_02_C.wav,target,non_phon_err,infinitive vs. participle,/ʃ/ --> /s/; clash/class,knights,s,secsame,,,,,FB_1206
26,67c54f5d628d139b4232865f3f1d3b1c5a804b32a90c9be6a1ad30aaf0a18ec9,NA,what_term_refers_to_armored_men_who_enjoyed_to_carry_medieval_swords_that_clash_in_combat_targ_02_C.wav,target,non_phon_err,infinitive vs. participle,/ʃ/ --> /s/; clash/class,knights,,,,,,,
26,67c54f5d628d139b4232865f3f1d3b1c5a804b32a90c9be6a1ad30aaf0a18ec9,The question does NOT need any corrections.,where_do_the_jolly_christmas_icons_santa_claus_and_his_wife_mrs._claus_live_fill_22.wav,filler_other,NA,NA,NA,the North Pole,nans,first,,a,,,FB_1206
26,67c54f5d628d139b4232865f3f1d3b1c5a804b32a90c9be6a1ad30aaf0a18ec9,The North Pole,where_do_the_jolly_christmas_icons_santa_claus_and_his_wife_mrs._claus_live_fill_22.wav,filler_other,NA,NA,NA,the North Pole,,,,,,,
26,67c54f5d628d139b4232865f3f1d3b1c5a804b32a90c9be6a1ad30aaf0a18ec9,I’m good — skip to the next question,where_do_the_jolly_christmas_icons_santa_claus_and_his_wife_mrs._claus_live_fill_22.wav,filler_other,NA,NA,NA,the North Pole,s,secsame,,,,,FB_1206
26,67c54f5d628d139b4232865f3f1d3b1c5a804b32a90c9be6a1ad30aaf0a18ec9,NA,where_do_the_jolly_christmas_icons_santa_claus_and_his_wife_mrs._claus_live_fill_22.wav,filler_other,NA,NA,NA,the North Pole,,,,,,,
26,67c54f5d628d139b4232865f3f1d3b1c5a804b32a90c9be6a1ad30aaf0a18ec9,The question does NOT need any corrections.,in_what_country_would_you_find_landmarks_like_the_pyramids_of_giza_and_great_sphinx_fill_24.wav,filler_other,NA,NA,NA,Egypt,nans,first,,a,,,FB_1206
26,67c54f5d628d139b4232865f3f1d3b1c5a804b32a90c9be6a1ad30aaf0a18ec9,Egypt,in_what_country_would_you_find_landmarks_like_the_pyramids_of_giza_and_great_sphinx_fill_24.wav,filler_other,NA,NA,NA,Egypt,,,,,,,
26,67c54f5d628d139b4232865f3f1d3b1c5a804b32a90c9be6a1ad30aaf0a18ec9,I’m good — skip to the next question,in_what_country_would_you_find_landmarks_like_the_pyramids_of_giza_and_great_sphinx_fill_24.wav,filler_other,NA,NA,NA,Egypt,s,secsame,,,,,FB_1206
26,67c54f5d628d139b4232865f3f1d3b1c5a804b32a90c9be6a1ad30aaf0a18ec9,NA,in_what_country_would_you_find_landmarks_like_the_pyramids_of_giza_and_great_sphinx_fill_24.wav,filler_other,NA,NA,NA,Egypt,,,,,,,
26,67c54f5d628d139b4232865f3f1d3b1c5a804b32a90c9be6a1ad30aaf0a18ec9,"The question needs to be CORRECTED (Select this if you spot an error, even if you don’t know the answer).",what_did_neil_armstrong_say_during_his_very_first_steps_on_the_moon_targ_04_A.wav,target,correct,no aux verbs in questions (lack of do support),/v/ --> /b/; very/berry,"""That's one small step for man, one giant leap for mankind.""",y,first,otherp,,,,FB_1206
26,67c54f5d628d139b4232865f3f1d3b1c5a804b32a90c9be6a1ad30aaf0a18ec9,"Neil sounds like Nell. ""One small leap for man, one giant leap for mankind.""",what_did_neil_armstrong_say_during_his_very_first_steps_on_the_moon_targ_04_A.wav,target,correct,no aux verbs in questions (lack of do support),/v/ --> /b/; very/berry,"""That's one small step for man, one giant leap for mankind.""",,,,,,,
26,67c54f5d628d139b4232865f3f1d3b1c5a804b32a90c9be6a1ad30aaf0a18ec9,I’m good — skip to the next question,what_did_neil_armstrong_say_during_his_very_first_steps_on_the_moon_targ_04_A.wav,target,correct,no aux verbs in questions (lack of do support),/v/ --> /b/; very/berry,"""That's one small step for man, one giant leap for mankind.""",s,secsame,,,,,FB_1206
26,67c54f5d628d139b4232865f3f1d3b1c5a804b32a90c9be6a1ad30aaf0a18ec9,NA,what_did_neil_armstrong_say_during_his_very_first_steps_on_the_moon_targ_04_A.wav,target,correct,no aux verbs in questions (lack of do support),/v/ --> /b/; very/berry,"""That's one small step for man, one giant leap for mankind.""",,,,,,,
26,67c54f5d628d139b4232865f3f1d3b1c5a804b32a90c9be6a1ad30aaf0a18ec9,The question does NOT need any corrections.,which_oscar-winning_movie_features_tom_hanks_saying_life_is_like_a_box_of_chocolates_fill_12.wav,filler_other,NA,NA,NA,Forrest Gump,nans,first,,a,,,FB_1206
26,67c54f5d628d139b4232865f3f1d3b1c5a804b32a90c9be6a1ad30aaf0a18ec9,Forrest Gump,which_oscar-winning_movie_features_tom_hanks_saying_life_is_like_a_box_of_chocolates_fill_12.wav,filler_other,NA,NA,NA,Forrest Gump,,,,,,,
26,67c54f5d628d139b4232865f3f1d3b1c5a804b32a90c9be6a1ad30aaf0a18ec9,I’m good — skip to the next question,which_oscar-winning_movie_features_tom_hanks_saying_life_is_like_a_box_of_chocolates_fill_12.wav,filler_other,NA,NA,NA,Forrest Gump,s,secsame,,,,,FB_1206
26,67c54f5d628d139b4232865f3f1d3b1c5a804b32a90c9be6a1ad30aaf0a18ec9,NA,which_oscar-winning_movie_features_tom_hanks_saying_life_is_like_a_box_of_chocolates_fill_12.wav,filler_other,NA,NA,NA,Forrest Gump,,,,,,,
27,68dcc36aebb4e6bb755d91e3438e5c8fe347768da454fd75d3a922367da58a7d,The question does NOT need any corrections.,what_color_is_a_typical_school_bus_fill_28.wav,att_check_good,NA,NA,NA,yellow,nans,first,,a,attention check passed (7/8 correct),,JB_1204
27,68dcc36aebb4e6bb755d91e3438e5c8fe347768da454fd75d3a922367da58a7d,yellow,what_color_is_a_typical_school_bus_fill_28.wav,att_check_good,NA,NA,NA,yellow,,,,,,,
27,68dcc36aebb4e6bb755d91e3438e5c8fe347768da454fd75d3a922367da58a7d,I’m good — skip to the next question,what_color_is_a_typical_school_bus_fill_28.wav,att_check_good,NA,NA,NA,yellow,s,secsame,,,,,JB_1204
27,68dcc36aebb4e6bb755d91e3438e5c8fe347768da454fd75d3a922367da58a7d,NA,what_color_is_a_typical_school_bus_fill_28.wav,att_check_good,NA,NA,NA,yellow,,,,,,,
27,68dcc36aebb4e6bb755d91e3438e5c8fe347768da454fd75d3a922367da58a7d,"The question needs to be CORRECTED (Select this if you spot an error, even if you don’t know the answer).",what_is_the_largest_plant_in_the_solar_system_fill_31.wav,att_check_err,NA,NA,NA,Jupiter (planet),y,first,acheckp,,,,JB_1204
27,68dcc36aebb4e6bb755d91e3438e5c8fe347768da454fd75d3a922367da58a7d,planet being pronounced plant,what_is_the_largest_plant_in_the_solar_system_fill_31.wav,att_check_err,NA,NA,NA,Jupiter (planet),,,,,,,
27,68dcc36aebb4e6bb755d91e3438e5c8fe347768da454fd75d3a922367da58a7d,I’m good — skip to the next question,what_is_the_largest_plant_in_the_solar_system_fill_31.wav,att_check_err,NA,NA,NA,Jupiter (planet),s,secsame,,,,,JB_1204
27,68dcc36aebb4e6bb755d91e3438e5c8fe347768da454fd75d3a922367da58a7d,NA,what_is_the_largest_plant_in_the_solar_system_fill_31.wav,att_check_err,NA,NA,NA,Jupiter (planet),,,,,,,
27,68dcc36aebb4e6bb755d91e3438e5c8fe347768da454fd75d3a922367da58a7d,"The question needs to be CORRECTED (Select this if you spot an error, even if you don’t know the answer).",in_the_cycle_of_seasons_what_season_comes_after_dinter_fill_29.wav,att_check_err,NA,NA,NA,"Spring (Winter, sound sub that's not related)",y,first,,,,,JB_1204
27,68dcc36aebb4e6bb755d91e3438e5c8fe347768da454fd75d3a922367da58a7d,winter is pronounced like vinter,in_the_cycle_of_seasons_what_season_comes_after_dinter_fill_29.wav,att_check_err,NA,NA,NA,"Spring (Winter, sound sub that's not related)",,,,,,,
27,68dcc36aebb4e6bb755d91e3438e5c8fe347768da454fd75d3a922367da58a7d,I’m good — skip to the next question,in_the_cycle_of_seasons_what_season_comes_after_dinter_fill_29.wav,att_check_err,NA,NA,NA,"Spring (Winter, sound sub that's not related)",s,secsame,,,,,JB_1204
27,68dcc36aebb4e6bb755d91e3438e5c8fe347768da454fd75d3a922367da58a7d,NA,in_the_cycle_of_seasons_what_season_comes_after_dinter_fill_29.wav,att_check_err,NA,NA,NA,"Spring (Winter, sound sub that's not related)",,,,,,,
27,68dcc36aebb4e6bb755d91e3438e5c8fe347768da454fd75d3a922367da58a7d,"The question needs to be CORRECTED (Select this if you spot an error, even if you don’t know the answer).",how_many_embers_were_in_the_beatles_the_british_rock_band_fill_32.wav,att_check_err,NA,NA,NA,four (members),y,first,,,,,JB_1204
27,68dcc36aebb4e6bb755d91e3438e5c8fe347768da454fd75d3a922367da58a7d,unsure,how_many_embers_were_in_the_beatles_the_british_rock_band_fill_32.wav,att_check_err,NA,NA,NA,four (members),,,,,,,
27,68dcc36aebb4e6bb755d91e3438e5c8fe347768da454fd75d3a922367da58a7d,"The question needs to be CORRECTED (Select this if you spot an error, even if you don’t know the answer).",how_many_embers_were_in_the_beatles_the_british_rock_band_fill_32.wav,att_check_err,NA,NA,NA,four (members),y,secsame,acheckp,,,,JB_1204
27,68dcc36aebb4e6bb755d91e3438e5c8fe347768da454fd75d3a922367da58a7d,"needs to be changed to ""how many MEMBERS are there in The Beatles""",how_many_embers_were_in_the_beatles_the_british_rock_band_fill_32.wav,att_check_err,NA,NA,NA,four (members),,,,,,,
27,68dcc36aebb4e6bb755d91e3438e5c8fe347768da454fd75d3a922367da58a7d,The question does NOT need any corrections.,what_day_of_the_week_comes_after_monday_fill_27.wav,att_check_good,NA,NA,NA,Tuesday,nans,first,,a,,,JB_1204
27,68dcc36aebb4e6bb755d91e3438e5c8fe347768da454fd75d3a922367da58a7d,Tuesday,what_day_of_the_week_comes_after_monday_fill_27.wav,att_check_good,NA,NA,NA,Tuesday,,,,,,,
27,68dcc36aebb4e6bb755d91e3438e5c8fe347768da454fd75d3a922367da58a7d,I’m good — skip to the next question,what_day_of_the_week_comes_after_monday_fill_27.wav,att_check_good,NA,NA,NA,Tuesday,s,secsame,,,,,JB_1204
27,68dcc36aebb4e6bb755d91e3438e5c8fe347768da454fd75d3a922367da58a7d,NA,what_day_of_the_week_comes_after_monday_fill_27.wav,att_check_good,NA,NA,NA,Tuesday,,,,,,,
27,68dcc36aebb4e6bb755d91e3438e5c8fe347768da454fd75d3a922367da58a7d,The question does NOT need any corrections.,what_insect_undergoes_a_process_of_change_to_turn_into_a_butterfy_fill_30.wav,att_check_err,NA,NA,NA,caterpillar (butterfly),nans,first,acheckf,,,,JB_1204
27,68dcc36aebb4e6bb755d91e3438e5c8fe347768da454fd75d3a922367da58a7d,caterpillar,what_insect_undergoes_a_process_of_change_to_turn_into_a_butterfy_fill_30.wav,att_check_err,NA,NA,NA,caterpillar (butterfly),,,,,,,
27,68dcc36aebb4e6bb755d91e3438e5c8fe347768da454fd75d3a922367da58a7d,I’m good — skip to the next question,what_insect_undergoes_a_process_of_change_to_turn_into_a_butterfy_fill_30.wav,att_check_err,NA,NA,NA,caterpillar (butterfly),s,secsame,,,,,JB_1204
27,68dcc36aebb4e6bb755d91e3438e5c8fe347768da454fd75d3a922367da58a7d,NA,what_insect_undergoes_a_process_of_change_to_turn_into_a_butterfy_fill_30.wav,att_check_err,NA,NA,NA,caterpillar (butterfly),,,,,,,
27,68dcc36aebb4e6bb755d91e3438e5c8fe347768da454fd75d3a922367da58a7d,"The question does NOT need any corrections, but I don't know the answer/ I don't understand what the question is asking.",how_many_legs_does_a_dog_normally_have_fill_25.wav,att_check_good,NA,NA,NA,four,nun,first,,,,,JB_1204
27,68dcc36aebb4e6bb755d91e3438e5c8fe347768da454fd75d3a922367da58a7d,na,how_many_legs_does_a_dog_normally_have_fill_25.wav,att_check_good,NA,NA,NA,four,,,,,,,
27,68dcc36aebb4e6bb755d91e3438e5c8fe347768da454fd75d3a922367da58a7d,The question does NOT need any corrections.,how_many_legs_does_a_dog_normally_have_fill_25.wav,att_check_good,NA,NA,NA,four,nans,secdiff,,a,,,JB_1204
27,68dcc36aebb4e6bb755d91e3438e5c8fe347768da454fd75d3a922367da58a7d,4,how_many_legs_does_a_dog_normally_have_fill_25.wav,att_check_good,NA,NA,NA,four,,,,,,,
27,68dcc36aebb4e6bb755d91e3438e5c8fe347768da454fd75d3a922367da58a7d,"The question does NOT need any corrections, but I don't know the answer/ I don't understand what the question is asking.",what_state_is_los_angeles_located_in_fill_26.wav,att_check_good,NA,NA,NA,California,nun,first,,,,,JB_1204
27,68dcc36aebb4e6bb755d91e3438e5c8fe347768da454fd75d3a922367da58a7d,na,what_state_is_los_angeles_located_in_fill_26.wav,att_check_good,NA,NA,NA,California,,,,,,,
27,68dcc36aebb4e6bb755d91e3438e5c8fe347768da454fd75d3a922367da58a7d,The question does NOT need any corrections.,what_state_is_los_angeles_located_in_fill_26.wav,att_check_good,NA,NA,NA,California,nans,secdiff,,a,,,JB_1204
27,68dcc36aebb4e6bb755d91e3438e5c8fe347768da454fd75d3a922367da58a7d,california,what_state_is_los_angeles_located_in_fill_26.wav,att_check_good,NA,NA,NA,California,,,,,,,
27,68dcc36aebb4e6bb755d91e3438e5c8fe347768da454fd75d3a922367da58a7d,"The question needs to be CORRECTED (Select this if you spot an error, even if you don’t know the answer).",what_childrens_game_makes_people_sit_down_quickly_when_the_music_loud_stops_targ_07_C.wav,target,non_phon_err,adj/noun order,/ɪ/ --> /i/; sit/seat,musical chairs,y,first,np,,,,FB_1206
27,68dcc36aebb4e6bb755d91e3438e5c8fe347768da454fd75d3a922367da58a7d,"""When the music loud stops"" does not make sense grammatically",what_childrens_game_makes_people_sit_down_quickly_when_the_music_loud_stops_targ_07_C.wav,target,non_phon_err,adj/noun order,/ɪ/ --> /i/; sit/seat,musical chairs,,,,,,,
27,68dcc36aebb4e6bb755d91e3438e5c8fe347768da454fd75d3a922367da58a7d,"The question needs to be CORRECTED (Select this if you spot an error, even if you don’t know the answer).",what_childrens_game_makes_people_sit_down_quickly_when_the_music_loud_stops_targ_07_C.wav,target,non_phon_err,adj/noun order,/ɪ/ --> /i/; sit/seat,musical chairs,y,secsame,,,,,FB_1206
27,68dcc36aebb4e6bb755d91e3438e5c8fe347768da454fd75d3a922367da58a7d,"""When the music loud stops"" does not make any sense",what_childrens_game_makes_people_sit_down_quickly_when_the_music_loud_stops_targ_07_C.wav,target,non_phon_err,adj/noun order,/ɪ/ --> /i/; sit/seat,musical chairs,,,,,,,
27,68dcc36aebb4e6bb755d91e3438e5c8fe347768da454fd75d3a922367da58a7d,"The question needs to be CORRECTED (Select this if you spot an error, even if you don’t know the answer).",what_animal_is_typically_white_with_black_spots_and_says_moo_fill_21.wav,filler_other,NA,NA,NA,a cow,y,first,otherfill,,,,FB_1206
27,68dcc36aebb4e6bb755d91e3438e5c8fe347768da454fd75d3a922367da58a7d,Unsure what she is saying at the end of the question,what_animal_is_typically_white_with_black_spots_and_says_moo_fill_21.wav,filler_other,NA,NA,NA,a cow,,,,,,,
27,68dcc36aebb4e6bb755d91e3438e5c8fe347768da454fd75d3a922367da58a7d,I’m good — skip to the next question,what_animal_is_typically_white_with_black_spots_and_says_moo_fill_21.wav,filler_other,NA,NA,NA,a cow,s,secsame,,,,,FB_1206
27,68dcc36aebb4e6bb755d91e3438e5c8fe347768da454fd75d3a922367da58a7d,NA,what_animal_is_typically_white_with_black_spots_and_says_moo_fill_21.wav,filler_other,NA,NA,NA,a cow,,,,,,,
27,68dcc36aebb4e6bb755d91e3438e5c8fe347768da454fd75d3a922367da58a7d,The question does NOT need any corrections.,for_what_pink_ice_cream_flavor_will_companies_do_their_best_to_use_real_fruit_targ_01_A.wav,target,correct,make vs. other verb,/ɪ/ --> /i/; will/wheel,strawberry,nans,first,,a,,,FB_1206
27,68dcc36aebb4e6bb755d91e3438e5c8fe347768da454fd75d3a922367da58a7d,strawberry,for_what_pink_ice_cream_flavor_will_companies_do_their_best_to_use_real_fruit_targ_01_A.wav,target,correct,make vs. other verb,/ɪ/ --> /i/; will/wheel,strawberry,,,,,,,
27,68dcc36aebb4e6bb755d91e3438e5c8fe347768da454fd75d3a922367da58a7d,I’m good — skip to the next question,for_what_pink_ice_cream_flavor_will_companies_do_their_best_to_use_real_fruit_targ_01_A.wav,target,correct,make vs. other verb,/ɪ/ --> /i/; will/wheel,strawberry,s,secsame,,,,,FB_1206
27,68dcc36aebb4e6bb755d91e3438e5c8fe347768da454fd75d3a922367da58a7d,NA,for_what_pink_ice_cream_flavor_will_companies_do_their_best_to_use_real_fruit_targ_01_A.wav,target,correct,make vs. other verb,/ɪ/ --> /i/; will/wheel,strawberry,,,,,,,
27,68dcc36aebb4e6bb755d91e3438e5c8fe347768da454fd75d3a922367da58a7d,The question does NOT need any corrections.,where_do_the_jolly_christmas_icons_santa_claus_and_his_wife_mrs._claus_live_fill_22.wav,filler_other,NA,NA,NA,the North Pole,nans,first,,a,,,FB_1206
27,68dcc36aebb4e6bb755d91e3438e5c8fe347768da454fd75d3a922367da58a7d,the north pole,where_do_the_jolly_christmas_icons_santa_claus_and_his_wife_mrs._claus_live_fill_22.wav,filler_other,NA,NA,NA,the North Pole,,,,,,,
27,68dcc36aebb4e6bb755d91e3438e5c8fe347768da454fd75d3a922367da58a7d,I’m good — skip to the next question,where_do_the_jolly_christmas_icons_santa_claus_and_his_wife_mrs._claus_live_fill_22.wav,filler_other,NA,NA,NA,the North Pole,s,secsame,,,,,FB_1206
27,68dcc36aebb4e6bb755d91e3438e5c8fe347768da454fd75d3a922367da58a7d,NA,where_do_the_jolly_christmas_icons_santa_claus_and_his_wife_mrs._claus_live_fill_22.wav,filler_other,NA,NA,NA,the North Pole,,,,,,,
27,68dcc36aebb4e6bb755d91e3438e5c8fe347768da454fd75d3a922367da58a7d,The question does NOT need any corrections.,which_cartoon_dog_solves_mysteries_with_the_group_fred_daphne_velma_and_shaggy_fill_10.wav,filler_other,NA,NA,NA,Scooby-Doo,nans,first,,a,,,FB_1206
27,68dcc36aebb4e6bb755d91e3438e5c8fe347768da454fd75d3a922367da58a7d,scooby doo,which_cartoon_dog_solves_mysteries_with_the_group_fred_daphne_velma_and_shaggy_fill_10.wav,filler_other,NA,NA,NA,Scooby-Doo,,,,,,,
27,68dcc36aebb4e6bb755d91e3438e5c8fe347768da454fd75d3a922367da58a7d,I’m good — skip to the next question,which_cartoon_dog_solves_mysteries_with_the_group_fred_daphne_velma_and_shaggy_fill_10.wav,filler_other,NA,NA,NA,Scooby-Doo,s,secsame,,,,,FB_1206
27,68dcc36aebb4e6bb755d91e3438e5c8fe347768da454fd75d3a922367da58a7d,NA,which_cartoon_dog_solves_mysteries_with_the_group_fred_daphne_velma_and_shaggy_fill_10.wav,filler_other,NA,NA,NA,Scooby-Doo,,,,,,,
27,68dcc36aebb4e6bb755d91e3438e5c8fe347768da454fd75d3a922367da58a7d,"The question needs to be CORRECTED (Select this if you spot an error, even if you don’t know the answer).",where_do_people_get_drivers_licenses_since_is_required_as_ballad_id_to_drive_targ_16_D.wav,target,both_err,expletive 'it' dropping,/v/ --> /b/; valid/ballad,DMV,y,first,p,,,,FB_1206
27,68dcc36aebb4e6bb755d91e3438e5c8fe347768da454fd75d3a922367da58a7d,"""Valid"" is pronounced ""ballad""",where_do_people_get_drivers_licenses_since_is_required_as_ballad_id_to_drive_targ_16_D.wav,target,both_err,expletive 'it' dropping,/v/ --> /b/; valid/ballad,DMV,,,,,,,
27,68dcc36aebb4e6bb755d91e3438e5c8fe347768da454fd75d3a922367da58a7d,"The question needs to be CORRECTED (Select this if you spot an error, even if you don’t know the answer).",where_do_people_get_drivers_licenses_since_is_required_as_ballad_id_to_drive_targ_16_D.wav,target,both_err,expletive 'it' dropping,/v/ --> /b/; valid/ballad,DMV,y,secdiff,both,,,,FB_1206
27,68dcc36aebb4e6bb755d91e3438e5c8fe347768da454fd75d3a922367da58a7d,"""valid"" pronounced ""ballad""
 needs to be ""it's"" or ""it is"" not ""is""",where_do_people_get_drivers_licenses_since_is_required_as_ballad_id_to_drive_targ_16_D.wav,target,both_err,expletive 'it' dropping,/v/ --> /b/; valid/ballad,DMV,,,,,,,
27,68dcc36aebb4e6bb755d91e3438e5c8fe347768da454fd75d3a922367da58a7d,"The question needs to be CORRECTED (Select this if you spot an error, even if you don’t know the answer).",what_supplies_do_you_need_to_knit_a_scarf_targ_13_A.wav,target,correct,no aux verbs in questions (lack of do support),/ɪ/ --> /i/; knit/neat,needles and yarn,y,first,otherp,,,,FB_1206
27,68dcc36aebb4e6bb755d91e3438e5c8fe347768da454fd75d3a922367da58a7d,knit sounds like neat,what_supplies_do_you_need_to_knit_a_scarf_targ_13_A.wav,target,correct,no aux verbs in questions (lack of do support),/ɪ/ --> /i/; knit/neat,needles and yarn,,,,,,,
27,68dcc36aebb4e6bb755d91e3438e5c8fe347768da454fd75d3a922367da58a7d,I’m good — skip to the next question,what_supplies_do_you_need_to_knit_a_scarf_targ_13_A.wav,target,correct,no aux verbs in questions (lack of do support),/ɪ/ --> /i/; knit/neat,needles and yarn,s,secsame,,,,,FB_1206
27,68dcc36aebb4e6bb755d91e3438e5c8fe347768da454fd75d3a922367da58a7d,NA,what_supplies_do_you_need_to_knit_a_scarf_targ_13_A.wav,target,correct,no aux verbs in questions (lack of do support),/ɪ/ --> /i/; knit/neat,needles and yarn,,,,,,,
27,68dcc36aebb4e6bb755d91e3438e5c8fe347768da454fd75d3a922367da58a7d,"The question does NOT need any corrections, but I don't know the answer/ I don't understand what the question is asking.",if_laundry_service_will_come_in_five_days_and_todays_thursday_when_are_they_doing_laundry_next_targ_09_A.wav,target,correct,make vs. other verb,/k/ --> /g/; come/gum,Tuesday,nun,first,,,,,FB_1206
27,68dcc36aebb4e6bb755d91e3438e5c8fe347768da454fd75d3a922367da58a7d,NA,if_laundry_service_will_come_in_five_days_and_todays_thursday_when_are_they_doing_laundry_next_targ_09_A.wav,target,correct,make vs. other verb,/k/ --> /g/; come/gum,Tuesday,,,,,,,
27,68dcc36aebb4e6bb755d91e3438e5c8fe347768da454fd75d3a922367da58a7d,I’m good — skip to the next question,if_laundry_service_will_come_in_five_days_and_todays_thursday_when_are_they_doing_laundry_next_targ_09_A.wav,target,correct,make vs. other verb,/k/ --> /g/; come/gum,Tuesday,s,secsame,,,,,FB_1206
27,68dcc36aebb4e6bb755d91e3438e5c8fe347768da454fd75d3a922367da58a7d,NA,if_laundry_service_will_come_in_five_days_and_todays_thursday_when_are_they_doing_laundry_next_targ_09_A.wav,target,correct,make vs. other verb,/k/ --> /g/; come/gum,Tuesday,,,,,,,
27,68dcc36aebb4e6bb755d91e3438e5c8fe347768da454fd75d3a922367da58a7d,The question does NOT need any corrections.,in_the_lion_king_who_does_nala_talk_to_and_is_laying_in_a_cot_after_theyve_reunited_targ_21_A.wav,target,correct,no aux verbs in questions (lack of do support),/k/ --> /g/; cot/got,Simba,nans,first,,blank,"They should have selected ""nun"" ",,FB_1206
27,68dcc36aebb4e6bb755d91e3438e5c8fe347768da454fd75d3a922367da58a7d,NA,in_the_lion_king_who_does_nala_talk_to_and_is_laying_in_a_cot_after_theyve_reunited_targ_21_A.wav,target,correct,no aux verbs in questions (lack of do support),/k/ --> /g/; cot/got,Simba,,,,,,,
27,68dcc36aebb4e6bb755d91e3438e5c8fe347768da454fd75d3a922367da58a7d,"The question does NOT need any corrections, but I don't know the answer/ I don't understand what the question is asking.",in_the_lion_king_who_does_nala_talk_to_and_is_laying_in_a_cot_after_theyve_reunited_targ_21_A.wav,target,correct,no aux verbs in questions (lack of do support),/k/ --> /g/; cot/got,Simba,nun,secsame,,,,,FB_1206
27,68dcc36aebb4e6bb755d91e3438e5c8fe347768da454fd75d3a922367da58a7d,NA,in_the_lion_king_who_does_nala_talk_to_and_is_laying_in_a_cot_after_theyve_reunited_targ_21_A.wav,target,correct,no aux verbs in questions (lack of do support),/k/ --> /g/; cot/got,Simba,,,,,,,
27,68dcc36aebb4e6bb755d91e3438e5c8fe347768da454fd75d3a922367da58a7d,The question does NOT need any corrections.,which_soft_pastry_made_with_a_certain_spice_is_often_spiral-shaped_and_topped_with_icing_fill_16.wav,filler_other,NA,NA,NA,cinnamon roll,nans,first,,a,,,FB_1206
27,68dcc36aebb4e6bb755d91e3438e5c8fe347768da454fd75d3a922367da58a7d,cinnamon roll,which_soft_pastry_made_with_a_certain_spice_is_often_spiral-shaped_and_topped_with_icing_fill_16.wav,filler_other,NA,NA,NA,cinnamon roll,,,,,,,
27,68dcc36aebb4e6bb755d91e3438e5c8fe347768da454fd75d3a922367da58a7d,"The question needs to be CORRECTED (Select this if you spot an error, even if you don’t know the answer).",which_soft_pastry_made_with_a_certain_spice_is_often_spiral-shaped_and_topped_with_icing_fill_16.wav,filler_other,NA,NA,NA,cinnamon roll,y,secdiff,otherfill,,,,FB_1206
27,68dcc36aebb4e6bb755d91e3438e5c8fe347768da454fd75d3a922367da58a7d,soft sounds like sopt,which_soft_pastry_made_with_a_certain_spice_is_often_spiral-shaped_and_topped_with_icing_fill_16.wav,filler_other,NA,NA,NA,cinnamon roll,,,,,,,
27,68dcc36aebb4e6bb755d91e3438e5c8fe347768da454fd75d3a922367da58a7d,The question does NOT need any corrections.,what_is_the_name_of_the_comic_strip_featuring_charlie_brown_and_his_dog_snoopy_fill_06.wav,filler_other,NA,NA,NA,Peanuts,nans,first,,blank,participant didn't provide an answer until the second attempt,,FB_1206
27,68dcc36aebb4e6bb755d91e3438e5c8fe347768da454fd75d3a922367da58a7d,NA,what_is_the_name_of_the_comic_strip_featuring_charlie_brown_and_his_dog_snoopy_fill_06.wav,filler_other,NA,NA,NA,Peanuts,,,,,,,
27,68dcc36aebb4e6bb755d91e3438e5c8fe347768da454fd75d3a922367da58a7d,The question does NOT need any corrections.,what_is_the_name_of_the_comic_strip_featuring_charlie_brown_and_his_dog_snoopy_fill_06.wav,filler_other,NA,NA,NA,Peanuts,nans,secdiff,,a,,,FB_1206
27,68dcc36aebb4e6bb755d91e3438e5c8fe347768da454fd75d3a922367da58a7d,Peanuts,what_is_the_name_of_the_comic_strip_featuring_charlie_brown_and_his_dog_snoopy_fill_06.wav,filler_other,NA,NA,NA,Peanuts,,,,,,,
27,68dcc36aebb4e6bb755d91e3438e5c8fe347768da454fd75d3a922367da58a7d,"The question needs to be CORRECTED (Select this if you spot an error, even if you don’t know the answer).",what_term_refers_to_armored_men_who_enjoyed_carrying_medieval_swords_that_class_in_combat_targ_02_B.wav,target,phon_err,infinitive vs. participle,/ʃ/ --> /s/; clash/class,knights,y,first,p,,,,FB_1206
27,68dcc36aebb4e6bb755d91e3438e5c8fe347768da454fd75d3a922367da58a7d,clash is pronounced like class,what_term_refers_to_armored_men_who_enjoyed_carrying_medieval_swords_that_class_in_combat_targ_02_B.wav,target,phon_err,infinitive vs. participle,/ʃ/ --> /s/; clash/class,knights,,,,,,,
27,68dcc36aebb4e6bb755d91e3438e5c8fe347768da454fd75d3a922367da58a7d,I’m good — skip to the next question,what_term_refers_to_armored_men_who_enjoyed_carrying_medieval_swords_that_class_in_combat_targ_02_B.wav,target,phon_err,infinitive vs. participle,/ʃ/ --> /s/; clash/class,knights,s,secsame,,,,,FB_1206
27,68dcc36aebb4e6bb755d91e3438e5c8fe347768da454fd75d3a922367da58a7d,NA,what_term_refers_to_armored_men_who_enjoyed_carrying_medieval_swords_that_class_in_combat_targ_02_B.wav,target,phon_err,infinitive vs. participle,/ʃ/ --> /s/; clash/class,knights,,,,,,,
27,68dcc36aebb4e6bb755d91e3438e5c8fe347768da454fd75d3a922367da58a7d,The question does NOT need any corrections.,what_mythical_creatures_have_been_said_to_drink_blood_turn_into_bats_and_hate_onions_fill_14.wav,filler_other,NA,NA,NA,vampires,nans,first,,a,,,FB_1206
27,68dcc36aebb4e6bb755d91e3438e5c8fe347768da454fd75d3a922367da58a7d,vampire,what_mythical_creatures_have_been_said_to_drink_blood_turn_into_bats_and_hate_onions_fill_14.wav,filler_other,NA,NA,NA,vampires,,,,,,,
27,68dcc36aebb4e6bb755d91e3438e5c8fe347768da454fd75d3a922367da58a7d,I’m good — skip to the next question,what_mythical_creatures_have_been_said_to_drink_blood_turn_into_bats_and_hate_onions_fill_14.wav,filler_other,NA,NA,NA,vampires,s,secsame,,,,,FB_1206
27,68dcc36aebb4e6bb755d91e3438e5c8fe347768da454fd75d3a922367da58a7d,NA,what_mythical_creatures_have_been_said_to_drink_blood_turn_into_bats_and_hate_onions_fill_14.wav,filler_other,NA,NA,NA,vampires,,,,,,,
27,68dcc36aebb4e6bb755d91e3438e5c8fe347768da454fd75d3a922367da58a7d,The question does NOT need any corrections.,what_is_the_name_of_the_video_game_character_who_is_a_traveling_italian_plumber_fill_08.wav,filler_other,NA,NA,NA,Mario,nans,first,,a,,,FB_1206
27,68dcc36aebb4e6bb755d91e3438e5c8fe347768da454fd75d3a922367da58a7d,mario,what_is_the_name_of_the_video_game_character_who_is_a_traveling_italian_plumber_fill_08.wav,filler_other,NA,NA,NA,Mario,,,,,,,
27,68dcc36aebb4e6bb755d91e3438e5c8fe347768da454fd75d3a922367da58a7d,I’m good — skip to the next question,what_is_the_name_of_the_video_game_character_who_is_a_traveling_italian_plumber_fill_08.wav,filler_other,NA,NA,NA,Mario,s,secsame,,,,,FB_1206
27,68dcc36aebb4e6bb755d91e3438e5c8fe347768da454fd75d3a922367da58a7d,NA,what_is_the_name_of_the_video_game_character_who_is_a_traveling_italian_plumber_fill_08.wav,filler_other,NA,NA,NA,Mario,,,,,,,
27,68dcc36aebb4e6bb755d91e3438e5c8fe347768da454fd75d3a922367da58a7d,"The question needs to be CORRECTED (Select this if you spot an error, even if you don’t know the answer).",if_youre_on_a_pat_from_california_to_hawaii_which_ocean_you_go_through_targ_12_D.wav,target,both_err,no aux verbs in questions (lack of do support),/θ/ --> /t/; path/pat,Pacific Ocean,y,first,np?,,,,FB_1206
27,68dcc36aebb4e6bb755d91e3438e5c8fe347768da454fd75d3a922367da58a7d,whole sentence is grammatically incorrect,if_youre_on_a_pat_from_california_to_hawaii_which_ocean_you_go_through_targ_12_D.wav,target,both_err,no aux verbs in questions (lack of do support),/θ/ --> /t/; path/pat,Pacific Ocean,,,,,,,
27,68dcc36aebb4e6bb755d91e3438e5c8fe347768da454fd75d3a922367da58a7d,"The question needs to be CORRECTED (Select this if you spot an error, even if you don’t know the answer).",if_youre_on_a_pat_from_california_to_hawaii_which_ocean_you_go_through_targ_12_D.wav,target,both_err,no aux verbs in questions (lack of do support),/θ/ --> /t/; path/pat,Pacific Ocean,y,secdiff,both,,it seems like they noticed both errors but not 100% clear,,FB_1206
27,68dcc36aebb4e6bb755d91e3438e5c8fe347768da454fd75d3a922367da58a7d,"needs to be corrected to ""If you go to Hawaii to California, which Ocean do you pass through?",if_youre_on_a_pat_from_california_to_hawaii_which_ocean_you_go_through_targ_12_D.wav,target,both_err,no aux verbs in questions (lack of do support),/θ/ --> /t/; path/pat,Pacific Ocean,,,,,,,
27,68dcc36aebb4e6bb755d91e3438e5c8fe347768da454fd75d3a922367da58a7d,The question does NOT need any corrections.,which_tropical_fruit_that_grows_on_palm_trees_is_used_for_oils_and_milks_fill_18.wav,filler_other,NA,NA,NA,coconuts,nans,first,,a,,,FB_1206
27,68dcc36aebb4e6bb755d91e3438e5c8fe347768da454fd75d3a922367da58a7d,coconut,which_tropical_fruit_that_grows_on_palm_trees_is_used_for_oils_and_milks_fill_18.wav,filler_other,NA,NA,NA,coconuts,,,,,,,
27,68dcc36aebb4e6bb755d91e3438e5c8fe347768da454fd75d3a922367da58a7d,I’m good — skip to the next question,which_tropical_fruit_that_grows_on_palm_trees_is_used_for_oils_and_milks_fill_18.wav,filler_other,NA,NA,NA,coconuts,s,secsame,,,,,FB_1206
27,68dcc36aebb4e6bb755d91e3438e5c8fe347768da454fd75d3a922367da58a7d,NA,which_tropical_fruit_that_grows_on_palm_trees_is_used_for_oils_and_milks_fill_18.wav,filler_other,NA,NA,NA,coconuts,,,,,,,
27,68dcc36aebb4e6bb755d91e3438e5c8fe347768da454fd75d3a922367da58a7d,The question does NOT need any corrections.,what_company_created_the_macbook_a_device_full_of_features_to_help_students_make_homework_targ_23_C.wav,target,non_phon_err,make vs. other verb,/ʊ/ --> /u/; full/fool,Apple,nans,first,,a,,,FB_1206
27,68dcc36aebb4e6bb755d91e3438e5c8fe347768da454fd75d3a922367da58a7d,apple,what_company_created_the_macbook_a_device_full_of_features_to_help_students_make_homework_targ_23_C.wav,target,non_phon_err,make vs. other verb,/ʊ/ --> /u/; full/fool,Apple,,,,,,,
27,68dcc36aebb4e6bb755d91e3438e5c8fe347768da454fd75d3a922367da58a7d,"The question needs to be CORRECTED (Select this if you spot an error, even if you don’t know the answer).",what_company_created_the_macbook_a_device_full_of_features_to_help_students_make_homework_targ_23_C.wav,target,non_phon_err,make vs. other verb,/ʊ/ --> /u/; full/fool,Apple,y,secdiff,np,,,,FB_1206
27,68dcc36aebb4e6bb755d91e3438e5c8fe347768da454fd75d3a922367da58a7d,"change to ""help students do homework""",what_company_created_the_macbook_a_device_full_of_features_to_help_students_make_homework_targ_23_C.wav,target,non_phon_err,make vs. other verb,/ʊ/ --> /u/; full/fool,Apple,,,,,,,
27,68dcc36aebb4e6bb755d91e3438e5c8fe347768da454fd75d3a922367da58a7d,"The question does NOT need any corrections, but I don't know the answer/ I don't understand what the question is asking.",who_did_americans_boat_for_to_be_their_first_president_who_avoided_serving_three_terms_targ_10_B.wav,target,phon_err,infinitive vs. participle,/v/ --> /b/; vote/boat,George Washington,nun,first,,,,,FB_1206
27,68dcc36aebb4e6bb755d91e3438e5c8fe347768da454fd75d3a922367da58a7d,NA,who_did_americans_boat_for_to_be_their_first_president_who_avoided_serving_three_terms_targ_10_B.wav,target,phon_err,infinitive vs. participle,/v/ --> /b/; vote/boat,George Washington,,,,,,,
27,68dcc36aebb4e6bb755d91e3438e5c8fe347768da454fd75d3a922367da58a7d,I’m good — skip to the next question,who_did_americans_boat_for_to_be_their_first_president_who_avoided_serving_three_terms_targ_10_B.wav,target,phon_err,infinitive vs. participle,/v/ --> /b/; vote/boat,George Washington,s,secsame,,,,,FB_1206
27,68dcc36aebb4e6bb755d91e3438e5c8fe347768da454fd75d3a922367da58a7d,NA,who_did_americans_boat_for_to_be_their_first_president_who_avoided_serving_three_terms_targ_10_B.wav,target,phon_err,infinitive vs. participle,/v/ --> /b/; vote/boat,George Washington,,,,,,,
27,68dcc36aebb4e6bb755d91e3438e5c8fe347768da454fd75d3a922367da58a7d,The question does NOT need any corrections.,who_discovered_the_law_of_universal_gravitation_which_accounts_for_why_objects_naturally_fall_downwards_fill_15.wav,filler_other,NA,NA,NA,Isaac Newton,nans,first,,a,,,FB_1206
27,68dcc36aebb4e6bb755d91e3438e5c8fe347768da454fd75d3a922367da58a7d,Isaac Newton,who_discovered_the_law_of_universal_gravitation_which_accounts_for_why_objects_naturally_fall_downwards_fill_15.wav,filler_other,NA,NA,NA,Isaac Newton,,,,,,,
27,68dcc36aebb4e6bb755d91e3438e5c8fe347768da454fd75d3a922367da58a7d,I’m good — skip to the next question,who_discovered_the_law_of_universal_gravitation_which_accounts_for_why_objects_naturally_fall_downwards_fill_15.wav,filler_other,NA,NA,NA,Isaac Newton,s,secsame,,,,,FB_1206
27,68dcc36aebb4e6bb755d91e3438e5c8fe347768da454fd75d3a922367da58a7d,NA,who_discovered_the_law_of_universal_gravitation_which_accounts_for_why_objects_naturally_fall_downwards_fill_15.wav,filler_other,NA,NA,NA,Isaac Newton,,,,,,,
27,68dcc36aebb4e6bb755d91e3438e5c8fe347768da454fd75d3a922367da58a7d,The question does NOT need any corrections.,what_us_holiday_is_often_celebrated_with_fireworks_and_hotdogs_to_honor_americas_freedom_fill_17.wav,filler_other,NA,NA,NA,Independence Day,nans,first,,a,,,FB_1206
27,68dcc36aebb4e6bb755d91e3438e5c8fe347768da454fd75d3a922367da58a7d,Fourth of July,what_us_holiday_is_often_celebrated_with_fireworks_and_hotdogs_to_honor_americas_freedom_fill_17.wav,filler_other,NA,NA,NA,Independence Day,,,,,,,
27,68dcc36aebb4e6bb755d91e3438e5c8fe347768da454fd75d3a922367da58a7d,I’m good — skip to the next question,what_us_holiday_is_often_celebrated_with_fireworks_and_hotdogs_to_honor_americas_freedom_fill_17.wav,filler_other,NA,NA,NA,Independence Day,s,secsame,,,,,FB_1206
27,68dcc36aebb4e6bb755d91e3438e5c8fe347768da454fd75d3a922367da58a7d,NA,what_us_holiday_is_often_celebrated_with_fireworks_and_hotdogs_to_honor_americas_freedom_fill_17.wav,filler_other,NA,NA,NA,Independence Day,,,,,,,
27,68dcc36aebb4e6bb755d91e3438e5c8fe347768da454fd75d3a922367da58a7d,The question does NOT need any corrections.,which_fast_food_chain_offers_foot-long_sandwiches_and_has_the_slogan_eat_fresh_fill_11.wav,filler_other,NA,NA,NA,Subway,nans,first,,a,,,FB_1206
27,68dcc36aebb4e6bb755d91e3438e5c8fe347768da454fd75d3a922367da58a7d,subway,which_fast_food_chain_offers_foot-long_sandwiches_and_has_the_slogan_eat_fresh_fill_11.wav,filler_other,NA,NA,NA,Subway,,,,,,,
27,68dcc36aebb4e6bb755d91e3438e5c8fe347768da454fd75d3a922367da58a7d,I’m good — skip to the next question,which_fast_food_chain_offers_foot-long_sandwiches_and_has_the_slogan_eat_fresh_fill_11.wav,filler_other,NA,NA,NA,Subway,s,secsame,,,,,FB_1206
27,68dcc36aebb4e6bb755d91e3438e5c8fe347768da454fd75d3a922367da58a7d,NA,which_fast_food_chain_offers_foot-long_sandwiches_and_has_the_slogan_eat_fresh_fill_11.wav,filler_other,NA,NA,NA,Subway,,,,,,,
27,68dcc36aebb4e6bb755d91e3438e5c8fe347768da454fd75d3a922367da58a7d,The question does NOT need any corrections.,which_oscar-winning_movie_features_tom_hanks_saying_life_is_like_a_box_of_chocolates_fill_12.wav,filler_other,NA,NA,NA,Forrest Gump,nans,first,,a,,,FB_1206
27,68dcc36aebb4e6bb755d91e3438e5c8fe347768da454fd75d3a922367da58a7d,Forrest Gump,which_oscar-winning_movie_features_tom_hanks_saying_life_is_like_a_box_of_chocolates_fill_12.wav,filler_other,NA,NA,NA,Forrest Gump,,,,,,,
27,68dcc36aebb4e6bb755d91e3438e5c8fe347768da454fd75d3a922367da58a7d,I’m good — skip to the next question,which_oscar-winning_movie_features_tom_hanks_saying_life_is_like_a_box_of_chocolates_fill_12.wav,filler_other,NA,NA,NA,Forrest Gump,s,secsame,,,,,FB_1206
27,68dcc36aebb4e6bb755d91e3438e5c8fe347768da454fd75d3a922367da58a7d,NA,which_oscar-winning_movie_features_tom_hanks_saying_life_is_like_a_box_of_chocolates_fill_12.wav,filler_other,NA,NA,NA,Forrest Gump,,,,,,,
27,68dcc36aebb4e6bb755d91e3438e5c8fe347768da454fd75d3a922367da58a7d,"The question needs to be CORRECTED (Select this if you spot an error, even if you don’t know the answer).",if_i_consider_to_leave_work_after_the_fort_hour_how_many_minutes_would_that_be_targ_24_D.wav,target,both_err,infinitive vs. participle,/θ/ --> /t/; fourth/fort,two hundred and forty,y,first,np,,,,FB_1206
27,68dcc36aebb4e6bb755d91e3438e5c8fe347768da454fd75d3a922367da58a7d,"Should remove the word consider. Just say ""If I leave work early...""",if_i_consider_to_leave_work_after_the_fort_hour_how_many_minutes_would_that_be_targ_24_D.wav,target,both_err,infinitive vs. participle,/θ/ --> /t/; fourth/fort,two hundred and forty,,,,,,,
27,68dcc36aebb4e6bb755d91e3438e5c8fe347768da454fd75d3a922367da58a7d,I’m good — skip to the next question,if_i_consider_to_leave_work_after_the_fort_hour_how_many_minutes_would_that_be_targ_24_D.wav,target,both_err,infinitive vs. participle,/θ/ --> /t/; fourth/fort,two hundred and forty,s,secsame,,,,,FB_1206
27,68dcc36aebb4e6bb755d91e3438e5c8fe347768da454fd75d3a922367da58a7d,NA,if_i_consider_to_leave_work_after_the_fort_hour_how_many_minutes_would_that_be_targ_24_D.wav,target,both_err,infinitive vs. participle,/θ/ --> /t/; fourth/fort,two hundred and forty,,,,,,,
27,68dcc36aebb4e6bb755d91e3438e5c8fe347768da454fd75d3a922367da58a7d,The question does NOT need any corrections.,in_what_country_would_you_find_landmarks_like_the_pyramids_of_giza_and_great_sphinx_fill_24.wav,filler_other,NA,NA,NA,Egypt,nans,first,,a,,,FB_1206
27,68dcc36aebb4e6bb755d91e3438e5c8fe347768da454fd75d3a922367da58a7d,Egypt,in_what_country_would_you_find_landmarks_like_the_pyramids_of_giza_and_great_sphinx_fill_24.wav,filler_other,NA,NA,NA,Egypt,,,,,,,
27,68dcc36aebb4e6bb755d91e3438e5c8fe347768da454fd75d3a922367da58a7d,I’m good — skip to the next question,in_what_country_would_you_find_landmarks_like_the_pyramids_of_giza_and_great_sphinx_fill_24.wav,filler_other,NA,NA,NA,Egypt,s,secsame,,,,,FB_1206
27,68dcc36aebb4e6bb755d91e3438e5c8fe347768da454fd75d3a922367da58a7d,NA,in_what_country_would_you_find_landmarks_like_the_pyramids_of_giza_and_great_sphinx_fill_24.wav,filler_other,NA,NA,NA,Egypt,,,,,,,
27,68dcc36aebb4e6bb755d91e3438e5c8fe347768da454fd75d3a922367da58a7d,"The question does NOT need any corrections, but I don't know the answer/ I don't understand what the question is asking.",when_you_are_hot_what_device_measures_body_temperature_in_boat_celsius_and_fahrenheit_targ_18_B.wav,target,phon_err,have vs. be,/θ/ --> /t/; both/boat,thermometer,nun,first,,,,,FB_1206
27,68dcc36aebb4e6bb755d91e3438e5c8fe347768da454fd75d3a922367da58a7d,NA,when_you_are_hot_what_device_measures_body_temperature_in_boat_celsius_and_fahrenheit_targ_18_B.wav,target,phon_err,have vs. be,/θ/ --> /t/; both/boat,thermometer,,,,,,,
27,68dcc36aebb4e6bb755d91e3438e5c8fe347768da454fd75d3a922367da58a7d,The question does NOT need any corrections.,when_you_are_hot_what_device_measures_body_temperature_in_boat_celsius_and_fahrenheit_targ_18_B.wav,target,phon_err,have vs. be,/θ/ --> /t/; both/boat,thermometer,nans,secdiff,,w,,,FB_1206
27,68dcc36aebb4e6bb755d91e3438e5c8fe347768da454fd75d3a922367da58a7d,temperature,when_you_are_hot_what_device_measures_body_temperature_in_boat_celsius_and_fahrenheit_targ_18_B.wav,target,phon_err,have vs. be,/θ/ --> /t/; both/boat,thermometer,,,,,,,
27,68dcc36aebb4e6bb755d91e3438e5c8fe347768da454fd75d3a922367da58a7d,"The question needs to be CORRECTED (Select this if you spot an error, even if you don’t know the answer).",what_colors_make_up_a_traditional_candy_cane_which_people_enjoy_to_eat_during_christmas_targ_15_C.wav,target,non_phon_err,infinitive vs. participle,/k/ --> /g/; cane/gain,red and white,y,first,np,,,,FB_1206
27,68dcc36aebb4e6bb755d91e3438e5c8fe347768da454fd75d3a922367da58a7d,"change to ""which people enjoy eating""",what_colors_make_up_a_traditional_candy_cane_which_people_enjoy_to_eat_during_christmas_targ_15_C.wav,target,non_phon_err,infinitive vs. participle,/k/ --> /g/; cane/gain,red and white,,,,,,,
27,68dcc36aebb4e6bb755d91e3438e5c8fe347768da454fd75d3a922367da58a7d,I’m good — skip to the next question,what_colors_make_up_a_traditional_candy_cane_which_people_enjoy_to_eat_during_christmas_targ_15_C.wav,target,non_phon_err,infinitive vs. participle,/k/ --> /g/; cane/gain,red and white,s,secsame,,,,,FB_1206
27,68dcc36aebb4e6bb755d91e3438e5c8fe347768da454fd75d3a922367da58a7d,NA,what_colors_make_up_a_traditional_candy_cane_which_people_enjoy_to_eat_during_christmas_targ_15_C.wav,target,non_phon_err,infinitive vs. participle,/k/ --> /g/; cane/gain,red and white,,,,,,,
27,68dcc36aebb4e6bb755d91e3438e5c8fe347768da454fd75d3a922367da58a7d,"The question needs to be CORRECTED (Select this if you spot an error, even if you don’t know the answer).",what_big_star_in_our_solar_system_can_still_be_visible_when_is_cloudy_targ_19_C.wav,target,non_phon_err,expletive 'it' dropping,/ɪ/ --> /i/; still/steal,the Sun,y,first,otherp,,,,FB_1206
27,68dcc36aebb4e6bb755d91e3438e5c8fe347768da454fd75d3a922367da58a7d,big is pronounced pig,what_big_star_in_our_solar_system_can_still_be_visible_when_is_cloudy_targ_19_C.wav,target,non_phon_err,expletive 'it' dropping,/ɪ/ --> /i/; still/steal,the Sun,,,,,,,
27,68dcc36aebb4e6bb755d91e3438e5c8fe347768da454fd75d3a922367da58a7d,I’m good — skip to the next question,what_big_star_in_our_solar_system_can_still_be_visible_when_is_cloudy_targ_19_C.wav,target,non_phon_err,expletive 'it' dropping,/ɪ/ --> /i/; still/steal,the Sun,s,secsame,,,,,FB_1206
27,68dcc36aebb4e6bb755d91e3438e5c8fe347768da454fd75d3a922367da58a7d,NA,what_big_star_in_our_solar_system_can_still_be_visible_when_is_cloudy_targ_19_C.wav,target,non_phon_err,expletive 'it' dropping,/ɪ/ --> /i/; still/steal,the Sun,,,,,,,
27,68dcc36aebb4e6bb755d91e3438e5c8fe347768da454fd75d3a922367da58a7d,"The question needs to be CORRECTED (Select this if you spot an error, even if you don’t know the answer).",what_city_have_people_rust_to_tour_to_see_where_the_us_government_does_business_targ_14_B.wav,target,phon_err,make vs. other verb,/ʃ/ --> /s/; rushed/rust,Washington D.C.,y,first,p?,,it's possible they misheard the intended error as 'must',,FB_1206
27,68dcc36aebb4e6bb755d91e3438e5c8fe347768da454fd75d3a922367da58a7d,"change to ""What city must people tour to see how the US Government does business""",what_city_have_people_rust_to_tour_to_see_where_the_us_government_does_business_targ_14_B.wav,target,phon_err,make vs. other verb,/ʃ/ --> /s/; rushed/rust,Washington D.C.,,,,,,,
27,68dcc36aebb4e6bb755d91e3438e5c8fe347768da454fd75d3a922367da58a7d,I’m good — skip to the next question,what_city_have_people_rust_to_tour_to_see_where_the_us_government_does_business_targ_14_B.wav,target,phon_err,make vs. other verb,/ʃ/ --> /s/; rushed/rust,Washington D.C.,s,secsame,,,,,FB_1206
27,68dcc36aebb4e6bb755d91e3438e5c8fe347768da454fd75d3a922367da58a7d,NA,what_city_have_people_rust_to_tour_to_see_where_the_us_government_does_business_targ_14_B.wav,target,phon_err,make vs. other verb,/ʃ/ --> /s/; rushed/rust,Washington D.C.,,,,,,,
27,68dcc36aebb4e6bb755d91e3438e5c8fe347768da454fd75d3a922367da58a7d,"The question needs to be CORRECTED (Select this if you spot an error, even if you don’t know the answer).",what_colors_can_have_on_a_traffic_light_which_often_senses_when_cars_pull_up_targ_11_C.wav,target,non_phon_err,have vs. be,/ʊ/ --> /u/; pulls/pools,green,y,first,np,,,,FB_1206
27,68dcc36aebb4e6bb755d91e3438e5c8fe347768da454fd75d3a922367da58a7d,"change to ""What colors are on a traffic light"" or ""What colors does a traffic light have?""",what_colors_can_have_on_a_traffic_light_which_often_senses_when_cars_pull_up_targ_11_C.wav,target,non_phon_err,have vs. be,/ʊ/ --> /u/; pulls/pools,green,,,,,,,
27,68dcc36aebb4e6bb755d91e3438e5c8fe347768da454fd75d3a922367da58a7d,I’m good — skip to the next question,what_colors_can_have_on_a_traffic_light_which_often_senses_when_cars_pull_up_targ_11_C.wav,target,non_phon_err,have vs. be,/ʊ/ --> /u/; pulls/pools,green,s,secsame,,,,,FB_1206
27,68dcc36aebb4e6bb755d91e3438e5c8fe347768da454fd75d3a922367da58a7d,NA,what_colors_can_have_on_a_traffic_light_which_often_senses_when_cars_pull_up_targ_11_C.wav,target,non_phon_err,have vs. be,/ʊ/ --> /u/; pulls/pools,green,,,,,,,
27,68dcc36aebb4e6bb755d91e3438e5c8fe347768da454fd75d3a922367da58a7d,"The question needs to be CORRECTED (Select this if you spot an error, even if you don’t know the answer).",which_british_celebrity_judge_often_harshly_critiqued_contestants_on_the_nationwide_singing_contest_american_idol_fill_03.wav,filler_other,NA,NA,NA,Simon Cowell,y,first,otherfill,,,,FB_1206
27,68dcc36aebb4e6bb755d91e3438e5c8fe347768da454fd75d3a922367da58a7d,"change to ""critiques"" or ""criticizes""",which_british_celebrity_judge_often_harshly_critiqued_contestants_on_the_nationwide_singing_contest_american_idol_fill_03.wav,filler_other,NA,NA,NA,Simon Cowell,,,,,,,
27,68dcc36aebb4e6bb755d91e3438e5c8fe347768da454fd75d3a922367da58a7d,I’m good — skip to the next question,which_british_celebrity_judge_often_harshly_critiqued_contestants_on_the_nationwide_singing_contest_american_idol_fill_03.wav,filler_other,NA,NA,NA,Simon Cowell,s,secsame,,,,,FB_1206
27,68dcc36aebb4e6bb755d91e3438e5c8fe347768da454fd75d3a922367da58a7d,NA,which_british_celebrity_judge_often_harshly_critiqued_contestants_on_the_nationwide_singing_contest_american_idol_fill_03.wav,filler_other,NA,NA,NA,Simon Cowell,,,,,,,
27,68dcc36aebb4e6bb755d91e3438e5c8fe347768da454fd75d3a922367da58a7d,"The question needs to be CORRECTED (Select this if you spot an error, even if you don’t know the answer).",which_scottish_actor_first_played_james_bond_wearing_kilts_to_red_carpets_when_he_had_32_years_old_targ_03_C.wav,target,non_phon_err,have vs. be,/k/ --> /g/; kilt/guilt,Sean Connery,y,first,np,,,,FB_1206
27,68dcc36aebb4e6bb755d91e3438e5c8fe347768da454fd75d3a922367da58a7d,"change to ""when he WAS 32 years old""",which_scottish_actor_first_played_james_bond_wearing_kilts_to_red_carpets_when_he_had_32_years_old_targ_03_C.wav,target,non_phon_err,have vs. be,/k/ --> /g/; kilt/guilt,Sean Connery,,,,,,,
27,68dcc36aebb4e6bb755d91e3438e5c8fe347768da454fd75d3a922367da58a7d,"The question needs to be CORRECTED (Select this if you spot an error, even if you don’t know the answer).",which_scottish_actor_first_played_james_bond_wearing_kilts_to_red_carpets_when_he_had_32_years_old_targ_03_C.wav,target,non_phon_err,have vs. be,/k/ --> /g/; kilt/guilt,Sean Connery,y,secdiff,np,,also otherp,,FB_1206
27,68dcc36aebb4e6bb755d91e3438e5c8fe347768da454fd75d3a922367da58a7d,"""when he was 32 years old""
 scottish is pronounced cottish
 james is pronounced games",which_scottish_actor_first_played_james_bond_wearing_kilts_to_red_carpets_when_he_had_32_years_old_targ_03_C.wav,target,non_phon_err,have vs. be,/k/ --> /g/; kilt/guilt,Sean Connery,,,,,,,
27,68dcc36aebb4e6bb755d91e3438e5c8fe347768da454fd75d3a922367da58a7d,"The question needs to be CORRECTED (Select this if you spot an error, even if you don’t know the answer).",because_is_important_to_honor_the_iris_saint_what_holiday_occurs_on_march_17th_targ_08_D.wav,target,both_err,expletive 'it' dropping,/ʃ/ --> /s/; Irish/iris,St. Patrick's Day,y,first,otherp,,,,FB_1206
27,68dcc36aebb4e6bb755d91e3438e5c8fe347768da454fd75d3a922367da58a7d,honor is pronounced owner,because_is_important_to_honor_the_iris_saint_what_holiday_occurs_on_march_17th_targ_08_D.wav,target,both_err,expletive 'it' dropping,/ʃ/ --> /s/; Irish/iris,St. Patrick's Day,,,,,,,
27,68dcc36aebb4e6bb755d91e3438e5c8fe347768da454fd75d3a922367da58a7d,I’m good — skip to the next question,because_is_important_to_honor_the_iris_saint_what_holiday_occurs_on_march_17th_targ_08_D.wav,target,both_err,expletive 'it' dropping,/ʃ/ --> /s/; Irish/iris,St. Patrick's Day,s,secsame,,,,,FB_1206
27,68dcc36aebb4e6bb755d91e3438e5c8fe347768da454fd75d3a922367da58a7d,NA,because_is_important_to_honor_the_iris_saint_what_holiday_occurs_on_march_17th_targ_08_D.wav,target,both_err,expletive 'it' dropping,/ʃ/ --> /s/; Irish/iris,St. Patrick's Day,,,,,,,
27,68dcc36aebb4e6bb755d91e3438e5c8fe347768da454fd75d3a922367da58a7d,The question does NOT need any corrections.,what_novel_has_the_quote_i’m_late_i’m_late_for_a_very_important_date_fill_13.wav,filler_other,NA,NA,NA,Alice in Wonderland,nans,first,,a,,,FB_1206
27,68dcc36aebb4e6bb755d91e3438e5c8fe347768da454fd75d3a922367da58a7d,alice in wonderland,what_novel_has_the_quote_i’m_late_i’m_late_for_a_very_important_date_fill_13.wav,filler_other,NA,NA,NA,Alice in Wonderland,,,,,,,
27,68dcc36aebb4e6bb755d91e3438e5c8fe347768da454fd75d3a922367da58a7d,I’m good — skip to the next question,what_novel_has_the_quote_i’m_late_i’m_late_for_a_very_important_date_fill_13.wav,filler_other,NA,NA,NA,Alice in Wonderland,s,secsame,,,,,FB_1206
27,68dcc36aebb4e6bb755d91e3438e5c8fe347768da454fd75d3a922367da58a7d,NA,what_novel_has_the_quote_i’m_late_i’m_late_for_a_very_important_date_fill_13.wav,filler_other,NA,NA,NA,Alice in Wonderland,,,,,,,
27,68dcc36aebb4e6bb755d91e3438e5c8fe347768da454fd75d3a922367da58a7d,The question does NOT need any corrections.,which_cartoon_character_works_at_the_krusty_krab_and_is_best_friends_with_patrick_star_fill_04.wav,filler_other,NA,NA,NA,Spongebob,nans,first,,a,,,FB_1206
27,68dcc36aebb4e6bb755d91e3438e5c8fe347768da454fd75d3a922367da58a7d,spongebob squarepants,which_cartoon_character_works_at_the_krusty_krab_and_is_best_friends_with_patrick_star_fill_04.wav,filler_other,NA,NA,NA,Spongebob,,,,,,,
27,68dcc36aebb4e6bb755d91e3438e5c8fe347768da454fd75d3a922367da58a7d,I’m good — skip to the next question,which_cartoon_character_works_at_the_krusty_krab_and_is_best_friends_with_patrick_star_fill_04.wav,filler_other,NA,NA,NA,Spongebob,s,secsame,,,,,FB_1206
27,68dcc36aebb4e6bb755d91e3438e5c8fe347768da454fd75d3a922367da58a7d,NA,which_cartoon_character_works_at_the_krusty_krab_and_is_best_friends_with_patrick_star_fill_04.wav,filler_other,NA,NA,NA,Spongebob,,,,,,,
27,68dcc36aebb4e6bb755d91e3438e5c8fe347768da454fd75d3a922367da58a7d,"The question needs to be CORRECTED (Select this if you spot an error, even if you don’t know the answer).",what_popular_us_chain_provides_a_happy_meal_toy_or_plus_when_kids_have_hungry_targ_20_D.wav,target,both_err,have vs. be,/ʃ/ --> /s/; plush/plus,McDonald's,y,first,np,,"possibly both, but it's unclear",,FB_1206
27,68dcc36aebb4e6bb755d91e3438e5c8fe347768da454fd75d3a922367da58a7d,"""what fast food chain gives happy meals with toys to its customers""",what_popular_us_chain_provides_a_happy_meal_toy_or_plus_when_kids_have_hungry_targ_20_D.wav,target,both_err,have vs. be,/ʃ/ --> /s/; plush/plus,McDonald's,,,,,,,
27,68dcc36aebb4e6bb755d91e3438e5c8fe347768da454fd75d3a922367da58a7d,I’m good — skip to the next question,what_popular_us_chain_provides_a_happy_meal_toy_or_plus_when_kids_have_hungry_targ_20_D.wav,target,both_err,have vs. be,/ʃ/ --> /s/; plush/plus,McDonald's,s,secsame,,,,,FB_1206
27,68dcc36aebb4e6bb755d91e3438e5c8fe347768da454fd75d3a922367da58a7d,NA,what_popular_us_chain_provides_a_happy_meal_toy_or_plus_when_kids_have_hungry_targ_20_D.wav,target,both_err,have vs. be,/ʃ/ --> /s/; plush/plus,McDonald's,,,,,,,
27,68dcc36aebb4e6bb755d91e3438e5c8fe347768da454fd75d3a922367da58a7d,The question does NOT need any corrections.,what_musician_won_grammys_for_their_album_thriller_which_features_the_hit_song_beat_it_fill_20.wav,filler_other,NA,NA,NA,Michael Jackson,nans,first,,a,,,FB_1206
27,68dcc36aebb4e6bb755d91e3438e5c8fe347768da454fd75d3a922367da58a7d,michael jackson,what_musician_won_grammys_for_their_album_thriller_which_features_the_hit_song_beat_it_fill_20.wav,filler_other,NA,NA,NA,Michael Jackson,,,,,,,
27,68dcc36aebb4e6bb755d91e3438e5c8fe347768da454fd75d3a922367da58a7d,"The question needs to be CORRECTED (Select this if you spot an error, even if you don’t know the answer).",what_musician_won_grammys_for_their_album_thriller_which_features_the_hit_song_beat_it_fill_20.wav,filler_other,NA,NA,NA,Michael Jackson,y,secdiff,otherfill,,,,FB_1206
27,68dcc36aebb4e6bb755d91e3438e5c8fe347768da454fd75d3a922367da58a7d,"musician is not pronounced clearly 
 beat it sounds like bit it",what_musician_won_grammys_for_their_album_thriller_which_features_the_hit_song_beat_it_fill_20.wav,filler_other,NA,NA,NA,Michael Jackson,,,,,,,
27,68dcc36aebb4e6bb755d91e3438e5c8fe347768da454fd75d3a922367da58a7d,"The question needs to be CORRECTED (Select this if you spot an error, even if you don’t know the answer).",which_season_do_we_associate_with_thanksgiving_the_beginning_of_school_and_leaves_turning_brown_fill_19.wav,filler_other,NA,NA,NA,Fall,y,first,otherfill,,,,FB_1206
27,68dcc36aebb4e6bb755d91e3438e5c8fe347768da454fd75d3a922367da58a7d,"What is the season we associate with thanksgiving, changing leaves, etc. ..",which_season_do_we_associate_with_thanksgiving_the_beginning_of_school_and_leaves_turning_brown_fill_19.wav,filler_other,NA,NA,NA,Fall,,,,,,,
27,68dcc36aebb4e6bb755d91e3438e5c8fe347768da454fd75d3a922367da58a7d,I’m good — skip to the next question,which_season_do_we_associate_with_thanksgiving_the_beginning_of_school_and_leaves_turning_brown_fill_19.wav,filler_other,NA,NA,NA,Fall,s,secsame,,,,,FB_1206
27,68dcc36aebb4e6bb755d91e3438e5c8fe347768da454fd75d3a922367da58a7d,NA,which_season_do_we_associate_with_thanksgiving_the_beginning_of_school_and_leaves_turning_brown_fill_19.wav,filler_other,NA,NA,NA,Fall,,,,,,,
27,68dcc36aebb4e6bb755d91e3438e5c8fe347768da454fd75d3a922367da58a7d,"The question needs to be CORRECTED (Select this if you spot an error, even if you don’t know the answer).",what_neil_armstrong_say_during_his_berry_first_steps_on_the_moon_targ_04_D.wav,target,both_err,no aux verbs in questions (lack of do support),/v/ --> /b/; very/berry,"""That's one small step for man, one giant leap for mankind.""",y,first,np?,,,,FB_1206
27,68dcc36aebb4e6bb755d91e3438e5c8fe347768da454fd75d3a922367da58a7d,unclear at the beginning,what_neil_armstrong_say_during_his_berry_first_steps_on_the_moon_targ_04_D.wav,target,both_err,no aux verbs in questions (lack of do support),/v/ --> /b/; very/berry,"""That's one small step for man, one giant leap for mankind.""",,,,,,,
27,68dcc36aebb4e6bb755d91e3438e5c8fe347768da454fd75d3a922367da58a7d,"The question needs to be CORRECTED (Select this if you spot an error, even if you don’t know the answer).",what_neil_armstrong_say_during_his_berry_first_steps_on_the_moon_targ_04_D.wav,target,both_err,no aux verbs in questions (lack of do support),/v/ --> /b/; very/berry,"""That's one small step for man, one giant leap for mankind.""",y,secdiff,np,,,,FB_1206
27,68dcc36aebb4e6bb755d91e3438e5c8fe347768da454fd75d3a922367da58a7d,"""What did NEIL Armstrong say ...""",what_neil_armstrong_say_during_his_berry_first_steps_on_the_moon_targ_04_D.wav,target,both_err,no aux verbs in questions (lack of do support),/v/ --> /b/; very/berry,"""That's one small step for man, one giant leap for mankind.""",,,,,,,
27,68dcc36aebb4e6bb755d91e3438e5c8fe347768da454fd75d3a922367da58a7d,"The question needs to be CORRECTED (Select this if you spot an error, even if you don’t know the answer).",how_many_legs_does_a_canadian_garden_spider_whose_silk_can_make_clot_have_targ_06_B.wav,target,phon_err,adj/noun order,/θ/ --> /t/; cloth/clot,eight,y,first,p,,,,FB_1206
27,68dcc36aebb4e6bb755d91e3438e5c8fe347768da454fd75d3a922367da58a7d,completely unsure what she is saying at the end,how_many_legs_does_a_canadian_garden_spider_whose_silk_can_make_clot_have_targ_06_B.wav,target,phon_err,adj/noun order,/θ/ --> /t/; cloth/clot,eight,,,,,,,
27,68dcc36aebb4e6bb755d91e3438e5c8fe347768da454fd75d3a922367da58a7d,I’m good — skip to the next question,how_many_legs_does_a_canadian_garden_spider_whose_silk_can_make_clot_have_targ_06_B.wav,target,phon_err,adj/noun order,/θ/ --> /t/; cloth/clot,eight,s,secsame,,,,,FB_1206
27,68dcc36aebb4e6bb755d91e3438e5c8fe347768da454fd75d3a922367da58a7d,NA,how_many_legs_does_a_canadian_garden_spider_whose_silk_can_make_clot_have_targ_06_B.wav,target,phon_err,adj/noun order,/θ/ --> /t/; cloth/clot,eight,,,,,,,
27,68dcc36aebb4e6bb755d91e3438e5c8fe347768da454fd75d3a922367da58a7d,"The question needs to be CORRECTED (Select this if you spot an error, even if you don’t know the answer).",what_organ_is_often_associated_with_being_eaten_by_rotting_flesh_monsters_also_known_as_zombies_fill_02.wav,filler_other,NA,NA,NA,the brain,y,first,otherfill,,,,FB_1206
27,68dcc36aebb4e6bb755d91e3438e5c8fe347768da454fd75d3a922367da58a7d,flesh sounds like fresh,what_organ_is_often_associated_with_being_eaten_by_rotting_flesh_monsters_also_known_as_zombies_fill_02.wav,filler_other,NA,NA,NA,the brain,,,,,,,
27,68dcc36aebb4e6bb755d91e3438e5c8fe347768da454fd75d3a922367da58a7d,"The question needs to be CORRECTED (Select this if you spot an error, even if you don’t know the answer).",what_organ_is_often_associated_with_being_eaten_by_rotting_flesh_monsters_also_known_as_zombies_fill_02.wav,filler_other,NA,NA,NA,the brain,y,secdiff,otherfill,,,,FB_1206
27,68dcc36aebb4e6bb755d91e3438e5c8fe347768da454fd75d3a922367da58a7d,zombies sounds like sombies,what_organ_is_often_associated_with_being_eaten_by_rotting_flesh_monsters_also_known_as_zombies_fill_02.wav,filler_other,NA,NA,NA,the brain,,,,,,,
27,68dcc36aebb4e6bb755d91e3438e5c8fe347768da454fd75d3a922367da58a7d,The question does NOT need any corrections.,which_body_part_did_van_gogh_allegedly_cut_off_after_an_argument_with_his_friend_fill_05.wav,filler_other,NA,NA,NA,ear,nans,first,,a,,,FB_1206
27,68dcc36aebb4e6bb755d91e3438e5c8fe347768da454fd75d3a922367da58a7d,ear,which_body_part_did_van_gogh_allegedly_cut_off_after_an_argument_with_his_friend_fill_05.wav,filler_other,NA,NA,NA,ear,,,,,,,
27,68dcc36aebb4e6bb755d91e3438e5c8fe347768da454fd75d3a922367da58a7d,I’m good — skip to the next question,which_body_part_did_van_gogh_allegedly_cut_off_after_an_argument_with_his_friend_fill_05.wav,filler_other,NA,NA,NA,ear,s,secsame,,,,,FB_1206
27,68dcc36aebb4e6bb755d91e3438e5c8fe347768da454fd75d3a922367da58a7d,NA,which_body_part_did_van_gogh_allegedly_cut_off_after_an_argument_with_his_friend_fill_05.wav,filler_other,NA,NA,NA,ear,,,,,,,
27,68dcc36aebb4e6bb755d91e3438e5c8fe347768da454fd75d3a922367da58a7d,The question does NOT need any corrections.,what_letter_in_the_latin_alphabet_corresponds_to_the_greek_letter_alpha_fill_01.wav,filler_other,NA,NA,NA,a,nans,first,,twice,,,FB_1206
27,68dcc36aebb4e6bb755d91e3438e5c8fe347768da454fd75d3a922367da58a7d,A,what_letter_in_the_latin_alphabet_corresponds_to_the_greek_letter_alpha_fill_01.wav,filler_other,NA,NA,NA,a,,,,,,,
27,68dcc36aebb4e6bb755d91e3438e5c8fe347768da454fd75d3a922367da58a7d,The question does NOT need any corrections.,what_letter_in_the_latin_alphabet_corresponds_to_the_greek_letter_alpha_fill_01.wav,filler_other,NA,NA,NA,a,nans,secsame,,a,,,FB_1206
27,68dcc36aebb4e6bb755d91e3438e5c8fe347768da454fd75d3a922367da58a7d,A,what_letter_in_the_latin_alphabet_corresponds_to_the_greek_letter_alpha_fill_01.wav,filler_other,NA,NA,NA,a,,,,,,,
27,68dcc36aebb4e6bb755d91e3438e5c8fe347768da454fd75d3a922367da58a7d,The question does NOT need any corrections.,what_kind_of_animal_is_mickey_mouse’s_girlfriend_minnie_who_wears_a_bow_fill_09.wav,filler_other,NA,NA,NA,mouse,nans,first,,a,,,FB_1206
27,68dcc36aebb4e6bb755d91e3438e5c8fe347768da454fd75d3a922367da58a7d,mouse,what_kind_of_animal_is_mickey_mouse’s_girlfriend_minnie_who_wears_a_bow_fill_09.wav,filler_other,NA,NA,NA,mouse,,,,,,,
27,68dcc36aebb4e6bb755d91e3438e5c8fe347768da454fd75d3a922367da58a7d,I’m good — skip to the next question,what_kind_of_animal_is_mickey_mouse’s_girlfriend_minnie_who_wears_a_bow_fill_09.wav,filler_other,NA,NA,NA,mouse,s,secsame,,,,,FB_1206
27,68dcc36aebb4e6bb755d91e3438e5c8fe347768da454fd75d3a922367da58a7d,NA,what_kind_of_animal_is_mickey_mouse’s_girlfriend_minnie_who_wears_a_bow_fill_09.wav,filler_other,NA,NA,NA,mouse,,,,,,,
27,68dcc36aebb4e6bb755d91e3438e5c8fe347768da454fd75d3a922367da58a7d,"The question needs to be CORRECTED (Select this if you spot an error, even if you don’t know the answer).",what_kind_of_weather_could_occur_when_it_is_raining_and_below_freezing_targ_05_A.wav,target,correct,expletive 'it' dropping,/ʊ/ --> /u/; could/cooed,snow,y,first,otherp,,,,FB_1206
27,68dcc36aebb4e6bb755d91e3438e5c8fe347768da454fd75d3a922367da58a7d,occur is pronounce oh-cure,what_kind_of_weather_could_occur_when_it_is_raining_and_below_freezing_targ_05_A.wav,target,correct,expletive 'it' dropping,/ʊ/ --> /u/; could/cooed,snow,,,,,,,
27,68dcc36aebb4e6bb755d91e3438e5c8fe347768da454fd75d3a922367da58a7d,I’m good — skip to the next question,what_kind_of_weather_could_occur_when_it_is_raining_and_below_freezing_targ_05_A.wav,target,correct,expletive 'it' dropping,/ʊ/ --> /u/; could/cooed,snow,s,secsame,,,,,FB_1206
27,68dcc36aebb4e6bb755d91e3438e5c8fe347768da454fd75d3a922367da58a7d,NA,what_kind_of_weather_could_occur_when_it_is_raining_and_below_freezing_targ_05_A.wav,target,correct,expletive 'it' dropping,/ʊ/ --> /u/; could/cooed,snow,,,,,,,
27,68dcc36aebb4e6bb755d91e3438e5c8fe347768da454fd75d3a922367da58a7d,"The question does NOT need any corrections, but I don't know the answer/ I don't understand what the question is asking.",if_a_hardworking_janitor_cleaned_a_vent_in_five_minutes_how_many_seconds_is_that_targ_22_B.wav,target,phon_err,adj/noun order,/v/ --> /b/; vent/bent,eight,nun,first,,,,,FB_1206
27,68dcc36aebb4e6bb755d91e3438e5c8fe347768da454fd75d3a922367da58a7d,na,if_a_hardworking_janitor_cleaned_a_vent_in_five_minutes_how_many_seconds_is_that_targ_22_B.wav,target,phon_err,adj/noun order,/v/ --> /b/; vent/bent,eight,,,,,,,
27,68dcc36aebb4e6bb755d91e3438e5c8fe347768da454fd75d3a922367da58a7d,"The question does NOT need any corrections, but I don't know the answer/ I don't understand what the question is asking.",if_a_hardworking_janitor_cleaned_a_vent_in_five_minutes_how_many_seconds_is_that_targ_22_B.wav,target,phon_err,adj/noun order,/v/ --> /b/; vent/bent,eight,nun,secsame,,,,,FB_1206
27,68dcc36aebb4e6bb755d91e3438e5c8fe347768da454fd75d3a922367da58a7d,na,if_a_hardworking_janitor_cleaned_a_vent_in_five_minutes_how_many_seconds_is_that_targ_22_B.wav,target,phon_err,adj/noun order,/v/ --> /b/; vent/bent,eight,,,,,,,
27,68dcc36aebb4e6bb755d91e3438e5c8fe347768da454fd75d3a922367da58a7d,The question does NOT need any corrections.,in_the_famous_dr_seuss_book_what_orange_and_yellow_character_speaks_for_the_trees_fill_23.wav,filler_other,NA,NA,NA,the Lorax,nans,first,,a,,,FB_1206
27,68dcc36aebb4e6bb755d91e3438e5c8fe347768da454fd75d3a922367da58a7d,The Lorax,in_the_famous_dr_seuss_book_what_orange_and_yellow_character_speaks_for_the_trees_fill_23.wav,filler_other,NA,NA,NA,the Lorax,,,,,,,
27,68dcc36aebb4e6bb755d91e3438e5c8fe347768da454fd75d3a922367da58a7d,I’m good — skip to the next question,in_the_famous_dr_seuss_book_what_orange_and_yellow_character_speaks_for_the_trees_fill_23.wav,filler_other,NA,NA,NA,the Lorax,s,secsame,,,,,FB_1206
27,68dcc36aebb4e6bb755d91e3438e5c8fe347768da454fd75d3a922367da58a7d,NA,in_the_famous_dr_seuss_book_what_orange_and_yellow_character_speaks_for_the_trees_fill_23.wav,filler_other,NA,NA,NA,the Lorax,,,,,,,
27,68dcc36aebb4e6bb755d91e3438e5c8fe347768da454fd75d3a922367da58a7d,The question does NOT need any corrections.,how_many_days_would_my_tandem_bike_be_gone_if_someone_borrows_it_for_july_targ_17_A.wav,target,correct,adj/noun order,/ʊ/ --> /u/; would/wooed,thirty-one days,nans,first,,a,,,FB_1206
27,68dcc36aebb4e6bb755d91e3438e5c8fe347768da454fd75d3a922367da58a7d,31 days,how_many_days_would_my_tandem_bike_be_gone_if_someone_borrows_it_for_july_targ_17_A.wav,target,correct,adj/noun order,/ʊ/ --> /u/; would/wooed,thirty-one days,,,,,,,
27,68dcc36aebb4e6bb755d91e3438e5c8fe347768da454fd75d3a922367da58a7d,I’m good — skip to the next question,how_many_days_would_my_tandem_bike_be_gone_if_someone_borrows_it_for_july_targ_17_A.wav,target,correct,adj/noun order,/ʊ/ --> /u/; would/wooed,thirty-one days,s,secsame,,,,,FB_1206
27,68dcc36aebb4e6bb755d91e3438e5c8fe347768da454fd75d3a922367da58a7d,NA,how_many_days_would_my_tandem_bike_be_gone_if_someone_borrows_it_for_july_targ_17_A.wav,target,correct,adj/noun order,/ʊ/ --> /u/; would/wooed,thirty-one days,,,,,,,
27,68dcc36aebb4e6bb755d91e3438e5c8fe347768da454fd75d3a922367da58a7d,"The question needs to be CORRECTED (Select this if you spot an error, even if you don’t know the answer).",what_holiday_occurs_at_the_end_of_october_and_features_trick-or-treating_pumpkins_and_haunted_houses_fill_07.wav,filler_other,NA,NA,NA,Halloween,y,first,otherfill,,,,FB_1206
27,68dcc36aebb4e6bb755d91e3438e5c8fe347768da454fd75d3a922367da58a7d,occur is pronounced as oh-cure,what_holiday_occurs_at_the_end_of_october_and_features_trick-or-treating_pumpkins_and_haunted_houses_fill_07.wav,filler_other,NA,NA,NA,Halloween,,,,,,,
27,68dcc36aebb4e6bb755d91e3438e5c8fe347768da454fd75d3a922367da58a7d,I’m good — skip to the next question,what_holiday_occurs_at_the_end_of_october_and_features_trick-or-treating_pumpkins_and_haunted_houses_fill_07.wav,filler_other,NA,NA,NA,Halloween,s,secsame,,,,,FB_1206
27,68dcc36aebb4e6bb755d91e3438e5c8fe347768da454fd75d3a922367da58a7d,NA,what_holiday_occurs_at_the_end_of_october_and_features_trick-or-treating_pumpkins_and_haunted_houses_fill_07.wav,filler_other,NA,NA,NA,Halloween,,,,,,,
28,74eb76a656aaea33943df6222ffa6fbf8aef444d4bd9063668a51f2c55ff2d43,The question does NOT need any corrections.,what_day_of_the_week_comes_after_monday_fill_27.wav,att_check_good,NA,NA,NA,Tuesday,nans,first,,a,attention check passed (8/8 correct),,JB_1204
28,74eb76a656aaea33943df6222ffa6fbf8aef444d4bd9063668a51f2c55ff2d43,Tuesday,what_day_of_the_week_comes_after_monday_fill_27.wav,att_check_good,NA,NA,NA,Tuesday,,,,,,,
28,74eb76a656aaea33943df6222ffa6fbf8aef444d4bd9063668a51f2c55ff2d43,I’m good — skip to the next question,what_day_of_the_week_comes_after_monday_fill_27.wav,att_check_good,NA,NA,NA,Tuesday,s,secsame,,,,,JB_1204
28,74eb76a656aaea33943df6222ffa6fbf8aef444d4bd9063668a51f2c55ff2d43,NA,what_day_of_the_week_comes_after_monday_fill_27.wav,att_check_good,NA,NA,NA,Tuesday,,,,,,,
28,74eb76a656aaea33943df6222ffa6fbf8aef444d4bd9063668a51f2c55ff2d43,"The question needs to be CORRECTED (Select this if you spot an error, even if you don’t know the answer).",what_insect_undergoes_a_process_of_change_to_turn_into_a_butterfy_fill_30.wav,att_check_err,NA,NA,NA,caterpillar (butterfly),y,first,acheckp,,,,JB_1204
28,74eb76a656aaea33943df6222ffa6fbf8aef444d4bd9063668a51f2c55ff2d43,"""Butterfly"" is pronounced incorrectly. The answer is caterpillar",what_insect_undergoes_a_process_of_change_to_turn_into_a_butterfy_fill_30.wav,att_check_err,NA,NA,NA,caterpillar (butterfly),,,,,,,
28,74eb76a656aaea33943df6222ffa6fbf8aef444d4bd9063668a51f2c55ff2d43,"The question needs to be CORRECTED (Select this if you spot an error, even if you don’t know the answer).",what_insect_undergoes_a_process_of_change_to_turn_into_a_butterfy_fill_30.wav,att_check_err,NA,NA,NA,caterpillar (butterfly),y,secsame,,,,,JB_1204
28,74eb76a656aaea33943df6222ffa6fbf8aef444d4bd9063668a51f2c55ff2d43,"""Butterfly"" is pronounced incorrectly, there is an L in the final syllable. The answer is caterpillar",what_insect_undergoes_a_process_of_change_to_turn_into_a_butterfy_fill_30.wav,att_check_err,NA,NA,NA,caterpillar (butterfly),,,,,,,
28,74eb76a656aaea33943df6222ffa6fbf8aef444d4bd9063668a51f2c55ff2d43,"The question needs to be CORRECTED (Select this if you spot an error, even if you don’t know the answer).",how_many_embers_were_in_the_beatles_the_british_rock_band_fill_32.wav,att_check_err,NA,NA,NA,four (members),y,first,acheckp,,,,JB_1204
28,74eb76a656aaea33943df6222ffa6fbf8aef444d4bd9063668a51f2c55ff2d43,"""Members"" and ""Beatles"" were pronounced incorrectly. The answer is 4",how_many_embers_were_in_the_beatles_the_british_rock_band_fill_32.wav,att_check_err,NA,NA,NA,four (members),,,,,,,
28,74eb76a656aaea33943df6222ffa6fbf8aef444d4bd9063668a51f2c55ff2d43,I’m good — skip to the next question,how_many_embers_were_in_the_beatles_the_british_rock_band_fill_32.wav,att_check_err,NA,NA,NA,four (members),s,secsame,,,,,JB_1204
28,74eb76a656aaea33943df6222ffa6fbf8aef444d4bd9063668a51f2c55ff2d43,NA,how_many_embers_were_in_the_beatles_the_british_rock_band_fill_32.wav,att_check_err,NA,NA,NA,four (members),,,,,,,
28,74eb76a656aaea33943df6222ffa6fbf8aef444d4bd9063668a51f2c55ff2d43,The question does NOT need any corrections.,what_color_is_a_typical_school_bus_fill_28.wav,att_check_good,NA,NA,NA,yellow,nans,first,,a,,,JB_1204
28,74eb76a656aaea33943df6222ffa6fbf8aef444d4bd9063668a51f2c55ff2d43,Yellow,what_color_is_a_typical_school_bus_fill_28.wav,att_check_good,NA,NA,NA,yellow,,,,,,,
28,74eb76a656aaea33943df6222ffa6fbf8aef444d4bd9063668a51f2c55ff2d43,I’m good — skip to the next question,what_color_is_a_typical_school_bus_fill_28.wav,att_check_good,NA,NA,NA,yellow,s,secsame,,,,,JB_1204
28,74eb76a656aaea33943df6222ffa6fbf8aef444d4bd9063668a51f2c55ff2d43,NA,what_color_is_a_typical_school_bus_fill_28.wav,att_check_good,NA,NA,NA,yellow,,,,,,,
28,74eb76a656aaea33943df6222ffa6fbf8aef444d4bd9063668a51f2c55ff2d43,"The question needs to be CORRECTED (Select this if you spot an error, even if you don’t know the answer).",what_is_the_largest_plant_in_the_solar_system_fill_31.wav,att_check_err,NA,NA,NA,Jupiter (planet),y,first,acheckp,,,,JB_1204
28,74eb76a656aaea33943df6222ffa6fbf8aef444d4bd9063668a51f2c55ff2d43,"""Planet"" was pronounced incorrectly. I do not know the answer",what_is_the_largest_plant_in_the_solar_system_fill_31.wav,att_check_err,NA,NA,NA,Jupiter (planet),,,,,,,
28,74eb76a656aaea33943df6222ffa6fbf8aef444d4bd9063668a51f2c55ff2d43,I’m good — skip to the next question,what_is_the_largest_plant_in_the_solar_system_fill_31.wav,att_check_err,NA,NA,NA,Jupiter (planet),s,secsame,,,,,JB_1204
28,74eb76a656aaea33943df6222ffa6fbf8aef444d4bd9063668a51f2c55ff2d43,NA,what_is_the_largest_plant_in_the_solar_system_fill_31.wav,att_check_err,NA,NA,NA,Jupiter (planet),,,,,,,
28,74eb76a656aaea33943df6222ffa6fbf8aef444d4bd9063668a51f2c55ff2d43,The question does NOT need any corrections.,what_state_is_los_angeles_located_in_fill_26.wav,att_check_good,NA,NA,NA,California,nans,first,,a,,,JB_1204
28,74eb76a656aaea33943df6222ffa6fbf8aef444d4bd9063668a51f2c55ff2d43,California,what_state_is_los_angeles_located_in_fill_26.wav,att_check_good,NA,NA,NA,California,,,,,,,
28,74eb76a656aaea33943df6222ffa6fbf8aef444d4bd9063668a51f2c55ff2d43,"The question needs to be CORRECTED (Select this if you spot an error, even if you don’t know the answer).",what_state_is_los_angeles_located_in_fill_26.wav,att_check_good,NA,NA,NA,California,y,secdiff,,,,,JB_1204
28,74eb76a656aaea33943df6222ffa6fbf8aef444d4bd9063668a51f2c55ff2d43,"""Los"" is pronounced incorrectly. The answer is California",what_state_is_los_angeles_located_in_fill_26.wav,att_check_good,NA,NA,NA,California,,,,,,,
28,74eb76a656aaea33943df6222ffa6fbf8aef444d4bd9063668a51f2c55ff2d43,The question does NOT need any corrections.,how_many_legs_does_a_dog_normally_have_fill_25.wav,att_check_good,NA,NA,NA,four,nans,first,,a,,,JB_1204
28,74eb76a656aaea33943df6222ffa6fbf8aef444d4bd9063668a51f2c55ff2d43,Four,how_many_legs_does_a_dog_normally_have_fill_25.wav,att_check_good,NA,NA,NA,four,,,,,,,
28,74eb76a656aaea33943df6222ffa6fbf8aef444d4bd9063668a51f2c55ff2d43,I’m good — skip to the next question,how_many_legs_does_a_dog_normally_have_fill_25.wav,att_check_good,NA,NA,NA,four,s,secsame,,,,,JB_1204
28,74eb76a656aaea33943df6222ffa6fbf8aef444d4bd9063668a51f2c55ff2d43,NA,how_many_legs_does_a_dog_normally_have_fill_25.wav,att_check_good,NA,NA,NA,four,,,,,,,
28,74eb76a656aaea33943df6222ffa6fbf8aef444d4bd9063668a51f2c55ff2d43,"The question needs to be CORRECTED (Select this if you spot an error, even if you don’t know the answer).",in_the_cycle_of_seasons_what_season_comes_after_dinter_fill_29.wav,att_check_err,NA,NA,NA,"Spring (Winter, sound sub that's not related)",y,first,acheckp,,,,JB_1204
28,74eb76a656aaea33943df6222ffa6fbf8aef444d4bd9063668a51f2c55ff2d43,"""Winter"" is pronounced incorrectly. The answer is Spring",in_the_cycle_of_seasons_what_season_comes_after_dinter_fill_29.wav,att_check_err,NA,NA,NA,"Spring (Winter, sound sub that's not related)",,,,,,,
28,74eb76a656aaea33943df6222ffa6fbf8aef444d4bd9063668a51f2c55ff2d43,I’m good — skip to the next question,in_the_cycle_of_seasons_what_season_comes_after_dinter_fill_29.wav,att_check_err,NA,NA,NA,"Spring (Winter, sound sub that's not related)",s,secsame,,,,,JB_1204
28,74eb76a656aaea33943df6222ffa6fbf8aef444d4bd9063668a51f2c55ff2d43,NA,in_the_cycle_of_seasons_what_season_comes_after_dinter_fill_29.wav,att_check_err,NA,NA,NA,"Spring (Winter, sound sub that's not related)",,,,,,,
28,74eb76a656aaea33943df6222ffa6fbf8aef444d4bd9063668a51f2c55ff2d43,The question does NOT need any corrections.,what_city_have_people_rushed_to_tour_to_see_where_the_us_government_makes_business_targ_14_C.wav,target,non_phon_err,make vs. other verb,/ʃ/ --> /s/; rushed/rust,Washington D.C.,nans,first,,a,,,FB_1206
28,74eb76a656aaea33943df6222ffa6fbf8aef444d4bd9063668a51f2c55ff2d43,"Washington, D.C.",what_city_have_people_rushed_to_tour_to_see_where_the_us_government_makes_business_targ_14_C.wav,target,non_phon_err,make vs. other verb,/ʃ/ --> /s/; rushed/rust,Washington D.C.,,,,,,,
28,74eb76a656aaea33943df6222ffa6fbf8aef444d4bd9063668a51f2c55ff2d43,I’m good — skip to the next question,what_city_have_people_rushed_to_tour_to_see_where_the_us_government_makes_business_targ_14_C.wav,target,non_phon_err,make vs. other verb,/ʃ/ --> /s/; rushed/rust,Washington D.C.,s,secsame,,,,,FB_1206
28,74eb76a656aaea33943df6222ffa6fbf8aef444d4bd9063668a51f2c55ff2d43,NA,what_city_have_people_rushed_to_tour_to_see_where_the_us_government_makes_business_targ_14_C.wav,target,non_phon_err,make vs. other verb,/ʃ/ --> /s/; rushed/rust,Washington D.C.,,,,,,,
28,74eb76a656aaea33943df6222ffa6fbf8aef444d4bd9063668a51f2c55ff2d43,The question does NOT need any corrections.,which_cartoon_dog_solves_mysteries_with_the_group_fred_daphne_velma_and_shaggy_fill_10.wav,filler_other,NA,NA,NA,Scooby-Doo,nans,first,,a,,,FB_1206
28,74eb76a656aaea33943df6222ffa6fbf8aef444d4bd9063668a51f2c55ff2d43,Scooby Doo,which_cartoon_dog_solves_mysteries_with_the_group_fred_daphne_velma_and_shaggy_fill_10.wav,filler_other,NA,NA,NA,Scooby-Doo,,,,,,,
28,74eb76a656aaea33943df6222ffa6fbf8aef444d4bd9063668a51f2c55ff2d43,I’m good — skip to the next question,which_cartoon_dog_solves_mysteries_with_the_group_fred_daphne_velma_and_shaggy_fill_10.wav,filler_other,NA,NA,NA,Scooby-Doo,s,secsame,,,,,FB_1206
28,74eb76a656aaea33943df6222ffa6fbf8aef444d4bd9063668a51f2c55ff2d43,NA,which_cartoon_dog_solves_mysteries_with_the_group_fred_daphne_velma_and_shaggy_fill_10.wav,filler_other,NA,NA,NA,Scooby-Doo,,,,,,,
28,74eb76a656aaea33943df6222ffa6fbf8aef444d4bd9063668a51f2c55ff2d43,The question does NOT need any corrections.,what_letter_in_the_latin_alphabet_corresponds_to_the_greek_letter_alpha_fill_01.wav,filler_other,NA,NA,NA,a,nans,first,,blank,"meant to select ""nun"" choice ",,FB_1206
28,74eb76a656aaea33943df6222ffa6fbf8aef444d4bd9063668a51f2c55ff2d43,I do not know the answer,what_letter_in_the_latin_alphabet_corresponds_to_the_greek_letter_alpha_fill_01.wav,filler_other,NA,NA,NA,a,,,,,,,
28,74eb76a656aaea33943df6222ffa6fbf8aef444d4bd9063668a51f2c55ff2d43,I’m good — skip to the next question,what_letter_in_the_latin_alphabet_corresponds_to_the_greek_letter_alpha_fill_01.wav,filler_other,NA,NA,NA,a,s,secsame,,,,,FB_1206
28,74eb76a656aaea33943df6222ffa6fbf8aef444d4bd9063668a51f2c55ff2d43,NA,what_letter_in_the_latin_alphabet_corresponds_to_the_greek_letter_alpha_fill_01.wav,filler_other,NA,NA,NA,a,,,,,,,
28,74eb76a656aaea33943df6222ffa6fbf8aef444d4bd9063668a51f2c55ff2d43,The question does NOT need any corrections.,what_is_the_name_of_the_comic_strip_featuring_charlie_brown_and_his_dog_snoopy_fill_06.wav,filler_other,NA,NA,NA,Peanuts,nans,first,,a,,,FB_1206
28,74eb76a656aaea33943df6222ffa6fbf8aef444d4bd9063668a51f2c55ff2d43,The Peanuts,what_is_the_name_of_the_comic_strip_featuring_charlie_brown_and_his_dog_snoopy_fill_06.wav,filler_other,NA,NA,NA,Peanuts,,,,,,,
28,74eb76a656aaea33943df6222ffa6fbf8aef444d4bd9063668a51f2c55ff2d43,I’m good — skip to the next question,what_is_the_name_of_the_comic_strip_featuring_charlie_brown_and_his_dog_snoopy_fill_06.wav,filler_other,NA,NA,NA,Peanuts,s,secsame,,,,,FB_1206
28,74eb76a656aaea33943df6222ffa6fbf8aef444d4bd9063668a51f2c55ff2d43,NA,what_is_the_name_of_the_comic_strip_featuring_charlie_brown_and_his_dog_snoopy_fill_06.wav,filler_other,NA,NA,NA,Peanuts,,,,,,,
28,74eb76a656aaea33943df6222ffa6fbf8aef444d4bd9063668a51f2c55ff2d43,"The question needs to be CORRECTED (Select this if you spot an error, even if you don’t know the answer).",what_holiday_occurs_at_the_end_of_october_and_features_trick-or-treating_pumpkins_and_haunted_houses_fill_07.wav,filler_other,NA,NA,NA,Halloween,y,first,otherfill,,,,FB_1206
28,74eb76a656aaea33943df6222ffa6fbf8aef444d4bd9063668a51f2c55ff2d43,"""Occurs"" and ""pumpkins"" are not pronounced correctly. The answer is Halloween",what_holiday_occurs_at_the_end_of_october_and_features_trick-or-treating_pumpkins_and_haunted_houses_fill_07.wav,filler_other,NA,NA,NA,Halloween,,,,,,,
28,74eb76a656aaea33943df6222ffa6fbf8aef444d4bd9063668a51f2c55ff2d43,I’m good — skip to the next question,what_holiday_occurs_at_the_end_of_october_and_features_trick-or-treating_pumpkins_and_haunted_houses_fill_07.wav,filler_other,NA,NA,NA,Halloween,s,secsame,,,,,FB_1206
28,74eb76a656aaea33943df6222ffa6fbf8aef444d4bd9063668a51f2c55ff2d43,NA,what_holiday_occurs_at_the_end_of_october_and_features_trick-or-treating_pumpkins_and_haunted_houses_fill_07.wav,filler_other,NA,NA,NA,Halloween,,,,,,,
28,74eb76a656aaea33943df6222ffa6fbf8aef444d4bd9063668a51f2c55ff2d43,"The question needs to be CORRECTED (Select this if you spot an error, even if you don’t know the answer).",what_kind_of_animal_is_mickey_mouse’s_girlfriend_minnie_who_wears_a_bow_fill_09.wav,filler_other,NA,NA,NA,mouse,y,first,otherfill,,,,FB_1206
28,74eb76a656aaea33943df6222ffa6fbf8aef444d4bd9063668a51f2c55ff2d43,"""Girlfriend"" is pronounced incorrectly. The answer is mouse",what_kind_of_animal_is_mickey_mouse’s_girlfriend_minnie_who_wears_a_bow_fill_09.wav,filler_other,NA,NA,NA,mouse,,,,,,,
28,74eb76a656aaea33943df6222ffa6fbf8aef444d4bd9063668a51f2c55ff2d43,I’m good — skip to the next question,what_kind_of_animal_is_mickey_mouse’s_girlfriend_minnie_who_wears_a_bow_fill_09.wav,filler_other,NA,NA,NA,mouse,s,secsame,,,,,FB_1206
28,74eb76a656aaea33943df6222ffa6fbf8aef444d4bd9063668a51f2c55ff2d43,NA,what_kind_of_animal_is_mickey_mouse’s_girlfriend_minnie_who_wears_a_bow_fill_09.wav,filler_other,NA,NA,NA,mouse,,,,,,,
28,74eb76a656aaea33943df6222ffa6fbf8aef444d4bd9063668a51f2c55ff2d43,"The question needs to be CORRECTED (Select this if you spot an error, even if you don’t know the answer).",when_you_have_hot_what_device_measures_body_temperature_in_both_celsius_and_fahrenheit_targ_18_C.wav,target,non_phon_err,have vs. be,/θ/ --> /t/; both/boat,thermometer,y,first,other,,participant was unsure of question,,FB_1206
28,74eb76a656aaea33943df6222ffa6fbf8aef444d4bd9063668a51f2c55ff2d43,It sounded like the question was incomplete,when_you_have_hot_what_device_measures_body_temperature_in_both_celsius_and_fahrenheit_targ_18_C.wav,target,non_phon_err,have vs. be,/θ/ --> /t/; both/boat,thermometer,,,,,,,
28,74eb76a656aaea33943df6222ffa6fbf8aef444d4bd9063668a51f2c55ff2d43,"The question needs to be CORRECTED (Select this if you spot an error, even if you don’t know the answer).",when_you_have_hot_what_device_measures_body_temperature_in_both_celsius_and_fahrenheit_targ_18_C.wav,target,non_phon_err,have vs. be,/θ/ --> /t/; both/boat,thermometer,y,secdiff,np,,,,FB_1206
28,74eb76a656aaea33943df6222ffa6fbf8aef444d4bd9063668a51f2c55ff2d43,"""Hot"" should be ""fever,"" the answer is thermometer",when_you_have_hot_what_device_measures_body_temperature_in_both_celsius_and_fahrenheit_targ_18_C.wav,target,non_phon_err,have vs. be,/θ/ --> /t/; both/boat,thermometer,,,,,,,
28,74eb76a656aaea33943df6222ffa6fbf8aef444d4bd9063668a51f2c55ff2d43,The question does NOT need any corrections.,what_popular_us_chain_provides_a_happy_meal_toy_or_plush_when_kids_are_hungry_targ_20_A.wav,target,correct,have vs. be,/ʃ/ --> /s/; plush/plus,McDonald's,nans,first,,a,,,FB_1206
28,74eb76a656aaea33943df6222ffa6fbf8aef444d4bd9063668a51f2c55ff2d43,McDonald's,what_popular_us_chain_provides_a_happy_meal_toy_or_plush_when_kids_are_hungry_targ_20_A.wav,target,correct,have vs. be,/ʃ/ --> /s/; plush/plus,McDonald's,,,,,,,
28,74eb76a656aaea33943df6222ffa6fbf8aef444d4bd9063668a51f2c55ff2d43,I’m good — skip to the next question,what_popular_us_chain_provides_a_happy_meal_toy_or_plush_when_kids_are_hungry_targ_20_A.wav,target,correct,have vs. be,/ʃ/ --> /s/; plush/plus,McDonald's,s,secsame,,,,,FB_1206
28,74eb76a656aaea33943df6222ffa6fbf8aef444d4bd9063668a51f2c55ff2d43,NA,what_popular_us_chain_provides_a_happy_meal_toy_or_plush_when_kids_are_hungry_targ_20_A.wav,target,correct,have vs. be,/ʃ/ --> /s/; plush/plus,McDonald's,,,,,,,
28,74eb76a656aaea33943df6222ffa6fbf8aef444d4bd9063668a51f2c55ff2d43,The question does NOT need any corrections.,in_the_famous_dr_seuss_book_what_orange_and_yellow_character_speaks_for_the_trees_fill_23.wav,filler_other,NA,NA,NA,the Lorax,nans,first,,a,,,FB_1206
28,74eb76a656aaea33943df6222ffa6fbf8aef444d4bd9063668a51f2c55ff2d43,The Lorax,in_the_famous_dr_seuss_book_what_orange_and_yellow_character_speaks_for_the_trees_fill_23.wav,filler_other,NA,NA,NA,the Lorax,,,,,,,
28,74eb76a656aaea33943df6222ffa6fbf8aef444d4bd9063668a51f2c55ff2d43,I’m good — skip to the next question,in_the_famous_dr_seuss_book_what_orange_and_yellow_character_speaks_for_the_trees_fill_23.wav,filler_other,NA,NA,NA,the Lorax,s,secsame,,,,,FB_1206
28,74eb76a656aaea33943df6222ffa6fbf8aef444d4bd9063668a51f2c55ff2d43,NA,in_the_famous_dr_seuss_book_what_orange_and_yellow_character_speaks_for_the_trees_fill_23.wav,filler_other,NA,NA,NA,the Lorax,,,,,,,
28,74eb76a656aaea33943df6222ffa6fbf8aef444d4bd9063668a51f2c55ff2d43,"The question needs to be CORRECTED (Select this if you spot an error, even if you don’t know the answer).",because_it_is_important_to_honor_the_irish_saint_what_holiday_occurs_on_march_17th_targ_08_A.wav,target,correct,expletive 'it' dropping,/ʃ/ --> /s/; Irish/iris,St. Patrick's Day,y,first,otherp,,,,FB_1206
28,74eb76a656aaea33943df6222ffa6fbf8aef444d4bd9063668a51f2c55ff2d43,"The word ""honor"" is pronounced incorrectly. The answer is Saint Patrick's Day",because_it_is_important_to_honor_the_irish_saint_what_holiday_occurs_on_march_17th_targ_08_A.wav,target,correct,expletive 'it' dropping,/ʃ/ --> /s/; Irish/iris,St. Patrick's Day,,,,,,,
28,74eb76a656aaea33943df6222ffa6fbf8aef444d4bd9063668a51f2c55ff2d43,I’m good — skip to the next question,because_it_is_important_to_honor_the_irish_saint_what_holiday_occurs_on_march_17th_targ_08_A.wav,target,correct,expletive 'it' dropping,/ʃ/ --> /s/; Irish/iris,St. Patrick's Day,s,secsame,,,,,FB_1206
28,74eb76a656aaea33943df6222ffa6fbf8aef444d4bd9063668a51f2c55ff2d43,NA,because_it_is_important_to_honor_the_irish_saint_what_holiday_occurs_on_march_17th_targ_08_A.wav,target,correct,expletive 'it' dropping,/ʃ/ --> /s/; Irish/iris,St. Patrick's Day,,,,,,,
28,74eb76a656aaea33943df6222ffa6fbf8aef444d4bd9063668a51f2c55ff2d43,"The question needs to be CORRECTED (Select this if you spot an error, even if you don’t know the answer).",who_discovered_the_law_of_universal_gravitation_which_accounts_for_why_objects_naturally_fall_downwards_fill_15.wav,filler_other,NA,NA,NA,Isaac Newton,y,first,otherfill,,,,FB_1206
28,74eb76a656aaea33943df6222ffa6fbf8aef444d4bd9063668a51f2c55ff2d43,"The word ""law"" is pronounced incorrectly. The answer is Sir Issac Newton",who_discovered_the_law_of_universal_gravitation_which_accounts_for_why_objects_naturally_fall_downwards_fill_15.wav,filler_other,NA,NA,NA,Isaac Newton,,,,,,,
28,74eb76a656aaea33943df6222ffa6fbf8aef444d4bd9063668a51f2c55ff2d43,I’m good — skip to the next question,who_discovered_the_law_of_universal_gravitation_which_accounts_for_why_objects_naturally_fall_downwards_fill_15.wav,filler_other,NA,NA,NA,Isaac Newton,s,secsame,,,,,FB_1206
28,74eb76a656aaea33943df6222ffa6fbf8aef444d4bd9063668a51f2c55ff2d43,NA,who_discovered_the_law_of_universal_gravitation_which_accounts_for_why_objects_naturally_fall_downwards_fill_15.wav,filler_other,NA,NA,NA,Isaac Newton,,,,,,,
28,74eb76a656aaea33943df6222ffa6fbf8aef444d4bd9063668a51f2c55ff2d43,"The question needs to be CORRECTED (Select this if you spot an error, even if you don’t know the answer).",what_kind_of_weather_cooed_cooled_occur_when_it_is_raining_and_below_freezing_targ_05_B.wav,target,phon_err,expletive 'it' dropping,/ʊ/ --> /u/; could/cooed,snow,y,first,p,,,,FB_1206
28,74eb76a656aaea33943df6222ffa6fbf8aef444d4bd9063668a51f2c55ff2d43,"The words ""could"" and ""occur"" are pronounced incorrectly. The answer is snow",what_kind_of_weather_cooed_cooled_occur_when_it_is_raining_and_below_freezing_targ_05_B.wav,target,phon_err,expletive 'it' dropping,/ʊ/ --> /u/; could/cooed,snow,,,,,,,
28,74eb76a656aaea33943df6222ffa6fbf8aef444d4bd9063668a51f2c55ff2d43,I’m good — skip to the next question,what_kind_of_weather_cooed_cooled_occur_when_it_is_raining_and_below_freezing_targ_05_B.wav,target,phon_err,expletive 'it' dropping,/ʊ/ --> /u/; could/cooed,snow,s,secsame,,,,,FB_1206
28,74eb76a656aaea33943df6222ffa6fbf8aef444d4bd9063668a51f2c55ff2d43,NA,what_kind_of_weather_cooed_cooled_occur_when_it_is_raining_and_below_freezing_targ_05_B.wav,target,phon_err,expletive 'it' dropping,/ʊ/ --> /u/; could/cooed,snow,,,,,,,
28,74eb76a656aaea33943df6222ffa6fbf8aef444d4bd9063668a51f2c55ff2d43,"The question does NOT need any corrections, but I don't know the answer/ I don't understand what the question is asking.",if_a_janitor_hardworking_cleaned_a_vent_in_five_minutes_how_many_seconds_is_that_targ_22_C.wav,target,non_phon_err,adj/noun order,/v/ --> /b/; vent/bent,eight,nun,first,,,,,FB_1206
28,74eb76a656aaea33943df6222ffa6fbf8aef444d4bd9063668a51f2c55ff2d43,NA,if_a_janitor_hardworking_cleaned_a_vent_in_five_minutes_how_many_seconds_is_that_targ_22_C.wav,target,non_phon_err,adj/noun order,/v/ --> /b/; vent/bent,eight,,,,,,,
28,74eb76a656aaea33943df6222ffa6fbf8aef444d4bd9063668a51f2c55ff2d43,"The question needs to be CORRECTED (Select this if you spot an error, even if you don’t know the answer).",if_a_janitor_hardworking_cleaned_a_vent_in_five_minutes_how_many_seconds_is_that_targ_22_C.wav,target,non_phon_err,adj/noun order,/v/ --> /b/; vent/bent,eight,y,secdiff,np,,,,FB_1206
28,74eb76a656aaea33943df6222ffa6fbf8aef444d4bd9063668a51f2c55ff2d43,"It sounds like the question should go ""If a hardworking janitor cleaned a vent in five minutes, how many seconds would that take?"" The answer is 300",if_a_janitor_hardworking_cleaned_a_vent_in_five_minutes_how_many_seconds_is_that_targ_22_C.wav,target,non_phon_err,adj/noun order,/v/ --> /b/; vent/bent,eight,,,,,,,
28,74eb76a656aaea33943df6222ffa6fbf8aef444d4bd9063668a51f2c55ff2d43,"The question needs to be CORRECTED (Select this if you spot an error, even if you don’t know the answer).",who_did_americans_vote_for_to_be_their_first_president_who_avoided_to_serve_three_terms_targ_10_C.wav,target,non_phon_err,infinitive vs. participle,/v/ --> /b/; vote/boat,George Washington,y,first,otherp,,,,FB_1206
28,74eb76a656aaea33943df6222ffa6fbf8aef444d4bd9063668a51f2c55ff2d43,"""Who"" is pronounced incorrectly. The answer is George Washington",who_did_americans_vote_for_to_be_their_first_president_who_avoided_to_serve_three_terms_targ_10_C.wav,target,non_phon_err,infinitive vs. participle,/v/ --> /b/; vote/boat,George Washington,,,,,,,
28,74eb76a656aaea33943df6222ffa6fbf8aef444d4bd9063668a51f2c55ff2d43,"The question needs to be CORRECTED (Select this if you spot an error, even if you don’t know the answer).",who_did_americans_vote_for_to_be_their_first_president_who_avoided_to_serve_three_terms_targ_10_C.wav,target,non_phon_err,infinitive vs. participle,/v/ --> /b/; vote/boat,George Washington,y,secdiff,np,,,,FB_1206
28,74eb76a656aaea33943df6222ffa6fbf8aef444d4bd9063668a51f2c55ff2d43,"""Avoided"" should be ""refused,"" the answer is George Washington",who_did_americans_vote_for_to_be_their_first_president_who_avoided_to_serve_three_terms_targ_10_C.wav,target,non_phon_err,infinitive vs. participle,/v/ --> /b/; vote/boat,George Washington,,,,,,,
28,74eb76a656aaea33943df6222ffa6fbf8aef444d4bd9063668a51f2c55ff2d43,"The question needs to be CORRECTED (Select this if you spot an error, even if you don’t know the answer).",what_big_star_in_our_solar_system_can_steal_be_visible_when_is_cloudy_targ_19_D.wav,target,both_err,expletive 'it' dropping,/ɪ/ --> /i/; still/steal,the Sun,y,first,othernp,,,,FB_1206
28,74eb76a656aaea33943df6222ffa6fbf8aef444d4bd9063668a51f2c55ff2d43,"""Can still be"" should be ""is still,"" the answer is the sun",what_big_star_in_our_solar_system_can_steal_be_visible_when_is_cloudy_targ_19_D.wav,target,both_err,expletive 'it' dropping,/ɪ/ --> /i/; still/steal,the Sun,,,,,,,
28,74eb76a656aaea33943df6222ffa6fbf8aef444d4bd9063668a51f2c55ff2d43,I’m good — skip to the next question,what_big_star_in_our_solar_system_can_steal_be_visible_when_is_cloudy_targ_19_D.wav,target,both_err,expletive 'it' dropping,/ɪ/ --> /i/; still/steal,the Sun,s,secsame,,,,,FB_1206
28,74eb76a656aaea33943df6222ffa6fbf8aef444d4bd9063668a51f2c55ff2d43,NA,what_big_star_in_our_solar_system_can_steal_be_visible_when_is_cloudy_targ_19_D.wav,target,both_err,expletive 'it' dropping,/ɪ/ --> /i/; still/steal,the Sun,,,,,,,
28,74eb76a656aaea33943df6222ffa6fbf8aef444d4bd9063668a51f2c55ff2d43,The question does NOT need any corrections.,what_organ_is_often_associated_with_being_eaten_by_rotting_flesh_monsters_also_known_as_zombies_fill_02.wav,filler_other,NA,NA,NA,the brain,nans,first,,corrected,,,FB_1206
28,74eb76a656aaea33943df6222ffa6fbf8aef444d4bd9063668a51f2c55ff2d43,Skin,what_organ_is_often_associated_with_being_eaten_by_rotting_flesh_monsters_also_known_as_zombies_fill_02.wav,filler_other,NA,NA,NA,the brain,,,,,,,
28,74eb76a656aaea33943df6222ffa6fbf8aef444d4bd9063668a51f2c55ff2d43,The question does NOT need any corrections.,what_organ_is_often_associated_with_being_eaten_by_rotting_flesh_monsters_also_known_as_zombies_fill_02.wav,filler_other,NA,NA,NA,the brain,nans,secsame,,a,,,FB_1206
28,74eb76a656aaea33943df6222ffa6fbf8aef444d4bd9063668a51f2c55ff2d43,Brain,what_organ_is_often_associated_with_being_eaten_by_rotting_flesh_monsters_also_known_as_zombies_fill_02.wav,filler_other,NA,NA,NA,the brain,,,,,,,
28,74eb76a656aaea33943df6222ffa6fbf8aef444d4bd9063668a51f2c55ff2d43,"The question needs to be CORRECTED (Select this if you spot an error, even if you don’t know the answer).",for_what_pink_ice_cream_flavor_wheel_companies_do_their_best_to_use_real_fruit_targ_01_B.wav,target,phon_err,make vs. other verb,/ɪ/ --> /i/; will/wheel,strawberry,y,first,othernp,,,,FB_1206
28,74eb76a656aaea33943df6222ffa6fbf8aef444d4bd9063668a51f2c55ff2d43,"""What"" should be ""which,"" I do not know the answer",for_what_pink_ice_cream_flavor_wheel_companies_do_their_best_to_use_real_fruit_targ_01_B.wav,target,phon_err,make vs. other verb,/ɪ/ --> /i/; will/wheel,strawberry,,,,,,,
28,74eb76a656aaea33943df6222ffa6fbf8aef444d4bd9063668a51f2c55ff2d43,I’m good — skip to the next question,for_what_pink_ice_cream_flavor_wheel_companies_do_their_best_to_use_real_fruit_targ_01_B.wav,target,phon_err,make vs. other verb,/ɪ/ --> /i/; will/wheel,strawberry,s,secsame,,,,,FB_1206
28,74eb76a656aaea33943df6222ffa6fbf8aef444d4bd9063668a51f2c55ff2d43,NA,for_what_pink_ice_cream_flavor_wheel_companies_do_their_best_to_use_real_fruit_targ_01_B.wav,target,phon_err,make vs. other verb,/ɪ/ --> /i/; will/wheel,strawberry,,,,,,,
28,74eb76a656aaea33943df6222ffa6fbf8aef444d4bd9063668a51f2c55ff2d43,"The question needs to be CORRECTED (Select this if you spot an error, even if you don’t know the answer).",what_colors_make_up_a_traditional_candy_gain_which_people_enjoy_to_eat_during_christmas_targ_15_D.wav,target,both_err,infinitive vs. participle,/k/ --> /g/; cane/gain,red and white,y,first,both,,,,FB_1206
28,74eb76a656aaea33943df6222ffa6fbf8aef444d4bd9063668a51f2c55ff2d43,"The word ""cane"" was pronounced incorrectly, and it should be ""which people enjoy eating"" instead of ""which people enjoy to eat."" The answer is candy cane",what_colors_make_up_a_traditional_candy_gain_which_people_enjoy_to_eat_during_christmas_targ_15_D.wav,target,both_err,infinitive vs. participle,/k/ --> /g/; cane/gain,red and white,,,,,,,
28,74eb76a656aaea33943df6222ffa6fbf8aef444d4bd9063668a51f2c55ff2d43,I’m good — skip to the next question,what_colors_make_up_a_traditional_candy_gain_which_people_enjoy_to_eat_during_christmas_targ_15_D.wav,target,both_err,infinitive vs. participle,/k/ --> /g/; cane/gain,red and white,s,secsame,,,,,FB_1206
28,74eb76a656aaea33943df6222ffa6fbf8aef444d4bd9063668a51f2c55ff2d43,NA,what_colors_make_up_a_traditional_candy_gain_which_people_enjoy_to_eat_during_christmas_targ_15_D.wav,target,both_err,infinitive vs. participle,/k/ --> /g/; cane/gain,red and white,,,,,,,
28,74eb76a656aaea33943df6222ffa6fbf8aef444d4bd9063668a51f2c55ff2d43,The question does NOT need any corrections.,which_british_celebrity_judge_often_harshly_critiqued_contestants_on_the_nationwide_singing_contest_american_idol_fill_03.wav,filler_other,NA,NA,NA,Simon Cowell,nans,first,,a,,,FB_1206
28,74eb76a656aaea33943df6222ffa6fbf8aef444d4bd9063668a51f2c55ff2d43,Simon Cowell,which_british_celebrity_judge_often_harshly_critiqued_contestants_on_the_nationwide_singing_contest_american_idol_fill_03.wav,filler_other,NA,NA,NA,Simon Cowell,,,,,,,
28,74eb76a656aaea33943df6222ffa6fbf8aef444d4bd9063668a51f2c55ff2d43,I’m good — skip to the next question,which_british_celebrity_judge_often_harshly_critiqued_contestants_on_the_nationwide_singing_contest_american_idol_fill_03.wav,filler_other,NA,NA,NA,Simon Cowell,s,secsame,,,,,FB_1206
28,74eb76a656aaea33943df6222ffa6fbf8aef444d4bd9063668a51f2c55ff2d43,NA,which_british_celebrity_judge_often_harshly_critiqued_contestants_on_the_nationwide_singing_contest_american_idol_fill_03.wav,filler_other,NA,NA,NA,Simon Cowell,,,,,,,
28,74eb76a656aaea33943df6222ffa6fbf8aef444d4bd9063668a51f2c55ff2d43,"The question does NOT need any corrections, but I don't know the answer/ I don't understand what the question is asking.",which_scottish_actor_first_played_james_bond_wearing_guilts_to_red_carpets_when_he_had_32_years_old_targ_03_D.wav,target,both_err,have vs. be,/k/ --> /g/; kilt/guilt,Sean Connery,nun,first,,,,,FB_1206
28,74eb76a656aaea33943df6222ffa6fbf8aef444d4bd9063668a51f2c55ff2d43,NA,which_scottish_actor_first_played_james_bond_wearing_guilts_to_red_carpets_when_he_had_32_years_old_targ_03_D.wav,target,both_err,have vs. be,/k/ --> /g/; kilt/guilt,Sean Connery,,,,,,,
28,74eb76a656aaea33943df6222ffa6fbf8aef444d4bd9063668a51f2c55ff2d43,"The question needs to be CORRECTED (Select this if you spot an error, even if you don’t know the answer).",which_scottish_actor_first_played_james_bond_wearing_guilts_to_red_carpets_when_he_had_32_years_old_targ_03_D.wav,target,both_err,have vs. be,/k/ --> /g/; kilt/guilt,Sean Connery,y,secdiff,np,,,,FB_1206
28,74eb76a656aaea33943df6222ffa6fbf8aef444d4bd9063668a51f2c55ff2d43,"""When he had thirty-two years old"" should be ""when he was thirty-two years old."" I do not know the answer",which_scottish_actor_first_played_james_bond_wearing_guilts_to_red_carpets_when_he_had_32_years_old_targ_03_D.wav,target,both_err,have vs. be,/k/ --> /g/; kilt/guilt,Sean Connery,,,,,,,
28,74eb76a656aaea33943df6222ffa6fbf8aef444d4bd9063668a51f2c55ff2d43,"The question needs to be CORRECTED (Select this if you spot an error, even if you don’t know the answer).",what_childrens_game_makes_people_seat_down_quickly_when_the_music_loud_stops_targ_07_D.wav,target,both_err,adj/noun order,/ɪ/ --> /i/; sit/seat,musical chairs,y,first,np,,,,FB_1206
28,74eb76a656aaea33943df6222ffa6fbf8aef444d4bd9063668a51f2c55ff2d43,"The word ""loud"" could be removed from the question. The answer is musical chairs",what_childrens_game_makes_people_seat_down_quickly_when_the_music_loud_stops_targ_07_D.wav,target,both_err,adj/noun order,/ɪ/ --> /i/; sit/seat,musical chairs,,,,,,,
28,74eb76a656aaea33943df6222ffa6fbf8aef444d4bd9063668a51f2c55ff2d43,I’m good — skip to the next question,what_childrens_game_makes_people_seat_down_quickly_when_the_music_loud_stops_targ_07_D.wav,target,both_err,adj/noun order,/ɪ/ --> /i/; sit/seat,musical chairs,s,secsame,,,,,FB_1206
28,74eb76a656aaea33943df6222ffa6fbf8aef444d4bd9063668a51f2c55ff2d43,NA,what_childrens_game_makes_people_seat_down_quickly_when_the_music_loud_stops_targ_07_D.wav,target,both_err,adj/noun order,/ɪ/ --> /i/; sit/seat,musical chairs,,,,,,,
28,74eb76a656aaea33943df6222ffa6fbf8aef444d4bd9063668a51f2c55ff2d43,"The question needs to be CORRECTED (Select this if you spot an error, even if you don’t know the answer).",in_the_lion_king_who_does_nala_talk_to_and_is_laying_in_a_got_after_theyve_reunited_targ_21_B.wav,target,phon_err,no aux verbs in questions (lack of do support),/k/ --> /g/; cot/got,Simba,y,first,othernp,,,,FB_1206
28,74eb76a656aaea33943df6222ffa6fbf8aef444d4bd9063668a51f2c55ff2d43,"The question should go ""who does Nala lie with in a cot after they've been reunited?"" the answer is Simba",in_the_lion_king_who_does_nala_talk_to_and_is_laying_in_a_got_after_theyve_reunited_targ_21_B.wav,target,phon_err,no aux verbs in questions (lack of do support),/k/ --> /g/; cot/got,Simba,,,,,,,
28,74eb76a656aaea33943df6222ffa6fbf8aef444d4bd9063668a51f2c55ff2d43,"The question does NOT need any corrections, but I don't know the answer/ I don't understand what the question is asking.",in_the_lion_king_who_does_nala_talk_to_and_is_laying_in_a_got_after_theyve_reunited_targ_21_B.wav,target,phon_err,no aux verbs in questions (lack of do support),/k/ --> /g/; cot/got,Simba,nun,secdiff,,,,,FB_1206
28,74eb76a656aaea33943df6222ffa6fbf8aef444d4bd9063668a51f2c55ff2d43,NA,in_the_lion_king_who_does_nala_talk_to_and_is_laying_in_a_got_after_theyve_reunited_targ_21_B.wav,target,phon_err,no aux verbs in questions (lack of do support),/k/ --> /g/; cot/got,Simba,,,,,,,
28,74eb76a656aaea33943df6222ffa6fbf8aef444d4bd9063668a51f2c55ff2d43,The question does NOT need any corrections.,what_is_the_name_of_the_video_game_character_who_is_a_traveling_italian_plumber_fill_08.wav,filler_other,NA,NA,NA,Mario,nans,first,,a,,,FB_1206
28,74eb76a656aaea33943df6222ffa6fbf8aef444d4bd9063668a51f2c55ff2d43,Mario,what_is_the_name_of_the_video_game_character_who_is_a_traveling_italian_plumber_fill_08.wav,filler_other,NA,NA,NA,Mario,,,,,,,
28,74eb76a656aaea33943df6222ffa6fbf8aef444d4bd9063668a51f2c55ff2d43,I’m good — skip to the next question,what_is_the_name_of_the_video_game_character_who_is_a_traveling_italian_plumber_fill_08.wav,filler_other,NA,NA,NA,Mario,s,secsame,,,,,FB_1206
28,74eb76a656aaea33943df6222ffa6fbf8aef444d4bd9063668a51f2c55ff2d43,NA,what_is_the_name_of_the_video_game_character_who_is_a_traveling_italian_plumber_fill_08.wav,filler_other,NA,NA,NA,Mario,,,,,,,
28,74eb76a656aaea33943df6222ffa6fbf8aef444d4bd9063668a51f2c55ff2d43,"The question needs to be CORRECTED (Select this if you spot an error, even if you don’t know the answer).",what_musician_won_grammys_for_their_album_thriller_which_features_the_hit_song_beat_it_fill_20.wav,filler_other,NA,NA,NA,Michael Jackson,y,first,otherfill,,,,FB_1206
28,74eb76a656aaea33943df6222ffa6fbf8aef444d4bd9063668a51f2c55ff2d43,"""Beat"" is pronounced incorrectly. The answer is Michael Jackson",what_musician_won_grammys_for_their_album_thriller_which_features_the_hit_song_beat_it_fill_20.wav,filler_other,NA,NA,NA,Michael Jackson,,,,,,,
28,74eb76a656aaea33943df6222ffa6fbf8aef444d4bd9063668a51f2c55ff2d43,I’m good — skip to the next question,what_musician_won_grammys_for_their_album_thriller_which_features_the_hit_song_beat_it_fill_20.wav,filler_other,NA,NA,NA,Michael Jackson,s,secsame,,,,,FB_1206
28,74eb76a656aaea33943df6222ffa6fbf8aef444d4bd9063668a51f2c55ff2d43,NA,what_musician_won_grammys_for_their_album_thriller_which_features_the_hit_song_beat_it_fill_20.wav,filler_other,NA,NA,NA,Michael Jackson,,,,,,,
28,74eb76a656aaea33943df6222ffa6fbf8aef444d4bd9063668a51f2c55ff2d43,"The question needs to be CORRECTED (Select this if you spot an error, even if you don’t know the answer).",what_term_refers_to_armored_men_who_enjoyed_to_carry_medieval_swords_that_clash_in_combat_targ_02_C.wav,target,non_phon_err,infinitive vs. participle,/ʃ/ --> /s/; clash/class,knights,y,first,np,,,,FB_1206
28,74eb76a656aaea33943df6222ffa6fbf8aef444d4bd9063668a51f2c55ff2d43,"""Enjoyed to carry"" should be ""enjoyed carrying."" The answer is knight",what_term_refers_to_armored_men_who_enjoyed_to_carry_medieval_swords_that_clash_in_combat_targ_02_C.wav,target,non_phon_err,infinitive vs. participle,/ʃ/ --> /s/; clash/class,knights,,,,,,,
28,74eb76a656aaea33943df6222ffa6fbf8aef444d4bd9063668a51f2c55ff2d43,I’m good — skip to the next question,what_term_refers_to_armored_men_who_enjoyed_to_carry_medieval_swords_that_clash_in_combat_targ_02_C.wav,target,non_phon_err,infinitive vs. participle,/ʃ/ --> /s/; clash/class,knights,s,secsame,,,,,FB_1206
28,74eb76a656aaea33943df6222ffa6fbf8aef444d4bd9063668a51f2c55ff2d43,NA,what_term_refers_to_armored_men_who_enjoyed_to_carry_medieval_swords_that_clash_in_combat_targ_02_C.wav,target,non_phon_err,infinitive vs. participle,/ʃ/ --> /s/; clash/class,knights,,,,,,,
28,74eb76a656aaea33943df6222ffa6fbf8aef444d4bd9063668a51f2c55ff2d43,"The question does NOT need any corrections, but I don't know the answer/ I don't understand what the question is asking.",what_colors_can_have_on_a_traffic_light_which_often_senses_when_cars_pool_up_targ_11_D.wav,target,both_err,have vs. be,/ʊ/ --> /u/; pulls/pools,green,nun,first,,,,,FB_1206
28,74eb76a656aaea33943df6222ffa6fbf8aef444d4bd9063668a51f2c55ff2d43,NA,what_colors_can_have_on_a_traffic_light_which_often_senses_when_cars_pool_up_targ_11_D.wav,target,both_err,have vs. be,/ʊ/ --> /u/; pulls/pools,green,,,,,,,
28,74eb76a656aaea33943df6222ffa6fbf8aef444d4bd9063668a51f2c55ff2d43,I’m good — skip to the next question,what_colors_can_have_on_a_traffic_light_which_often_senses_when_cars_pool_up_targ_11_D.wav,target,both_err,have vs. be,/ʊ/ --> /u/; pulls/pools,green,s,secsame,,,,,FB_1206
28,74eb76a656aaea33943df6222ffa6fbf8aef444d4bd9063668a51f2c55ff2d43,NA,what_colors_can_have_on_a_traffic_light_which_often_senses_when_cars_pool_up_targ_11_D.wav,target,both_err,have vs. be,/ʊ/ --> /u/; pulls/pools,green,,,,,,,
28,74eb76a656aaea33943df6222ffa6fbf8aef444d4bd9063668a51f2c55ff2d43,The question does NOT need any corrections.,which_oscar-winning_movie_features_tom_hanks_saying_life_is_like_a_box_of_chocolates_fill_12.wav,filler_other,NA,NA,NA,Forrest Gump,nans,first,,a,,,FB_1206
28,74eb76a656aaea33943df6222ffa6fbf8aef444d4bd9063668a51f2c55ff2d43,Forrest Gump,which_oscar-winning_movie_features_tom_hanks_saying_life_is_like_a_box_of_chocolates_fill_12.wav,filler_other,NA,NA,NA,Forrest Gump,,,,,,,
28,74eb76a656aaea33943df6222ffa6fbf8aef444d4bd9063668a51f2c55ff2d43,I’m good — skip to the next question,which_oscar-winning_movie_features_tom_hanks_saying_life_is_like_a_box_of_chocolates_fill_12.wav,filler_other,NA,NA,NA,Forrest Gump,s,secsame,,,,,FB_1206
28,74eb76a656aaea33943df6222ffa6fbf8aef444d4bd9063668a51f2c55ff2d43,NA,which_oscar-winning_movie_features_tom_hanks_saying_life_is_like_a_box_of_chocolates_fill_12.wav,filler_other,NA,NA,NA,Forrest Gump,,,,,,,
28,74eb76a656aaea33943df6222ffa6fbf8aef444d4bd9063668a51f2c55ff2d43,"The question needs to be CORRECTED (Select this if you spot an error, even if you don’t know the answer).",which_cartoon_character_works_at_the_krusty_krab_and_is_best_friends_with_patrick_star_fill_04.wav,filler_other,NA,NA,NA,Spongebob,y,first,otherfill,,,,FB_1206
28,74eb76a656aaea33943df6222ffa6fbf8aef444d4bd9063668a51f2c55ff2d43,"""Cartoon"" is pronounced incorrectly. The answer is Spongebob Squarepants",which_cartoon_character_works_at_the_krusty_krab_and_is_best_friends_with_patrick_star_fill_04.wav,filler_other,NA,NA,NA,Spongebob,,,,,,,
28,74eb76a656aaea33943df6222ffa6fbf8aef444d4bd9063668a51f2c55ff2d43,I’m good — skip to the next question,which_cartoon_character_works_at_the_krusty_krab_and_is_best_friends_with_patrick_star_fill_04.wav,filler_other,NA,NA,NA,Spongebob,s,secsame,,,,,FB_1206
28,74eb76a656aaea33943df6222ffa6fbf8aef444d4bd9063668a51f2c55ff2d43,NA,which_cartoon_character_works_at_the_krusty_krab_and_is_best_friends_with_patrick_star_fill_04.wav,filler_other,NA,NA,NA,Spongebob,,,,,,,
28,74eb76a656aaea33943df6222ffa6fbf8aef444d4bd9063668a51f2c55ff2d43,The question does NOT need any corrections.,which_season_do_we_associate_with_thanksgiving_the_beginning_of_school_and_leaves_turning_brown_fill_19.wav,filler_other,NA,NA,NA,Fall,nans,first,,twice,,,FB_1206
28,74eb76a656aaea33943df6222ffa6fbf8aef444d4bd9063668a51f2c55ff2d43,Autumn,which_season_do_we_associate_with_thanksgiving_the_beginning_of_school_and_leaves_turning_brown_fill_19.wav,filler_other,NA,NA,NA,Fall,,,,,,,
28,74eb76a656aaea33943df6222ffa6fbf8aef444d4bd9063668a51f2c55ff2d43,The question does NOT need any corrections.,which_season_do_we_associate_with_thanksgiving_the_beginning_of_school_and_leaves_turning_brown_fill_19.wav,filler_other,NA,NA,NA,Fall,nans,secsame,,a,,,FB_1206
28,74eb76a656aaea33943df6222ffa6fbf8aef444d4bd9063668a51f2c55ff2d43,Autumn,which_season_do_we_associate_with_thanksgiving_the_beginning_of_school_and_leaves_turning_brown_fill_19.wav,filler_other,NA,NA,NA,Fall,,,,,,,
28,74eb76a656aaea33943df6222ffa6fbf8aef444d4bd9063668a51f2c55ff2d43,"The question needs to be CORRECTED (Select this if you spot an error, even if you don’t know the answer).",if_i_consider_leaving_work_after_the_fourth_hour_how_many_minutes_would_that_be_targ_24_A.wav,target,correct,infinitive vs. participle,/θ/ --> /t/; fourth/fort,two hundred and forty,y,first,othernp,,,,FB_1206
28,74eb76a656aaea33943df6222ffa6fbf8aef444d4bd9063668a51f2c55ff2d43,"The question should say ""four hours"" instead of ""fourth hour."" The answer is 360",if_i_consider_leaving_work_after_the_fourth_hour_how_many_minutes_would_that_be_targ_24_A.wav,target,correct,infinitive vs. participle,/θ/ --> /t/; fourth/fort,two hundred and forty,,,,,,,
28,74eb76a656aaea33943df6222ffa6fbf8aef444d4bd9063668a51f2c55ff2d43,"The question needs to be CORRECTED (Select this if you spot an error, even if you don’t know the answer).",if_i_consider_leaving_work_after_the_fourth_hour_how_many_minutes_would_that_be_targ_24_A.wav,target,correct,infinitive vs. participle,/θ/ --> /t/; fourth/fort,two hundred and forty,y,secsame,,,,,FB_1206
28,74eb76a656aaea33943df6222ffa6fbf8aef444d4bd9063668a51f2c55ff2d43,"""Fourth hour"" should be corrected to ""four hours."" The answer is 240",if_i_consider_leaving_work_after_the_fourth_hour_how_many_minutes_would_that_be_targ_24_A.wav,target,correct,infinitive vs. participle,/θ/ --> /t/; fourth/fort,two hundred and forty,,,,,,,
28,74eb76a656aaea33943df6222ffa6fbf8aef444d4bd9063668a51f2c55ff2d43,The question does NOT need any corrections.,if_youre_on_a_path_from_california_to_hawaii_which_ocean_do_you_go_through_targ_12_A.wav,target,correct,no aux verbs in questions (lack of do support),/θ/ --> /t/; path/pat,Pacific Ocean,nans,first,,a,,,FB_1206
28,74eb76a656aaea33943df6222ffa6fbf8aef444d4bd9063668a51f2c55ff2d43,Pacific Ocean,if_youre_on_a_path_from_california_to_hawaii_which_ocean_do_you_go_through_targ_12_A.wav,target,correct,no aux verbs in questions (lack of do support),/θ/ --> /t/; path/pat,Pacific Ocean,,,,,,,
28,74eb76a656aaea33943df6222ffa6fbf8aef444d4bd9063668a51f2c55ff2d43,I’m good — skip to the next question,if_youre_on_a_path_from_california_to_hawaii_which_ocean_do_you_go_through_targ_12_A.wav,target,correct,no aux verbs in questions (lack of do support),/θ/ --> /t/; path/pat,Pacific Ocean,s,secsame,,,,,FB_1206
28,74eb76a656aaea33943df6222ffa6fbf8aef444d4bd9063668a51f2c55ff2d43,NA,if_youre_on_a_path_from_california_to_hawaii_which_ocean_do_you_go_through_targ_12_A.wav,target,correct,no aux verbs in questions (lack of do support),/θ/ --> /t/; path/pat,Pacific Ocean,,,,,,,
28,74eb76a656aaea33943df6222ffa6fbf8aef444d4bd9063668a51f2c55ff2d43,"The question needs to be CORRECTED (Select this if you spot an error, even if you don’t know the answer).",what_supplies_do_you_need_to_neat_a_scarf_targ_13_B.wav,target,phon_err,no aux verbs in questions (lack of do support),/ɪ/ --> /i/; knit/neat,needles and yarn,y,first,p,,,,FB_1206
28,74eb76a656aaea33943df6222ffa6fbf8aef444d4bd9063668a51f2c55ff2d43,"""Knit"" is pronounced incorrectly. I do not know the answer",what_supplies_do_you_need_to_neat_a_scarf_targ_13_B.wav,target,phon_err,no aux verbs in questions (lack of do support),/ɪ/ --> /i/; knit/neat,needles and yarn,,,,,,,
28,74eb76a656aaea33943df6222ffa6fbf8aef444d4bd9063668a51f2c55ff2d43,I’m good — skip to the next question,what_supplies_do_you_need_to_neat_a_scarf_targ_13_B.wav,target,phon_err,no aux verbs in questions (lack of do support),/ɪ/ --> /i/; knit/neat,needles and yarn,s,secsame,,,,,FB_1206
28,74eb76a656aaea33943df6222ffa6fbf8aef444d4bd9063668a51f2c55ff2d43,NA,what_supplies_do_you_need_to_neat_a_scarf_targ_13_B.wav,target,phon_err,no aux verbs in questions (lack of do support),/ɪ/ --> /i/; knit/neat,needles and yarn,,,,,,,
28,74eb76a656aaea33943df6222ffa6fbf8aef444d4bd9063668a51f2c55ff2d43,The question does NOT need any corrections.,what_novel_has_the_quote_i’m_late_i’m_late_for_a_very_important_date_fill_13.wav,filler_other,NA,NA,NA,Alice in Wonderland,nans,first,,a,,,FB_1206
28,74eb76a656aaea33943df6222ffa6fbf8aef444d4bd9063668a51f2c55ff2d43,Alice in Wonderland,what_novel_has_the_quote_i’m_late_i’m_late_for_a_very_important_date_fill_13.wav,filler_other,NA,NA,NA,Alice in Wonderland,,,,,,,
28,74eb76a656aaea33943df6222ffa6fbf8aef444d4bd9063668a51f2c55ff2d43,I’m good — skip to the next question,what_novel_has_the_quote_i’m_late_i’m_late_for_a_very_important_date_fill_13.wav,filler_other,NA,NA,NA,Alice in Wonderland,s,secsame,,,,,FB_1206
28,74eb76a656aaea33943df6222ffa6fbf8aef444d4bd9063668a51f2c55ff2d43,NA,what_novel_has_the_quote_i’m_late_i’m_late_for_a_very_important_date_fill_13.wav,filler_other,NA,NA,NA,Alice in Wonderland,,,,,,,
28,74eb76a656aaea33943df6222ffa6fbf8aef444d4bd9063668a51f2c55ff2d43,The question does NOT need any corrections.,which_body_part_did_van_gogh_allegedly_cut_off_after_an_argument_with_his_friend_fill_05.wav,filler_other,NA,NA,NA,ear,nans,first,,a,,,FB_1206
28,74eb76a656aaea33943df6222ffa6fbf8aef444d4bd9063668a51f2c55ff2d43,His ear,which_body_part_did_van_gogh_allegedly_cut_off_after_an_argument_with_his_friend_fill_05.wav,filler_other,NA,NA,NA,ear,,,,,,,
28,74eb76a656aaea33943df6222ffa6fbf8aef444d4bd9063668a51f2c55ff2d43,I’m good — skip to the next question,which_body_part_did_van_gogh_allegedly_cut_off_after_an_argument_with_his_friend_fill_05.wav,filler_other,NA,NA,NA,ear,s,secsame,,,,,FB_1206
28,74eb76a656aaea33943df6222ffa6fbf8aef444d4bd9063668a51f2c55ff2d43,NA,which_body_part_did_van_gogh_allegedly_cut_off_after_an_argument_with_his_friend_fill_05.wav,filler_other,NA,NA,NA,ear,,,,,,,
28,74eb76a656aaea33943df6222ffa6fbf8aef444d4bd9063668a51f2c55ff2d43,The question does NOT need any corrections.,where_do_the_jolly_christmas_icons_santa_claus_and_his_wife_mrs._claus_live_fill_22.wav,filler_other,NA,NA,NA,the North Pole,nans,first,,a,,,FB_1206
28,74eb76a656aaea33943df6222ffa6fbf8aef444d4bd9063668a51f2c55ff2d43,The North Pole,where_do_the_jolly_christmas_icons_santa_claus_and_his_wife_mrs._claus_live_fill_22.wav,filler_other,NA,NA,NA,the North Pole,,,,,,,
28,74eb76a656aaea33943df6222ffa6fbf8aef444d4bd9063668a51f2c55ff2d43,I’m good — skip to the next question,where_do_the_jolly_christmas_icons_santa_claus_and_his_wife_mrs._claus_live_fill_22.wav,filler_other,NA,NA,NA,the North Pole,s,secsame,,,,,FB_1206
28,74eb76a656aaea33943df6222ffa6fbf8aef444d4bd9063668a51f2c55ff2d43,NA,where_do_the_jolly_christmas_icons_santa_claus_and_his_wife_mrs._claus_live_fill_22.wav,filler_other,NA,NA,NA,the North Pole,,,,,,,
28,74eb76a656aaea33943df6222ffa6fbf8aef444d4bd9063668a51f2c55ff2d43,"The question needs to be CORRECTED (Select this if you spot an error, even if you don’t know the answer).",where_do_people_get_drivers_licenses_since_it_is_required_as_valid_id_to_drive_targ_16_A.wav,target,correct,expletive 'it' dropping,/v/ --> /b/; valid/ballad,DMV,y,first,othernp,,,,FB_1206
28,74eb76a656aaea33943df6222ffa6fbf8aef444d4bd9063668a51f2c55ff2d43,"The question should say ""Where do people get a driver's license."" The answer is the DMV",where_do_people_get_drivers_licenses_since_it_is_required_as_valid_id_to_drive_targ_16_A.wav,target,correct,expletive 'it' dropping,/v/ --> /b/; valid/ballad,DMV,,,,,,,
28,74eb76a656aaea33943df6222ffa6fbf8aef444d4bd9063668a51f2c55ff2d43,I’m good — skip to the next question,where_do_people_get_drivers_licenses_since_it_is_required_as_valid_id_to_drive_targ_16_A.wav,target,correct,expletive 'it' dropping,/v/ --> /b/; valid/ballad,DMV,s,secsame,,,,,FB_1206
28,74eb76a656aaea33943df6222ffa6fbf8aef444d4bd9063668a51f2c55ff2d43,NA,where_do_people_get_drivers_licenses_since_it_is_required_as_valid_id_to_drive_targ_16_A.wav,target,correct,expletive 'it' dropping,/v/ --> /b/; valid/ballad,DMV,,,,,,,
28,74eb76a656aaea33943df6222ffa6fbf8aef444d4bd9063668a51f2c55ff2d43,"The question needs to be CORRECTED (Select this if you spot an error, even if you don’t know the answer).",if_laundry_service_will_gum_in_five_days_and_todays_thursday_when_are_they_doing_laundry_next_targ_09_B.wav,target,phon_err,make vs. other verb,/k/ --> /g/; come/gum,Tuesday,y,first,p,,,,FB_1206
28,74eb76a656aaea33943df6222ffa6fbf8aef444d4bd9063668a51f2c55ff2d43,"""Come"" was pronounced incorrectly. The answer is Tuesday",if_laundry_service_will_gum_in_five_days_and_todays_thursday_when_are_they_doing_laundry_next_targ_09_B.wav,target,phon_err,make vs. other verb,/k/ --> /g/; come/gum,Tuesday,,,,,,,
28,74eb76a656aaea33943df6222ffa6fbf8aef444d4bd9063668a51f2c55ff2d43,I’m good — skip to the next question,if_laundry_service_will_gum_in_five_days_and_todays_thursday_when_are_they_doing_laundry_next_targ_09_B.wav,target,phon_err,make vs. other verb,/k/ --> /g/; come/gum,Tuesday,s,secsame,,,,,FB_1206
28,74eb76a656aaea33943df6222ffa6fbf8aef444d4bd9063668a51f2c55ff2d43,NA,if_laundry_service_will_gum_in_five_days_and_todays_thursday_when_are_they_doing_laundry_next_targ_09_B.wav,target,phon_err,make vs. other verb,/k/ --> /g/; come/gum,Tuesday,,,,,,,
28,74eb76a656aaea33943df6222ffa6fbf8aef444d4bd9063668a51f2c55ff2d43,"The question needs to be CORRECTED (Select this if you spot an error, even if you don’t know the answer).",how_many_legs_does_a_garden_spider_canadian_whose_silk_can_make_cloth_have_targ_06_C.wav,target,non_phon_err,adj/noun order,/θ/ --> /t/; cloth/clot,eight,y,first,np,,,,FB_1206
28,74eb76a656aaea33943df6222ffa6fbf8aef444d4bd9063668a51f2c55ff2d43,"The question should go ""How many legs does a Canadian garden spider, whose silk can make cloth, have?"" The answer is 8",how_many_legs_does_a_garden_spider_canadian_whose_silk_can_make_cloth_have_targ_06_C.wav,target,non_phon_err,adj/noun order,/θ/ --> /t/; cloth/clot,eight,,,,,,,
28,74eb76a656aaea33943df6222ffa6fbf8aef444d4bd9063668a51f2c55ff2d43,I’m good — skip to the next question,how_many_legs_does_a_garden_spider_canadian_whose_silk_can_make_cloth_have_targ_06_C.wav,target,non_phon_err,adj/noun order,/θ/ --> /t/; cloth/clot,eight,s,secsame,,,,,FB_1206
28,74eb76a656aaea33943df6222ffa6fbf8aef444d4bd9063668a51f2c55ff2d43,NA,how_many_legs_does_a_garden_spider_canadian_whose_silk_can_make_cloth_have_targ_06_C.wav,target,non_phon_err,adj/noun order,/θ/ --> /t/; cloth/clot,eight,,,,,,,
28,74eb76a656aaea33943df6222ffa6fbf8aef444d4bd9063668a51f2c55ff2d43,"The question needs to be CORRECTED (Select this if you spot an error, even if you don’t know the answer).",which_fast_food_chain_offers_foot-long_sandwiches_and_has_the_slogan_eat_fresh_fill_11.wav,filler_other,NA,NA,NA,Subway,y,first,otherfill,,,,FB_1206
28,74eb76a656aaea33943df6222ffa6fbf8aef444d4bd9063668a51f2c55ff2d43,"""Eat"" is pronounced incorrectly. The answer is Subway",which_fast_food_chain_offers_foot-long_sandwiches_and_has_the_slogan_eat_fresh_fill_11.wav,filler_other,NA,NA,NA,Subway,,,,,,,
28,74eb76a656aaea33943df6222ffa6fbf8aef444d4bd9063668a51f2c55ff2d43,I’m good — skip to the next question,which_fast_food_chain_offers_foot-long_sandwiches_and_has_the_slogan_eat_fresh_fill_11.wav,filler_other,NA,NA,NA,Subway,s,secsame,,,,,FB_1206
28,74eb76a656aaea33943df6222ffa6fbf8aef444d4bd9063668a51f2c55ff2d43,NA,which_fast_food_chain_offers_foot-long_sandwiches_and_has_the_slogan_eat_fresh_fill_11.wav,filler_other,NA,NA,NA,Subway,,,,,,,
28,74eb76a656aaea33943df6222ffa6fbf8aef444d4bd9063668a51f2c55ff2d43,The question does NOT need any corrections.,what_us_holiday_is_often_celebrated_with_fireworks_and_hotdogs_to_honor_americas_freedom_fill_17.wav,filler_other,NA,NA,NA,Independence Day,nans,first,,a,,,FB_1206
28,74eb76a656aaea33943df6222ffa6fbf8aef444d4bd9063668a51f2c55ff2d43,Fourth of July,what_us_holiday_is_often_celebrated_with_fireworks_and_hotdogs_to_honor_americas_freedom_fill_17.wav,filler_other,NA,NA,NA,Independence Day,,,,,,,
28,74eb76a656aaea33943df6222ffa6fbf8aef444d4bd9063668a51f2c55ff2d43,I’m good — skip to the next question,what_us_holiday_is_often_celebrated_with_fireworks_and_hotdogs_to_honor_americas_freedom_fill_17.wav,filler_other,NA,NA,NA,Independence Day,s,secsame,,,,,FB_1206
28,74eb76a656aaea33943df6222ffa6fbf8aef444d4bd9063668a51f2c55ff2d43,NA,what_us_holiday_is_often_celebrated_with_fireworks_and_hotdogs_to_honor_americas_freedom_fill_17.wav,filler_other,NA,NA,NA,Independence Day,,,,,,,
28,74eb76a656aaea33943df6222ffa6fbf8aef444d4bd9063668a51f2c55ff2d43,"The question needs to be CORRECTED (Select this if you spot an error, even if you don’t know the answer).",how_many_days_wooed_wooled_my_tandem_bike_be_gone_if_someone_borrows_it_for_july_targ_17_B.wav,target,phon_err,adj/noun order,/ʊ/ --> /u/; would/wooed,thirty-one days,y,first,p?,,seems like they noticed the error and are confused,,FB_1206
28,74eb76a656aaea33943df6222ffa6fbf8aef444d4bd9063668a51f2c55ff2d43,"I do not know the correction or answer, but the question feels jumbled and doesn't make sense.",how_many_days_wooed_wooled_my_tandem_bike_be_gone_if_someone_borrows_it_for_july_targ_17_B.wav,target,phon_err,adj/noun order,/ʊ/ --> /u/; would/wooed,thirty-one days,,,,,,,
28,74eb76a656aaea33943df6222ffa6fbf8aef444d4bd9063668a51f2c55ff2d43,I’m good — skip to the next question,how_many_days_wooed_wooled_my_tandem_bike_be_gone_if_someone_borrows_it_for_july_targ_17_B.wav,target,phon_err,adj/noun order,/ʊ/ --> /u/; would/wooed,thirty-one days,s,secsame,,,,,FB_1206
28,74eb76a656aaea33943df6222ffa6fbf8aef444d4bd9063668a51f2c55ff2d43,NA,how_many_days_wooed_wooled_my_tandem_bike_be_gone_if_someone_borrows_it_for_july_targ_17_B.wav,target,phon_err,adj/noun order,/ʊ/ --> /u/; would/wooed,thirty-one days,,,,,,,
28,74eb76a656aaea33943df6222ffa6fbf8aef444d4bd9063668a51f2c55ff2d43,The question does NOT need any corrections.,which_tropical_fruit_that_grows_on_palm_trees_is_used_for_oils_and_milks_fill_18.wav,filler_other,NA,NA,NA,coconuts,nans,first,,a,,,FB_1206
28,74eb76a656aaea33943df6222ffa6fbf8aef444d4bd9063668a51f2c55ff2d43,Coconut,which_tropical_fruit_that_grows_on_palm_trees_is_used_for_oils_and_milks_fill_18.wav,filler_other,NA,NA,NA,coconuts,,,,,,,
28,74eb76a656aaea33943df6222ffa6fbf8aef444d4bd9063668a51f2c55ff2d43,I’m good — skip to the next question,which_tropical_fruit_that_grows_on_palm_trees_is_used_for_oils_and_milks_fill_18.wav,filler_other,NA,NA,NA,coconuts,s,secsame,,,,,FB_1206
28,74eb76a656aaea33943df6222ffa6fbf8aef444d4bd9063668a51f2c55ff2d43,NA,which_tropical_fruit_that_grows_on_palm_trees_is_used_for_oils_and_milks_fill_18.wav,filler_other,NA,NA,NA,coconuts,,,,,,,
28,74eb76a656aaea33943df6222ffa6fbf8aef444d4bd9063668a51f2c55ff2d43,The question does NOT need any corrections.,in_what_country_would_you_find_landmarks_like_the_pyramids_of_giza_and_great_sphinx_fill_24.wav,filler_other,NA,NA,NA,Egypt,nans,first,,a,,,FB_1206
28,74eb76a656aaea33943df6222ffa6fbf8aef444d4bd9063668a51f2c55ff2d43,Egypt,in_what_country_would_you_find_landmarks_like_the_pyramids_of_giza_and_great_sphinx_fill_24.wav,filler_other,NA,NA,NA,Egypt,,,,,,,
28,74eb76a656aaea33943df6222ffa6fbf8aef444d4bd9063668a51f2c55ff2d43,I’m good — skip to the next question,in_what_country_would_you_find_landmarks_like_the_pyramids_of_giza_and_great_sphinx_fill_24.wav,filler_other,NA,NA,NA,Egypt,s,secsame,,,,,FB_1206
28,74eb76a656aaea33943df6222ffa6fbf8aef444d4bd9063668a51f2c55ff2d43,NA,in_what_country_would_you_find_landmarks_like_the_pyramids_of_giza_and_great_sphinx_fill_24.wav,filler_other,NA,NA,NA,Egypt,,,,,,,
28,74eb76a656aaea33943df6222ffa6fbf8aef444d4bd9063668a51f2c55ff2d43,"The question does NOT need any corrections, but I don't know the answer/ I don't understand what the question is asking.",which_soft_pastry_made_with_a_certain_spice_is_often_spiral-shaped_and_topped_with_icing_fill_16.wav,filler_other,NA,NA,NA,cinnamon roll,nun,first,,,,,FB_1206
28,74eb76a656aaea33943df6222ffa6fbf8aef444d4bd9063668a51f2c55ff2d43,NA,which_soft_pastry_made_with_a_certain_spice_is_often_spiral-shaped_and_topped_with_icing_fill_16.wav,filler_other,NA,NA,NA,cinnamon roll,,,,,,,
28,74eb76a656aaea33943df6222ffa6fbf8aef444d4bd9063668a51f2c55ff2d43,The question does NOT need any corrections.,which_soft_pastry_made_with_a_certain_spice_is_often_spiral-shaped_and_topped_with_icing_fill_16.wav,filler_other,NA,NA,NA,cinnamon roll,nans,secdiff,,a,,,FB_1206
28,74eb76a656aaea33943df6222ffa6fbf8aef444d4bd9063668a51f2c55ff2d43,Cinnamon roll,which_soft_pastry_made_with_a_certain_spice_is_often_spiral-shaped_and_topped_with_icing_fill_16.wav,filler_other,NA,NA,NA,cinnamon roll,,,,,,,
28,74eb76a656aaea33943df6222ffa6fbf8aef444d4bd9063668a51f2c55ff2d43,"The question needs to be CORRECTED (Select this if you spot an error, even if you don’t know the answer).",what_company_created_the_macbook_a_device_fool_of_features_to_help_students_make_homework_targ_23_D.wav,target,both_err,make vs. other verb,/ʊ/ --> /u/; full/fool,Apple,y,first,np,,,,FB_1206
28,74eb76a656aaea33943df6222ffa6fbf8aef444d4bd9063668a51f2c55ff2d43,"""Make homework"" should be ""do their homework."" The answer is Apple",what_company_created_the_macbook_a_device_fool_of_features_to_help_students_make_homework_targ_23_D.wav,target,both_err,make vs. other verb,/ʊ/ --> /u/; full/fool,Apple,,,,,,,
28,74eb76a656aaea33943df6222ffa6fbf8aef444d4bd9063668a51f2c55ff2d43,I’m good — skip to the next question,what_company_created_the_macbook_a_device_fool_of_features_to_help_students_make_homework_targ_23_D.wav,target,both_err,make vs. other verb,/ʊ/ --> /u/; full/fool,Apple,s,secsame,,,,,FB_1206
28,74eb76a656aaea33943df6222ffa6fbf8aef444d4bd9063668a51f2c55ff2d43,NA,what_company_created_the_macbook_a_device_fool_of_features_to_help_students_make_homework_targ_23_D.wav,target,both_err,make vs. other verb,/ʊ/ --> /u/; full/fool,Apple,,,,,,,
28,74eb76a656aaea33943df6222ffa6fbf8aef444d4bd9063668a51f2c55ff2d43,The question does NOT need any corrections.,what_did_neil_armstrong_say_during_his_very_first_steps_on_the_moon_targ_04_A.wav,target,correct,no aux verbs in questions (lack of do support),/v/ --> /b/; very/berry,"""That's one small step for man, one giant leap for mankind.""",nans,first,,a,,,FB_1206
28,74eb76a656aaea33943df6222ffa6fbf8aef444d4bd9063668a51f2c55ff2d43,"""One small step for man, One big leap for mankind""",what_did_neil_armstrong_say_during_his_very_first_steps_on_the_moon_targ_04_A.wav,target,correct,no aux verbs in questions (lack of do support),/v/ --> /b/; very/berry,"""That's one small step for man, one giant leap for mankind.""",,,,,,,
28,74eb76a656aaea33943df6222ffa6fbf8aef444d4bd9063668a51f2c55ff2d43,"The question does NOT need any corrections, but I don't know the answer/ I don't understand what the question is asking.",what_did_neil_armstrong_say_during_his_very_first_steps_on_the_moon_targ_04_A.wav,target,correct,no aux verbs in questions (lack of do support),/v/ --> /b/; very/berry,"""That's one small step for man, one giant leap for mankind.""",nun,secdiff,,,,,FB_1206
28,74eb76a656aaea33943df6222ffa6fbf8aef444d4bd9063668a51f2c55ff2d43,NA,what_did_neil_armstrong_say_during_his_very_first_steps_on_the_moon_targ_04_A.wav,target,correct,no aux verbs in questions (lack of do support),/v/ --> /b/; very/berry,"""That's one small step for man, one giant leap for mankind.""",,,,,,,
28,74eb76a656aaea33943df6222ffa6fbf8aef444d4bd9063668a51f2c55ff2d43,The question does NOT need any corrections.,what_mythical_creatures_have_been_said_to_drink_blood_turn_into_bats_and_hate_onions_fill_14.wav,filler_other,NA,NA,NA,vampires,nans,first,,a,,,FB_1206
28,74eb76a656aaea33943df6222ffa6fbf8aef444d4bd9063668a51f2c55ff2d43,Vampire,what_mythical_creatures_have_been_said_to_drink_blood_turn_into_bats_and_hate_onions_fill_14.wav,filler_other,NA,NA,NA,vampires,,,,,,,
28,74eb76a656aaea33943df6222ffa6fbf8aef444d4bd9063668a51f2c55ff2d43,I’m good — skip to the next question,what_mythical_creatures_have_been_said_to_drink_blood_turn_into_bats_and_hate_onions_fill_14.wav,filler_other,NA,NA,NA,vampires,s,secsame,,,,,FB_1206
28,74eb76a656aaea33943df6222ffa6fbf8aef444d4bd9063668a51f2c55ff2d43,NA,what_mythical_creatures_have_been_said_to_drink_blood_turn_into_bats_and_hate_onions_fill_14.wav,filler_other,NA,NA,NA,vampires,,,,,,,
28,74eb76a656aaea33943df6222ffa6fbf8aef444d4bd9063668a51f2c55ff2d43,"The question needs to be CORRECTED (Select this if you spot an error, even if you don’t know the answer).",what_animal_is_typically_white_with_black_spots_and_says_moo_fill_21.wav,filler_other,NA,NA,NA,a cow,y,first,otherfill,,,,FB_1206
28,74eb76a656aaea33943df6222ffa6fbf8aef444d4bd9063668a51f2c55ff2d43,"""Moo"" is pronounced incorrectly. The answer is cow",what_animal_is_typically_white_with_black_spots_and_says_moo_fill_21.wav,filler_other,NA,NA,NA,a cow,,,,,,,
28,74eb76a656aaea33943df6222ffa6fbf8aef444d4bd9063668a51f2c55ff2d43,I’m good — skip to the next question,what_animal_is_typically_white_with_black_spots_and_says_moo_fill_21.wav,filler_other,NA,NA,NA,a cow,s,secsame,,,,,FB_1206
28,74eb76a656aaea33943df6222ffa6fbf8aef444d4bd9063668a51f2c55ff2d43,NA,what_animal_is_typically_white_with_black_spots_and_says_moo_fill_21.wav,filler_other,NA,NA,NA,a cow,,,,,,,
29,8d5e89fc843857b426e42d0813d198a1aa54dd91f25586fd69199a7328fc7617,The question does NOT need any corrections.,what_color_is_a_typical_school_bus_fill_28.wav,att_check_good,NA,NA,NA,yellow,nans,first,,a,attention check failed (5/8 correct),,JB_1204
29,8d5e89fc843857b426e42d0813d198a1aa54dd91f25586fd69199a7328fc7617,yellow,what_color_is_a_typical_school_bus_fill_28.wav,att_check_good,NA,NA,NA,yellow,,,,,,,
29,8d5e89fc843857b426e42d0813d198a1aa54dd91f25586fd69199a7328fc7617,I’m good — skip to the next question,what_color_is_a_typical_school_bus_fill_28.wav,att_check_good,NA,NA,NA,yellow,s,secsame,,,,,JB_1204
29,8d5e89fc843857b426e42d0813d198a1aa54dd91f25586fd69199a7328fc7617,NA,what_color_is_a_typical_school_bus_fill_28.wav,att_check_good,NA,NA,NA,yellow,,,,,,,
29,8d5e89fc843857b426e42d0813d198a1aa54dd91f25586fd69199a7328fc7617,The question does NOT need any corrections.,what_state_is_los_angeles_located_in_fill_26.wav,att_check_good,NA,NA,NA,California,nans,first,,a,,,JB_1204
29,8d5e89fc843857b426e42d0813d198a1aa54dd91f25586fd69199a7328fc7617,California,what_state_is_los_angeles_located_in_fill_26.wav,att_check_good,NA,NA,NA,California,,,,,,,
29,8d5e89fc843857b426e42d0813d198a1aa54dd91f25586fd69199a7328fc7617,I’m good — skip to the next question,what_state_is_los_angeles_located_in_fill_26.wav,att_check_good,NA,NA,NA,California,s,secsame,,,,,JB_1204
29,8d5e89fc843857b426e42d0813d198a1aa54dd91f25586fd69199a7328fc7617,NA,what_state_is_los_angeles_located_in_fill_26.wav,att_check_good,NA,NA,NA,California,,,,,,,
29,8d5e89fc843857b426e42d0813d198a1aa54dd91f25586fd69199a7328fc7617,"The question needs to be CORRECTED (Select this if you spot an error, even if you don’t know the answer).",what_is_the_largest_plant_in_the_solar_system_fill_31.wav,att_check_err,NA,NA,NA,Jupiter (planet),y,first,acheckp,,,,JB_1204
29,8d5e89fc843857b426e42d0813d198a1aa54dd91f25586fd69199a7328fc7617,"plant was said, planet is correct; Jupiter",what_is_the_largest_plant_in_the_solar_system_fill_31.wav,att_check_err,NA,NA,NA,Jupiter (planet),,,,,,,
29,8d5e89fc843857b426e42d0813d198a1aa54dd91f25586fd69199a7328fc7617,I’m good — skip to the next question,what_is_the_largest_plant_in_the_solar_system_fill_31.wav,att_check_err,NA,NA,NA,Jupiter (planet),s,secsame,,,,,JB_1204
29,8d5e89fc843857b426e42d0813d198a1aa54dd91f25586fd69199a7328fc7617,NA,what_is_the_largest_plant_in_the_solar_system_fill_31.wav,att_check_err,NA,NA,NA,Jupiter (planet),,,,,,,
29,8d5e89fc843857b426e42d0813d198a1aa54dd91f25586fd69199a7328fc7617,"The question needs to be CORRECTED (Select this if you spot an error, even if you don’t know the answer).",how_many_embers_were_in_the_beatles_the_british_rock_band_fill_32.wav,att_check_err,NA,NA,NA,four (members),y,first,acheckf,,,,JB_1204
29,8d5e89fc843857b426e42d0813d198a1aa54dd91f25586fd69199a7328fc7617,beatles not brittles,how_many_embers_were_in_the_beatles_the_british_rock_band_fill_32.wav,att_check_err,NA,NA,NA,four (members),,,,,,,
29,8d5e89fc843857b426e42d0813d198a1aa54dd91f25586fd69199a7328fc7617,I’m good — skip to the next question,how_many_embers_were_in_the_beatles_the_british_rock_band_fill_32.wav,att_check_err,NA,NA,NA,four (members),s,secsame,,,,,JB_1204
29,8d5e89fc843857b426e42d0813d198a1aa54dd91f25586fd69199a7328fc7617,NA,how_many_embers_were_in_the_beatles_the_british_rock_band_fill_32.wav,att_check_err,NA,NA,NA,four (members),,,,,,,
29,8d5e89fc843857b426e42d0813d198a1aa54dd91f25586fd69199a7328fc7617,The question does NOT need any corrections.,what_insect_undergoes_a_process_of_change_to_turn_into_a_butterfy_fill_30.wav,att_check_err,NA,NA,NA,caterpillar (butterfly),nans,first,acheckf,,,,JB_1204
29,8d5e89fc843857b426e42d0813d198a1aa54dd91f25586fd69199a7328fc7617,Caterpillar,what_insect_undergoes_a_process_of_change_to_turn_into_a_butterfy_fill_30.wav,att_check_err,NA,NA,NA,caterpillar (butterfly),,,,,,,
29,8d5e89fc843857b426e42d0813d198a1aa54dd91f25586fd69199a7328fc7617,I’m good — skip to the next question,what_insect_undergoes_a_process_of_change_to_turn_into_a_butterfy_fill_30.wav,att_check_err,NA,NA,NA,caterpillar (butterfly),s,secsame,,,,,JB_1204
29,8d5e89fc843857b426e42d0813d198a1aa54dd91f25586fd69199a7328fc7617,NA,what_insect_undergoes_a_process_of_change_to_turn_into_a_butterfy_fill_30.wav,att_check_err,NA,NA,NA,caterpillar (butterfly),,,,,,,
29,8d5e89fc843857b426e42d0813d198a1aa54dd91f25586fd69199a7328fc7617,The question does NOT need any corrections.,how_many_legs_does_a_dog_normally_have_fill_25.wav,att_check_good,NA,NA,NA,four,nans,first,,w,,,JB_1204
29,8d5e89fc843857b426e42d0813d198a1aa54dd91f25586fd69199a7328fc7617,Legs,how_many_legs_does_a_dog_normally_have_fill_25.wav,att_check_good,NA,NA,NA,four,,,,,,,
29,8d5e89fc843857b426e42d0813d198a1aa54dd91f25586fd69199a7328fc7617,I’m good — skip to the next question,how_many_legs_does_a_dog_normally_have_fill_25.wav,att_check_good,NA,NA,NA,four,s,secsame,,,,,JB_1204
29,8d5e89fc843857b426e42d0813d198a1aa54dd91f25586fd69199a7328fc7617,NA,how_many_legs_does_a_dog_normally_have_fill_25.wav,att_check_good,NA,NA,NA,four,,,,,,,
29,8d5e89fc843857b426e42d0813d198a1aa54dd91f25586fd69199a7328fc7617,"The question needs to be CORRECTED (Select this if you spot an error, even if you don’t know the answer).",in_the_cycle_of_seasons_what_season_comes_after_dinter_fill_29.wav,att_check_err,NA,NA,NA,"Spring (Winter, sound sub that's not related)",y,first,acheckp,,,,JB_1204
29,8d5e89fc843857b426e42d0813d198a1aa54dd91f25586fd69199a7328fc7617,Winter is said inaccurately. ; Fall,in_the_cycle_of_seasons_what_season_comes_after_dinter_fill_29.wav,att_check_err,NA,NA,NA,"Spring (Winter, sound sub that's not related)",,,,,,,
29,8d5e89fc843857b426e42d0813d198a1aa54dd91f25586fd69199a7328fc7617,I’m good — skip to the next question,in_the_cycle_of_seasons_what_season_comes_after_dinter_fill_29.wav,att_check_err,NA,NA,NA,"Spring (Winter, sound sub that's not related)",s,secsame,,,,,JB_1204
29,8d5e89fc843857b426e42d0813d198a1aa54dd91f25586fd69199a7328fc7617,NA,in_the_cycle_of_seasons_what_season_comes_after_dinter_fill_29.wav,att_check_err,NA,NA,NA,"Spring (Winter, sound sub that's not related)",,,,,,,
29,8d5e89fc843857b426e42d0813d198a1aa54dd91f25586fd69199a7328fc7617,The question does NOT need any corrections.,what_day_of_the_week_comes_after_monday_fill_27.wav,att_check_good,NA,NA,NA,Tuesday,nans,first,,a,,,JB_1204
29,8d5e89fc843857b426e42d0813d198a1aa54dd91f25586fd69199a7328fc7617,Tuesday,what_day_of_the_week_comes_after_monday_fill_27.wav,att_check_good,NA,NA,NA,Tuesday,,,,,,,
29,8d5e89fc843857b426e42d0813d198a1aa54dd91f25586fd69199a7328fc7617,I’m good — skip to the next question,what_day_of_the_week_comes_after_monday_fill_27.wav,att_check_good,NA,NA,NA,Tuesday,s,secsame,,,,,JB_1204
29,8d5e89fc843857b426e42d0813d198a1aa54dd91f25586fd69199a7328fc7617,NA,what_day_of_the_week_comes_after_monday_fill_27.wav,att_check_good,NA,NA,NA,Tuesday,,,,,,,
29,8d5e89fc843857b426e42d0813d198a1aa54dd91f25586fd69199a7328fc7617,The question does NOT need any corrections.,what_mythical_creatures_have_been_said_to_drink_blood_turn_into_bats_and_hate_onions_fill_14.wav,filler_other,NA,NA,NA,vampires,nans,first,,,,,
29,8d5e89fc843857b426e42d0813d198a1aa54dd91f25586fd69199a7328fc7617,vampire,what_mythical_creatures_have_been_said_to_drink_blood_turn_into_bats_and_hate_onions_fill_14.wav,filler_other,NA,NA,NA,vampires,,,,,,,
29,8d5e89fc843857b426e42d0813d198a1aa54dd91f25586fd69199a7328fc7617,I’m good — skip to the next question,what_mythical_creatures_have_been_said_to_drink_blood_turn_into_bats_and_hate_onions_fill_14.wav,filler_other,NA,NA,NA,vampires,s,second,,,,,
29,8d5e89fc843857b426e42d0813d198a1aa54dd91f25586fd69199a7328fc7617,NA,what_mythical_creatures_have_been_said_to_drink_blood_turn_into_bats_and_hate_onions_fill_14.wav,filler_other,NA,NA,NA,vampires,,,,,,,
29,8d5e89fc843857b426e42d0813d198a1aa54dd91f25586fd69199a7328fc7617,"The question needs to be CORRECTED (Select this if you spot an error, even if you don’t know the answer).",what_is_the_name_of_the_video_game_character_who_is_a_traveling_italian_plumber_fill_08.wav,filler_other,NA,NA,NA,Mario,y,first,,,,,
29,8d5e89fc843857b426e42d0813d198a1aa54dd91f25586fd69199a7328fc7617,Character sounded off,what_is_the_name_of_the_video_game_character_who_is_a_traveling_italian_plumber_fill_08.wav,filler_other,NA,NA,NA,Mario,,,,,,,
29,8d5e89fc843857b426e42d0813d198a1aa54dd91f25586fd69199a7328fc7617,I’m good — skip to the next question,what_is_the_name_of_the_video_game_character_who_is_a_traveling_italian_plumber_fill_08.wav,filler_other,NA,NA,NA,Mario,s,second,,,,,
29,8d5e89fc843857b426e42d0813d198a1aa54dd91f25586fd69199a7328fc7617,NA,what_is_the_name_of_the_video_game_character_who_is_a_traveling_italian_plumber_fill_08.wav,filler_other,NA,NA,NA,Mario,,,,,,,
29,8d5e89fc843857b426e42d0813d198a1aa54dd91f25586fd69199a7328fc7617,"The question needs to be CORRECTED (Select this if you spot an error, even if you don’t know the answer).",which_cartoon_character_works_at_the_krusty_krab_and_is_best_friends_with_patrick_star_fill_04.wav,filler_other,NA,NA,NA,Spongebob,y,first,,,,,
29,8d5e89fc843857b426e42d0813d198a1aa54dd91f25586fd69199a7328fc7617,carton was said; cartoon is the correct word; answer is spongebob,which_cartoon_character_works_at_the_krusty_krab_and_is_best_friends_with_patrick_star_fill_04.wav,filler_other,NA,NA,NA,Spongebob,,,,,,,
29,8d5e89fc843857b426e42d0813d198a1aa54dd91f25586fd69199a7328fc7617,I’m good — skip to the next question,which_cartoon_character_works_at_the_krusty_krab_and_is_best_friends_with_patrick_star_fill_04.wav,filler_other,NA,NA,NA,Spongebob,s,second,,,,,
29,8d5e89fc843857b426e42d0813d198a1aa54dd91f25586fd69199a7328fc7617,NA,which_cartoon_character_works_at_the_krusty_krab_and_is_best_friends_with_patrick_star_fill_04.wav,filler_other,NA,NA,NA,Spongebob,,,,,,,
29,8d5e89fc843857b426e42d0813d198a1aa54dd91f25586fd69199a7328fc7617,The question does NOT need any corrections.,which_tropical_fruit_that_grows_on_palm_trees_is_used_for_oils_and_milks_fill_18.wav,filler_other,NA,NA,NA,coconuts,nans,first,,,,,
29,8d5e89fc843857b426e42d0813d198a1aa54dd91f25586fd69199a7328fc7617,Coconut,which_tropical_fruit_that_grows_on_palm_trees_is_used_for_oils_and_milks_fill_18.wav,filler_other,NA,NA,NA,coconuts,,,,,,,
29,8d5e89fc843857b426e42d0813d198a1aa54dd91f25586fd69199a7328fc7617,I’m good — skip to the next question,which_tropical_fruit_that_grows_on_palm_trees_is_used_for_oils_and_milks_fill_18.wav,filler_other,NA,NA,NA,coconuts,s,second,,,,,
29,8d5e89fc843857b426e42d0813d198a1aa54dd91f25586fd69199a7328fc7617,NA,which_tropical_fruit_that_grows_on_palm_trees_is_used_for_oils_and_milks_fill_18.wav,filler_other,NA,NA,NA,coconuts,,,,,,,
29,8d5e89fc843857b426e42d0813d198a1aa54dd91f25586fd69199a7328fc7617,The question does NOT need any corrections.,which_fast_food_chain_offers_foot-long_sandwiches_and_has_the_slogan_eat_fresh_fill_11.wav,filler_other,NA,NA,NA,Subway,nans,first,,,,,
29,8d5e89fc843857b426e42d0813d198a1aa54dd91f25586fd69199a7328fc7617,subway,which_fast_food_chain_offers_foot-long_sandwiches_and_has_the_slogan_eat_fresh_fill_11.wav,filler_other,NA,NA,NA,Subway,,,,,,,
29,8d5e89fc843857b426e42d0813d198a1aa54dd91f25586fd69199a7328fc7617,I’m good — skip to the next question,which_fast_food_chain_offers_foot-long_sandwiches_and_has_the_slogan_eat_fresh_fill_11.wav,filler_other,NA,NA,NA,Subway,s,second,,,,,
29,8d5e89fc843857b426e42d0813d198a1aa54dd91f25586fd69199a7328fc7617,NA,which_fast_food_chain_offers_foot-long_sandwiches_and_has_the_slogan_eat_fresh_fill_11.wav,filler_other,NA,NA,NA,Subway,,,,,,,
29,8d5e89fc843857b426e42d0813d198a1aa54dd91f25586fd69199a7328fc7617,"The question does NOT need any corrections, but I don't know the answer/ I don't understand what the question is asking.",what_kind_of_animal_is_mickey_mouse’s_girlfriend_minnie_who_wears_a_bow_fill_09.wav,filler_other,NA,NA,NA,mouse,nun,first,,,,,
29,8d5e89fc843857b426e42d0813d198a1aa54dd91f25586fd69199a7328fc7617,NA,what_kind_of_animal_is_mickey_mouse’s_girlfriend_minnie_who_wears_a_bow_fill_09.wav,filler_other,NA,NA,NA,mouse,,,,,,,
29,8d5e89fc843857b426e42d0813d198a1aa54dd91f25586fd69199a7328fc7617,I’m good — skip to the next question,what_kind_of_animal_is_mickey_mouse’s_girlfriend_minnie_who_wears_a_bow_fill_09.wav,filler_other,NA,NA,NA,mouse,s,second,,,,,
29,8d5e89fc843857b426e42d0813d198a1aa54dd91f25586fd69199a7328fc7617,NA,what_kind_of_animal_is_mickey_mouse’s_girlfriend_minnie_who_wears_a_bow_fill_09.wav,filler_other,NA,NA,NA,mouse,,,,,,,
29,8d5e89fc843857b426e42d0813d198a1aa54dd91f25586fd69199a7328fc7617,The question does NOT need any corrections.,what_organ_is_often_associated_with_being_eaten_by_rotting_flesh_monsters_also_known_as_zombies_fill_02.wav,filler_other,NA,NA,NA,the brain,nans,first,,,,,
29,8d5e89fc843857b426e42d0813d198a1aa54dd91f25586fd69199a7328fc7617,brain,what_organ_is_often_associated_with_being_eaten_by_rotting_flesh_monsters_also_known_as_zombies_fill_02.wav,filler_other,NA,NA,NA,the brain,,,,,,,
29,8d5e89fc843857b426e42d0813d198a1aa54dd91f25586fd69199a7328fc7617,I’m good — skip to the next question,what_organ_is_often_associated_with_being_eaten_by_rotting_flesh_monsters_also_known_as_zombies_fill_02.wav,filler_other,NA,NA,NA,the brain,s,second,,,,,
29,8d5e89fc843857b426e42d0813d198a1aa54dd91f25586fd69199a7328fc7617,NA,what_organ_is_often_associated_with_being_eaten_by_rotting_flesh_monsters_also_known_as_zombies_fill_02.wav,filler_other,NA,NA,NA,the brain,,,,,,,
29,8d5e89fc843857b426e42d0813d198a1aa54dd91f25586fd69199a7328fc7617,"The question needs to be CORRECTED (Select this if you spot an error, even if you don’t know the answer).",which_cartoon_dog_solves_mysteries_with_the_group_fred_daphne_velma_and_shaggy_fill_10.wav,filler_other,NA,NA,NA,Scooby-Doo,y,first,,,,,
29,8d5e89fc843857b426e42d0813d198a1aa54dd91f25586fd69199a7328fc7617,Velma not Belma; scooby doo,which_cartoon_dog_solves_mysteries_with_the_group_fred_daphne_velma_and_shaggy_fill_10.wav,filler_other,NA,NA,NA,Scooby-Doo,,,,,,,
29,8d5e89fc843857b426e42d0813d198a1aa54dd91f25586fd69199a7328fc7617,I’m good — skip to the next question,which_cartoon_dog_solves_mysteries_with_the_group_fred_daphne_velma_and_shaggy_fill_10.wav,filler_other,NA,NA,NA,Scooby-Doo,s,second,,,,,
29,8d5e89fc843857b426e42d0813d198a1aa54dd91f25586fd69199a7328fc7617,NA,which_cartoon_dog_solves_mysteries_with_the_group_fred_daphne_velma_and_shaggy_fill_10.wav,filler_other,NA,NA,NA,Scooby-Doo,,,,,,,
29,8d5e89fc843857b426e42d0813d198a1aa54dd91f25586fd69199a7328fc7617,The question does NOT need any corrections.,what_holiday_occurs_at_the_end_of_october_and_features_trick-or-treating_pumpkins_and_haunted_houses_fill_07.wav,filler_other,NA,NA,NA,Halloween,nans,first,,,,,
29,8d5e89fc843857b426e42d0813d198a1aa54dd91f25586fd69199a7328fc7617,Halloween,what_holiday_occurs_at_the_end_of_october_and_features_trick-or-treating_pumpkins_and_haunted_houses_fill_07.wav,filler_other,NA,NA,NA,Halloween,,,,,,,
29,8d5e89fc843857b426e42d0813d198a1aa54dd91f25586fd69199a7328fc7617,I’m good — skip to the next question,what_holiday_occurs_at_the_end_of_october_and_features_trick-or-treating_pumpkins_and_haunted_houses_fill_07.wav,filler_other,NA,NA,NA,Halloween,s,second,,,,,
29,8d5e89fc843857b426e42d0813d198a1aa54dd91f25586fd69199a7328fc7617,NA,what_holiday_occurs_at_the_end_of_october_and_features_trick-or-treating_pumpkins_and_haunted_houses_fill_07.wav,filler_other,NA,NA,NA,Halloween,,,,,,,
29,8d5e89fc843857b426e42d0813d198a1aa54dd91f25586fd69199a7328fc7617,The question does NOT need any corrections.,when_you_are_hot_what_device_measures_body_temperature_in_both_celsius_and_fahrenheit_targ_18_A.wav,target,correct,have vs. be,/θ/ --> /t/; both/boat,thermometer,nans,first,,,,,
29,8d5e89fc843857b426e42d0813d198a1aa54dd91f25586fd69199a7328fc7617,Thermostat,when_you_are_hot_what_device_measures_body_temperature_in_both_celsius_and_fahrenheit_targ_18_A.wav,target,correct,have vs. be,/θ/ --> /t/; both/boat,thermometer,,,,,,,
29,8d5e89fc843857b426e42d0813d198a1aa54dd91f25586fd69199a7328fc7617,The question does NOT need any corrections.,when_you_are_hot_what_device_measures_body_temperature_in_both_celsius_and_fahrenheit_targ_18_A.wav,target,correct,have vs. be,/θ/ --> /t/; both/boat,thermometer,nans,second,,,,,
29,8d5e89fc843857b426e42d0813d198a1aa54dd91f25586fd69199a7328fc7617,Thermometer,when_you_are_hot_what_device_measures_body_temperature_in_both_celsius_and_fahrenheit_targ_18_A.wav,target,correct,have vs. be,/θ/ --> /t/; both/boat,thermometer,,,,,,,
29,8d5e89fc843857b426e42d0813d198a1aa54dd91f25586fd69199a7328fc7617,The question does NOT need any corrections.,if_a_hardworking_janitor_cleaned_a_vent_in_five_minutes_how_many_seconds_is_that_targ_22_A.wav,target,correct,adj/noun order,/v/ --> /b/; vent/bent,eight,nans,first,,,,,
29,8d5e89fc843857b426e42d0813d198a1aa54dd91f25586fd69199a7328fc7617,300,if_a_hardworking_janitor_cleaned_a_vent_in_five_minutes_how_many_seconds_is_that_targ_22_A.wav,target,correct,adj/noun order,/v/ --> /b/; vent/bent,eight,,,,,,,
29,8d5e89fc843857b426e42d0813d198a1aa54dd91f25586fd69199a7328fc7617,I’m good — skip to the next question,if_a_hardworking_janitor_cleaned_a_vent_in_five_minutes_how_many_seconds_is_that_targ_22_A.wav,target,correct,adj/noun order,/v/ --> /b/; vent/bent,eight,s,second,,,,,
29,8d5e89fc843857b426e42d0813d198a1aa54dd91f25586fd69199a7328fc7617,NA,if_a_hardworking_janitor_cleaned_a_vent_in_five_minutes_how_many_seconds_is_that_targ_22_A.wav,target,correct,adj/noun order,/v/ --> /b/; vent/bent,eight,,,,,,,
29,8d5e89fc843857b426e42d0813d198a1aa54dd91f25586fd69199a7328fc7617,The question does NOT need any corrections.,if_youre_on_a_path_from_california_to_hawaii_which_ocean_you_go_through_targ_12_C.wav,target,non_phon_err,no aux verbs in questions (lack of do support),/θ/ --> /t/; path/pat,Pacific Ocean,nans,first,,,,,
29,8d5e89fc843857b426e42d0813d198a1aa54dd91f25586fd69199a7328fc7617,Pacific,if_youre_on_a_path_from_california_to_hawaii_which_ocean_you_go_through_targ_12_C.wav,target,non_phon_err,no aux verbs in questions (lack of do support),/θ/ --> /t/; path/pat,Pacific Ocean,,,,,,,
29,8d5e89fc843857b426e42d0813d198a1aa54dd91f25586fd69199a7328fc7617,I’m good — skip to the next question,if_youre_on_a_path_from_california_to_hawaii_which_ocean_you_go_through_targ_12_C.wav,target,non_phon_err,no aux verbs in questions (lack of do support),/θ/ --> /t/; path/pat,Pacific Ocean,s,second,,,,,
29,8d5e89fc843857b426e42d0813d198a1aa54dd91f25586fd69199a7328fc7617,NA,if_youre_on_a_path_from_california_to_hawaii_which_ocean_you_go_through_targ_12_C.wav,target,non_phon_err,no aux verbs in questions (lack of do support),/θ/ --> /t/; path/pat,Pacific Ocean,,,,,,,
29,8d5e89fc843857b426e42d0813d198a1aa54dd91f25586fd69199a7328fc7617,"The question does NOT need any corrections, but I don't know the answer/ I don't understand what the question is asking.",in_the_famous_dr_seuss_book_what_orange_and_yellow_character_speaks_for_the_trees_fill_23.wav,filler_other,NA,NA,NA,the Lorax,nun,first,,,,,
29,8d5e89fc843857b426e42d0813d198a1aa54dd91f25586fd69199a7328fc7617,NA,in_the_famous_dr_seuss_book_what_orange_and_yellow_character_speaks_for_the_trees_fill_23.wav,filler_other,NA,NA,NA,the Lorax,,,,,,,
29,8d5e89fc843857b426e42d0813d198a1aa54dd91f25586fd69199a7328fc7617,I’m good — skip to the next question,in_the_famous_dr_seuss_book_what_orange_and_yellow_character_speaks_for_the_trees_fill_23.wav,filler_other,NA,NA,NA,the Lorax,s,second,,,,,
29,8d5e89fc843857b426e42d0813d198a1aa54dd91f25586fd69199a7328fc7617,NA,in_the_famous_dr_seuss_book_what_orange_and_yellow_character_speaks_for_the_trees_fill_23.wav,filler_other,NA,NA,NA,the Lorax,,,,,,,
29,8d5e89fc843857b426e42d0813d198a1aa54dd91f25586fd69199a7328fc7617,"The question needs to be CORRECTED (Select this if you spot an error, even if you don’t know the answer).",which_season_do_we_associate_with_thanksgiving_the_beginning_of_school_and_leaves_turning_brown_fill_19.wav,filler_other,NA,NA,NA,Fall,y,first,,,,,
29,8d5e89fc843857b426e42d0813d198a1aa54dd91f25586fd69199a7328fc7617,NA,which_season_do_we_associate_with_thanksgiving_the_beginning_of_school_and_leaves_turning_brown_fill_19.wav,filler_other,NA,NA,NA,Fall,,,,,,,
29,8d5e89fc843857b426e42d0813d198a1aa54dd91f25586fd69199a7328fc7617,"The question needs to be CORRECTED (Select this if you spot an error, even if you don’t know the answer).",which_season_do_we_associate_with_thanksgiving_the_beginning_of_school_and_leaves_turning_brown_fill_19.wav,filler_other,NA,NA,NA,Fall,y,second,,,,,
29,8d5e89fc843857b426e42d0813d198a1aa54dd91f25586fd69199a7328fc7617,I did not hear season properly the first time; Fall,which_season_do_we_associate_with_thanksgiving_the_beginning_of_school_and_leaves_turning_brown_fill_19.wav,filler_other,NA,NA,NA,Fall,,,,,,,
29,8d5e89fc843857b426e42d0813d198a1aa54dd91f25586fd69199a7328fc7617,"The question needs to be CORRECTED (Select this if you spot an error, even if you don’t know the answer).",what_musician_won_grammys_for_their_album_thriller_which_features_the_hit_song_beat_it_fill_20.wav,filler_other,NA,NA,NA,Michael Jackson,y,first,,,,,
29,8d5e89fc843857b426e42d0813d198a1aa54dd91f25586fd69199a7328fc7617,NA,what_musician_won_grammys_for_their_album_thriller_which_features_the_hit_song_beat_it_fill_20.wav,filler_other,NA,NA,NA,Michael Jackson,,,,,,,
29,8d5e89fc843857b426e42d0813d198a1aa54dd91f25586fd69199a7328fc7617,I’m good — skip to the next question,what_musician_won_grammys_for_their_album_thriller_which_features_the_hit_song_beat_it_fill_20.wav,filler_other,NA,NA,NA,Michael Jackson,s,second,,,,,
29,8d5e89fc843857b426e42d0813d198a1aa54dd91f25586fd69199a7328fc7617,NA,what_musician_won_grammys_for_their_album_thriller_which_features_the_hit_song_beat_it_fill_20.wav,filler_other,NA,NA,NA,Michael Jackson,,,,,,,
29,8d5e89fc843857b426e42d0813d198a1aa54dd91f25586fd69199a7328fc7617,The question does NOT need any corrections.,what_childrens_game_makes_people_seat_down_quickly_when_the_loud_music_stops_targ_07_B.wav,target,phon_err,adj/noun order,/ɪ/ --> /i/; sit/seat,musical chairs,nans,first,,,,,
29,8d5e89fc843857b426e42d0813d198a1aa54dd91f25586fd69199a7328fc7617,Musical Chairs,what_childrens_game_makes_people_seat_down_quickly_when_the_loud_music_stops_targ_07_B.wav,target,phon_err,adj/noun order,/ɪ/ --> /i/; sit/seat,musical chairs,,,,,,,
29,8d5e89fc843857b426e42d0813d198a1aa54dd91f25586fd69199a7328fc7617,I’m good — skip to the next question,what_childrens_game_makes_people_seat_down_quickly_when_the_loud_music_stops_targ_07_B.wav,target,phon_err,adj/noun order,/ɪ/ --> /i/; sit/seat,musical chairs,s,second,,,,,
29,8d5e89fc843857b426e42d0813d198a1aa54dd91f25586fd69199a7328fc7617,NA,what_childrens_game_makes_people_seat_down_quickly_when_the_loud_music_stops_targ_07_B.wav,target,phon_err,adj/noun order,/ɪ/ --> /i/; sit/seat,musical chairs,,,,,,,
29,8d5e89fc843857b426e42d0813d198a1aa54dd91f25586fd69199a7328fc7617,"The question needs to be CORRECTED (Select this if you spot an error, even if you don’t know the answer).",what_kind_of_weather_cooed_cooled_occur_when_is_raining_and_below_freezing_targ_05_D.wav,target,both_err,expletive 'it' dropping,/ʊ/ --> /u/; could/cooed,snow,y,first,,,,,
29,8d5e89fc843857b426e42d0813d198a1aa54dd91f25586fd69199a7328fc7617,I am not sure what is said in the middle,what_kind_of_weather_cooed_cooled_occur_when_is_raining_and_below_freezing_targ_05_D.wav,target,both_err,expletive 'it' dropping,/ʊ/ --> /u/; could/cooed,snow,,,,,,,
29,8d5e89fc843857b426e42d0813d198a1aa54dd91f25586fd69199a7328fc7617,I’m good — skip to the next question,what_kind_of_weather_cooed_cooled_occur_when_is_raining_and_below_freezing_targ_05_D.wav,target,both_err,expletive 'it' dropping,/ʊ/ --> /u/; could/cooed,snow,s,second,,,,,
29,8d5e89fc843857b426e42d0813d198a1aa54dd91f25586fd69199a7328fc7617,NA,what_kind_of_weather_cooed_cooled_occur_when_is_raining_and_below_freezing_targ_05_D.wav,target,both_err,expletive 'it' dropping,/ʊ/ --> /u/; could/cooed,snow,,,,,,,
29,8d5e89fc843857b426e42d0813d198a1aa54dd91f25586fd69199a7328fc7617,"The question needs to be CORRECTED (Select this if you spot an error, even if you don’t know the answer).",in_the_lion_king_who_nala_talk_to_and_is_laying_in_a_got_after_theyve_reunited_targ_21_D.wav,target,both_err,no aux verbs in questions (lack of do support),/k/ --> /g/; cot/got,Simba,y,first,,,,,
29,8d5e89fc843857b426e42d0813d198a1aa54dd91f25586fd69199a7328fc7617,NA,in_the_lion_king_who_nala_talk_to_and_is_laying_in_a_got_after_theyve_reunited_targ_21_D.wav,target,both_err,no aux verbs in questions (lack of do support),/k/ --> /g/; cot/got,Simba,,,,,,,
29,8d5e89fc843857b426e42d0813d198a1aa54dd91f25586fd69199a7328fc7617,I’m good — skip to the next question,in_the_lion_king_who_nala_talk_to_and_is_laying_in_a_got_after_theyve_reunited_targ_21_D.wav,target,both_err,no aux verbs in questions (lack of do support),/k/ --> /g/; cot/got,Simba,s,second,,,,,
29,8d5e89fc843857b426e42d0813d198a1aa54dd91f25586fd69199a7328fc7617,NA,in_the_lion_king_who_nala_talk_to_and_is_laying_in_a_got_after_theyve_reunited_targ_21_D.wav,target,both_err,no aux verbs in questions (lack of do support),/k/ --> /g/; cot/got,Simba,,,,,,,
29,8d5e89fc843857b426e42d0813d198a1aa54dd91f25586fd69199a7328fc7617,The question does NOT need any corrections.,how_many_legs_does_a_canadian_garden_spider_whose_silk_can_make_cloth_have_targ_06_A.wav,target,correct,adj/noun order,/θ/ --> /t/; cloth/clot,eight,nans,first,,,,,
29,8d5e89fc843857b426e42d0813d198a1aa54dd91f25586fd69199a7328fc7617,8,how_many_legs_does_a_canadian_garden_spider_whose_silk_can_make_cloth_have_targ_06_A.wav,target,correct,adj/noun order,/θ/ --> /t/; cloth/clot,eight,,,,,,,
29,8d5e89fc843857b426e42d0813d198a1aa54dd91f25586fd69199a7328fc7617,I’m good — skip to the next question,how_many_legs_does_a_canadian_garden_spider_whose_silk_can_make_cloth_have_targ_06_A.wav,target,correct,adj/noun order,/θ/ --> /t/; cloth/clot,eight,s,second,,,,,
29,8d5e89fc843857b426e42d0813d198a1aa54dd91f25586fd69199a7328fc7617,NA,how_many_legs_does_a_canadian_garden_spider_whose_silk_can_make_cloth_have_targ_06_A.wav,target,correct,adj/noun order,/θ/ --> /t/; cloth/clot,eight,,,,,,,
29,8d5e89fc843857b426e42d0813d198a1aa54dd91f25586fd69199a7328fc7617,"The question does NOT need any corrections, but I don't know the answer/ I don't understand what the question is asking.",which_scottish_actor_first_played_james_bond_wearing_guilts_to_red_carpets_when_he_was_32_years_old_targ_03_B.wav,target,phon_err,have vs. be,/k/ --> /g/; kilt/guilt,Sean Connery,nun,first,,,,,
29,8d5e89fc843857b426e42d0813d198a1aa54dd91f25586fd69199a7328fc7617,Na,which_scottish_actor_first_played_james_bond_wearing_guilts_to_red_carpets_when_he_was_32_years_old_targ_03_B.wav,target,phon_err,have vs. be,/k/ --> /g/; kilt/guilt,Sean Connery,,,,,,,
29,8d5e89fc843857b426e42d0813d198a1aa54dd91f25586fd69199a7328fc7617,I’m good — skip to the next question,which_scottish_actor_first_played_james_bond_wearing_guilts_to_red_carpets_when_he_was_32_years_old_targ_03_B.wav,target,phon_err,have vs. be,/k/ --> /g/; kilt/guilt,Sean Connery,s,second,,,,,
29,8d5e89fc843857b426e42d0813d198a1aa54dd91f25586fd69199a7328fc7617,NA,which_scottish_actor_first_played_james_bond_wearing_guilts_to_red_carpets_when_he_was_32_years_old_targ_03_B.wav,target,phon_err,have vs. be,/k/ --> /g/; kilt/guilt,Sean Connery,,,,,,,
29,8d5e89fc843857b426e42d0813d198a1aa54dd91f25586fd69199a7328fc7617,The question does NOT need any corrections.,what_animal_is_typically_white_with_black_spots_and_says_moo_fill_21.wav,filler_other,NA,NA,NA,a cow,nans,first,,,,,
29,8d5e89fc843857b426e42d0813d198a1aa54dd91f25586fd69199a7328fc7617,cow,what_animal_is_typically_white_with_black_spots_and_says_moo_fill_21.wav,filler_other,NA,NA,NA,a cow,,,,,,,
29,8d5e89fc843857b426e42d0813d198a1aa54dd91f25586fd69199a7328fc7617,I’m good — skip to the next question,what_animal_is_typically_white_with_black_spots_and_says_moo_fill_21.wav,filler_other,NA,NA,NA,a cow,s,second,,,,,
29,8d5e89fc843857b426e42d0813d198a1aa54dd91f25586fd69199a7328fc7617,NA,what_animal_is_typically_white_with_black_spots_and_says_moo_fill_21.wav,filler_other,NA,NA,NA,a cow,,,,,,,
29,8d5e89fc843857b426e42d0813d198a1aa54dd91f25586fd69199a7328fc7617,The question does NOT need any corrections.,in_what_country_would_you_find_landmarks_like_the_pyramids_of_giza_and_great_sphinx_fill_24.wav,filler_other,NA,NA,NA,Egypt,nans,first,,,,,
29,8d5e89fc843857b426e42d0813d198a1aa54dd91f25586fd69199a7328fc7617,Egypt,in_what_country_would_you_find_landmarks_like_the_pyramids_of_giza_and_great_sphinx_fill_24.wav,filler_other,NA,NA,NA,Egypt,,,,,,,
29,8d5e89fc843857b426e42d0813d198a1aa54dd91f25586fd69199a7328fc7617,I’m good — skip to the next question,in_what_country_would_you_find_landmarks_like_the_pyramids_of_giza_and_great_sphinx_fill_24.wav,filler_other,NA,NA,NA,Egypt,s,second,,,,,
29,8d5e89fc843857b426e42d0813d198a1aa54dd91f25586fd69199a7328fc7617,NA,in_what_country_would_you_find_landmarks_like_the_pyramids_of_giza_and_great_sphinx_fill_24.wav,filler_other,NA,NA,NA,Egypt,,,,,,,
29,8d5e89fc843857b426e42d0813d198a1aa54dd91f25586fd69199a7328fc7617,"The question needs to be CORRECTED (Select this if you spot an error, even if you don’t know the answer).",if_i_consider_to_leave_work_after_the_fourth_hour_how_many_minutes_would_that_be_targ_24_C.wav,target,non_phon_err,infinitive vs. participle,/θ/ --> /t/; fourth/fort,two hundred and forty,y,first,,,,,
29,8d5e89fc843857b426e42d0813d198a1aa54dd91f25586fd69199a7328fc7617,consider i think is supposed to be decided,if_i_consider_to_leave_work_after_the_fourth_hour_how_many_minutes_would_that_be_targ_24_C.wav,target,non_phon_err,infinitive vs. participle,/θ/ --> /t/; fourth/fort,two hundred and forty,,,,,,,
29,8d5e89fc843857b426e42d0813d198a1aa54dd91f25586fd69199a7328fc7617,I’m good — skip to the next question,if_i_consider_to_leave_work_after_the_fourth_hour_how_many_minutes_would_that_be_targ_24_C.wav,target,non_phon_err,infinitive vs. participle,/θ/ --> /t/; fourth/fort,two hundred and forty,s,second,,,,,
29,8d5e89fc843857b426e42d0813d198a1aa54dd91f25586fd69199a7328fc7617,NA,if_i_consider_to_leave_work_after_the_fourth_hour_how_many_minutes_would_that_be_targ_24_C.wav,target,non_phon_err,infinitive vs. participle,/θ/ --> /t/; fourth/fort,two hundred and forty,,,,,,,
29,8d5e89fc843857b426e42d0813d198a1aa54dd91f25586fd69199a7328fc7617,The question does NOT need any corrections.,what_us_holiday_is_often_celebrated_with_fireworks_and_hotdogs_to_honor_americas_freedom_fill_17.wav,filler_other,NA,NA,NA,Independence Day,nans,first,,,,,
29,8d5e89fc843857b426e42d0813d198a1aa54dd91f25586fd69199a7328fc7617,Independence day,what_us_holiday_is_often_celebrated_with_fireworks_and_hotdogs_to_honor_americas_freedom_fill_17.wav,filler_other,NA,NA,NA,Independence Day,,,,,,,
29,8d5e89fc843857b426e42d0813d198a1aa54dd91f25586fd69199a7328fc7617,I’m good — skip to the next question,what_us_holiday_is_often_celebrated_with_fireworks_and_hotdogs_to_honor_americas_freedom_fill_17.wav,filler_other,NA,NA,NA,Independence Day,s,second,,,,,
29,8d5e89fc843857b426e42d0813d198a1aa54dd91f25586fd69199a7328fc7617,NA,what_us_holiday_is_often_celebrated_with_fireworks_and_hotdogs_to_honor_americas_freedom_fill_17.wav,filler_other,NA,NA,NA,Independence Day,,,,,,,
29,8d5e89fc843857b426e42d0813d198a1aa54dd91f25586fd69199a7328fc7617,"The question needs to be CORRECTED (Select this if you spot an error, even if you don’t know the answer).",what_popular_us_chain_provides_a_happy_meal_toy_or_plush_when_kids_have_hungry_targ_20_C.wav,target,non_phon_err,have vs. be,/ʃ/ --> /s/; plush/plus,McDonald's,y,first,,,,,
29,8d5e89fc843857b426e42d0813d198a1aa54dd91f25586fd69199a7328fc7617,"When kids are hungry, not have hungry; Mcdonalds",what_popular_us_chain_provides_a_happy_meal_toy_or_plush_when_kids_have_hungry_targ_20_C.wav,target,non_phon_err,have vs. be,/ʃ/ --> /s/; plush/plus,McDonald's,,,,,,,
29,8d5e89fc843857b426e42d0813d198a1aa54dd91f25586fd69199a7328fc7617,I’m good — skip to the next question,what_popular_us_chain_provides_a_happy_meal_toy_or_plush_when_kids_have_hungry_targ_20_C.wav,target,non_phon_err,have vs. be,/ʃ/ --> /s/; plush/plus,McDonald's,s,second,,,,,
29,8d5e89fc843857b426e42d0813d198a1aa54dd91f25586fd69199a7328fc7617,NA,what_popular_us_chain_provides_a_happy_meal_toy_or_plush_when_kids_have_hungry_targ_20_C.wav,target,non_phon_err,have vs. be,/ʃ/ --> /s/; plush/plus,McDonald's,,,,,,,
29,8d5e89fc843857b426e42d0813d198a1aa54dd91f25586fd69199a7328fc7617,The question does NOT need any corrections.,what_colors_make_up_a_traditional_candy_gain_which_people_enjoy_eating_during_christmas_targ_15_B.wav,target,phon_err,infinitive vs. participle,/k/ --> /g/; cane/gain,red and white,nans,first,,,,,
29,8d5e89fc843857b426e42d0813d198a1aa54dd91f25586fd69199a7328fc7617,Red and white,what_colors_make_up_a_traditional_candy_gain_which_people_enjoy_eating_during_christmas_targ_15_B.wav,target,phon_err,infinitive vs. participle,/k/ --> /g/; cane/gain,red and white,,,,,,,
29,8d5e89fc843857b426e42d0813d198a1aa54dd91f25586fd69199a7328fc7617,I’m good — skip to the next question,what_colors_make_up_a_traditional_candy_gain_which_people_enjoy_eating_during_christmas_targ_15_B.wav,target,phon_err,infinitive vs. participle,/k/ --> /g/; cane/gain,red and white,s,second,,,,,
29,8d5e89fc843857b426e42d0813d198a1aa54dd91f25586fd69199a7328fc7617,NA,what_colors_make_up_a_traditional_candy_gain_which_people_enjoy_eating_during_christmas_targ_15_B.wav,target,phon_err,infinitive vs. participle,/k/ --> /g/; cane/gain,red and white,,,,,,,
29,8d5e89fc843857b426e42d0813d198a1aa54dd91f25586fd69199a7328fc7617,The question does NOT need any corrections.,what_neil_armstrong_say_during_his_very_first_steps_on_the_moon_targ_04_C.wav,target,non_phon_err,no aux verbs in questions (lack of do support),/v/ --> /b/; very/berry,"""That's one small step for man, one giant leap for mankind.""",nans,first,,,,,
29,8d5e89fc843857b426e42d0813d198a1aa54dd91f25586fd69199a7328fc7617,"One small step for man, one big step for mankind",what_neil_armstrong_say_during_his_very_first_steps_on_the_moon_targ_04_C.wav,target,non_phon_err,no aux verbs in questions (lack of do support),/v/ --> /b/; very/berry,"""That's one small step for man, one giant leap for mankind.""",,,,,,,
29,8d5e89fc843857b426e42d0813d198a1aa54dd91f25586fd69199a7328fc7617,I’m good — skip to the next question,what_neil_armstrong_say_during_his_very_first_steps_on_the_moon_targ_04_C.wav,target,non_phon_err,no aux verbs in questions (lack of do support),/v/ --> /b/; very/berry,"""That's one small step for man, one giant leap for mankind.""",s,second,,,,,
29,8d5e89fc843857b426e42d0813d198a1aa54dd91f25586fd69199a7328fc7617,NA,what_neil_armstrong_say_during_his_very_first_steps_on_the_moon_targ_04_C.wav,target,non_phon_err,no aux verbs in questions (lack of do support),/v/ --> /b/; very/berry,"""That's one small step for man, one giant leap for mankind.""",,,,,,,
29,8d5e89fc843857b426e42d0813d198a1aa54dd91f25586fd69199a7328fc7617,"The question does NOT need any corrections, but I don't know the answer/ I don't understand what the question is asking.",what_letter_in_the_latin_alphabet_corresponds_to_the_greek_letter_alpha_fill_01.wav,filler_other,NA,NA,NA,a,nun,first,,,,,
29,8d5e89fc843857b426e42d0813d198a1aa54dd91f25586fd69199a7328fc7617,NA,what_letter_in_the_latin_alphabet_corresponds_to_the_greek_letter_alpha_fill_01.wav,filler_other,NA,NA,NA,a,,,,,,,
29,8d5e89fc843857b426e42d0813d198a1aa54dd91f25586fd69199a7328fc7617,I’m good — skip to the next question,what_letter_in_the_latin_alphabet_corresponds_to_the_greek_letter_alpha_fill_01.wav,filler_other,NA,NA,NA,a,s,second,,,,,
29,8d5e89fc843857b426e42d0813d198a1aa54dd91f25586fd69199a7328fc7617,NA,what_letter_in_the_latin_alphabet_corresponds_to_the_greek_letter_alpha_fill_01.wav,filler_other,NA,NA,NA,a,,,,,,,
29,8d5e89fc843857b426e42d0813d198a1aa54dd91f25586fd69199a7328fc7617,The question does NOT need any corrections.,what_colors_can_be_on_a_traffic_light_which_often_senses_when_cars_pool_up_targ_11_B.wav,target,phon_err,have vs. be,/ʊ/ --> /u/; pulls/pools,green,nans,first,,,,,
29,8d5e89fc843857b426e42d0813d198a1aa54dd91f25586fd69199a7328fc7617,"Red, yellow, green",what_colors_can_be_on_a_traffic_light_which_often_senses_when_cars_pool_up_targ_11_B.wav,target,phon_err,have vs. be,/ʊ/ --> /u/; pulls/pools,green,,,,,,,
29,8d5e89fc843857b426e42d0813d198a1aa54dd91f25586fd69199a7328fc7617,I’m good — skip to the next question,what_colors_can_be_on_a_traffic_light_which_often_senses_when_cars_pool_up_targ_11_B.wav,target,phon_err,have vs. be,/ʊ/ --> /u/; pulls/pools,green,s,second,,,,,
29,8d5e89fc843857b426e42d0813d198a1aa54dd91f25586fd69199a7328fc7617,NA,what_colors_can_be_on_a_traffic_light_which_often_senses_when_cars_pool_up_targ_11_B.wav,target,phon_err,have vs. be,/ʊ/ --> /u/; pulls/pools,green,,,,,,,
29,8d5e89fc843857b426e42d0813d198a1aa54dd91f25586fd69199a7328fc7617,The question does NOT need any corrections.,who_did_americans_vote_for_to_be_their_first_president_who_avoided_serving_three_terms_targ_10_A.wav,target,correct,infinitive vs. participle,/v/ --> /b/; vote/boat,George Washington,nans,first,,,,,
29,8d5e89fc843857b426e42d0813d198a1aa54dd91f25586fd69199a7328fc7617,George Washington,who_did_americans_vote_for_to_be_their_first_president_who_avoided_serving_three_terms_targ_10_A.wav,target,correct,infinitive vs. participle,/v/ --> /b/; vote/boat,George Washington,,,,,,,
29,8d5e89fc843857b426e42d0813d198a1aa54dd91f25586fd69199a7328fc7617,I’m good — skip to the next question,who_did_americans_vote_for_to_be_their_first_president_who_avoided_serving_three_terms_targ_10_A.wav,target,correct,infinitive vs. participle,/v/ --> /b/; vote/boat,George Washington,s,second,,,,,
29,8d5e89fc843857b426e42d0813d198a1aa54dd91f25586fd69199a7328fc7617,NA,who_did_americans_vote_for_to_be_their_first_president_who_avoided_serving_three_terms_targ_10_A.wav,target,correct,infinitive vs. participle,/v/ --> /b/; vote/boat,George Washington,,,,,,,
29,8d5e89fc843857b426e42d0813d198a1aa54dd91f25586fd69199a7328fc7617,"The question does NOT need any corrections, but I don't know the answer/ I don't understand what the question is asking.",what_novel_has_the_quote_i’m_late_i’m_late_for_a_very_important_date_fill_13.wav,filler_other,NA,NA,NA,Alice in Wonderland,nun,first,,,,,
29,8d5e89fc843857b426e42d0813d198a1aa54dd91f25586fd69199a7328fc7617,NA,what_novel_has_the_quote_i’m_late_i’m_late_for_a_very_important_date_fill_13.wav,filler_other,NA,NA,NA,Alice in Wonderland,,,,,,,
29,8d5e89fc843857b426e42d0813d198a1aa54dd91f25586fd69199a7328fc7617,I’m good — skip to the next question,what_novel_has_the_quote_i’m_late_i’m_late_for_a_very_important_date_fill_13.wav,filler_other,NA,NA,NA,Alice in Wonderland,s,second,,,,,
29,8d5e89fc843857b426e42d0813d198a1aa54dd91f25586fd69199a7328fc7617,NA,what_novel_has_the_quote_i’m_late_i’m_late_for_a_very_important_date_fill_13.wav,filler_other,NA,NA,NA,Alice in Wonderland,,,,,,,
29,8d5e89fc843857b426e42d0813d198a1aa54dd91f25586fd69199a7328fc7617,"The question does NOT need any corrections, but I don't know the answer/ I don't understand what the question is asking.",what_term_refers_to_armored_men_who_enjoyed_carrying_medieval_swords_that_clash_in_combat_targ_02_A.wav,target,correct,infinitive vs. participle,/ʃ/ --> /s/; clash/class,knights,nun,first,,,,,
29,8d5e89fc843857b426e42d0813d198a1aa54dd91f25586fd69199a7328fc7617,NA,what_term_refers_to_armored_men_who_enjoyed_carrying_medieval_swords_that_clash_in_combat_targ_02_A.wav,target,correct,infinitive vs. participle,/ʃ/ --> /s/; clash/class,knights,,,,,,,
29,8d5e89fc843857b426e42d0813d198a1aa54dd91f25586fd69199a7328fc7617,The question does NOT need any corrections.,what_term_refers_to_armored_men_who_enjoyed_carrying_medieval_swords_that_clash_in_combat_targ_02_A.wav,target,correct,infinitive vs. participle,/ʃ/ --> /s/; clash/class,knights,nans,second,,,,,
29,8d5e89fc843857b426e42d0813d198a1aa54dd91f25586fd69199a7328fc7617,Knight,what_term_refers_to_armored_men_who_enjoyed_carrying_medieval_swords_that_clash_in_combat_targ_02_A.wav,target,correct,infinitive vs. participle,/ʃ/ --> /s/; clash/class,knights,,,,,,,
29,8d5e89fc843857b426e42d0813d198a1aa54dd91f25586fd69199a7328fc7617,"The question does NOT need any corrections, but I don't know the answer/ I don't understand what the question is asking.",what_is_the_name_of_the_comic_strip_featuring_charlie_brown_and_his_dog_snoopy_fill_06.wav,filler_other,NA,NA,NA,Peanuts,nun,first,,,,,
29,8d5e89fc843857b426e42d0813d198a1aa54dd91f25586fd69199a7328fc7617,NA,what_is_the_name_of_the_comic_strip_featuring_charlie_brown_and_his_dog_snoopy_fill_06.wav,filler_other,NA,NA,NA,Peanuts,,,,,,,
29,8d5e89fc843857b426e42d0813d198a1aa54dd91f25586fd69199a7328fc7617,I’m good — skip to the next question,what_is_the_name_of_the_comic_strip_featuring_charlie_brown_and_his_dog_snoopy_fill_06.wav,filler_other,NA,NA,NA,Peanuts,s,second,,,,,
29,8d5e89fc843857b426e42d0813d198a1aa54dd91f25586fd69199a7328fc7617,NA,what_is_the_name_of_the_comic_strip_featuring_charlie_brown_and_his_dog_snoopy_fill_06.wav,filler_other,NA,NA,NA,Peanuts,,,,,,,
29,8d5e89fc843857b426e42d0813d198a1aa54dd91f25586fd69199a7328fc7617,The question does NOT need any corrections.,which_british_celebrity_judge_often_harshly_critiqued_contestants_on_the_nationwide_singing_contest_american_idol_fill_03.wav,filler_other,NA,NA,NA,Simon Cowell,nans,first,,,,,
29,8d5e89fc843857b426e42d0813d198a1aa54dd91f25586fd69199a7328fc7617,Simon Cowell,which_british_celebrity_judge_often_harshly_critiqued_contestants_on_the_nationwide_singing_contest_american_idol_fill_03.wav,filler_other,NA,NA,NA,Simon Cowell,,,,,,,
29,8d5e89fc843857b426e42d0813d198a1aa54dd91f25586fd69199a7328fc7617,I’m good — skip to the next question,which_british_celebrity_judge_often_harshly_critiqued_contestants_on_the_nationwide_singing_contest_american_idol_fill_03.wav,filler_other,NA,NA,NA,Simon Cowell,s,second,,,,,
29,8d5e89fc843857b426e42d0813d198a1aa54dd91f25586fd69199a7328fc7617,NA,which_british_celebrity_judge_often_harshly_critiqued_contestants_on_the_nationwide_singing_contest_american_idol_fill_03.wav,filler_other,NA,NA,NA,Simon Cowell,,,,,,,
29,8d5e89fc843857b426e42d0813d198a1aa54dd91f25586fd69199a7328fc7617,"The question needs to be CORRECTED (Select this if you spot an error, even if you don’t know the answer).",if_laundry_service_will_gum_in_five_days_and_todays_thursday_when_are_they_making_laundry_next_targ_09_D.wav,target,both_err,make vs. other verb,/k/ --> /g/; come/gum,Tuesday,y,first,,,,,
29,8d5e89fc843857b426e42d0813d198a1aa54dd91f25586fd69199a7328fc7617,Doing laundry not making and Tuesday,if_laundry_service_will_gum_in_five_days_and_todays_thursday_when_are_they_making_laundry_next_targ_09_D.wav,target,both_err,make vs. other verb,/k/ --> /g/; come/gum,Tuesday,,,,,,,
29,8d5e89fc843857b426e42d0813d198a1aa54dd91f25586fd69199a7328fc7617,I’m good — skip to the next question,if_laundry_service_will_gum_in_five_days_and_todays_thursday_when_are_they_making_laundry_next_targ_09_D.wav,target,both_err,make vs. other verb,/k/ --> /g/; come/gum,Tuesday,s,second,,,,,
29,8d5e89fc843857b426e42d0813d198a1aa54dd91f25586fd69199a7328fc7617,NA,if_laundry_service_will_gum_in_five_days_and_todays_thursday_when_are_they_making_laundry_next_targ_09_D.wav,target,both_err,make vs. other verb,/k/ --> /g/; come/gum,Tuesday,,,,,,,
29,8d5e89fc843857b426e42d0813d198a1aa54dd91f25586fd69199a7328fc7617,The question does NOT need any corrections.,which_soft_pastry_made_with_a_certain_spice_is_often_spiral-shaped_and_topped_with_icing_fill_16.wav,filler_other,NA,NA,NA,cinnamon roll,nans,first,,,,,
29,8d5e89fc843857b426e42d0813d198a1aa54dd91f25586fd69199a7328fc7617,Ice cream,which_soft_pastry_made_with_a_certain_spice_is_often_spiral-shaped_and_topped_with_icing_fill_16.wav,filler_other,NA,NA,NA,cinnamon roll,,,,,,,
29,8d5e89fc843857b426e42d0813d198a1aa54dd91f25586fd69199a7328fc7617,I’m good — skip to the next question,which_soft_pastry_made_with_a_certain_spice_is_often_spiral-shaped_and_topped_with_icing_fill_16.wav,filler_other,NA,NA,NA,cinnamon roll,s,second,,,,,
29,8d5e89fc843857b426e42d0813d198a1aa54dd91f25586fd69199a7328fc7617,NA,which_soft_pastry_made_with_a_certain_spice_is_often_spiral-shaped_and_topped_with_icing_fill_16.wav,filler_other,NA,NA,NA,cinnamon roll,,,,,,,
29,8d5e89fc843857b426e42d0813d198a1aa54dd91f25586fd69199a7328fc7617,"The question needs to be CORRECTED (Select this if you spot an error, even if you don’t know the answer).",what_big_star_in_our_solar_system_can_steal_be_visible_when_it_is_cloudy_targ_19_B.wav,target,phon_err,expletive 'it' dropping,/ɪ/ --> /i/; still/steal,the Sun,y,first,,,,,
29,8d5e89fc843857b426e42d0813d198a1aa54dd91f25586fd69199a7328fc7617,last word is supposed to be cloudy and The North Star maybe,what_big_star_in_our_solar_system_can_steal_be_visible_when_it_is_cloudy_targ_19_B.wav,target,phon_err,expletive 'it' dropping,/ɪ/ --> /i/; still/steal,the Sun,,,,,,,
29,8d5e89fc843857b426e42d0813d198a1aa54dd91f25586fd69199a7328fc7617,I’m good — skip to the next question,what_big_star_in_our_solar_system_can_steal_be_visible_when_it_is_cloudy_targ_19_B.wav,target,phon_err,expletive 'it' dropping,/ɪ/ --> /i/; still/steal,the Sun,s,second,,,,,
29,8d5e89fc843857b426e42d0813d198a1aa54dd91f25586fd69199a7328fc7617,NA,what_big_star_in_our_solar_system_can_steal_be_visible_when_it_is_cloudy_targ_19_B.wav,target,phon_err,expletive 'it' dropping,/ɪ/ --> /i/; still/steal,the Sun,,,,,,,
29,8d5e89fc843857b426e42d0813d198a1aa54dd91f25586fd69199a7328fc7617,The question does NOT need any corrections.,because_is_important_to_honor_the_irish_saint_what_holiday_occurs_on_march_17th_targ_08_C.wav,target,non_phon_err,expletive 'it' dropping,/ʃ/ --> /s/; Irish/iris,St. Patrick's Day,nans,first,,,,,
29,8d5e89fc843857b426e42d0813d198a1aa54dd91f25586fd69199a7328fc7617,St. Patricks day,because_is_important_to_honor_the_irish_saint_what_holiday_occurs_on_march_17th_targ_08_C.wav,target,non_phon_err,expletive 'it' dropping,/ʃ/ --> /s/; Irish/iris,St. Patrick's Day,,,,,,,
29,8d5e89fc843857b426e42d0813d198a1aa54dd91f25586fd69199a7328fc7617,I’m good — skip to the next question,because_is_important_to_honor_the_irish_saint_what_holiday_occurs_on_march_17th_targ_08_C.wav,target,non_phon_err,expletive 'it' dropping,/ʃ/ --> /s/; Irish/iris,St. Patrick's Day,s,second,,,,,
29,8d5e89fc843857b426e42d0813d198a1aa54dd91f25586fd69199a7328fc7617,NA,because_is_important_to_honor_the_irish_saint_what_holiday_occurs_on_march_17th_targ_08_C.wav,target,non_phon_err,expletive 'it' dropping,/ʃ/ --> /s/; Irish/iris,St. Patrick's Day,,,,,,,
29,8d5e89fc843857b426e42d0813d198a1aa54dd91f25586fd69199a7328fc7617,"The question needs to be CORRECTED (Select this if you spot an error, even if you don’t know the answer).",how_many_days_wooed_wooled_my_bike_tandem_be_gone_if_someone_borrows_it_for_july_targ_17_D.wav,target,both_err,adj/noun order,/ʊ/ --> /u/; would/wooed,thirty-one days,y,first,,,,,
29,8d5e89fc843857b426e42d0813d198a1aa54dd91f25586fd69199a7328fc7617,Na,how_many_days_wooed_wooled_my_bike_tandem_be_gone_if_someone_borrows_it_for_july_targ_17_D.wav,target,both_err,adj/noun order,/ʊ/ --> /u/; would/wooed,thirty-one days,,,,,,,
29,8d5e89fc843857b426e42d0813d198a1aa54dd91f25586fd69199a7328fc7617,I’m good — skip to the next question,how_many_days_wooed_wooled_my_bike_tandem_be_gone_if_someone_borrows_it_for_july_targ_17_D.wav,target,both_err,adj/noun order,/ʊ/ --> /u/; would/wooed,thirty-one days,s,second,,,,,
29,8d5e89fc843857b426e42d0813d198a1aa54dd91f25586fd69199a7328fc7617,NA,how_many_days_wooed_wooled_my_bike_tandem_be_gone_if_someone_borrows_it_for_july_targ_17_D.wav,target,both_err,adj/noun order,/ʊ/ --> /u/; would/wooed,thirty-one days,,,,,,,
29,8d5e89fc843857b426e42d0813d198a1aa54dd91f25586fd69199a7328fc7617,The question does NOT need any corrections.,where_do_the_jolly_christmas_icons_santa_claus_and_his_wife_mrs._claus_live_fill_22.wav,filler_other,NA,NA,NA,the North Pole,nans,first,,,,,
29,8d5e89fc843857b426e42d0813d198a1aa54dd91f25586fd69199a7328fc7617,North Pole,where_do_the_jolly_christmas_icons_santa_claus_and_his_wife_mrs._claus_live_fill_22.wav,filler_other,NA,NA,NA,the North Pole,,,,,,,
29,8d5e89fc843857b426e42d0813d198a1aa54dd91f25586fd69199a7328fc7617,I’m good — skip to the next question,where_do_the_jolly_christmas_icons_santa_claus_and_his_wife_mrs._claus_live_fill_22.wav,filler_other,NA,NA,NA,the North Pole,s,second,,,,,
29,8d5e89fc843857b426e42d0813d198a1aa54dd91f25586fd69199a7328fc7617,NA,where_do_the_jolly_christmas_icons_santa_claus_and_his_wife_mrs._claus_live_fill_22.wav,filler_other,NA,NA,NA,the North Pole,,,,,,,
29,8d5e89fc843857b426e42d0813d198a1aa54dd91f25586fd69199a7328fc7617,The question does NOT need any corrections.,where_do_people_get_drivers_licenses_since_is_required_as_valid_id_to_drive_targ_16_C.wav,target,non_phon_err,expletive 'it' dropping,/v/ --> /b/; valid/ballad,DMV,nans,first,,,,,
29,8d5e89fc843857b426e42d0813d198a1aa54dd91f25586fd69199a7328fc7617,DMV,where_do_people_get_drivers_licenses_since_is_required_as_valid_id_to_drive_targ_16_C.wav,target,non_phon_err,expletive 'it' dropping,/v/ --> /b/; valid/ballad,DMV,,,,,,,
29,8d5e89fc843857b426e42d0813d198a1aa54dd91f25586fd69199a7328fc7617,I’m good — skip to the next question,where_do_people_get_drivers_licenses_since_is_required_as_valid_id_to_drive_targ_16_C.wav,target,non_phon_err,expletive 'it' dropping,/v/ --> /b/; valid/ballad,DMV,s,second,,,,,
29,8d5e89fc843857b426e42d0813d198a1aa54dd91f25586fd69199a7328fc7617,NA,where_do_people_get_drivers_licenses_since_is_required_as_valid_id_to_drive_targ_16_C.wav,target,non_phon_err,expletive 'it' dropping,/v/ --> /b/; valid/ballad,DMV,,,,,,,
29,8d5e89fc843857b426e42d0813d198a1aa54dd91f25586fd69199a7328fc7617,The question does NOT need any corrections.,what_company_created_the_macbook_a_device_fool_of_features_to_help_students_do_homework_targ_23_B.wav,target,phon_err,make vs. other verb,/ʊ/ --> /u/; full/fool,Apple,nans,first,,,,,
29,8d5e89fc843857b426e42d0813d198a1aa54dd91f25586fd69199a7328fc7617,apple,what_company_created_the_macbook_a_device_fool_of_features_to_help_students_do_homework_targ_23_B.wav,target,phon_err,make vs. other verb,/ʊ/ --> /u/; full/fool,Apple,,,,,,,
29,8d5e89fc843857b426e42d0813d198a1aa54dd91f25586fd69199a7328fc7617,I’m good — skip to the next question,what_company_created_the_macbook_a_device_fool_of_features_to_help_students_do_homework_targ_23_B.wav,target,phon_err,make vs. other verb,/ʊ/ --> /u/; full/fool,Apple,s,second,,,,,
29,8d5e89fc843857b426e42d0813d198a1aa54dd91f25586fd69199a7328fc7617,NA,what_company_created_the_macbook_a_device_fool_of_features_to_help_students_do_homework_targ_23_B.wav,target,phon_err,make vs. other verb,/ʊ/ --> /u/; full/fool,Apple,,,,,,,
29,8d5e89fc843857b426e42d0813d198a1aa54dd91f25586fd69199a7328fc7617,The question does NOT need any corrections.,which_oscar-winning_movie_features_tom_hanks_saying_life_is_like_a_box_of_chocolates_fill_12.wav,filler_other,NA,NA,NA,Forrest Gump,nans,first,,,,,
29,8d5e89fc843857b426e42d0813d198a1aa54dd91f25586fd69199a7328fc7617,Forrest Gump,which_oscar-winning_movie_features_tom_hanks_saying_life_is_like_a_box_of_chocolates_fill_12.wav,filler_other,NA,NA,NA,Forrest Gump,,,,,,,
29,8d5e89fc843857b426e42d0813d198a1aa54dd91f25586fd69199a7328fc7617,I’m good — skip to the next question,which_oscar-winning_movie_features_tom_hanks_saying_life_is_like_a_box_of_chocolates_fill_12.wav,filler_other,NA,NA,NA,Forrest Gump,s,second,,,,,
29,8d5e89fc843857b426e42d0813d198a1aa54dd91f25586fd69199a7328fc7617,NA,which_oscar-winning_movie_features_tom_hanks_saying_life_is_like_a_box_of_chocolates_fill_12.wav,filler_other,NA,NA,NA,Forrest Gump,,,,,,,
29,8d5e89fc843857b426e42d0813d198a1aa54dd91f25586fd69199a7328fc7617,"The question does NOT need any corrections, but I don't know the answer/ I don't understand what the question is asking.",who_discovered_the_law_of_universal_gravitation_which_accounts_for_why_objects_naturally_fall_downwards_fill_15.wav,filler_other,NA,NA,NA,Isaac Newton,nun,first,,,,,
29,8d5e89fc843857b426e42d0813d198a1aa54dd91f25586fd69199a7328fc7617,NA,who_discovered_the_law_of_universal_gravitation_which_accounts_for_why_objects_naturally_fall_downwards_fill_15.wav,filler_other,NA,NA,NA,Isaac Newton,,,,,,,
29,8d5e89fc843857b426e42d0813d198a1aa54dd91f25586fd69199a7328fc7617,I’m good — skip to the next question,who_discovered_the_law_of_universal_gravitation_which_accounts_for_why_objects_naturally_fall_downwards_fill_15.wav,filler_other,NA,NA,NA,Isaac Newton,s,second,,,,,
29,8d5e89fc843857b426e42d0813d198a1aa54dd91f25586fd69199a7328fc7617,NA,who_discovered_the_law_of_universal_gravitation_which_accounts_for_why_objects_naturally_fall_downwards_fill_15.wav,filler_other,NA,NA,NA,Isaac Newton,,,,,,,
29,8d5e89fc843857b426e42d0813d198a1aa54dd91f25586fd69199a7328fc7617,"The question needs to be CORRECTED (Select this if you spot an error, even if you don’t know the answer).",for_what_pink_ice_cream_flavor_wheel_companies_make_their_best_to_use_real_fruit_targ_01_D.wav,target,both_err,make vs. other verb,/ɪ/ --> /i/; will/wheel,strawberry,y,first,,,,,
29,8d5e89fc843857b426e42d0813d198a1aa54dd91f25586fd69199a7328fc7617,NA,for_what_pink_ice_cream_flavor_wheel_companies_make_their_best_to_use_real_fruit_targ_01_D.wav,target,both_err,make vs. other verb,/ɪ/ --> /i/; will/wheel,strawberry,,,,,,,
29,8d5e89fc843857b426e42d0813d198a1aa54dd91f25586fd69199a7328fc7617,I’m good — skip to the next question,for_what_pink_ice_cream_flavor_wheel_companies_make_their_best_to_use_real_fruit_targ_01_D.wav,target,both_err,make vs. other verb,/ɪ/ --> /i/; will/wheel,strawberry,s,second,,,,,
29,8d5e89fc843857b426e42d0813d198a1aa54dd91f25586fd69199a7328fc7617,NA,for_what_pink_ice_cream_flavor_wheel_companies_make_their_best_to_use_real_fruit_targ_01_D.wav,target,both_err,make vs. other verb,/ɪ/ --> /i/; will/wheel,strawberry,,,,,,,
29,8d5e89fc843857b426e42d0813d198a1aa54dd91f25586fd69199a7328fc7617,The question does NOT need any corrections.,what_supplies_you_need_to_neat_a_scarf_targ_13_D.wav,target,both_err,no aux verbs in questions (lack of do support),/ɪ/ --> /i/; knit/neat,needles and yarn,nans,first,,,,,
29,8d5e89fc843857b426e42d0813d198a1aa54dd91f25586fd69199a7328fc7617,Cotton,what_supplies_you_need_to_neat_a_scarf_targ_13_D.wav,target,both_err,no aux verbs in questions (lack of do support),/ɪ/ --> /i/; knit/neat,needles and yarn,,,,,,,
29,8d5e89fc843857b426e42d0813d198a1aa54dd91f25586fd69199a7328fc7617,I’m good — skip to the next question,what_supplies_you_need_to_neat_a_scarf_targ_13_D.wav,target,both_err,no aux verbs in questions (lack of do support),/ɪ/ --> /i/; knit/neat,needles and yarn,s,second,,,,,
29,8d5e89fc843857b426e42d0813d198a1aa54dd91f25586fd69199a7328fc7617,NA,what_supplies_you_need_to_neat_a_scarf_targ_13_D.wav,target,both_err,no aux verbs in questions (lack of do support),/ɪ/ --> /i/; knit/neat,needles and yarn,,,,,,,
29,8d5e89fc843857b426e42d0813d198a1aa54dd91f25586fd69199a7328fc7617,The question does NOT need any corrections.,what_city_have_people_rushed_to_tour_to_see_where_the_us_government_does_business_targ_14_A.wav,target,correct,make vs. other verb,/ʃ/ --> /s/; rushed/rust,Washington D.C.,nans,first,,,,,
29,8d5e89fc843857b426e42d0813d198a1aa54dd91f25586fd69199a7328fc7617,D.C,what_city_have_people_rushed_to_tour_to_see_where_the_us_government_does_business_targ_14_A.wav,target,correct,make vs. other verb,/ʃ/ --> /s/; rushed/rust,Washington D.C.,,,,,,,
29,8d5e89fc843857b426e42d0813d198a1aa54dd91f25586fd69199a7328fc7617,I’m good — skip to the next question,what_city_have_people_rushed_to_tour_to_see_where_the_us_government_does_business_targ_14_A.wav,target,correct,make vs. other verb,/ʃ/ --> /s/; rushed/rust,Washington D.C.,s,second,,,,,
29,8d5e89fc843857b426e42d0813d198a1aa54dd91f25586fd69199a7328fc7617,NA,what_city_have_people_rushed_to_tour_to_see_where_the_us_government_does_business_targ_14_A.wav,target,correct,make vs. other verb,/ʃ/ --> /s/; rushed/rust,Washington D.C.,,,,,,,
29,8d5e89fc843857b426e42d0813d198a1aa54dd91f25586fd69199a7328fc7617,"The question does NOT need any corrections, but I don't know the answer/ I don't understand what the question is asking.",which_body_part_did_van_gogh_allegedly_cut_off_after_an_argument_with_his_friend_fill_05.wav,filler_other,NA,NA,NA,ear,nun,first,,,,,
29,8d5e89fc843857b426e42d0813d198a1aa54dd91f25586fd69199a7328fc7617,NA,which_body_part_did_van_gogh_allegedly_cut_off_after_an_argument_with_his_friend_fill_05.wav,filler_other,NA,NA,NA,ear,,,,,,,
29,8d5e89fc843857b426e42d0813d198a1aa54dd91f25586fd69199a7328fc7617,I’m good — skip to the next question,which_body_part_did_van_gogh_allegedly_cut_off_after_an_argument_with_his_friend_fill_05.wav,filler_other,NA,NA,NA,ear,s,second,,,,,
29,8d5e89fc843857b426e42d0813d198a1aa54dd91f25586fd69199a7328fc7617,NA,which_body_part_did_van_gogh_allegedly_cut_off_after_an_argument_with_his_friend_fill_05.wav,filler_other,NA,NA,NA,ear,,,,,,,
30,98104a3a5afd49c5cde21ead8cc0d45c3b36a7a9eef2c4cbde9c3749f99a4ba4,"The question needs to be CORRECTED (Select this if you spot an error, even if you don’t know the answer).",how_many_embers_were_in_the_beatles_the_british_rock_band_fill_32.wav,att_check_err,NA,NA,NA,four (members),y,first,acheckp,,attention check passed (7/8 correct),,JB_1204
30,98104a3a5afd49c5cde21ead8cc0d45c3b36a7a9eef2c4cbde9c3749f99a4ba4,"Members is said incorrectly, I dont know the answer",how_many_embers_were_in_the_beatles_the_british_rock_band_fill_32.wav,att_check_err,NA,NA,NA,four (members),,,,,,,
30,98104a3a5afd49c5cde21ead8cc0d45c3b36a7a9eef2c4cbde9c3749f99a4ba4,I’m good — skip to the next question,how_many_embers_were_in_the_beatles_the_british_rock_band_fill_32.wav,att_check_err,NA,NA,NA,four (members),s,secsame,,,,,JB_1204
30,98104a3a5afd49c5cde21ead8cc0d45c3b36a7a9eef2c4cbde9c3749f99a4ba4,NA,how_many_embers_were_in_the_beatles_the_british_rock_band_fill_32.wav,att_check_err,NA,NA,NA,four (members),,,,,,,
30,98104a3a5afd49c5cde21ead8cc0d45c3b36a7a9eef2c4cbde9c3749f99a4ba4,"The question needs to be CORRECTED (Select this if you spot an error, even if you don’t know the answer).",in_the_cycle_of_seasons_what_season_comes_after_dinter_fill_29.wav,att_check_err,NA,NA,NA,"Spring (Winter, sound sub that's not related)",y,first,acheckp,,,,JB_1204
30,98104a3a5afd49c5cde21ead8cc0d45c3b36a7a9eef2c4cbde9c3749f99a4ba4,"It would be ""winter"" not dinter
 Spring",in_the_cycle_of_seasons_what_season_comes_after_dinter_fill_29.wav,att_check_err,NA,NA,NA,"Spring (Winter, sound sub that's not related)",,,,,,,
30,98104a3a5afd49c5cde21ead8cc0d45c3b36a7a9eef2c4cbde9c3749f99a4ba4,I’m good — skip to the next question,in_the_cycle_of_seasons_what_season_comes_after_dinter_fill_29.wav,att_check_err,NA,NA,NA,"Spring (Winter, sound sub that's not related)",s,secsame,,,,,JB_1204
30,98104a3a5afd49c5cde21ead8cc0d45c3b36a7a9eef2c4cbde9c3749f99a4ba4,NA,in_the_cycle_of_seasons_what_season_comes_after_dinter_fill_29.wav,att_check_err,NA,NA,NA,"Spring (Winter, sound sub that's not related)",,,,,,,
30,98104a3a5afd49c5cde21ead8cc0d45c3b36a7a9eef2c4cbde9c3749f99a4ba4,The question does NOT need any corrections.,what_state_is_los_angeles_located_in_fill_26.wav,att_check_good,NA,NA,NA,California,nans,first,,a,,,JB_1204
30,98104a3a5afd49c5cde21ead8cc0d45c3b36a7a9eef2c4cbde9c3749f99a4ba4,California,what_state_is_los_angeles_located_in_fill_26.wav,att_check_good,NA,NA,NA,California,,,,,,,
30,98104a3a5afd49c5cde21ead8cc0d45c3b36a7a9eef2c4cbde9c3749f99a4ba4,I’m good — skip to the next question,what_state_is_los_angeles_located_in_fill_26.wav,att_check_good,NA,NA,NA,California,s,secsame,,,,,JB_1204
30,98104a3a5afd49c5cde21ead8cc0d45c3b36a7a9eef2c4cbde9c3749f99a4ba4,NA,what_state_is_los_angeles_located_in_fill_26.wav,att_check_good,NA,NA,NA,California,,,,,,,
30,98104a3a5afd49c5cde21ead8cc0d45c3b36a7a9eef2c4cbde9c3749f99a4ba4,"The question needs to be CORRECTED (Select this if you spot an error, even if you don’t know the answer).",what_is_the_largest_plant_in_the_solar_system_fill_31.wav,att_check_err,NA,NA,NA,Jupiter (planet),y,first,acheckp,,,,JB_1204
30,98104a3a5afd49c5cde21ead8cc0d45c3b36a7a9eef2c4cbde9c3749f99a4ba4,"planet sounds like plant
 I dont know",what_is_the_largest_plant_in_the_solar_system_fill_31.wav,att_check_err,NA,NA,NA,Jupiter (planet),,,,,,,
30,98104a3a5afd49c5cde21ead8cc0d45c3b36a7a9eef2c4cbde9c3749f99a4ba4,I’m good — skip to the next question,what_is_the_largest_plant_in_the_solar_system_fill_31.wav,att_check_err,NA,NA,NA,Jupiter (planet),s,secsame,,,,,JB_1204
30,98104a3a5afd49c5cde21ead8cc0d45c3b36a7a9eef2c4cbde9c3749f99a4ba4,NA,what_is_the_largest_plant_in_the_solar_system_fill_31.wav,att_check_err,NA,NA,NA,Jupiter (planet),,,,,,,
30,98104a3a5afd49c5cde21ead8cc0d45c3b36a7a9eef2c4cbde9c3749f99a4ba4,The question does NOT need any corrections.,what_day_of_the_week_comes_after_monday_fill_27.wav,att_check_good,NA,NA,NA,Tuesday,nans,first,,a,,,JB_1204
30,98104a3a5afd49c5cde21ead8cc0d45c3b36a7a9eef2c4cbde9c3749f99a4ba4,tuesday,what_day_of_the_week_comes_after_monday_fill_27.wav,att_check_good,NA,NA,NA,Tuesday,,,,,,,
30,98104a3a5afd49c5cde21ead8cc0d45c3b36a7a9eef2c4cbde9c3749f99a4ba4,I’m good — skip to the next question,what_day_of_the_week_comes_after_monday_fill_27.wav,att_check_good,NA,NA,NA,Tuesday,s,secsame,,,,,JB_1204
30,98104a3a5afd49c5cde21ead8cc0d45c3b36a7a9eef2c4cbde9c3749f99a4ba4,NA,what_day_of_the_week_comes_after_monday_fill_27.wav,att_check_good,NA,NA,NA,Tuesday,,,,,,,
30,98104a3a5afd49c5cde21ead8cc0d45c3b36a7a9eef2c4cbde9c3749f99a4ba4,The question does NOT need any corrections.,what_color_is_a_typical_school_bus_fill_28.wav,att_check_good,NA,NA,NA,yellow,nans,first,,a,,,JB_1204
30,98104a3a5afd49c5cde21ead8cc0d45c3b36a7a9eef2c4cbde9c3749f99a4ba4,yellow,what_color_is_a_typical_school_bus_fill_28.wav,att_check_good,NA,NA,NA,yellow,,,,,,,
30,98104a3a5afd49c5cde21ead8cc0d45c3b36a7a9eef2c4cbde9c3749f99a4ba4,I’m good — skip to the next question,what_color_is_a_typical_school_bus_fill_28.wav,att_check_good,NA,NA,NA,yellow,s,secsame,,,,,JB_1204
30,98104a3a5afd49c5cde21ead8cc0d45c3b36a7a9eef2c4cbde9c3749f99a4ba4,NA,what_color_is_a_typical_school_bus_fill_28.wav,att_check_good,NA,NA,NA,yellow,,,,,,,
30,98104a3a5afd49c5cde21ead8cc0d45c3b36a7a9eef2c4cbde9c3749f99a4ba4,"The question does NOT need any corrections, but I don't know the answer/ I don't understand what the question is asking.",how_many_legs_does_a_dog_normally_have_fill_25.wav,att_check_good,NA,NA,NA,four,nun,first,,,,,JB_1204
30,98104a3a5afd49c5cde21ead8cc0d45c3b36a7a9eef2c4cbde9c3749f99a4ba4,NA,how_many_legs_does_a_dog_normally_have_fill_25.wav,att_check_good,NA,NA,NA,four,,,,,,,
30,98104a3a5afd49c5cde21ead8cc0d45c3b36a7a9eef2c4cbde9c3749f99a4ba4,The question does NOT need any corrections.,how_many_legs_does_a_dog_normally_have_fill_25.wav,att_check_good,NA,NA,NA,four,nans,secdiff,,a,,,JB_1204
30,98104a3a5afd49c5cde21ead8cc0d45c3b36a7a9eef2c4cbde9c3749f99a4ba4,4,how_many_legs_does_a_dog_normally_have_fill_25.wav,att_check_good,NA,NA,NA,four,,,,,,,
30,98104a3a5afd49c5cde21ead8cc0d45c3b36a7a9eef2c4cbde9c3749f99a4ba4,The question does NOT need any corrections.,what_insect_undergoes_a_process_of_change_to_turn_into_a_butterfy_fill_30.wav,att_check_err,NA,NA,NA,caterpillar (butterfly),nans,first,acheckf,,,,JB_1204
30,98104a3a5afd49c5cde21ead8cc0d45c3b36a7a9eef2c4cbde9c3749f99a4ba4,caterpillar,what_insect_undergoes_a_process_of_change_to_turn_into_a_butterfy_fill_30.wav,att_check_err,NA,NA,NA,caterpillar (butterfly),,,,,,,
30,98104a3a5afd49c5cde21ead8cc0d45c3b36a7a9eef2c4cbde9c3749f99a4ba4,I’m good — skip to the next question,what_insect_undergoes_a_process_of_change_to_turn_into_a_butterfy_fill_30.wav,att_check_err,NA,NA,NA,caterpillar (butterfly),s,secsame,,,,,JB_1204
30,98104a3a5afd49c5cde21ead8cc0d45c3b36a7a9eef2c4cbde9c3749f99a4ba4,NA,what_insect_undergoes_a_process_of_change_to_turn_into_a_butterfy_fill_30.wav,att_check_err,NA,NA,NA,caterpillar (butterfly),,,,,,,
30,98104a3a5afd49c5cde21ead8cc0d45c3b36a7a9eef2c4cbde9c3749f99a4ba4,The question does NOT need any corrections.,what_musician_won_grammys_for_their_album_thriller_which_features_the_hit_song_beat_it_fill_20.wav,filler_other,NA,NA,NA,Michael Jackson,nans,first,,a,,,FB_1206
30,98104a3a5afd49c5cde21ead8cc0d45c3b36a7a9eef2c4cbde9c3749f99a4ba4,Michael Jackson,what_musician_won_grammys_for_their_album_thriller_which_features_the_hit_song_beat_it_fill_20.wav,filler_other,NA,NA,NA,Michael Jackson,,,,,,,
30,98104a3a5afd49c5cde21ead8cc0d45c3b36a7a9eef2c4cbde9c3749f99a4ba4,I’m good — skip to the next question,what_musician_won_grammys_for_their_album_thriller_which_features_the_hit_song_beat_it_fill_20.wav,filler_other,NA,NA,NA,Michael Jackson,s,secsame,,,,,FB_1206
30,98104a3a5afd49c5cde21ead8cc0d45c3b36a7a9eef2c4cbde9c3749f99a4ba4,NA,what_musician_won_grammys_for_their_album_thriller_which_features_the_hit_song_beat_it_fill_20.wav,filler_other,NA,NA,NA,Michael Jackson,,,,,,,
30,98104a3a5afd49c5cde21ead8cc0d45c3b36a7a9eef2c4cbde9c3749f99a4ba4,The question does NOT need any corrections.,what_kind_of_animal_is_mickey_mouse’s_girlfriend_minnie_who_wears_a_bow_fill_09.wav,filler_other,NA,NA,NA,mouse,nans,first,,a,,,FB_1206
30,98104a3a5afd49c5cde21ead8cc0d45c3b36a7a9eef2c4cbde9c3749f99a4ba4,Mouse,what_kind_of_animal_is_mickey_mouse’s_girlfriend_minnie_who_wears_a_bow_fill_09.wav,filler_other,NA,NA,NA,mouse,,,,,,,
30,98104a3a5afd49c5cde21ead8cc0d45c3b36a7a9eef2c4cbde9c3749f99a4ba4,I’m good — skip to the next question,what_kind_of_animal_is_mickey_mouse’s_girlfriend_minnie_who_wears_a_bow_fill_09.wav,filler_other,NA,NA,NA,mouse,s,secsame,,,,,FB_1206
30,98104a3a5afd49c5cde21ead8cc0d45c3b36a7a9eef2c4cbde9c3749f99a4ba4,NA,what_kind_of_animal_is_mickey_mouse’s_girlfriend_minnie_who_wears_a_bow_fill_09.wav,filler_other,NA,NA,NA,mouse,,,,,,,
30,98104a3a5afd49c5cde21ead8cc0d45c3b36a7a9eef2c4cbde9c3749f99a4ba4,"The question does NOT need any corrections, but I don't know the answer/ I don't understand what the question is asking.",for_what_pink_ice_cream_flavor_wheel_companies_do_their_best_to_use_real_fruit_targ_01_B.wav,target,phon_err,make vs. other verb,/ɪ/ --> /i/; will/wheel,strawberry,nun,first,,,,,FB_1206
30,98104a3a5afd49c5cde21ead8cc0d45c3b36a7a9eef2c4cbde9c3749f99a4ba4,NA,for_what_pink_ice_cream_flavor_wheel_companies_do_their_best_to_use_real_fruit_targ_01_B.wav,target,phon_err,make vs. other verb,/ɪ/ --> /i/; will/wheel,strawberry,,,,,,,
30,98104a3a5afd49c5cde21ead8cc0d45c3b36a7a9eef2c4cbde9c3749f99a4ba4,"The question needs to be CORRECTED (Select this if you spot an error, even if you don’t know the answer).",for_what_pink_ice_cream_flavor_wheel_companies_do_their_best_to_use_real_fruit_targ_01_B.wav,target,phon_err,make vs. other verb,/ɪ/ --> /i/; will/wheel,strawberry,y,secdiff,othernp,,,,FB_1206
30,98104a3a5afd49c5cde21ead8cc0d45c3b36a7a9eef2c4cbde9c3749f99a4ba4,"It should start with ""which"" ; strawberry",for_what_pink_ice_cream_flavor_wheel_companies_do_their_best_to_use_real_fruit_targ_01_B.wav,target,phon_err,make vs. other verb,/ɪ/ --> /i/; will/wheel,strawberry,,,,,,,
30,98104a3a5afd49c5cde21ead8cc0d45c3b36a7a9eef2c4cbde9c3749f99a4ba4,The question does NOT need any corrections.,which_british_celebrity_judge_often_harshly_critiqued_contestants_on_the_nationwide_singing_contest_american_idol_fill_03.wav,filler_other,NA,NA,NA,Simon Cowell,nans,first,,a,,,FB_1206
30,98104a3a5afd49c5cde21ead8cc0d45c3b36a7a9eef2c4cbde9c3749f99a4ba4,Simon,which_british_celebrity_judge_often_harshly_critiqued_contestants_on_the_nationwide_singing_contest_american_idol_fill_03.wav,filler_other,NA,NA,NA,Simon Cowell,,,,,,,
30,98104a3a5afd49c5cde21ead8cc0d45c3b36a7a9eef2c4cbde9c3749f99a4ba4,I’m good — skip to the next question,which_british_celebrity_judge_often_harshly_critiqued_contestants_on_the_nationwide_singing_contest_american_idol_fill_03.wav,filler_other,NA,NA,NA,Simon Cowell,s,secsame,,,,,FB_1206
30,98104a3a5afd49c5cde21ead8cc0d45c3b36a7a9eef2c4cbde9c3749f99a4ba4,NA,which_british_celebrity_judge_often_harshly_critiqued_contestants_on_the_nationwide_singing_contest_american_idol_fill_03.wav,filler_other,NA,NA,NA,Simon Cowell,,,,,,,
30,98104a3a5afd49c5cde21ead8cc0d45c3b36a7a9eef2c4cbde9c3749f99a4ba4,The question does NOT need any corrections.,who_discovered_the_law_of_universal_gravitation_which_accounts_for_why_objects_naturally_fall_downwards_fill_15.wav,filler_other,NA,NA,NA,Isaac Newton,nans,first,,a,,,FB_1206
30,98104a3a5afd49c5cde21ead8cc0d45c3b36a7a9eef2c4cbde9c3749f99a4ba4,Newton,who_discovered_the_law_of_universal_gravitation_which_accounts_for_why_objects_naturally_fall_downwards_fill_15.wav,filler_other,NA,NA,NA,Isaac Newton,,,,,,,
30,98104a3a5afd49c5cde21ead8cc0d45c3b36a7a9eef2c4cbde9c3749f99a4ba4,I’m good — skip to the next question,who_discovered_the_law_of_universal_gravitation_which_accounts_for_why_objects_naturally_fall_downwards_fill_15.wav,filler_other,NA,NA,NA,Isaac Newton,s,secsame,,,,,FB_1206
30,98104a3a5afd49c5cde21ead8cc0d45c3b36a7a9eef2c4cbde9c3749f99a4ba4,NA,who_discovered_the_law_of_universal_gravitation_which_accounts_for_why_objects_naturally_fall_downwards_fill_15.wav,filler_other,NA,NA,NA,Isaac Newton,,,,,,,
30,98104a3a5afd49c5cde21ead8cc0d45c3b36a7a9eef2c4cbde9c3749f99a4ba4,"The question needs to be CORRECTED (Select this if you spot an error, even if you don’t know the answer).",what_colors_make_up_a_traditional_candy_gain_which_people_enjoy_to_eat_during_christmas_targ_15_D.wav,target,both_err,infinitive vs. participle,/k/ --> /g/; cane/gain,red and white,y,first,p,,,,FB_1206
30,98104a3a5afd49c5cde21ead8cc0d45c3b36a7a9eef2c4cbde9c3749f99a4ba4,"It should be, ""candy cane""
 Red and white",what_colors_make_up_a_traditional_candy_gain_which_people_enjoy_to_eat_during_christmas_targ_15_D.wav,target,both_err,infinitive vs. participle,/k/ --> /g/; cane/gain,red and white,,,,,,,
30,98104a3a5afd49c5cde21ead8cc0d45c3b36a7a9eef2c4cbde9c3749f99a4ba4,I’m good — skip to the next question,what_colors_make_up_a_traditional_candy_gain_which_people_enjoy_to_eat_during_christmas_targ_15_D.wav,target,both_err,infinitive vs. participle,/k/ --> /g/; cane/gain,red and white,s,secsame,,,,,FB_1206
30,98104a3a5afd49c5cde21ead8cc0d45c3b36a7a9eef2c4cbde9c3749f99a4ba4,NA,what_colors_make_up_a_traditional_candy_gain_which_people_enjoy_to_eat_during_christmas_targ_15_D.wav,target,both_err,infinitive vs. participle,/k/ --> /g/; cane/gain,red and white,,,,,,,
30,98104a3a5afd49c5cde21ead8cc0d45c3b36a7a9eef2c4cbde9c3749f99a4ba4,"The question needs to be CORRECTED (Select this if you spot an error, even if you don’t know the answer).",how_many_days_wooed_wooled_my_tandem_bike_be_gone_if_someone_borrows_it_for_july_targ_17_B.wav,target,phon_err,adj/noun order,/ʊ/ --> /u/; would/wooed,thirty-one days,y,first,p,,,,FB_1206
30,98104a3a5afd49c5cde21ead8cc0d45c3b36a7a9eef2c4cbde9c3749f99a4ba4,"it should like would is said wrong
 31 days",how_many_days_wooed_wooled_my_tandem_bike_be_gone_if_someone_borrows_it_for_july_targ_17_B.wav,target,phon_err,adj/noun order,/ʊ/ --> /u/; would/wooed,thirty-one days,,,,,,,
30,98104a3a5afd49c5cde21ead8cc0d45c3b36a7a9eef2c4cbde9c3749f99a4ba4,I’m good — skip to the next question,how_many_days_wooed_wooled_my_tandem_bike_be_gone_if_someone_borrows_it_for_july_targ_17_B.wav,target,phon_err,adj/noun order,/ʊ/ --> /u/; would/wooed,thirty-one days,s,secsame,,,,,FB_1206
30,98104a3a5afd49c5cde21ead8cc0d45c3b36a7a9eef2c4cbde9c3749f99a4ba4,NA,how_many_days_wooed_wooled_my_tandem_bike_be_gone_if_someone_borrows_it_for_july_targ_17_B.wav,target,phon_err,adj/noun order,/ʊ/ --> /u/; would/wooed,thirty-one days,,,,,,,
30,98104a3a5afd49c5cde21ead8cc0d45c3b36a7a9eef2c4cbde9c3749f99a4ba4,The question does NOT need any corrections.,what_city_have_people_rushed_to_tour_to_see_where_the_us_government_makes_business_targ_14_C.wav,target,non_phon_err,make vs. other verb,/ʃ/ --> /s/; rushed/rust,Washington D.C.,nans,first,,w,,,FB_1206
30,98104a3a5afd49c5cde21ead8cc0d45c3b36a7a9eef2c4cbde9c3749f99a4ba4,New york,what_city_have_people_rushed_to_tour_to_see_where_the_us_government_makes_business_targ_14_C.wav,target,non_phon_err,make vs. other verb,/ʃ/ --> /s/; rushed/rust,Washington D.C.,,,,,,,
30,98104a3a5afd49c5cde21ead8cc0d45c3b36a7a9eef2c4cbde9c3749f99a4ba4,I’m good — skip to the next question,what_city_have_people_rushed_to_tour_to_see_where_the_us_government_makes_business_targ_14_C.wav,target,non_phon_err,make vs. other verb,/ʃ/ --> /s/; rushed/rust,Washington D.C.,s,secsame,,,,,FB_1206
30,98104a3a5afd49c5cde21ead8cc0d45c3b36a7a9eef2c4cbde9c3749f99a4ba4,NA,what_city_have_people_rushed_to_tour_to_see_where_the_us_government_makes_business_targ_14_C.wav,target,non_phon_err,make vs. other verb,/ʃ/ --> /s/; rushed/rust,Washington D.C.,,,,,,,
30,98104a3a5afd49c5cde21ead8cc0d45c3b36a7a9eef2c4cbde9c3749f99a4ba4,"The question does NOT need any corrections, but I don't know the answer/ I don't understand what the question is asking.",which_scottish_actor_first_played_james_bond_wearing_guilts_to_red_carpets_when_he_had_32_years_old_targ_03_D.wav,target,both_err,have vs. be,/k/ --> /g/; kilt/guilt,Sean Connery,nun,first,,,,,FB_1206
30,98104a3a5afd49c5cde21ead8cc0d45c3b36a7a9eef2c4cbde9c3749f99a4ba4,"When he WAS 32 years old
 I dont know",which_scottish_actor_first_played_james_bond_wearing_guilts_to_red_carpets_when_he_had_32_years_old_targ_03_D.wav,target,both_err,have vs. be,/k/ --> /g/; kilt/guilt,Sean Connery,,,,,,,
30,98104a3a5afd49c5cde21ead8cc0d45c3b36a7a9eef2c4cbde9c3749f99a4ba4,I’m good — skip to the next question,which_scottish_actor_first_played_james_bond_wearing_guilts_to_red_carpets_when_he_had_32_years_old_targ_03_D.wav,target,both_err,have vs. be,/k/ --> /g/; kilt/guilt,Sean Connery,s,secsame,,,,,FB_1206
30,98104a3a5afd49c5cde21ead8cc0d45c3b36a7a9eef2c4cbde9c3749f99a4ba4,NA,which_scottish_actor_first_played_james_bond_wearing_guilts_to_red_carpets_when_he_had_32_years_old_targ_03_D.wav,target,both_err,have vs. be,/k/ --> /g/; kilt/guilt,Sean Connery,,,,,,,
30,98104a3a5afd49c5cde21ead8cc0d45c3b36a7a9eef2c4cbde9c3749f99a4ba4,The question does NOT need any corrections.,what_animal_is_typically_white_with_black_spots_and_says_moo_fill_21.wav,filler_other,NA,NA,NA,a cow,nans,first,,a,,,FB_1206
30,98104a3a5afd49c5cde21ead8cc0d45c3b36a7a9eef2c4cbde9c3749f99a4ba4,cow,what_animal_is_typically_white_with_black_spots_and_says_moo_fill_21.wav,filler_other,NA,NA,NA,a cow,,,,,,,
30,98104a3a5afd49c5cde21ead8cc0d45c3b36a7a9eef2c4cbde9c3749f99a4ba4,I’m good — skip to the next question,what_animal_is_typically_white_with_black_spots_and_says_moo_fill_21.wav,filler_other,NA,NA,NA,a cow,s,secsame,,,,,FB_1206
30,98104a3a5afd49c5cde21ead8cc0d45c3b36a7a9eef2c4cbde9c3749f99a4ba4,NA,what_animal_is_typically_white_with_black_spots_and_says_moo_fill_21.wav,filler_other,NA,NA,NA,a cow,,,,,,,
30,98104a3a5afd49c5cde21ead8cc0d45c3b36a7a9eef2c4cbde9c3749f99a4ba4,The question does NOT need any corrections.,where_do_people_get_drivers_licenses_since_it_is_required_as_valid_id_to_drive_targ_16_A.wav,target,correct,expletive 'it' dropping,/v/ --> /b/; valid/ballad,DMV,nans,first,,a,,,FB_1206
30,98104a3a5afd49c5cde21ead8cc0d45c3b36a7a9eef2c4cbde9c3749f99a4ba4,DMV,where_do_people_get_drivers_licenses_since_it_is_required_as_valid_id_to_drive_targ_16_A.wav,target,correct,expletive 'it' dropping,/v/ --> /b/; valid/ballad,DMV,,,,,,,
30,98104a3a5afd49c5cde21ead8cc0d45c3b36a7a9eef2c4cbde9c3749f99a4ba4,I’m good — skip to the next question,where_do_people_get_drivers_licenses_since_it_is_required_as_valid_id_to_drive_targ_16_A.wav,target,correct,expletive 'it' dropping,/v/ --> /b/; valid/ballad,DMV,s,secsame,,,,,FB_1206
30,98104a3a5afd49c5cde21ead8cc0d45c3b36a7a9eef2c4cbde9c3749f99a4ba4,NA,where_do_people_get_drivers_licenses_since_it_is_required_as_valid_id_to_drive_targ_16_A.wav,target,correct,expletive 'it' dropping,/v/ --> /b/; valid/ballad,DMV,,,,,,,
30,98104a3a5afd49c5cde21ead8cc0d45c3b36a7a9eef2c4cbde9c3749f99a4ba4,"The question needs to be CORRECTED (Select this if you spot an error, even if you don’t know the answer).",which_cartoon_character_works_at_the_krusty_krab_and_is_best_friends_with_patrick_star_fill_04.wav,filler_other,NA,NA,NA,Spongebob,y,first,otherfill,,,,FB_1206
30,98104a3a5afd49c5cde21ead8cc0d45c3b36a7a9eef2c4cbde9c3749f99a4ba4,"Cartoon sounds like carton
 Spongebob",which_cartoon_character_works_at_the_krusty_krab_and_is_best_friends_with_patrick_star_fill_04.wav,filler_other,NA,NA,NA,Spongebob,,,,,,,
30,98104a3a5afd49c5cde21ead8cc0d45c3b36a7a9eef2c4cbde9c3749f99a4ba4,I’m good — skip to the next question,which_cartoon_character_works_at_the_krusty_krab_and_is_best_friends_with_patrick_star_fill_04.wav,filler_other,NA,NA,NA,Spongebob,s,secsame,,,,,FB_1206
30,98104a3a5afd49c5cde21ead8cc0d45c3b36a7a9eef2c4cbde9c3749f99a4ba4,NA,which_cartoon_character_works_at_the_krusty_krab_and_is_best_friends_with_patrick_star_fill_04.wav,filler_other,NA,NA,NA,Spongebob,,,,,,,
30,98104a3a5afd49c5cde21ead8cc0d45c3b36a7a9eef2c4cbde9c3749f99a4ba4,The question does NOT need any corrections.,what_supplies_do_you_need_to_neat_a_scarf_targ_13_B.wav,target,phon_err,no aux verbs in questions (lack of do support),/ɪ/ --> /i/; knit/neat,needles and yarn,nans,first,,a,,,FB_1206
30,98104a3a5afd49c5cde21ead8cc0d45c3b36a7a9eef2c4cbde9c3749f99a4ba4,Yarn and needles,what_supplies_do_you_need_to_neat_a_scarf_targ_13_B.wav,target,phon_err,no aux verbs in questions (lack of do support),/ɪ/ --> /i/; knit/neat,needles and yarn,,,,,,,
30,98104a3a5afd49c5cde21ead8cc0d45c3b36a7a9eef2c4cbde9c3749f99a4ba4,I’m good — skip to the next question,what_supplies_do_you_need_to_neat_a_scarf_targ_13_B.wav,target,phon_err,no aux verbs in questions (lack of do support),/ɪ/ --> /i/; knit/neat,needles and yarn,s,secsame,,,,,FB_1206
30,98104a3a5afd49c5cde21ead8cc0d45c3b36a7a9eef2c4cbde9c3749f99a4ba4,NA,what_supplies_do_you_need_to_neat_a_scarf_targ_13_B.wav,target,phon_err,no aux verbs in questions (lack of do support),/ɪ/ --> /i/; knit/neat,needles and yarn,,,,,,,
30,98104a3a5afd49c5cde21ead8cc0d45c3b36a7a9eef2c4cbde9c3749f99a4ba4,"The question needs to be CORRECTED (Select this if you spot an error, even if you don’t know the answer).",what_company_created_the_macbook_a_device_fool_of_features_to_help_students_make_homework_targ_23_D.wav,target,both_err,make vs. other verb,/ʊ/ --> /u/; full/fool,Apple,y,first,np,,,,FB_1206
30,98104a3a5afd49c5cde21ead8cc0d45c3b36a7a9eef2c4cbde9c3749f99a4ba4,"It should be ""do homework"" not ""make homework""
 Apple",what_company_created_the_macbook_a_device_fool_of_features_to_help_students_make_homework_targ_23_D.wav,target,both_err,make vs. other verb,/ʊ/ --> /u/; full/fool,Apple,,,,,,,
30,98104a3a5afd49c5cde21ead8cc0d45c3b36a7a9eef2c4cbde9c3749f99a4ba4,I’m good — skip to the next question,what_company_created_the_macbook_a_device_fool_of_features_to_help_students_make_homework_targ_23_D.wav,target,both_err,make vs. other verb,/ʊ/ --> /u/; full/fool,Apple,s,secsame,,,,,FB_1206
30,98104a3a5afd49c5cde21ead8cc0d45c3b36a7a9eef2c4cbde9c3749f99a4ba4,NA,what_company_created_the_macbook_a_device_fool_of_features_to_help_students_make_homework_targ_23_D.wav,target,both_err,make vs. other verb,/ʊ/ --> /u/; full/fool,Apple,,,,,,,
30,98104a3a5afd49c5cde21ead8cc0d45c3b36a7a9eef2c4cbde9c3749f99a4ba4,The question does NOT need any corrections.,who_did_americans_vote_for_to_be_their_first_president_who_avoided_to_serve_three_terms_targ_10_C.wav,target,non_phon_err,infinitive vs. participle,/v/ --> /b/; vote/boat,George Washington,nans,first,,a,,,FB_1206
30,98104a3a5afd49c5cde21ead8cc0d45c3b36a7a9eef2c4cbde9c3749f99a4ba4,George washington,who_did_americans_vote_for_to_be_their_first_president_who_avoided_to_serve_three_terms_targ_10_C.wav,target,non_phon_err,infinitive vs. participle,/v/ --> /b/; vote/boat,George Washington,,,,,,,
30,98104a3a5afd49c5cde21ead8cc0d45c3b36a7a9eef2c4cbde9c3749f99a4ba4,I’m good — skip to the next question,who_did_americans_vote_for_to_be_their_first_president_who_avoided_to_serve_three_terms_targ_10_C.wav,target,non_phon_err,infinitive vs. participle,/v/ --> /b/; vote/boat,George Washington,s,secsame,,,,,FB_1206
30,98104a3a5afd49c5cde21ead8cc0d45c3b36a7a9eef2c4cbde9c3749f99a4ba4,NA,who_did_americans_vote_for_to_be_their_first_president_who_avoided_to_serve_three_terms_targ_10_C.wav,target,non_phon_err,infinitive vs. participle,/v/ --> /b/; vote/boat,George Washington,,,,,,,
30,98104a3a5afd49c5cde21ead8cc0d45c3b36a7a9eef2c4cbde9c3749f99a4ba4,The question does NOT need any corrections.,which_cartoon_dog_solves_mysteries_with_the_group_fred_daphne_velma_and_shaggy_fill_10.wav,filler_other,NA,NA,NA,Scooby-Doo,nans,first,,a,,,FB_1206
30,98104a3a5afd49c5cde21ead8cc0d45c3b36a7a9eef2c4cbde9c3749f99a4ba4,Scooby doo,which_cartoon_dog_solves_mysteries_with_the_group_fred_daphne_velma_and_shaggy_fill_10.wav,filler_other,NA,NA,NA,Scooby-Doo,,,,,,,
30,98104a3a5afd49c5cde21ead8cc0d45c3b36a7a9eef2c4cbde9c3749f99a4ba4,I’m good — skip to the next question,which_cartoon_dog_solves_mysteries_with_the_group_fred_daphne_velma_and_shaggy_fill_10.wav,filler_other,NA,NA,NA,Scooby-Doo,s,secsame,,,,,FB_1206
30,98104a3a5afd49c5cde21ead8cc0d45c3b36a7a9eef2c4cbde9c3749f99a4ba4,NA,which_cartoon_dog_solves_mysteries_with_the_group_fred_daphne_velma_and_shaggy_fill_10.wav,filler_other,NA,NA,NA,Scooby-Doo,,,,,,,
30,98104a3a5afd49c5cde21ead8cc0d45c3b36a7a9eef2c4cbde9c3749f99a4ba4,"The question does NOT need any corrections, but I don't know the answer/ I don't understand what the question is asking.",what_popular_us_chain_provides_a_happy_meal_toy_or_plush_when_kids_are_hungry_targ_20_A.wav,target,correct,have vs. be,/ʃ/ --> /s/; plush/plus,McDonald's,nun,first,,,,,FB_1206
30,98104a3a5afd49c5cde21ead8cc0d45c3b36a7a9eef2c4cbde9c3749f99a4ba4,NA,what_popular_us_chain_provides_a_happy_meal_toy_or_plush_when_kids_are_hungry_targ_20_A.wav,target,correct,have vs. be,/ʃ/ --> /s/; plush/plus,McDonald's,,,,,,,
30,98104a3a5afd49c5cde21ead8cc0d45c3b36a7a9eef2c4cbde9c3749f99a4ba4,The question does NOT need any corrections.,what_popular_us_chain_provides_a_happy_meal_toy_or_plush_when_kids_are_hungry_targ_20_A.wav,target,correct,have vs. be,/ʃ/ --> /s/; plush/plus,McDonald's,nans,secdiff,,a,,,FB_1206
30,98104a3a5afd49c5cde21ead8cc0d45c3b36a7a9eef2c4cbde9c3749f99a4ba4,McDonalds,what_popular_us_chain_provides_a_happy_meal_toy_or_plush_when_kids_are_hungry_targ_20_A.wav,target,correct,have vs. be,/ʃ/ --> /s/; plush/plus,McDonald's,,,,,,,
30,98104a3a5afd49c5cde21ead8cc0d45c3b36a7a9eef2c4cbde9c3749f99a4ba4,The question does NOT need any corrections.,in_what_country_would_you_find_landmarks_like_the_pyramids_of_giza_and_great_sphinx_fill_24.wav,filler_other,NA,NA,NA,Egypt,nans,first,,a,,,FB_1206
30,98104a3a5afd49c5cde21ead8cc0d45c3b36a7a9eef2c4cbde9c3749f99a4ba4,Egypt,in_what_country_would_you_find_landmarks_like_the_pyramids_of_giza_and_great_sphinx_fill_24.wav,filler_other,NA,NA,NA,Egypt,,,,,,,
30,98104a3a5afd49c5cde21ead8cc0d45c3b36a7a9eef2c4cbde9c3749f99a4ba4,I’m good — skip to the next question,in_what_country_would_you_find_landmarks_like_the_pyramids_of_giza_and_great_sphinx_fill_24.wav,filler_other,NA,NA,NA,Egypt,s,secsame,,,,,FB_1206
30,98104a3a5afd49c5cde21ead8cc0d45c3b36a7a9eef2c4cbde9c3749f99a4ba4,NA,in_what_country_would_you_find_landmarks_like_the_pyramids_of_giza_and_great_sphinx_fill_24.wav,filler_other,NA,NA,NA,Egypt,,,,,,,
30,98104a3a5afd49c5cde21ead8cc0d45c3b36a7a9eef2c4cbde9c3749f99a4ba4,The question does NOT need any corrections.,what_is_the_name_of_the_comic_strip_featuring_charlie_brown_and_his_dog_snoopy_fill_06.wav,filler_other,NA,NA,NA,Peanuts,nans,first,,a,,,FB_1206
30,98104a3a5afd49c5cde21ead8cc0d45c3b36a7a9eef2c4cbde9c3749f99a4ba4,Peanuts,what_is_the_name_of_the_comic_strip_featuring_charlie_brown_and_his_dog_snoopy_fill_06.wav,filler_other,NA,NA,NA,Peanuts,,,,,,,
30,98104a3a5afd49c5cde21ead8cc0d45c3b36a7a9eef2c4cbde9c3749f99a4ba4,I’m good — skip to the next question,what_is_the_name_of_the_comic_strip_featuring_charlie_brown_and_his_dog_snoopy_fill_06.wav,filler_other,NA,NA,NA,Peanuts,s,secsame,,,,,FB_1206
30,98104a3a5afd49c5cde21ead8cc0d45c3b36a7a9eef2c4cbde9c3749f99a4ba4,NA,what_is_the_name_of_the_comic_strip_featuring_charlie_brown_and_his_dog_snoopy_fill_06.wav,filler_other,NA,NA,NA,Peanuts,,,,,,,
30,98104a3a5afd49c5cde21ead8cc0d45c3b36a7a9eef2c4cbde9c3749f99a4ba4,The question does NOT need any corrections.,what_organ_is_often_associated_with_being_eaten_by_rotting_flesh_monsters_also_known_as_zombies_fill_02.wav,filler_other,NA,NA,NA,the brain,nans,first,,a,,,FB_1206
30,98104a3a5afd49c5cde21ead8cc0d45c3b36a7a9eef2c4cbde9c3749f99a4ba4,brain,what_organ_is_often_associated_with_being_eaten_by_rotting_flesh_monsters_also_known_as_zombies_fill_02.wav,filler_other,NA,NA,NA,the brain,,,,,,,
30,98104a3a5afd49c5cde21ead8cc0d45c3b36a7a9eef2c4cbde9c3749f99a4ba4,I’m good — skip to the next question,what_organ_is_often_associated_with_being_eaten_by_rotting_flesh_monsters_also_known_as_zombies_fill_02.wav,filler_other,NA,NA,NA,the brain,s,secsame,,,,,FB_1206
30,98104a3a5afd49c5cde21ead8cc0d45c3b36a7a9eef2c4cbde9c3749f99a4ba4,NA,what_organ_is_often_associated_with_being_eaten_by_rotting_flesh_monsters_also_known_as_zombies_fill_02.wav,filler_other,NA,NA,NA,the brain,,,,,,,
30,98104a3a5afd49c5cde21ead8cc0d45c3b36a7a9eef2c4cbde9c3749f99a4ba4,"The question does NOT need any corrections, but I don't know the answer/ I don't understand what the question is asking.",what_novel_has_the_quote_i’m_late_i’m_late_for_a_very_important_date_fill_13.wav,filler_other,NA,NA,NA,Alice in Wonderland,nun,first,,,,,FB_1206
30,98104a3a5afd49c5cde21ead8cc0d45c3b36a7a9eef2c4cbde9c3749f99a4ba4,NA,what_novel_has_the_quote_i’m_late_i’m_late_for_a_very_important_date_fill_13.wav,filler_other,NA,NA,NA,Alice in Wonderland,,,,,,,
30,98104a3a5afd49c5cde21ead8cc0d45c3b36a7a9eef2c4cbde9c3749f99a4ba4,I’m good — skip to the next question,what_novel_has_the_quote_i’m_late_i’m_late_for_a_very_important_date_fill_13.wav,filler_other,NA,NA,NA,Alice in Wonderland,s,secsame,,,,,FB_1206
30,98104a3a5afd49c5cde21ead8cc0d45c3b36a7a9eef2c4cbde9c3749f99a4ba4,NA,what_novel_has_the_quote_i’m_late_i’m_late_for_a_very_important_date_fill_13.wav,filler_other,NA,NA,NA,Alice in Wonderland,,,,,,,
30,98104a3a5afd49c5cde21ead8cc0d45c3b36a7a9eef2c4cbde9c3749f99a4ba4,The question does NOT need any corrections.,where_do_the_jolly_christmas_icons_santa_claus_and_his_wife_mrs._claus_live_fill_22.wav,filler_other,NA,NA,NA,the North Pole,nans,first,,a,,,FB_1206
30,98104a3a5afd49c5cde21ead8cc0d45c3b36a7a9eef2c4cbde9c3749f99a4ba4,North pole,where_do_the_jolly_christmas_icons_santa_claus_and_his_wife_mrs._claus_live_fill_22.wav,filler_other,NA,NA,NA,the North Pole,,,,,,,
30,98104a3a5afd49c5cde21ead8cc0d45c3b36a7a9eef2c4cbde9c3749f99a4ba4,I’m good — skip to the next question,where_do_the_jolly_christmas_icons_santa_claus_and_his_wife_mrs._claus_live_fill_22.wav,filler_other,NA,NA,NA,the North Pole,s,secsame,,,,,FB_1206
30,98104a3a5afd49c5cde21ead8cc0d45c3b36a7a9eef2c4cbde9c3749f99a4ba4,NA,where_do_the_jolly_christmas_icons_santa_claus_and_his_wife_mrs._claus_live_fill_22.wav,filler_other,NA,NA,NA,the North Pole,,,,,,,
30,98104a3a5afd49c5cde21ead8cc0d45c3b36a7a9eef2c4cbde9c3749f99a4ba4,The question does NOT need any corrections.,which_body_part_did_van_gogh_allegedly_cut_off_after_an_argument_with_his_friend_fill_05.wav,filler_other,NA,NA,NA,ear,nans,first,,a,,,FB_1206
30,98104a3a5afd49c5cde21ead8cc0d45c3b36a7a9eef2c4cbde9c3749f99a4ba4,ear,which_body_part_did_van_gogh_allegedly_cut_off_after_an_argument_with_his_friend_fill_05.wav,filler_other,NA,NA,NA,ear,,,,,,,
30,98104a3a5afd49c5cde21ead8cc0d45c3b36a7a9eef2c4cbde9c3749f99a4ba4,I’m good — skip to the next question,which_body_part_did_van_gogh_allegedly_cut_off_after_an_argument_with_his_friend_fill_05.wav,filler_other,NA,NA,NA,ear,s,secsame,,,,,FB_1206
30,98104a3a5afd49c5cde21ead8cc0d45c3b36a7a9eef2c4cbde9c3749f99a4ba4,NA,which_body_part_did_van_gogh_allegedly_cut_off_after_an_argument_with_his_friend_fill_05.wav,filler_other,NA,NA,NA,ear,,,,,,,
30,98104a3a5afd49c5cde21ead8cc0d45c3b36a7a9eef2c4cbde9c3749f99a4ba4,"The question needs to be CORRECTED (Select this if you spot an error, even if you don’t know the answer).",when_you_have_hot_what_device_measures_body_temperature_in_both_celsius_and_fahrenheit_targ_18_C.wav,target,non_phon_err,have vs. be,/θ/ --> /t/; both/boat,thermometer,y,first,np,,,,FB_1206
30,98104a3a5afd49c5cde21ead8cc0d45c3b36a7a9eef2c4cbde9c3749f99a4ba4,"It should be - when you are hot
 

 Thermometer",when_you_have_hot_what_device_measures_body_temperature_in_both_celsius_and_fahrenheit_targ_18_C.wav,target,non_phon_err,have vs. be,/θ/ --> /t/; both/boat,thermometer,,,,,,,
30,98104a3a5afd49c5cde21ead8cc0d45c3b36a7a9eef2c4cbde9c3749f99a4ba4,I’m good — skip to the next question,when_you_have_hot_what_device_measures_body_temperature_in_both_celsius_and_fahrenheit_targ_18_C.wav,target,non_phon_err,have vs. be,/θ/ --> /t/; both/boat,thermometer,s,secsame,,,,,FB_1206
30,98104a3a5afd49c5cde21ead8cc0d45c3b36a7a9eef2c4cbde9c3749f99a4ba4,NA,when_you_have_hot_what_device_measures_body_temperature_in_both_celsius_and_fahrenheit_targ_18_C.wav,target,non_phon_err,have vs. be,/θ/ --> /t/; both/boat,thermometer,,,,,,,
30,98104a3a5afd49c5cde21ead8cc0d45c3b36a7a9eef2c4cbde9c3749f99a4ba4,The question does NOT need any corrections.,which_season_do_we_associate_with_thanksgiving_the_beginning_of_school_and_leaves_turning_brown_fill_19.wav,filler_other,NA,NA,NA,Fall,nans,first,,a,,,FB_1206
30,98104a3a5afd49c5cde21ead8cc0d45c3b36a7a9eef2c4cbde9c3749f99a4ba4,Fall,which_season_do_we_associate_with_thanksgiving_the_beginning_of_school_and_leaves_turning_brown_fill_19.wav,filler_other,NA,NA,NA,Fall,,,,,,,
30,98104a3a5afd49c5cde21ead8cc0d45c3b36a7a9eef2c4cbde9c3749f99a4ba4,I’m good — skip to the next question,which_season_do_we_associate_with_thanksgiving_the_beginning_of_school_and_leaves_turning_brown_fill_19.wav,filler_other,NA,NA,NA,Fall,s,secsame,,,,,FB_1206
30,98104a3a5afd49c5cde21ead8cc0d45c3b36a7a9eef2c4cbde9c3749f99a4ba4,NA,which_season_do_we_associate_with_thanksgiving_the_beginning_of_school_and_leaves_turning_brown_fill_19.wav,filler_other,NA,NA,NA,Fall,,,,,,,
30,98104a3a5afd49c5cde21ead8cc0d45c3b36a7a9eef2c4cbde9c3749f99a4ba4,"The question does NOT need any corrections, but I don't know the answer/ I don't understand what the question is asking.",if_laundry_service_will_gum_in_five_days_and_todays_thursday_when_are_they_doing_laundry_next_targ_09_B.wav,target,phon_err,make vs. other verb,/k/ --> /g/; come/gum,Tuesday,nun,first,,,,,FB_1206
30,98104a3a5afd49c5cde21ead8cc0d45c3b36a7a9eef2c4cbde9c3749f99a4ba4,NA,if_laundry_service_will_gum_in_five_days_and_todays_thursday_when_are_they_doing_laundry_next_targ_09_B.wav,target,phon_err,make vs. other verb,/k/ --> /g/; come/gum,Tuesday,,,,,,,
30,98104a3a5afd49c5cde21ead8cc0d45c3b36a7a9eef2c4cbde9c3749f99a4ba4,The question does NOT need any corrections.,if_laundry_service_will_gum_in_five_days_and_todays_thursday_when_are_they_doing_laundry_next_targ_09_B.wav,target,phon_err,make vs. other verb,/k/ --> /g/; come/gum,Tuesday,nans,secdiff,,a,,,FB_1206
30,98104a3a5afd49c5cde21ead8cc0d45c3b36a7a9eef2c4cbde9c3749f99a4ba4,tuesday,if_laundry_service_will_gum_in_five_days_and_todays_thursday_when_are_they_doing_laundry_next_targ_09_B.wav,target,phon_err,make vs. other verb,/k/ --> /g/; come/gum,Tuesday,,,,,,,
30,98104a3a5afd49c5cde21ead8cc0d45c3b36a7a9eef2c4cbde9c3749f99a4ba4,"The question does NOT need any corrections, but I don't know the answer/ I don't understand what the question is asking.",what_letter_in_the_latin_alphabet_corresponds_to_the_greek_letter_alpha_fill_01.wav,filler_other,NA,NA,NA,a,nun,first,,,,,FB_1206
30,98104a3a5afd49c5cde21ead8cc0d45c3b36a7a9eef2c4cbde9c3749f99a4ba4,NA,what_letter_in_the_latin_alphabet_corresponds_to_the_greek_letter_alpha_fill_01.wav,filler_other,NA,NA,NA,a,,,,,,,
30,98104a3a5afd49c5cde21ead8cc0d45c3b36a7a9eef2c4cbde9c3749f99a4ba4,I’m good — skip to the next question,what_letter_in_the_latin_alphabet_corresponds_to_the_greek_letter_alpha_fill_01.wav,filler_other,NA,NA,NA,a,s,secsame,,,,,FB_1206
30,98104a3a5afd49c5cde21ead8cc0d45c3b36a7a9eef2c4cbde9c3749f99a4ba4,NA,what_letter_in_the_latin_alphabet_corresponds_to_the_greek_letter_alpha_fill_01.wav,filler_other,NA,NA,NA,a,,,,,,,
30,98104a3a5afd49c5cde21ead8cc0d45c3b36a7a9eef2c4cbde9c3749f99a4ba4,"The question does NOT need any corrections, but I don't know the answer/ I don't understand what the question is asking.",what_big_star_in_our_solar_system_can_steal_be_visible_when_is_cloudy_targ_19_D.wav,target,both_err,expletive 'it' dropping,/ɪ/ --> /i/; still/steal,the Sun,nun,first,,,,,FB_1206
30,98104a3a5afd49c5cde21ead8cc0d45c3b36a7a9eef2c4cbde9c3749f99a4ba4,NA,what_big_star_in_our_solar_system_can_steal_be_visible_when_is_cloudy_targ_19_D.wav,target,both_err,expletive 'it' dropping,/ɪ/ --> /i/; still/steal,the Sun,,,,,,,
30,98104a3a5afd49c5cde21ead8cc0d45c3b36a7a9eef2c4cbde9c3749f99a4ba4,I’m good — skip to the next question,what_big_star_in_our_solar_system_can_steal_be_visible_when_is_cloudy_targ_19_D.wav,target,both_err,expletive 'it' dropping,/ɪ/ --> /i/; still/steal,the Sun,s,secsame,,,,,FB_1206
30,98104a3a5afd49c5cde21ead8cc0d45c3b36a7a9eef2c4cbde9c3749f99a4ba4,NA,what_big_star_in_our_solar_system_can_steal_be_visible_when_is_cloudy_targ_19_D.wav,target,both_err,expletive 'it' dropping,/ɪ/ --> /i/; still/steal,the Sun,,,,,,,
30,98104a3a5afd49c5cde21ead8cc0d45c3b36a7a9eef2c4cbde9c3749f99a4ba4,"The question does NOT need any corrections, but I don't know the answer/ I don't understand what the question is asking.",how_many_legs_does_a_garden_spider_canadian_whose_silk_can_make_cloth_have_targ_06_C.wav,target,non_phon_err,adj/noun order,/θ/ --> /t/; cloth/clot,eight,nun,first,,,,,FB_1206
30,98104a3a5afd49c5cde21ead8cc0d45c3b36a7a9eef2c4cbde9c3749f99a4ba4,NA,how_many_legs_does_a_garden_spider_canadian_whose_silk_can_make_cloth_have_targ_06_C.wav,target,non_phon_err,adj/noun order,/θ/ --> /t/; cloth/clot,eight,,,,,,,
30,98104a3a5afd49c5cde21ead8cc0d45c3b36a7a9eef2c4cbde9c3749f99a4ba4,"The question needs to be CORRECTED (Select this if you spot an error, even if you don’t know the answer).",how_many_legs_does_a_garden_spider_canadian_whose_silk_can_make_cloth_have_targ_06_C.wav,target,non_phon_err,adj/noun order,/θ/ --> /t/; cloth/clot,eight,y,secdiff,np?,,,,FB_1206
30,98104a3a5afd49c5cde21ead8cc0d45c3b36a7a9eef2c4cbde9c3749f99a4ba4,"The second half of the question does not make any sense
 I dont know",how_many_legs_does_a_garden_spider_canadian_whose_silk_can_make_cloth_have_targ_06_C.wav,target,non_phon_err,adj/noun order,/θ/ --> /t/; cloth/clot,eight,,,,,,,
30,98104a3a5afd49c5cde21ead8cc0d45c3b36a7a9eef2c4cbde9c3749f99a4ba4,The question does NOT need any corrections.,which_fast_food_chain_offers_foot-long_sandwiches_and_has_the_slogan_eat_fresh_fill_11.wav,filler_other,NA,NA,NA,Subway,nans,first,,a,,,FB_1206
30,98104a3a5afd49c5cde21ead8cc0d45c3b36a7a9eef2c4cbde9c3749f99a4ba4,Subway,which_fast_food_chain_offers_foot-long_sandwiches_and_has_the_slogan_eat_fresh_fill_11.wav,filler_other,NA,NA,NA,Subway,,,,,,,
30,98104a3a5afd49c5cde21ead8cc0d45c3b36a7a9eef2c4cbde9c3749f99a4ba4,I’m good — skip to the next question,which_fast_food_chain_offers_foot-long_sandwiches_and_has_the_slogan_eat_fresh_fill_11.wav,filler_other,NA,NA,NA,Subway,s,secsame,,,,,FB_1206
30,98104a3a5afd49c5cde21ead8cc0d45c3b36a7a9eef2c4cbde9c3749f99a4ba4,NA,which_fast_food_chain_offers_foot-long_sandwiches_and_has_the_slogan_eat_fresh_fill_11.wav,filler_other,NA,NA,NA,Subway,,,,,,,
30,98104a3a5afd49c5cde21ead8cc0d45c3b36a7a9eef2c4cbde9c3749f99a4ba4,The question does NOT need any corrections.,because_it_is_important_to_honor_the_irish_saint_what_holiday_occurs_on_march_17th_targ_08_A.wav,target,correct,expletive 'it' dropping,/ʃ/ --> /s/; Irish/iris,St. Patrick's Day,nans,first,,a,,,FB_1206
30,98104a3a5afd49c5cde21ead8cc0d45c3b36a7a9eef2c4cbde9c3749f99a4ba4,St patricks day,because_it_is_important_to_honor_the_irish_saint_what_holiday_occurs_on_march_17th_targ_08_A.wav,target,correct,expletive 'it' dropping,/ʃ/ --> /s/; Irish/iris,St. Patrick's Day,,,,,,,
30,98104a3a5afd49c5cde21ead8cc0d45c3b36a7a9eef2c4cbde9c3749f99a4ba4,I’m good — skip to the next question,because_it_is_important_to_honor_the_irish_saint_what_holiday_occurs_on_march_17th_targ_08_A.wav,target,correct,expletive 'it' dropping,/ʃ/ --> /s/; Irish/iris,St. Patrick's Day,s,secsame,,,,,FB_1206
30,98104a3a5afd49c5cde21ead8cc0d45c3b36a7a9eef2c4cbde9c3749f99a4ba4,NA,because_it_is_important_to_honor_the_irish_saint_what_holiday_occurs_on_march_17th_targ_08_A.wav,target,correct,expletive 'it' dropping,/ʃ/ --> /s/; Irish/iris,St. Patrick's Day,,,,,,,
30,98104a3a5afd49c5cde21ead8cc0d45c3b36a7a9eef2c4cbde9c3749f99a4ba4,The question does NOT need any corrections.,which_tropical_fruit_that_grows_on_palm_trees_is_used_for_oils_and_milks_fill_18.wav,filler_other,NA,NA,NA,coconuts,nans,first,,a,,,FB_1206
30,98104a3a5afd49c5cde21ead8cc0d45c3b36a7a9eef2c4cbde9c3749f99a4ba4,Coconut,which_tropical_fruit_that_grows_on_palm_trees_is_used_for_oils_and_milks_fill_18.wav,filler_other,NA,NA,NA,coconuts,,,,,,,
30,98104a3a5afd49c5cde21ead8cc0d45c3b36a7a9eef2c4cbde9c3749f99a4ba4,I’m good — skip to the next question,which_tropical_fruit_that_grows_on_palm_trees_is_used_for_oils_and_milks_fill_18.wav,filler_other,NA,NA,NA,coconuts,s,secsame,,,,,FB_1206
30,98104a3a5afd49c5cde21ead8cc0d45c3b36a7a9eef2c4cbde9c3749f99a4ba4,NA,which_tropical_fruit_that_grows_on_palm_trees_is_used_for_oils_and_milks_fill_18.wav,filler_other,NA,NA,NA,coconuts,,,,,,,
30,98104a3a5afd49c5cde21ead8cc0d45c3b36a7a9eef2c4cbde9c3749f99a4ba4,The question does NOT need any corrections.,what_us_holiday_is_often_celebrated_with_fireworks_and_hotdogs_to_honor_americas_freedom_fill_17.wav,filler_other,NA,NA,NA,Independence Day,nans,first,,a,,,FB_1206
30,98104a3a5afd49c5cde21ead8cc0d45c3b36a7a9eef2c4cbde9c3749f99a4ba4,Independence day,what_us_holiday_is_often_celebrated_with_fireworks_and_hotdogs_to_honor_americas_freedom_fill_17.wav,filler_other,NA,NA,NA,Independence Day,,,,,,,
30,98104a3a5afd49c5cde21ead8cc0d45c3b36a7a9eef2c4cbde9c3749f99a4ba4,I’m good — skip to the next question,what_us_holiday_is_often_celebrated_with_fireworks_and_hotdogs_to_honor_americas_freedom_fill_17.wav,filler_other,NA,NA,NA,Independence Day,s,secsame,,,,,FB_1206
30,98104a3a5afd49c5cde21ead8cc0d45c3b36a7a9eef2c4cbde9c3749f99a4ba4,NA,what_us_holiday_is_often_celebrated_with_fireworks_and_hotdogs_to_honor_americas_freedom_fill_17.wav,filler_other,NA,NA,NA,Independence Day,,,,,,,
30,98104a3a5afd49c5cde21ead8cc0d45c3b36a7a9eef2c4cbde9c3749f99a4ba4,The question does NOT need any corrections.,if_i_consider_leaving_work_after_the_fourth_hour_how_many_minutes_would_that_be_targ_24_A.wav,target,correct,infinitive vs. participle,/θ/ --> /t/; fourth/fort,two hundred and forty,nans,first,,a,,,FB_1206
30,98104a3a5afd49c5cde21ead8cc0d45c3b36a7a9eef2c4cbde9c3749f99a4ba4,240,if_i_consider_leaving_work_after_the_fourth_hour_how_many_minutes_would_that_be_targ_24_A.wav,target,correct,infinitive vs. participle,/θ/ --> /t/; fourth/fort,two hundred and forty,,,,,,,
30,98104a3a5afd49c5cde21ead8cc0d45c3b36a7a9eef2c4cbde9c3749f99a4ba4,I’m good — skip to the next question,if_i_consider_leaving_work_after_the_fourth_hour_how_many_minutes_would_that_be_targ_24_A.wav,target,correct,infinitive vs. participle,/θ/ --> /t/; fourth/fort,two hundred and forty,s,secsame,,,,,FB_1206
30,98104a3a5afd49c5cde21ead8cc0d45c3b36a7a9eef2c4cbde9c3749f99a4ba4,NA,if_i_consider_leaving_work_after_the_fourth_hour_how_many_minutes_would_that_be_targ_24_A.wav,target,correct,infinitive vs. participle,/θ/ --> /t/; fourth/fort,two hundred and forty,,,,,,,
30,98104a3a5afd49c5cde21ead8cc0d45c3b36a7a9eef2c4cbde9c3749f99a4ba4,"The question does NOT need any corrections, but I don't know the answer/ I don't understand what the question is asking.",which_soft_pastry_made_with_a_certain_spice_is_often_spiral-shaped_and_topped_with_icing_fill_16.wav,filler_other,NA,NA,NA,cinnamon roll,nun,first,,,,,FB_1206
30,98104a3a5afd49c5cde21ead8cc0d45c3b36a7a9eef2c4cbde9c3749f99a4ba4,NA,which_soft_pastry_made_with_a_certain_spice_is_often_spiral-shaped_and_topped_with_icing_fill_16.wav,filler_other,NA,NA,NA,cinnamon roll,,,,,,,
30,98104a3a5afd49c5cde21ead8cc0d45c3b36a7a9eef2c4cbde9c3749f99a4ba4,I’m good — skip to the next question,which_soft_pastry_made_with_a_certain_spice_is_often_spiral-shaped_and_topped_with_icing_fill_16.wav,filler_other,NA,NA,NA,cinnamon roll,s,secsame,,,,,FB_1206
30,98104a3a5afd49c5cde21ead8cc0d45c3b36a7a9eef2c4cbde9c3749f99a4ba4,NA,which_soft_pastry_made_with_a_certain_spice_is_often_spiral-shaped_and_topped_with_icing_fill_16.wav,filler_other,NA,NA,NA,cinnamon roll,,,,,,,
30,98104a3a5afd49c5cde21ead8cc0d45c3b36a7a9eef2c4cbde9c3749f99a4ba4,"The question needs to be CORRECTED (Select this if you spot an error, even if you don’t know the answer).",what_kind_of_weather_cooed_cooled_occur_when_it_is_raining_and_below_freezing_targ_05_B.wav,target,phon_err,expletive 'it' dropping,/ʊ/ --> /u/; could/cooed,snow,y,first,otherp,,,,FB_1206
30,98104a3a5afd49c5cde21ead8cc0d45c3b36a7a9eef2c4cbde9c3749f99a4ba4,"""occur"" does not sound correct
 Snow",what_kind_of_weather_cooed_cooled_occur_when_it_is_raining_and_below_freezing_targ_05_B.wav,target,phon_err,expletive 'it' dropping,/ʊ/ --> /u/; could/cooed,snow,,,,,,,
30,98104a3a5afd49c5cde21ead8cc0d45c3b36a7a9eef2c4cbde9c3749f99a4ba4,I’m good — skip to the next question,what_kind_of_weather_cooed_cooled_occur_when_it_is_raining_and_below_freezing_targ_05_B.wav,target,phon_err,expletive 'it' dropping,/ʊ/ --> /u/; could/cooed,snow,s,secsame,,,,,FB_1206
30,98104a3a5afd49c5cde21ead8cc0d45c3b36a7a9eef2c4cbde9c3749f99a4ba4,NA,what_kind_of_weather_cooed_cooled_occur_when_it_is_raining_and_below_freezing_targ_05_B.wav,target,phon_err,expletive 'it' dropping,/ʊ/ --> /u/; could/cooed,snow,,,,,,,
30,98104a3a5afd49c5cde21ead8cc0d45c3b36a7a9eef2c4cbde9c3749f99a4ba4,"The question does NOT need any corrections, but I don't know the answer/ I don't understand what the question is asking.",in_the_lion_king_who_does_nala_talk_to_and_is_laying_in_a_got_after_theyve_reunited_targ_21_B.wav,target,phon_err,no aux verbs in questions (lack of do support),/k/ --> /g/; cot/got,Simba,nun,first,,,,,FB_1206
30,98104a3a5afd49c5cde21ead8cc0d45c3b36a7a9eef2c4cbde9c3749f99a4ba4,NA,in_the_lion_king_who_does_nala_talk_to_and_is_laying_in_a_got_after_theyve_reunited_targ_21_B.wav,target,phon_err,no aux verbs in questions (lack of do support),/k/ --> /g/; cot/got,Simba,,,,,,,
30,98104a3a5afd49c5cde21ead8cc0d45c3b36a7a9eef2c4cbde9c3749f99a4ba4,"The question needs to be CORRECTED (Select this if you spot an error, even if you don’t know the answer).",in_the_lion_king_who_does_nala_talk_to_and_is_laying_in_a_got_after_theyve_reunited_targ_21_B.wav,target,phon_err,no aux verbs in questions (lack of do support),/k/ --> /g/; cot/got,Simba,y,secdiff,p,,,,FB_1206
30,98104a3a5afd49c5cde21ead8cc0d45c3b36a7a9eef2c4cbde9c3749f99a4ba4,"Maybe it should be ""cot"" 
 Simba",in_the_lion_king_who_does_nala_talk_to_and_is_laying_in_a_got_after_theyve_reunited_targ_21_B.wav,target,phon_err,no aux verbs in questions (lack of do support),/k/ --> /g/; cot/got,Simba,,,,,,,
30,98104a3a5afd49c5cde21ead8cc0d45c3b36a7a9eef2c4cbde9c3749f99a4ba4,"The question needs to be CORRECTED (Select this if you spot an error, even if you don’t know the answer).",if_youre_on_a_path_from_california_to_hawaii_which_ocean_do_you_go_through_targ_12_A.wav,target,correct,no aux verbs in questions (lack of do support),/θ/ --> /t/; path/pat,Pacific Ocean,y,first,otherp,,,,FB_1206
30,98104a3a5afd49c5cde21ead8cc0d45c3b36a7a9eef2c4cbde9c3749f99a4ba4,"""boat"" Sound incorrect
 I dont know",if_youre_on_a_path_from_california_to_hawaii_which_ocean_do_you_go_through_targ_12_A.wav,target,correct,no aux verbs in questions (lack of do support),/θ/ --> /t/; path/pat,Pacific Ocean,,,,,,,
30,98104a3a5afd49c5cde21ead8cc0d45c3b36a7a9eef2c4cbde9c3749f99a4ba4,I’m good — skip to the next question,if_youre_on_a_path_from_california_to_hawaii_which_ocean_do_you_go_through_targ_12_A.wav,target,correct,no aux verbs in questions (lack of do support),/θ/ --> /t/; path/pat,Pacific Ocean,s,secsame,,,,,FB_1206
30,98104a3a5afd49c5cde21ead8cc0d45c3b36a7a9eef2c4cbde9c3749f99a4ba4,NA,if_youre_on_a_path_from_california_to_hawaii_which_ocean_do_you_go_through_targ_12_A.wav,target,correct,no aux verbs in questions (lack of do support),/θ/ --> /t/; path/pat,Pacific Ocean,,,,,,,
30,98104a3a5afd49c5cde21ead8cc0d45c3b36a7a9eef2c4cbde9c3749f99a4ba4,The question does NOT need any corrections.,what_did_neil_armstrong_say_during_his_very_first_steps_on_the_moon_targ_04_A.wav,target,correct,no aux verbs in questions (lack of do support),/v/ --> /b/; very/berry,"""That's one small step for man, one giant leap for mankind.""",nans,first,,a,,,FB_1206
30,98104a3a5afd49c5cde21ead8cc0d45c3b36a7a9eef2c4cbde9c3749f99a4ba4,One step for man kind,what_did_neil_armstrong_say_during_his_very_first_steps_on_the_moon_targ_04_A.wav,target,correct,no aux verbs in questions (lack of do support),/v/ --> /b/; very/berry,"""That's one small step for man, one giant leap for mankind.""",,,,,,,
30,98104a3a5afd49c5cde21ead8cc0d45c3b36a7a9eef2c4cbde9c3749f99a4ba4,I’m good — skip to the next question,what_did_neil_armstrong_say_during_his_very_first_steps_on_the_moon_targ_04_A.wav,target,correct,no aux verbs in questions (lack of do support),/v/ --> /b/; very/berry,"""That's one small step for man, one giant leap for mankind.""",s,secsame,,,,,FB_1206
30,98104a3a5afd49c5cde21ead8cc0d45c3b36a7a9eef2c4cbde9c3749f99a4ba4,NA,what_did_neil_armstrong_say_during_his_very_first_steps_on_the_moon_targ_04_A.wav,target,correct,no aux verbs in questions (lack of do support),/v/ --> /b/; very/berry,"""That's one small step for man, one giant leap for mankind.""",,,,,,,
30,98104a3a5afd49c5cde21ead8cc0d45c3b36a7a9eef2c4cbde9c3749f99a4ba4,The question does NOT need any corrections.,in_the_famous_dr_seuss_book_what_orange_and_yellow_character_speaks_for_the_trees_fill_23.wav,filler_other,NA,NA,NA,the Lorax,nans,first,,a,,,FB_1206
30,98104a3a5afd49c5cde21ead8cc0d45c3b36a7a9eef2c4cbde9c3749f99a4ba4,lorax,in_the_famous_dr_seuss_book_what_orange_and_yellow_character_speaks_for_the_trees_fill_23.wav,filler_other,NA,NA,NA,the Lorax,,,,,,,
30,98104a3a5afd49c5cde21ead8cc0d45c3b36a7a9eef2c4cbde9c3749f99a4ba4,I’m good — skip to the next question,in_the_famous_dr_seuss_book_what_orange_and_yellow_character_speaks_for_the_trees_fill_23.wav,filler_other,NA,NA,NA,the Lorax,s,secsame,,,,,FB_1206
30,98104a3a5afd49c5cde21ead8cc0d45c3b36a7a9eef2c4cbde9c3749f99a4ba4,NA,in_the_famous_dr_seuss_book_what_orange_and_yellow_character_speaks_for_the_trees_fill_23.wav,filler_other,NA,NA,NA,the Lorax,,,,,,,
30,98104a3a5afd49c5cde21ead8cc0d45c3b36a7a9eef2c4cbde9c3749f99a4ba4,The question does NOT need any corrections.,if_a_janitor_hardworking_cleaned_a_vent_in_five_minutes_how_many_seconds_is_that_targ_22_C.wav,target,non_phon_err,adj/noun order,/v/ --> /b/; vent/bent,eight,nans,first,,a,,,FB_1206
30,98104a3a5afd49c5cde21ead8cc0d45c3b36a7a9eef2c4cbde9c3749f99a4ba4,300,if_a_janitor_hardworking_cleaned_a_vent_in_five_minutes_how_many_seconds_is_that_targ_22_C.wav,target,non_phon_err,adj/noun order,/v/ --> /b/; vent/bent,eight,,,,,,,
30,98104a3a5afd49c5cde21ead8cc0d45c3b36a7a9eef2c4cbde9c3749f99a4ba4,I’m good — skip to the next question,if_a_janitor_hardworking_cleaned_a_vent_in_five_minutes_how_many_seconds_is_that_targ_22_C.wav,target,non_phon_err,adj/noun order,/v/ --> /b/; vent/bent,eight,s,secsame,,,,,FB_1206
30,98104a3a5afd49c5cde21ead8cc0d45c3b36a7a9eef2c4cbde9c3749f99a4ba4,NA,if_a_janitor_hardworking_cleaned_a_vent_in_five_minutes_how_many_seconds_is_that_targ_22_C.wav,target,non_phon_err,adj/noun order,/v/ --> /b/; vent/bent,eight,,,,,,,
30,98104a3a5afd49c5cde21ead8cc0d45c3b36a7a9eef2c4cbde9c3749f99a4ba4,The question does NOT need any corrections.,what_mythical_creatures_have_been_said_to_drink_blood_turn_into_bats_and_hate_onions_fill_14.wav,filler_other,NA,NA,NA,vampires,nans,first,,a,,,FB_1206
30,98104a3a5afd49c5cde21ead8cc0d45c3b36a7a9eef2c4cbde9c3749f99a4ba4,vampire,what_mythical_creatures_have_been_said_to_drink_blood_turn_into_bats_and_hate_onions_fill_14.wav,filler_other,NA,NA,NA,vampires,,,,,,,
30,98104a3a5afd49c5cde21ead8cc0d45c3b36a7a9eef2c4cbde9c3749f99a4ba4,I’m good — skip to the next question,what_mythical_creatures_have_been_said_to_drink_blood_turn_into_bats_and_hate_onions_fill_14.wav,filler_other,NA,NA,NA,vampires,s,secsame,,,,,FB_1206
30,98104a3a5afd49c5cde21ead8cc0d45c3b36a7a9eef2c4cbde9c3749f99a4ba4,NA,what_mythical_creatures_have_been_said_to_drink_blood_turn_into_bats_and_hate_onions_fill_14.wav,filler_other,NA,NA,NA,vampires,,,,,,,
30,98104a3a5afd49c5cde21ead8cc0d45c3b36a7a9eef2c4cbde9c3749f99a4ba4,"The question needs to be CORRECTED (Select this if you spot an error, even if you don’t know the answer).",what_childrens_game_makes_people_seat_down_quickly_when_the_music_loud_stops_targ_07_D.wav,target,both_err,adj/noun order,/ɪ/ --> /i/; sit/seat,musical chairs,y,first,np,,,,FB_1206
30,98104a3a5afd49c5cde21ead8cc0d45c3b36a7a9eef2c4cbde9c3749f99a4ba4,"it should be - when the loud music stops
 Musical chairs",what_childrens_game_makes_people_seat_down_quickly_when_the_music_loud_stops_targ_07_D.wav,target,both_err,adj/noun order,/ɪ/ --> /i/; sit/seat,musical chairs,,,,,,,
30,98104a3a5afd49c5cde21ead8cc0d45c3b36a7a9eef2c4cbde9c3749f99a4ba4,I’m good — skip to the next question,what_childrens_game_makes_people_seat_down_quickly_when_the_music_loud_stops_targ_07_D.wav,target,both_err,adj/noun order,/ɪ/ --> /i/; sit/seat,musical chairs,s,secsame,,,,,FB_1206
30,98104a3a5afd49c5cde21ead8cc0d45c3b36a7a9eef2c4cbde9c3749f99a4ba4,NA,what_childrens_game_makes_people_seat_down_quickly_when_the_music_loud_stops_targ_07_D.wav,target,both_err,adj/noun order,/ɪ/ --> /i/; sit/seat,musical chairs,,,,,,,
30,98104a3a5afd49c5cde21ead8cc0d45c3b36a7a9eef2c4cbde9c3749f99a4ba4,"The question does NOT need any corrections, but I don't know the answer/ I don't understand what the question is asking.",what_term_refers_to_armored_men_who_enjoyed_to_carry_medieval_swords_that_clash_in_combat_targ_02_C.wav,target,non_phon_err,infinitive vs. participle,/ʃ/ --> /s/; clash/class,knights,nun,first,,,,,FB_1206
30,98104a3a5afd49c5cde21ead8cc0d45c3b36a7a9eef2c4cbde9c3749f99a4ba4,NA,what_term_refers_to_armored_men_who_enjoyed_to_carry_medieval_swords_that_clash_in_combat_targ_02_C.wav,target,non_phon_err,infinitive vs. participle,/ʃ/ --> /s/; clash/class,knights,,,,,,,
30,98104a3a5afd49c5cde21ead8cc0d45c3b36a7a9eef2c4cbde9c3749f99a4ba4,The question does NOT need any corrections.,what_term_refers_to_armored_men_who_enjoyed_to_carry_medieval_swords_that_clash_in_combat_targ_02_C.wav,target,non_phon_err,infinitive vs. participle,/ʃ/ --> /s/; clash/class,knights,nans,secdiff,,a,,,FB_1206
30,98104a3a5afd49c5cde21ead8cc0d45c3b36a7a9eef2c4cbde9c3749f99a4ba4,Knights,what_term_refers_to_armored_men_who_enjoyed_to_carry_medieval_swords_that_clash_in_combat_targ_02_C.wav,target,non_phon_err,infinitive vs. participle,/ʃ/ --> /s/; clash/class,knights,,,,,,,
30,98104a3a5afd49c5cde21ead8cc0d45c3b36a7a9eef2c4cbde9c3749f99a4ba4,The question does NOT need any corrections.,what_is_the_name_of_the_video_game_character_who_is_a_traveling_italian_plumber_fill_08.wav,filler_other,NA,NA,NA,Mario,nans,first,,a,,,FB_1206
30,98104a3a5afd49c5cde21ead8cc0d45c3b36a7a9eef2c4cbde9c3749f99a4ba4,Super Mario,what_is_the_name_of_the_video_game_character_who_is_a_traveling_italian_plumber_fill_08.wav,filler_other,NA,NA,NA,Mario,,,,,,,
30,98104a3a5afd49c5cde21ead8cc0d45c3b36a7a9eef2c4cbde9c3749f99a4ba4,I’m good — skip to the next question,what_is_the_name_of_the_video_game_character_who_is_a_traveling_italian_plumber_fill_08.wav,filler_other,NA,NA,NA,Mario,s,secsame,,,,,FB_1206
30,98104a3a5afd49c5cde21ead8cc0d45c3b36a7a9eef2c4cbde9c3749f99a4ba4,NA,what_is_the_name_of_the_video_game_character_who_is_a_traveling_italian_plumber_fill_08.wav,filler_other,NA,NA,NA,Mario,,,,,,,
30,98104a3a5afd49c5cde21ead8cc0d45c3b36a7a9eef2c4cbde9c3749f99a4ba4,"The question does NOT need any corrections, but I don't know the answer/ I don't understand what the question is asking.",what_colors_can_have_on_a_traffic_light_which_often_senses_when_cars_pool_up_targ_11_D.wav,target,both_err,have vs. be,/ʊ/ --> /u/; pulls/pools,green,nun,first,,,,,FB_1206
30,98104a3a5afd49c5cde21ead8cc0d45c3b36a7a9eef2c4cbde9c3749f99a4ba4,NA,what_colors_can_have_on_a_traffic_light_which_often_senses_when_cars_pool_up_targ_11_D.wav,target,both_err,have vs. be,/ʊ/ --> /u/; pulls/pools,green,,,,,,,
30,98104a3a5afd49c5cde21ead8cc0d45c3b36a7a9eef2c4cbde9c3749f99a4ba4,"The question needs to be CORRECTED (Select this if you spot an error, even if you don’t know the answer).",what_colors_can_have_on_a_traffic_light_which_often_senses_when_cars_pool_up_targ_11_D.wav,target,both_err,have vs. be,/ʊ/ --> /u/; pulls/pools,green,y,secdiff,np,,,,FB_1206
30,98104a3a5afd49c5cde21ead8cc0d45c3b36a7a9eef2c4cbde9c3749f99a4ba4,"it should be - can be on a traffic light
 I dont know",what_colors_can_have_on_a_traffic_light_which_often_senses_when_cars_pool_up_targ_11_D.wav,target,both_err,have vs. be,/ʊ/ --> /u/; pulls/pools,green,,,,,,,
30,98104a3a5afd49c5cde21ead8cc0d45c3b36a7a9eef2c4cbde9c3749f99a4ba4,The question does NOT need any corrections.,which_oscar-winning_movie_features_tom_hanks_saying_life_is_like_a_box_of_chocolates_fill_12.wav,filler_other,NA,NA,NA,Forrest Gump,nans,first,,a,,,FB_1206
30,98104a3a5afd49c5cde21ead8cc0d45c3b36a7a9eef2c4cbde9c3749f99a4ba4,Forrest gump,which_oscar-winning_movie_features_tom_hanks_saying_life_is_like_a_box_of_chocolates_fill_12.wav,filler_other,NA,NA,NA,Forrest Gump,,,,,,,
30,98104a3a5afd49c5cde21ead8cc0d45c3b36a7a9eef2c4cbde9c3749f99a4ba4,I’m good — skip to the next question,which_oscar-winning_movie_features_tom_hanks_saying_life_is_like_a_box_of_chocolates_fill_12.wav,filler_other,NA,NA,NA,Forrest Gump,s,secsame,,,,,FB_1206
30,98104a3a5afd49c5cde21ead8cc0d45c3b36a7a9eef2c4cbde9c3749f99a4ba4,NA,which_oscar-winning_movie_features_tom_hanks_saying_life_is_like_a_box_of_chocolates_fill_12.wav,filler_other,NA,NA,NA,Forrest Gump,,,,,,,
30,98104a3a5afd49c5cde21ead8cc0d45c3b36a7a9eef2c4cbde9c3749f99a4ba4,The question does NOT need any corrections.,what_holiday_occurs_at_the_end_of_october_and_features_trick-or-treating_pumpkins_and_haunted_houses_fill_07.wav,filler_other,NA,NA,NA,Halloween,nans,first,,a,,,FB_1206
30,98104a3a5afd49c5cde21ead8cc0d45c3b36a7a9eef2c4cbde9c3749f99a4ba4,halloween,what_holiday_occurs_at_the_end_of_october_and_features_trick-or-treating_pumpkins_and_haunted_houses_fill_07.wav,filler_other,NA,NA,NA,Halloween,,,,,,,
30,98104a3a5afd49c5cde21ead8cc0d45c3b36a7a9eef2c4cbde9c3749f99a4ba4,I’m good — skip to the next question,what_holiday_occurs_at_the_end_of_october_and_features_trick-or-treating_pumpkins_and_haunted_houses_fill_07.wav,filler_other,NA,NA,NA,Halloween,s,secsame,,,,,FB_1206
30,98104a3a5afd49c5cde21ead8cc0d45c3b36a7a9eef2c4cbde9c3749f99a4ba4,NA,what_holiday_occurs_at_the_end_of_october_and_features_trick-or-treating_pumpkins_and_haunted_houses_fill_07.wav,filler_other,NA,NA,NA,Halloween,,,,,,,