participant_num,participant_id,response_value,question,stim_type,condition,nonphon_err_details,phon_err_details,err_reported,err_reported_num,err_type_response,no_err_response,comments,coder,
25,86186993cadd124e4cf2905d5bbf282efc4798032fc759c080f69f5df44c4853,The question does NOT need any corrections.,how_many_legs_does_a_dog_normally_have_fill_25.wav,att_check_good,NA,NA,NA,nans,,,a,attention check failed (5/8 correct),JB_1107,"coder note: I put 'otherp', 'othernp', 'otherirr', etc. for errors reported on filler trials as discussed in training meeting"
25,86186993cadd124e4cf2905d5bbf282efc4798032fc759c080f69f5df44c4853,4,how_many_legs_does_a_dog_normally_have_fill_25.wav,att_check_good,NA,NA,NA,,,,,,,
25,86186993cadd124e4cf2905d5bbf282efc4798032fc759c080f69f5df44c4853,The question does NOT need any corrections.,what_state_is_los_angeles_located_in_fill_26.wav,att_check_good,NA,NA,NA,nans,,,a,,JB_1107,
25,86186993cadd124e4cf2905d5bbf282efc4798032fc759c080f69f5df44c4853,California,what_state_is_los_angeles_located_in_fill_26.wav,att_check_good,NA,NA,NA,,,,,,,
25,86186993cadd124e4cf2905d5bbf282efc4798032fc759c080f69f5df44c4853,The question does NOT need any corrections.,what_day_of_the_week_comes_after_monday_fill_27.wav,att_check_good,NA,NA,NA,nans,,,a,,JB_1107,
25,86186993cadd124e4cf2905d5bbf282efc4798032fc759c080f69f5df44c4853,Tuesday,what_day_of_the_week_comes_after_monday_fill_27.wav,att_check_good,NA,NA,NA,,,,,,,
25,86186993cadd124e4cf2905d5bbf282efc4798032fc759c080f69f5df44c4853,The question does NOT need any corrections.,what_color_is_a_typical_school_bus_fill_28.wav,att_check_good,NA,NA,NA,nans,,,a,,JB_1107,
25,86186993cadd124e4cf2905d5bbf282efc4798032fc759c080f69f5df44c4853,yellow,what_color_is_a_typical_school_bus_fill_28.wav,att_check_good,NA,NA,NA,,,,,,,
25,86186993cadd124e4cf2905d5bbf282efc4798032fc759c080f69f5df44c4853,The question does NOT need any corrections.,in_the_cycle_of_seasons_what_season_comes_after_dinter_fill_29.wav,att_check_err,NA,NA,NA,nans,,acheckf,,,JB_1107,
25,86186993cadd124e4cf2905d5bbf282efc4798032fc759c080f69f5df44c4853,Spring,in_the_cycle_of_seasons_what_season_comes_after_dinter_fill_29.wav,att_check_err,NA,NA,NA,,,,,,,
25,86186993cadd124e4cf2905d5bbf282efc4798032fc759c080f69f5df44c4853,The question does NOT need any corrections.,what_insect_undergoes_a_process_of_change_to_turn_into_a_butterfy_fill_30.wav,att_check_err,NA,NA,NA,nans,,acheckf,,,JB_1107,
25,86186993cadd124e4cf2905d5bbf282efc4798032fc759c080f69f5df44c4853,Catepillar,what_insect_undergoes_a_process_of_change_to_turn_into_a_butterfy_fill_30.wav,att_check_err,NA,NA,NA,,,,,,,
25,86186993cadd124e4cf2905d5bbf282efc4798032fc759c080f69f5df44c4853,The question needs to be CORRECTED.,what_is_the_largest_plant_in_the_solar_system_fill_31.wav,att_check_err,NA,NA,NA,y,,acheckp,,,JB_1107,
25,86186993cadd124e4cf2905d5bbf282efc4798032fc759c080f69f5df44c4853,"Jupiter; it sounded like ""plant"" was said instead of ""planet"" in the sentence",what_is_the_largest_plant_in_the_solar_system_fill_31.wav,att_check_err,NA,NA,NA,,,,,,,
25,86186993cadd124e4cf2905d5bbf282efc4798032fc759c080f69f5df44c4853,The question needs to be CORRECTED.,how_many_embers_were_in_the_beatles_the_british_rock_band_fill_32.wav,att_check_err,NA,NA,NA,y,,acheckf,,,JB_1107,
25,86186993cadd124e4cf2905d5bbf282efc4798032fc759c080f69f5df44c4853,4; The question needs to be more specific and ask for either the number when they were popular or total number of band members,how_many_embers_were_in_the_beatles_the_british_rock_band_fill_32.wav,att_check_err,NA,NA,NA,,,,,,,
25,86186993cadd124e4cf2905d5bbf282efc4798032fc759c080f69f5df44c4853,The question needs to be CORRECTED.,for_what_pink_ice_cream_flavor_wheel_companies_do_their_best_to_use_real_fruit_targ_01_B.wav,target,phon_err,make vs. other verb,/ɪ/ --> /i/; will/wheel,,,,,,,
25,86186993cadd124e4cf2905d5bbf282efc4798032fc759c080f69f5df44c4853,"Strawberry; enunciate ""fruit"" more so it doesn't sound like ""foot""",for_what_pink_ice_cream_flavor_wheel_companies_do_their_best_to_use_real_fruit_targ_01_B.wav,target,phon_err,make vs. other verb,/ɪ/ --> /i/; will/wheel,,,,,,,
25,86186993cadd124e4cf2905d5bbf282efc4798032fc759c080f69f5df44c4853,"The question does NOT need any corrections, but I don't know the answer/ I don't understand what the question is asking.",what_term_refers_to_armored_men_who_enjoyed_to_carry_medieval_swords_that_clash_in_combat_targ_02_C.wav,target,non_phon_err,infinitive vs. participle,/ʃ/ --> /s/; clash/class,,,,,,,
25,86186993cadd124e4cf2905d5bbf282efc4798032fc759c080f69f5df44c4853,NA,what_term_refers_to_armored_men_who_enjoyed_to_carry_medieval_swords_that_clash_in_combat_targ_02_C.wav,target,non_phon_err,infinitive vs. participle,/ʃ/ --> /s/; clash/class,,,,,,,
25,86186993cadd124e4cf2905d5bbf282efc4798032fc759c080f69f5df44c4853,"The question does NOT need any corrections, but I don't know the answer/ I don't understand what the question is asking.",which_scottish_actor_first_played_james_bond_wearing_guilts_to_red_carpets_when_he_had_32_years_old_targ_03_D.wav,target,both_err,have vs. be,/k/ --> /g/; kilt/guilt,,,,,,,
25,86186993cadd124e4cf2905d5bbf282efc4798032fc759c080f69f5df44c4853,NA,which_scottish_actor_first_played_james_bond_wearing_guilts_to_red_carpets_when_he_had_32_years_old_targ_03_D.wav,target,both_err,have vs. be,/k/ --> /g/; kilt/guilt,,,,,,,
25,86186993cadd124e4cf2905d5bbf282efc4798032fc759c080f69f5df44c4853,The question does NOT need any corrections.,what_did_neil_armstrong_say_during_his_very_first_steps_on_the_moon_targ_04_A.wav,target,correct,no aux verbs in questions (lack of do support),/v/ --> /b/; very/berry,,,,,,,
25,86186993cadd124e4cf2905d5bbf282efc4798032fc759c080f69f5df44c4853,"One small step for man, one large step for mankind",what_did_neil_armstrong_say_during_his_very_first_steps_on_the_moon_targ_04_A.wav,target,correct,no aux verbs in questions (lack of do support),/v/ --> /b/; very/berry,,,,,,,
25,86186993cadd124e4cf2905d5bbf282efc4798032fc759c080f69f5df44c4853,"The question does NOT need any corrections, but I don't know the answer/ I don't understand what the question is asking.",what_kind_of_weather_cooed_cooled_occur_when_it_is_raining_and_below_freezing_targ_05_B.wav,target,phon_err,expletive 'it' dropping,/ʊ/ --> /u/; could/cooed,,,,,,,
25,86186993cadd124e4cf2905d5bbf282efc4798032fc759c080f69f5df44c4853,NA,what_kind_of_weather_cooed_cooled_occur_when_it_is_raining_and_below_freezing_targ_05_B.wav,target,phon_err,expletive 'it' dropping,/ʊ/ --> /u/; could/cooed,,,,,,,
25,86186993cadd124e4cf2905d5bbf282efc4798032fc759c080f69f5df44c4853,"The question does NOT need any corrections, but I don't know the answer/ I don't understand what the question is asking.",how_many_legs_does_a_garden_spider_canadian_whose_silk_can_make_cloth_have_targ_06_C.wav,target,non_phon_err,adj/noun order,/θ/ --> /t/; cloth/clot,,,,,,,
25,86186993cadd124e4cf2905d5bbf282efc4798032fc759c080f69f5df44c4853,NA,how_many_legs_does_a_garden_spider_canadian_whose_silk_can_make_cloth_have_targ_06_C.wav,target,non_phon_err,adj/noun order,/θ/ --> /t/; cloth/clot,,,,,,,
25,86186993cadd124e4cf2905d5bbf282efc4798032fc759c080f69f5df44c4853,"The question does NOT need any corrections, but I don't know the answer/ I don't understand what the question is asking.",what_childrens_game_makes_people_seat_down_quickly_when_the_music_loud_stops_targ_07_D.wav,target,both_err,adj/noun order,/ɪ/ --> /i/; sit/seat,,,,,,,
25,86186993cadd124e4cf2905d5bbf282efc4798032fc759c080f69f5df44c4853,NA,what_childrens_game_makes_people_seat_down_quickly_when_the_music_loud_stops_targ_07_D.wav,target,both_err,adj/noun order,/ɪ/ --> /i/; sit/seat,,,,,,,
25,86186993cadd124e4cf2905d5bbf282efc4798032fc759c080f69f5df44c4853,The question does NOT need any corrections.,because_it_is_important_to_honor_the_irish_saint_what_holiday_occurs_on_march_17th_targ_08_A.wav,target,correct,expletive 'it' dropping,/ʃ/ --> /s/; Irish/iris,,,,,,,
25,86186993cadd124e4cf2905d5bbf282efc4798032fc759c080f69f5df44c4853,St. Patrick's Day,because_it_is_important_to_honor_the_irish_saint_what_holiday_occurs_on_march_17th_targ_08_A.wav,target,correct,expletive 'it' dropping,/ʃ/ --> /s/; Irish/iris,,,,,,,
25,86186993cadd124e4cf2905d5bbf282efc4798032fc759c080f69f5df44c4853,The question does NOT need any corrections.,if_laundry_service_will_gum_in_five_days_and_todays_thursday_when_are_they_doing_laundry_next_targ_09_B.wav,target,phon_err,make vs. other verb,/k/ --> /g/; come/gum,,,,,,,
25,86186993cadd124e4cf2905d5bbf282efc4798032fc759c080f69f5df44c4853,Tuesday,if_laundry_service_will_gum_in_five_days_and_todays_thursday_when_are_they_doing_laundry_next_targ_09_B.wav,target,phon_err,make vs. other verb,/k/ --> /g/; come/gum,,,,,,,
25,86186993cadd124e4cf2905d5bbf282efc4798032fc759c080f69f5df44c4853,The question needs to be CORRECTED.,who_did_americans_vote_for_to_be_their_first_president_who_avoided_to_serve_three_terms_targ_10_C.wav,target,non_phon_err,infinitive vs. participle,/v/ --> /b/; vote/boat,,,,,,,
25,86186993cadd124e4cf2905d5bbf282efc4798032fc759c080f69f5df44c4853,George Washington; just change the sentence to say who did America vote to be their first president,who_did_americans_vote_for_to_be_their_first_president_who_avoided_to_serve_three_terms_targ_10_C.wav,target,non_phon_err,infinitive vs. participle,/v/ --> /b/; vote/boat,,,,,,,
25,86186993cadd124e4cf2905d5bbf282efc4798032fc759c080f69f5df44c4853,The question needs to be CORRECTED.,what_colors_can_have_on_a_traffic_light_which_often_senses_when_cars_pool_up_targ_11_D.wav,target,both_err,have vs. be,/ʊ/ --> /u/; pulls/pools,,,,,,,
25,86186993cadd124e4cf2905d5bbf282efc4798032fc759c080f69f5df44c4853,"Red, yellow, green; change the beginning to sound more natural like ""What are the typical colors on a traffic light"".",what_colors_can_have_on_a_traffic_light_which_often_senses_when_cars_pool_up_targ_11_D.wav,target,both_err,have vs. be,/ʊ/ --> /u/; pulls/pools,,,,,,,
25,86186993cadd124e4cf2905d5bbf282efc4798032fc759c080f69f5df44c4853,The question does NOT need any corrections.,if_youre_on_a_path_from_california_to_hawaii_which_ocean_do_you_go_through_targ_12_A.wav,target,correct,no aux verbs in questions (lack of do support),/θ/ --> /t/; path/pat,,,,,,,
25,86186993cadd124e4cf2905d5bbf282efc4798032fc759c080f69f5df44c4853,Pacific,if_youre_on_a_path_from_california_to_hawaii_which_ocean_do_you_go_through_targ_12_A.wav,target,correct,no aux verbs in questions (lack of do support),/θ/ --> /t/; path/pat,,,,,,,
25,86186993cadd124e4cf2905d5bbf282efc4798032fc759c080f69f5df44c4853,The question needs to be CORRECTED.,what_supplies_do_you_need_to_neat_a_scarf_targ_13_B.wav,target,phon_err,no aux verbs in questions (lack of do support),/ɪ/ --> /i/; knit/neat,,,,,,,
25,86186993cadd124e4cf2905d5bbf282efc4798032fc759c080f69f5df44c4853,NA,what_supplies_do_you_need_to_neat_a_scarf_targ_13_B.wav,target,phon_err,no aux verbs in questions (lack of do support),/ɪ/ --> /i/; knit/neat,,,,,,,
25,86186993cadd124e4cf2905d5bbf282efc4798032fc759c080f69f5df44c4853,The question does NOT need any corrections.,what_city_have_people_rushed_to_tour_to_see_where_the_us_government_makes_business_targ_14_C.wav,target,non_phon_err,make vs. other verb,/ʃ/ --> /s/; rushed/rust,,,,,,,
25,86186993cadd124e4cf2905d5bbf282efc4798032fc759c080f69f5df44c4853,Washington DC,what_city_have_people_rushed_to_tour_to_see_where_the_us_government_makes_business_targ_14_C.wav,target,non_phon_err,make vs. other verb,/ʃ/ --> /s/; rushed/rust,,,,,,,
25,86186993cadd124e4cf2905d5bbf282efc4798032fc759c080f69f5df44c4853,The question needs to be CORRECTED.,what_colors_make_up_a_traditional_candy_gain_which_people_enjoy_to_eat_during_christmas_targ_15_D.wav,target,both_err,infinitive vs. participle,/k/ --> /g/; cane/gain,,,,,,,
25,86186993cadd124e4cf2905d5bbf282efc4798032fc759c080f69f5df44c4853,"red and white; ""cane"" sounded like ""gane"" so that should be fixed",what_colors_make_up_a_traditional_candy_gain_which_people_enjoy_to_eat_during_christmas_targ_15_D.wav,target,both_err,infinitive vs. participle,/k/ --> /g/; cane/gain,,,,,,,
25,86186993cadd124e4cf2905d5bbf282efc4798032fc759c080f69f5df44c4853,The question does NOT need any corrections.,where_do_people_get_drivers_licenses_since_it_is_required_as_valid_id_to_drive_targ_16_A.wav,target,correct,expletive 'it' dropping,/v/ --> /b/; valid/ballad,,,,,,,
25,86186993cadd124e4cf2905d5bbf282efc4798032fc759c080f69f5df44c4853,DMV,where_do_people_get_drivers_licenses_since_it_is_required_as_valid_id_to_drive_targ_16_A.wav,target,correct,expletive 'it' dropping,/v/ --> /b/; valid/ballad,,,,,,,
25,86186993cadd124e4cf2905d5bbf282efc4798032fc759c080f69f5df44c4853,The question needs to be CORRECTED.,how_many_days_wooed_wooled_my_tandem_bike_be_gone_if_someone_borrows_it_for_july_targ_17_B.wav,target,phon_err,adj/noun order,/ʊ/ --> /u/; would/wooed,,,,,,,
25,86186993cadd124e4cf2905d5bbf282efc4798032fc759c080f69f5df44c4853,31; I would remove the tandem part in the sentence as that was needlessly confusing,how_many_days_wooed_wooled_my_tandem_bike_be_gone_if_someone_borrows_it_for_july_targ_17_B.wav,target,phon_err,adj/noun order,/ʊ/ --> /u/; would/wooed,,,,,,,
25,86186993cadd124e4cf2905d5bbf282efc4798032fc759c080f69f5df44c4853,The question needs to be CORRECTED.,when_you_have_hot_what_device_measures_body_temperature_in_both_celsius_and_fahrenheit_targ_18_C.wav,target,non_phon_err,have vs. be,/θ/ --> /t/; both/boat,,,,,,,
25,86186993cadd124e4cf2905d5bbf282efc4798032fc759c080f69f5df44c4853,"thermometer; it should start with ""When you have a cold,"" not what it said about hot.",when_you_have_hot_what_device_measures_body_temperature_in_both_celsius_and_fahrenheit_targ_18_C.wav,target,non_phon_err,have vs. be,/θ/ --> /t/; both/boat,,,,,,,
25,86186993cadd124e4cf2905d5bbf282efc4798032fc759c080f69f5df44c4853,The question does NOT need any corrections.,what_big_star_in_our_solar_system_can_steal_be_visible_when_is_cloudy_targ_19_D.wav,target,both_err,expletive 'it' dropping,/ɪ/ --> /i/; still/steal,,,,,,,
25,86186993cadd124e4cf2905d5bbf282efc4798032fc759c080f69f5df44c4853,Sun,what_big_star_in_our_solar_system_can_steal_be_visible_when_is_cloudy_targ_19_D.wav,target,both_err,expletive 'it' dropping,/ɪ/ --> /i/; still/steal,,,,,,,
25,86186993cadd124e4cf2905d5bbf282efc4798032fc759c080f69f5df44c4853,The question does NOT need any corrections.,what_popular_us_chain_provides_a_happy_meal_toy_or_plush_when_kids_are_hungry_targ_20_A.wav,target,correct,have vs. be,/ʃ/ --> /s/; plush/plus,,,,,,,
25,86186993cadd124e4cf2905d5bbf282efc4798032fc759c080f69f5df44c4853,McDonalds,what_popular_us_chain_provides_a_happy_meal_toy_or_plush_when_kids_are_hungry_targ_20_A.wav,target,correct,have vs. be,/ʃ/ --> /s/; plush/plus,,,,,,,
25,86186993cadd124e4cf2905d5bbf282efc4798032fc759c080f69f5df44c4853,"The question does NOT need any corrections, but I don't know the answer/ I don't understand what the question is asking.",in_the_lion_king_who_does_nala_talk_to_and_is_laying_in_a_got_after_theyve_reunited_targ_21_B.wav,target,phon_err,no aux verbs in questions (lack of do support),/k/ --> /g/; cot/got,,,,,,,
25,86186993cadd124e4cf2905d5bbf282efc4798032fc759c080f69f5df44c4853,NA,in_the_lion_king_who_does_nala_talk_to_and_is_laying_in_a_got_after_theyve_reunited_targ_21_B.wav,target,phon_err,no aux verbs in questions (lack of do support),/k/ --> /g/; cot/got,,,,,,,
25,86186993cadd124e4cf2905d5bbf282efc4798032fc759c080f69f5df44c4853,The question needs to be CORRECTED.,if_a_janitor_hardworking_cleaned_a_vent_in_five_minutes_how_many_seconds_is_that_targ_22_C.wav,target,non_phon_err,adj/noun order,/v/ --> /b/; vent/bent,,,,,,,
25,86186993cadd124e4cf2905d5bbf282efc4798032fc759c080f69f5df44c4853,"300 seconds; sentence should say ""if a hardworking janitor"" instead of ""janitor hardworking""",if_a_janitor_hardworking_cleaned_a_vent_in_five_minutes_how_many_seconds_is_that_targ_22_C.wav,target,non_phon_err,adj/noun order,/v/ --> /b/; vent/bent,,,,,,,
25,86186993cadd124e4cf2905d5bbf282efc4798032fc759c080f69f5df44c4853,"The question does NOT need any corrections, but I don't know the answer/ I don't understand what the question is asking.",what_company_created_the_macbook_a_device_fool_of_features_to_help_students_make_homework_targ_23_D.wav,target,both_err,make vs. other verb,/ʊ/ --> /u/; full/fool,,,,,,,
25,86186993cadd124e4cf2905d5bbf282efc4798032fc759c080f69f5df44c4853,NA,what_company_created_the_macbook_a_device_fool_of_features_to_help_students_make_homework_targ_23_D.wav,target,both_err,make vs. other verb,/ʊ/ --> /u/; full/fool,,,,,,,
25,86186993cadd124e4cf2905d5bbf282efc4798032fc759c080f69f5df44c4853,The question does NOT need any corrections.,if_i_consider_leaving_work_after_the_fourth_hour_how_many_minutes_would_that_be_targ_24_A.wav,target,correct,infinitive vs. participle,/θ/ --> /t/; fourth/fort,,,,,,,
25,86186993cadd124e4cf2905d5bbf282efc4798032fc759c080f69f5df44c4853,240 minutes,if_i_consider_leaving_work_after_the_fourth_hour_how_many_minutes_would_that_be_targ_24_A.wav,target,correct,infinitive vs. participle,/θ/ --> /t/; fourth/fort,,,,,,,
25,86186993cadd124e4cf2905d5bbf282efc4798032fc759c080f69f5df44c4853,The question does NOT need any corrections.,what_letter_in_the_latin_alphabet_corresponds_to_the_greek_letter_alpha_fill_01.wav,filler_other,NA,NA,NA,,,,,,,
25,86186993cadd124e4cf2905d5bbf282efc4798032fc759c080f69f5df44c4853,a,what_letter_in_the_latin_alphabet_corresponds_to_the_greek_letter_alpha_fill_01.wav,filler_other,NA,NA,NA,,,,,,,
25,86186993cadd124e4cf2905d5bbf282efc4798032fc759c080f69f5df44c4853,The question does NOT need any corrections.,what_organ_is_often_associated_with_being_eaten_by_rotting_flesh_monsters_also_known_as_zombies_fill_02.wav,filler_other,NA,NA,NA,,,,,,,
25,86186993cadd124e4cf2905d5bbf282efc4798032fc759c080f69f5df44c4853,Brain,what_organ_is_often_associated_with_being_eaten_by_rotting_flesh_monsters_also_known_as_zombies_fill_02.wav,filler_other,NA,NA,NA,,,,,,,
25,86186993cadd124e4cf2905d5bbf282efc4798032fc759c080f69f5df44c4853,The question does NOT need any corrections.,which_british_celebrity_judge_often_harshly_critiqued_contestants_on_the_nationwide_singing_contest_american_idol_fill_03.wav,filler_other,NA,NA,NA,,,,,,,
25,86186993cadd124e4cf2905d5bbf282efc4798032fc759c080f69f5df44c4853,Simon Cowell,which_british_celebrity_judge_often_harshly_critiqued_contestants_on_the_nationwide_singing_contest_american_idol_fill_03.wav,filler_other,NA,NA,NA,,,,,,,
25,86186993cadd124e4cf2905d5bbf282efc4798032fc759c080f69f5df44c4853,The question does NOT need any corrections.,which_cartoon_character_works_at_the_krusty_krab_and_is_best_friends_with_patrick_star_fill_04.wav,filler_other,NA,NA,NA,,,,,,,
25,86186993cadd124e4cf2905d5bbf282efc4798032fc759c080f69f5df44c4853,Spongebob Squarepants,which_cartoon_character_works_at_the_krusty_krab_and_is_best_friends_with_patrick_star_fill_04.wav,filler_other,NA,NA,NA,,,,,,,
25,86186993cadd124e4cf2905d5bbf282efc4798032fc759c080f69f5df44c4853,The question does NOT need any corrections.,which_body_part_did_van_gogh_allegedly_cut_off_after_an_argument_with_his_friend_fill_05.wav,filler_other,NA,NA,NA,,,,,,,
25,86186993cadd124e4cf2905d5bbf282efc4798032fc759c080f69f5df44c4853,ear,which_body_part_did_van_gogh_allegedly_cut_off_after_an_argument_with_his_friend_fill_05.wav,filler_other,NA,NA,NA,,,,,,,
25,86186993cadd124e4cf2905d5bbf282efc4798032fc759c080f69f5df44c4853,The question does NOT need any corrections.,what_is_the_name_of_the_comic_strip_featuring_charlie_brown_and_his_dog_snoopy_fill_06.wav,filler_other,NA,NA,NA,,,,,,,
25,86186993cadd124e4cf2905d5bbf282efc4798032fc759c080f69f5df44c4853,Peanuts,what_is_the_name_of_the_comic_strip_featuring_charlie_brown_and_his_dog_snoopy_fill_06.wav,filler_other,NA,NA,NA,,,,,,,
25,86186993cadd124e4cf2905d5bbf282efc4798032fc759c080f69f5df44c4853,The question does NOT need any corrections.,what_holiday_occurs_at_the_end_of_october_and_features_trick-or-treating_pumpkins_and_haunted_houses_fill_07.wav,filler_other,NA,NA,NA,,,,,,,
25,86186993cadd124e4cf2905d5bbf282efc4798032fc759c080f69f5df44c4853,Halloween,what_holiday_occurs_at_the_end_of_october_and_features_trick-or-treating_pumpkins_and_haunted_houses_fill_07.wav,filler_other,NA,NA,NA,,,,,,,
25,86186993cadd124e4cf2905d5bbf282efc4798032fc759c080f69f5df44c4853,The question does NOT need any corrections.,what_is_the_name_of_the_video_game_character_who_is_a_traveling_italian_plumber_fill_08.wav,filler_other,NA,NA,NA,,,,,,,
25,86186993cadd124e4cf2905d5bbf282efc4798032fc759c080f69f5df44c4853,Mario,what_is_the_name_of_the_video_game_character_who_is_a_traveling_italian_plumber_fill_08.wav,filler_other,NA,NA,NA,,,,,,,
25,86186993cadd124e4cf2905d5bbf282efc4798032fc759c080f69f5df44c4853,The question does NOT need any corrections.,what_kind_of_animal_is_mickey_mouse’s_girlfriend_minnie_who_wears_a_bow_fill_09.wav,filler_other,NA,NA,NA,,,,,,,
25,86186993cadd124e4cf2905d5bbf282efc4798032fc759c080f69f5df44c4853,Mouse,what_kind_of_animal_is_mickey_mouse’s_girlfriend_minnie_who_wears_a_bow_fill_09.wav,filler_other,NA,NA,NA,,,,,,,
25,86186993cadd124e4cf2905d5bbf282efc4798032fc759c080f69f5df44c4853,The question does NOT need any corrections.,which_cartoon_dog_solves_mysteries_with_the_group_fred_daphne_velma_and_shaggy_fill_10.wav,filler_other,NA,NA,NA,,,,,,,
25,86186993cadd124e4cf2905d5bbf282efc4798032fc759c080f69f5df44c4853,Scooby Doo,which_cartoon_dog_solves_mysteries_with_the_group_fred_daphne_velma_and_shaggy_fill_10.wav,filler_other,NA,NA,NA,,,,,,,
25,86186993cadd124e4cf2905d5bbf282efc4798032fc759c080f69f5df44c4853,The question does NOT need any corrections.,which_fast_food_chain_offers_foot-long_sandwiches_and_has_the_slogan_eat_fresh_fill_11.wav,filler_other,NA,NA,NA,,,,,,,
25,86186993cadd124e4cf2905d5bbf282efc4798032fc759c080f69f5df44c4853,Subway,which_fast_food_chain_offers_foot-long_sandwiches_and_has_the_slogan_eat_fresh_fill_11.wav,filler_other,NA,NA,NA,,,,,,,
25,86186993cadd124e4cf2905d5bbf282efc4798032fc759c080f69f5df44c4853,The question does NOT need any corrections.,which_oscar-winning_movie_features_tom_hanks_saying_life_is_like_a_box_of_chocolates_fill_12.wav,filler_other,NA,NA,NA,,,,,,,
25,86186993cadd124e4cf2905d5bbf282efc4798032fc759c080f69f5df44c4853,Forrest Gump,which_oscar-winning_movie_features_tom_hanks_saying_life_is_like_a_box_of_chocolates_fill_12.wav,filler_other,NA,NA,NA,,,,,,,
25,86186993cadd124e4cf2905d5bbf282efc4798032fc759c080f69f5df44c4853,"The question does NOT need any corrections, but I don't know the answer/ I don't understand what the question is asking.",what_novel_has_the_quote_i’m_late_i’m_late_for_a_very_important_date_fill_13.wav,filler_other,NA,NA,NA,,,,,,,
25,86186993cadd124e4cf2905d5bbf282efc4798032fc759c080f69f5df44c4853,NA,what_novel_has_the_quote_i’m_late_i’m_late_for_a_very_important_date_fill_13.wav,filler_other,NA,NA,NA,,,,,,,
25,86186993cadd124e4cf2905d5bbf282efc4798032fc759c080f69f5df44c4853,The question needs to be CORRECTED.,what_mythical_creatures_have_been_said_to_drink_blood_turn_into_bats_and_hate_onions_fill_14.wav,filler_other,NA,NA,NA,,,,,,,
25,86186993cadd124e4cf2905d5bbf282efc4798032fc759c080f69f5df44c4853,"Vampires; enunciate ""mythical"" and ""hate"" more",what_mythical_creatures_have_been_said_to_drink_blood_turn_into_bats_and_hate_onions_fill_14.wav,filler_other,NA,NA,NA,,,,,,,
25,86186993cadd124e4cf2905d5bbf282efc4798032fc759c080f69f5df44c4853,"The question does NOT need any corrections, but I don't know the answer/ I don't understand what the question is asking.",who_discovered_the_law_of_universal_gravitation_which_accounts_for_why_objects_naturally_fall_downwards_fill_15.wav,filler_other,NA,NA,NA,,,,,,,
25,86186993cadd124e4cf2905d5bbf282efc4798032fc759c080f69f5df44c4853,NA,who_discovered_the_law_of_universal_gravitation_which_accounts_for_why_objects_naturally_fall_downwards_fill_15.wav,filler_other,NA,NA,NA,,,,,,,
25,86186993cadd124e4cf2905d5bbf282efc4798032fc759c080f69f5df44c4853,"The question does NOT need any corrections, but I don't know the answer/ I don't understand what the question is asking.",which_soft_pastry_made_with_a_certain_spice_is_often_spiral-shaped_and_topped_with_icing_fill_16.wav,filler_other,NA,NA,NA,,,,,,,
25,86186993cadd124e4cf2905d5bbf282efc4798032fc759c080f69f5df44c4853,NA,which_soft_pastry_made_with_a_certain_spice_is_often_spiral-shaped_and_topped_with_icing_fill_16.wav,filler_other,NA,NA,NA,,,,,,,
25,86186993cadd124e4cf2905d5bbf282efc4798032fc759c080f69f5df44c4853,The question does NOT need any corrections.,what_us_holiday_is_often_celebrated_with_fireworks_and_hotdogs_to_honor_americas_freedom_fill_17.wav,filler_other,NA,NA,NA,,,,,,,
25,86186993cadd124e4cf2905d5bbf282efc4798032fc759c080f69f5df44c4853,Independence Day,what_us_holiday_is_often_celebrated_with_fireworks_and_hotdogs_to_honor_americas_freedom_fill_17.wav,filler_other,NA,NA,NA,,,,,,,
25,86186993cadd124e4cf2905d5bbf282efc4798032fc759c080f69f5df44c4853,The question does NOT need any corrections.,which_tropical_fruit_that_grows_on_palm_trees_is_used_for_oils_and_milks_fill_18.wav,filler_other,NA,NA,NA,,,,,,,
25,86186993cadd124e4cf2905d5bbf282efc4798032fc759c080f69f5df44c4853,almond,which_tropical_fruit_that_grows_on_palm_trees_is_used_for_oils_and_milks_fill_18.wav,filler_other,NA,NA,NA,,,,,,,
25,86186993cadd124e4cf2905d5bbf282efc4798032fc759c080f69f5df44c4853,The question needs to be CORRECTED.,which_season_do_we_associate_with_thanksgiving_the_beginning_of_school_and_leaves_turning_brown_fill_19.wav,filler_other,NA,NA,NA,,,,,,,
25,86186993cadd124e4cf2905d5bbf282efc4798032fc759c080f69f5df44c4853,don't know; don't know the question was asking and need to make what is being asked more clear. I heard things about thanksgiving but not the actual question,which_season_do_we_associate_with_thanksgiving_the_beginning_of_school_and_leaves_turning_brown_fill_19.wav,filler_other,NA,NA,NA,,,,,,,
25,86186993cadd124e4cf2905d5bbf282efc4798032fc759c080f69f5df44c4853,"The question does NOT need any corrections, but I don't know the answer/ I don't understand what the question is asking.",what_musician_won_grammys_for_their_album_thriller_which_features_the_hit_song_beat_it_fill_20.wav,filler_other,NA,NA,NA,,,,,,,
25,86186993cadd124e4cf2905d5bbf282efc4798032fc759c080f69f5df44c4853,NA,what_musician_won_grammys_for_their_album_thriller_which_features_the_hit_song_beat_it_fill_20.wav,filler_other,NA,NA,NA,,,,,,,
25,86186993cadd124e4cf2905d5bbf282efc4798032fc759c080f69f5df44c4853,The question needs to be CORRECTED.,what_animal_is_typically_white_with_black_spots_and_says_moo_fill_21.wav,filler_other,NA,NA,NA,,,,,,,
25,86186993cadd124e4cf2905d5bbf282efc4798032fc759c080f69f5df44c4853,dalmation; I don't know what was said at the end of the sentence so make that more clear,what_animal_is_typically_white_with_black_spots_and_says_moo_fill_21.wav,filler_other,NA,NA,NA,,,,,,,
25,86186993cadd124e4cf2905d5bbf282efc4798032fc759c080f69f5df44c4853,The question does NOT need any corrections.,where_do_the_jolly_christmas_icons_santa_claus_and_his_wife_mrs._claus_live_fill_22.wav,filler_other,NA,NA,NA,,,,,,,
25,86186993cadd124e4cf2905d5bbf282efc4798032fc759c080f69f5df44c4853,North Pole,where_do_the_jolly_christmas_icons_santa_claus_and_his_wife_mrs._claus_live_fill_22.wav,filler_other,NA,NA,NA,,,,,,,
25,86186993cadd124e4cf2905d5bbf282efc4798032fc759c080f69f5df44c4853,"The question does NOT need any corrections, but I don't know the answer/ I don't understand what the question is asking.",in_the_famous_dr_seuss_book_what_orange_and_yellow_character_speaks_for_the_trees_fill_23.wav,filler_other,NA,NA,NA,,,,,,,
25,86186993cadd124e4cf2905d5bbf282efc4798032fc759c080f69f5df44c4853,NA,in_the_famous_dr_seuss_book_what_orange_and_yellow_character_speaks_for_the_trees_fill_23.wav,filler_other,NA,NA,NA,,,,,,,
25,86186993cadd124e4cf2905d5bbf282efc4798032fc759c080f69f5df44c4853,The question does NOT need any corrections.,in_what_country_would_you_find_landmarks_like_the_pyramids_of_giza_and_great_sphinx_fill_24.wav,filler_other,NA,NA,NA,,,,,,,
25,86186993cadd124e4cf2905d5bbf282efc4798032fc759c080f69f5df44c4853,Egypt,in_what_country_would_you_find_landmarks_like_the_pyramids_of_giza_and_great_sphinx_fill_24.wav,filler_other,NA,NA,NA,,,,,,,
26,8897c104e9c6777129e0be6a9bf75483f320d4549c0a2780f82624f0acd05b1c,The question does NOT need any corrections.,how_many_legs_does_a_dog_normally_have_fill_25.wav,att_check_good,NA,NA,NA,nans,,,a,attention check passed (7/8 correct),JB_1107,
26,8897c104e9c6777129e0be6a9bf75483f320d4549c0a2780f82624f0acd05b1c,Four,how_many_legs_does_a_dog_normally_have_fill_25.wav,att_check_good,NA,NA,NA,,,,,,,
26,8897c104e9c6777129e0be6a9bf75483f320d4549c0a2780f82624f0acd05b1c,The question does NOT need any corrections.,what_state_is_los_angeles_located_in_fill_26.wav,att_check_good,NA,NA,NA,nans,,,a,,JB_1107,
26,8897c104e9c6777129e0be6a9bf75483f320d4549c0a2780f82624f0acd05b1c,California,what_state_is_los_angeles_located_in_fill_26.wav,att_check_good,NA,NA,NA,,,,,,,
26,8897c104e9c6777129e0be6a9bf75483f320d4549c0a2780f82624f0acd05b1c,The question needs to be CORRECTED.,what_day_of_the_week_comes_after_monday_fill_27.wav,att_check_good,NA,NA,NA,y,,otherp,a,,JB_1107,
26,8897c104e9c6777129e0be6a9bf75483f320d4549c0a2780f82624f0acd05b1c,"Tuesday; ""Monday"" is mispronounced",what_day_of_the_week_comes_after_monday_fill_27.wav,att_check_good,NA,NA,NA,,,,,,,
26,8897c104e9c6777129e0be6a9bf75483f320d4549c0a2780f82624f0acd05b1c,The question does NOT need any corrections.,what_color_is_a_typical_school_bus_fill_28.wav,att_check_good,NA,NA,NA,nans,,,a,,JB_1107,
26,8897c104e9c6777129e0be6a9bf75483f320d4549c0a2780f82624f0acd05b1c,Yellow,what_color_is_a_typical_school_bus_fill_28.wav,att_check_good,NA,NA,NA,,,,,,,
26,8897c104e9c6777129e0be6a9bf75483f320d4549c0a2780f82624f0acd05b1c,The question needs to be CORRECTED.,in_the_cycle_of_seasons_what_season_comes_after_dinter_fill_29.wav,att_check_err,NA,NA,NA,y,,acheckp,,,JB_1107,
26,8897c104e9c6777129e0be6a9bf75483f320d4549c0a2780f82624f0acd05b1c,"Spring; ""Winter"" is mispronounced as ""dinter""",in_the_cycle_of_seasons_what_season_comes_after_dinter_fill_29.wav,att_check_err,NA,NA,NA,,,,,,,
26,8897c104e9c6777129e0be6a9bf75483f320d4549c0a2780f82624f0acd05b1c,The question needs to be CORRECTED.,what_insect_undergoes_a_process_of_change_to_turn_into_a_butterfy_fill_30.wav,att_check_err,NA,NA,NA,y,,acheckp,,,JB_1107,
26,8897c104e9c6777129e0be6a9bf75483f320d4549c0a2780f82624f0acd05b1c,"Caterpillar; ""Butterfly"" was mispronounced as ""butterfy""",what_insect_undergoes_a_process_of_change_to_turn_into_a_butterfy_fill_30.wav,att_check_err,NA,NA,NA,,,,,,,
26,8897c104e9c6777129e0be6a9bf75483f320d4549c0a2780f82624f0acd05b1c,The question needs to be CORRECTED.,what_is_the_largest_plant_in_the_solar_system_fill_31.wav,att_check_err,NA,NA,NA,y,,acheckp,,,JB_1107,
26,8897c104e9c6777129e0be6a9bf75483f320d4549c0a2780f82624f0acd05b1c,"Jupiter; ""Planet"" is mispronounced as ""plant""",what_is_the_largest_plant_in_the_solar_system_fill_31.wav,att_check_err,NA,NA,NA,,,,,,,
26,8897c104e9c6777129e0be6a9bf75483f320d4549c0a2780f82624f0acd05b1c,The question needs to be CORRECTED.,how_many_embers_were_in_the_beatles_the_british_rock_band_fill_32.wav,att_check_err,NA,NA,NA,y,,acheckf,,,JB_1107,
26,8897c104e9c6777129e0be6a9bf75483f320d4549c0a2780f82624f0acd05b1c,"Four; Mispronounced ""The Beatles""",how_many_embers_were_in_the_beatles_the_british_rock_band_fill_32.wav,att_check_err,NA,NA,NA,,,,,,,
26,8897c104e9c6777129e0be6a9bf75483f320d4549c0a2780f82624f0acd05b1c,The question does NOT need any corrections.,for_what_pink_ice_cream_flavor_will_companies_make_their_best_to_use_real_fruit_targ_01_C.wav,target,non_phon_err,make vs. other verb,/ɪ/ --> /i/; will/wheel,nans,,,,,JB_1107,
26,8897c104e9c6777129e0be6a9bf75483f320d4549c0a2780f82624f0acd05b1c,Strawberry,for_what_pink_ice_cream_flavor_will_companies_make_their_best_to_use_real_fruit_targ_01_C.wav,target,non_phon_err,make vs. other verb,/ɪ/ --> /i/; will/wheel,,,,,,,
26,8897c104e9c6777129e0be6a9bf75483f320d4549c0a2780f82624f0acd05b1c,The question does NOT need any corrections.,what_term_refers_to_armored_men_who_enjoyed_to_carry_medieval_swords_that_class_in_combat_targ_02_D.wav,target,both_err,infinitive vs. participle,/ʃ/ --> /s/; clash/class,nans,,,,,JB_1107,
26,8897c104e9c6777129e0be6a9bf75483f320d4549c0a2780f82624f0acd05b1c,Knights,what_term_refers_to_armored_men_who_enjoyed_to_carry_medieval_swords_that_class_in_combat_targ_02_D.wav,target,both_err,infinitive vs. participle,/ʃ/ --> /s/; clash/class,,,,,,,
26,8897c104e9c6777129e0be6a9bf75483f320d4549c0a2780f82624f0acd05b1c,"The question does NOT need any corrections, but I don't know the answer/ I don't understand what the question is asking.",which_scottish_actor_first_played_james_bond_wearing_kilts_to_red_carpets_when_he_was_32_years_old_targ_03_A.wav,target,correct,have vs. be,/k/ --> /g/; kilt/guilt,nun,,,,,JB_1107,
26,8897c104e9c6777129e0be6a9bf75483f320d4549c0a2780f82624f0acd05b1c,N/A,which_scottish_actor_first_played_james_bond_wearing_kilts_to_red_carpets_when_he_was_32_years_old_targ_03_A.wav,target,correct,have vs. be,/k/ --> /g/; kilt/guilt,,,,,,,
26,8897c104e9c6777129e0be6a9bf75483f320d4549c0a2780f82624f0acd05b1c,The question does NOT need any corrections.,what_did_neil_armstrong_say_during_his_berry_first_steps_on_the_moon_targ_04_B.wav,target,phon_err,no aux verbs in questions (lack of do support),/v/ --> /b/; very/berry,nans,,,,,JB_1107,
26,8897c104e9c6777129e0be6a9bf75483f320d4549c0a2780f82624f0acd05b1c,"""One small step for man, one big leap for mankind""",what_did_neil_armstrong_say_during_his_berry_first_steps_on_the_moon_targ_04_B.wav,target,phon_err,no aux verbs in questions (lack of do support),/v/ --> /b/; very/berry,,,,,,,
26,8897c104e9c6777129e0be6a9bf75483f320d4549c0a2780f82624f0acd05b1c,The question does NOT need any corrections.,what_kind_of_weather_could_occur_when_is_raining_and_below_freezing_targ_05_C.wav,target,non_phon_err,expletive 'it' dropping,/ʊ/ --> /u/; could/cooed,nans,,,,,JB_1107,
26,8897c104e9c6777129e0be6a9bf75483f320d4549c0a2780f82624f0acd05b1c,Snow,what_kind_of_weather_could_occur_when_is_raining_and_below_freezing_targ_05_C.wav,target,non_phon_err,expletive 'it' dropping,/ʊ/ --> /u/; could/cooed,,,,,,,
26,8897c104e9c6777129e0be6a9bf75483f320d4549c0a2780f82624f0acd05b1c,The question does NOT need any corrections.,how_many_legs_does_a_garden_spider_canadian_whose_silk_can_make_clot_have_targ_06_D.wav,target,both_err,adj/noun order,/θ/ --> /t/; cloth/clot,nans,,,,,JB_1107,
26,8897c104e9c6777129e0be6a9bf75483f320d4549c0a2780f82624f0acd05b1c,Eight,how_many_legs_does_a_garden_spider_canadian_whose_silk_can_make_clot_have_targ_06_D.wav,target,both_err,adj/noun order,/θ/ --> /t/; cloth/clot,,,,,,,
26,8897c104e9c6777129e0be6a9bf75483f320d4549c0a2780f82624f0acd05b1c,The question does NOT need any corrections.,what_childrens_game_makes_people_sit_down_quickly_when_the_loud_music_stops_targ_07_A.wav,target,correct,adj/noun order,/ɪ/ --> /i/; sit/seat,nans,,,,,JB_1107,
26,8897c104e9c6777129e0be6a9bf75483f320d4549c0a2780f82624f0acd05b1c,Musical chairs,what_childrens_game_makes_people_sit_down_quickly_when_the_loud_music_stops_targ_07_A.wav,target,correct,adj/noun order,/ɪ/ --> /i/; sit/seat,,,,,,,
26,8897c104e9c6777129e0be6a9bf75483f320d4549c0a2780f82624f0acd05b1c,The question needs to be CORRECTED.,because_it_is_important_to_honor_the_iris_saint_what_holiday_occurs_on_march_17th_targ_08_B.wav,target,phon_err,expletive 'it' dropping,/ʃ/ --> /s/; Irish/iris,y,,p,,,JB_1107,
26,8897c104e9c6777129e0be6a9bf75483f320d4549c0a2780f82624f0acd05b1c,"St. Patrick's Day; ""Irish"" is mispronounced as ""Iris""",because_it_is_important_to_honor_the_iris_saint_what_holiday_occurs_on_march_17th_targ_08_B.wav,target,phon_err,expletive 'it' dropping,/ʃ/ --> /s/; Irish/iris,,,,,,,
26,8897c104e9c6777129e0be6a9bf75483f320d4549c0a2780f82624f0acd05b1c,"The question does NOT need any corrections, but I don't know the answer/ I don't understand what the question is asking.",if_laundry_service_will_come_in_five_days_and_todays_thursday_when_are_they_making_laundry_next_targ_09_C.wav,target,non_phon_err,make vs. other verb,/k/ --> /g/; come/gum,nun,,,,,JB_1107,
26,8897c104e9c6777129e0be6a9bf75483f320d4549c0a2780f82624f0acd05b1c,N/A,if_laundry_service_will_come_in_five_days_and_todays_thursday_when_are_they_making_laundry_next_targ_09_C.wav,target,non_phon_err,make vs. other verb,/k/ --> /g/; come/gum,,,,,,,
26,8897c104e9c6777129e0be6a9bf75483f320d4549c0a2780f82624f0acd05b1c,The question does NOT need any corrections.,who_did_americans_boat_for_to_be_their_first_president_who_avoided_to_serve_three_terms_targ_10_D.wav,target,both_err,infinitive vs. participle,/v/ --> /b/; vote/boat,nans,,,,,JB_1107,
26,8897c104e9c6777129e0be6a9bf75483f320d4549c0a2780f82624f0acd05b1c,George Washington,who_did_americans_boat_for_to_be_their_first_president_who_avoided_to_serve_three_terms_targ_10_D.wav,target,both_err,infinitive vs. participle,/v/ --> /b/; vote/boat,,,,,,,
26,8897c104e9c6777129e0be6a9bf75483f320d4549c0a2780f82624f0acd05b1c,"The question does NOT need any corrections, but I don't know the answer/ I don't understand what the question is asking.",what_colors_can_be_on_a_traffic_light_which_often_senses_when_cars_pull_up_targ_11_A.wav,target,correct,have vs. be,/ʊ/ --> /u/; pulls/pools,nun,,,,,JB_1107,
26,8897c104e9c6777129e0be6a9bf75483f320d4549c0a2780f82624f0acd05b1c,N/A,what_colors_can_be_on_a_traffic_light_which_often_senses_when_cars_pull_up_targ_11_A.wav,target,correct,have vs. be,/ʊ/ --> /u/; pulls/pools,,,,,,,
26,8897c104e9c6777129e0be6a9bf75483f320d4549c0a2780f82624f0acd05b1c,The question does NOT need any corrections.,if_youre_on_a_pat_from_california_to_hawaii_which_ocean_do_you_go_through_targ_12_B.wav,target,phon_err,no aux verbs in questions (lack of do support),/θ/ --> /t/; path/pat,nans,,,,,JB_1107,
26,8897c104e9c6777129e0be6a9bf75483f320d4549c0a2780f82624f0acd05b1c,Pacific,if_youre_on_a_pat_from_california_to_hawaii_which_ocean_do_you_go_through_targ_12_B.wav,target,phon_err,no aux verbs in questions (lack of do support),/θ/ --> /t/; path/pat,,,,,,,
26,8897c104e9c6777129e0be6a9bf75483f320d4549c0a2780f82624f0acd05b1c,The question needs to be CORRECTED.,what_supplies_you_need_to_knit_a_scarf_targ_13_C.wav,target,non_phon_err,no aux verbs in questions (lack of do support),/ɪ/ --> /i/; knit/neat,y,,p,,,JB_1107,
26,8897c104e9c6777129e0be6a9bf75483f320d4549c0a2780f82624f0acd05b1c,"Yarn and needles; ""Knit"" is mispronounced.",what_supplies_you_need_to_knit_a_scarf_targ_13_C.wav,target,non_phon_err,no aux verbs in questions (lack of do support),/ɪ/ --> /i/; knit/neat,,,,,,,
26,8897c104e9c6777129e0be6a9bf75483f320d4549c0a2780f82624f0acd05b1c,The question needs to be CORRECTED.,what_city_have_people_rust_to_tour_to_see_where_the_us_government_makes_business_targ_14_D.wav,target,both_err,make vs. other verb,/ʃ/ --> /s/; rushed/rust,y,,p,,,JB_1107,
26,8897c104e9c6777129e0be6a9bf75483f320d4549c0a2780f82624f0acd05b1c,"Washington D.C.; ""Rushed"" is mispronounced",what_city_have_people_rust_to_tour_to_see_where_the_us_government_makes_business_targ_14_D.wav,target,both_err,make vs. other verb,/ʃ/ --> /s/; rushed/rust,,,,,,,
26,8897c104e9c6777129e0be6a9bf75483f320d4549c0a2780f82624f0acd05b1c,The question does NOT need any corrections.,what_colors_make_up_a_traditional_candy_cane_which_people_enjoy_eating_during_christmas_targ_15_A.wav,target,correct,infinitive vs. participle,/k/ --> /g/; cane/gain,nans,,,,,JB_1107,
26,8897c104e9c6777129e0be6a9bf75483f320d4549c0a2780f82624f0acd05b1c,Red and White,what_colors_make_up_a_traditional_candy_cane_which_people_enjoy_eating_during_christmas_targ_15_A.wav,target,correct,infinitive vs. participle,/k/ --> /g/; cane/gain,,,,,,,
26,8897c104e9c6777129e0be6a9bf75483f320d4549c0a2780f82624f0acd05b1c,The question does NOT need any corrections.,where_do_people_get_drivers_licenses_since_it_is_required_as_ballad_id_to_drive_targ_16_B.wav,target,phon_err,expletive 'it' dropping,/v/ --> /b/; valid/ballad,nans,,,,,JB_1107,
26,8897c104e9c6777129e0be6a9bf75483f320d4549c0a2780f82624f0acd05b1c,The Department of Motor Vehicles,where_do_people_get_drivers_licenses_since_it_is_required_as_ballad_id_to_drive_targ_16_B.wav,target,phon_err,expletive 'it' dropping,/v/ --> /b/; valid/ballad,,,,,,,
26,8897c104e9c6777129e0be6a9bf75483f320d4549c0a2780f82624f0acd05b1c,The question does NOT need any corrections.,how_many_days_would_my_bike_tandem_be_gone_if_someone_borrows_it_for_july_targ_17_C.wav,target,non_phon_err,adj/noun order,/ʊ/ --> /u/; would/wooed,nans,,,,,JB_1107,
26,8897c104e9c6777129e0be6a9bf75483f320d4549c0a2780f82624f0acd05b1c,31,how_many_days_would_my_bike_tandem_be_gone_if_someone_borrows_it_for_july_targ_17_C.wav,target,non_phon_err,adj/noun order,/ʊ/ --> /u/; would/wooed,,,,,,,
26,8897c104e9c6777129e0be6a9bf75483f320d4549c0a2780f82624f0acd05b1c,The question needs to be CORRECTED.,when_you_have_hot_what_device_measures_body_temperature_in_boat_celsius_and_fahrenheit_targ_18_D.wav,target,both_err,have vs. be,/θ/ --> /t/; both/boat,y,,np,,,JB_1107,
26,8897c104e9c6777129e0be6a9bf75483f320d4549c0a2780f82624f0acd05b1c,"Thermometer; ""When you have hot"" makes no grammatical sense",when_you_have_hot_what_device_measures_body_temperature_in_boat_celsius_and_fahrenheit_targ_18_D.wav,target,both_err,have vs. be,/θ/ --> /t/; both/boat,,,,,,,
26,8897c104e9c6777129e0be6a9bf75483f320d4549c0a2780f82624f0acd05b1c,The question does NOT need any corrections.,what_big_star_in_our_solar_system_can_still_be_visible_when_it_is_cloudy_targ_19_A.wav,target,correct,expletive 'it' dropping,/ɪ/ --> /i/; still/steal,nans,,,,,JB_1107,
26,8897c104e9c6777129e0be6a9bf75483f320d4549c0a2780f82624f0acd05b1c,The sun,what_big_star_in_our_solar_system_can_still_be_visible_when_it_is_cloudy_targ_19_A.wav,target,correct,expletive 'it' dropping,/ɪ/ --> /i/; still/steal,,,,,,,
26,8897c104e9c6777129e0be6a9bf75483f320d4549c0a2780f82624f0acd05b1c,The question does NOT need any corrections.,what_popular_us_chain_provides_a_happy_meal_toy_or_plus_when_kids_are_hungry_targ_20_B.wav,target,phon_err,have vs. be,/ʃ/ --> /s/; plush/plus,nans,,,,,JB_1107,
26,8897c104e9c6777129e0be6a9bf75483f320d4549c0a2780f82624f0acd05b1c,McDonald's,what_popular_us_chain_provides_a_happy_meal_toy_or_plus_when_kids_are_hungry_targ_20_B.wav,target,phon_err,have vs. be,/ʃ/ --> /s/; plush/plus,,,,,,,
26,8897c104e9c6777129e0be6a9bf75483f320d4549c0a2780f82624f0acd05b1c,"The question does NOT need any corrections, but I don't know the answer/ I don't understand what the question is asking.",in_the_lion_king_who_nala_talk_to_and_is_laying_in_a_cot_after_theyve_reunited_targ_21_C.wav,target,non_phon_err,no aux verbs in questions (lack of do support),/k/ --> /g/; cot/got,nun,,,,,JB_1107,
26,8897c104e9c6777129e0be6a9bf75483f320d4549c0a2780f82624f0acd05b1c,NA,in_the_lion_king_who_nala_talk_to_and_is_laying_in_a_cot_after_theyve_reunited_targ_21_C.wav,target,non_phon_err,no aux verbs in questions (lack of do support),/k/ --> /g/; cot/got,,,,,,,
26,8897c104e9c6777129e0be6a9bf75483f320d4549c0a2780f82624f0acd05b1c,The question does NOT need any corrections.,if_a_janitor_hardworking_cleaned_a_bent_in_five_minutes_how_many_seconds_is_that_targ_22_D.wav,target,both_err,adj/noun order,/v/ --> /b/; vent/bent,nans,,,,,JB_1107,
26,8897c104e9c6777129e0be6a9bf75483f320d4549c0a2780f82624f0acd05b1c,300,if_a_janitor_hardworking_cleaned_a_bent_in_five_minutes_how_many_seconds_is_that_targ_22_D.wav,target,both_err,adj/noun order,/v/ --> /b/; vent/bent,,,,,,,
26,8897c104e9c6777129e0be6a9bf75483f320d4549c0a2780f82624f0acd05b1c,The question does NOT need any corrections.,what_company_created_the_macbook_a_device_full_of_features_to_help_students_do_homework_targ_23_A.wav,target,correct,make vs. other verb,/ʊ/ --> /u/; full/fool,nans,,,,,JB_1107,
26,8897c104e9c6777129e0be6a9bf75483f320d4549c0a2780f82624f0acd05b1c,Apple,what_company_created_the_macbook_a_device_full_of_features_to_help_students_do_homework_targ_23_A.wav,target,correct,make vs. other verb,/ʊ/ --> /u/; full/fool,,,,,,,
26,8897c104e9c6777129e0be6a9bf75483f320d4549c0a2780f82624f0acd05b1c,"The question does NOT need any corrections, but I don't know the answer/ I don't understand what the question is asking.",if_i_consider_leaving_work_after_the_fort_hour_how_many_minutes_would_that_be_targ_24_B.wav,target,phon_err,infinitive vs. participle,/θ/ --> /t/; fourth/fort,nun,,,,,JB_1107,
26,8897c104e9c6777129e0be6a9bf75483f320d4549c0a2780f82624f0acd05b1c,N/A,if_i_consider_leaving_work_after_the_fort_hour_how_many_minutes_would_that_be_targ_24_B.wav,target,phon_err,infinitive vs. participle,/θ/ --> /t/; fourth/fort,,,,,,,
26,8897c104e9c6777129e0be6a9bf75483f320d4549c0a2780f82624f0acd05b1c,The question does NOT need any corrections.,what_letter_in_the_latin_alphabet_corresponds_to_the_greek_letter_alpha_fill_01.wav,filler_other,NA,NA,NA,nans,,,,,JB_1107,
26,8897c104e9c6777129e0be6a9bf75483f320d4549c0a2780f82624f0acd05b1c,A,what_letter_in_the_latin_alphabet_corresponds_to_the_greek_letter_alpha_fill_01.wav,filler_other,NA,NA,NA,,,,,,,
26,8897c104e9c6777129e0be6a9bf75483f320d4549c0a2780f82624f0acd05b1c,The question does NOT need any corrections.,what_organ_is_often_associated_with_being_eaten_by_rotting_flesh_monsters_also_known_as_zombies_fill_02.wav,filler_other,NA,NA,NA,nans,,,,,JB_1107,
26,8897c104e9c6777129e0be6a9bf75483f320d4549c0a2780f82624f0acd05b1c,Brains,what_organ_is_often_associated_with_being_eaten_by_rotting_flesh_monsters_also_known_as_zombies_fill_02.wav,filler_other,NA,NA,NA,,,,,,,
26,8897c104e9c6777129e0be6a9bf75483f320d4549c0a2780f82624f0acd05b1c,The question needs to be CORRECTED.,which_british_celebrity_judge_often_harshly_critiqued_contestants_on_the_nationwide_singing_contest_american_idol_fill_03.wav,filler_other,NA,NA,NA,y,,otherirr,,,JB_1107,
26,8897c104e9c6777129e0be6a9bf75483f320d4549c0a2780f82624f0acd05b1c,"Simon Cowell; ""Critique"" should be changed to ""criticize(s)""",which_british_celebrity_judge_often_harshly_critiqued_contestants_on_the_nationwide_singing_contest_american_idol_fill_03.wav,filler_other,NA,NA,NA,,,,,,,
26,8897c104e9c6777129e0be6a9bf75483f320d4549c0a2780f82624f0acd05b1c,The question does NOT need any corrections.,which_cartoon_character_works_at_the_krusty_krab_and_is_best_friends_with_patrick_star_fill_04.wav,filler_other,NA,NA,NA,nans,,,,,JB_1107,
26,8897c104e9c6777129e0be6a9bf75483f320d4549c0a2780f82624f0acd05b1c,Spongebob Squarepants,which_cartoon_character_works_at_the_krusty_krab_and_is_best_friends_with_patrick_star_fill_04.wav,filler_other,NA,NA,NA,,,,,,,
26,8897c104e9c6777129e0be6a9bf75483f320d4549c0a2780f82624f0acd05b1c,The question does NOT need any corrections.,which_body_part_did_van_gogh_allegedly_cut_off_after_an_argument_with_his_friend_fill_05.wav,filler_other,NA,NA,NA,nans,,,,,JB_1107,
26,8897c104e9c6777129e0be6a9bf75483f320d4549c0a2780f82624f0acd05b1c,His ear,which_body_part_did_van_gogh_allegedly_cut_off_after_an_argument_with_his_friend_fill_05.wav,filler_other,NA,NA,NA,,,,,,,
26,8897c104e9c6777129e0be6a9bf75483f320d4549c0a2780f82624f0acd05b1c,The question does NOT need any corrections.,what_is_the_name_of_the_comic_strip_featuring_charlie_brown_and_his_dog_snoopy_fill_06.wav,filler_other,NA,NA,NA,nans,,,,,JB_1107,
26,8897c104e9c6777129e0be6a9bf75483f320d4549c0a2780f82624f0acd05b1c,Peanuts,what_is_the_name_of_the_comic_strip_featuring_charlie_brown_and_his_dog_snoopy_fill_06.wav,filler_other,NA,NA,NA,,,,,,,
26,8897c104e9c6777129e0be6a9bf75483f320d4549c0a2780f82624f0acd05b1c,The question needs to be CORRECTED.,what_holiday_occurs_at_the_end_of_october_and_features_trick-or-treating_pumpkins_and_haunted_houses_fill_07.wav,filler_other,NA,NA,NA,y,,otherp,,,JB_1107,
26,8897c104e9c6777129e0be6a9bf75483f320d4549c0a2780f82624f0acd05b1c,"Halloween; ""Holiday"" and ""pumpkins"" are mispronounced",what_holiday_occurs_at_the_end_of_october_and_features_trick-or-treating_pumpkins_and_haunted_houses_fill_07.wav,filler_other,NA,NA,NA,,,,,,,
26,8897c104e9c6777129e0be6a9bf75483f320d4549c0a2780f82624f0acd05b1c,The question does NOT need any corrections.,what_is_the_name_of_the_video_game_character_who_is_a_traveling_italian_plumber_fill_08.wav,filler_other,NA,NA,NA,nans,,,,,JB_1107,
26,8897c104e9c6777129e0be6a9bf75483f320d4549c0a2780f82624f0acd05b1c,Mario,what_is_the_name_of_the_video_game_character_who_is_a_traveling_italian_plumber_fill_08.wav,filler_other,NA,NA,NA,,,,,,,
26,8897c104e9c6777129e0be6a9bf75483f320d4549c0a2780f82624f0acd05b1c,The question does NOT need any corrections.,what_kind_of_animal_is_mickey_mouse’s_girlfriend_minnie_who_wears_a_bow_fill_09.wav,filler_other,NA,NA,NA,nans,,,,,JB_1107,
26,8897c104e9c6777129e0be6a9bf75483f320d4549c0a2780f82624f0acd05b1c,Mouse,what_kind_of_animal_is_mickey_mouse’s_girlfriend_minnie_who_wears_a_bow_fill_09.wav,filler_other,NA,NA,NA,,,,,,,
26,8897c104e9c6777129e0be6a9bf75483f320d4549c0a2780f82624f0acd05b1c,The question does NOT need any corrections.,which_cartoon_dog_solves_mysteries_with_the_group_fred_daphne_velma_and_shaggy_fill_10.wav,filler_other,NA,NA,NA,nans,,,,,JB_1107,
26,8897c104e9c6777129e0be6a9bf75483f320d4549c0a2780f82624f0acd05b1c,Scooby-doo,which_cartoon_dog_solves_mysteries_with_the_group_fred_daphne_velma_and_shaggy_fill_10.wav,filler_other,NA,NA,NA,,,,,,,
26,8897c104e9c6777129e0be6a9bf75483f320d4549c0a2780f82624f0acd05b1c,The question does NOT need any corrections.,which_fast_food_chain_offers_foot-long_sandwiches_and_has_the_slogan_eat_fresh_fill_11.wav,filler_other,NA,NA,NA,nans,,,,,JB_1107,
26,8897c104e9c6777129e0be6a9bf75483f320d4549c0a2780f82624f0acd05b1c,Subway,which_fast_food_chain_offers_foot-long_sandwiches_and_has_the_slogan_eat_fresh_fill_11.wav,filler_other,NA,NA,NA,,,,,,,
26,8897c104e9c6777129e0be6a9bf75483f320d4549c0a2780f82624f0acd05b1c,The question does NOT need any corrections.,which_oscar-winning_movie_features_tom_hanks_saying_life_is_like_a_box_of_chocolates_fill_12.wav,filler_other,NA,NA,NA,nans,,,,,JB_1107,
26,8897c104e9c6777129e0be6a9bf75483f320d4549c0a2780f82624f0acd05b1c,Forrest Gump,which_oscar-winning_movie_features_tom_hanks_saying_life_is_like_a_box_of_chocolates_fill_12.wav,filler_other,NA,NA,NA,,,,,,,
26,8897c104e9c6777129e0be6a9bf75483f320d4549c0a2780f82624f0acd05b1c,"The question does NOT need any corrections, but I don't know the answer/ I don't understand what the question is asking.",what_novel_has_the_quote_i’m_late_i’m_late_for_a_very_important_date_fill_13.wav,filler_other,NA,NA,NA,nun,,,,,JB_1107,
26,8897c104e9c6777129e0be6a9bf75483f320d4549c0a2780f82624f0acd05b1c,N/A,what_novel_has_the_quote_i’m_late_i’m_late_for_a_very_important_date_fill_13.wav,filler_other,NA,NA,NA,,,,,,,
26,8897c104e9c6777129e0be6a9bf75483f320d4549c0a2780f82624f0acd05b1c,The question does NOT need any corrections.,what_mythical_creatures_have_been_said_to_drink_blood_turn_into_bats_and_hate_onions_fill_14.wav,filler_other,NA,NA,NA,nans,,,,,JB_1107,
26,8897c104e9c6777129e0be6a9bf75483f320d4549c0a2780f82624f0acd05b1c,Vampires,what_mythical_creatures_have_been_said_to_drink_blood_turn_into_bats_and_hate_onions_fill_14.wav,filler_other,NA,NA,NA,,,,,,,
26,8897c104e9c6777129e0be6a9bf75483f320d4549c0a2780f82624f0acd05b1c,The question needs to be CORRECTED.,who_discovered_the_law_of_universal_gravitation_which_accounts_for_why_objects_naturally_fall_downwards_fill_15.wav,filler_other,NA,NA,NA,y,,otherp,,,JB_1107,
26,8897c104e9c6777129e0be6a9bf75483f320d4549c0a2780f82624f0acd05b1c,"Isaac Newton; ""Law"" is mispronounced",who_discovered_the_law_of_universal_gravitation_which_accounts_for_why_objects_naturally_fall_downwards_fill_15.wav,filler_other,NA,NA,NA,,,,,,,
26,8897c104e9c6777129e0be6a9bf75483f320d4549c0a2780f82624f0acd05b1c,"The question does NOT need any corrections, but I don't know the answer/ I don't understand what the question is asking.",which_soft_pastry_made_with_a_certain_spice_is_often_spiral-shaped_and_topped_with_icing_fill_16.wav,filler_other,NA,NA,NA,nun,,,,,JB_1107,
26,8897c104e9c6777129e0be6a9bf75483f320d4549c0a2780f82624f0acd05b1c,NA,which_soft_pastry_made_with_a_certain_spice_is_often_spiral-shaped_and_topped_with_icing_fill_16.wav,filler_other,NA,NA,NA,,,,,,,
26,8897c104e9c6777129e0be6a9bf75483f320d4549c0a2780f82624f0acd05b1c,The question does NOT need any corrections.,what_us_holiday_is_often_celebrated_with_fireworks_and_hotdogs_to_honor_americas_freedom_fill_17.wav,filler_other,NA,NA,NA,nans,,,,,JB_1107,
26,8897c104e9c6777129e0be6a9bf75483f320d4549c0a2780f82624f0acd05b1c,Fourth of July,what_us_holiday_is_often_celebrated_with_fireworks_and_hotdogs_to_honor_americas_freedom_fill_17.wav,filler_other,NA,NA,NA,,,,,,,
26,8897c104e9c6777129e0be6a9bf75483f320d4549c0a2780f82624f0acd05b1c,The question does NOT need any corrections.,which_tropical_fruit_that_grows_on_palm_trees_is_used_for_oils_and_milks_fill_18.wav,filler_other,NA,NA,NA,nans,,,,,JB_1107,
26,8897c104e9c6777129e0be6a9bf75483f320d4549c0a2780f82624f0acd05b1c,Coconut,which_tropical_fruit_that_grows_on_palm_trees_is_used_for_oils_and_milks_fill_18.wav,filler_other,NA,NA,NA,,,,,,,
26,8897c104e9c6777129e0be6a9bf75483f320d4549c0a2780f82624f0acd05b1c,The question does NOT need any corrections.,which_season_do_we_associate_with_thanksgiving_the_beginning_of_school_and_leaves_turning_brown_fill_19.wav,filler_other,NA,NA,NA,nans,,,,,JB_1107,
26,8897c104e9c6777129e0be6a9bf75483f320d4549c0a2780f82624f0acd05b1c,Autumn,which_season_do_we_associate_with_thanksgiving_the_beginning_of_school_and_leaves_turning_brown_fill_19.wav,filler_other,NA,NA,NA,,,,,,,
26,8897c104e9c6777129e0be6a9bf75483f320d4549c0a2780f82624f0acd05b1c,The question does NOT need any corrections.,what_musician_won_grammys_for_their_album_thriller_which_features_the_hit_song_beat_it_fill_20.wav,filler_other,NA,NA,NA,nans,,,,,JB_1107,
26,8897c104e9c6777129e0be6a9bf75483f320d4549c0a2780f82624f0acd05b1c,Michael Jackson,what_musician_won_grammys_for_their_album_thriller_which_features_the_hit_song_beat_it_fill_20.wav,filler_other,NA,NA,NA,,,,,,,
26,8897c104e9c6777129e0be6a9bf75483f320d4549c0a2780f82624f0acd05b1c,The question needs to be CORRECTED.,what_animal_is_typically_white_with_black_spots_and_says_moo_fill_21.wav,filler_other,NA,NA,NA,y,,otherp,,,JB_1107,
26,8897c104e9c6777129e0be6a9bf75483f320d4549c0a2780f82624f0acd05b1c,"Cow; ""Moo"" is mispronounced",what_animal_is_typically_white_with_black_spots_and_says_moo_fill_21.wav,filler_other,NA,NA,NA,,,,,,,
26,8897c104e9c6777129e0be6a9bf75483f320d4549c0a2780f82624f0acd05b1c,The question does NOT need any corrections.,where_do_the_jolly_christmas_icons_santa_claus_and_his_wife_mrs._claus_live_fill_22.wav,filler_other,NA,NA,NA,nans,,,,,JB_1107,
26,8897c104e9c6777129e0be6a9bf75483f320d4549c0a2780f82624f0acd05b1c,North Pole,where_do_the_jolly_christmas_icons_santa_claus_and_his_wife_mrs._claus_live_fill_22.wav,filler_other,NA,NA,NA,,,,,,,
26,8897c104e9c6777129e0be6a9bf75483f320d4549c0a2780f82624f0acd05b1c,The question does NOT need any corrections.,in_the_famous_dr_seuss_book_what_orange_and_yellow_character_speaks_for_the_trees_fill_23.wav,filler_other,NA,NA,NA,nans,,,,,JB_1107,
26,8897c104e9c6777129e0be6a9bf75483f320d4549c0a2780f82624f0acd05b1c,The Lorax,in_the_famous_dr_seuss_book_what_orange_and_yellow_character_speaks_for_the_trees_fill_23.wav,filler_other,NA,NA,NA,,,,,,,
26,8897c104e9c6777129e0be6a9bf75483f320d4549c0a2780f82624f0acd05b1c,The question does NOT need any corrections.,in_what_country_would_you_find_landmarks_like_the_pyramids_of_giza_and_great_sphinx_fill_24.wav,filler_other,NA,NA,NA,nans,,,,,JB_1107,
26,8897c104e9c6777129e0be6a9bf75483f320d4549c0a2780f82624f0acd05b1c,Egypt,in_what_country_would_you_find_landmarks_like_the_pyramids_of_giza_and_great_sphinx_fill_24.wav,filler_other,NA,NA,NA,,,,,,,
27,93d70cc6ef5fcf17c6dcc33e1a9b2ca4a1123231738d08e9d05e1fc5330ae3db,The question does NOT need any corrections.,how_many_legs_does_a_dog_normally_have_fill_25.wav,att_check_good,NA,NA,NA,nans,,,a,,JB_1107,
27,93d70cc6ef5fcf17c6dcc33e1a9b2ca4a1123231738d08e9d05e1fc5330ae3db,4,how_many_legs_does_a_dog_normally_have_fill_25.wav,att_check_good,NA,NA,NA,,,,,,,
27,93d70cc6ef5fcf17c6dcc33e1a9b2ca4a1123231738d08e9d05e1fc5330ae3db,The question does NOT need any corrections.,what_state_is_los_angeles_located_in_fill_26.wav,att_check_good,NA,NA,NA,nans,,,a,,JB_1107,
27,93d70cc6ef5fcf17c6dcc33e1a9b2ca4a1123231738d08e9d05e1fc5330ae3db,California,what_state_is_los_angeles_located_in_fill_26.wav,att_check_good,NA,NA,NA,,,,,,,
27,93d70cc6ef5fcf17c6dcc33e1a9b2ca4a1123231738d08e9d05e1fc5330ae3db,The question does NOT need any corrections.,what_day_of_the_week_comes_after_monday_fill_27.wav,att_check_good,NA,NA,NA,nans,,,a,,JB_1107,
27,93d70cc6ef5fcf17c6dcc33e1a9b2ca4a1123231738d08e9d05e1fc5330ae3db,Tuesday,what_day_of_the_week_comes_after_monday_fill_27.wav,att_check_good,NA,NA,NA,,,,,,,
27,93d70cc6ef5fcf17c6dcc33e1a9b2ca4a1123231738d08e9d05e1fc5330ae3db,The question does NOT need any corrections.,what_color_is_a_typical_school_bus_fill_28.wav,att_check_good,NA,NA,NA,nans,,,a,,JB_1107,
27,93d70cc6ef5fcf17c6dcc33e1a9b2ca4a1123231738d08e9d05e1fc5330ae3db,Yellow,what_color_is_a_typical_school_bus_fill_28.wav,att_check_good,NA,NA,NA,,,,,,,
27,93d70cc6ef5fcf17c6dcc33e1a9b2ca4a1123231738d08e9d05e1fc5330ae3db,The question needs to be CORRECTED.,in_the_cycle_of_seasons_what_season_comes_after_dinter_fill_29.wav,att_check_err,NA,NA,NA,y,,acheckp,,,JB_1107,
27,93d70cc6ef5fcf17c6dcc33e1a9b2ca4a1123231738d08e9d05e1fc5330ae3db,"Spring; The speaker says ""dinter"" instead of ""winter"".",in_the_cycle_of_seasons_what_season_comes_after_dinter_fill_29.wav,att_check_err,NA,NA,NA,,,,,,,
27,93d70cc6ef5fcf17c6dcc33e1a9b2ca4a1123231738d08e9d05e1fc5330ae3db,The question needs to be CORRECTED.,what_insect_undergoes_a_process_of_change_to_turn_into_a_butterfy_fill_30.wav,att_check_err,NA,NA,NA,y,,acheckp,,,JB_1107,
27,93d70cc6ef5fcf17c6dcc33e1a9b2ca4a1123231738d08e9d05e1fc5330ae3db,"Caterpillar; the speaker says ""butterfy"" instead of ""butterfly"".",what_insect_undergoes_a_process_of_change_to_turn_into_a_butterfy_fill_30.wav,att_check_err,NA,NA,NA,,,,,,,
27,93d70cc6ef5fcf17c6dcc33e1a9b2ca4a1123231738d08e9d05e1fc5330ae3db,The question needs to be CORRECTED.,what_is_the_largest_plant_in_the_solar_system_fill_31.wav,att_check_err,NA,NA,NA,y,,acheckp,,,JB_1107,
27,93d70cc6ef5fcf17c6dcc33e1a9b2ca4a1123231738d08e9d05e1fc5330ae3db,"Jupiter; Change ""plant"" with ""planet"".",what_is_the_largest_plant_in_the_solar_system_fill_31.wav,att_check_err,NA,NA,NA,,,,,,,
27,93d70cc6ef5fcf17c6dcc33e1a9b2ca4a1123231738d08e9d05e1fc5330ae3db,The question needs to be CORRECTED.,how_many_embers_were_in_the_beatles_the_british_rock_band_fill_32.wav,att_check_err,NA,NA,NA,y,,acheckp,,,JB_1107,
27,93d70cc6ef5fcf17c6dcc33e1a9b2ca4a1123231738d08e9d05e1fc5330ae3db,"Four; replace the word ""embers"" with ""members"".",how_many_embers_were_in_the_beatles_the_british_rock_band_fill_32.wav,att_check_err,NA,NA,NA,,,,,,,
27,93d70cc6ef5fcf17c6dcc33e1a9b2ca4a1123231738d08e9d05e1fc5330ae3db,The question does NOT need any corrections.,for_what_pink_ice_cream_flavor_will_companies_do_their_best_to_use_real_fruit_targ_01_A.wav,target,correct,make vs. other verb,/ɪ/ --> /i/; will/wheel,nans,,,,,JB_1107,
27,93d70cc6ef5fcf17c6dcc33e1a9b2ca4a1123231738d08e9d05e1fc5330ae3db,Strawberry,for_what_pink_ice_cream_flavor_will_companies_do_their_best_to_use_real_fruit_targ_01_A.wav,target,correct,make vs. other verb,/ɪ/ --> /i/; will/wheel,,,,,,,
27,93d70cc6ef5fcf17c6dcc33e1a9b2ca4a1123231738d08e9d05e1fc5330ae3db,The question needs to be CORRECTED.,what_term_refers_to_armored_men_who_enjoyed_carrying_medieval_swords_that_class_in_combat_targ_02_B.wav,target,phon_err,infinitive vs. participle,/ʃ/ --> /s/; clash/class,y,,p,,both target phonological and other unintended error,JB_1107,
27,93d70cc6ef5fcf17c6dcc33e1a9b2ca4a1123231738d08e9d05e1fc5330ae3db,"Knights; replace the word ""armor"" with ""armored"", replace the word ""class"" with ""clashed"".",what_term_refers_to_armored_men_who_enjoyed_carrying_medieval_swords_that_class_in_combat_targ_02_B.wav,target,phon_err,infinitive vs. participle,/ʃ/ --> /s/; clash/class,,,,,,,
27,93d70cc6ef5fcf17c6dcc33e1a9b2ca4a1123231738d08e9d05e1fc5330ae3db,The question needs to be CORRECTED.,which_scottish_actor_first_played_james_bond_wearing_kilts_to_red_carpets_when_he_had_32_years_old_targ_03_C.wav,target,non_phon_err,have vs. be,/k/ --> /g/; kilt/guilt,y,,otherp,,,JB_1107,
27,93d70cc6ef5fcf17c6dcc33e1a9b2ca4a1123231738d08e9d05e1fc5330ae3db,"Sean Connery; the speaker says ""cottish"" instead of ""Scottish"".",which_scottish_actor_first_played_james_bond_wearing_kilts_to_red_carpets_when_he_had_32_years_old_targ_03_C.wav,target,non_phon_err,have vs. be,/k/ --> /g/; kilt/guilt,,,,,,,
27,93d70cc6ef5fcf17c6dcc33e1a9b2ca4a1123231738d08e9d05e1fc5330ae3db,The question needs to be CORRECTED.,what_neil_armstrong_say_during_his_berry_first_steps_on_the_moon_targ_04_D.wav,target,both_err,no aux verbs in questions (lack of do support),/v/ --> /b/; very/berry,y,,p,,,JB_1107,
27,93d70cc6ef5fcf17c6dcc33e1a9b2ca4a1123231738d08e9d05e1fc5330ae3db,"One small step for man, One giant leap for Mankind; I would change ""berry first"" with ""very first"".",what_neil_armstrong_say_during_his_berry_first_steps_on_the_moon_targ_04_D.wav,target,both_err,no aux verbs in questions (lack of do support),/v/ --> /b/; very/berry,,,,,,,
27,93d70cc6ef5fcf17c6dcc33e1a9b2ca4a1123231738d08e9d05e1fc5330ae3db,The question does NOT need any corrections.,what_kind_of_weather_could_occur_when_it_is_raining_and_below_freezing_targ_05_A.wav,target,correct,expletive 'it' dropping,/ʊ/ --> /u/; could/cooed,nans,,,,,JB_1107,
27,93d70cc6ef5fcf17c6dcc33e1a9b2ca4a1123231738d08e9d05e1fc5330ae3db,Snow,what_kind_of_weather_could_occur_when_it_is_raining_and_below_freezing_targ_05_A.wav,target,correct,expletive 'it' dropping,/ʊ/ --> /u/; could/cooed,,,,,,,
27,93d70cc6ef5fcf17c6dcc33e1a9b2ca4a1123231738d08e9d05e1fc5330ae3db,The question needs to be CORRECTED.,how_many_legs_does_a_canadian_garden_spider_whose_silk_can_make_clot_have_targ_06_B.wav,target,phon_err,adj/noun order,/θ/ --> /t/; cloth/clot,y,,p,,,JB_1107,
27,93d70cc6ef5fcf17c6dcc33e1a9b2ca4a1123231738d08e9d05e1fc5330ae3db,"NA; replace ""clot"" with ""cloth"".",how_many_legs_does_a_canadian_garden_spider_whose_silk_can_make_clot_have_targ_06_B.wav,target,phon_err,adj/noun order,/θ/ --> /t/; cloth/clot,,,,,,,
27,93d70cc6ef5fcf17c6dcc33e1a9b2ca4a1123231738d08e9d05e1fc5330ae3db,The question needs to be CORRECTED.,what_childrens_game_makes_people_sit_down_quickly_when_the_music_loud_stops_targ_07_C.wav,target,non_phon_err,adj/noun order,/ɪ/ --> /i/; sit/seat,y,,np,,,JB_1107,
27,93d70cc6ef5fcf17c6dcc33e1a9b2ca4a1123231738d08e9d05e1fc5330ae3db,"Musical Chairs; put the word ""loud"" before the word ""music"" instead of after.",what_childrens_game_makes_people_sit_down_quickly_when_the_music_loud_stops_targ_07_C.wav,target,non_phon_err,adj/noun order,/ɪ/ --> /i/; sit/seat,,,,,,,
27,93d70cc6ef5fcf17c6dcc33e1a9b2ca4a1123231738d08e9d05e1fc5330ae3db,The question needs to be CORRECTED.,because_is_important_to_honor_the_iris_saint_what_holiday_occurs_on_march_17th_targ_08_D.wav,target,both_err,expletive 'it' dropping,/ʃ/ --> /s/; Irish/iris,y,,p,,,JB_1107,
27,93d70cc6ef5fcf17c6dcc33e1a9b2ca4a1123231738d08e9d05e1fc5330ae3db,"St. Patrick's day; i would change the speaker saying ""iris"" with ""Irish"".",because_is_important_to_honor_the_iris_saint_what_holiday_occurs_on_march_17th_targ_08_D.wav,target,both_err,expletive 'it' dropping,/ʃ/ --> /s/; Irish/iris,,,,,,,
27,93d70cc6ef5fcf17c6dcc33e1a9b2ca4a1123231738d08e9d05e1fc5330ae3db,The question needs to be CORRECTED.,if_laundry_service_will_come_in_five_days_and_todays_thursday_when_are_they_doing_laundry_next_targ_09_A.wav,target,correct,make vs. other verb,/k/ --> /g/; come/gum,y,,othernp,,,JB_1107,
27,93d70cc6ef5fcf17c6dcc33e1a9b2ca4a1123231738d08e9d05e1fc5330ae3db,"The speaker leaves out ""the"" before ""laundry"".",if_laundry_service_will_come_in_five_days_and_todays_thursday_when_are_they_doing_laundry_next_targ_09_A.wav,target,correct,make vs. other verb,/k/ --> /g/; come/gum,,,,,,,
27,93d70cc6ef5fcf17c6dcc33e1a9b2ca4a1123231738d08e9d05e1fc5330ae3db,The question does NOT need any corrections.,who_did_americans_boat_for_to_be_their_first_president_who_avoided_serving_three_terms_targ_10_B.wav,target,phon_err,infinitive vs. participle,/v/ --> /b/; vote/boat,nans,,,,,JB_1107,
27,93d70cc6ef5fcf17c6dcc33e1a9b2ca4a1123231738d08e9d05e1fc5330ae3db,George Washington,who_did_americans_boat_for_to_be_their_first_president_who_avoided_serving_three_terms_targ_10_B.wav,target,phon_err,infinitive vs. participle,/v/ --> /b/; vote/boat,,,,,,,
27,93d70cc6ef5fcf17c6dcc33e1a9b2ca4a1123231738d08e9d05e1fc5330ae3db,The question needs to be CORRECTED.,what_colors_can_have_on_a_traffic_light_which_often_senses_when_cars_pull_up_targ_11_C.wav,target,non_phon_err,have vs. be,/ʊ/ --> /u/; pulls/pools,y,,np,,,JB_1107,
27,93d70cc6ef5fcf17c6dcc33e1a9b2ca4a1123231738d08e9d05e1fc5330ae3db,"Red, yellow, green; replace ""can have"" with ""can be"".",what_colors_can_have_on_a_traffic_light_which_often_senses_when_cars_pull_up_targ_11_C.wav,target,non_phon_err,have vs. be,/ʊ/ --> /u/; pulls/pools,,,,,,,
27,93d70cc6ef5fcf17c6dcc33e1a9b2ca4a1123231738d08e9d05e1fc5330ae3db,The question needs to be CORRECTED.,if_youre_on_a_pat_from_california_to_hawaii_which_ocean_you_go_through_targ_12_D.wav,target,both_err,no aux verbs in questions (lack of do support),/θ/ --> /t/; path/pat,y,,other,,"vague explanation for error - not sure if referring to audio quality, phonological error, or something esle",JB_1107,
27,93d70cc6ef5fcf17c6dcc33e1a9b2ca4a1123231738d08e9d05e1fc5330ae3db,The first part of the question is unintelligible.,if_youre_on_a_pat_from_california_to_hawaii_which_ocean_you_go_through_targ_12_D.wav,target,both_err,no aux verbs in questions (lack of do support),/θ/ --> /t/; path/pat,,,,,,,
27,93d70cc6ef5fcf17c6dcc33e1a9b2ca4a1123231738d08e9d05e1fc5330ae3db,The question needs to be CORRECTED.,what_supplies_do_you_need_to_knit_a_scarf_targ_13_A.wav,target,correct,no aux verbs in questions (lack of do support),/ɪ/ --> /i/; knit/neat,y,,p,,,JB_1107,
27,93d70cc6ef5fcf17c6dcc33e1a9b2ca4a1123231738d08e9d05e1fc5330ae3db,"Wool; replace ""need"" with ""knit""",what_supplies_do_you_need_to_knit_a_scarf_targ_13_A.wav,target,correct,no aux verbs in questions (lack of do support),/ɪ/ --> /i/; knit/neat,,,,,,,
27,93d70cc6ef5fcf17c6dcc33e1a9b2ca4a1123231738d08e9d05e1fc5330ae3db,The question needs to be CORRECTED.,what_city_have_people_rust_to_tour_to_see_where_the_us_government_does_business_targ_14_B.wav,target,phon_err,make vs. other verb,/ʃ/ --> /s/; rushed/rust,y,,p?,,heard 'was' instead of 'rust' - made phonological error less clear,JB_1107,
27,93d70cc6ef5fcf17c6dcc33e1a9b2ca4a1123231738d08e9d05e1fc5330ae3db,"Washington D.C.; the speaker says ""was to tour"", which is grammatically incorrect.",what_city_have_people_rust_to_tour_to_see_where_the_us_government_does_business_targ_14_B.wav,target,phon_err,make vs. other verb,/ʃ/ --> /s/; rushed/rust,,,,,,,
27,93d70cc6ef5fcf17c6dcc33e1a9b2ca4a1123231738d08e9d05e1fc5330ae3db,The question needs to be CORRECTED.,what_colors_make_up_a_traditional_candy_cane_which_people_enjoy_to_eat_during_christmas_targ_15_C.wav,target,non_phon_err,infinitive vs. participle,/k/ --> /g/; cane/gain,y,,np,,,JB_1107,
27,93d70cc6ef5fcf17c6dcc33e1a9b2ca4a1123231738d08e9d05e1fc5330ae3db,"Candy Cane; change ""enjoy to eat"" with ""enjoy eating"".",what_colors_make_up_a_traditional_candy_cane_which_people_enjoy_to_eat_during_christmas_targ_15_C.wav,target,non_phon_err,infinitive vs. participle,/k/ --> /g/; cane/gain,,,,,,,
27,93d70cc6ef5fcf17c6dcc33e1a9b2ca4a1123231738d08e9d05e1fc5330ae3db,The question needs to be CORRECTED.,where_do_people_get_drivers_licenses_since_is_required_as_ballad_id_to_drive_targ_16_D.wav,target,both_err,expletive 'it' dropping,/v/ --> /b/; valid/ballad,y,,p,,,JB_1107,
27,93d70cc6ef5fcf17c6dcc33e1a9b2ca4a1123231738d08e9d05e1fc5330ae3db,"DMV; change ""balid"" with ""valid"".",where_do_people_get_drivers_licenses_since_is_required_as_ballad_id_to_drive_targ_16_D.wav,target,both_err,expletive 'it' dropping,/v/ --> /b/; valid/ballad,,,,,,,
27,93d70cc6ef5fcf17c6dcc33e1a9b2ca4a1123231738d08e9d05e1fc5330ae3db,"The question does NOT need any corrections, but I don't know the answer/ I don't understand what the question is asking.",how_many_days_would_my_tandem_bike_be_gone_if_someone_borrows_it_for_july_targ_17_A.wav,target,correct,adj/noun order,/ʊ/ --> /u/; would/wooed,nun,,,,,JB_1107,
27,93d70cc6ef5fcf17c6dcc33e1a9b2ca4a1123231738d08e9d05e1fc5330ae3db,NA,how_many_days_would_my_tandem_bike_be_gone_if_someone_borrows_it_for_july_targ_17_A.wav,target,correct,adj/noun order,/ʊ/ --> /u/; would/wooed,,,,,,,
27,93d70cc6ef5fcf17c6dcc33e1a9b2ca4a1123231738d08e9d05e1fc5330ae3db,The question does NOT need any corrections.,when_you_are_hot_what_device_measures_body_temperature_in_boat_celsius_and_fahrenheit_targ_18_B.wav,target,phon_err,have vs. be,/θ/ --> /t/; both/boat,nans,,,,,JB_1107,
27,93d70cc6ef5fcf17c6dcc33e1a9b2ca4a1123231738d08e9d05e1fc5330ae3db,Thermometer,when_you_are_hot_what_device_measures_body_temperature_in_boat_celsius_and_fahrenheit_targ_18_B.wav,target,phon_err,have vs. be,/θ/ --> /t/; both/boat,,,,,,,
27,93d70cc6ef5fcf17c6dcc33e1a9b2ca4a1123231738d08e9d05e1fc5330ae3db,The question does NOT need any corrections.,what_big_star_in_our_solar_system_can_still_be_visible_when_is_cloudy_targ_19_C.wav,target,non_phon_err,expletive 'it' dropping,/ɪ/ --> /i/; still/steal,nans,,,,,JB_1107,
27,93d70cc6ef5fcf17c6dcc33e1a9b2ca4a1123231738d08e9d05e1fc5330ae3db,The Sun,what_big_star_in_our_solar_system_can_still_be_visible_when_is_cloudy_targ_19_C.wav,target,non_phon_err,expletive 'it' dropping,/ɪ/ --> /i/; still/steal,,,,,,,
27,93d70cc6ef5fcf17c6dcc33e1a9b2ca4a1123231738d08e9d05e1fc5330ae3db,The question needs to be CORRECTED.,what_popular_us_chain_provides_a_happy_meal_toy_or_plus_when_kids_have_hungry_targ_20_D.wav,target,both_err,have vs. be,/ʃ/ --> /s/; plush/plus,y,,both,,,JB_1107,
27,93d70cc6ef5fcf17c6dcc33e1a9b2ca4a1123231738d08e9d05e1fc5330ae3db,"McDonald's; replace ""plus"" with ""plush"", replace ""kids have hungry"" with ""kids are hungry"".",what_popular_us_chain_provides_a_happy_meal_toy_or_plus_when_kids_have_hungry_targ_20_D.wav,target,both_err,have vs. be,/ʃ/ --> /s/; plush/plus,,,,,,,
27,93d70cc6ef5fcf17c6dcc33e1a9b2ca4a1123231738d08e9d05e1fc5330ae3db,The question does NOT need any corrections.,in_the_lion_king_who_does_nala_talk_to_and_is_laying_in_a_cot_after_theyve_reunited_targ_21_A.wav,target,correct,no aux verbs in questions (lack of do support),/k/ --> /g/; cot/got,nans,,,,,JB_1107,
27,93d70cc6ef5fcf17c6dcc33e1a9b2ca4a1123231738d08e9d05e1fc5330ae3db,Simba,in_the_lion_king_who_does_nala_talk_to_and_is_laying_in_a_cot_after_theyve_reunited_targ_21_A.wav,target,correct,no aux verbs in questions (lack of do support),/k/ --> /g/; cot/got,,,,,,,
27,93d70cc6ef5fcf17c6dcc33e1a9b2ca4a1123231738d08e9d05e1fc5330ae3db,The question does NOT need any corrections.,if_a_hardworking_janitor_cleaned_a_vent_in_five_minutes_how_many_seconds_is_that_targ_22_B.wav,target,phon_err,adj/noun order,/v/ --> /b/; vent/bent,nans,,,,,JB_1107,
27,93d70cc6ef5fcf17c6dcc33e1a9b2ca4a1123231738d08e9d05e1fc5330ae3db,300 seconds,if_a_hardworking_janitor_cleaned_a_vent_in_five_minutes_how_many_seconds_is_that_targ_22_B.wav,target,phon_err,adj/noun order,/v/ --> /b/; vent/bent,,,,,,,
27,93d70cc6ef5fcf17c6dcc33e1a9b2ca4a1123231738d08e9d05e1fc5330ae3db,The question needs to be CORRECTED.,what_company_created_the_macbook_a_device_full_of_features_to_help_students_make_homework_targ_23_C.wav,target,non_phon_err,make vs. other verb,/ʊ/ --> /u/; full/fool,nans,,,,,JB_1107,
27,93d70cc6ef5fcf17c6dcc33e1a9b2ca4a1123231738d08e9d05e1fc5330ae3db,"Apple; replace ""make homework"" with ""do homework"".",what_company_created_the_macbook_a_device_full_of_features_to_help_students_make_homework_targ_23_C.wav,target,non_phon_err,make vs. other verb,/ʊ/ --> /u/; full/fool,,,,,,,
27,93d70cc6ef5fcf17c6dcc33e1a9b2ca4a1123231738d08e9d05e1fc5330ae3db,The question needs to be CORRECTED.,if_i_consider_to_leave_work_after_the_fort_hour_how_many_minutes_would_that_be_targ_24_D.wav,target,both_err,infinitive vs. participle,/θ/ --> /t/; fourth/fort,y,,np,,,JB_1107,
27,93d70cc6ef5fcf17c6dcc33e1a9b2ca4a1123231738d08e9d05e1fc5330ae3db,"The speaker should have said ""Consider LEAVING work""",if_i_consider_to_leave_work_after_the_fort_hour_how_many_minutes_would_that_be_targ_24_D.wav,target,both_err,infinitive vs. participle,/θ/ --> /t/; fourth/fort,,,,,,,
27,93d70cc6ef5fcf17c6dcc33e1a9b2ca4a1123231738d08e9d05e1fc5330ae3db,The question does NOT need any corrections.,what_letter_in_the_latin_alphabet_corresponds_to_the_greek_letter_alpha_fill_01.wav,filler_other,NA,NA,NA,nans,,,,,JB_1107,
27,93d70cc6ef5fcf17c6dcc33e1a9b2ca4a1123231738d08e9d05e1fc5330ae3db,A,what_letter_in_the_latin_alphabet_corresponds_to_the_greek_letter_alpha_fill_01.wav,filler_other,NA,NA,NA,,,,,,,
27,93d70cc6ef5fcf17c6dcc33e1a9b2ca4a1123231738d08e9d05e1fc5330ae3db,The question does NOT need any corrections.,what_organ_is_often_associated_with_being_eaten_by_rotting_flesh_monsters_also_known_as_zombies_fill_02.wav,filler_other,NA,NA,NA,nans,,,,,JB_1107,
27,93d70cc6ef5fcf17c6dcc33e1a9b2ca4a1123231738d08e9d05e1fc5330ae3db,Brains,what_organ_is_often_associated_with_being_eaten_by_rotting_flesh_monsters_also_known_as_zombies_fill_02.wav,filler_other,NA,NA,NA,,,,,,,
27,93d70cc6ef5fcf17c6dcc33e1a9b2ca4a1123231738d08e9d05e1fc5330ae3db,The question does NOT need any corrections.,which_british_celebrity_judge_often_harshly_critiqued_contestants_on_the_nationwide_singing_contest_american_idol_fill_03.wav,filler_other,NA,NA,NA,nans,,,,,JB_1107,
27,93d70cc6ef5fcf17c6dcc33e1a9b2ca4a1123231738d08e9d05e1fc5330ae3db,Simon Cowell,which_british_celebrity_judge_often_harshly_critiqued_contestants_on_the_nationwide_singing_contest_american_idol_fill_03.wav,filler_other,NA,NA,NA,,,,,,,
27,93d70cc6ef5fcf17c6dcc33e1a9b2ca4a1123231738d08e9d05e1fc5330ae3db,The question does NOT need any corrections.,which_cartoon_character_works_at_the_krusty_krab_and_is_best_friends_with_patrick_star_fill_04.wav,filler_other,NA,NA,NA,nans,,,,,JB_1107,
27,93d70cc6ef5fcf17c6dcc33e1a9b2ca4a1123231738d08e9d05e1fc5330ae3db,Spongebob Squarepants,which_cartoon_character_works_at_the_krusty_krab_and_is_best_friends_with_patrick_star_fill_04.wav,filler_other,NA,NA,NA,,,,,,,
27,93d70cc6ef5fcf17c6dcc33e1a9b2ca4a1123231738d08e9d05e1fc5330ae3db,The question does NOT need any corrections.,which_body_part_did_van_gogh_allegedly_cut_off_after_an_argument_with_his_friend_fill_05.wav,filler_other,NA,NA,NA,nans,,,,,JB_1107,
27,93d70cc6ef5fcf17c6dcc33e1a9b2ca4a1123231738d08e9d05e1fc5330ae3db,His ear,which_body_part_did_van_gogh_allegedly_cut_off_after_an_argument_with_his_friend_fill_05.wav,filler_other,NA,NA,NA,,,,,,,
27,93d70cc6ef5fcf17c6dcc33e1a9b2ca4a1123231738d08e9d05e1fc5330ae3db,The question does NOT need any corrections.,what_is_the_name_of_the_comic_strip_featuring_charlie_brown_and_his_dog_snoopy_fill_06.wav,filler_other,NA,NA,NA,nans,,,,,JB_1107,
27,93d70cc6ef5fcf17c6dcc33e1a9b2ca4a1123231738d08e9d05e1fc5330ae3db,Peanuts,what_is_the_name_of_the_comic_strip_featuring_charlie_brown_and_his_dog_snoopy_fill_06.wav,filler_other,NA,NA,NA,,,,,,,
27,93d70cc6ef5fcf17c6dcc33e1a9b2ca4a1123231738d08e9d05e1fc5330ae3db,"The question does NOT need any corrections, but I don't know the answer/ I don't understand what the question is asking.",what_holiday_occurs_at_the_end_of_october_and_features_trick-or-treating_pumpkins_and_haunted_houses_fill_07.wav,filler_other,NA,NA,NA,nun,,otherp,,doesn't report error officially but gives explanation for mispronunciation,JB_1107,
27,93d70cc6ef5fcf17c6dcc33e1a9b2ca4a1123231738d08e9d05e1fc5330ae3db,"Halloween; the speaker mispronounces the word ""occurs"" and ""pumpkins"".",what_holiday_occurs_at_the_end_of_october_and_features_trick-or-treating_pumpkins_and_haunted_houses_fill_07.wav,filler_other,NA,NA,NA,,,,,,,
27,93d70cc6ef5fcf17c6dcc33e1a9b2ca4a1123231738d08e9d05e1fc5330ae3db,The question does NOT need any corrections.,what_is_the_name_of_the_video_game_character_who_is_a_traveling_italian_plumber_fill_08.wav,filler_other,NA,NA,NA,nans,,,,,JB_1107,
27,93d70cc6ef5fcf17c6dcc33e1a9b2ca4a1123231738d08e9d05e1fc5330ae3db,Mario,what_is_the_name_of_the_video_game_character_who_is_a_traveling_italian_plumber_fill_08.wav,filler_other,NA,NA,NA,,,,,,,
27,93d70cc6ef5fcf17c6dcc33e1a9b2ca4a1123231738d08e9d05e1fc5330ae3db,The question does NOT need any corrections.,what_kind_of_animal_is_mickey_mouse’s_girlfriend_minnie_who_wears_a_bow_fill_09.wav,filler_other,NA,NA,NA,nans,,,,,JB_1107,
27,93d70cc6ef5fcf17c6dcc33e1a9b2ca4a1123231738d08e9d05e1fc5330ae3db,Mouse,what_kind_of_animal_is_mickey_mouse’s_girlfriend_minnie_who_wears_a_bow_fill_09.wav,filler_other,NA,NA,NA,,,,,,,
27,93d70cc6ef5fcf17c6dcc33e1a9b2ca4a1123231738d08e9d05e1fc5330ae3db,The question needs to be CORRECTED.,which_cartoon_dog_solves_mysteries_with_the_group_fred_daphne_velma_and_shaggy_fill_10.wav,filler_other,NA,NA,NA,y,,otherp,,,JB_1107,
27,93d70cc6ef5fcf17c6dcc33e1a9b2ca4a1123231738d08e9d05e1fc5330ae3db,"Scooby Doo; replace ""Belma"" with ""Velma"".",which_cartoon_dog_solves_mysteries_with_the_group_fred_daphne_velma_and_shaggy_fill_10.wav,filler_other,NA,NA,NA,,,,,,,
27,93d70cc6ef5fcf17c6dcc33e1a9b2ca4a1123231738d08e9d05e1fc5330ae3db,The question needs to be CORRECTED.,which_fast_food_chain_offers_foot-long_sandwiches_and_has_the_slogan_eat_fresh_fill_11.wav,filler_other,NA,NA,NA,y,,otherp,,,JB_1107,
27,93d70cc6ef5fcf17c6dcc33e1a9b2ca4a1123231738d08e9d05e1fc5330ae3db,"Subway; The speaker should have said ""foot-long"", but said ""food-long"".",which_fast_food_chain_offers_foot-long_sandwiches_and_has_the_slogan_eat_fresh_fill_11.wav,filler_other,NA,NA,NA,,,,,,,
27,93d70cc6ef5fcf17c6dcc33e1a9b2ca4a1123231738d08e9d05e1fc5330ae3db,The question does NOT need any corrections.,which_oscar-winning_movie_features_tom_hanks_saying_life_is_like_a_box_of_chocolates_fill_12.wav,filler_other,NA,NA,NA,nans,,,,,JB_1107,
27,93d70cc6ef5fcf17c6dcc33e1a9b2ca4a1123231738d08e9d05e1fc5330ae3db,Forrest Gump,which_oscar-winning_movie_features_tom_hanks_saying_life_is_like_a_box_of_chocolates_fill_12.wav,filler_other,NA,NA,NA,,,,,,,
27,93d70cc6ef5fcf17c6dcc33e1a9b2ca4a1123231738d08e9d05e1fc5330ae3db,The question does NOT need any corrections.,what_novel_has_the_quote_i’m_late_i’m_late_for_a_very_important_date_fill_13.wav,filler_other,NA,NA,NA,nans,,,,,JB_1107,
27,93d70cc6ef5fcf17c6dcc33e1a9b2ca4a1123231738d08e9d05e1fc5330ae3db,Alice in Wonderland,what_novel_has_the_quote_i’m_late_i’m_late_for_a_very_important_date_fill_13.wav,filler_other,NA,NA,NA,,,,,,,
27,93d70cc6ef5fcf17c6dcc33e1a9b2ca4a1123231738d08e9d05e1fc5330ae3db,The question needs to be CORRECTED.,what_mythical_creatures_have_been_said_to_drink_blood_turn_into_bats_and_hate_onions_fill_14.wav,filler_other,NA,NA,NA,y,,otherirr,,,JB_1107,
27,93d70cc6ef5fcf17c6dcc33e1a9b2ca4a1123231738d08e9d05e1fc5330ae3db,"Vampires; The speaker said vampires hate onions, but they are typically depicted hating garlic.",what_mythical_creatures_have_been_said_to_drink_blood_turn_into_bats_and_hate_onions_fill_14.wav,filler_other,NA,NA,NA,,,,,,,
27,93d70cc6ef5fcf17c6dcc33e1a9b2ca4a1123231738d08e9d05e1fc5330ae3db,The question does NOT need any corrections.,who_discovered_the_law_of_universal_gravitation_which_accounts_for_why_objects_naturally_fall_downwards_fill_15.wav,filler_other,NA,NA,NA,nans,,,,,JB_1107,
27,93d70cc6ef5fcf17c6dcc33e1a9b2ca4a1123231738d08e9d05e1fc5330ae3db,Isaac Newton,who_discovered_the_law_of_universal_gravitation_which_accounts_for_why_objects_naturally_fall_downwards_fill_15.wav,filler_other,NA,NA,NA,,,,,,,
27,93d70cc6ef5fcf17c6dcc33e1a9b2ca4a1123231738d08e9d05e1fc5330ae3db,The question needs to be CORRECTED.,which_soft_pastry_made_with_a_certain_spice_is_often_spiral-shaped_and_topped_with_icing_fill_16.wav,filler_other,NA,NA,NA,y,,otherp,,,JB_1107,
27,93d70cc6ef5fcf17c6dcc33e1a9b2ca4a1123231738d08e9d05e1fc5330ae3db,"Cinnamon rolls; the speaker says ""sock"" instead of ""soft"".",which_soft_pastry_made_with_a_certain_spice_is_often_spiral-shaped_and_topped_with_icing_fill_16.wav,filler_other,NA,NA,NA,,,,,,,
27,93d70cc6ef5fcf17c6dcc33e1a9b2ca4a1123231738d08e9d05e1fc5330ae3db,The question does NOT need any corrections.,what_us_holiday_is_often_celebrated_with_fireworks_and_hotdogs_to_honor_americas_freedom_fill_17.wav,filler_other,NA,NA,NA,nans,,,,,JB_1107,
27,93d70cc6ef5fcf17c6dcc33e1a9b2ca4a1123231738d08e9d05e1fc5330ae3db,Fourth of July,what_us_holiday_is_often_celebrated_with_fireworks_and_hotdogs_to_honor_americas_freedom_fill_17.wav,filler_other,NA,NA,NA,,,,,,,
27,93d70cc6ef5fcf17c6dcc33e1a9b2ca4a1123231738d08e9d05e1fc5330ae3db,The question does NOT need any corrections.,which_tropical_fruit_that_grows_on_palm_trees_is_used_for_oils_and_milks_fill_18.wav,filler_other,NA,NA,NA,nans,,,,,JB_1107,
27,93d70cc6ef5fcf17c6dcc33e1a9b2ca4a1123231738d08e9d05e1fc5330ae3db,Coconut,which_tropical_fruit_that_grows_on_palm_trees_is_used_for_oils_and_milks_fill_18.wav,filler_other,NA,NA,NA,,,,,,,
27,93d70cc6ef5fcf17c6dcc33e1a9b2ca4a1123231738d08e9d05e1fc5330ae3db,The question needs to be CORRECTED.,which_season_do_we_associate_with_thanksgiving_the_beginning_of_school_and_leaves_turning_brown_fill_19.wav,filler_other,NA,NA,NA,y,,otherirr,,,JB_1107,
27,93d70cc6ef5fcf17c6dcc33e1a9b2ca4a1123231738d08e9d05e1fc5330ae3db,"November; American thanksgiving is in November, but leaves usually start turning brown in October, and school usually starts around the end of August.",which_season_do_we_associate_with_thanksgiving_the_beginning_of_school_and_leaves_turning_brown_fill_19.wav,filler_other,NA,NA,NA,,,,,,,
27,93d70cc6ef5fcf17c6dcc33e1a9b2ca4a1123231738d08e9d05e1fc5330ae3db,The question does NOT need any corrections.,what_musician_won_grammys_for_their_album_thriller_which_features_the_hit_song_beat_it_fill_20.wav,filler_other,NA,NA,NA,nans,,,,,JB_1107,
27,93d70cc6ef5fcf17c6dcc33e1a9b2ca4a1123231738d08e9d05e1fc5330ae3db,Michael Jackson,what_musician_won_grammys_for_their_album_thriller_which_features_the_hit_song_beat_it_fill_20.wav,filler_other,NA,NA,NA,,,,,,,
27,93d70cc6ef5fcf17c6dcc33e1a9b2ca4a1123231738d08e9d05e1fc5330ae3db,I’m good — skip to the next question,what_animal_is_typically_white_with_black_spots_and_says_moo_fill_21.wav,filler_other,NA,NA,NA,s,,,,,JB_1107,
27,93d70cc6ef5fcf17c6dcc33e1a9b2ca4a1123231738d08e9d05e1fc5330ae3db,NA,what_animal_is_typically_white_with_black_spots_and_says_moo_fill_21.wav,filler_other,NA,NA,NA,,,,,,,
27,93d70cc6ef5fcf17c6dcc33e1a9b2ca4a1123231738d08e9d05e1fc5330ae3db,The question does NOT need any corrections.,where_do_the_jolly_christmas_icons_santa_claus_and_his_wife_mrs._claus_live_fill_22.wav,filler_other,NA,NA,NA,nans,,,,,JB_1107,
27,93d70cc6ef5fcf17c6dcc33e1a9b2ca4a1123231738d08e9d05e1fc5330ae3db,The North Pole,where_do_the_jolly_christmas_icons_santa_claus_and_his_wife_mrs._claus_live_fill_22.wav,filler_other,NA,NA,NA,,,,,,,
27,93d70cc6ef5fcf17c6dcc33e1a9b2ca4a1123231738d08e9d05e1fc5330ae3db,The question does NOT need any corrections.,in_the_famous_dr_seuss_book_what_orange_and_yellow_character_speaks_for_the_trees_fill_23.wav,filler_other,NA,NA,NA,nans,,,,,JB_1107,
27,93d70cc6ef5fcf17c6dcc33e1a9b2ca4a1123231738d08e9d05e1fc5330ae3db,The Lorax,in_the_famous_dr_seuss_book_what_orange_and_yellow_character_speaks_for_the_trees_fill_23.wav,filler_other,NA,NA,NA,,,,,,,
27,93d70cc6ef5fcf17c6dcc33e1a9b2ca4a1123231738d08e9d05e1fc5330ae3db,The question needs to be CORRECTED.,in_what_country_would_you_find_landmarks_like_the_pyramids_of_giza_and_great_sphinx_fill_24.wav,filler_other,NA,NA,NA,y,,otherp,,,JB_1107,
27,93d70cc6ef5fcf17c6dcc33e1a9b2ca4a1123231738d08e9d05e1fc5330ae3db,"Egypt; replace ""finx"" with ""sphinx"".",in_what_country_would_you_find_landmarks_like_the_pyramids_of_giza_and_great_sphinx_fill_24.wav,filler_other,NA,NA,NA,,,,,,,
28,94041c1880e9ff993720f22914ec7cced94769a59ebeff23917f08d1ad64a784,I’m good — skip to the next question,how_many_legs_does_a_dog_normally_have_fill_25.wav,att_check_good,NA,NA,NA,s,,,,attention check passed (6/7 correct),JB_1107,
28,94041c1880e9ff993720f22914ec7cced94769a59ebeff23917f08d1ad64a784,NA,how_many_legs_does_a_dog_normally_have_fill_25.wav,att_check_good,NA,NA,NA,,,,,,,
28,94041c1880e9ff993720f22914ec7cced94769a59ebeff23917f08d1ad64a784,The question does NOT need any corrections.,what_state_is_los_angeles_located_in_fill_26.wav,att_check_good,NA,NA,NA,nans,,,a,,JB_1107,
28,94041c1880e9ff993720f22914ec7cced94769a59ebeff23917f08d1ad64a784,california,what_state_is_los_angeles_located_in_fill_26.wav,att_check_good,NA,NA,NA,,,,,,,
28,94041c1880e9ff993720f22914ec7cced94769a59ebeff23917f08d1ad64a784,The question does NOT need any corrections.,what_day_of_the_week_comes_after_monday_fill_27.wav,att_check_good,NA,NA,NA,nans,,,a,,JB_1107,
28,94041c1880e9ff993720f22914ec7cced94769a59ebeff23917f08d1ad64a784,tuesday,what_day_of_the_week_comes_after_monday_fill_27.wav,att_check_good,NA,NA,NA,,,,,,,
28,94041c1880e9ff993720f22914ec7cced94769a59ebeff23917f08d1ad64a784,The question does NOT need any corrections.,what_color_is_a_typical_school_bus_fill_28.wav,att_check_good,NA,NA,NA,nans,,,a,,JB_1107,
28,94041c1880e9ff993720f22914ec7cced94769a59ebeff23917f08d1ad64a784,yellow,what_color_is_a_typical_school_bus_fill_28.wav,att_check_good,NA,NA,NA,,,,,,,
28,94041c1880e9ff993720f22914ec7cced94769a59ebeff23917f08d1ad64a784,The question needs to be CORRECTED.,in_the_cycle_of_seasons_what_season_comes_after_dinter_fill_29.wav,att_check_err,NA,NA,NA,y,,acheckp,,"accepting, heard 'linter' instead of 'dinter' however",JB_1107,
28,94041c1880e9ff993720f22914ec7cced94769a59ebeff23917f08d1ad64a784,sounded like she said linter instead of winter,in_the_cycle_of_seasons_what_season_comes_after_dinter_fill_29.wav,att_check_err,NA,NA,NA,,,,,,,
28,94041c1880e9ff993720f22914ec7cced94769a59ebeff23917f08d1ad64a784,The question does NOT need any corrections.,what_insect_undergoes_a_process_of_change_to_turn_into_a_butterfy_fill_30.wav,att_check_err,NA,NA,NA,nans,,acheckf,,,JB_1107,
28,94041c1880e9ff993720f22914ec7cced94769a59ebeff23917f08d1ad64a784,caterpillar,what_insect_undergoes_a_process_of_change_to_turn_into_a_butterfy_fill_30.wav,att_check_err,NA,NA,NA,,,,,,,
28,94041c1880e9ff993720f22914ec7cced94769a59ebeff23917f08d1ad64a784,The question needs to be CORRECTED.,what_is_the_largest_plant_in_the_solar_system_fill_31.wav,att_check_err,NA,NA,NA,y,,acheckp,,,JB_1107,
28,94041c1880e9ff993720f22914ec7cced94769a59ebeff23917f08d1ad64a784,plant was stated instead of the correct word planet,what_is_the_largest_plant_in_the_solar_system_fill_31.wav,att_check_err,NA,NA,NA,,,,,,,
28,94041c1880e9ff993720f22914ec7cced94769a59ebeff23917f08d1ad64a784,The question does NOT need any corrections.,how_many_embers_were_in_the_beatles_the_british_rock_band_fill_32.wav,att_check_err,NA,NA,NA,nans,,,a,,JB_1107,
28,94041c1880e9ff993720f22914ec7cced94769a59ebeff23917f08d1ad64a784,four,how_many_embers_were_in_the_beatles_the_british_rock_band_fill_32.wav,att_check_err,NA,NA,NA,,,,,,,
28,94041c1880e9ff993720f22914ec7cced94769a59ebeff23917f08d1ad64a784,"The question does NOT need any corrections, but I don't know the answer/ I don't understand what the question is asking.",for_what_pink_ice_cream_flavor_wheel_companies_make_their_best_to_use_real_fruit_targ_01_D.wav,target,both_err,make vs. other verb,/ɪ/ --> /i/; will/wheel,nun,,,,,JB_1107,
28,94041c1880e9ff993720f22914ec7cced94769a59ebeff23917f08d1ad64a784,na,for_what_pink_ice_cream_flavor_wheel_companies_make_their_best_to_use_real_fruit_targ_01_D.wav,target,both_err,make vs. other verb,/ɪ/ --> /i/; will/wheel,,,,,,,
28,94041c1880e9ff993720f22914ec7cced94769a59ebeff23917f08d1ad64a784,"The question does NOT need any corrections, but I don't know the answer/ I don't understand what the question is asking.",what_term_refers_to_armored_men_who_enjoyed_carrying_medieval_swords_that_clash_in_combat_targ_02_A.wav,target,correct,infinitive vs. participle,/ʃ/ --> /s/; clash/class,nun,,,,,JB_1107,
28,94041c1880e9ff993720f22914ec7cced94769a59ebeff23917f08d1ad64a784,na,what_term_refers_to_armored_men_who_enjoyed_carrying_medieval_swords_that_clash_in_combat_targ_02_A.wav,target,correct,infinitive vs. participle,/ʃ/ --> /s/; clash/class,,,,,,,
28,94041c1880e9ff993720f22914ec7cced94769a59ebeff23917f08d1ad64a784,The question needs to be CORRECTED.,which_scottish_actor_first_played_james_bond_wearing_guilts_to_red_carpets_when_he_was_32_years_old_targ_03_B.wav,target,phon_err,have vs. be,/k/ --> /g/; kilt/guilt,y,,p,,couldn't understand word but describing target phon error,JB_1107,
28,94041c1880e9ff993720f22914ec7cced94769a59ebeff23917f08d1ad64a784,stated was wearing coats or gold when he was 32 years old,which_scottish_actor_first_played_james_bond_wearing_guilts_to_red_carpets_when_he_was_32_years_old_targ_03_B.wav,target,phon_err,have vs. be,/k/ --> /g/; kilt/guilt,,,,,,,
28,94041c1880e9ff993720f22914ec7cced94769a59ebeff23917f08d1ad64a784,"The question does NOT need any corrections, but I don't know the answer/ I don't understand what the question is asking.",what_neil_armstrong_say_during_his_very_first_steps_on_the_moon_targ_04_C.wav,target,non_phon_err,no aux verbs in questions (lack of do support),/v/ --> /b/; very/berry,nun,,,,,JB_1107,
28,94041c1880e9ff993720f22914ec7cced94769a59ebeff23917f08d1ad64a784,na,what_neil_armstrong_say_during_his_very_first_steps_on_the_moon_targ_04_C.wav,target,non_phon_err,no aux verbs in questions (lack of do support),/v/ --> /b/; very/berry,,,,,,,
28,94041c1880e9ff993720f22914ec7cced94769a59ebeff23917f08d1ad64a784,The question needs to be CORRECTED.,what_kind_of_weather_cooed_cooled_occur_when_is_raining_and_below_freezing_targ_05_D.wav,target,both_err,expletive 'it' dropping,/ʊ/ --> /u/; could/cooed,y,,p?,,unsure what exactly is being described - seems like phon error but hearing 'could' instead of 'cold'? - marking as p since target word is discussed,JB_1107,
28,94041c1880e9ff993720f22914ec7cced94769a59ebeff23917f08d1ad64a784,said could in the sentence instead of what weather can be cold,what_kind_of_weather_cooed_cooled_occur_when_is_raining_and_below_freezing_targ_05_D.wav,target,both_err,expletive 'it' dropping,/ʊ/ --> /u/; could/cooed,,,,,,,
28,94041c1880e9ff993720f22914ec7cced94769a59ebeff23917f08d1ad64a784,I’m good — skip to the next question,how_many_legs_does_a_canadian_garden_spider_whose_silk_can_make_cloth_have_targ_06_A.wav,target,correct,adj/noun order,/θ/ --> /t/; cloth/clot,s,,,,,JB_1107,
28,94041c1880e9ff993720f22914ec7cced94769a59ebeff23917f08d1ad64a784,NA,how_many_legs_does_a_canadian_garden_spider_whose_silk_can_make_cloth_have_targ_06_A.wav,target,correct,adj/noun order,/θ/ --> /t/; cloth/clot,,,,,,,
28,94041c1880e9ff993720f22914ec7cced94769a59ebeff23917f08d1ad64a784,The question does NOT need any corrections.,what_childrens_game_makes_people_seat_down_quickly_when_the_loud_music_stops_targ_07_B.wav,target,phon_err,adj/noun order,/ɪ/ --> /i/; sit/seat,nans,,,,,JB_1107,
28,94041c1880e9ff993720f22914ec7cced94769a59ebeff23917f08d1ad64a784,musical chairs,what_childrens_game_makes_people_seat_down_quickly_when_the_loud_music_stops_targ_07_B.wav,target,phon_err,adj/noun order,/ɪ/ --> /i/; sit/seat,,,,,,,
28,94041c1880e9ff993720f22914ec7cced94769a59ebeff23917f08d1ad64a784,The question does NOT need any corrections.,because_is_important_to_honor_the_irish_saint_what_holiday_occurs_on_march_17th_targ_08_C.wav,target,non_phon_err,expletive 'it' dropping,/ʃ/ --> /s/; Irish/iris,nans,,,,,JB_1107,
28,94041c1880e9ff993720f22914ec7cced94769a59ebeff23917f08d1ad64a784,st patrick's day,because_is_important_to_honor_the_irish_saint_what_holiday_occurs_on_march_17th_targ_08_C.wav,target,non_phon_err,expletive 'it' dropping,/ʃ/ --> /s/; Irish/iris,,,,,,,
28,94041c1880e9ff993720f22914ec7cced94769a59ebeff23917f08d1ad64a784,The question needs to be CORRECTED.,if_laundry_service_will_gum_in_five_days_and_todays_thursday_when_are_they_making_laundry_next_targ_09_D.wav,target,both_err,make vs. other verb,/k/ --> /g/; come/gum,y,,np?,,"seems like they are describing nonphon error, but unsure",JB_1107,
28,94041c1880e9ff993720f22914ec7cced94769a59ebeff23917f08d1ad64a784,sted when is laundry coming after 5 days if the day lands on a thursday but said when is it coming instead of saying when is laundry being done,if_laundry_service_will_gum_in_five_days_and_todays_thursday_when_are_they_making_laundry_next_targ_09_D.wav,target,both_err,make vs. other verb,/k/ --> /g/; come/gum,,,,,,,
28,94041c1880e9ff993720f22914ec7cced94769a59ebeff23917f08d1ad64a784,The question needs to be CORRECTED.,who_did_americans_vote_for_to_be_their_first_president_who_avoided_serving_three_terms_targ_10_A.wav,target,correct,infinitive vs. participle,/v/ --> /b/; vote/boat,y,,otherirr,,,JB_1107,
28,94041c1880e9ff993720f22914ec7cced94769a59ebeff23917f08d1ad64a784,said avoided serving three terms as president instead pf saying avoided serving the us,who_did_americans_vote_for_to_be_their_first_president_who_avoided_serving_three_terms_targ_10_A.wav,target,correct,infinitive vs. participle,/v/ --> /b/; vote/boat,,,,,,,
28,94041c1880e9ff993720f22914ec7cced94769a59ebeff23917f08d1ad64a784,The question does NOT need any corrections.,what_colors_can_be_on_a_traffic_light_which_often_senses_when_cars_pool_up_targ_11_B.wav,target,phon_err,have vs. be,/ʊ/ --> /u/; pulls/pools,nans,,,,,JB_1107,
28,94041c1880e9ff993720f22914ec7cced94769a59ebeff23917f08d1ad64a784,red yellow green,what_colors_can_be_on_a_traffic_light_which_often_senses_when_cars_pool_up_targ_11_B.wav,target,phon_err,have vs. be,/ʊ/ --> /u/; pulls/pools,,,,,,,
28,94041c1880e9ff993720f22914ec7cced94769a59ebeff23917f08d1ad64a784,The question does NOT need any corrections.,if_youre_on_a_path_from_california_to_hawaii_which_ocean_you_go_through_targ_12_C.wav,target,non_phon_err,no aux verbs in questions (lack of do support),/θ/ --> /t/; path/pat,nans,,,,,JB_1107,
28,94041c1880e9ff993720f22914ec7cced94769a59ebeff23917f08d1ad64a784,pacific ocean,if_youre_on_a_path_from_california_to_hawaii_which_ocean_you_go_through_targ_12_C.wav,target,non_phon_err,no aux verbs in questions (lack of do support),/θ/ --> /t/; path/pat,,,,,,,
28,94041c1880e9ff993720f22914ec7cced94769a59ebeff23917f08d1ad64a784,The question needs to be CORRECTED.,what_supplies_you_need_to_neat_a_scarf_targ_13_D.wav,target,both_err,no aux verbs in questions (lack of do support),/ɪ/ --> /i/; knit/neat,y,,p,,describing target phon error but heard 'you need you need' instead of 'you need to neat',JB_1107,
28,94041c1880e9ff993720f22914ec7cced94769a59ebeff23917f08d1ad64a784,said you need twice,what_supplies_you_need_to_neat_a_scarf_targ_13_D.wav,target,both_err,no aux verbs in questions (lack of do support),/ɪ/ --> /i/; knit/neat,,,,,,,
28,94041c1880e9ff993720f22914ec7cced94769a59ebeff23917f08d1ad64a784,The question does NOT need any corrections.,what_city_have_people_rushed_to_tour_to_see_where_the_us_government_does_business_targ_14_A.wav,target,correct,make vs. other verb,/ʃ/ --> /s/; rushed/rust,nans,,,,,JB_1107,
28,94041c1880e9ff993720f22914ec7cced94769a59ebeff23917f08d1ad64a784,washington dc,what_city_have_people_rushed_to_tour_to_see_where_the_us_government_does_business_targ_14_A.wav,target,correct,make vs. other verb,/ʃ/ --> /s/; rushed/rust,,,,,,,
28,94041c1880e9ff993720f22914ec7cced94769a59ebeff23917f08d1ad64a784,"The question does NOT need any corrections, but I don't know the answer/ I don't understand what the question is asking.",what_colors_make_up_a_traditional_candy_gain_which_people_enjoy_eating_during_christmas_targ_15_B.wav,target,phon_err,infinitive vs. participle,/k/ --> /g/; cane/gain,nun,,,,,JB_1107,
28,94041c1880e9ff993720f22914ec7cced94769a59ebeff23917f08d1ad64a784,na,what_colors_make_up_a_traditional_candy_gain_which_people_enjoy_eating_during_christmas_targ_15_B.wav,target,phon_err,infinitive vs. participle,/k/ --> /g/; cane/gain,,,,,,,
28,94041c1880e9ff993720f22914ec7cced94769a59ebeff23917f08d1ad64a784,The question needs to be CORRECTED.,where_do_people_get_drivers_licenses_since_is_required_as_valid_id_to_drive_targ_16_C.wav,target,non_phon_err,expletive 'it' dropping,/v/ --> /b/; valid/ballad,y,,p?,,nonphon only trial but heard phon error on target word,JB_1107,
28,94041c1880e9ff993720f22914ec7cced94769a59ebeff23917f08d1ad64a784,said palid instead of valid,where_do_people_get_drivers_licenses_since_is_required_as_valid_id_to_drive_targ_16_C.wav,target,non_phon_err,expletive 'it' dropping,/v/ --> /b/; valid/ballad,,,,,,,
28,94041c1880e9ff993720f22914ec7cced94769a59ebeff23917f08d1ad64a784,"The question does NOT need any corrections, but I don't know the answer/ I don't understand what the question is asking.",how_many_days_wooed_wooled_my_bike_tandem_be_gone_if_someone_borrows_it_for_july_targ_17_D.wav,target,both_err,adj/noun order,/ʊ/ --> /u/; would/wooed,nun,,,,,JB_1107,
28,94041c1880e9ff993720f22914ec7cced94769a59ebeff23917f08d1ad64a784,i couldnt understand the question being asked,how_many_days_wooed_wooled_my_bike_tandem_be_gone_if_someone_borrows_it_for_july_targ_17_D.wav,target,both_err,adj/noun order,/ʊ/ --> /u/; would/wooed,,,,,,,
28,94041c1880e9ff993720f22914ec7cced94769a59ebeff23917f08d1ad64a784,The question needs to be CORRECTED.,when_you_are_hot_what_device_measures_body_temperature_in_both_celsius_and_fahrenheit_targ_18_A.wav,target,correct,have vs. be,/θ/ --> /t/; both/boat,y,,otherp,,,JB_1107,
28,94041c1880e9ff993720f22914ec7cced94769a59ebeff23917f08d1ad64a784,said foreign instead of fahrenheit,when_you_are_hot_what_device_measures_body_temperature_in_both_celsius_and_fahrenheit_targ_18_A.wav,target,correct,have vs. be,/θ/ --> /t/; both/boat,,,,,,,
28,94041c1880e9ff993720f22914ec7cced94769a59ebeff23917f08d1ad64a784,The question needs to be CORRECTED.,what_big_star_in_our_solar_system_can_steal_be_visible_when_it_is_cloudy_targ_19_B.wav,target,phon_err,expletive 'it' dropping,/ɪ/ --> /i/; still/steal,y,,otherp,,,JB_1107,
28,94041c1880e9ff993720f22914ec7cced94769a59ebeff23917f08d1ad64a784,sounded like pixar instad of big star and sounded like clowy instead of cloudy,what_big_star_in_our_solar_system_can_steal_be_visible_when_it_is_cloudy_targ_19_B.wav,target,phon_err,expletive 'it' dropping,/ɪ/ --> /i/; still/steal,,,,,,,
28,94041c1880e9ff993720f22914ec7cced94769a59ebeff23917f08d1ad64a784,The question needs to be CORRECTED.,what_popular_us_chain_provides_a_happy_meal_toy_or_plush_when_kids_have_hungry_targ_20_C.wav,target,non_phon_err,have vs. be,/ʃ/ --> /s/; plush/plus,y,,np,,,JB_1107,
28,94041c1880e9ff993720f22914ec7cced94769a59ebeff23917f08d1ad64a784,said when kids have hungry instead of when kids are hungry,what_popular_us_chain_provides_a_happy_meal_toy_or_plush_when_kids_have_hungry_targ_20_C.wav,target,non_phon_err,have vs. be,/ʃ/ --> /s/; plush/plus,,,,,,,
28,94041c1880e9ff993720f22914ec7cced94769a59ebeff23917f08d1ad64a784,The question needs to be CORRECTED.,in_the_lion_king_who_nala_talk_to_and_is_laying_in_a_got_after_theyve_reunited_targ_21_D.wav,target,both_err,no aux verbs in questions (lack of do support),/k/ --> /g/; cot/got,y,,otherp,,,JB_1107,
28,94041c1880e9ff993720f22914ec7cced94769a59ebeff23917f08d1ad64a784,its nala not nola or lola,in_the_lion_king_who_nala_talk_to_and_is_laying_in_a_got_after_theyve_reunited_targ_21_D.wav,target,both_err,no aux verbs in questions (lack of do support),/k/ --> /g/; cot/got,,,,,,,
28,94041c1880e9ff993720f22914ec7cced94769a59ebeff23917f08d1ad64a784,The question does NOT need any corrections.,if_a_hardworking_janitor_cleaned_a_vent_in_five_minutes_how_many_seconds_is_that_targ_22_A.wav,target,correct,adj/noun order,/v/ --> /b/; vent/bent,nans,,,,,JB_1107,
28,94041c1880e9ff993720f22914ec7cced94769a59ebeff23917f08d1ad64a784,300 seconds,if_a_hardworking_janitor_cleaned_a_vent_in_five_minutes_how_many_seconds_is_that_targ_22_A.wav,target,correct,adj/noun order,/v/ --> /b/; vent/bent,,,,,,,
28,94041c1880e9ff993720f22914ec7cced94769a59ebeff23917f08d1ad64a784,The question does NOT need any corrections.,what_company_created_the_macbook_a_device_fool_of_features_to_help_students_do_homework_targ_23_B.wav,target,phon_err,make vs. other verb,/ʊ/ --> /u/; full/fool,nans,,,,,JB_1107,
28,94041c1880e9ff993720f22914ec7cced94769a59ebeff23917f08d1ad64a784,apple,what_company_created_the_macbook_a_device_fool_of_features_to_help_students_do_homework_targ_23_B.wav,target,phon_err,make vs. other verb,/ʊ/ --> /u/; full/fool,,,,,,,
28,94041c1880e9ff993720f22914ec7cced94769a59ebeff23917f08d1ad64a784,"The question does NOT need any corrections, but I don't know the answer/ I don't understand what the question is asking.",if_i_consider_to_leave_work_after_the_fourth_hour_how_many_minutes_would_that_be_targ_24_C.wav,target,non_phon_err,infinitive vs. participle,/θ/ --> /t/; fourth/fort,nun,,,,,JB_1107,
28,94041c1880e9ff993720f22914ec7cced94769a59ebeff23917f08d1ad64a784,na,if_i_consider_to_leave_work_after_the_fourth_hour_how_many_minutes_would_that_be_targ_24_C.wav,target,non_phon_err,infinitive vs. participle,/θ/ --> /t/; fourth/fort,,,,,,,
28,94041c1880e9ff993720f22914ec7cced94769a59ebeff23917f08d1ad64a784,"The question does NOT need any corrections, but I don't know the answer/ I don't understand what the question is asking.",what_letter_in_the_latin_alphabet_corresponds_to_the_greek_letter_alpha_fill_01.wav,filler_other,NA,NA,NA,nun,,,,,JB_1107,
28,94041c1880e9ff993720f22914ec7cced94769a59ebeff23917f08d1ad64a784,na,what_letter_in_the_latin_alphabet_corresponds_to_the_greek_letter_alpha_fill_01.wav,filler_other,NA,NA,NA,,,,,,,
28,94041c1880e9ff993720f22914ec7cced94769a59ebeff23917f08d1ad64a784,"The question does NOT need any corrections, but I don't know the answer/ I don't understand what the question is asking.",what_organ_is_often_associated_with_being_eaten_by_rotting_flesh_monsters_also_known_as_zombies_fill_02.wav,filler_other,NA,NA,NA,nun,,,,,JB_1107,
28,94041c1880e9ff993720f22914ec7cced94769a59ebeff23917f08d1ad64a784,sounded like it said oregon,what_organ_is_often_associated_with_being_eaten_by_rotting_flesh_monsters_also_known_as_zombies_fill_02.wav,filler_other,NA,NA,NA,,,,,,,
28,94041c1880e9ff993720f22914ec7cced94769a59ebeff23917f08d1ad64a784,The question does NOT need any corrections.,which_british_celebrity_judge_often_harshly_critiqued_contestants_on_the_nationwide_singing_contest_american_idol_fill_03.wav,filler_other,NA,NA,NA,nans,,,,,JB_1107,
28,94041c1880e9ff993720f22914ec7cced94769a59ebeff23917f08d1ad64a784,simon cowell,which_british_celebrity_judge_often_harshly_critiqued_contestants_on_the_nationwide_singing_contest_american_idol_fill_03.wav,filler_other,NA,NA,NA,,,,,,,
28,94041c1880e9ff993720f22914ec7cced94769a59ebeff23917f08d1ad64a784,The question does NOT need any corrections.,which_cartoon_character_works_at_the_krusty_krab_and_is_best_friends_with_patrick_star_fill_04.wav,filler_other,NA,NA,NA,nans,,,,,JB_1107,
28,94041c1880e9ff993720f22914ec7cced94769a59ebeff23917f08d1ad64a784,spongebob,which_cartoon_character_works_at_the_krusty_krab_and_is_best_friends_with_patrick_star_fill_04.wav,filler_other,NA,NA,NA,,,,,,,
28,94041c1880e9ff993720f22914ec7cced94769a59ebeff23917f08d1ad64a784,"The question does NOT need any corrections, but I don't know the answer/ I don't understand what the question is asking.",which_body_part_did_van_gogh_allegedly_cut_off_after_an_argument_with_his_friend_fill_05.wav,filler_other,NA,NA,NA,nun,,,,,JB_1107,
28,94041c1880e9ff993720f22914ec7cced94769a59ebeff23917f08d1ad64a784,na,which_body_part_did_van_gogh_allegedly_cut_off_after_an_argument_with_his_friend_fill_05.wav,filler_other,NA,NA,NA,,,,,,,
28,94041c1880e9ff993720f22914ec7cced94769a59ebeff23917f08d1ad64a784,The question does NOT need any corrections.,what_is_the_name_of_the_comic_strip_featuring_charlie_brown_and_his_dog_snoopy_fill_06.wav,filler_other,NA,NA,NA,nans,,,,,JB_1107,
28,94041c1880e9ff993720f22914ec7cced94769a59ebeff23917f08d1ad64a784,peanuts,what_is_the_name_of_the_comic_strip_featuring_charlie_brown_and_his_dog_snoopy_fill_06.wav,filler_other,NA,NA,NA,,,,,,,
28,94041c1880e9ff993720f22914ec7cced94769a59ebeff23917f08d1ad64a784,The question does NOT need any corrections.,what_holiday_occurs_at_the_end_of_october_and_features_trick-or-treating_pumpkins_and_haunted_houses_fill_07.wav,filler_other,NA,NA,NA,nans,,,,,JB_1107,
28,94041c1880e9ff993720f22914ec7cced94769a59ebeff23917f08d1ad64a784,holloween,what_holiday_occurs_at_the_end_of_october_and_features_trick-or-treating_pumpkins_and_haunted_houses_fill_07.wav,filler_other,NA,NA,NA,,,,,,,
28,94041c1880e9ff993720f22914ec7cced94769a59ebeff23917f08d1ad64a784,The question does NOT need any corrections.,what_is_the_name_of_the_video_game_character_who_is_a_traveling_italian_plumber_fill_08.wav,filler_other,NA,NA,NA,nans,,,,,JB_1107,
28,94041c1880e9ff993720f22914ec7cced94769a59ebeff23917f08d1ad64a784,mario,what_is_the_name_of_the_video_game_character_who_is_a_traveling_italian_plumber_fill_08.wav,filler_other,NA,NA,NA,,,,,,,
28,94041c1880e9ff993720f22914ec7cced94769a59ebeff23917f08d1ad64a784,The question does NOT need any corrections.,what_kind_of_animal_is_mickey_mouse’s_girlfriend_minnie_who_wears_a_bow_fill_09.wav,filler_other,NA,NA,NA,nans,,,,,JB_1107,
28,94041c1880e9ff993720f22914ec7cced94769a59ebeff23917f08d1ad64a784,mouse,what_kind_of_animal_is_mickey_mouse’s_girlfriend_minnie_who_wears_a_bow_fill_09.wav,filler_other,NA,NA,NA,,,,,,,
28,94041c1880e9ff993720f22914ec7cced94769a59ebeff23917f08d1ad64a784,The question does NOT need any corrections.,which_cartoon_dog_solves_mysteries_with_the_group_fred_daphne_velma_and_shaggy_fill_10.wav,filler_other,NA,NA,NA,nans,,,,,JB_1107,
28,94041c1880e9ff993720f22914ec7cced94769a59ebeff23917f08d1ad64a784,scooby doo,which_cartoon_dog_solves_mysteries_with_the_group_fred_daphne_velma_and_shaggy_fill_10.wav,filler_other,NA,NA,NA,,,,,,,
28,94041c1880e9ff993720f22914ec7cced94769a59ebeff23917f08d1ad64a784,The question does NOT need any corrections.,which_fast_food_chain_offers_foot-long_sandwiches_and_has_the_slogan_eat_fresh_fill_11.wav,filler_other,NA,NA,NA,nans,,,,,JB_1107,
28,94041c1880e9ff993720f22914ec7cced94769a59ebeff23917f08d1ad64a784,subway,which_fast_food_chain_offers_foot-long_sandwiches_and_has_the_slogan_eat_fresh_fill_11.wav,filler_other,NA,NA,NA,,,,,,,
28,94041c1880e9ff993720f22914ec7cced94769a59ebeff23917f08d1ad64a784,The question does NOT need any corrections.,which_oscar-winning_movie_features_tom_hanks_saying_life_is_like_a_box_of_chocolates_fill_12.wav,filler_other,NA,NA,NA,nans,,,,,JB_1107,
28,94041c1880e9ff993720f22914ec7cced94769a59ebeff23917f08d1ad64a784,forest gump,which_oscar-winning_movie_features_tom_hanks_saying_life_is_like_a_box_of_chocolates_fill_12.wav,filler_other,NA,NA,NA,,,,,,,
28,94041c1880e9ff993720f22914ec7cced94769a59ebeff23917f08d1ad64a784,The question does NOT need any corrections.,what_novel_has_the_quote_i’m_late_i’m_late_for_a_very_important_date_fill_13.wav,filler_other,NA,NA,NA,nans,,,,,JB_1107,
28,94041c1880e9ff993720f22914ec7cced94769a59ebeff23917f08d1ad64a784,alice in wonderland,what_novel_has_the_quote_i’m_late_i’m_late_for_a_very_important_date_fill_13.wav,filler_other,NA,NA,NA,,,,,,,
28,94041c1880e9ff993720f22914ec7cced94769a59ebeff23917f08d1ad64a784,"The question does NOT need any corrections, but I don't know the answer/ I don't understand what the question is asking.",what_mythical_creatures_have_been_said_to_drink_blood_turn_into_bats_and_hate_onions_fill_14.wav,filler_other,NA,NA,NA,nun,,,,,JB_1107,
28,94041c1880e9ff993720f22914ec7cced94769a59ebeff23917f08d1ad64a784,na,what_mythical_creatures_have_been_said_to_drink_blood_turn_into_bats_and_hate_onions_fill_14.wav,filler_other,NA,NA,NA,,,,,,,
28,94041c1880e9ff993720f22914ec7cced94769a59ebeff23917f08d1ad64a784,The question does NOT need any corrections.,who_discovered_the_law_of_universal_gravitation_which_accounts_for_why_objects_naturally_fall_downwards_fill_15.wav,filler_other,NA,NA,NA,nans,,,,,JB_1107,
28,94041c1880e9ff993720f22914ec7cced94769a59ebeff23917f08d1ad64a784,issac newton,who_discovered_the_law_of_universal_gravitation_which_accounts_for_why_objects_naturally_fall_downwards_fill_15.wav,filler_other,NA,NA,NA,,,,,,,
28,94041c1880e9ff993720f22914ec7cced94769a59ebeff23917f08d1ad64a784,The question does NOT need any corrections.,which_soft_pastry_made_with_a_certain_spice_is_often_spiral-shaped_and_topped_with_icing_fill_16.wav,filler_other,NA,NA,NA,nans,,,,,JB_1107,
28,94041c1880e9ff993720f22914ec7cced94769a59ebeff23917f08d1ad64a784,cinnamon roll,which_soft_pastry_made_with_a_certain_spice_is_often_spiral-shaped_and_topped_with_icing_fill_16.wav,filler_other,NA,NA,NA,,,,,,,
28,94041c1880e9ff993720f22914ec7cced94769a59ebeff23917f08d1ad64a784,The question does NOT need any corrections.,what_us_holiday_is_often_celebrated_with_fireworks_and_hotdogs_to_honor_americas_freedom_fill_17.wav,filler_other,NA,NA,NA,nans,,,,,JB_1107,
28,94041c1880e9ff993720f22914ec7cced94769a59ebeff23917f08d1ad64a784,forth of july,what_us_holiday_is_often_celebrated_with_fireworks_and_hotdogs_to_honor_americas_freedom_fill_17.wav,filler_other,NA,NA,NA,,,,,,,
28,94041c1880e9ff993720f22914ec7cced94769a59ebeff23917f08d1ad64a784,The question does NOT need any corrections.,which_tropical_fruit_that_grows_on_palm_trees_is_used_for_oils_and_milks_fill_18.wav,filler_other,NA,NA,NA,nans,,,,,JB_1107,
28,94041c1880e9ff993720f22914ec7cced94769a59ebeff23917f08d1ad64a784,oil palm tree,which_tropical_fruit_that_grows_on_palm_trees_is_used_for_oils_and_milks_fill_18.wav,filler_other,NA,NA,NA,,,,,,,
28,94041c1880e9ff993720f22914ec7cced94769a59ebeff23917f08d1ad64a784,"The question does NOT need any corrections, but I don't know the answer/ I don't understand what the question is asking.",which_season_do_we_associate_with_thanksgiving_the_beginning_of_school_and_leaves_turning_brown_fill_19.wav,filler_other,NA,NA,NA,nun,,,,,JB_1107,
28,94041c1880e9ff993720f22914ec7cced94769a59ebeff23917f08d1ad64a784,i couldnt understand what was being asked when she asked beginining of school and brown leaves being to form,which_season_do_we_associate_with_thanksgiving_the_beginning_of_school_and_leaves_turning_brown_fill_19.wav,filler_other,NA,NA,NA,,,,,,,
28,94041c1880e9ff993720f22914ec7cced94769a59ebeff23917f08d1ad64a784,The question needs to be CORRECTED.,what_musician_won_grammys_for_their_album_thriller_which_features_the_hit_song_beat_it_fill_20.wav,filler_other,NA,NA,NA,y,,otherp,,,JB_1107,
28,94041c1880e9ff993720f22914ec7cced94769a59ebeff23917f08d1ad64a784,said mission instead of musician,what_musician_won_grammys_for_their_album_thriller_which_features_the_hit_song_beat_it_fill_20.wav,filler_other,NA,NA,NA,,,,,,,
28,94041c1880e9ff993720f22914ec7cced94769a59ebeff23917f08d1ad64a784,I’m good — skip to the next question,what_animal_is_typically_white_with_black_spots_and_says_moo_fill_21.wav,filler_other,NA,NA,NA,s,,,,,JB_1107,
28,94041c1880e9ff993720f22914ec7cced94769a59ebeff23917f08d1ad64a784,NA,what_animal_is_typically_white_with_black_spots_and_says_moo_fill_21.wav,filler_other,NA,NA,NA,,,,,,,
28,94041c1880e9ff993720f22914ec7cced94769a59ebeff23917f08d1ad64a784,The question does NOT need any corrections.,where_do_the_jolly_christmas_icons_santa_claus_and_his_wife_mrs._claus_live_fill_22.wav,filler_other,NA,NA,NA,nans,,,,,JB_1107,
28,94041c1880e9ff993720f22914ec7cced94769a59ebeff23917f08d1ad64a784,north pole,where_do_the_jolly_christmas_icons_santa_claus_and_his_wife_mrs._claus_live_fill_22.wav,filler_other,NA,NA,NA,,,,,,,
28,94041c1880e9ff993720f22914ec7cced94769a59ebeff23917f08d1ad64a784,"The question does NOT need any corrections, but I don't know the answer/ I don't understand what the question is asking.",in_the_famous_dr_seuss_book_what_orange_and_yellow_character_speaks_for_the_trees_fill_23.wav,filler_other,NA,NA,NA,nun,,,,,JB_1107,
28,94041c1880e9ff993720f22914ec7cced94769a59ebeff23917f08d1ad64a784,na,in_the_famous_dr_seuss_book_what_orange_and_yellow_character_speaks_for_the_trees_fill_23.wav,filler_other,NA,NA,NA,,,,,,,
28,94041c1880e9ff993720f22914ec7cced94769a59ebeff23917f08d1ad64a784,The question does NOT need any corrections.,in_what_country_would_you_find_landmarks_like_the_pyramids_of_giza_and_great_sphinx_fill_24.wav,filler_other,NA,NA,NA,nans,,,,,JB_1107,
28,94041c1880e9ff993720f22914ec7cced94769a59ebeff23917f08d1ad64a784,egypt,in_what_country_would_you_find_landmarks_like_the_pyramids_of_giza_and_great_sphinx_fill_24.wav,filler_other,NA,NA,NA,,,,,,,
29,9c876dbf77174c7681c4fb3bec8ae6216c5c45ba9fe75ef6d3d37b182d2b4fb3,The question does NOT need any corrections.,how_many_legs_does_a_dog_normally_have_fill_25.wav,att_check_good,NA,NA,NA,nans,,,a,attention check passed (8/8 correct),JB_1108,
29,9c876dbf77174c7681c4fb3bec8ae6216c5c45ba9fe75ef6d3d37b182d2b4fb3,4,how_many_legs_does_a_dog_normally_have_fill_25.wav,att_check_good,NA,NA,NA,,,,,,,
29,9c876dbf77174c7681c4fb3bec8ae6216c5c45ba9fe75ef6d3d37b182d2b4fb3,The question does NOT need any corrections.,what_state_is_los_angeles_located_in_fill_26.wav,att_check_good,NA,NA,NA,nans,,,a,,JB_1108,
29,9c876dbf77174c7681c4fb3bec8ae6216c5c45ba9fe75ef6d3d37b182d2b4fb3,California,what_state_is_los_angeles_located_in_fill_26.wav,att_check_good,NA,NA,NA,,,,,,,
29,9c876dbf77174c7681c4fb3bec8ae6216c5c45ba9fe75ef6d3d37b182d2b4fb3,The question does NOT need any corrections.,what_day_of_the_week_comes_after_monday_fill_27.wav,att_check_good,NA,NA,NA,nans,,,a,,JB_1108,
29,9c876dbf77174c7681c4fb3bec8ae6216c5c45ba9fe75ef6d3d37b182d2b4fb3,Tuesday,what_day_of_the_week_comes_after_monday_fill_27.wav,att_check_good,NA,NA,NA,,,,,,,
29,9c876dbf77174c7681c4fb3bec8ae6216c5c45ba9fe75ef6d3d37b182d2b4fb3,The question does NOT need any corrections.,what_color_is_a_typical_school_bus_fill_28.wav,att_check_good,NA,NA,NA,nans,,,a,,JB_1108,
29,9c876dbf77174c7681c4fb3bec8ae6216c5c45ba9fe75ef6d3d37b182d2b4fb3,yellow,what_color_is_a_typical_school_bus_fill_28.wav,att_check_good,NA,NA,NA,,,,,,,
29,9c876dbf77174c7681c4fb3bec8ae6216c5c45ba9fe75ef6d3d37b182d2b4fb3,The question needs to be CORRECTED.,in_the_cycle_of_seasons_what_season_comes_after_dinter_fill_29.wav,att_check_err,NA,NA,NA,y,,acheckp,,,JB_1108,
29,9c876dbf77174c7681c4fb3bec8ae6216c5c45ba9fe75ef6d3d37b182d2b4fb3,"Spring
 sounds like the person said ""dinter"" instead of ""winter""",in_the_cycle_of_seasons_what_season_comes_after_dinter_fill_29.wav,att_check_err,NA,NA,NA,,,,,,,
29,9c876dbf77174c7681c4fb3bec8ae6216c5c45ba9fe75ef6d3d37b182d2b4fb3,The question needs to be CORRECTED.,what_insect_undergoes_a_process_of_change_to_turn_into_a_butterfy_fill_30.wav,att_check_err,NA,NA,NA,y,,acheckp,,,JB_1108,
29,9c876dbf77174c7681c4fb3bec8ae6216c5c45ba9fe75ef6d3d37b182d2b4fb3,"caterpillar
 butterfly sounded like butterfy",what_insect_undergoes_a_process_of_change_to_turn_into_a_butterfy_fill_30.wav,att_check_err,NA,NA,NA,,,,,,,
29,9c876dbf77174c7681c4fb3bec8ae6216c5c45ba9fe75ef6d3d37b182d2b4fb3,The question needs to be CORRECTED.,what_is_the_largest_plant_in_the_solar_system_fill_31.wav,att_check_err,NA,NA,NA,y,,acheckp,,,JB_1108,
29,9c876dbf77174c7681c4fb3bec8ae6216c5c45ba9fe75ef6d3d37b182d2b4fb3,"Jupiter
 Change ""plant"" to ""planet""",what_is_the_largest_plant_in_the_solar_system_fill_31.wav,att_check_err,NA,NA,NA,,,,,,,
29,9c876dbf77174c7681c4fb3bec8ae6216c5c45ba9fe75ef6d3d37b182d2b4fb3,The question needs to be CORRECTED.,how_many_embers_were_in_the_beatles_the_british_rock_band_fill_32.wav,att_check_err,NA,NA,NA,y,,acheckp,,counting as pass - lack of enunciation on 'members' could refer to lack of initial /m/,JB_1108,
29,9c876dbf77174c7681c4fb3bec8ae6216c5c45ba9fe75ef6d3d37b182d2b4fb3,"5
 Need a little more enunciation on ""members"" and ""Beatles""",how_many_embers_were_in_the_beatles_the_british_rock_band_fill_32.wav,att_check_err,NA,NA,NA,,,,,,,
29,9c876dbf77174c7681c4fb3bec8ae6216c5c45ba9fe75ef6d3d37b182d2b4fb3,The question does NOT need any corrections.,for_what_pink_ice_cream_flavor_wheel_companies_make_their_best_to_use_real_fruit_targ_01_D.wav,target,both_err,make vs. other verb,/ɪ/ --> /i/; will/wheel,nans,,,,,JB_1108,
29,9c876dbf77174c7681c4fb3bec8ae6216c5c45ba9fe75ef6d3d37b182d2b4fb3,strawberry,for_what_pink_ice_cream_flavor_wheel_companies_make_their_best_to_use_real_fruit_targ_01_D.wav,target,both_err,make vs. other verb,/ɪ/ --> /i/; will/wheel,,,,,,,
29,9c876dbf77174c7681c4fb3bec8ae6216c5c45ba9fe75ef6d3d37b182d2b4fb3,The question does NOT need any corrections.,what_term_refers_to_armored_men_who_enjoyed_carrying_medieval_swords_that_clash_in_combat_targ_02_A.wav,target,correct,infinitive vs. participle,/ʃ/ --> /s/; clash/class,nans,,,,,JB_1108,
29,9c876dbf77174c7681c4fb3bec8ae6216c5c45ba9fe75ef6d3d37b182d2b4fb3,Knights,what_term_refers_to_armored_men_who_enjoyed_carrying_medieval_swords_that_clash_in_combat_targ_02_A.wav,target,correct,infinitive vs. participle,/ʃ/ --> /s/; clash/class,,,,,,,
29,9c876dbf77174c7681c4fb3bec8ae6216c5c45ba9fe75ef6d3d37b182d2b4fb3,The question does NOT need any corrections.,which_scottish_actor_first_played_james_bond_wearing_guilts_to_red_carpets_when_he_was_32_years_old_targ_03_B.wav,target,phon_err,have vs. be,/k/ --> /g/; kilt/guilt,nans,,,,,JB_1108,
29,9c876dbf77174c7681c4fb3bec8ae6216c5c45ba9fe75ef6d3d37b182d2b4fb3,Sean Connery,which_scottish_actor_first_played_james_bond_wearing_guilts_to_red_carpets_when_he_was_32_years_old_targ_03_B.wav,target,phon_err,have vs. be,/k/ --> /g/; kilt/guilt,,,,,,,
29,9c876dbf77174c7681c4fb3bec8ae6216c5c45ba9fe75ef6d3d37b182d2b4fb3,The question does NOT need any corrections.,what_neil_armstrong_say_during_his_very_first_steps_on_the_moon_targ_04_C.wav,target,non_phon_err,no aux verbs in questions (lack of do support),/v/ --> /b/; very/berry,nans,,,,,JB_1108,
29,9c876dbf77174c7681c4fb3bec8ae6216c5c45ba9fe75ef6d3d37b182d2b4fb3,"That's one small step for man, one giant leap for mankind",what_neil_armstrong_say_during_his_very_first_steps_on_the_moon_targ_04_C.wav,target,non_phon_err,no aux verbs in questions (lack of do support),/v/ --> /b/; very/berry,,,,,,,
29,9c876dbf77174c7681c4fb3bec8ae6216c5c45ba9fe75ef6d3d37b182d2b4fb3,The question needs to be CORRECTED.,what_kind_of_weather_cooed_cooled_occur_when_is_raining_and_below_freezing_targ_05_D.wav,target,both_err,expletive 'it' dropping,/ʊ/ --> /u/; could/cooed,y,,otherirr,,,JB_1108,
29,9c876dbf77174c7681c4fb3bec8ae6216c5c45ba9fe75ef6d3d37b182d2b4fb3,"snow
 change to ""what weather phenomenon occurs""",what_kind_of_weather_cooed_cooled_occur_when_is_raining_and_below_freezing_targ_05_D.wav,target,both_err,expletive 'it' dropping,/ʊ/ --> /u/; could/cooed,,,,,,,
29,9c876dbf77174c7681c4fb3bec8ae6216c5c45ba9fe75ef6d3d37b182d2b4fb3,The question does NOT need any corrections.,how_many_legs_does_a_canadian_garden_spider_whose_silk_can_make_cloth_have_targ_06_A.wav,target,correct,adj/noun order,/θ/ --> /t/; cloth/clot,nans,,,,,JB_1108,
29,9c876dbf77174c7681c4fb3bec8ae6216c5c45ba9fe75ef6d3d37b182d2b4fb3,8,how_many_legs_does_a_canadian_garden_spider_whose_silk_can_make_cloth_have_targ_06_A.wav,target,correct,adj/noun order,/θ/ --> /t/; cloth/clot,,,,,,,
29,9c876dbf77174c7681c4fb3bec8ae6216c5c45ba9fe75ef6d3d37b182d2b4fb3,The question does NOT need any corrections.,what_childrens_game_makes_people_seat_down_quickly_when_the_loud_music_stops_targ_07_B.wav,target,phon_err,adj/noun order,/ɪ/ --> /i/; sit/seat,nans,,,,,JB_1108,
29,9c876dbf77174c7681c4fb3bec8ae6216c5c45ba9fe75ef6d3d37b182d2b4fb3,Musical Chairs,what_childrens_game_makes_people_seat_down_quickly_when_the_loud_music_stops_targ_07_B.wav,target,phon_err,adj/noun order,/ɪ/ --> /i/; sit/seat,,,,,,,
29,9c876dbf77174c7681c4fb3bec8ae6216c5c45ba9fe75ef6d3d37b182d2b4fb3,The question does NOT need any corrections.,because_is_important_to_honor_the_irish_saint_what_holiday_occurs_on_march_17th_targ_08_C.wav,target,non_phon_err,expletive 'it' dropping,/ʃ/ --> /s/; Irish/iris,nans,,,,,JB_1108,
29,9c876dbf77174c7681c4fb3bec8ae6216c5c45ba9fe75ef6d3d37b182d2b4fb3,St Patrick's Day,because_is_important_to_honor_the_irish_saint_what_holiday_occurs_on_march_17th_targ_08_C.wav,target,non_phon_err,expletive 'it' dropping,/ʃ/ --> /s/; Irish/iris,,,,,,,
29,9c876dbf77174c7681c4fb3bec8ae6216c5c45ba9fe75ef6d3d37b182d2b4fb3,The question needs to be CORRECTED.,if_laundry_service_will_gum_in_five_days_and_todays_thursday_when_are_they_making_laundry_next_targ_09_D.wav,target,both_err,make vs. other verb,/k/ --> /g/; come/gum,y,,othernp,,doesn't take issue with verb 'make' itself - just disagrees with placement of adverb,JB_1108,
29,9c876dbf77174c7681c4fb3bec8ae6216c5c45ba9fe75ef6d3d37b182d2b4fb3,"Tuesday
 change the end to ""when are they next making laundry?""",if_laundry_service_will_gum_in_five_days_and_todays_thursday_when_are_they_making_laundry_next_targ_09_D.wav,target,both_err,make vs. other verb,/k/ --> /g/; come/gum,,,,,,,
29,9c876dbf77174c7681c4fb3bec8ae6216c5c45ba9fe75ef6d3d37b182d2b4fb3,"The question does NOT need any corrections, but I don't know the answer/ I don't understand what the question is asking.",who_did_americans_vote_for_to_be_their_first_president_who_avoided_serving_three_terms_targ_10_A.wav,target,correct,infinitive vs. participle,/v/ --> /b/; vote/boat,nun,,,,,JB_1108,
29,9c876dbf77174c7681c4fb3bec8ae6216c5c45ba9fe75ef6d3d37b182d2b4fb3,NA,who_did_americans_vote_for_to_be_their_first_president_who_avoided_serving_three_terms_targ_10_A.wav,target,correct,infinitive vs. participle,/v/ --> /b/; vote/boat,,,,,,,
29,9c876dbf77174c7681c4fb3bec8ae6216c5c45ba9fe75ef6d3d37b182d2b4fb3,The question does NOT need any corrections.,what_colors_can_be_on_a_traffic_light_which_often_senses_when_cars_pool_up_targ_11_B.wav,target,phon_err,have vs. be,/ʊ/ --> /u/; pulls/pools,nun,,,,,JB_1108,
29,9c876dbf77174c7681c4fb3bec8ae6216c5c45ba9fe75ef6d3d37b182d2b4fb3,"red, yellow, green",what_colors_can_be_on_a_traffic_light_which_often_senses_when_cars_pool_up_targ_11_B.wav,target,phon_err,have vs. be,/ʊ/ --> /u/; pulls/pools,,,,,,,
29,9c876dbf77174c7681c4fb3bec8ae6216c5c45ba9fe75ef6d3d37b182d2b4fb3,The question needs to be CORRECTED.,if_youre_on_a_path_from_california_to_hawaii_which_ocean_you_go_through_targ_12_C.wav,target,non_phon_err,no aux verbs in questions (lack of do support),/θ/ --> /t/; path/pat,y,,np?,,essentially detected nonphon error but heard 'do' instead of 'you',JB_1108,
29,9c876dbf77174c7681c4fb3bec8ae6216c5c45ba9fe75ef6d3d37b182d2b4fb3,"Pacific
 at the end, add the word ""you"": which ocean do ""you"" go through",if_youre_on_a_path_from_california_to_hawaii_which_ocean_you_go_through_targ_12_C.wav,target,non_phon_err,no aux verbs in questions (lack of do support),/θ/ --> /t/; path/pat,,,,,,,
29,9c876dbf77174c7681c4fb3bec8ae6216c5c45ba9fe75ef6d3d37b182d2b4fb3,The question needs to be CORRECTED.,what_supplies_you_need_to_neat_a_scarf_targ_13_D.wav,target,both_err,no aux verbs in questions (lack of do support),/ɪ/ --> /i/; knit/neat,y,,p,,,JB_1108,
29,9c876dbf77174c7681c4fb3bec8ae6216c5c45ba9fe75ef6d3d37b182d2b4fb3,"yarn
 enunciate ""knit"" more, sounds like ""need""",what_supplies_you_need_to_neat_a_scarf_targ_13_D.wav,target,both_err,no aux verbs in questions (lack of do support),/ɪ/ --> /i/; knit/neat,,,,,,,
29,9c876dbf77174c7681c4fb3bec8ae6216c5c45ba9fe75ef6d3d37b182d2b4fb3,The question does NOT need any corrections.,what_city_have_people_rushed_to_tour_to_see_where_the_us_government_does_business_targ_14_A.wav,target,correct,make vs. other verb,/ʃ/ --> /s/; rushed/rust,nans,,,,,JB_1108,
29,9c876dbf77174c7681c4fb3bec8ae6216c5c45ba9fe75ef6d3d37b182d2b4fb3,Washington DC,what_city_have_people_rushed_to_tour_to_see_where_the_us_government_does_business_targ_14_A.wav,target,correct,make vs. other verb,/ʃ/ --> /s/; rushed/rust,,,,,,,
29,9c876dbf77174c7681c4fb3bec8ae6216c5c45ba9fe75ef6d3d37b182d2b4fb3,The question does NOT need any corrections.,what_colors_make_up_a_traditional_candy_gain_which_people_enjoy_eating_during_christmas_targ_15_B.wav,target,phon_err,infinitive vs. participle,/k/ --> /g/; cane/gain,nans,,,,,JB_1108,
29,9c876dbf77174c7681c4fb3bec8ae6216c5c45ba9fe75ef6d3d37b182d2b4fb3,"2 colors, white and red",what_colors_make_up_a_traditional_candy_gain_which_people_enjoy_eating_during_christmas_targ_15_B.wav,target,phon_err,infinitive vs. participle,/k/ --> /g/; cane/gain,,,,,,,
29,9c876dbf77174c7681c4fb3bec8ae6216c5c45ba9fe75ef6d3d37b182d2b4fb3,The question does NOT need any corrections.,where_do_people_get_drivers_licenses_since_is_required_as_valid_id_to_drive_targ_16_C.wav,target,non_phon_err,expletive 'it' dropping,/v/ --> /b/; valid/ballad,nans,,,,,JB_1108,
29,9c876dbf77174c7681c4fb3bec8ae6216c5c45ba9fe75ef6d3d37b182d2b4fb3,DMV,where_do_people_get_drivers_licenses_since_is_required_as_valid_id_to_drive_targ_16_C.wav,target,non_phon_err,expletive 'it' dropping,/v/ --> /b/; valid/ballad,,,,,,,
29,9c876dbf77174c7681c4fb3bec8ae6216c5c45ba9fe75ef6d3d37b182d2b4fb3,The question does NOT need any corrections.,how_many_days_wooed_wooled_my_bike_tandem_be_gone_if_someone_borrows_it_for_july_targ_17_D.wav,target,both_err,adj/noun order,/ʊ/ --> /u/; would/wooed,nans,,,,,JB_1108,
29,9c876dbf77174c7681c4fb3bec8ae6216c5c45ba9fe75ef6d3d37b182d2b4fb3,31,how_many_days_wooed_wooled_my_bike_tandem_be_gone_if_someone_borrows_it_for_july_targ_17_D.wav,target,both_err,adj/noun order,/ʊ/ --> /u/; would/wooed,,,,,,,
29,9c876dbf77174c7681c4fb3bec8ae6216c5c45ba9fe75ef6d3d37b182d2b4fb3,The question does NOT need any corrections.,when_you_are_hot_what_device_measures_body_temperature_in_both_celsius_and_fahrenheit_targ_18_A.wav,target,correct,have vs. be,/θ/ --> /t/; both/boat,nans,,,,,JB_1108,
29,9c876dbf77174c7681c4fb3bec8ae6216c5c45ba9fe75ef6d3d37b182d2b4fb3,thermometer,when_you_are_hot_what_device_measures_body_temperature_in_both_celsius_and_fahrenheit_targ_18_A.wav,target,correct,have vs. be,/θ/ --> /t/; both/boat,,,,,,,
29,9c876dbf77174c7681c4fb3bec8ae6216c5c45ba9fe75ef6d3d37b182d2b4fb3,"The question does NOT need any corrections, but I don't know the answer/ I don't understand what the question is asking.",what_big_star_in_our_solar_system_can_steal_be_visible_when_it_is_cloudy_targ_19_B.wav,target,phon_err,expletive 'it' dropping,/ɪ/ --> /i/; still/steal,nun,,,,,JB_1108,
29,9c876dbf77174c7681c4fb3bec8ae6216c5c45ba9fe75ef6d3d37b182d2b4fb3,NA,what_big_star_in_our_solar_system_can_steal_be_visible_when_it_is_cloudy_targ_19_B.wav,target,phon_err,expletive 'it' dropping,/ɪ/ --> /i/; still/steal,,,,,,,
29,9c876dbf77174c7681c4fb3bec8ae6216c5c45ba9fe75ef6d3d37b182d2b4fb3,The question needs to be CORRECTED.,what_popular_us_chain_provides_a_happy_meal_toy_or_plush_when_kids_have_hungry_targ_20_C.wav,target,non_phon_err,have vs. be,/ʃ/ --> /s/; plush/plus,y,,np,,,JB_1108,
29,9c876dbf77174c7681c4fb3bec8ae6216c5c45ba9fe75ef6d3d37b182d2b4fb3,"McDonald's
 

 ""When kids are hungry instead"" of ""when kids have hungry""",what_popular_us_chain_provides_a_happy_meal_toy_or_plush_when_kids_have_hungry_targ_20_C.wav,target,non_phon_err,have vs. be,/ʃ/ --> /s/; plush/plus,,,,,,,
29,9c876dbf77174c7681c4fb3bec8ae6216c5c45ba9fe75ef6d3d37b182d2b4fb3,The question does NOT need any corrections.,in_the_lion_king_who_nala_talk_to_and_is_laying_in_a_got_after_theyve_reunited_targ_21_D.wav,target,both_err,no aux verbs in questions (lack of do support),/k/ --> /g/; cot/got,nans,,,,,JB_1108,
29,9c876dbf77174c7681c4fb3bec8ae6216c5c45ba9fe75ef6d3d37b182d2b4fb3,Simba,in_the_lion_king_who_nala_talk_to_and_is_laying_in_a_got_after_theyve_reunited_targ_21_D.wav,target,both_err,no aux verbs in questions (lack of do support),/k/ --> /g/; cot/got,,,,,,,
29,9c876dbf77174c7681c4fb3bec8ae6216c5c45ba9fe75ef6d3d37b182d2b4fb3,The question does NOT need any corrections.,if_a_hardworking_janitor_cleaned_a_vent_in_five_minutes_how_many_seconds_is_that_targ_22_A.wav,target,correct,adj/noun order,/v/ --> /b/; vent/bent,nans,,,,,JB_1108,
29,9c876dbf77174c7681c4fb3bec8ae6216c5c45ba9fe75ef6d3d37b182d2b4fb3,300,if_a_hardworking_janitor_cleaned_a_vent_in_five_minutes_how_many_seconds_is_that_targ_22_A.wav,target,correct,adj/noun order,/v/ --> /b/; vent/bent,,,,,,,
29,9c876dbf77174c7681c4fb3bec8ae6216c5c45ba9fe75ef6d3d37b182d2b4fb3,The question does NOT need any corrections.,what_company_created_the_macbook_a_device_fool_of_features_to_help_students_do_homework_targ_23_B.wav,target,phon_err,make vs. other verb,/ʊ/ --> /u/; full/fool,nans,,,,,JB_1108,
29,9c876dbf77174c7681c4fb3bec8ae6216c5c45ba9fe75ef6d3d37b182d2b4fb3,Apple,what_company_created_the_macbook_a_device_fool_of_features_to_help_students_do_homework_targ_23_B.wav,target,phon_err,make vs. other verb,/ʊ/ --> /u/; full/fool,,,,,,,
29,9c876dbf77174c7681c4fb3bec8ae6216c5c45ba9fe75ef6d3d37b182d2b4fb3,The question does NOT need any corrections.,if_i_consider_to_leave_work_after_the_fourth_hour_how_many_minutes_would_that_be_targ_24_C.wav,target,non_phon_err,infinitive vs. participle,/θ/ --> /t/; fourth/fort,nans,,,,,JB_1108,
29,9c876dbf77174c7681c4fb3bec8ae6216c5c45ba9fe75ef6d3d37b182d2b4fb3,240 minutes,if_i_consider_to_leave_work_after_the_fourth_hour_how_many_minutes_would_that_be_targ_24_C.wav,target,non_phon_err,infinitive vs. participle,/θ/ --> /t/; fourth/fort,,,,,,,
29,9c876dbf77174c7681c4fb3bec8ae6216c5c45ba9fe75ef6d3d37b182d2b4fb3,The question does NOT need any corrections.,what_letter_in_the_latin_alphabet_corresponds_to_the_greek_letter_alpha_fill_01.wav,filler_other,NA,NA,NA,nans,,,,,JB_1108,
29,9c876dbf77174c7681c4fb3bec8ae6216c5c45ba9fe75ef6d3d37b182d2b4fb3,a,what_letter_in_the_latin_alphabet_corresponds_to_the_greek_letter_alpha_fill_01.wav,filler_other,NA,NA,NA,,,,,,,
29,9c876dbf77174c7681c4fb3bec8ae6216c5c45ba9fe75ef6d3d37b182d2b4fb3,The question does NOT need any corrections.,what_organ_is_often_associated_with_being_eaten_by_rotting_flesh_monsters_also_known_as_zombies_fill_02.wav,filler_other,NA,NA,NA,nans,,,,,JB_1108,
29,9c876dbf77174c7681c4fb3bec8ae6216c5c45ba9fe75ef6d3d37b182d2b4fb3,brains,what_organ_is_often_associated_with_being_eaten_by_rotting_flesh_monsters_also_known_as_zombies_fill_02.wav,filler_other,NA,NA,NA,,,,,,,
29,9c876dbf77174c7681c4fb3bec8ae6216c5c45ba9fe75ef6d3d37b182d2b4fb3,The question does NOT need any corrections.,which_british_celebrity_judge_often_harshly_critiqued_contestants_on_the_nationwide_singing_contest_american_idol_fill_03.wav,filler_other,NA,NA,NA,nans,,,,,JB_1108,
29,9c876dbf77174c7681c4fb3bec8ae6216c5c45ba9fe75ef6d3d37b182d2b4fb3,Simon Cowell,which_british_celebrity_judge_often_harshly_critiqued_contestants_on_the_nationwide_singing_contest_american_idol_fill_03.wav,filler_other,NA,NA,NA,,,,,,,
29,9c876dbf77174c7681c4fb3bec8ae6216c5c45ba9fe75ef6d3d37b182d2b4fb3,The question does NOT need any corrections.,which_cartoon_character_works_at_the_krusty_krab_and_is_best_friends_with_patrick_star_fill_04.wav,filler_other,NA,NA,NA,nans,,,,,JB_1108,
29,9c876dbf77174c7681c4fb3bec8ae6216c5c45ba9fe75ef6d3d37b182d2b4fb3,Spongebob Squarepants,which_cartoon_character_works_at_the_krusty_krab_and_is_best_friends_with_patrick_star_fill_04.wav,filler_other,NA,NA,NA,,,,,,,
29,9c876dbf77174c7681c4fb3bec8ae6216c5c45ba9fe75ef6d3d37b182d2b4fb3,The question does NOT need any corrections.,which_body_part_did_van_gogh_allegedly_cut_off_after_an_argument_with_his_friend_fill_05.wav,filler_other,NA,NA,NA,nans,,,,,JB_1108,
29,9c876dbf77174c7681c4fb3bec8ae6216c5c45ba9fe75ef6d3d37b182d2b4fb3,ear,which_body_part_did_van_gogh_allegedly_cut_off_after_an_argument_with_his_friend_fill_05.wav,filler_other,NA,NA,NA,,,,,,,
29,9c876dbf77174c7681c4fb3bec8ae6216c5c45ba9fe75ef6d3d37b182d2b4fb3,The question does NOT need any corrections.,what_is_the_name_of_the_comic_strip_featuring_charlie_brown_and_his_dog_snoopy_fill_06.wav,filler_other,NA,NA,NA,nans,,,,,JB_1108,
29,9c876dbf77174c7681c4fb3bec8ae6216c5c45ba9fe75ef6d3d37b182d2b4fb3,Peanuts,what_is_the_name_of_the_comic_strip_featuring_charlie_brown_and_his_dog_snoopy_fill_06.wav,filler_other,NA,NA,NA,,,,,,,
29,9c876dbf77174c7681c4fb3bec8ae6216c5c45ba9fe75ef6d3d37b182d2b4fb3,The question does NOT need any corrections.,what_holiday_occurs_at_the_end_of_october_and_features_trick-or-treating_pumpkins_and_haunted_houses_fill_07.wav,filler_other,NA,NA,NA,nans,,,,,JB_1108,
29,9c876dbf77174c7681c4fb3bec8ae6216c5c45ba9fe75ef6d3d37b182d2b4fb3,halloween,what_holiday_occurs_at_the_end_of_october_and_features_trick-or-treating_pumpkins_and_haunted_houses_fill_07.wav,filler_other,NA,NA,NA,,,,,,,
29,9c876dbf77174c7681c4fb3bec8ae6216c5c45ba9fe75ef6d3d37b182d2b4fb3,The question does NOT need any corrections.,what_is_the_name_of_the_video_game_character_who_is_a_traveling_italian_plumber_fill_08.wav,filler_other,NA,NA,NA,nans,,,,,JB_1108,
29,9c876dbf77174c7681c4fb3bec8ae6216c5c45ba9fe75ef6d3d37b182d2b4fb3,Mario,what_is_the_name_of_the_video_game_character_who_is_a_traveling_italian_plumber_fill_08.wav,filler_other,NA,NA,NA,,,,,,,
29,9c876dbf77174c7681c4fb3bec8ae6216c5c45ba9fe75ef6d3d37b182d2b4fb3,The question does NOT need any corrections.,what_kind_of_animal_is_mickey_mouse’s_girlfriend_minnie_who_wears_a_bow_fill_09.wav,filler_other,NA,NA,NA,nans,,,,,JB_1108,
29,9c876dbf77174c7681c4fb3bec8ae6216c5c45ba9fe75ef6d3d37b182d2b4fb3,mouse,what_kind_of_animal_is_mickey_mouse’s_girlfriend_minnie_who_wears_a_bow_fill_09.wav,filler_other,NA,NA,NA,,,,,,,
29,9c876dbf77174c7681c4fb3bec8ae6216c5c45ba9fe75ef6d3d37b182d2b4fb3,The question does NOT need any corrections.,which_cartoon_dog_solves_mysteries_with_the_group_fred_daphne_velma_and_shaggy_fill_10.wav,filler_other,NA,NA,NA,nans,,,,,JB_1108,
29,9c876dbf77174c7681c4fb3bec8ae6216c5c45ba9fe75ef6d3d37b182d2b4fb3,Scooby Doo,which_cartoon_dog_solves_mysteries_with_the_group_fred_daphne_velma_and_shaggy_fill_10.wav,filler_other,NA,NA,NA,,,,,,,
29,9c876dbf77174c7681c4fb3bec8ae6216c5c45ba9fe75ef6d3d37b182d2b4fb3,The question does NOT need any corrections.,which_fast_food_chain_offers_foot-long_sandwiches_and_has_the_slogan_eat_fresh_fill_11.wav,filler_other,NA,NA,NA,nans,,,,,JB_1108,
29,9c876dbf77174c7681c4fb3bec8ae6216c5c45ba9fe75ef6d3d37b182d2b4fb3,subway,which_fast_food_chain_offers_foot-long_sandwiches_and_has_the_slogan_eat_fresh_fill_11.wav,filler_other,NA,NA,NA,,,,,,,
29,9c876dbf77174c7681c4fb3bec8ae6216c5c45ba9fe75ef6d3d37b182d2b4fb3,The question does NOT need any corrections.,which_oscar-winning_movie_features_tom_hanks_saying_life_is_like_a_box_of_chocolates_fill_12.wav,filler_other,NA,NA,NA,nans,,,,,JB_1108,
29,9c876dbf77174c7681c4fb3bec8ae6216c5c45ba9fe75ef6d3d37b182d2b4fb3,Forrest Gump,which_oscar-winning_movie_features_tom_hanks_saying_life_is_like_a_box_of_chocolates_fill_12.wav,filler_other,NA,NA,NA,,,,,,,
29,9c876dbf77174c7681c4fb3bec8ae6216c5c45ba9fe75ef6d3d37b182d2b4fb3,The question does NOT need any corrections.,what_novel_has_the_quote_i’m_late_i’m_late_for_a_very_important_date_fill_13.wav,filler_other,NA,NA,NA,nans,,,,,JB_1108,
29,9c876dbf77174c7681c4fb3bec8ae6216c5c45ba9fe75ef6d3d37b182d2b4fb3,Alice in Wonderland,what_novel_has_the_quote_i’m_late_i’m_late_for_a_very_important_date_fill_13.wav,filler_other,NA,NA,NA,,,,,,,
29,9c876dbf77174c7681c4fb3bec8ae6216c5c45ba9fe75ef6d3d37b182d2b4fb3,The question needs to be CORRECTED.,what_mythical_creatures_have_been_said_to_drink_blood_turn_into_bats_and_hate_onions_fill_14.wav,filler_other,NA,NA,NA,y,,otherirr,,,JB_1108,
29,9c876dbf77174c7681c4fb3bec8ae6216c5c45ba9fe75ef6d3d37b182d2b4fb3,"Vampires
 change ""onions"" to ""garlic""",what_mythical_creatures_have_been_said_to_drink_blood_turn_into_bats_and_hate_onions_fill_14.wav,filler_other,NA,NA,NA,,,,,,,
29,9c876dbf77174c7681c4fb3bec8ae6216c5c45ba9fe75ef6d3d37b182d2b4fb3,The question does NOT need any corrections.,who_discovered_the_law_of_universal_gravitation_which_accounts_for_why_objects_naturally_fall_downwards_fill_15.wav,filler_other,NA,NA,NA,nans,,,,,JB_1108,
29,9c876dbf77174c7681c4fb3bec8ae6216c5c45ba9fe75ef6d3d37b182d2b4fb3,Newton,who_discovered_the_law_of_universal_gravitation_which_accounts_for_why_objects_naturally_fall_downwards_fill_15.wav,filler_other,NA,NA,NA,,,,,,,
29,9c876dbf77174c7681c4fb3bec8ae6216c5c45ba9fe75ef6d3d37b182d2b4fb3,The question does NOT need any corrections.,which_soft_pastry_made_with_a_certain_spice_is_often_spiral-shaped_and_topped_with_icing_fill_16.wav,filler_other,NA,NA,NA,nans,,,,,JB_1108,
29,9c876dbf77174c7681c4fb3bec8ae6216c5c45ba9fe75ef6d3d37b182d2b4fb3,Cinnamon buns,which_soft_pastry_made_with_a_certain_spice_is_often_spiral-shaped_and_topped_with_icing_fill_16.wav,filler_other,NA,NA,NA,,,,,,,
29,9c876dbf77174c7681c4fb3bec8ae6216c5c45ba9fe75ef6d3d37b182d2b4fb3,The question does NOT need any corrections.,what_us_holiday_is_often_celebrated_with_fireworks_and_hotdogs_to_honor_americas_freedom_fill_17.wav,filler_other,NA,NA,NA,nans,,,,,JB_1108,
29,9c876dbf77174c7681c4fb3bec8ae6216c5c45ba9fe75ef6d3d37b182d2b4fb3,July 4,what_us_holiday_is_often_celebrated_with_fireworks_and_hotdogs_to_honor_americas_freedom_fill_17.wav,filler_other,NA,NA,NA,,,,,,,
29,9c876dbf77174c7681c4fb3bec8ae6216c5c45ba9fe75ef6d3d37b182d2b4fb3,The question does NOT need any corrections.,which_tropical_fruit_that_grows_on_palm_trees_is_used_for_oils_and_milks_fill_18.wav,filler_other,NA,NA,NA,nans,,,,,JB_1108,
29,9c876dbf77174c7681c4fb3bec8ae6216c5c45ba9fe75ef6d3d37b182d2b4fb3,coconuts,which_tropical_fruit_that_grows_on_palm_trees_is_used_for_oils_and_milks_fill_18.wav,filler_other,NA,NA,NA,,,,,,,
29,9c876dbf77174c7681c4fb3bec8ae6216c5c45ba9fe75ef6d3d37b182d2b4fb3,The question does NOT need any corrections.,which_season_do_we_associate_with_thanksgiving_the_beginning_of_school_and_leaves_turning_brown_fill_19.wav,filler_other,NA,NA,NA,nans,,,,,JB_1108,
29,9c876dbf77174c7681c4fb3bec8ae6216c5c45ba9fe75ef6d3d37b182d2b4fb3,Fall,which_season_do_we_associate_with_thanksgiving_the_beginning_of_school_and_leaves_turning_brown_fill_19.wav,filler_other,NA,NA,NA,,,,,,,
29,9c876dbf77174c7681c4fb3bec8ae6216c5c45ba9fe75ef6d3d37b182d2b4fb3,The question does NOT need any corrections.,what_musician_won_grammys_for_their_album_thriller_which_features_the_hit_song_beat_it_fill_20.wav,filler_other,NA,NA,NA,nans,,,,,JB_1108,
29,9c876dbf77174c7681c4fb3bec8ae6216c5c45ba9fe75ef6d3d37b182d2b4fb3,michael jackson,what_musician_won_grammys_for_their_album_thriller_which_features_the_hit_song_beat_it_fill_20.wav,filler_other,NA,NA,NA,,,,,,,
29,9c876dbf77174c7681c4fb3bec8ae6216c5c45ba9fe75ef6d3d37b182d2b4fb3,The question does NOT need any corrections.,what_animal_is_typically_white_with_black_spots_and_says_moo_fill_21.wav,filler_other,NA,NA,NA,nans,,,,,JB_1108,
29,9c876dbf77174c7681c4fb3bec8ae6216c5c45ba9fe75ef6d3d37b182d2b4fb3,cow,what_animal_is_typically_white_with_black_spots_and_says_moo_fill_21.wav,filler_other,NA,NA,NA,,,,,,,
29,9c876dbf77174c7681c4fb3bec8ae6216c5c45ba9fe75ef6d3d37b182d2b4fb3,The question does NOT need any corrections.,where_do_the_jolly_christmas_icons_santa_claus_and_his_wife_mrs._claus_live_fill_22.wav,filler_other,NA,NA,NA,nans,,,,,JB_1108,
29,9c876dbf77174c7681c4fb3bec8ae6216c5c45ba9fe75ef6d3d37b182d2b4fb3,the north pole,where_do_the_jolly_christmas_icons_santa_claus_and_his_wife_mrs._claus_live_fill_22.wav,filler_other,NA,NA,NA,,,,,,,
29,9c876dbf77174c7681c4fb3bec8ae6216c5c45ba9fe75ef6d3d37b182d2b4fb3,"The question does NOT need any corrections, but I don't know the answer/ I don't understand what the question is asking.",in_the_famous_dr_seuss_book_what_orange_and_yellow_character_speaks_for_the_trees_fill_23.wav,filler_other,NA,NA,NA,nun,,,,,JB_1108,
29,9c876dbf77174c7681c4fb3bec8ae6216c5c45ba9fe75ef6d3d37b182d2b4fb3,NA,in_the_famous_dr_seuss_book_what_orange_and_yellow_character_speaks_for_the_trees_fill_23.wav,filler_other,NA,NA,NA,,,,,,,
29,9c876dbf77174c7681c4fb3bec8ae6216c5c45ba9fe75ef6d3d37b182d2b4fb3,The question does NOT need any corrections.,in_what_country_would_you_find_landmarks_like_the_pyramids_of_giza_and_great_sphinx_fill_24.wav,filler_other,NA,NA,NA,nans,,,,,JB_1108,
29,9c876dbf77174c7681c4fb3bec8ae6216c5c45ba9fe75ef6d3d37b182d2b4fb3,Egypt,in_what_country_would_you_find_landmarks_like_the_pyramids_of_giza_and_great_sphinx_fill_24.wav,filler_other,NA,NA,NA,,,,,,,
30,9fe13ffb81755f0a67e220658ac34e77f261ca08110043e3ccf3c81d77e434f2,The question does NOT need any corrections.,how_many_legs_does_a_dog_normally_have_fill_25.wav,att_check_good,NA,NA,NA,nans,,,a,attention check passed(?) (5/7 correct),JB_1108,
30,9fe13ffb81755f0a67e220658ac34e77f261ca08110043e3ccf3c81d77e434f2,4,how_many_legs_does_a_dog_normally_have_fill_25.wav,att_check_good,NA,NA,NA,,,,,,,
30,9fe13ffb81755f0a67e220658ac34e77f261ca08110043e3ccf3c81d77e434f2,The question does NOT need any corrections.,what_state_is_los_angeles_located_in_fill_26.wav,att_check_good,NA,NA,NA,nans,,,a,,JB_1108,
30,9fe13ffb81755f0a67e220658ac34e77f261ca08110043e3ccf3c81d77e434f2,california,what_state_is_los_angeles_located_in_fill_26.wav,att_check_good,NA,NA,NA,,,,,,,
30,9fe13ffb81755f0a67e220658ac34e77f261ca08110043e3ccf3c81d77e434f2,The question does NOT need any corrections.,what_day_of_the_week_comes_after_monday_fill_27.wav,att_check_good,NA,NA,NA,nans,,,a,,JB_1108,
30,9fe13ffb81755f0a67e220658ac34e77f261ca08110043e3ccf3c81d77e434f2,Tuesday,what_day_of_the_week_comes_after_monday_fill_27.wav,att_check_good,NA,NA,NA,,,,,,,
30,9fe13ffb81755f0a67e220658ac34e77f261ca08110043e3ccf3c81d77e434f2,The question does NOT need any corrections.,what_color_is_a_typical_school_bus_fill_28.wav,att_check_good,NA,NA,NA,nans,,,a,,JB_1108,
30,9fe13ffb81755f0a67e220658ac34e77f261ca08110043e3ccf3c81d77e434f2,yellow,what_color_is_a_typical_school_bus_fill_28.wav,att_check_good,NA,NA,NA,,,,,,,
30,9fe13ffb81755f0a67e220658ac34e77f261ca08110043e3ccf3c81d77e434f2,The question needs to be CORRECTED.,in_the_cycle_of_seasons_what_season_comes_after_dinter_fill_29.wav,att_check_err,NA,NA,NA,y,,acheckp,,heard 'thinter' instead of 'dinter',JB_1108,
30,9fe13ffb81755f0a67e220658ac34e77f261ca08110043e3ccf3c81d77e434f2,"spring
 

 Winter not thinter",in_the_cycle_of_seasons_what_season_comes_after_dinter_fill_29.wav,att_check_err,NA,NA,NA,,,,,,,
30,9fe13ffb81755f0a67e220658ac34e77f261ca08110043e3ccf3c81d77e434f2,The question does NOT need any corrections.,what_insect_undergoes_a_process_of_change_to_turn_into_a_butterfy_fill_30.wav,att_check_err,NA,NA,NA,nans,,acheckf,,,JB_1108,
30,9fe13ffb81755f0a67e220658ac34e77f261ca08110043e3ccf3c81d77e434f2,Caterpillar,what_insect_undergoes_a_process_of_change_to_turn_into_a_butterfy_fill_30.wav,att_check_err,NA,NA,NA,,,,,,,
30,9fe13ffb81755f0a67e220658ac34e77f261ca08110043e3ccf3c81d77e434f2,I’m good — skip to the next question,what_is_the_largest_plant_in_the_solar_system_fill_31.wav,att_check_err,NA,NA,NA,s,,,,,JB_1108,
30,9fe13ffb81755f0a67e220658ac34e77f261ca08110043e3ccf3c81d77e434f2,NA,what_is_the_largest_plant_in_the_solar_system_fill_31.wav,att_check_err,NA,NA,NA,,,,,,,
30,9fe13ffb81755f0a67e220658ac34e77f261ca08110043e3ccf3c81d77e434f2,The question does NOT need any corrections.,how_many_embers_were_in_the_beatles_the_british_rock_band_fill_32.wav,att_check_err,NA,NA,NA,nans,,acheckf,,,JB_1108,
30,9fe13ffb81755f0a67e220658ac34e77f261ca08110043e3ccf3c81d77e434f2,Four,how_many_embers_were_in_the_beatles_the_british_rock_band_fill_32.wav,att_check_err,NA,NA,NA,,,,,,,
30,9fe13ffb81755f0a67e220658ac34e77f261ca08110043e3ccf3c81d77e434f2,"The question does NOT need any corrections, but I don't know the answer/ I don't understand what the question is asking.",for_what_pink_ice_cream_flavor_wheel_companies_do_their_best_to_use_real_fruit_targ_01_B.wav,target,phon_err,make vs. other verb,/ɪ/ --> /i/; will/wheel,nun,,,,,JB_1108,
30,9fe13ffb81755f0a67e220658ac34e77f261ca08110043e3ccf3c81d77e434f2,NA,for_what_pink_ice_cream_flavor_wheel_companies_do_their_best_to_use_real_fruit_targ_01_B.wav,target,phon_err,make vs. other verb,/ɪ/ --> /i/; will/wheel,,,,,,,
30,9fe13ffb81755f0a67e220658ac34e77f261ca08110043e3ccf3c81d77e434f2,"The question does NOT need any corrections, but I don't know the answer/ I don't understand what the question is asking.",what_term_refers_to_armored_men_who_enjoyed_to_carry_medieval_swords_that_clash_in_combat_targ_02_C.wav,target,non_phon_err,infinitive vs. participle,/ʃ/ --> /s/; clash/class,nun,,,,,JB_1108,
30,9fe13ffb81755f0a67e220658ac34e77f261ca08110043e3ccf3c81d77e434f2,NA,what_term_refers_to_armored_men_who_enjoyed_to_carry_medieval_swords_that_clash_in_combat_targ_02_C.wav,target,non_phon_err,infinitive vs. participle,/ʃ/ --> /s/; clash/class,,,,,,,
30,9fe13ffb81755f0a67e220658ac34e77f261ca08110043e3ccf3c81d77e434f2,"The question does NOT need any corrections, but I don't know the answer/ I don't understand what the question is asking.",which_scottish_actor_first_played_james_bond_wearing_guilts_to_red_carpets_when_he_had_32_years_old_targ_03_D.wav,target,both_err,have vs. be,/k/ --> /g/; kilt/guilt,nun,,,,,JB_1108,
30,9fe13ffb81755f0a67e220658ac34e77f261ca08110043e3ccf3c81d77e434f2,NA,which_scottish_actor_first_played_james_bond_wearing_guilts_to_red_carpets_when_he_had_32_years_old_targ_03_D.wav,target,both_err,have vs. be,/k/ --> /g/; kilt/guilt,,,,,,,
30,9fe13ffb81755f0a67e220658ac34e77f261ca08110043e3ccf3c81d77e434f2,The question does NOT need any corrections.,what_did_neil_armstrong_say_during_his_very_first_steps_on_the_moon_targ_04_A.wav,target,correct,no aux verbs in questions (lack of do support),/v/ --> /b/; very/berry,nans,,,,,JB_1108,
30,9fe13ffb81755f0a67e220658ac34e77f261ca08110043e3ccf3c81d77e434f2,"That's one small step for man, one giant leep for mankind",what_did_neil_armstrong_say_during_his_very_first_steps_on_the_moon_targ_04_A.wav,target,correct,no aux verbs in questions (lack of do support),/v/ --> /b/; very/berry,,,,,,,
30,9fe13ffb81755f0a67e220658ac34e77f261ca08110043e3ccf3c81d77e434f2,I’m good — skip to the next question,what_kind_of_weather_cooed_cooled_occur_when_it_is_raining_and_below_freezing_targ_05_B.wav,target,phon_err,expletive 'it' dropping,/ʊ/ --> /u/; could/cooed,s,,,,,JB_1108,
30,9fe13ffb81755f0a67e220658ac34e77f261ca08110043e3ccf3c81d77e434f2,NA,what_kind_of_weather_cooed_cooled_occur_when_it_is_raining_and_below_freezing_targ_05_B.wav,target,phon_err,expletive 'it' dropping,/ʊ/ --> /u/; could/cooed,,,,,,,
30,9fe13ffb81755f0a67e220658ac34e77f261ca08110043e3ccf3c81d77e434f2,"The question does NOT need any corrections, but I don't know the answer/ I don't understand what the question is asking.",how_many_legs_does_a_garden_spider_canadian_whose_silk_can_make_cloth_have_targ_06_C.wav,target,non_phon_err,adj/noun order,/θ/ --> /t/; cloth/clot,nun,,,,,JB_1108,
30,9fe13ffb81755f0a67e220658ac34e77f261ca08110043e3ccf3c81d77e434f2,NA,how_many_legs_does_a_garden_spider_canadian_whose_silk_can_make_cloth_have_targ_06_C.wav,target,non_phon_err,adj/noun order,/θ/ --> /t/; cloth/clot,,,,,,,
30,9fe13ffb81755f0a67e220658ac34e77f261ca08110043e3ccf3c81d77e434f2,I’m good — skip to the next question,what_childrens_game_makes_people_seat_down_quickly_when_the_music_loud_stops_targ_07_D.wav,target,both_err,adj/noun order,/ɪ/ --> /i/; sit/seat,s,,,,,JB_1108,
30,9fe13ffb81755f0a67e220658ac34e77f261ca08110043e3ccf3c81d77e434f2,NA,what_childrens_game_makes_people_seat_down_quickly_when_the_music_loud_stops_targ_07_D.wav,target,both_err,adj/noun order,/ɪ/ --> /i/; sit/seat,,,,,,,
30,9fe13ffb81755f0a67e220658ac34e77f261ca08110043e3ccf3c81d77e434f2,The question does NOT need any corrections.,because_it_is_important_to_honor_the_irish_saint_what_holiday_occurs_on_march_17th_targ_08_A.wav,target,correct,expletive 'it' dropping,/ʃ/ --> /s/; Irish/iris,nans,,,,,JB_1108,
30,9fe13ffb81755f0a67e220658ac34e77f261ca08110043e3ccf3c81d77e434f2,St. Patrick's Day,because_it_is_important_to_honor_the_irish_saint_what_holiday_occurs_on_march_17th_targ_08_A.wav,target,correct,expletive 'it' dropping,/ʃ/ --> /s/; Irish/iris,,,,,,,
30,9fe13ffb81755f0a67e220658ac34e77f261ca08110043e3ccf3c81d77e434f2,The question does NOT need any corrections.,if_laundry_service_will_gum_in_five_days_and_todays_thursday_when_are_they_doing_laundry_next_targ_09_B.wav,target,phon_err,make vs. other verb,/k/ --> /g/; come/gum,nans,,,,,JB_1108,
30,9fe13ffb81755f0a67e220658ac34e77f261ca08110043e3ccf3c81d77e434f2,Tuesday,if_laundry_service_will_gum_in_five_days_and_todays_thursday_when_are_they_doing_laundry_next_targ_09_B.wav,target,phon_err,make vs. other verb,/k/ --> /g/; come/gum,,,,,,,
30,9fe13ffb81755f0a67e220658ac34e77f261ca08110043e3ccf3c81d77e434f2,The question does NOT need any corrections.,who_did_americans_vote_for_to_be_their_first_president_who_avoided_to_serve_three_terms_targ_10_C.wav,target,non_phon_err,infinitive vs. participle,/v/ --> /b/; vote/boat,nans,,,,,JB_1108,
30,9fe13ffb81755f0a67e220658ac34e77f261ca08110043e3ccf3c81d77e434f2,George washington,who_did_americans_vote_for_to_be_their_first_president_who_avoided_to_serve_three_terms_targ_10_C.wav,target,non_phon_err,infinitive vs. participle,/v/ --> /b/; vote/boat,,,,,,,
30,9fe13ffb81755f0a67e220658ac34e77f261ca08110043e3ccf3c81d77e434f2,I’m good — skip to the next question,what_colors_can_have_on_a_traffic_light_which_often_senses_when_cars_pool_up_targ_11_D.wav,target,both_err,have vs. be,/ʊ/ --> /u/; pulls/pools,s,,,,,JB_1108,
30,9fe13ffb81755f0a67e220658ac34e77f261ca08110043e3ccf3c81d77e434f2,NA,what_colors_can_have_on_a_traffic_light_which_often_senses_when_cars_pool_up_targ_11_D.wav,target,both_err,have vs. be,/ʊ/ --> /u/; pulls/pools,,,,,,,
30,9fe13ffb81755f0a67e220658ac34e77f261ca08110043e3ccf3c81d77e434f2,I’m good — skip to the next question,if_youre_on_a_path_from_california_to_hawaii_which_ocean_do_you_go_through_targ_12_A.wav,target,correct,no aux verbs in questions (lack of do support),/θ/ --> /t/; path/pat,s,,,,,JB_1108,
30,9fe13ffb81755f0a67e220658ac34e77f261ca08110043e3ccf3c81d77e434f2,NA,if_youre_on_a_path_from_california_to_hawaii_which_ocean_do_you_go_through_targ_12_A.wav,target,correct,no aux verbs in questions (lack of do support),/θ/ --> /t/; path/pat,,,,,,,
30,9fe13ffb81755f0a67e220658ac34e77f261ca08110043e3ccf3c81d77e434f2,I’m good — skip to the next question,what_supplies_do_you_need_to_neat_a_scarf_targ_13_B.wav,target,phon_err,no aux verbs in questions (lack of do support),/ɪ/ --> /i/; knit/neat,s,,,,,JB_1108,
30,9fe13ffb81755f0a67e220658ac34e77f261ca08110043e3ccf3c81d77e434f2,NA,what_supplies_do_you_need_to_neat_a_scarf_targ_13_B.wav,target,phon_err,no aux verbs in questions (lack of do support),/ɪ/ --> /i/; knit/neat,,,,,,,
30,9fe13ffb81755f0a67e220658ac34e77f261ca08110043e3ccf3c81d77e434f2,I’m good — skip to the next question,what_city_have_people_rushed_to_tour_to_see_where_the_us_government_makes_business_targ_14_C.wav,target,non_phon_err,make vs. other verb,/ʃ/ --> /s/; rushed/rust,s,,,,,JB_1108,
30,9fe13ffb81755f0a67e220658ac34e77f261ca08110043e3ccf3c81d77e434f2,NA,what_city_have_people_rushed_to_tour_to_see_where_the_us_government_makes_business_targ_14_C.wav,target,non_phon_err,make vs. other verb,/ʃ/ --> /s/; rushed/rust,,,,,,,
30,9fe13ffb81755f0a67e220658ac34e77f261ca08110043e3ccf3c81d77e434f2,The question does NOT need any corrections.,what_colors_make_up_a_traditional_candy_gain_which_people_enjoy_to_eat_during_christmas_targ_15_D.wav,target,both_err,infinitive vs. participle,/k/ --> /g/; cane/gain,nans,,,,,JB_1108,
30,9fe13ffb81755f0a67e220658ac34e77f261ca08110043e3ccf3c81d77e434f2,Red and white,what_colors_make_up_a_traditional_candy_gain_which_people_enjoy_to_eat_during_christmas_targ_15_D.wav,target,both_err,infinitive vs. participle,/k/ --> /g/; cane/gain,,,,,,,
30,9fe13ffb81755f0a67e220658ac34e77f261ca08110043e3ccf3c81d77e434f2,The question does NOT need any corrections.,where_do_people_get_drivers_licenses_since_it_is_required_as_valid_id_to_drive_targ_16_A.wav,target,correct,expletive 'it' dropping,/v/ --> /b/; valid/ballad,nans,,,,,JB_1108,
30,9fe13ffb81755f0a67e220658ac34e77f261ca08110043e3ccf3c81d77e434f2,Department of motor vehicles,where_do_people_get_drivers_licenses_since_it_is_required_as_valid_id_to_drive_targ_16_A.wav,target,correct,expletive 'it' dropping,/v/ --> /b/; valid/ballad,,,,,,,
30,9fe13ffb81755f0a67e220658ac34e77f261ca08110043e3ccf3c81d77e434f2,"The question does NOT need any corrections, but I don't know the answer/ I don't understand what the question is asking.",how_many_days_wooed_wooled_my_tandem_bike_be_gone_if_someone_borrows_it_for_july_targ_17_B.wav,target,phon_err,adj/noun order,/ʊ/ --> /u/; would/wooed,nun,,,,,JB_1108,
30,9fe13ffb81755f0a67e220658ac34e77f261ca08110043e3ccf3c81d77e434f2,NA,how_many_days_wooed_wooled_my_tandem_bike_be_gone_if_someone_borrows_it_for_july_targ_17_B.wav,target,phon_err,adj/noun order,/ʊ/ --> /u/; would/wooed,,,,,,,
30,9fe13ffb81755f0a67e220658ac34e77f261ca08110043e3ccf3c81d77e434f2,The question does NOT need any corrections.,when_you_have_hot_what_device_measures_body_temperature_in_both_celsius_and_fahrenheit_targ_18_C.wav,target,non_phon_err,have vs. be,/θ/ --> /t/; both/boat,nans,,,,,JB_1108,
30,9fe13ffb81755f0a67e220658ac34e77f261ca08110043e3ccf3c81d77e434f2,Thermometer,when_you_have_hot_what_device_measures_body_temperature_in_both_celsius_and_fahrenheit_targ_18_C.wav,target,non_phon_err,have vs. be,/θ/ --> /t/; both/boat,,,,,,,
30,9fe13ffb81755f0a67e220658ac34e77f261ca08110043e3ccf3c81d77e434f2,The question does NOT need any corrections.,what_big_star_in_our_solar_system_can_steal_be_visible_when_is_cloudy_targ_19_D.wav,target,both_err,expletive 'it' dropping,/ɪ/ --> /i/; still/steal,nans,,,,,JB_1108,
30,9fe13ffb81755f0a67e220658ac34e77f261ca08110043e3ccf3c81d77e434f2,Moon,what_big_star_in_our_solar_system_can_steal_be_visible_when_is_cloudy_targ_19_D.wav,target,both_err,expletive 'it' dropping,/ɪ/ --> /i/; still/steal,,,,,,,
30,9fe13ffb81755f0a67e220658ac34e77f261ca08110043e3ccf3c81d77e434f2,The question does NOT need any corrections.,what_popular_us_chain_provides_a_happy_meal_toy_or_plush_when_kids_are_hungry_targ_20_A.wav,target,correct,have vs. be,/ʃ/ --> /s/; plush/plus,nans,,,,,JB_1108,
30,9fe13ffb81755f0a67e220658ac34e77f261ca08110043e3ccf3c81d77e434f2,mcdonald's,what_popular_us_chain_provides_a_happy_meal_toy_or_plush_when_kids_are_hungry_targ_20_A.wav,target,correct,have vs. be,/ʃ/ --> /s/; plush/plus,,,,,,,
30,9fe13ffb81755f0a67e220658ac34e77f261ca08110043e3ccf3c81d77e434f2,The question does NOT need any corrections.,in_the_lion_king_who_does_nala_talk_to_and_is_laying_in_a_got_after_theyve_reunited_targ_21_B.wav,target,phon_err,no aux verbs in questions (lack of do support),/k/ --> /g/; cot/got,nans,,,,,JB_1108,
30,9fe13ffb81755f0a67e220658ac34e77f261ca08110043e3ccf3c81d77e434f2,Rafiki,in_the_lion_king_who_does_nala_talk_to_and_is_laying_in_a_got_after_theyve_reunited_targ_21_B.wav,target,phon_err,no aux verbs in questions (lack of do support),/k/ --> /g/; cot/got,,,,,,,
30,9fe13ffb81755f0a67e220658ac34e77f261ca08110043e3ccf3c81d77e434f2,"The question does NOT need any corrections, but I don't know the answer/ I don't understand what the question is asking.",if_a_janitor_hardworking_cleaned_a_vent_in_five_minutes_how_many_seconds_is_that_targ_22_C.wav,target,non_phon_err,adj/noun order,/v/ --> /b/; vent/bent,nun,,,,,JB_1108,
30,9fe13ffb81755f0a67e220658ac34e77f261ca08110043e3ccf3c81d77e434f2,NA,if_a_janitor_hardworking_cleaned_a_vent_in_five_minutes_how_many_seconds_is_that_targ_22_C.wav,target,non_phon_err,adj/noun order,/v/ --> /b/; vent/bent,,,,,,,
30,9fe13ffb81755f0a67e220658ac34e77f261ca08110043e3ccf3c81d77e434f2,"The question does NOT need any corrections, but I don't know the answer/ I don't understand what the question is asking.",what_company_created_the_macbook_a_device_fool_of_features_to_help_students_make_homework_targ_23_D.wav,target,both_err,make vs. other verb,/ʊ/ --> /u/; full/fool,nun,,,,,JB_1108,
30,9fe13ffb81755f0a67e220658ac34e77f261ca08110043e3ccf3c81d77e434f2,NA,what_company_created_the_macbook_a_device_fool_of_features_to_help_students_make_homework_targ_23_D.wav,target,both_err,make vs. other verb,/ʊ/ --> /u/; full/fool,,,,,,,
30,9fe13ffb81755f0a67e220658ac34e77f261ca08110043e3ccf3c81d77e434f2,The question does NOT need any corrections.,if_i_consider_leaving_work_after_the_fourth_hour_how_many_minutes_would_that_be_targ_24_A.wav,target,correct,infinitive vs. participle,/θ/ --> /t/; fourth/fort,nans,,,,,JB_1108,
30,9fe13ffb81755f0a67e220658ac34e77f261ca08110043e3ccf3c81d77e434f2,240,if_i_consider_leaving_work_after_the_fourth_hour_how_many_minutes_would_that_be_targ_24_A.wav,target,correct,infinitive vs. participle,/θ/ --> /t/; fourth/fort,,,,,,,
30,9fe13ffb81755f0a67e220658ac34e77f261ca08110043e3ccf3c81d77e434f2,The question does NOT need any corrections.,what_letter_in_the_latin_alphabet_corresponds_to_the_greek_letter_alpha_fill_01.wav,filler_other,NA,NA,NA,nans,,,,,JB_1108,
30,9fe13ffb81755f0a67e220658ac34e77f261ca08110043e3ccf3c81d77e434f2,A,what_letter_in_the_latin_alphabet_corresponds_to_the_greek_letter_alpha_fill_01.wav,filler_other,NA,NA,NA,,,,,,,
30,9fe13ffb81755f0a67e220658ac34e77f261ca08110043e3ccf3c81d77e434f2,The question needs to be CORRECTED.,what_organ_is_often_associated_with_being_eaten_by_rotting_flesh_monsters_also_known_as_zombies_fill_02.wav,filler_other,NA,NA,NA,y,,otherp,,,JB_1108,
30,9fe13ffb81755f0a67e220658ac34e77f261ca08110043e3ccf3c81d77e434f2,Brains: Zombies not sombies.,what_organ_is_often_associated_with_being_eaten_by_rotting_flesh_monsters_also_known_as_zombies_fill_02.wav,filler_other,NA,NA,NA,,,,,,,
30,9fe13ffb81755f0a67e220658ac34e77f261ca08110043e3ccf3c81d77e434f2,The question does NOT need any corrections.,which_british_celebrity_judge_often_harshly_critiqued_contestants_on_the_nationwide_singing_contest_american_idol_fill_03.wav,filler_other,NA,NA,NA,nans,,,,,JB_1108,
30,9fe13ffb81755f0a67e220658ac34e77f261ca08110043e3ccf3c81d77e434f2,Simon Cowell,which_british_celebrity_judge_often_harshly_critiqued_contestants_on_the_nationwide_singing_contest_american_idol_fill_03.wav,filler_other,NA,NA,NA,,,,,,,
30,9fe13ffb81755f0a67e220658ac34e77f261ca08110043e3ccf3c81d77e434f2,I’m good — skip to the next question,which_cartoon_character_works_at_the_krusty_krab_and_is_best_friends_with_patrick_star_fill_04.wav,filler_other,NA,NA,NA,s,,,,,JB_1108,
30,9fe13ffb81755f0a67e220658ac34e77f261ca08110043e3ccf3c81d77e434f2,NA,which_cartoon_character_works_at_the_krusty_krab_and_is_best_friends_with_patrick_star_fill_04.wav,filler_other,NA,NA,NA,,,,,,,
30,9fe13ffb81755f0a67e220658ac34e77f261ca08110043e3ccf3c81d77e434f2,"The question does NOT need any corrections, but I don't know the answer/ I don't understand what the question is asking.",which_body_part_did_van_gogh_allegedly_cut_off_after_an_argument_with_his_friend_fill_05.wav,filler_other,NA,NA,NA,nun,,,,,JB_1108,
30,9fe13ffb81755f0a67e220658ac34e77f261ca08110043e3ccf3c81d77e434f2,NA,which_body_part_did_van_gogh_allegedly_cut_off_after_an_argument_with_his_friend_fill_05.wav,filler_other,NA,NA,NA,,,,,,,
30,9fe13ffb81755f0a67e220658ac34e77f261ca08110043e3ccf3c81d77e434f2,The question does NOT need any corrections.,what_is_the_name_of_the_comic_strip_featuring_charlie_brown_and_his_dog_snoopy_fill_06.wav,filler_other,NA,NA,NA,nans,,,,,JB_1108,
30,9fe13ffb81755f0a67e220658ac34e77f261ca08110043e3ccf3c81d77e434f2,Peanuts,what_is_the_name_of_the_comic_strip_featuring_charlie_brown_and_his_dog_snoopy_fill_06.wav,filler_other,NA,NA,NA,,,,,,,
30,9fe13ffb81755f0a67e220658ac34e77f261ca08110043e3ccf3c81d77e434f2,The question does NOT need any corrections.,what_holiday_occurs_at_the_end_of_october_and_features_trick-or-treating_pumpkins_and_haunted_houses_fill_07.wav,filler_other,NA,NA,NA,nans,,,,,JB_1108,
30,9fe13ffb81755f0a67e220658ac34e77f261ca08110043e3ccf3c81d77e434f2,Halloween,what_holiday_occurs_at_the_end_of_october_and_features_trick-or-treating_pumpkins_and_haunted_houses_fill_07.wav,filler_other,NA,NA,NA,,,,,,,
30,9fe13ffb81755f0a67e220658ac34e77f261ca08110043e3ccf3c81d77e434f2,The question does NOT need any corrections.,what_is_the_name_of_the_video_game_character_who_is_a_traveling_italian_plumber_fill_08.wav,filler_other,NA,NA,NA,nans,,,,,JB_1108,
30,9fe13ffb81755f0a67e220658ac34e77f261ca08110043e3ccf3c81d77e434f2,Mario,what_is_the_name_of_the_video_game_character_who_is_a_traveling_italian_plumber_fill_08.wav,filler_other,NA,NA,NA,,,,,,,
30,9fe13ffb81755f0a67e220658ac34e77f261ca08110043e3ccf3c81d77e434f2,"The question does NOT need any corrections, but I don't know the answer/ I don't understand what the question is asking.",what_kind_of_animal_is_mickey_mouse’s_girlfriend_minnie_who_wears_a_bow_fill_09.wav,filler_other,NA,NA,NA,nun,,,,,JB_1108,
30,9fe13ffb81755f0a67e220658ac34e77f261ca08110043e3ccf3c81d77e434f2,NA,what_kind_of_animal_is_mickey_mouse’s_girlfriend_minnie_who_wears_a_bow_fill_09.wav,filler_other,NA,NA,NA,,,,,,,
30,9fe13ffb81755f0a67e220658ac34e77f261ca08110043e3ccf3c81d77e434f2,The question does NOT need any corrections.,which_cartoon_dog_solves_mysteries_with_the_group_fred_daphne_velma_and_shaggy_fill_10.wav,filler_other,NA,NA,NA,nans,,,,,JB_1108,
30,9fe13ffb81755f0a67e220658ac34e77f261ca08110043e3ccf3c81d77e434f2,Scooby-Doo,which_cartoon_dog_solves_mysteries_with_the_group_fred_daphne_velma_and_shaggy_fill_10.wav,filler_other,NA,NA,NA,,,,,,,
30,9fe13ffb81755f0a67e220658ac34e77f261ca08110043e3ccf3c81d77e434f2,The question does NOT need any corrections.,which_fast_food_chain_offers_foot-long_sandwiches_and_has_the_slogan_eat_fresh_fill_11.wav,filler_other,NA,NA,NA,nans,,,,,JB_1108,
30,9fe13ffb81755f0a67e220658ac34e77f261ca08110043e3ccf3c81d77e434f2,Subway,which_fast_food_chain_offers_foot-long_sandwiches_and_has_the_slogan_eat_fresh_fill_11.wav,filler_other,NA,NA,NA,,,,,,,
30,9fe13ffb81755f0a67e220658ac34e77f261ca08110043e3ccf3c81d77e434f2,The question does NOT need any corrections.,which_oscar-winning_movie_features_tom_hanks_saying_life_is_like_a_box_of_chocolates_fill_12.wav,filler_other,NA,NA,NA,nans,,,,,JB_1108,
30,9fe13ffb81755f0a67e220658ac34e77f261ca08110043e3ccf3c81d77e434f2,Forrest gump,which_oscar-winning_movie_features_tom_hanks_saying_life_is_like_a_box_of_chocolates_fill_12.wav,filler_other,NA,NA,NA,,,,,,,
30,9fe13ffb81755f0a67e220658ac34e77f261ca08110043e3ccf3c81d77e434f2,The question does NOT need any corrections.,what_novel_has_the_quote_i’m_late_i’m_late_for_a_very_important_date_fill_13.wav,filler_other,NA,NA,NA,nans,,,,,JB_1108,
30,9fe13ffb81755f0a67e220658ac34e77f261ca08110043e3ccf3c81d77e434f2,Alice's adventures in wonderland,what_novel_has_the_quote_i’m_late_i’m_late_for_a_very_important_date_fill_13.wav,filler_other,NA,NA,NA,,,,,,,
30,9fe13ffb81755f0a67e220658ac34e77f261ca08110043e3ccf3c81d77e434f2,The question does NOT need any corrections.,what_mythical_creatures_have_been_said_to_drink_blood_turn_into_bats_and_hate_onions_fill_14.wav,filler_other,NA,NA,NA,nans,,,,,JB_1108,
30,9fe13ffb81755f0a67e220658ac34e77f261ca08110043e3ccf3c81d77e434f2,Owls,what_mythical_creatures_have_been_said_to_drink_blood_turn_into_bats_and_hate_onions_fill_14.wav,filler_other,NA,NA,NA,,,,,,,
30,9fe13ffb81755f0a67e220658ac34e77f261ca08110043e3ccf3c81d77e434f2,The question does NOT need any corrections.,who_discovered_the_law_of_universal_gravitation_which_accounts_for_why_objects_naturally_fall_downwards_fill_15.wav,filler_other,NA,NA,NA,nans,,,,,JB_1108,
30,9fe13ffb81755f0a67e220658ac34e77f261ca08110043e3ccf3c81d77e434f2,isaac newton,who_discovered_the_law_of_universal_gravitation_which_accounts_for_why_objects_naturally_fall_downwards_fill_15.wav,filler_other,NA,NA,NA,,,,,,,
30,9fe13ffb81755f0a67e220658ac34e77f261ca08110043e3ccf3c81d77e434f2,The question does NOT need any corrections.,which_soft_pastry_made_with_a_certain_spice_is_often_spiral-shaped_and_topped_with_icing_fill_16.wav,filler_other,NA,NA,NA,nans,,,,,JB_1108,
30,9fe13ffb81755f0a67e220658ac34e77f261ca08110043e3ccf3c81d77e434f2,Cinnamon roll,which_soft_pastry_made_with_a_certain_spice_is_often_spiral-shaped_and_topped_with_icing_fill_16.wav,filler_other,NA,NA,NA,,,,,,,
30,9fe13ffb81755f0a67e220658ac34e77f261ca08110043e3ccf3c81d77e434f2,The question does NOT need any corrections.,what_us_holiday_is_often_celebrated_with_fireworks_and_hotdogs_to_honor_americas_freedom_fill_17.wav,filler_other,NA,NA,NA,nans,,,,,JB_1108,
30,9fe13ffb81755f0a67e220658ac34e77f261ca08110043e3ccf3c81d77e434f2,July 4th,what_us_holiday_is_often_celebrated_with_fireworks_and_hotdogs_to_honor_americas_freedom_fill_17.wav,filler_other,NA,NA,NA,,,,,,,
30,9fe13ffb81755f0a67e220658ac34e77f261ca08110043e3ccf3c81d77e434f2,The question does NOT need any corrections.,which_tropical_fruit_that_grows_on_palm_trees_is_used_for_oils_and_milks_fill_18.wav,filler_other,NA,NA,NA,nans,,,,,JB_1108,
30,9fe13ffb81755f0a67e220658ac34e77f261ca08110043e3ccf3c81d77e434f2,Coconut,which_tropical_fruit_that_grows_on_palm_trees_is_used_for_oils_and_milks_fill_18.wav,filler_other,NA,NA,NA,,,,,,,
30,9fe13ffb81755f0a67e220658ac34e77f261ca08110043e3ccf3c81d77e434f2,The question does NOT need any corrections.,which_season_do_we_associate_with_thanksgiving_the_beginning_of_school_and_leaves_turning_brown_fill_19.wav,filler_other,NA,NA,NA,nans,,,,,JB_1108,
30,9fe13ffb81755f0a67e220658ac34e77f261ca08110043e3ccf3c81d77e434f2,Fall,which_season_do_we_associate_with_thanksgiving_the_beginning_of_school_and_leaves_turning_brown_fill_19.wav,filler_other,NA,NA,NA,,,,,,,
30,9fe13ffb81755f0a67e220658ac34e77f261ca08110043e3ccf3c81d77e434f2,"The question does NOT need any corrections, but I don't know the answer/ I don't understand what the question is asking.",what_musician_won_grammys_for_their_album_thriller_which_features_the_hit_song_beat_it_fill_20.wav,filler_other,NA,NA,NA,nun,,,,,JB_1108,
30,9fe13ffb81755f0a67e220658ac34e77f261ca08110043e3ccf3c81d77e434f2,NA,what_musician_won_grammys_for_their_album_thriller_which_features_the_hit_song_beat_it_fill_20.wav,filler_other,NA,NA,NA,,,,,,,
30,9fe13ffb81755f0a67e220658ac34e77f261ca08110043e3ccf3c81d77e434f2,I’m good — skip to the next question,what_animal_is_typically_white_with_black_spots_and_says_moo_fill_21.wav,filler_other,NA,NA,NA,s,,,,,JB_1108,
30,9fe13ffb81755f0a67e220658ac34e77f261ca08110043e3ccf3c81d77e434f2,NA,what_animal_is_typically_white_with_black_spots_and_says_moo_fill_21.wav,filler_other,NA,NA,NA,,,,,,,
30,9fe13ffb81755f0a67e220658ac34e77f261ca08110043e3ccf3c81d77e434f2,The question does NOT need any corrections.,where_do_the_jolly_christmas_icons_santa_claus_and_his_wife_mrs._claus_live_fill_22.wav,filler_other,NA,NA,NA,nans,,,,,JB_1108,
30,9fe13ffb81755f0a67e220658ac34e77f261ca08110043e3ccf3c81d77e434f2,North pole,where_do_the_jolly_christmas_icons_santa_claus_and_his_wife_mrs._claus_live_fill_22.wav,filler_other,NA,NA,NA,,,,,,,
30,9fe13ffb81755f0a67e220658ac34e77f261ca08110043e3ccf3c81d77e434f2,The question does NOT need any corrections.,in_the_famous_dr_seuss_book_what_orange_and_yellow_character_speaks_for_the_trees_fill_23.wav,filler_other,NA,NA,NA,nans,,,,,JB_1108,
30,9fe13ffb81755f0a67e220658ac34e77f261ca08110043e3ccf3c81d77e434f2,Lorax,in_the_famous_dr_seuss_book_what_orange_and_yellow_character_speaks_for_the_trees_fill_23.wav,filler_other,NA,NA,NA,,,,,,,
30,9fe13ffb81755f0a67e220658ac34e77f261ca08110043e3ccf3c81d77e434f2,The question does NOT need any corrections.,in_what_country_would_you_find_landmarks_like_the_pyramids_of_giza_and_great_sphinx_fill_24.wav,filler_other,NA,NA,NA,nans,,,,,JB_1108,
30,9fe13ffb81755f0a67e220658ac34e77f261ca08110043e3ccf3c81d77e434f2,Egypt,in_what_country_would_you_find_landmarks_like_the_pyramids_of_giza_and_great_sphinx_fill_24.wav,filler_other,NA,NA,NA,,,,,,,
31,a2c3887765bb38512a1b7e685f04b37b498107029033e9d6f2c9a8dfc5751da9,The question does NOT need any corrections.,how_many_legs_does_a_dog_normally_have_fill_25.wav,att_check_good,NA,NA,NA,nans,,,a,attention check passed (7/8 correct),JB_1108,
31,a2c3887765bb38512a1b7e685f04b37b498107029033e9d6f2c9a8dfc5751da9,four,how_many_legs_does_a_dog_normally_have_fill_25.wav,att_check_good,NA,NA,NA,,,,,,,
31,a2c3887765bb38512a1b7e685f04b37b498107029033e9d6f2c9a8dfc5751da9,The question does NOT need any corrections.,what_state_is_los_angeles_located_in_fill_26.wav,att_check_good,NA,NA,NA,nans,,,a,,JB_1108,
31,a2c3887765bb38512a1b7e685f04b37b498107029033e9d6f2c9a8dfc5751da9,California,what_state_is_los_angeles_located_in_fill_26.wav,att_check_good,NA,NA,NA,,,,,,,
31,a2c3887765bb38512a1b7e685f04b37b498107029033e9d6f2c9a8dfc5751da9,The question does NOT need any corrections.,what_day_of_the_week_comes_after_monday_fill_27.wav,att_check_good,NA,NA,NA,nans,,,a,,JB_1108,
31,a2c3887765bb38512a1b7e685f04b37b498107029033e9d6f2c9a8dfc5751da9,Tuesday,what_day_of_the_week_comes_after_monday_fill_27.wav,att_check_good,NA,NA,NA,,,,,,,
31,a2c3887765bb38512a1b7e685f04b37b498107029033e9d6f2c9a8dfc5751da9,The question does NOT need any corrections.,what_color_is_a_typical_school_bus_fill_28.wav,att_check_good,NA,NA,NA,nans,,,a,,JB_1108,
31,a2c3887765bb38512a1b7e685f04b37b498107029033e9d6f2c9a8dfc5751da9,yellow,what_color_is_a_typical_school_bus_fill_28.wav,att_check_good,NA,NA,NA,,,,,,,
31,a2c3887765bb38512a1b7e685f04b37b498107029033e9d6f2c9a8dfc5751da9,The question needs to be CORRECTED.,in_the_cycle_of_seasons_what_season_comes_after_dinter_fill_29.wav,att_check_err,NA,NA,NA,y,,acheckp,,,JB_1108,
31,a2c3887765bb38512a1b7e685f04b37b498107029033e9d6f2c9a8dfc5751da9,"Spring; there is a sound error where the word ""dinter"" was said when it should have been ""winter"".",in_the_cycle_of_seasons_what_season_comes_after_dinter_fill_29.wav,att_check_err,NA,NA,NA,,,,,,,
31,a2c3887765bb38512a1b7e685f04b37b498107029033e9d6f2c9a8dfc5751da9,The question needs to be CORRECTED.,what_insect_undergoes_a_process_of_change_to_turn_into_a_butterfy_fill_30.wav,att_check_err,NA,NA,NA,y,,acheckp,,,JB_1108,
31,a2c3887765bb38512a1b7e685f04b37b498107029033e9d6f2c9a8dfc5751da9,"caterpillar; sound error where they should have said ""butterfly"" instead of ""butterfy"".",what_insect_undergoes_a_process_of_change_to_turn_into_a_butterfy_fill_30.wav,att_check_err,NA,NA,NA,,,,,,,
31,a2c3887765bb38512a1b7e685f04b37b498107029033e9d6f2c9a8dfc5751da9,The question needs to be CORRECTED.,what_is_the_largest_plant_in_the_solar_system_fill_31.wav,att_check_err,NA,NA,NA,y,,acheckp,,,JB_1108,
31,a2c3887765bb38512a1b7e685f04b37b498107029033e9d6f2c9a8dfc5751da9,"Saturn; there is a sound error where ""plant"" was said instead of ""planet"".",what_is_the_largest_plant_in_the_solar_system_fill_31.wav,att_check_err,NA,NA,NA,,,,,,,
31,a2c3887765bb38512a1b7e685f04b37b498107029033e9d6f2c9a8dfc5751da9,"The question does NOT need any corrections, but I don't know the answer/ I don't understand what the question is asking.",how_many_embers_were_in_the_beatles_the_british_rock_band_fill_32.wav,att_check_err,NA,NA,NA,nun,,acheckf,,,JB_1108,
31,a2c3887765bb38512a1b7e685f04b37b498107029033e9d6f2c9a8dfc5751da9,NA,how_many_embers_were_in_the_beatles_the_british_rock_band_fill_32.wav,att_check_err,NA,NA,NA,,,,,,,
31,a2c3887765bb38512a1b7e685f04b37b498107029033e9d6f2c9a8dfc5751da9,The question does NOT need any corrections.,for_what_pink_ice_cream_flavor_wheel_companies_do_their_best_to_use_real_fruit_targ_01_B.wav,target,phon_err,make vs. other verb,/ɪ/ --> /i/; will/wheel,nans,,,,,JB_1108,
31,a2c3887765bb38512a1b7e685f04b37b498107029033e9d6f2c9a8dfc5751da9,strawberry,for_what_pink_ice_cream_flavor_wheel_companies_do_their_best_to_use_real_fruit_targ_01_B.wav,target,phon_err,make vs. other verb,/ɪ/ --> /i/; will/wheel,,,,,,,
31,a2c3887765bb38512a1b7e685f04b37b498107029033e9d6f2c9a8dfc5751da9,The question does NOT need any corrections.,what_term_refers_to_armored_men_who_enjoyed_to_carry_medieval_swords_that_clash_in_combat_targ_02_C.wav,target,non_phon_err,infinitive vs. participle,/ʃ/ --> /s/; clash/class,nans,,,,,JB_1108,
31,a2c3887765bb38512a1b7e685f04b37b498107029033e9d6f2c9a8dfc5751da9,knights,what_term_refers_to_armored_men_who_enjoyed_to_carry_medieval_swords_that_clash_in_combat_targ_02_C.wav,target,non_phon_err,infinitive vs. participle,/ʃ/ --> /s/; clash/class,,,,,,,
31,a2c3887765bb38512a1b7e685f04b37b498107029033e9d6f2c9a8dfc5751da9,"The question does NOT need any corrections, but I don't know the answer/ I don't understand what the question is asking.",which_scottish_actor_first_played_james_bond_wearing_guilts_to_red_carpets_when_he_had_32_years_old_targ_03_D.wav,target,both_err,have vs. be,/k/ --> /g/; kilt/guilt,nun,,,,,JB_1108,
31,a2c3887765bb38512a1b7e685f04b37b498107029033e9d6f2c9a8dfc5751da9,NA,which_scottish_actor_first_played_james_bond_wearing_guilts_to_red_carpets_when_he_had_32_years_old_targ_03_D.wav,target,both_err,have vs. be,/k/ --> /g/; kilt/guilt,,,,,,,
31,a2c3887765bb38512a1b7e685f04b37b498107029033e9d6f2c9a8dfc5751da9,The question does NOT need any corrections.,what_did_neil_armstrong_say_during_his_very_first_steps_on_the_moon_targ_04_A.wav,target,correct,no aux verbs in questions (lack of do support),/v/ --> /b/; very/berry,nans,,,,,JB_1108,
31,a2c3887765bb38512a1b7e685f04b37b498107029033e9d6f2c9a8dfc5751da9,"""One small step for man, one giant leap for mankind.""",what_did_neil_armstrong_say_during_his_very_first_steps_on_the_moon_targ_04_A.wav,target,correct,no aux verbs in questions (lack of do support),/v/ --> /b/; very/berry,,,,,,,
31,a2c3887765bb38512a1b7e685f04b37b498107029033e9d6f2c9a8dfc5751da9,The question needs to be CORRECTED.,what_kind_of_weather_cooed_cooled_occur_when_it_is_raining_and_below_freezing_targ_05_B.wav,target,phon_err,expletive 'it' dropping,/ʊ/ --> /u/; could/cooed,y,,otherp,,,JB_1108,
31,a2c3887765bb38512a1b7e685f04b37b498107029033e9d6f2c9a8dfc5751da9,"Flu; there is a sound error where the word ""occur"" was made to sound like ""a cure"".",what_kind_of_weather_cooed_cooled_occur_when_it_is_raining_and_below_freezing_targ_05_B.wav,target,phon_err,expletive 'it' dropping,/ʊ/ --> /u/; could/cooed,,,,,,,
31,a2c3887765bb38512a1b7e685f04b37b498107029033e9d6f2c9a8dfc5751da9,"The question does NOT need any corrections, but I don't know the answer/ I don't understand what the question is asking.",how_many_legs_does_a_garden_spider_canadian_whose_silk_can_make_cloth_have_targ_06_C.wav,target,non_phon_err,adj/noun order,/θ/ --> /t/; cloth/clot,nun,,,,,JB_1108,
31,a2c3887765bb38512a1b7e685f04b37b498107029033e9d6f2c9a8dfc5751da9,NA,how_many_legs_does_a_garden_spider_canadian_whose_silk_can_make_cloth_have_targ_06_C.wav,target,non_phon_err,adj/noun order,/θ/ --> /t/; cloth/clot,,,,,,,
31,a2c3887765bb38512a1b7e685f04b37b498107029033e9d6f2c9a8dfc5751da9,"The question does NOT need any corrections, but I don't know the answer/ I don't understand what the question is asking.",what_childrens_game_makes_people_seat_down_quickly_when_the_music_loud_stops_targ_07_D.wav,target,both_err,adj/noun order,/ɪ/ --> /i/; sit/seat,nun,,,,,JB_1108,
31,a2c3887765bb38512a1b7e685f04b37b498107029033e9d6f2c9a8dfc5751da9,NA,what_childrens_game_makes_people_seat_down_quickly_when_the_music_loud_stops_targ_07_D.wav,target,both_err,adj/noun order,/ɪ/ --> /i/; sit/seat,,,,,,,
31,a2c3887765bb38512a1b7e685f04b37b498107029033e9d6f2c9a8dfc5751da9,The question does NOT need any corrections.,because_it_is_important_to_honor_the_irish_saint_what_holiday_occurs_on_march_17th_targ_08_A.wav,target,correct,expletive 'it' dropping,/ʃ/ --> /s/; Irish/iris,nans,,,,,JB_1108,
31,a2c3887765bb38512a1b7e685f04b37b498107029033e9d6f2c9a8dfc5751da9,St. Patrick's Day,because_it_is_important_to_honor_the_irish_saint_what_holiday_occurs_on_march_17th_targ_08_A.wav,target,correct,expletive 'it' dropping,/ʃ/ --> /s/; Irish/iris,,,,,,,
31,a2c3887765bb38512a1b7e685f04b37b498107029033e9d6f2c9a8dfc5751da9,The question does NOT need any corrections.,if_laundry_service_will_gum_in_five_days_and_todays_thursday_when_are_they_doing_laundry_next_targ_09_B.wav,target,phon_err,make vs. other verb,/k/ --> /g/; come/gum,nans,,,,,JB_1108,
31,a2c3887765bb38512a1b7e685f04b37b498107029033e9d6f2c9a8dfc5751da9,Tuesday,if_laundry_service_will_gum_in_five_days_and_todays_thursday_when_are_they_doing_laundry_next_targ_09_B.wav,target,phon_err,make vs. other verb,/k/ --> /g/; come/gum,,,,,,,
31,a2c3887765bb38512a1b7e685f04b37b498107029033e9d6f2c9a8dfc5751da9,"The question does NOT need any corrections, but I don't know the answer/ I don't understand what the question is asking.",who_did_americans_vote_for_to_be_their_first_president_who_avoided_to_serve_three_terms_targ_10_C.wav,target,non_phon_err,infinitive vs. participle,/v/ --> /b/; vote/boat,nun,,,,,JB_1108,
31,a2c3887765bb38512a1b7e685f04b37b498107029033e9d6f2c9a8dfc5751da9,NA,who_did_americans_vote_for_to_be_their_first_president_who_avoided_to_serve_three_terms_targ_10_C.wav,target,non_phon_err,infinitive vs. participle,/v/ --> /b/; vote/boat,,,,,,,
31,a2c3887765bb38512a1b7e685f04b37b498107029033e9d6f2c9a8dfc5751da9,"The question does NOT need any corrections, but I don't know the answer/ I don't understand what the question is asking.",what_colors_can_have_on_a_traffic_light_which_often_senses_when_cars_pool_up_targ_11_D.wav,target,both_err,have vs. be,/ʊ/ --> /u/; pulls/pools,nun,,,,,JB_1108,
31,a2c3887765bb38512a1b7e685f04b37b498107029033e9d6f2c9a8dfc5751da9,NA,what_colors_can_have_on_a_traffic_light_which_often_senses_when_cars_pool_up_targ_11_D.wav,target,both_err,have vs. be,/ʊ/ --> /u/; pulls/pools,,,,,,,
31,a2c3887765bb38512a1b7e685f04b37b498107029033e9d6f2c9a8dfc5751da9,The question does NOT need any corrections.,if_youre_on_a_path_from_california_to_hawaii_which_ocean_do_you_go_through_targ_12_A.wav,target,correct,no aux verbs in questions (lack of do support),/θ/ --> /t/; path/pat,nans,,,,,JB_1108,
31,a2c3887765bb38512a1b7e685f04b37b498107029033e9d6f2c9a8dfc5751da9,Pacific Ocean,if_youre_on_a_path_from_california_to_hawaii_which_ocean_do_you_go_through_targ_12_A.wav,target,correct,no aux verbs in questions (lack of do support),/θ/ --> /t/; path/pat,,,,,,,
31,a2c3887765bb38512a1b7e685f04b37b498107029033e9d6f2c9a8dfc5751da9,The question does NOT need any corrections.,what_supplies_do_you_need_to_neat_a_scarf_targ_13_B.wav,target,phon_err,no aux verbs in questions (lack of do support),/ɪ/ --> /i/; knit/neat,nans,,,,,JB_1108,
31,a2c3887765bb38512a1b7e685f04b37b498107029033e9d6f2c9a8dfc5751da9,Sewing needle and yarn,what_supplies_do_you_need_to_neat_a_scarf_targ_13_B.wav,target,phon_err,no aux verbs in questions (lack of do support),/ɪ/ --> /i/; knit/neat,,,,,,,
31,a2c3887765bb38512a1b7e685f04b37b498107029033e9d6f2c9a8dfc5751da9,The question does NOT need any corrections.,what_city_have_people_rushed_to_tour_to_see_where_the_us_government_makes_business_targ_14_C.wav,target,non_phon_err,make vs. other verb,/ʃ/ --> /s/; rushed/rust,nans,,,,,JB_1108,
31,a2c3887765bb38512a1b7e685f04b37b498107029033e9d6f2c9a8dfc5751da9,New York City,what_city_have_people_rushed_to_tour_to_see_where_the_us_government_makes_business_targ_14_C.wav,target,non_phon_err,make vs. other verb,/ʃ/ --> /s/; rushed/rust,,,,,,,
31,a2c3887765bb38512a1b7e685f04b37b498107029033e9d6f2c9a8dfc5751da9,The question does NOT need any corrections.,what_colors_make_up_a_traditional_candy_gain_which_people_enjoy_to_eat_during_christmas_targ_15_D.wav,target,both_err,infinitive vs. participle,/k/ --> /g/; cane/gain,nans,,,,,JB_1108,
31,a2c3887765bb38512a1b7e685f04b37b498107029033e9d6f2c9a8dfc5751da9,red and white,what_colors_make_up_a_traditional_candy_gain_which_people_enjoy_to_eat_during_christmas_targ_15_D.wav,target,both_err,infinitive vs. participle,/k/ --> /g/; cane/gain,,,,,,,
31,a2c3887765bb38512a1b7e685f04b37b498107029033e9d6f2c9a8dfc5751da9,The question does NOT need any corrections.,where_do_people_get_drivers_licenses_since_it_is_required_as_valid_id_to_drive_targ_16_A.wav,target,correct,expletive 'it' dropping,/v/ --> /b/; valid/ballad,nans,,,,,JB_1108,
31,a2c3887765bb38512a1b7e685f04b37b498107029033e9d6f2c9a8dfc5751da9,DMV,where_do_people_get_drivers_licenses_since_it_is_required_as_valid_id_to_drive_targ_16_A.wav,target,correct,expletive 'it' dropping,/v/ --> /b/; valid/ballad,,,,,,,
31,a2c3887765bb38512a1b7e685f04b37b498107029033e9d6f2c9a8dfc5751da9,The question needs to be CORRECTED.,how_many_days_wooed_wooled_my_tandem_bike_be_gone_if_someone_borrows_it_for_july_targ_17_B.wav,target,phon_err,adj/noun order,/ʊ/ --> /u/; would/wooed,y,,p?,,heard 'wooled' as 'old' leading to interpretation of needing to reword ,JB_1108,
31,a2c3887765bb38512a1b7e685f04b37b498107029033e9d6f2c9a8dfc5751da9,"31; non-sound error where ""how many days old"" should be ""how many days will have passed""",how_many_days_wooed_wooled_my_tandem_bike_be_gone_if_someone_borrows_it_for_july_targ_17_B.wav,target,phon_err,adj/noun order,/ʊ/ --> /u/; would/wooed,,,,,,,
31,a2c3887765bb38512a1b7e685f04b37b498107029033e9d6f2c9a8dfc5751da9,I’m good — skip to the next question,when_you_have_hot_what_device_measures_body_temperature_in_both_celsius_and_fahrenheit_targ_18_C.wav,target,non_phon_err,have vs. be,/θ/ --> /t/; both/boat,s,,,,,JB_1108,
31,a2c3887765bb38512a1b7e685f04b37b498107029033e9d6f2c9a8dfc5751da9,NA,when_you_have_hot_what_device_measures_body_temperature_in_both_celsius_and_fahrenheit_targ_18_C.wav,target,non_phon_err,have vs. be,/θ/ --> /t/; both/boat,,,,,,,
31,a2c3887765bb38512a1b7e685f04b37b498107029033e9d6f2c9a8dfc5751da9,The question does NOT need any corrections.,what_big_star_in_our_solar_system_can_steal_be_visible_when_is_cloudy_targ_19_D.wav,target,both_err,expletive 'it' dropping,/ɪ/ --> /i/; still/steal,nans,,,,,JB_1108,
31,a2c3887765bb38512a1b7e685f04b37b498107029033e9d6f2c9a8dfc5751da9,Sun,what_big_star_in_our_solar_system_can_steal_be_visible_when_is_cloudy_targ_19_D.wav,target,both_err,expletive 'it' dropping,/ɪ/ --> /i/; still/steal,,,,,,,
31,a2c3887765bb38512a1b7e685f04b37b498107029033e9d6f2c9a8dfc5751da9,I’m good — skip to the next question,what_popular_us_chain_provides_a_happy_meal_toy_or_plush_when_kids_are_hungry_targ_20_A.wav,target,correct,have vs. be,/ʃ/ --> /s/; plush/plus,s,,,,,JB_1108,
31,a2c3887765bb38512a1b7e685f04b37b498107029033e9d6f2c9a8dfc5751da9,NA,what_popular_us_chain_provides_a_happy_meal_toy_or_plush_when_kids_are_hungry_targ_20_A.wav,target,correct,have vs. be,/ʃ/ --> /s/; plush/plus,,,,,,,
31,a2c3887765bb38512a1b7e685f04b37b498107029033e9d6f2c9a8dfc5751da9,"The question does NOT need any corrections, but I don't know the answer/ I don't understand what the question is asking.",in_the_lion_king_who_does_nala_talk_to_and_is_laying_in_a_got_after_theyve_reunited_targ_21_B.wav,target,phon_err,no aux verbs in questions (lack of do support),/k/ --> /g/; cot/got,nun,,,,,JB_1108,
31,a2c3887765bb38512a1b7e685f04b37b498107029033e9d6f2c9a8dfc5751da9,NA,in_the_lion_king_who_does_nala_talk_to_and_is_laying_in_a_got_after_theyve_reunited_targ_21_B.wav,target,phon_err,no aux verbs in questions (lack of do support),/k/ --> /g/; cot/got,,,,,,,
31,a2c3887765bb38512a1b7e685f04b37b498107029033e9d6f2c9a8dfc5751da9,The question needs to be CORRECTED.,if_a_janitor_hardworking_cleaned_a_vent_in_five_minutes_how_many_seconds_is_that_targ_22_C.wav,target,non_phon_err,adj/noun order,/v/ --> /b/; vent/bent,y,,np,,,JB_1108,
31,a2c3887765bb38512a1b7e685f04b37b498107029033e9d6f2c9a8dfc5751da9,"300; non-sound error where the word ""hard-working"" should be before the word ""janitor"" instead of after it.",if_a_janitor_hardworking_cleaned_a_vent_in_five_minutes_how_many_seconds_is_that_targ_22_C.wav,target,non_phon_err,adj/noun order,/v/ --> /b/; vent/bent,,,,,,,
31,a2c3887765bb38512a1b7e685f04b37b498107029033e9d6f2c9a8dfc5751da9,The question needs to be CORRECTED.,what_company_created_the_macbook_a_device_fool_of_features_to_help_students_make_homework_targ_23_D.wav,target,both_err,make vs. other verb,/ʊ/ --> /u/; full/fool,y,,np,,,JB_1108,
31,a2c3887765bb38512a1b7e685f04b37b498107029033e9d6f2c9a8dfc5751da9,"Apple; the word ""make"" should be replaced with the word ""do"".",what_company_created_the_macbook_a_device_fool_of_features_to_help_students_make_homework_targ_23_D.wav,target,both_err,make vs. other verb,/ʊ/ --> /u/; full/fool,,,,,,,
31,a2c3887765bb38512a1b7e685f04b37b498107029033e9d6f2c9a8dfc5751da9,The question does NOT need any corrections.,if_i_consider_leaving_work_after_the_fourth_hour_how_many_minutes_would_that_be_targ_24_A.wav,target,correct,infinitive vs. participle,/θ/ --> /t/; fourth/fort,nans,,,,,JB_1108,
31,a2c3887765bb38512a1b7e685f04b37b498107029033e9d6f2c9a8dfc5751da9,240,if_i_consider_leaving_work_after_the_fourth_hour_how_many_minutes_would_that_be_targ_24_A.wav,target,correct,infinitive vs. participle,/θ/ --> /t/; fourth/fort,,,,,,,
31,a2c3887765bb38512a1b7e685f04b37b498107029033e9d6f2c9a8dfc5751da9,"The question does NOT need any corrections, but I don't know the answer/ I don't understand what the question is asking.",what_letter_in_the_latin_alphabet_corresponds_to_the_greek_letter_alpha_fill_01.wav,filler_other,NA,NA,NA,nun,,,,,JB_1108,
31,a2c3887765bb38512a1b7e685f04b37b498107029033e9d6f2c9a8dfc5751da9,NA,what_letter_in_the_latin_alphabet_corresponds_to_the_greek_letter_alpha_fill_01.wav,filler_other,NA,NA,NA,,,,,,,
31,a2c3887765bb38512a1b7e685f04b37b498107029033e9d6f2c9a8dfc5751da9,The question does NOT need any corrections.,what_organ_is_often_associated_with_being_eaten_by_rotting_flesh_monsters_also_known_as_zombies_fill_02.wav,filler_other,NA,NA,NA,nans,,,,,JB_1108,
31,a2c3887765bb38512a1b7e685f04b37b498107029033e9d6f2c9a8dfc5751da9,brain,what_organ_is_often_associated_with_being_eaten_by_rotting_flesh_monsters_also_known_as_zombies_fill_02.wav,filler_other,NA,NA,NA,,,,,,,
31,a2c3887765bb38512a1b7e685f04b37b498107029033e9d6f2c9a8dfc5751da9,The question does NOT need any corrections.,which_british_celebrity_judge_often_harshly_critiqued_contestants_on_the_nationwide_singing_contest_american_idol_fill_03.wav,filler_other,NA,NA,NA,nans,,,,,JB_1108,
31,a2c3887765bb38512a1b7e685f04b37b498107029033e9d6f2c9a8dfc5751da9,Simon Cowell,which_british_celebrity_judge_often_harshly_critiqued_contestants_on_the_nationwide_singing_contest_american_idol_fill_03.wav,filler_other,NA,NA,NA,,,,,,,
31,a2c3887765bb38512a1b7e685f04b37b498107029033e9d6f2c9a8dfc5751da9,"The question does NOT need any corrections, but I don't know the answer/ I don't understand what the question is asking.",which_cartoon_character_works_at_the_krusty_krab_and_is_best_friends_with_patrick_star_fill_04.wav,filler_other,NA,NA,NA,nun,,,,,JB_1108,
31,a2c3887765bb38512a1b7e685f04b37b498107029033e9d6f2c9a8dfc5751da9,NA,which_cartoon_character_works_at_the_krusty_krab_and_is_best_friends_with_patrick_star_fill_04.wav,filler_other,NA,NA,NA,,,,,,,
31,a2c3887765bb38512a1b7e685f04b37b498107029033e9d6f2c9a8dfc5751da9,The question does NOT need any corrections.,which_body_part_did_van_gogh_allegedly_cut_off_after_an_argument_with_his_friend_fill_05.wav,filler_other,NA,NA,NA,nans,,,,,JB_1108,
31,a2c3887765bb38512a1b7e685f04b37b498107029033e9d6f2c9a8dfc5751da9,ear,which_body_part_did_van_gogh_allegedly_cut_off_after_an_argument_with_his_friend_fill_05.wav,filler_other,NA,NA,NA,,,,,,,
31,a2c3887765bb38512a1b7e685f04b37b498107029033e9d6f2c9a8dfc5751da9,The question does NOT need any corrections.,what_is_the_name_of_the_comic_strip_featuring_charlie_brown_and_his_dog_snoopy_fill_06.wav,filler_other,NA,NA,NA,nans,,,,,JB_1108,
31,a2c3887765bb38512a1b7e685f04b37b498107029033e9d6f2c9a8dfc5751da9,peanuts,what_is_the_name_of_the_comic_strip_featuring_charlie_brown_and_his_dog_snoopy_fill_06.wav,filler_other,NA,NA,NA,,,,,,,
31,a2c3887765bb38512a1b7e685f04b37b498107029033e9d6f2c9a8dfc5751da9,The question does NOT need any corrections.,what_holiday_occurs_at_the_end_of_october_and_features_trick-or-treating_pumpkins_and_haunted_houses_fill_07.wav,filler_other,NA,NA,NA,nans,,,,,JB_1108,
31,a2c3887765bb38512a1b7e685f04b37b498107029033e9d6f2c9a8dfc5751da9,Halloween,what_holiday_occurs_at_the_end_of_october_and_features_trick-or-treating_pumpkins_and_haunted_houses_fill_07.wav,filler_other,NA,NA,NA,,,,,,,
31,a2c3887765bb38512a1b7e685f04b37b498107029033e9d6f2c9a8dfc5751da9,The question does NOT need any corrections.,what_is_the_name_of_the_video_game_character_who_is_a_traveling_italian_plumber_fill_08.wav,filler_other,NA,NA,NA,nans,,,,,JB_1108,
31,a2c3887765bb38512a1b7e685f04b37b498107029033e9d6f2c9a8dfc5751da9,Mario Bros.,what_is_the_name_of_the_video_game_character_who_is_a_traveling_italian_plumber_fill_08.wav,filler_other,NA,NA,NA,,,,,,,
31,a2c3887765bb38512a1b7e685f04b37b498107029033e9d6f2c9a8dfc5751da9,The question does NOT need any corrections.,what_kind_of_animal_is_mickey_mouse’s_girlfriend_minnie_who_wears_a_bow_fill_09.wav,filler_other,NA,NA,NA,nans,,,,,JB_1108,
31,a2c3887765bb38512a1b7e685f04b37b498107029033e9d6f2c9a8dfc5751da9,Mouse,what_kind_of_animal_is_mickey_mouse’s_girlfriend_minnie_who_wears_a_bow_fill_09.wav,filler_other,NA,NA,NA,,,,,,,
31,a2c3887765bb38512a1b7e685f04b37b498107029033e9d6f2c9a8dfc5751da9,The question does NOT need any corrections.,which_cartoon_dog_solves_mysteries_with_the_group_fred_daphne_velma_and_shaggy_fill_10.wav,filler_other,NA,NA,NA,nans,,,,,JB_1108,
31,a2c3887765bb38512a1b7e685f04b37b498107029033e9d6f2c9a8dfc5751da9,Scooby Doo,which_cartoon_dog_solves_mysteries_with_the_group_fred_daphne_velma_and_shaggy_fill_10.wav,filler_other,NA,NA,NA,,,,,,,
31,a2c3887765bb38512a1b7e685f04b37b498107029033e9d6f2c9a8dfc5751da9,The question needs to be CORRECTED.,which_fast_food_chain_offers_foot-long_sandwiches_and_has_the_slogan_eat_fresh_fill_11.wav,filler_other,NA,NA,NA,y,,otherp,,,JB_1108,
31,a2c3887765bb38512a1b7e685f04b37b498107029033e9d6f2c9a8dfc5751da9,"Subway; sound error where the word ""fresh"" should have been said instead of ""frash"".",which_fast_food_chain_offers_foot-long_sandwiches_and_has_the_slogan_eat_fresh_fill_11.wav,filler_other,NA,NA,NA,,,,,,,
31,a2c3887765bb38512a1b7e685f04b37b498107029033e9d6f2c9a8dfc5751da9,The question does NOT need any corrections.,which_oscar-winning_movie_features_tom_hanks_saying_life_is_like_a_box_of_chocolates_fill_12.wav,filler_other,NA,NA,NA,nans,,,,,JB_1108,
31,a2c3887765bb38512a1b7e685f04b37b498107029033e9d6f2c9a8dfc5751da9,Forrest Gump,which_oscar-winning_movie_features_tom_hanks_saying_life_is_like_a_box_of_chocolates_fill_12.wav,filler_other,NA,NA,NA,,,,,,,
31,a2c3887765bb38512a1b7e685f04b37b498107029033e9d6f2c9a8dfc5751da9,"The question does NOT need any corrections, but I don't know the answer/ I don't understand what the question is asking.",what_novel_has_the_quote_i’m_late_i’m_late_for_a_very_important_date_fill_13.wav,filler_other,NA,NA,NA,nun,,,,,JB_1108,
31,a2c3887765bb38512a1b7e685f04b37b498107029033e9d6f2c9a8dfc5751da9,NA,what_novel_has_the_quote_i’m_late_i’m_late_for_a_very_important_date_fill_13.wav,filler_other,NA,NA,NA,,,,,,,
31,a2c3887765bb38512a1b7e685f04b37b498107029033e9d6f2c9a8dfc5751da9,The question does NOT need any corrections.,what_mythical_creatures_have_been_said_to_drink_blood_turn_into_bats_and_hate_onions_fill_14.wav,filler_other,NA,NA,NA,nans,,,,,JB_1108,
31,a2c3887765bb38512a1b7e685f04b37b498107029033e9d6f2c9a8dfc5751da9,vampires,what_mythical_creatures_have_been_said_to_drink_blood_turn_into_bats_and_hate_onions_fill_14.wav,filler_other,NA,NA,NA,,,,,,,
31,a2c3887765bb38512a1b7e685f04b37b498107029033e9d6f2c9a8dfc5751da9,The question does NOT need any corrections.,who_discovered_the_law_of_universal_gravitation_which_accounts_for_why_objects_naturally_fall_downwards_fill_15.wav,filler_other,NA,NA,NA,nans,,,,,JB_1108,
31,a2c3887765bb38512a1b7e685f04b37b498107029033e9d6f2c9a8dfc5751da9,Isaac Newton,who_discovered_the_law_of_universal_gravitation_which_accounts_for_why_objects_naturally_fall_downwards_fill_15.wav,filler_other,NA,NA,NA,,,,,,,
31,a2c3887765bb38512a1b7e685f04b37b498107029033e9d6f2c9a8dfc5751da9,The question does NOT need any corrections.,which_soft_pastry_made_with_a_certain_spice_is_often_spiral-shaped_and_topped_with_icing_fill_16.wav,filler_other,NA,NA,NA,nans,,,,,JB_1108,
31,a2c3887765bb38512a1b7e685f04b37b498107029033e9d6f2c9a8dfc5751da9,Ice cream swirl,which_soft_pastry_made_with_a_certain_spice_is_often_spiral-shaped_and_topped_with_icing_fill_16.wav,filler_other,NA,NA,NA,,,,,,,
31,a2c3887765bb38512a1b7e685f04b37b498107029033e9d6f2c9a8dfc5751da9,The question does NOT need any corrections.,what_us_holiday_is_often_celebrated_with_fireworks_and_hotdogs_to_honor_americas_freedom_fill_17.wav,filler_other,NA,NA,NA,nans,,,,,JB_1108,
31,a2c3887765bb38512a1b7e685f04b37b498107029033e9d6f2c9a8dfc5751da9,4th of July,what_us_holiday_is_often_celebrated_with_fireworks_and_hotdogs_to_honor_americas_freedom_fill_17.wav,filler_other,NA,NA,NA,,,,,,,
31,a2c3887765bb38512a1b7e685f04b37b498107029033e9d6f2c9a8dfc5751da9,The question does NOT need any corrections.,which_tropical_fruit_that_grows_on_palm_trees_is_used_for_oils_and_milks_fill_18.wav,filler_other,NA,NA,NA,nans,,,,,JB_1108,
31,a2c3887765bb38512a1b7e685f04b37b498107029033e9d6f2c9a8dfc5751da9,coconut,which_tropical_fruit_that_grows_on_palm_trees_is_used_for_oils_and_milks_fill_18.wav,filler_other,NA,NA,NA,,,,,,,
31,a2c3887765bb38512a1b7e685f04b37b498107029033e9d6f2c9a8dfc5751da9,"The question does NOT need any corrections, but I don't know the answer/ I don't understand what the question is asking.",which_season_do_we_associate_with_thanksgiving_the_beginning_of_school_and_leaves_turning_brown_fill_19.wav,filler_other,NA,NA,NA,nun,,,,,JB_1108,
31,a2c3887765bb38512a1b7e685f04b37b498107029033e9d6f2c9a8dfc5751da9,NA,which_season_do_we_associate_with_thanksgiving_the_beginning_of_school_and_leaves_turning_brown_fill_19.wav,filler_other,NA,NA,NA,,,,,,,
31,a2c3887765bb38512a1b7e685f04b37b498107029033e9d6f2c9a8dfc5751da9,The question does NOT need any corrections.,what_musician_won_grammys_for_their_album_thriller_which_features_the_hit_song_beat_it_fill_20.wav,filler_other,NA,NA,NA,nans,,,,,JB_1108,
31,a2c3887765bb38512a1b7e685f04b37b498107029033e9d6f2c9a8dfc5751da9,Michael Jackson,what_musician_won_grammys_for_their_album_thriller_which_features_the_hit_song_beat_it_fill_20.wav,filler_other,NA,NA,NA,,,,,,,
31,a2c3887765bb38512a1b7e685f04b37b498107029033e9d6f2c9a8dfc5751da9,The question needs to be CORRECTED.,what_animal_is_typically_white_with_black_spots_and_says_moo_fill_21.wav,filler_other,NA,NA,NA,y,,otherp,,,JB_1108,
31,a2c3887765bb38512a1b7e685f04b37b498107029033e9d6f2c9a8dfc5751da9,"cow; sound error where the word ""moe"" was said when it should have been ""moo"".",what_animal_is_typically_white_with_black_spots_and_says_moo_fill_21.wav,filler_other,NA,NA,NA,,,,,,,
31,a2c3887765bb38512a1b7e685f04b37b498107029033e9d6f2c9a8dfc5751da9,The question does NOT need any corrections.,where_do_the_jolly_christmas_icons_santa_claus_and_his_wife_mrs._claus_live_fill_22.wav,filler_other,NA,NA,NA,nans,,,,,JB_1108,
31,a2c3887765bb38512a1b7e685f04b37b498107029033e9d6f2c9a8dfc5751da9,North Pole,where_do_the_jolly_christmas_icons_santa_claus_and_his_wife_mrs._claus_live_fill_22.wav,filler_other,NA,NA,NA,,,,,,,
31,a2c3887765bb38512a1b7e685f04b37b498107029033e9d6f2c9a8dfc5751da9,The question does NOT need any corrections.,in_the_famous_dr_seuss_book_what_orange_and_yellow_character_speaks_for_the_trees_fill_23.wav,filler_other,NA,NA,NA,nans,,,,,JB_1108,
31,a2c3887765bb38512a1b7e685f04b37b498107029033e9d6f2c9a8dfc5751da9,The Lorax,in_the_famous_dr_seuss_book_what_orange_and_yellow_character_speaks_for_the_trees_fill_23.wav,filler_other,NA,NA,NA,,,,,,,
31,a2c3887765bb38512a1b7e685f04b37b498107029033e9d6f2c9a8dfc5751da9,The question needs to be CORRECTED.,in_what_country_would_you_find_landmarks_like_the_pyramids_of_giza_and_great_sphinx_fill_24.wav,filler_other,NA,NA,NA,y,,otherp,,,JB_1108,
31,a2c3887765bb38512a1b7e685f04b37b498107029033e9d6f2c9a8dfc5751da9,"Egypt; they should have said ""Sphynx"" instead of ""phynx"".",in_what_country_would_you_find_landmarks_like_the_pyramids_of_giza_and_great_sphinx_fill_24.wav,filler_other,NA,NA,NA,,,,,,,
32,a35ba016ca34892f5841b2de688ce10b5a877aa05872e4d13bd6ca63169aad44,The question does NOT need any corrections.,how_many_legs_does_a_dog_normally_have_fill_25.wav,att_check_good,NA,NA,NA,nans,,,a,attention check failed (5/8 correct),JB_1108,
32,a35ba016ca34892f5841b2de688ce10b5a877aa05872e4d13bd6ca63169aad44,4,how_many_legs_does_a_dog_normally_have_fill_25.wav,att_check_good,NA,NA,NA,,,,,,,
32,a35ba016ca34892f5841b2de688ce10b5a877aa05872e4d13bd6ca63169aad44,The question does NOT need any corrections.,what_state_is_los_angeles_located_in_fill_26.wav,att_check_good,NA,NA,NA,nans,,,a,,JB_1108,
32,a35ba016ca34892f5841b2de688ce10b5a877aa05872e4d13bd6ca63169aad44,Califoria,what_state_is_los_angeles_located_in_fill_26.wav,att_check_good,NA,NA,NA,,,,,,,
32,a35ba016ca34892f5841b2de688ce10b5a877aa05872e4d13bd6ca63169aad44,The question does NOT need any corrections.,what_day_of_the_week_comes_after_monday_fill_27.wav,att_check_good,NA,NA,NA,nans,,,a,,JB_1108,
32,a35ba016ca34892f5841b2de688ce10b5a877aa05872e4d13bd6ca63169aad44,Tuesday,what_day_of_the_week_comes_after_monday_fill_27.wav,att_check_good,NA,NA,NA,,,,,,,
32,a35ba016ca34892f5841b2de688ce10b5a877aa05872e4d13bd6ca63169aad44,The question does NOT need any corrections.,what_color_is_a_typical_school_bus_fill_28.wav,att_check_good,NA,NA,NA,nans,,,a,,JB_1108,
32,a35ba016ca34892f5841b2de688ce10b5a877aa05872e4d13bd6ca63169aad44,Yellow,what_color_is_a_typical_school_bus_fill_28.wav,att_check_good,NA,NA,NA,,,,,,,
32,a35ba016ca34892f5841b2de688ce10b5a877aa05872e4d13bd6ca63169aad44,The question needs to be CORRECTED.,in_the_cycle_of_seasons_what_season_comes_after_dinter_fill_29.wav,att_check_err,NA,NA,NA,y,,acheckp,,,JB_1108,
32,a35ba016ca34892f5841b2de688ce10b5a877aa05872e4d13bd6ca63169aad44,Spring. Pronounced winter wrong.,in_the_cycle_of_seasons_what_season_comes_after_dinter_fill_29.wav,att_check_err,NA,NA,NA,,,,,,,
32,a35ba016ca34892f5841b2de688ce10b5a877aa05872e4d13bd6ca63169aad44,The question does NOT need any corrections.,what_insect_undergoes_a_process_of_change_to_turn_into_a_butterfy_fill_30.wav,att_check_err,NA,NA,NA,nans,,acheckf,,,JB_1108,
32,a35ba016ca34892f5841b2de688ce10b5a877aa05872e4d13bd6ca63169aad44,Cattapiller.,what_insect_undergoes_a_process_of_change_to_turn_into_a_butterfy_fill_30.wav,att_check_err,NA,NA,NA,,,,,,,
32,a35ba016ca34892f5841b2de688ce10b5a877aa05872e4d13bd6ca63169aad44,The question does NOT need any corrections.,what_is_the_largest_plant_in_the_solar_system_fill_31.wav,att_check_err,NA,NA,NA,nans,,acheckf,,,JB_1108,
32,a35ba016ca34892f5841b2de688ce10b5a877aa05872e4d13bd6ca63169aad44,Jupiter,what_is_the_largest_plant_in_the_solar_system_fill_31.wav,att_check_err,NA,NA,NA,,,,,,,
32,a35ba016ca34892f5841b2de688ce10b5a877aa05872e4d13bd6ca63169aad44,The question needs to be CORRECTED.,how_many_embers_were_in_the_beatles_the_british_rock_band_fill_32.wav,att_check_err,NA,NA,NA,y,,acheckf,,,JB_1108,
32,a35ba016ca34892f5841b2de688ce10b5a877aa05872e4d13bd6ca63169aad44,"NA, mispronounced Beetles",how_many_embers_were_in_the_beatles_the_british_rock_band_fill_32.wav,att_check_err,NA,NA,NA,,,,,,,
32,a35ba016ca34892f5841b2de688ce10b5a877aa05872e4d13bd6ca63169aad44,The question does NOT need any corrections.,for_what_pink_ice_cream_flavor_will_companies_do_their_best_to_use_real_fruit_targ_01_A.wav,target,correct,make vs. other verb,/ɪ/ --> /i/; will/wheel,,,,,,,
32,a35ba016ca34892f5841b2de688ce10b5a877aa05872e4d13bd6ca63169aad44,Strawberry,for_what_pink_ice_cream_flavor_will_companies_do_their_best_to_use_real_fruit_targ_01_A.wav,target,correct,make vs. other verb,/ɪ/ --> /i/; will/wheel,,,,,,,
32,a35ba016ca34892f5841b2de688ce10b5a877aa05872e4d13bd6ca63169aad44,The question needs to be CORRECTED.,what_term_refers_to_armored_men_who_enjoyed_carrying_medieval_swords_that_class_in_combat_targ_02_B.wav,target,phon_err,infinitive vs. participle,/ʃ/ --> /s/; clash/class,,,,,,,
32,a35ba016ca34892f5841b2de688ce10b5a877aa05872e4d13bd6ca63169aad44,Knight. Said class instead of clash.,what_term_refers_to_armored_men_who_enjoyed_carrying_medieval_swords_that_class_in_combat_targ_02_B.wav,target,phon_err,infinitive vs. participle,/ʃ/ --> /s/; clash/class,,,,,,,
32,a35ba016ca34892f5841b2de688ce10b5a877aa05872e4d13bd6ca63169aad44,The question needs to be CORRECTED.,which_scottish_actor_first_played_james_bond_wearing_kilts_to_red_carpets_when_he_had_32_years_old_targ_03_C.wav,target,non_phon_err,have vs. be,/k/ --> /g/; kilt/guilt,,,,,,,
32,a35ba016ca34892f5841b2de688ce10b5a877aa05872e4d13bd6ca63169aad44,"NA, There were several pronunciation problems.",which_scottish_actor_first_played_james_bond_wearing_kilts_to_red_carpets_when_he_had_32_years_old_targ_03_C.wav,target,non_phon_err,have vs. be,/k/ --> /g/; kilt/guilt,,,,,,,
32,a35ba016ca34892f5841b2de688ce10b5a877aa05872e4d13bd6ca63169aad44,"The question does NOT need any corrections, but I don't know the answer/ I don't understand what the question is asking.",what_neil_armstrong_say_during_his_berry_first_steps_on_the_moon_targ_04_D.wav,target,both_err,no aux verbs in questions (lack of do support),/v/ --> /b/; very/berry,,,,,,,
32,a35ba016ca34892f5841b2de688ce10b5a877aa05872e4d13bd6ca63169aad44,NA,what_neil_armstrong_say_during_his_berry_first_steps_on_the_moon_targ_04_D.wav,target,both_err,no aux verbs in questions (lack of do support),/v/ --> /b/; very/berry,,,,,,,
32,a35ba016ca34892f5841b2de688ce10b5a877aa05872e4d13bd6ca63169aad44,The question does NOT need any corrections.,what_kind_of_weather_could_occur_when_it_is_raining_and_below_freezing_targ_05_A.wav,target,correct,expletive 'it' dropping,/ʊ/ --> /u/; could/cooed,,,,,,,
32,a35ba016ca34892f5841b2de688ce10b5a877aa05872e4d13bd6ca63169aad44,Snow,what_kind_of_weather_could_occur_when_it_is_raining_and_below_freezing_targ_05_A.wav,target,correct,expletive 'it' dropping,/ʊ/ --> /u/; could/cooed,,,,,,,
32,a35ba016ca34892f5841b2de688ce10b5a877aa05872e4d13bd6ca63169aad44,"The question does NOT need any corrections, but I don't know the answer/ I don't understand what the question is asking.",how_many_legs_does_a_canadian_garden_spider_whose_silk_can_make_clot_have_targ_06_B.wav,target,phon_err,adj/noun order,/θ/ --> /t/; cloth/clot,,,,,,,
32,a35ba016ca34892f5841b2de688ce10b5a877aa05872e4d13bd6ca63169aad44,NA,how_many_legs_does_a_canadian_garden_spider_whose_silk_can_make_clot_have_targ_06_B.wav,target,phon_err,adj/noun order,/θ/ --> /t/; cloth/clot,,,,,,,
32,a35ba016ca34892f5841b2de688ce10b5a877aa05872e4d13bd6ca63169aad44,The question needs to be CORRECTED.,what_childrens_game_makes_people_sit_down_quickly_when_the_music_loud_stops_targ_07_C.wav,target,non_phon_err,adj/noun order,/ɪ/ --> /i/; sit/seat,,,,,,,
32,a35ba016ca34892f5841b2de688ce10b5a877aa05872e4d13bd6ca63169aad44,Musical chairs. Added in loud were it didnt belong.,what_childrens_game_makes_people_sit_down_quickly_when_the_music_loud_stops_targ_07_C.wav,target,non_phon_err,adj/noun order,/ɪ/ --> /i/; sit/seat,,,,,,,
32,a35ba016ca34892f5841b2de688ce10b5a877aa05872e4d13bd6ca63169aad44,The question needs to be CORRECTED.,because_is_important_to_honor_the_iris_saint_what_holiday_occurs_on_march_17th_targ_08_D.wav,target,both_err,expletive 'it' dropping,/ʃ/ --> /s/; Irish/iris,,,,,,,
32,a35ba016ca34892f5841b2de688ce10b5a877aa05872e4d13bd6ca63169aad44,St Patrick's Day. Mispronounced Irish.,because_is_important_to_honor_the_iris_saint_what_holiday_occurs_on_march_17th_targ_08_D.wav,target,both_err,expletive 'it' dropping,/ʃ/ --> /s/; Irish/iris,,,,,,,
32,a35ba016ca34892f5841b2de688ce10b5a877aa05872e4d13bd6ca63169aad44,The question does NOT need any corrections.,if_laundry_service_will_come_in_five_days_and_todays_thursday_when_are_they_doing_laundry_next_targ_09_A.wav,target,correct,make vs. other verb,/k/ --> /g/; come/gum,,,,,,,
32,a35ba016ca34892f5841b2de688ce10b5a877aa05872e4d13bd6ca63169aad44,Friday,if_laundry_service_will_come_in_five_days_and_todays_thursday_when_are_they_doing_laundry_next_targ_09_A.wav,target,correct,make vs. other verb,/k/ --> /g/; come/gum,,,,,,,
32,a35ba016ca34892f5841b2de688ce10b5a877aa05872e4d13bd6ca63169aad44,The question does NOT need any corrections.,who_did_americans_boat_for_to_be_their_first_president_who_avoided_serving_three_terms_targ_10_B.wav,target,phon_err,infinitive vs. participle,/v/ --> /b/; vote/boat,,,,,,,
32,a35ba016ca34892f5841b2de688ce10b5a877aa05872e4d13bd6ca63169aad44,George Washington,who_did_americans_boat_for_to_be_their_first_president_who_avoided_serving_three_terms_targ_10_B.wav,target,phon_err,infinitive vs. participle,/v/ --> /b/; vote/boat,,,,,,,
32,a35ba016ca34892f5841b2de688ce10b5a877aa05872e4d13bd6ca63169aad44,"The question does NOT need any corrections, but I don't know the answer/ I don't understand what the question is asking.",what_colors_can_have_on_a_traffic_light_which_often_senses_when_cars_pull_up_targ_11_C.wav,target,non_phon_err,have vs. be,/ʊ/ --> /u/; pulls/pools,,,,,,,
32,a35ba016ca34892f5841b2de688ce10b5a877aa05872e4d13bd6ca63169aad44,NA,what_colors_can_have_on_a_traffic_light_which_often_senses_when_cars_pull_up_targ_11_C.wav,target,non_phon_err,have vs. be,/ʊ/ --> /u/; pulls/pools,,,,,,,
32,a35ba016ca34892f5841b2de688ce10b5a877aa05872e4d13bd6ca63169aad44,The question needs to be CORRECTED.,if_youre_on_a_pat_from_california_to_hawaii_which_ocean_you_go_through_targ_12_D.wav,target,both_err,no aux verbs in questions (lack of do support),/θ/ --> /t/; path/pat,,,,,,,
32,a35ba016ca34892f5841b2de688ce10b5a877aa05872e4d13bd6ca63169aad44,Atlantic. Mispronounced path.,if_youre_on_a_pat_from_california_to_hawaii_which_ocean_you_go_through_targ_12_D.wav,target,both_err,no aux verbs in questions (lack of do support),/θ/ --> /t/; path/pat,,,,,,,
32,a35ba016ca34892f5841b2de688ce10b5a877aa05872e4d13bd6ca63169aad44,The question needs to be CORRECTED.,what_supplies_do_you_need_to_knit_a_scarf_targ_13_A.wav,target,correct,no aux verbs in questions (lack of do support),/ɪ/ --> /i/; knit/neat,,,,,,,
32,a35ba016ca34892f5841b2de688ce10b5a877aa05872e4d13bd6ca63169aad44,NA. Said need twice.,what_supplies_do_you_need_to_knit_a_scarf_targ_13_A.wav,target,correct,no aux verbs in questions (lack of do support),/ɪ/ --> /i/; knit/neat,,,,,,,
32,a35ba016ca34892f5841b2de688ce10b5a877aa05872e4d13bd6ca63169aad44,The question needs to be CORRECTED.,what_city_have_people_rust_to_tour_to_see_where_the_us_government_does_business_targ_14_B.wav,target,phon_err,make vs. other verb,/ʃ/ --> /s/; rushed/rust,,,,,,,
32,a35ba016ca34892f5841b2de688ce10b5a877aa05872e4d13bd6ca63169aad44,NA. There were several problems and I could not understand the question.,what_city_have_people_rust_to_tour_to_see_where_the_us_government_does_business_targ_14_B.wav,target,phon_err,make vs. other verb,/ʃ/ --> /s/; rushed/rust,,,,,,,
32,a35ba016ca34892f5841b2de688ce10b5a877aa05872e4d13bd6ca63169aad44,The question does NOT need any corrections.,what_colors_make_up_a_traditional_candy_cane_which_people_enjoy_to_eat_during_christmas_targ_15_C.wav,target,non_phon_err,infinitive vs. participle,/k/ --> /g/; cane/gain,,,,,,,
32,a35ba016ca34892f5841b2de688ce10b5a877aa05872e4d13bd6ca63169aad44,Red and white,what_colors_make_up_a_traditional_candy_cane_which_people_enjoy_to_eat_during_christmas_targ_15_C.wav,target,non_phon_err,infinitive vs. participle,/k/ --> /g/; cane/gain,,,,,,,
32,a35ba016ca34892f5841b2de688ce10b5a877aa05872e4d13bd6ca63169aad44,The question does NOT need any corrections.,where_do_people_get_drivers_licenses_since_is_required_as_ballad_id_to_drive_targ_16_D.wav,target,both_err,expletive 'it' dropping,/v/ --> /b/; valid/ballad,,,,,,,
32,a35ba016ca34892f5841b2de688ce10b5a877aa05872e4d13bd6ca63169aad44,DMV,where_do_people_get_drivers_licenses_since_is_required_as_ballad_id_to_drive_targ_16_D.wav,target,both_err,expletive 'it' dropping,/v/ --> /b/; valid/ballad,,,,,,,
32,a35ba016ca34892f5841b2de688ce10b5a877aa05872e4d13bd6ca63169aad44,The question does NOT need any corrections.,how_many_days_would_my_tandem_bike_be_gone_if_someone_borrows_it_for_july_targ_17_A.wav,target,correct,adj/noun order,/ʊ/ --> /u/; would/wooed,,,,,,,
32,a35ba016ca34892f5841b2de688ce10b5a877aa05872e4d13bd6ca63169aad44,31,how_many_days_would_my_tandem_bike_be_gone_if_someone_borrows_it_for_july_targ_17_A.wav,target,correct,adj/noun order,/ʊ/ --> /u/; would/wooed,,,,,,,
32,a35ba016ca34892f5841b2de688ce10b5a877aa05872e4d13bd6ca63169aad44,The question does NOT need any corrections.,when_you_are_hot_what_device_measures_body_temperature_in_boat_celsius_and_fahrenheit_targ_18_B.wav,target,phon_err,have vs. be,/θ/ --> /t/; both/boat,,,,,,,
32,a35ba016ca34892f5841b2de688ce10b5a877aa05872e4d13bd6ca63169aad44,Therometer,when_you_are_hot_what_device_measures_body_temperature_in_boat_celsius_and_fahrenheit_targ_18_B.wav,target,phon_err,have vs. be,/θ/ --> /t/; both/boat,,,,,,,
32,a35ba016ca34892f5841b2de688ce10b5a877aa05872e4d13bd6ca63169aad44,The question does NOT need any corrections.,what_big_star_in_our_solar_system_can_still_be_visible_when_is_cloudy_targ_19_C.wav,target,non_phon_err,expletive 'it' dropping,/ɪ/ --> /i/; still/steal,,,,,,,
32,a35ba016ca34892f5841b2de688ce10b5a877aa05872e4d13bd6ca63169aad44,Sun,what_big_star_in_our_solar_system_can_still_be_visible_when_is_cloudy_targ_19_C.wav,target,non_phon_err,expletive 'it' dropping,/ɪ/ --> /i/; still/steal,,,,,,,
32,a35ba016ca34892f5841b2de688ce10b5a877aa05872e4d13bd6ca63169aad44,The question needs to be CORRECTED.,what_popular_us_chain_provides_a_happy_meal_toy_or_plus_when_kids_have_hungry_targ_20_D.wav,target,both_err,have vs. be,/ʃ/ --> /s/; plush/plus,,,,,,,
32,a35ba016ca34892f5841b2de688ce10b5a877aa05872e4d13bd6ca63169aad44,Mcdonalds. Said hap and should say are.,what_popular_us_chain_provides_a_happy_meal_toy_or_plus_when_kids_have_hungry_targ_20_D.wav,target,both_err,have vs. be,/ʃ/ --> /s/; plush/plus,,,,,,,
32,a35ba016ca34892f5841b2de688ce10b5a877aa05872e4d13bd6ca63169aad44,"The question does NOT need any corrections, but I don't know the answer/ I don't understand what the question is asking.",in_the_lion_king_who_does_nala_talk_to_and_is_laying_in_a_cot_after_theyve_reunited_targ_21_A.wav,target,correct,no aux verbs in questions (lack of do support),/k/ --> /g/; cot/got,,,,,,,
32,a35ba016ca34892f5841b2de688ce10b5a877aa05872e4d13bd6ca63169aad44,NA,in_the_lion_king_who_does_nala_talk_to_and_is_laying_in_a_cot_after_theyve_reunited_targ_21_A.wav,target,correct,no aux verbs in questions (lack of do support),/k/ --> /g/; cot/got,,,,,,,
32,a35ba016ca34892f5841b2de688ce10b5a877aa05872e4d13bd6ca63169aad44,The question does NOT need any corrections.,if_a_hardworking_janitor_cleaned_a_vent_in_five_minutes_how_many_seconds_is_that_targ_22_B.wav,target,phon_err,adj/noun order,/v/ --> /b/; vent/bent,,,,,,,
32,a35ba016ca34892f5841b2de688ce10b5a877aa05872e4d13bd6ca63169aad44,300,if_a_hardworking_janitor_cleaned_a_vent_in_five_minutes_how_many_seconds_is_that_targ_22_B.wav,target,phon_err,adj/noun order,/v/ --> /b/; vent/bent,,,,,,,
32,a35ba016ca34892f5841b2de688ce10b5a877aa05872e4d13bd6ca63169aad44,The question needs to be CORRECTED.,what_company_created_the_macbook_a_device_full_of_features_to_help_students_make_homework_targ_23_C.wav,target,non_phon_err,make vs. other verb,/ʊ/ --> /u/; full/fool,,,,,,,
32,a35ba016ca34892f5841b2de688ce10b5a877aa05872e4d13bd6ca63169aad44,Apple. Used make instead of do.,what_company_created_the_macbook_a_device_full_of_features_to_help_students_make_homework_targ_23_C.wav,target,non_phon_err,make vs. other verb,/ʊ/ --> /u/; full/fool,,,,,,,
32,a35ba016ca34892f5841b2de688ce10b5a877aa05872e4d13bd6ca63169aad44,The question does NOT need any corrections.,if_i_consider_to_leave_work_after_the_fort_hour_how_many_minutes_would_that_be_targ_24_D.wav,target,both_err,infinitive vs. participle,/θ/ --> /t/; fourth/fort,,,,,,,
32,a35ba016ca34892f5841b2de688ce10b5a877aa05872e4d13bd6ca63169aad44,240,if_i_consider_to_leave_work_after_the_fort_hour_how_many_minutes_would_that_be_targ_24_D.wav,target,both_err,infinitive vs. participle,/θ/ --> /t/; fourth/fort,,,,,,,
32,a35ba016ca34892f5841b2de688ce10b5a877aa05872e4d13bd6ca63169aad44,The question does NOT need any corrections.,what_letter_in_the_latin_alphabet_corresponds_to_the_greek_letter_alpha_fill_01.wav,filler_other,NA,NA,NA,,,,,,,
32,a35ba016ca34892f5841b2de688ce10b5a877aa05872e4d13bd6ca63169aad44,A,what_letter_in_the_latin_alphabet_corresponds_to_the_greek_letter_alpha_fill_01.wav,filler_other,NA,NA,NA,,,,,,,
32,a35ba016ca34892f5841b2de688ce10b5a877aa05872e4d13bd6ca63169aad44,The question does NOT need any corrections.,what_organ_is_often_associated_with_being_eaten_by_rotting_flesh_monsters_also_known_as_zombies_fill_02.wav,filler_other,NA,NA,NA,,,,,,,
32,a35ba016ca34892f5841b2de688ce10b5a877aa05872e4d13bd6ca63169aad44,Brain,what_organ_is_often_associated_with_being_eaten_by_rotting_flesh_monsters_also_known_as_zombies_fill_02.wav,filler_other,NA,NA,NA,,,,,,,
32,a35ba016ca34892f5841b2de688ce10b5a877aa05872e4d13bd6ca63169aad44,"The question does NOT need any corrections, but I don't know the answer/ I don't understand what the question is asking.",which_british_celebrity_judge_often_harshly_critiqued_contestants_on_the_nationwide_singing_contest_american_idol_fill_03.wav,filler_other,NA,NA,NA,,,,,,,
32,a35ba016ca34892f5841b2de688ce10b5a877aa05872e4d13bd6ca63169aad44,NA,which_british_celebrity_judge_often_harshly_critiqued_contestants_on_the_nationwide_singing_contest_american_idol_fill_03.wav,filler_other,NA,NA,NA,,,,,,,
32,a35ba016ca34892f5841b2de688ce10b5a877aa05872e4d13bd6ca63169aad44,The question does NOT need any corrections.,which_cartoon_character_works_at_the_krusty_krab_and_is_best_friends_with_patrick_star_fill_04.wav,filler_other,NA,NA,NA,,,,,,,
32,a35ba016ca34892f5841b2de688ce10b5a877aa05872e4d13bd6ca63169aad44,Spoungebob,which_cartoon_character_works_at_the_krusty_krab_and_is_best_friends_with_patrick_star_fill_04.wav,filler_other,NA,NA,NA,,,,,,,
32,a35ba016ca34892f5841b2de688ce10b5a877aa05872e4d13bd6ca63169aad44,"The question does NOT need any corrections, but I don't know the answer/ I don't understand what the question is asking.",which_body_part_did_van_gogh_allegedly_cut_off_after_an_argument_with_his_friend_fill_05.wav,filler_other,NA,NA,NA,,,,,,,
32,a35ba016ca34892f5841b2de688ce10b5a877aa05872e4d13bd6ca63169aad44,NA,which_body_part_did_van_gogh_allegedly_cut_off_after_an_argument_with_his_friend_fill_05.wav,filler_other,NA,NA,NA,,,,,,,
32,a35ba016ca34892f5841b2de688ce10b5a877aa05872e4d13bd6ca63169aad44,The question does NOT need any corrections.,what_is_the_name_of_the_comic_strip_featuring_charlie_brown_and_his_dog_snoopy_fill_06.wav,filler_other,NA,NA,NA,,,,,,,
32,a35ba016ca34892f5841b2de688ce10b5a877aa05872e4d13bd6ca63169aad44,Peanuts,what_is_the_name_of_the_comic_strip_featuring_charlie_brown_and_his_dog_snoopy_fill_06.wav,filler_other,NA,NA,NA,,,,,,,
32,a35ba016ca34892f5841b2de688ce10b5a877aa05872e4d13bd6ca63169aad44,The question does NOT need any corrections.,what_holiday_occurs_at_the_end_of_october_and_features_trick-or-treating_pumpkins_and_haunted_houses_fill_07.wav,filler_other,NA,NA,NA,,,,,,,
32,a35ba016ca34892f5841b2de688ce10b5a877aa05872e4d13bd6ca63169aad44,Halloween,what_holiday_occurs_at_the_end_of_october_and_features_trick-or-treating_pumpkins_and_haunted_houses_fill_07.wav,filler_other,NA,NA,NA,,,,,,,
32,a35ba016ca34892f5841b2de688ce10b5a877aa05872e4d13bd6ca63169aad44,The question does NOT need any corrections.,what_is_the_name_of_the_video_game_character_who_is_a_traveling_italian_plumber_fill_08.wav,filler_other,NA,NA,NA,,,,,,,
32,a35ba016ca34892f5841b2de688ce10b5a877aa05872e4d13bd6ca63169aad44,Mario,what_is_the_name_of_the_video_game_character_who_is_a_traveling_italian_plumber_fill_08.wav,filler_other,NA,NA,NA,,,,,,,
32,a35ba016ca34892f5841b2de688ce10b5a877aa05872e4d13bd6ca63169aad44,The question does NOT need any corrections.,what_kind_of_animal_is_mickey_mouse’s_girlfriend_minnie_who_wears_a_bow_fill_09.wav,filler_other,NA,NA,NA,,,,,,,
32,a35ba016ca34892f5841b2de688ce10b5a877aa05872e4d13bd6ca63169aad44,Mouse,what_kind_of_animal_is_mickey_mouse’s_girlfriend_minnie_who_wears_a_bow_fill_09.wav,filler_other,NA,NA,NA,,,,,,,
32,a35ba016ca34892f5841b2de688ce10b5a877aa05872e4d13bd6ca63169aad44,The question does NOT need any corrections.,which_cartoon_dog_solves_mysteries_with_the_group_fred_daphne_velma_and_shaggy_fill_10.wav,filler_other,NA,NA,NA,,,,,,,
32,a35ba016ca34892f5841b2de688ce10b5a877aa05872e4d13bd6ca63169aad44,Scooby,which_cartoon_dog_solves_mysteries_with_the_group_fred_daphne_velma_and_shaggy_fill_10.wav,filler_other,NA,NA,NA,,,,,,,
32,a35ba016ca34892f5841b2de688ce10b5a877aa05872e4d13bd6ca63169aad44,The question does NOT need any corrections.,which_fast_food_chain_offers_foot-long_sandwiches_and_has_the_slogan_eat_fresh_fill_11.wav,filler_other,NA,NA,NA,,,,,,,
32,a35ba016ca34892f5841b2de688ce10b5a877aa05872e4d13bd6ca63169aad44,Subway,which_fast_food_chain_offers_foot-long_sandwiches_and_has_the_slogan_eat_fresh_fill_11.wav,filler_other,NA,NA,NA,,,,,,,
32,a35ba016ca34892f5841b2de688ce10b5a877aa05872e4d13bd6ca63169aad44,The question does NOT need any corrections.,which_oscar-winning_movie_features_tom_hanks_saying_life_is_like_a_box_of_chocolates_fill_12.wav,filler_other,NA,NA,NA,,,,,,,
32,a35ba016ca34892f5841b2de688ce10b5a877aa05872e4d13bd6ca63169aad44,Forest Gump,which_oscar-winning_movie_features_tom_hanks_saying_life_is_like_a_box_of_chocolates_fill_12.wav,filler_other,NA,NA,NA,,,,,,,
32,a35ba016ca34892f5841b2de688ce10b5a877aa05872e4d13bd6ca63169aad44,"The question does NOT need any corrections, but I don't know the answer/ I don't understand what the question is asking.",what_novel_has_the_quote_i’m_late_i’m_late_for_a_very_important_date_fill_13.wav,filler_other,NA,NA,NA,,,,,,,
32,a35ba016ca34892f5841b2de688ce10b5a877aa05872e4d13bd6ca63169aad44,NA,what_novel_has_the_quote_i’m_late_i’m_late_for_a_very_important_date_fill_13.wav,filler_other,NA,NA,NA,,,,,,,
32,a35ba016ca34892f5841b2de688ce10b5a877aa05872e4d13bd6ca63169aad44,The question does NOT need any corrections.,what_mythical_creatures_have_been_said_to_drink_blood_turn_into_bats_and_hate_onions_fill_14.wav,filler_other,NA,NA,NA,,,,,,,
32,a35ba016ca34892f5841b2de688ce10b5a877aa05872e4d13bd6ca63169aad44,Vampires,what_mythical_creatures_have_been_said_to_drink_blood_turn_into_bats_and_hate_onions_fill_14.wav,filler_other,NA,NA,NA,,,,,,,
32,a35ba016ca34892f5841b2de688ce10b5a877aa05872e4d13bd6ca63169aad44,The question does NOT need any corrections.,who_discovered_the_law_of_universal_gravitation_which_accounts_for_why_objects_naturally_fall_downwards_fill_15.wav,filler_other,NA,NA,NA,,,,,,,
32,a35ba016ca34892f5841b2de688ce10b5a877aa05872e4d13bd6ca63169aad44,Newton,who_discovered_the_law_of_universal_gravitation_which_accounts_for_why_objects_naturally_fall_downwards_fill_15.wav,filler_other,NA,NA,NA,,,,,,,
32,a35ba016ca34892f5841b2de688ce10b5a877aa05872e4d13bd6ca63169aad44,The question does NOT need any corrections.,which_soft_pastry_made_with_a_certain_spice_is_often_spiral-shaped_and_topped_with_icing_fill_16.wav,filler_other,NA,NA,NA,,,,,,,
32,a35ba016ca34892f5841b2de688ce10b5a877aa05872e4d13bd6ca63169aad44,Cinnamon bun.,which_soft_pastry_made_with_a_certain_spice_is_often_spiral-shaped_and_topped_with_icing_fill_16.wav,filler_other,NA,NA,NA,,,,,,,
32,a35ba016ca34892f5841b2de688ce10b5a877aa05872e4d13bd6ca63169aad44,The question does NOT need any corrections.,what_us_holiday_is_often_celebrated_with_fireworks_and_hotdogs_to_honor_americas_freedom_fill_17.wav,filler_other,NA,NA,NA,,,,,,,
32,a35ba016ca34892f5841b2de688ce10b5a877aa05872e4d13bd6ca63169aad44,4th of July,what_us_holiday_is_often_celebrated_with_fireworks_and_hotdogs_to_honor_americas_freedom_fill_17.wav,filler_other,NA,NA,NA,,,,,,,
32,a35ba016ca34892f5841b2de688ce10b5a877aa05872e4d13bd6ca63169aad44,The question does NOT need any corrections.,which_tropical_fruit_that_grows_on_palm_trees_is_used_for_oils_and_milks_fill_18.wav,filler_other,NA,NA,NA,,,,,,,
32,a35ba016ca34892f5841b2de688ce10b5a877aa05872e4d13bd6ca63169aad44,Coconut,which_tropical_fruit_that_grows_on_palm_trees_is_used_for_oils_and_milks_fill_18.wav,filler_other,NA,NA,NA,,,,,,,
32,a35ba016ca34892f5841b2de688ce10b5a877aa05872e4d13bd6ca63169aad44,The question does NOT need any corrections.,which_season_do_we_associate_with_thanksgiving_the_beginning_of_school_and_leaves_turning_brown_fill_19.wav,filler_other,NA,NA,NA,,,,,,,
32,a35ba016ca34892f5841b2de688ce10b5a877aa05872e4d13bd6ca63169aad44,Fall,which_season_do_we_associate_with_thanksgiving_the_beginning_of_school_and_leaves_turning_brown_fill_19.wav,filler_other,NA,NA,NA,,,,,,,
32,a35ba016ca34892f5841b2de688ce10b5a877aa05872e4d13bd6ca63169aad44,The question needs to be CORRECTED.,what_musician_won_grammys_for_their_album_thriller_which_features_the_hit_song_beat_it_fill_20.wav,filler_other,NA,NA,NA,,,,,,,
32,a35ba016ca34892f5841b2de688ce10b5a877aa05872e4d13bd6ca63169aad44,Michael Jackson. Mispronounced musician.,what_musician_won_grammys_for_their_album_thriller_which_features_the_hit_song_beat_it_fill_20.wav,filler_other,NA,NA,NA,,,,,,,
32,a35ba016ca34892f5841b2de688ce10b5a877aa05872e4d13bd6ca63169aad44,The question does NOT need any corrections.,what_animal_is_typically_white_with_black_spots_and_says_moo_fill_21.wav,filler_other,NA,NA,NA,,,,,,,
32,a35ba016ca34892f5841b2de688ce10b5a877aa05872e4d13bd6ca63169aad44,Cow,what_animal_is_typically_white_with_black_spots_and_says_moo_fill_21.wav,filler_other,NA,NA,NA,,,,,,,
32,a35ba016ca34892f5841b2de688ce10b5a877aa05872e4d13bd6ca63169aad44,The question does NOT need any corrections.,where_do_the_jolly_christmas_icons_santa_claus_and_his_wife_mrs._claus_live_fill_22.wav,filler_other,NA,NA,NA,,,,,,,
32,a35ba016ca34892f5841b2de688ce10b5a877aa05872e4d13bd6ca63169aad44,North Pole,where_do_the_jolly_christmas_icons_santa_claus_and_his_wife_mrs._claus_live_fill_22.wav,filler_other,NA,NA,NA,,,,,,,
32,a35ba016ca34892f5841b2de688ce10b5a877aa05872e4d13bd6ca63169aad44,The question does NOT need any corrections.,in_the_famous_dr_seuss_book_what_orange_and_yellow_character_speaks_for_the_trees_fill_23.wav,filler_other,NA,NA,NA,,,,,,,
32,a35ba016ca34892f5841b2de688ce10b5a877aa05872e4d13bd6ca63169aad44,Lorax,in_the_famous_dr_seuss_book_what_orange_and_yellow_character_speaks_for_the_trees_fill_23.wav,filler_other,NA,NA,NA,,,,,,,
32,a35ba016ca34892f5841b2de688ce10b5a877aa05872e4d13bd6ca63169aad44,The question does NOT need any corrections.,in_what_country_would_you_find_landmarks_like_the_pyramids_of_giza_and_great_sphinx_fill_24.wav,filler_other,NA,NA,NA,,,,,,,
32,a35ba016ca34892f5841b2de688ce10b5a877aa05872e4d13bd6ca63169aad44,Egypt,in_what_country_would_you_find_landmarks_like_the_pyramids_of_giza_and_great_sphinx_fill_24.wav,filler_other,NA,NA,NA,,,,,,,
33,a36bd376cf7cb41a767a6b9f6a04824dca44913f6b75873819d0ff7a44bc4723,The question does NOT need any corrections.,how_many_legs_does_a_dog_normally_have_fill_25.wav,att_check_good,NA,NA,NA,nans,,,a,attention check passed (6/8 correct),JB_1108,
33,a36bd376cf7cb41a767a6b9f6a04824dca44913f6b75873819d0ff7a44bc4723,4,how_many_legs_does_a_dog_normally_have_fill_25.wav,att_check_good,NA,NA,NA,,,,,,,
33,a36bd376cf7cb41a767a6b9f6a04824dca44913f6b75873819d0ff7a44bc4723,The question does NOT need any corrections.,what_state_is_los_angeles_located_in_fill_26.wav,att_check_good,NA,NA,NA,nans,,,a,,JB_1108,
33,a36bd376cf7cb41a767a6b9f6a04824dca44913f6b75873819d0ff7a44bc4723,California,what_state_is_los_angeles_located_in_fill_26.wav,att_check_good,NA,NA,NA,,,,,,,
33,a36bd376cf7cb41a767a6b9f6a04824dca44913f6b75873819d0ff7a44bc4723,The question does NOT need any corrections.,what_day_of_the_week_comes_after_monday_fill_27.wav,att_check_good,NA,NA,NA,nans,,,a,,JB_1108,
33,a36bd376cf7cb41a767a6b9f6a04824dca44913f6b75873819d0ff7a44bc4723,Tuesday,what_day_of_the_week_comes_after_monday_fill_27.wav,att_check_good,NA,NA,NA,,,,,,,
33,a36bd376cf7cb41a767a6b9f6a04824dca44913f6b75873819d0ff7a44bc4723,The question does NOT need any corrections.,what_color_is_a_typical_school_bus_fill_28.wav,att_check_good,NA,NA,NA,nans,,,a,,JB_1108,
33,a36bd376cf7cb41a767a6b9f6a04824dca44913f6b75873819d0ff7a44bc4723,yellow,what_color_is_a_typical_school_bus_fill_28.wav,att_check_good,NA,NA,NA,,,,,,,
33,a36bd376cf7cb41a767a6b9f6a04824dca44913f6b75873819d0ff7a44bc4723,The question needs to be CORRECTED.,in_the_cycle_of_seasons_what_season_comes_after_dinter_fill_29.wav,att_check_err,NA,NA,NA,y,,acheckp,,,JB_1108,
33,a36bd376cf7cb41a767a6b9f6a04824dca44913f6b75873819d0ff7a44bc4723,"Winter not dinter, also summer",in_the_cycle_of_seasons_what_season_comes_after_dinter_fill_29.wav,att_check_err,NA,NA,NA,,,,,,,
33,a36bd376cf7cb41a767a6b9f6a04824dca44913f6b75873819d0ff7a44bc4723,The question does NOT need any corrections.,what_insect_undergoes_a_process_of_change_to_turn_into_a_butterfy_fill_30.wav,att_check_err,NA,NA,NA,nans,,acheckf,,,JB_1108,
33,a36bd376cf7cb41a767a6b9f6a04824dca44913f6b75873819d0ff7a44bc4723,caterpillar,what_insect_undergoes_a_process_of_change_to_turn_into_a_butterfy_fill_30.wav,att_check_err,NA,NA,NA,,,,,,,
33,a36bd376cf7cb41a767a6b9f6a04824dca44913f6b75873819d0ff7a44bc4723,"The question does NOT need any corrections, but I don't know the answer/ I don't understand what the question is asking.",what_is_the_largest_plant_in_the_solar_system_fill_31.wav,att_check_err,NA,NA,NA,nun,,acheckf,,,JB_1108,
33,a36bd376cf7cb41a767a6b9f6a04824dca44913f6b75873819d0ff7a44bc4723,na,what_is_the_largest_plant_in_the_solar_system_fill_31.wav,att_check_err,NA,NA,NA,,,,,,,
33,a36bd376cf7cb41a767a6b9f6a04824dca44913f6b75873819d0ff7a44bc4723,The question needs to be CORRECTED.,how_many_embers_were_in_the_beatles_the_british_rock_band_fill_32.wav,att_check_err,NA,NA,NA,y,,acheckp,,,JB_1108,
33,a36bd376cf7cb41a767a6b9f6a04824dca44913f6b75873819d0ff7a44bc4723,"how many members, not embers, also 4",how_many_embers_were_in_the_beatles_the_british_rock_band_fill_32.wav,att_check_err,NA,NA,NA,,,,,,,
33,a36bd376cf7cb41a767a6b9f6a04824dca44913f6b75873819d0ff7a44bc4723,The question needs to be CORRECTED.,for_what_pink_ice_cream_flavor_wheel_companies_make_their_best_to_use_real_fruit_targ_01_D.wav,target,both_err,make vs. other verb,/ɪ/ --> /i/; will/wheel,y,,other,,"no details, just describes being unable to understand",JB_1108,
33,a36bd376cf7cb41a767a6b9f6a04824dca44913f6b75873819d0ff7a44bc4723,No idea what she is saying grammar is off,for_what_pink_ice_cream_flavor_wheel_companies_make_their_best_to_use_real_fruit_targ_01_D.wav,target,both_err,make vs. other verb,/ɪ/ --> /i/; will/wheel,,,,,,,
33,a36bd376cf7cb41a767a6b9f6a04824dca44913f6b75873819d0ff7a44bc4723,The question does NOT need any corrections.,what_term_refers_to_armored_men_who_enjoyed_carrying_medieval_swords_that_clash_in_combat_targ_02_A.wav,target,correct,infinitive vs. participle,/ʃ/ --> /s/; clash/class,nans,,,,,JB_1108,
33,a36bd376cf7cb41a767a6b9f6a04824dca44913f6b75873819d0ff7a44bc4723,Knight,what_term_refers_to_armored_men_who_enjoyed_carrying_medieval_swords_that_clash_in_combat_targ_02_A.wav,target,correct,infinitive vs. participle,/ʃ/ --> /s/; clash/class,,,,,,,
33,a36bd376cf7cb41a767a6b9f6a04824dca44913f6b75873819d0ff7a44bc4723,The question needs to be CORRECTED.,which_scottish_actor_first_played_james_bond_wearing_guilts_to_red_carpets_when_he_was_32_years_old_targ_03_B.wav,target,phon_err,have vs. be,/k/ --> /g/; kilt/guilt,y,,othernp,,describes issues with grammar but does not say what specifically,JB_1108,
33,a36bd376cf7cb41a767a6b9f6a04824dca44913f6b75873819d0ff7a44bc4723,Grammar needs work doesn't make sense,which_scottish_actor_first_played_james_bond_wearing_guilts_to_red_carpets_when_he_was_32_years_old_targ_03_B.wav,target,phon_err,have vs. be,/k/ --> /g/; kilt/guilt,,,,,,,
33,a36bd376cf7cb41a767a6b9f6a04824dca44913f6b75873819d0ff7a44bc4723,The question does NOT need any corrections.,what_neil_armstrong_say_during_his_very_first_steps_on_the_moon_targ_04_C.wav,target,non_phon_err,no aux verbs in questions (lack of do support),/v/ --> /b/; very/berry,nans,,,,,JB_1108,
33,a36bd376cf7cb41a767a6b9f6a04824dca44913f6b75873819d0ff7a44bc4723,"One small step for man, one giant leap for mankind",what_neil_armstrong_say_during_his_very_first_steps_on_the_moon_targ_04_C.wav,target,non_phon_err,no aux verbs in questions (lack of do support),/v/ --> /b/; very/berry,,,,,,,
33,a36bd376cf7cb41a767a6b9f6a04824dca44913f6b75873819d0ff7a44bc4723,The question needs to be CORRECTED.,what_kind_of_weather_cooed_cooled_occur_when_is_raining_and_below_freezing_targ_05_D.wav,target,both_err,expletive 'it' dropping,/ʊ/ --> /u/; could/cooed,y,,p,,,JB_1108,
33,a36bd376cf7cb41a767a6b9f6a04824dca44913f6b75873819d0ff7a44bc4723,Snowing: what kind of weather COULD occur when it's below freezing. could is pronounced incorrectly,what_kind_of_weather_cooed_cooled_occur_when_is_raining_and_below_freezing_targ_05_D.wav,target,both_err,expletive 'it' dropping,/ʊ/ --> /u/; could/cooed,,,,,,,
33,a36bd376cf7cb41a767a6b9f6a04824dca44913f6b75873819d0ff7a44bc4723,"The question does NOT need any corrections, but I don't know the answer/ I don't understand what the question is asking.",how_many_legs_does_a_canadian_garden_spider_whose_silk_can_make_cloth_have_targ_06_A.wav,target,correct,adj/noun order,/θ/ --> /t/; cloth/clot,nun,,,,,JB_1108,
33,a36bd376cf7cb41a767a6b9f6a04824dca44913f6b75873819d0ff7a44bc4723,NA,how_many_legs_does_a_canadian_garden_spider_whose_silk_can_make_cloth_have_targ_06_A.wav,target,correct,adj/noun order,/θ/ --> /t/; cloth/clot,,,,,,,
33,a36bd376cf7cb41a767a6b9f6a04824dca44913f6b75873819d0ff7a44bc4723,The question does NOT need any corrections.,what_childrens_game_makes_people_seat_down_quickly_when_the_loud_music_stops_targ_07_B.wav,target,phon_err,adj/noun order,/ɪ/ --> /i/; sit/seat,nans,,,,,JB_1108,
33,a36bd376cf7cb41a767a6b9f6a04824dca44913f6b75873819d0ff7a44bc4723,Musical Chairs,what_childrens_game_makes_people_seat_down_quickly_when_the_loud_music_stops_targ_07_B.wav,target,phon_err,adj/noun order,/ɪ/ --> /i/; sit/seat,,,,,,,
33,a36bd376cf7cb41a767a6b9f6a04824dca44913f6b75873819d0ff7a44bc4723,The question does NOT need any corrections.,because_is_important_to_honor_the_irish_saint_what_holiday_occurs_on_march_17th_targ_08_C.wav,target,non_phon_err,expletive 'it' dropping,/ʃ/ --> /s/; Irish/iris,nans,,,,,JB_1108,
33,a36bd376cf7cb41a767a6b9f6a04824dca44913f6b75873819d0ff7a44bc4723,st patricks day,because_is_important_to_honor_the_irish_saint_what_holiday_occurs_on_march_17th_targ_08_C.wav,target,non_phon_err,expletive 'it' dropping,/ʃ/ --> /s/; Irish/iris,,,,,,,
33,a36bd376cf7cb41a767a6b9f6a04824dca44913f6b75873819d0ff7a44bc4723,The question needs to be CORRECTED.,if_laundry_service_will_gum_in_five_days_and_todays_thursday_when_are_they_making_laundry_next_targ_09_D.wav,target,both_err,make vs. other verb,/k/ --> /g/; come/gum,y,,np,,,JB_1108,
33,a36bd376cf7cb41a767a6b9f6a04824dca44913f6b75873819d0ff7a44bc4723,Friday; when are they delivering laundry next not making,if_laundry_service_will_gum_in_five_days_and_todays_thursday_when_are_they_making_laundry_next_targ_09_D.wav,target,both_err,make vs. other verb,/k/ --> /g/; come/gum,,,,,,,
33,a36bd376cf7cb41a767a6b9f6a04824dca44913f6b75873819d0ff7a44bc4723,The question does NOT need any corrections.,who_did_americans_vote_for_to_be_their_first_president_who_avoided_serving_three_terms_targ_10_A.wav,target,correct,infinitive vs. participle,/v/ --> /b/; vote/boat,nans,,,,,JB_1108,
33,a36bd376cf7cb41a767a6b9f6a04824dca44913f6b75873819d0ff7a44bc4723,george washington,who_did_americans_vote_for_to_be_their_first_president_who_avoided_serving_three_terms_targ_10_A.wav,target,correct,infinitive vs. participle,/v/ --> /b/; vote/boat,,,,,,,
33,a36bd376cf7cb41a767a6b9f6a04824dca44913f6b75873819d0ff7a44bc4723,The question does NOT need any corrections.,what_colors_can_be_on_a_traffic_light_which_often_senses_when_cars_pool_up_targ_11_B.wav,target,phon_err,have vs. be,/ʊ/ --> /u/; pulls/pools,nans,,,,,JB_1108,
33,a36bd376cf7cb41a767a6b9f6a04824dca44913f6b75873819d0ff7a44bc4723,"red, yellow, green",what_colors_can_be_on_a_traffic_light_which_often_senses_when_cars_pool_up_targ_11_B.wav,target,phon_err,have vs. be,/ʊ/ --> /u/; pulls/pools,,,,,,,
33,a36bd376cf7cb41a767a6b9f6a04824dca44913f6b75873819d0ff7a44bc4723,"The question does NOT need any corrections, but I don't know the answer/ I don't understand what the question is asking.",if_youre_on_a_path_from_california_to_hawaii_which_ocean_you_go_through_targ_12_C.wav,target,non_phon_err,no aux verbs in questions (lack of do support),/θ/ --> /t/; path/pat,nun,,,,,JB_1108,
33,a36bd376cf7cb41a767a6b9f6a04824dca44913f6b75873819d0ff7a44bc4723,NA,if_youre_on_a_path_from_california_to_hawaii_which_ocean_you_go_through_targ_12_C.wav,target,non_phon_err,no aux verbs in questions (lack of do support),/θ/ --> /t/; path/pat,,,,,,,
33,a36bd376cf7cb41a767a6b9f6a04824dca44913f6b75873819d0ff7a44bc4723,The question needs to be CORRECTED.,what_supplies_you_need_to_neat_a_scarf_targ_13_D.wav,target,both_err,no aux verbs in questions (lack of do support),/ɪ/ --> /i/; knit/neat,y,,p,,"when giving correct version of sentence, participant adds ""do"" but does not mention its absence - coding as just p",JB_1108,
33,a36bd376cf7cb41a767a6b9f6a04824dca44913f6b75873819d0ff7a44bc4723,"what supplies do you need to knit a scarf, knit is pronounced need. String",what_supplies_you_need_to_neat_a_scarf_targ_13_D.wav,target,both_err,no aux verbs in questions (lack of do support),/ɪ/ --> /i/; knit/neat,,,,,,,
33,a36bd376cf7cb41a767a6b9f6a04824dca44913f6b75873819d0ff7a44bc4723,The question needs to be CORRECTED.,what_city_have_people_rushed_to_tour_to_see_where_the_us_government_does_business_targ_14_A.wav,target,correct,make vs. other verb,/ʃ/ --> /s/; rushed/rust,y,,othernp,,finds sentence ungrammatical in general,JB_1108,
33,a36bd376cf7cb41a767a6b9f6a04824dca44913f6b75873819d0ff7a44bc4723,"What city do people rush to see, washington dc. grammar is wrong",what_city_have_people_rushed_to_tour_to_see_where_the_us_government_does_business_targ_14_A.wav,target,correct,make vs. other verb,/ʃ/ --> /s/; rushed/rust,,,,,,,
33,a36bd376cf7cb41a767a6b9f6a04824dca44913f6b75873819d0ff7a44bc4723,The question needs to be CORRECTED.,what_colors_make_up_a_traditional_candy_gain_which_people_enjoy_eating_during_christmas_targ_15_B.wav,target,phon_err,infinitive vs. participle,/k/ --> /g/; cane/gain,y,,p,,,JB_1108,
33,a36bd376cf7cb41a767a6b9f6a04824dca44913f6b75873819d0ff7a44bc4723,"candy CANE , not candy gain",what_colors_make_up_a_traditional_candy_gain_which_people_enjoy_eating_during_christmas_targ_15_B.wav,target,phon_err,infinitive vs. participle,/k/ --> /g/; cane/gain,,,,,,,
33,a36bd376cf7cb41a767a6b9f6a04824dca44913f6b75873819d0ff7a44bc4723,The question does NOT need any corrections.,where_do_people_get_drivers_licenses_since_is_required_as_valid_id_to_drive_targ_16_C.wav,target,non_phon_err,expletive 'it' dropping,/v/ --> /b/; valid/ballad,nans,,,,,JB_1108,
33,a36bd376cf7cb41a767a6b9f6a04824dca44913f6b75873819d0ff7a44bc4723,DMV,where_do_people_get_drivers_licenses_since_is_required_as_valid_id_to_drive_targ_16_C.wav,target,non_phon_err,expletive 'it' dropping,/v/ --> /b/; valid/ballad,,,,,,,
33,a36bd376cf7cb41a767a6b9f6a04824dca44913f6b75873819d0ff7a44bc4723,The question does NOT need any corrections.,how_many_days_wooed_wooled_my_bike_tandem_be_gone_if_someone_borrows_it_for_july_targ_17_D.wav,target,both_err,adj/noun order,/ʊ/ --> /u/; would/wooed,nans,,,,,JB_1108,
33,a36bd376cf7cb41a767a6b9f6a04824dca44913f6b75873819d0ff7a44bc4723,31 days?,how_many_days_wooed_wooled_my_bike_tandem_be_gone_if_someone_borrows_it_for_july_targ_17_D.wav,target,both_err,adj/noun order,/ʊ/ --> /u/; would/wooed,,,,,,,
33,a36bd376cf7cb41a767a6b9f6a04824dca44913f6b75873819d0ff7a44bc4723,The question does NOT need any corrections.,when_you_are_hot_what_device_measures_body_temperature_in_both_celsius_and_fahrenheit_targ_18_A.wav,target,correct,have vs. be,/θ/ --> /t/; both/boat,nans,,,,,JB_1108,
33,a36bd376cf7cb41a767a6b9f6a04824dca44913f6b75873819d0ff7a44bc4723,Thermometer,when_you_are_hot_what_device_measures_body_temperature_in_both_celsius_and_fahrenheit_targ_18_A.wav,target,correct,have vs. be,/θ/ --> /t/; both/boat,,,,,,,
33,a36bd376cf7cb41a767a6b9f6a04824dca44913f6b75873819d0ff7a44bc4723,"The question does NOT need any corrections, but I don't know the answer/ I don't understand what the question is asking.",what_big_star_in_our_solar_system_can_steal_be_visible_when_it_is_cloudy_targ_19_B.wav,target,phon_err,expletive 'it' dropping,/ɪ/ --> /i/; still/steal,nun,,,,,JB_1108,
33,a36bd376cf7cb41a767a6b9f6a04824dca44913f6b75873819d0ff7a44bc4723,NA,what_big_star_in_our_solar_system_can_steal_be_visible_when_it_is_cloudy_targ_19_B.wav,target,phon_err,expletive 'it' dropping,/ɪ/ --> /i/; still/steal,,,,,,,
33,a36bd376cf7cb41a767a6b9f6a04824dca44913f6b75873819d0ff7a44bc4723,The question does NOT need any corrections.,what_popular_us_chain_provides_a_happy_meal_toy_or_plush_when_kids_have_hungry_targ_20_C.wav,target,non_phon_err,have vs. be,/ʃ/ --> /s/; plush/plus,nans,,,,,JB_1108,
33,a36bd376cf7cb41a767a6b9f6a04824dca44913f6b75873819d0ff7a44bc4723,mcdonalds,what_popular_us_chain_provides_a_happy_meal_toy_or_plush_when_kids_have_hungry_targ_20_C.wav,target,non_phon_err,have vs. be,/ʃ/ --> /s/; plush/plus,,,,,,,
33,a36bd376cf7cb41a767a6b9f6a04824dca44913f6b75873819d0ff7a44bc4723,"The question does NOT need any corrections, but I don't know the answer/ I don't understand what the question is asking.",in_the_lion_king_who_nala_talk_to_and_is_laying_in_a_got_after_theyve_reunited_targ_21_D.wav,target,both_err,no aux verbs in questions (lack of do support),/k/ --> /g/; cot/got,nun,,,,,JB_1108,
33,a36bd376cf7cb41a767a6b9f6a04824dca44913f6b75873819d0ff7a44bc4723,NA,in_the_lion_king_who_nala_talk_to_and_is_laying_in_a_got_after_theyve_reunited_targ_21_D.wav,target,both_err,no aux verbs in questions (lack of do support),/k/ --> /g/; cot/got,,,,,,,
33,a36bd376cf7cb41a767a6b9f6a04824dca44913f6b75873819d0ff7a44bc4723,The question does NOT need any corrections.,if_a_hardworking_janitor_cleaned_a_vent_in_five_minutes_how_many_seconds_is_that_targ_22_A.wav,target,correct,adj/noun order,/v/ --> /b/; vent/bent,nans,,,,,JB_1108,
33,a36bd376cf7cb41a767a6b9f6a04824dca44913f6b75873819d0ff7a44bc4723,300,if_a_hardworking_janitor_cleaned_a_vent_in_five_minutes_how_many_seconds_is_that_targ_22_A.wav,target,correct,adj/noun order,/v/ --> /b/; vent/bent,,,,,,,
33,a36bd376cf7cb41a767a6b9f6a04824dca44913f6b75873819d0ff7a44bc4723,The question does NOT need any corrections.,what_company_created_the_macbook_a_device_fool_of_features_to_help_students_do_homework_targ_23_B.wav,target,phon_err,make vs. other verb,/ʊ/ --> /u/; full/fool,nans,,,,,JB_1108,
33,a36bd376cf7cb41a767a6b9f6a04824dca44913f6b75873819d0ff7a44bc4723,Apple,what_company_created_the_macbook_a_device_fool_of_features_to_help_students_do_homework_targ_23_B.wav,target,phon_err,make vs. other verb,/ʊ/ --> /u/; full/fool,,,,,,,
33,a36bd376cf7cb41a767a6b9f6a04824dca44913f6b75873819d0ff7a44bc4723,The question does NOT need any corrections.,if_i_consider_to_leave_work_after_the_fourth_hour_how_many_minutes_would_that_be_targ_24_C.wav,target,non_phon_err,infinitive vs. participle,/θ/ --> /t/; fourth/fort,nans,,,,,JB_1108,
33,a36bd376cf7cb41a767a6b9f6a04824dca44913f6b75873819d0ff7a44bc4723,240 minutes,if_i_consider_to_leave_work_after_the_fourth_hour_how_many_minutes_would_that_be_targ_24_C.wav,target,non_phon_err,infinitive vs. participle,/θ/ --> /t/; fourth/fort,,,,,,,
33,a36bd376cf7cb41a767a6b9f6a04824dca44913f6b75873819d0ff7a44bc4723,The question does NOT need any corrections.,what_letter_in_the_latin_alphabet_corresponds_to_the_greek_letter_alpha_fill_01.wav,filler_other,NA,NA,NA,nans,,,,,JB_1108,
33,a36bd376cf7cb41a767a6b9f6a04824dca44913f6b75873819d0ff7a44bc4723,A,what_letter_in_the_latin_alphabet_corresponds_to_the_greek_letter_alpha_fill_01.wav,filler_other,NA,NA,NA,,,,,,,
33,a36bd376cf7cb41a767a6b9f6a04824dca44913f6b75873819d0ff7a44bc4723,The question does NOT need any corrections.,what_organ_is_often_associated_with_being_eaten_by_rotting_flesh_monsters_also_known_as_zombies_fill_02.wav,filler_other,NA,NA,NA,nans,,,,,JB_1108,
33,a36bd376cf7cb41a767a6b9f6a04824dca44913f6b75873819d0ff7a44bc4723,brain,what_organ_is_often_associated_with_being_eaten_by_rotting_flesh_monsters_also_known_as_zombies_fill_02.wav,filler_other,NA,NA,NA,,,,,,,
33,a36bd376cf7cb41a767a6b9f6a04824dca44913f6b75873819d0ff7a44bc4723,"The question does NOT need any corrections, but I don't know the answer/ I don't understand what the question is asking.",which_british_celebrity_judge_often_harshly_critiqued_contestants_on_the_nationwide_singing_contest_american_idol_fill_03.wav,filler_other,NA,NA,NA,nun,,,,,JB_1108,
33,a36bd376cf7cb41a767a6b9f6a04824dca44913f6b75873819d0ff7a44bc4723,na,which_british_celebrity_judge_often_harshly_critiqued_contestants_on_the_nationwide_singing_contest_american_idol_fill_03.wav,filler_other,NA,NA,NA,,,,,,,
33,a36bd376cf7cb41a767a6b9f6a04824dca44913f6b75873819d0ff7a44bc4723,The question does NOT need any corrections.,which_cartoon_character_works_at_the_krusty_krab_and_is_best_friends_with_patrick_star_fill_04.wav,filler_other,NA,NA,NA,nun,,,,nans response but mentions they weren't sure,JB_1108,
33,a36bd376cf7cb41a767a6b9f6a04824dca44913f6b75873819d0ff7a44bc4723,Not sure Didn't mean to select this option,which_cartoon_character_works_at_the_krusty_krab_and_is_best_friends_with_patrick_star_fill_04.wav,filler_other,NA,NA,NA,,,,,,,
33,a36bd376cf7cb41a767a6b9f6a04824dca44913f6b75873819d0ff7a44bc4723,The question does NOT need any corrections.,which_body_part_did_van_gogh_allegedly_cut_off_after_an_argument_with_his_friend_fill_05.wav,filler_other,NA,NA,NA,nans,,,,,JB_1108,
33,a36bd376cf7cb41a767a6b9f6a04824dca44913f6b75873819d0ff7a44bc4723,His ear,which_body_part_did_van_gogh_allegedly_cut_off_after_an_argument_with_his_friend_fill_05.wav,filler_other,NA,NA,NA,,,,,,,
33,a36bd376cf7cb41a767a6b9f6a04824dca44913f6b75873819d0ff7a44bc4723,The question does NOT need any corrections.,what_is_the_name_of_the_comic_strip_featuring_charlie_brown_and_his_dog_snoopy_fill_06.wav,filler_other,NA,NA,NA,nans,,,,,JB_1108,
33,a36bd376cf7cb41a767a6b9f6a04824dca44913f6b75873819d0ff7a44bc4723,Peanuts,what_is_the_name_of_the_comic_strip_featuring_charlie_brown_and_his_dog_snoopy_fill_06.wav,filler_other,NA,NA,NA,,,,,,,
33,a36bd376cf7cb41a767a6b9f6a04824dca44913f6b75873819d0ff7a44bc4723,The question does NOT need any corrections.,what_holiday_occurs_at_the_end_of_october_and_features_trick-or-treating_pumpkins_and_haunted_houses_fill_07.wav,filler_other,NA,NA,NA,nans,,,,,JB_1108,
33,a36bd376cf7cb41a767a6b9f6a04824dca44913f6b75873819d0ff7a44bc4723,Halloween,what_holiday_occurs_at_the_end_of_october_and_features_trick-or-treating_pumpkins_and_haunted_houses_fill_07.wav,filler_other,NA,NA,NA,,,,,,,
33,a36bd376cf7cb41a767a6b9f6a04824dca44913f6b75873819d0ff7a44bc4723,The question does NOT need any corrections.,what_is_the_name_of_the_video_game_character_who_is_a_traveling_italian_plumber_fill_08.wav,filler_other,NA,NA,NA,nans,,,,,JB_1108,
33,a36bd376cf7cb41a767a6b9f6a04824dca44913f6b75873819d0ff7a44bc4723,Mario,what_is_the_name_of_the_video_game_character_who_is_a_traveling_italian_plumber_fill_08.wav,filler_other,NA,NA,NA,,,,,,,
33,a36bd376cf7cb41a767a6b9f6a04824dca44913f6b75873819d0ff7a44bc4723,The question does NOT need any corrections.,what_kind_of_animal_is_mickey_mouse’s_girlfriend_minnie_who_wears_a_bow_fill_09.wav,filler_other,NA,NA,NA,nans,,,,,JB_1108,
33,a36bd376cf7cb41a767a6b9f6a04824dca44913f6b75873819d0ff7a44bc4723,mouse,what_kind_of_animal_is_mickey_mouse’s_girlfriend_minnie_who_wears_a_bow_fill_09.wav,filler_other,NA,NA,NA,,,,,,,
33,a36bd376cf7cb41a767a6b9f6a04824dca44913f6b75873819d0ff7a44bc4723,The question does NOT need any corrections.,which_cartoon_dog_solves_mysteries_with_the_group_fred_daphne_velma_and_shaggy_fill_10.wav,filler_other,NA,NA,NA,nans,,,,,JB_1108,
33,a36bd376cf7cb41a767a6b9f6a04824dca44913f6b75873819d0ff7a44bc4723,Mystery Gang,which_cartoon_dog_solves_mysteries_with_the_group_fred_daphne_velma_and_shaggy_fill_10.wav,filler_other,NA,NA,NA,,,,,,,
33,a36bd376cf7cb41a767a6b9f6a04824dca44913f6b75873819d0ff7a44bc4723,"The question does NOT need any corrections, but I don't know the answer/ I don't understand what the question is asking.",which_fast_food_chain_offers_foot-long_sandwiches_and_has_the_slogan_eat_fresh_fill_11.wav,filler_other,NA,NA,NA,nun,,,,,JB_1108,
33,a36bd376cf7cb41a767a6b9f6a04824dca44913f6b75873819d0ff7a44bc4723,na,which_fast_food_chain_offers_foot-long_sandwiches_and_has_the_slogan_eat_fresh_fill_11.wav,filler_other,NA,NA,NA,,,,,,,
33,a36bd376cf7cb41a767a6b9f6a04824dca44913f6b75873819d0ff7a44bc4723,The question does NOT need any corrections.,which_oscar-winning_movie_features_tom_hanks_saying_life_is_like_a_box_of_chocolates_fill_12.wav,filler_other,NA,NA,NA,nans,,,,,JB_1108,
33,a36bd376cf7cb41a767a6b9f6a04824dca44913f6b75873819d0ff7a44bc4723,Forrest Gump,which_oscar-winning_movie_features_tom_hanks_saying_life_is_like_a_box_of_chocolates_fill_12.wav,filler_other,NA,NA,NA,,,,,,,
33,a36bd376cf7cb41a767a6b9f6a04824dca44913f6b75873819d0ff7a44bc4723,"The question does NOT need any corrections, but I don't know the answer/ I don't understand what the question is asking.",what_novel_has_the_quote_i’m_late_i’m_late_for_a_very_important_date_fill_13.wav,filler_other,NA,NA,NA,nun,,,,,JB_1108,
33,a36bd376cf7cb41a767a6b9f6a04824dca44913f6b75873819d0ff7a44bc4723,NA,what_novel_has_the_quote_i’m_late_i’m_late_for_a_very_important_date_fill_13.wav,filler_other,NA,NA,NA,,,,,,,
33,a36bd376cf7cb41a767a6b9f6a04824dca44913f6b75873819d0ff7a44bc4723,The question does NOT need any corrections.,what_mythical_creatures_have_been_said_to_drink_blood_turn_into_bats_and_hate_onions_fill_14.wav,filler_other,NA,NA,NA,nans,,,,,JB_1108,
33,a36bd376cf7cb41a767a6b9f6a04824dca44913f6b75873819d0ff7a44bc4723,Vampire,what_mythical_creatures_have_been_said_to_drink_blood_turn_into_bats_and_hate_onions_fill_14.wav,filler_other,NA,NA,NA,,,,,,,
33,a36bd376cf7cb41a767a6b9f6a04824dca44913f6b75873819d0ff7a44bc4723,The question does NOT need any corrections.,who_discovered_the_law_of_universal_gravitation_which_accounts_for_why_objects_naturally_fall_downwards_fill_15.wav,filler_other,NA,NA,NA,nans,,,,,JB_1108,
33,a36bd376cf7cb41a767a6b9f6a04824dca44913f6b75873819d0ff7a44bc4723,Newtons third law,who_discovered_the_law_of_universal_gravitation_which_accounts_for_why_objects_naturally_fall_downwards_fill_15.wav,filler_other,NA,NA,NA,,,,,,,
33,a36bd376cf7cb41a767a6b9f6a04824dca44913f6b75873819d0ff7a44bc4723,The question does NOT need any corrections.,which_soft_pastry_made_with_a_certain_spice_is_often_spiral-shaped_and_topped_with_icing_fill_16.wav,filler_other,NA,NA,NA,nans,,,,,JB_1108,
33,a36bd376cf7cb41a767a6b9f6a04824dca44913f6b75873819d0ff7a44bc4723,cinnamon roll,which_soft_pastry_made_with_a_certain_spice_is_often_spiral-shaped_and_topped_with_icing_fill_16.wav,filler_other,NA,NA,NA,,,,,,,
33,a36bd376cf7cb41a767a6b9f6a04824dca44913f6b75873819d0ff7a44bc4723,The question does NOT need any corrections.,what_us_holiday_is_often_celebrated_with_fireworks_and_hotdogs_to_honor_americas_freedom_fill_17.wav,filler_other,NA,NA,NA,nans,,,,,JB_1108,
33,a36bd376cf7cb41a767a6b9f6a04824dca44913f6b75873819d0ff7a44bc4723,4th of July,what_us_holiday_is_often_celebrated_with_fireworks_and_hotdogs_to_honor_americas_freedom_fill_17.wav,filler_other,NA,NA,NA,,,,,,,
33,a36bd376cf7cb41a767a6b9f6a04824dca44913f6b75873819d0ff7a44bc4723,The question does NOT need any corrections.,which_tropical_fruit_that_grows_on_palm_trees_is_used_for_oils_and_milks_fill_18.wav,filler_other,NA,NA,NA,nans,,,,,JB_1108,
33,a36bd376cf7cb41a767a6b9f6a04824dca44913f6b75873819d0ff7a44bc4723,Coconut,which_tropical_fruit_that_grows_on_palm_trees_is_used_for_oils_and_milks_fill_18.wav,filler_other,NA,NA,NA,,,,,,,
33,a36bd376cf7cb41a767a6b9f6a04824dca44913f6b75873819d0ff7a44bc4723,The question needs to be CORRECTED.,which_season_do_we_associate_with_thanksgiving_the_beginning_of_school_and_leaves_turning_brown_fill_19.wav,filler_other,NA,NA,NA,y,,otherp,,,JB_1108,
33,a36bd376cf7cb41a767a6b9f6a04824dca44913f6b75873819d0ff7a44bc4723,"Season is pronounced incorrectly, its fall",which_season_do_we_associate_with_thanksgiving_the_beginning_of_school_and_leaves_turning_brown_fill_19.wav,filler_other,NA,NA,NA,,,,,,,
33,a36bd376cf7cb41a767a6b9f6a04824dca44913f6b75873819d0ff7a44bc4723,I’m good — skip to the next question,what_musician_won_grammys_for_their_album_thriller_which_features_the_hit_song_beat_it_fill_20.wav,filler_other,NA,NA,NA,s,,,,,JB_1108,
33,a36bd376cf7cb41a767a6b9f6a04824dca44913f6b75873819d0ff7a44bc4723,NA,what_musician_won_grammys_for_their_album_thriller_which_features_the_hit_song_beat_it_fill_20.wav,filler_other,NA,NA,NA,,,,,,,
33,a36bd376cf7cb41a767a6b9f6a04824dca44913f6b75873819d0ff7a44bc4723,"The question does NOT need any corrections, but I don't know the answer/ I don't understand what the question is asking.",what_animal_is_typically_white_with_black_spots_and_says_moo_fill_21.wav,filler_other,NA,NA,NA,nun,,,,,JB_1108,
33,a36bd376cf7cb41a767a6b9f6a04824dca44913f6b75873819d0ff7a44bc4723,na,what_animal_is_typically_white_with_black_spots_and_says_moo_fill_21.wav,filler_other,NA,NA,NA,,,,,,,
33,a36bd376cf7cb41a767a6b9f6a04824dca44913f6b75873819d0ff7a44bc4723,The question does NOT need any corrections.,where_do_the_jolly_christmas_icons_santa_claus_and_his_wife_mrs._claus_live_fill_22.wav,filler_other,NA,NA,NA,nans,,,,,JB_1108,
33,a36bd376cf7cb41a767a6b9f6a04824dca44913f6b75873819d0ff7a44bc4723,The north pole,where_do_the_jolly_christmas_icons_santa_claus_and_his_wife_mrs._claus_live_fill_22.wav,filler_other,NA,NA,NA,,,,,,,
33,a36bd376cf7cb41a767a6b9f6a04824dca44913f6b75873819d0ff7a44bc4723,The question does NOT need any corrections.,in_the_famous_dr_seuss_book_what_orange_and_yellow_character_speaks_for_the_trees_fill_23.wav,filler_other,NA,NA,NA,nans,,,,,JB_1108,
33,a36bd376cf7cb41a767a6b9f6a04824dca44913f6b75873819d0ff7a44bc4723,The lorax,in_the_famous_dr_seuss_book_what_orange_and_yellow_character_speaks_for_the_trees_fill_23.wav,filler_other,NA,NA,NA,,,,,,,
33,a36bd376cf7cb41a767a6b9f6a04824dca44913f6b75873819d0ff7a44bc4723,The question does NOT need any corrections.,in_what_country_would_you_find_landmarks_like_the_pyramids_of_giza_and_great_sphinx_fill_24.wav,filler_other,NA,NA,NA,nans,,,,,JB_1108,
33,a36bd376cf7cb41a767a6b9f6a04824dca44913f6b75873819d0ff7a44bc4723,Egypt,in_what_country_would_you_find_landmarks_like_the_pyramids_of_giza_and_great_sphinx_fill_24.wav,filler_other,NA,NA,NA,,,,,,,
34,a6a02cc28c2d520c347acb9edfad4236f8635b44c65a9a0ae70e6fb76bc78f0c,The question does NOT need any corrections.,how_many_legs_does_a_dog_normally_have_fill_25.wav,att_check_good,NA,NA,NA,nans,,,a,attention check passed (8/8 correct),JB_1108,
34,a6a02cc28c2d520c347acb9edfad4236f8635b44c65a9a0ae70e6fb76bc78f0c,4,how_many_legs_does_a_dog_normally_have_fill_25.wav,att_check_good,NA,NA,NA,,,,,,,
34,a6a02cc28c2d520c347acb9edfad4236f8635b44c65a9a0ae70e6fb76bc78f0c,The question does NOT need any corrections.,what_state_is_los_angeles_located_in_fill_26.wav,att_check_good,NA,NA,NA,nans,,,a,,JB_1108,
34,a6a02cc28c2d520c347acb9edfad4236f8635b44c65a9a0ae70e6fb76bc78f0c,California,what_state_is_los_angeles_located_in_fill_26.wav,att_check_good,NA,NA,NA,,,,,,,
34,a6a02cc28c2d520c347acb9edfad4236f8635b44c65a9a0ae70e6fb76bc78f0c,The question does NOT need any corrections.,what_day_of_the_week_comes_after_monday_fill_27.wav,att_check_good,NA,NA,NA,nans,,,a,,JB_1108,
34,a6a02cc28c2d520c347acb9edfad4236f8635b44c65a9a0ae70e6fb76bc78f0c,Tuesday,what_day_of_the_week_comes_after_monday_fill_27.wav,att_check_good,NA,NA,NA,,,,,,,
34,a6a02cc28c2d520c347acb9edfad4236f8635b44c65a9a0ae70e6fb76bc78f0c,The question does NOT need any corrections.,what_color_is_a_typical_school_bus_fill_28.wav,att_check_good,NA,NA,NA,nans,,,a,,JB_1108,
34,a6a02cc28c2d520c347acb9edfad4236f8635b44c65a9a0ae70e6fb76bc78f0c,Yellow,what_color_is_a_typical_school_bus_fill_28.wav,att_check_good,NA,NA,NA,,,,,,,
34,a6a02cc28c2d520c347acb9edfad4236f8635b44c65a9a0ae70e6fb76bc78f0c,The question needs to be CORRECTED.,in_the_cycle_of_seasons_what_season_comes_after_dinter_fill_29.wav,att_check_err,NA,NA,NA,y,,acheckp,,,JB_1108,
34,a6a02cc28c2d520c347acb9edfad4236f8635b44c65a9a0ae70e6fb76bc78f0c,"Spring - should be ""winter"" instead of ""dinter""",in_the_cycle_of_seasons_what_season_comes_after_dinter_fill_29.wav,att_check_err,NA,NA,NA,,,,,,,
34,a6a02cc28c2d520c347acb9edfad4236f8635b44c65a9a0ae70e6fb76bc78f0c,The question needs to be CORRECTED.,what_insect_undergoes_a_process_of_change_to_turn_into_a_butterfy_fill_30.wav,att_check_err,NA,NA,NA,y,,acheckp,,,JB_1108,
34,a6a02cc28c2d520c347acb9edfad4236f8635b44c65a9a0ae70e6fb76bc78f0c,"Caterpillar - should be ""butterfly"" instead of ""butterfy""",what_insect_undergoes_a_process_of_change_to_turn_into_a_butterfy_fill_30.wav,att_check_err,NA,NA,NA,,,,,,,
34,a6a02cc28c2d520c347acb9edfad4236f8635b44c65a9a0ae70e6fb76bc78f0c,The question needs to be CORRECTED.,what_is_the_largest_plant_in_the_solar_system_fill_31.wav,att_check_err,NA,NA,NA,y,,acheckp,,,JB_1108,
34,a6a02cc28c2d520c347acb9edfad4236f8635b44c65a9a0ae70e6fb76bc78f0c,"Jupiter - should be ""planet"" instead of ""plant""",what_is_the_largest_plant_in_the_solar_system_fill_31.wav,att_check_err,NA,NA,NA,,,,,,,
34,a6a02cc28c2d520c347acb9edfad4236f8635b44c65a9a0ae70e6fb76bc78f0c,The question needs to be CORRECTED.,how_many_embers_were_in_the_beatles_the_british_rock_band_fill_32.wav,att_check_err,NA,NA,NA,y,,acheckp,,,JB_1108,
34,a6a02cc28c2d520c347acb9edfad4236f8635b44c65a9a0ae70e6fb76bc78f0c,"4 - It sounds like she says ""embers"" instead of ""members""",how_many_embers_were_in_the_beatles_the_british_rock_band_fill_32.wav,att_check_err,NA,NA,NA,,,,,,,
34,a6a02cc28c2d520c347acb9edfad4236f8635b44c65a9a0ae70e6fb76bc78f0c,The question does NOT need any corrections.,for_what_pink_ice_cream_flavor_wheel_companies_do_their_best_to_use_real_fruit_targ_01_B.wav,target,phon_err,make vs. other verb,/ɪ/ --> /i/; will/wheel,nans,,,,,JB_1108,
34,a6a02cc28c2d520c347acb9edfad4236f8635b44c65a9a0ae70e6fb76bc78f0c,Strawberry,for_what_pink_ice_cream_flavor_wheel_companies_do_their_best_to_use_real_fruit_targ_01_B.wav,target,phon_err,make vs. other verb,/ɪ/ --> /i/; will/wheel,,,,,,,
34,a6a02cc28c2d520c347acb9edfad4236f8635b44c65a9a0ae70e6fb76bc78f0c,The question needs to be CORRECTED.,what_term_refers_to_armored_men_who_enjoyed_to_carry_medieval_swords_that_clash_in_combat_targ_02_C.wav,target,non_phon_err,infinitive vs. participle,/ʃ/ --> /s/; clash/class,y,,np,,,JB_1108,
34,a6a02cc28c2d520c347acb9edfad4236f8635b44c65a9a0ae70e6fb76bc78f0c,"Knights - should be ""enjoyed carrying"" instead of ""enjoyed to carry""",what_term_refers_to_armored_men_who_enjoyed_to_carry_medieval_swords_that_clash_in_combat_targ_02_C.wav,target,non_phon_err,infinitive vs. participle,/ʃ/ --> /s/; clash/class,,,,,,,
34,a6a02cc28c2d520c347acb9edfad4236f8635b44c65a9a0ae70e6fb76bc78f0c,The question needs to be CORRECTED.,which_scottish_actor_first_played_james_bond_wearing_guilts_to_red_carpets_when_he_had_32_years_old_targ_03_D.wav,target,both_err,have vs. be,/k/ --> /g/; kilt/guilt,y,,both?,,"definitely notices np error, seems to notice p error but does not explicitly describe what is wrong",JB_1108,
34,a6a02cc28c2d520c347acb9edfad4236f8635b44c65a9a0ae70e6fb76bc78f0c,"Daniel Craig - the question should say ""when he was 32 years old"" instead of ""when he has 32 years old"". It was also hard to understand the word ""kilts""",which_scottish_actor_first_played_james_bond_wearing_guilts_to_red_carpets_when_he_had_32_years_old_targ_03_D.wav,target,both_err,have vs. be,/k/ --> /g/; kilt/guilt,,,,,,,
34,a6a02cc28c2d520c347acb9edfad4236f8635b44c65a9a0ae70e6fb76bc78f0c,The question needs to be CORRECTED.,what_did_neil_armstrong_say_during_his_very_first_steps_on_the_moon_targ_04_A.wav,target,correct,no aux verbs in questions (lack of do support),/v/ --> /b/; very/berry,y,,otherp,,,JB_1108,
34,a6a02cc28c2d520c347acb9edfad4236f8635b44c65a9a0ae70e6fb76bc78f0c,"""This is one small step for man, one giant leap for mankind"" 
 His name is Neil, not Nell.",what_did_neil_armstrong_say_during_his_very_first_steps_on_the_moon_targ_04_A.wav,target,correct,no aux verbs in questions (lack of do support),/v/ --> /b/; very/berry,,,,,,,
34,a6a02cc28c2d520c347acb9edfad4236f8635b44c65a9a0ae70e6fb76bc78f0c,The question needs to be CORRECTED.,what_kind_of_weather_cooed_cooled_occur_when_it_is_raining_and_below_freezing_targ_05_B.wav,target,phon_err,expletive 'it' dropping,/ʊ/ --> /u/; could/cooed,y,,p?,,seems to notice target p error but does not describe what it is exactly,JB_1108,
34,a6a02cc28c2d520c347acb9edfad4236f8635b44c65a9a0ae70e6fb76bc78f0c,"Sleet - It was difficult to understand the words ""could occur""",what_kind_of_weather_cooed_cooled_occur_when_it_is_raining_and_below_freezing_targ_05_B.wav,target,phon_err,expletive 'it' dropping,/ʊ/ --> /u/; could/cooed,,,,,,,
34,a6a02cc28c2d520c347acb9edfad4236f8635b44c65a9a0ae70e6fb76bc78f0c,The question does NOT need any corrections.,how_many_legs_does_a_garden_spider_canadian_whose_silk_can_make_cloth_have_targ_06_C.wav,target,non_phon_err,adj/noun order,/θ/ --> /t/; cloth/clot,nans,,,,,JB_1108,
34,a6a02cc28c2d520c347acb9edfad4236f8635b44c65a9a0ae70e6fb76bc78f0c,8,how_many_legs_does_a_garden_spider_canadian_whose_silk_can_make_cloth_have_targ_06_C.wav,target,non_phon_err,adj/noun order,/θ/ --> /t/; cloth/clot,,,,,,,
34,a6a02cc28c2d520c347acb9edfad4236f8635b44c65a9a0ae70e6fb76bc78f0c,The question needs to be CORRECTED.,what_childrens_game_makes_people_seat_down_quickly_when_the_music_loud_stops_targ_07_D.wav,target,both_err,adj/noun order,/ɪ/ --> /i/; sit/seat,y,,np,,,JB_1108,
34,a6a02cc28c2d520c347acb9edfad4236f8635b44c65a9a0ae70e6fb76bc78f0c,"Musical chairs - should be ""loud music"" instead of ""music loud""",what_childrens_game_makes_people_seat_down_quickly_when_the_music_loud_stops_targ_07_D.wav,target,both_err,adj/noun order,/ɪ/ --> /i/; sit/seat,,,,,,,
34,a6a02cc28c2d520c347acb9edfad4236f8635b44c65a9a0ae70e6fb76bc78f0c,The question does NOT need any corrections.,because_it_is_important_to_honor_the_irish_saint_what_holiday_occurs_on_march_17th_targ_08_A.wav,target,correct,expletive 'it' dropping,/ʃ/ --> /s/; Irish/iris,nans,,,,,JB_1108,
34,a6a02cc28c2d520c347acb9edfad4236f8635b44c65a9a0ae70e6fb76bc78f0c,St. Patrick's Day,because_it_is_important_to_honor_the_irish_saint_what_holiday_occurs_on_march_17th_targ_08_A.wav,target,correct,expletive 'it' dropping,/ʃ/ --> /s/; Irish/iris,,,,,,,
34,a6a02cc28c2d520c347acb9edfad4236f8635b44c65a9a0ae70e6fb76bc78f0c,The question does NOT need any corrections.,if_laundry_service_will_gum_in_five_days_and_todays_thursday_when_are_they_doing_laundry_next_targ_09_B.wav,target,phon_err,make vs. other verb,/k/ --> /g/; come/gum,nans,,,,,JB_1108,
34,a6a02cc28c2d520c347acb9edfad4236f8635b44c65a9a0ae70e6fb76bc78f0c,Tuesday,if_laundry_service_will_gum_in_five_days_and_todays_thursday_when_are_they_doing_laundry_next_targ_09_B.wav,target,phon_err,make vs. other verb,/k/ --> /g/; come/gum,,,,,,,
34,a6a02cc28c2d520c347acb9edfad4236f8635b44c65a9a0ae70e6fb76bc78f0c,The question needs to be CORRECTED.,who_did_americans_vote_for_to_be_their_first_president_who_avoided_to_serve_three_terms_targ_10_C.wav,target,non_phon_err,infinitive vs. participle,/v/ --> /b/; vote/boat,y,,np,,,JB_1108,
34,a6a02cc28c2d520c347acb9edfad4236f8635b44c65a9a0ae70e6fb76bc78f0c,"George Washington - should be ""avoided serving"" not ""avoided to serve""",who_did_americans_vote_for_to_be_their_first_president_who_avoided_to_serve_three_terms_targ_10_C.wav,target,non_phon_err,infinitive vs. participle,/v/ --> /b/; vote/boat,,,,,,,
34,a6a02cc28c2d520c347acb9edfad4236f8635b44c65a9a0ae70e6fb76bc78f0c,The question needs to be CORRECTED.,what_colors_can_have_on_a_traffic_light_which_often_senses_when_cars_pool_up_targ_11_D.wav,target,both_err,have vs. be,/ʊ/ --> /u/; pulls/pools,y,,np,,different way of fixing sentence than have --> be but notices target np error,JB_1108,
34,a6a02cc28c2d520c347acb9edfad4236f8635b44c65a9a0ae70e6fb76bc78f0c,"Red, yellow, green - should say ""which colors does a traffic light have""",what_colors_can_have_on_a_traffic_light_which_often_senses_when_cars_pool_up_targ_11_D.wav,target,both_err,have vs. be,/ʊ/ --> /u/; pulls/pools,,,,,,,
34,a6a02cc28c2d520c347acb9edfad4236f8635b44c65a9a0ae70e6fb76bc78f0c,The question needs to be CORRECTED.,if_youre_on_a_path_from_california_to_hawaii_which_ocean_do_you_go_through_targ_12_A.wav,target,correct,no aux verbs in questions (lack of do support),/θ/ --> /t/; path/pat,y,,otherirr,,,JB_1108,
34,a6a02cc28c2d520c347acb9edfad4236f8635b44c65a9a0ae70e6fb76bc78f0c,"Pacific - should be ""over"" instead of ""through""",if_youre_on_a_path_from_california_to_hawaii_which_ocean_do_you_go_through_targ_12_A.wav,target,correct,no aux verbs in questions (lack of do support),/θ/ --> /t/; path/pat,,,,,,,
34,a6a02cc28c2d520c347acb9edfad4236f8635b44c65a9a0ae70e6fb76bc78f0c,The question does NOT need any corrections.,what_supplies_do_you_need_to_neat_a_scarf_targ_13_B.wav,target,phon_err,no aux verbs in questions (lack of do support),/ɪ/ --> /i/; knit/neat,nans,,,,,JB_1108,
34,a6a02cc28c2d520c347acb9edfad4236f8635b44c65a9a0ae70e6fb76bc78f0c,Yarn and needle,what_supplies_do_you_need_to_neat_a_scarf_targ_13_B.wav,target,phon_err,no aux verbs in questions (lack of do support),/ɪ/ --> /i/; knit/neat,,,,,,,
34,a6a02cc28c2d520c347acb9edfad4236f8635b44c65a9a0ae70e6fb76bc78f0c,The question needs to be CORRECTED.,what_city_have_people_rushed_to_tour_to_see_where_the_us_government_makes_business_targ_14_C.wav,target,non_phon_err,make vs. other verb,/ʃ/ --> /s/; rushed/rust,y,,np,,also says to change 'have' to 'has' ,JB_1108,
34,a6a02cc28c2d520c347acb9edfad4236f8635b44c65a9a0ae70e6fb76bc78f0c,"Multiple errors - should be ""have"" instead of ""has"", ""makes business"" sounds odd.",what_city_have_people_rushed_to_tour_to_see_where_the_us_government_makes_business_targ_14_C.wav,target,non_phon_err,make vs. other verb,/ʃ/ --> /s/; rushed/rust,,,,,,,
34,a6a02cc28c2d520c347acb9edfad4236f8635b44c65a9a0ae70e6fb76bc78f0c,The question needs to be CORRECTED.,what_colors_make_up_a_traditional_candy_gain_which_people_enjoy_to_eat_during_christmas_targ_15_D.wav,target,both_err,infinitive vs. participle,/k/ --> /g/; cane/gain,y,,np,,,JB_1108,
34,a6a02cc28c2d520c347acb9edfad4236f8635b44c65a9a0ae70e6fb76bc78f0c,"Red and white - should be ""which people enjoy eating"" instead of ""which people enjoy to eat""",what_colors_make_up_a_traditional_candy_gain_which_people_enjoy_to_eat_during_christmas_targ_15_D.wav,target,both_err,infinitive vs. participle,/k/ --> /g/; cane/gain,,,,,,,
34,a6a02cc28c2d520c347acb9edfad4236f8635b44c65a9a0ae70e6fb76bc78f0c,The question does NOT need any corrections.,where_do_people_get_drivers_licenses_since_it_is_required_as_valid_id_to_drive_targ_16_A.wav,target,correct,expletive 'it' dropping,/v/ --> /b/; valid/ballad,nans,,,,,JB_1108,
34,a6a02cc28c2d520c347acb9edfad4236f8635b44c65a9a0ae70e6fb76bc78f0c,DMV,where_do_people_get_drivers_licenses_since_it_is_required_as_valid_id_to_drive_targ_16_A.wav,target,correct,expletive 'it' dropping,/v/ --> /b/; valid/ballad,,,,,,,
34,a6a02cc28c2d520c347acb9edfad4236f8635b44c65a9a0ae70e6fb76bc78f0c,The question does NOT need any corrections.,how_many_days_wooed_wooled_my_tandem_bike_be_gone_if_someone_borrows_it_for_july_targ_17_B.wav,target,phon_err,adj/noun order,/ʊ/ --> /u/; would/wooed,nans,,,,,JB_1108,
34,a6a02cc28c2d520c347acb9edfad4236f8635b44c65a9a0ae70e6fb76bc78f0c,31,how_many_days_wooed_wooled_my_tandem_bike_be_gone_if_someone_borrows_it_for_july_targ_17_B.wav,target,phon_err,adj/noun order,/ʊ/ --> /u/; would/wooed,,,,,,,
34,a6a02cc28c2d520c347acb9edfad4236f8635b44c65a9a0ae70e6fb76bc78f0c,The question needs to be CORRECTED.,when_you_have_hot_what_device_measures_body_temperature_in_both_celsius_and_fahrenheit_targ_18_C.wav,target,non_phon_err,have vs. be,/θ/ --> /t/; both/boat,y,,np,,,JB_1108,
34,a6a02cc28c2d520c347acb9edfad4236f8635b44c65a9a0ae70e6fb76bc78f0c,"Thermometer - should be ""when you are hot"" instead of ""when you have hot""",when_you_have_hot_what_device_measures_body_temperature_in_both_celsius_and_fahrenheit_targ_18_C.wav,target,non_phon_err,have vs. be,/θ/ --> /t/; both/boat,,,,,,,
34,a6a02cc28c2d520c347acb9edfad4236f8635b44c65a9a0ae70e6fb76bc78f0c,The question does NOT need any corrections.,what_big_star_in_our_solar_system_can_steal_be_visible_when_is_cloudy_targ_19_D.wav,target,both_err,expletive 'it' dropping,/ɪ/ --> /i/; still/steal,nans,,,,,JB_1108,
34,a6a02cc28c2d520c347acb9edfad4236f8635b44c65a9a0ae70e6fb76bc78f0c,Sun,what_big_star_in_our_solar_system_can_steal_be_visible_when_is_cloudy_targ_19_D.wav,target,both_err,expletive 'it' dropping,/ɪ/ --> /i/; still/steal,,,,,,,
34,a6a02cc28c2d520c347acb9edfad4236f8635b44c65a9a0ae70e6fb76bc78f0c,The question does NOT need any corrections.,what_popular_us_chain_provides_a_happy_meal_toy_or_plush_when_kids_are_hungry_targ_20_A.wav,target,correct,have vs. be,/ʃ/ --> /s/; plush/plus,nans,,,,,JB_1108,
34,a6a02cc28c2d520c347acb9edfad4236f8635b44c65a9a0ae70e6fb76bc78f0c,McDonald's,what_popular_us_chain_provides_a_happy_meal_toy_or_plush_when_kids_are_hungry_targ_20_A.wav,target,correct,have vs. be,/ʃ/ --> /s/; plush/plus,,,,,,,
34,a6a02cc28c2d520c347acb9edfad4236f8635b44c65a9a0ae70e6fb76bc78f0c,The question needs to be CORRECTED.,in_the_lion_king_who_does_nala_talk_to_and_is_laying_in_a_got_after_theyve_reunited_targ_21_B.wav,target,phon_err,no aux verbs in questions (lack of do support),/k/ --> /g/; cot/got,y,,p?,,not specific but seems to be noticing target phon error,JB_1108,
34,a6a02cc28c2d520c347acb9edfad4236f8635b44c65a9a0ae70e6fb76bc78f0c,"Simba - not sure what she says after ""laying in a""",in_the_lion_king_who_does_nala_talk_to_and_is_laying_in_a_got_after_theyve_reunited_targ_21_B.wav,target,phon_err,no aux verbs in questions (lack of do support),/k/ --> /g/; cot/got,,,,,,,
34,a6a02cc28c2d520c347acb9edfad4236f8635b44c65a9a0ae70e6fb76bc78f0c,The question needs to be CORRECTED.,if_a_janitor_hardworking_cleaned_a_vent_in_five_minutes_how_many_seconds_is_that_targ_22_C.wav,target,non_phon_err,adj/noun order,/v/ --> /b/; vent/bent,y,,othernp,,"potentially misremembering non-phon error, mentioning a similar word order switch not actually present in the sentence",JB_1108,
34,a6a02cc28c2d520c347acb9edfad4236f8635b44c65a9a0ae70e6fb76bc78f0c,"300 - should be ""hard-working"" instead of ""working hard""",if_a_janitor_hardworking_cleaned_a_vent_in_five_minutes_how_many_seconds_is_that_targ_22_C.wav,target,non_phon_err,adj/noun order,/v/ --> /b/; vent/bent,,,,,,,
34,a6a02cc28c2d520c347acb9edfad4236f8635b44c65a9a0ae70e6fb76bc78f0c,The question needs to be CORRECTED.,what_company_created_the_macbook_a_device_fool_of_features_to_help_students_make_homework_targ_23_D.wav,target,both_err,make vs. other verb,/ʊ/ --> /u/; full/fool,y,,np,,,JB_1108,
34,a6a02cc28c2d520c347acb9edfad4236f8635b44c65a9a0ae70e6fb76bc78f0c,"Apple - Students don't ""make homework"", they complete it or do it.",what_company_created_the_macbook_a_device_fool_of_features_to_help_students_make_homework_targ_23_D.wav,target,both_err,make vs. other verb,/ʊ/ --> /u/; full/fool,,,,,,,
34,a6a02cc28c2d520c347acb9edfad4236f8635b44c65a9a0ae70e6fb76bc78f0c,The question does NOT need any corrections.,if_i_consider_leaving_work_after_the_fourth_hour_how_many_minutes_would_that_be_targ_24_A.wav,target,correct,infinitive vs. participle,/θ/ --> /t/; fourth/fort,nans,,,,,JB_1108,
34,a6a02cc28c2d520c347acb9edfad4236f8635b44c65a9a0ae70e6fb76bc78f0c,240,if_i_consider_leaving_work_after_the_fourth_hour_how_many_minutes_would_that_be_targ_24_A.wav,target,correct,infinitive vs. participle,/θ/ --> /t/; fourth/fort,,,,,,,
34,a6a02cc28c2d520c347acb9edfad4236f8635b44c65a9a0ae70e6fb76bc78f0c,The question does NOT need any corrections.,what_letter_in_the_latin_alphabet_corresponds_to_the_greek_letter_alpha_fill_01.wav,filler_other,NA,NA,NA,nans,,,,,JB_1108,
34,a6a02cc28c2d520c347acb9edfad4236f8635b44c65a9a0ae70e6fb76bc78f0c,A,what_letter_in_the_latin_alphabet_corresponds_to_the_greek_letter_alpha_fill_01.wav,filler_other,NA,NA,NA,,,,,,,
34,a6a02cc28c2d520c347acb9edfad4236f8635b44c65a9a0ae70e6fb76bc78f0c,The question does NOT need any corrections.,what_organ_is_often_associated_with_being_eaten_by_rotting_flesh_monsters_also_known_as_zombies_fill_02.wav,filler_other,NA,NA,NA,nans,,,,,JB_1108,
34,a6a02cc28c2d520c347acb9edfad4236f8635b44c65a9a0ae70e6fb76bc78f0c,Brain,what_organ_is_often_associated_with_being_eaten_by_rotting_flesh_monsters_also_known_as_zombies_fill_02.wav,filler_other,NA,NA,NA,,,,,,,
34,a6a02cc28c2d520c347acb9edfad4236f8635b44c65a9a0ae70e6fb76bc78f0c,The question does NOT need any corrections.,which_british_celebrity_judge_often_harshly_critiqued_contestants_on_the_nationwide_singing_contest_american_idol_fill_03.wav,filler_other,NA,NA,NA,nans,,,,,JB_1108,
34,a6a02cc28c2d520c347acb9edfad4236f8635b44c65a9a0ae70e6fb76bc78f0c,Simon Cowell,which_british_celebrity_judge_often_harshly_critiqued_contestants_on_the_nationwide_singing_contest_american_idol_fill_03.wav,filler_other,NA,NA,NA,,,,,,,
34,a6a02cc28c2d520c347acb9edfad4236f8635b44c65a9a0ae70e6fb76bc78f0c,The question needs to be CORRECTED.,which_cartoon_character_works_at_the_krusty_krab_and_is_best_friends_with_patrick_star_fill_04.wav,filler_other,NA,NA,NA,y,,otherirr,,,JB_1108,
34,a6a02cc28c2d520c347acb9edfad4236f8635b44c65a9a0ae70e6fb76bc78f0c,Spongebob Squarepants - should be Patrick Starfish instead of Patrick Star,which_cartoon_character_works_at_the_krusty_krab_and_is_best_friends_with_patrick_star_fill_04.wav,filler_other,NA,NA,NA,,,,,,,
34,a6a02cc28c2d520c347acb9edfad4236f8635b44c65a9a0ae70e6fb76bc78f0c,The question does NOT need any corrections.,which_body_part_did_van_gogh_allegedly_cut_off_after_an_argument_with_his_friend_fill_05.wav,filler_other,NA,NA,NA,nans,,,,,JB_1108,
34,a6a02cc28c2d520c347acb9edfad4236f8635b44c65a9a0ae70e6fb76bc78f0c,Ear,which_body_part_did_van_gogh_allegedly_cut_off_after_an_argument_with_his_friend_fill_05.wav,filler_other,NA,NA,NA,,,,,,,
34,a6a02cc28c2d520c347acb9edfad4236f8635b44c65a9a0ae70e6fb76bc78f0c,The question does NOT need any corrections.,what_is_the_name_of_the_comic_strip_featuring_charlie_brown_and_his_dog_snoopy_fill_06.wav,filler_other,NA,NA,NA,nans,,,,,JB_1108,
34,a6a02cc28c2d520c347acb9edfad4236f8635b44c65a9a0ae70e6fb76bc78f0c,Peanuts,what_is_the_name_of_the_comic_strip_featuring_charlie_brown_and_his_dog_snoopy_fill_06.wav,filler_other,NA,NA,NA,,,,,,,
34,a6a02cc28c2d520c347acb9edfad4236f8635b44c65a9a0ae70e6fb76bc78f0c,The question does NOT need any corrections.,what_holiday_occurs_at_the_end_of_october_and_features_trick-or-treating_pumpkins_and_haunted_houses_fill_07.wav,filler_other,NA,NA,NA,nans,,,,,JB_1108,
34,a6a02cc28c2d520c347acb9edfad4236f8635b44c65a9a0ae70e6fb76bc78f0c,Halloween,what_holiday_occurs_at_the_end_of_october_and_features_trick-or-treating_pumpkins_and_haunted_houses_fill_07.wav,filler_other,NA,NA,NA,,,,,,,
34,a6a02cc28c2d520c347acb9edfad4236f8635b44c65a9a0ae70e6fb76bc78f0c,The question does NOT need any corrections.,what_is_the_name_of_the_video_game_character_who_is_a_traveling_italian_plumber_fill_08.wav,filler_other,NA,NA,NA,nans,,,,,JB_1108,
34,a6a02cc28c2d520c347acb9edfad4236f8635b44c65a9a0ae70e6fb76bc78f0c,Mario,what_is_the_name_of_the_video_game_character_who_is_a_traveling_italian_plumber_fill_08.wav,filler_other,NA,NA,NA,,,,,,,
34,a6a02cc28c2d520c347acb9edfad4236f8635b44c65a9a0ae70e6fb76bc78f0c,The question does NOT need any corrections.,what_kind_of_animal_is_mickey_mouse’s_girlfriend_minnie_who_wears_a_bow_fill_09.wav,filler_other,NA,NA,NA,nans,,,,,JB_1108,
34,a6a02cc28c2d520c347acb9edfad4236f8635b44c65a9a0ae70e6fb76bc78f0c,Mouse,what_kind_of_animal_is_mickey_mouse’s_girlfriend_minnie_who_wears_a_bow_fill_09.wav,filler_other,NA,NA,NA,,,,,,,
34,a6a02cc28c2d520c347acb9edfad4236f8635b44c65a9a0ae70e6fb76bc78f0c,The question does NOT need any corrections.,which_cartoon_dog_solves_mysteries_with_the_group_fred_daphne_velma_and_shaggy_fill_10.wav,filler_other,NA,NA,NA,nans,,,,,JB_1108,
34,a6a02cc28c2d520c347acb9edfad4236f8635b44c65a9a0ae70e6fb76bc78f0c,Scooby Doo,which_cartoon_dog_solves_mysteries_with_the_group_fred_daphne_velma_and_shaggy_fill_10.wav,filler_other,NA,NA,NA,,,,,,,
34,a6a02cc28c2d520c347acb9edfad4236f8635b44c65a9a0ae70e6fb76bc78f0c,The question does NOT need any corrections.,which_fast_food_chain_offers_foot-long_sandwiches_and_has_the_slogan_eat_fresh_fill_11.wav,filler_other,NA,NA,NA,nans,,,,,JB_1108,
34,a6a02cc28c2d520c347acb9edfad4236f8635b44c65a9a0ae70e6fb76bc78f0c,Subway,which_fast_food_chain_offers_foot-long_sandwiches_and_has_the_slogan_eat_fresh_fill_11.wav,filler_other,NA,NA,NA,,,,,,,
34,a6a02cc28c2d520c347acb9edfad4236f8635b44c65a9a0ae70e6fb76bc78f0c,The question does NOT need any corrections.,which_oscar-winning_movie_features_tom_hanks_saying_life_is_like_a_box_of_chocolates_fill_12.wav,filler_other,NA,NA,NA,nans,,,,,JB_1108,
34,a6a02cc28c2d520c347acb9edfad4236f8635b44c65a9a0ae70e6fb76bc78f0c,Forrest Gump,which_oscar-winning_movie_features_tom_hanks_saying_life_is_like_a_box_of_chocolates_fill_12.wav,filler_other,NA,NA,NA,,,,,,,
34,a6a02cc28c2d520c347acb9edfad4236f8635b44c65a9a0ae70e6fb76bc78f0c,The question does NOT need any corrections.,what_novel_has_the_quote_i’m_late_i’m_late_for_a_very_important_date_fill_13.wav,filler_other,NA,NA,NA,nans,,,,,JB_1108,
34,a6a02cc28c2d520c347acb9edfad4236f8635b44c65a9a0ae70e6fb76bc78f0c,Alice in Wonderland,what_novel_has_the_quote_i’m_late_i’m_late_for_a_very_important_date_fill_13.wav,filler_other,NA,NA,NA,,,,,,,
34,a6a02cc28c2d520c347acb9edfad4236f8635b44c65a9a0ae70e6fb76bc78f0c,The question does NOT need any corrections.,what_mythical_creatures_have_been_said_to_drink_blood_turn_into_bats_and_hate_onions_fill_14.wav,filler_other,NA,NA,NA,nans,,,,,JB_1108,
34,a6a02cc28c2d520c347acb9edfad4236f8635b44c65a9a0ae70e6fb76bc78f0c,Vampires,what_mythical_creatures_have_been_said_to_drink_blood_turn_into_bats_and_hate_onions_fill_14.wav,filler_other,NA,NA,NA,,,,,,,
34,a6a02cc28c2d520c347acb9edfad4236f8635b44c65a9a0ae70e6fb76bc78f0c,The question does NOT need any corrections.,who_discovered_the_law_of_universal_gravitation_which_accounts_for_why_objects_naturally_fall_downwards_fill_15.wav,filler_other,NA,NA,NA,nans,,,,,JB_1108,
34,a6a02cc28c2d520c347acb9edfad4236f8635b44c65a9a0ae70e6fb76bc78f0c,Isaac Newton,who_discovered_the_law_of_universal_gravitation_which_accounts_for_why_objects_naturally_fall_downwards_fill_15.wav,filler_other,NA,NA,NA,,,,,,,
34,a6a02cc28c2d520c347acb9edfad4236f8635b44c65a9a0ae70e6fb76bc78f0c,The question needs to be CORRECTED.,which_soft_pastry_made_with_a_certain_spice_is_often_spiral-shaped_and_topped_with_icing_fill_16.wav,filler_other,NA,NA,NA,y,,othernp,,,JB_1108,
34,a6a02cc28c2d520c347acb9edfad4236f8635b44c65a9a0ae70e6fb76bc78f0c,"Cinnamon roll - hard to understand the words ""soft pastry""",which_soft_pastry_made_with_a_certain_spice_is_often_spiral-shaped_and_topped_with_icing_fill_16.wav,filler_other,NA,NA,NA,,,,,,,
34,a6a02cc28c2d520c347acb9edfad4236f8635b44c65a9a0ae70e6fb76bc78f0c,The question does NOT need any corrections.,what_us_holiday_is_often_celebrated_with_fireworks_and_hotdogs_to_honor_americas_freedom_fill_17.wav,filler_other,NA,NA,NA,nans,,,,,JB_1108,
34,a6a02cc28c2d520c347acb9edfad4236f8635b44c65a9a0ae70e6fb76bc78f0c,Independence Day/Fourth of July,what_us_holiday_is_often_celebrated_with_fireworks_and_hotdogs_to_honor_americas_freedom_fill_17.wav,filler_other,NA,NA,NA,,,,,,,
34,a6a02cc28c2d520c347acb9edfad4236f8635b44c65a9a0ae70e6fb76bc78f0c,The question does NOT need any corrections.,which_tropical_fruit_that_grows_on_palm_trees_is_used_for_oils_and_milks_fill_18.wav,filler_other,NA,NA,NA,nans,,,,,JB_1108,
34,a6a02cc28c2d520c347acb9edfad4236f8635b44c65a9a0ae70e6fb76bc78f0c,Coconut,which_tropical_fruit_that_grows_on_palm_trees_is_used_for_oils_and_milks_fill_18.wav,filler_other,NA,NA,NA,,,,,,,
34,a6a02cc28c2d520c347acb9edfad4236f8635b44c65a9a0ae70e6fb76bc78f0c,The question does NOT need any corrections.,which_season_do_we_associate_with_thanksgiving_the_beginning_of_school_and_leaves_turning_brown_fill_19.wav,filler_other,NA,NA,NA,nans,,,,,JB_1108,
34,a6a02cc28c2d520c347acb9edfad4236f8635b44c65a9a0ae70e6fb76bc78f0c,Fall,which_season_do_we_associate_with_thanksgiving_the_beginning_of_school_and_leaves_turning_brown_fill_19.wav,filler_other,NA,NA,NA,,,,,,,
34,a6a02cc28c2d520c347acb9edfad4236f8635b44c65a9a0ae70e6fb76bc78f0c,The question needs to be CORRECTED.,what_musician_won_grammys_for_their_album_thriller_which_features_the_hit_song_beat_it_fill_20.wav,filler_other,NA,NA,NA,y,,otherp?,,,JB_1108,
34,a6a02cc28c2d520c347acb9edfad4236f8635b44c65a9a0ae70e6fb76bc78f0c,"Michael Jackson - should be ""musician"" instead of ""musicians""",what_musician_won_grammys_for_their_album_thriller_which_features_the_hit_song_beat_it_fill_20.wav,filler_other,NA,NA,NA,,,,,,,
34,a6a02cc28c2d520c347acb9edfad4236f8635b44c65a9a0ae70e6fb76bc78f0c,The question does NOT need any corrections.,what_animal_is_typically_white_with_black_spots_and_says_moo_fill_21.wav,filler_other,NA,NA,NA,nans,,,,,JB_1108,
34,a6a02cc28c2d520c347acb9edfad4236f8635b44c65a9a0ae70e6fb76bc78f0c,Cow,what_animal_is_typically_white_with_black_spots_and_says_moo_fill_21.wav,filler_other,NA,NA,NA,,,,,,,
34,a6a02cc28c2d520c347acb9edfad4236f8635b44c65a9a0ae70e6fb76bc78f0c,The question does NOT need any corrections.,where_do_the_jolly_christmas_icons_santa_claus_and_his_wife_mrs._claus_live_fill_22.wav,filler_other,NA,NA,NA,nans,,,,,JB_1108,
34,a6a02cc28c2d520c347acb9edfad4236f8635b44c65a9a0ae70e6fb76bc78f0c,North Pole,where_do_the_jolly_christmas_icons_santa_claus_and_his_wife_mrs._claus_live_fill_22.wav,filler_other,NA,NA,NA,,,,,,,
34,a6a02cc28c2d520c347acb9edfad4236f8635b44c65a9a0ae70e6fb76bc78f0c,The question does NOT need any corrections.,in_the_famous_dr_seuss_book_what_orange_and_yellow_character_speaks_for_the_trees_fill_23.wav,filler_other,NA,NA,NA,nans,,,,,JB_1108,
34,a6a02cc28c2d520c347acb9edfad4236f8635b44c65a9a0ae70e6fb76bc78f0c,The Lorax,in_the_famous_dr_seuss_book_what_orange_and_yellow_character_speaks_for_the_trees_fill_23.wav,filler_other,NA,NA,NA,,,,,,,
34,a6a02cc28c2d520c347acb9edfad4236f8635b44c65a9a0ae70e6fb76bc78f0c,The question needs to be CORRECTED.,in_what_country_would_you_find_landmarks_like_the_pyramids_of_giza_and_great_sphinx_fill_24.wav,filler_other,NA,NA,NA,y,,otherp,,,JB_1108,
34,a6a02cc28c2d520c347acb9edfad4236f8635b44c65a9a0ae70e6fb76bc78f0c,"Egypt - She says ""Phinx"" instead of ""Sphinx""",in_what_country_would_you_find_landmarks_like_the_pyramids_of_giza_and_great_sphinx_fill_24.wav,filler_other,NA,NA,NA,,,,,,,
35,aebc910601bc81d8bd9fd8b009404d74f9c559984a8d03eb1dfea0cf2906df8b,"The question does NOT need any corrections, but I don't know the answer/ I don't understand what the question is asking.",how_many_legs_does_a_dog_normally_have_fill_25.wav,att_check_good,NA,NA,NA,nun,,,,attention check passed (6/8 correct),JB_1108,
35,aebc910601bc81d8bd9fd8b009404d74f9c559984a8d03eb1dfea0cf2906df8b,NA,how_many_legs_does_a_dog_normally_have_fill_25.wav,att_check_good,NA,NA,NA,,,,,,,
35,aebc910601bc81d8bd9fd8b009404d74f9c559984a8d03eb1dfea0cf2906df8b,The question does NOT need any corrections.,what_state_is_los_angeles_located_in_fill_26.wav,att_check_good,NA,NA,NA,nans,,,a,,JB_1108,
35,aebc910601bc81d8bd9fd8b009404d74f9c559984a8d03eb1dfea0cf2906df8b,California,what_state_is_los_angeles_located_in_fill_26.wav,att_check_good,NA,NA,NA,,,,,,,
35,aebc910601bc81d8bd9fd8b009404d74f9c559984a8d03eb1dfea0cf2906df8b,The question does NOT need any corrections.,what_day_of_the_week_comes_after_monday_fill_27.wav,att_check_good,NA,NA,NA,nans,,,a,,JB_1108,
35,aebc910601bc81d8bd9fd8b009404d74f9c559984a8d03eb1dfea0cf2906df8b,Tuesday,what_day_of_the_week_comes_after_monday_fill_27.wav,att_check_good,NA,NA,NA,,,,,,,
35,aebc910601bc81d8bd9fd8b009404d74f9c559984a8d03eb1dfea0cf2906df8b,The question does NOT need any corrections.,what_color_is_a_typical_school_bus_fill_28.wav,att_check_good,NA,NA,NA,nans,,,a,,JB_1108,
35,aebc910601bc81d8bd9fd8b009404d74f9c559984a8d03eb1dfea0cf2906df8b,Yellow,what_color_is_a_typical_school_bus_fill_28.wav,att_check_good,NA,NA,NA,,,,,,,
35,aebc910601bc81d8bd9fd8b009404d74f9c559984a8d03eb1dfea0cf2906df8b,The question needs to be CORRECTED.,in_the_cycle_of_seasons_what_season_comes_after_dinter_fill_29.wav,att_check_err,NA,NA,NA,y,,acheckp,,,JB_1108,
35,aebc910601bc81d8bd9fd8b009404d74f9c559984a8d03eb1dfea0cf2906df8b,Spring. Winter instead of Dinter,in_the_cycle_of_seasons_what_season_comes_after_dinter_fill_29.wav,att_check_err,NA,NA,NA,,,,,,,
35,aebc910601bc81d8bd9fd8b009404d74f9c559984a8d03eb1dfea0cf2906df8b,The question does NOT need any corrections.,what_insect_undergoes_a_process_of_change_to_turn_into_a_butterfy_fill_30.wav,att_check_err,NA,NA,NA,nans,,acheckf,,,JB_1108,
35,aebc910601bc81d8bd9fd8b009404d74f9c559984a8d03eb1dfea0cf2906df8b,Caterpillar,what_insect_undergoes_a_process_of_change_to_turn_into_a_butterfy_fill_30.wav,att_check_err,NA,NA,NA,,,,,,,
35,aebc910601bc81d8bd9fd8b009404d74f9c559984a8d03eb1dfea0cf2906df8b,The question needs to be CORRECTED.,what_is_the_largest_plant_in_the_solar_system_fill_31.wav,att_check_err,NA,NA,NA,y,,acheckp,,,JB_1108,
35,aebc910601bc81d8bd9fd8b009404d74f9c559984a8d03eb1dfea0cf2906df8b,Jupiter. Planet not plant,what_is_the_largest_plant_in_the_solar_system_fill_31.wav,att_check_err,NA,NA,NA,,,,,,,
35,aebc910601bc81d8bd9fd8b009404d74f9c559984a8d03eb1dfea0cf2906df8b,The question needs to be CORRECTED.,how_many_embers_were_in_the_beatles_the_british_rock_band_fill_32.wav,att_check_err,NA,NA,NA,y,,acheckp,,,JB_1108,
35,aebc910601bc81d8bd9fd8b009404d74f9c559984a8d03eb1dfea0cf2906df8b,5. Members not Embers,how_many_embers_were_in_the_beatles_the_british_rock_band_fill_32.wav,att_check_err,NA,NA,NA,,,,,,,
35,aebc910601bc81d8bd9fd8b009404d74f9c559984a8d03eb1dfea0cf2906df8b,I’m good — skip to the next question,for_what_pink_ice_cream_flavor_will_companies_make_their_best_to_use_real_fruit_targ_01_C.wav,target,non_phon_err,make vs. other verb,/ɪ/ --> /i/; will/wheel,s,,,,,JB_1108,
35,aebc910601bc81d8bd9fd8b009404d74f9c559984a8d03eb1dfea0cf2906df8b,NA,for_what_pink_ice_cream_flavor_will_companies_make_their_best_to_use_real_fruit_targ_01_C.wav,target,non_phon_err,make vs. other verb,/ɪ/ --> /i/; will/wheel,,,,,,,
35,aebc910601bc81d8bd9fd8b009404d74f9c559984a8d03eb1dfea0cf2906df8b,"The question does NOT need any corrections, but I don't know the answer/ I don't understand what the question is asking.",what_term_refers_to_armored_men_who_enjoyed_to_carry_medieval_swords_that_class_in_combat_targ_02_D.wav,target,both_err,infinitive vs. participle,/ʃ/ --> /s/; clash/class,nun,,,,,JB_1108,
35,aebc910601bc81d8bd9fd8b009404d74f9c559984a8d03eb1dfea0cf2906df8b,NA,what_term_refers_to_armored_men_who_enjoyed_to_carry_medieval_swords_that_class_in_combat_targ_02_D.wav,target,both_err,infinitive vs. participle,/ʃ/ --> /s/; clash/class,,,,,,,
35,aebc910601bc81d8bd9fd8b009404d74f9c559984a8d03eb1dfea0cf2906df8b,"The question does NOT need any corrections, but I don't know the answer/ I don't understand what the question is asking.",which_scottish_actor_first_played_james_bond_wearing_kilts_to_red_carpets_when_he_was_32_years_old_targ_03_A.wav,target,correct,have vs. be,/k/ --> /g/; kilt/guilt,nun,,,,,JB_1108,
35,aebc910601bc81d8bd9fd8b009404d74f9c559984a8d03eb1dfea0cf2906df8b,NA,which_scottish_actor_first_played_james_bond_wearing_kilts_to_red_carpets_when_he_was_32_years_old_targ_03_A.wav,target,correct,have vs. be,/k/ --> /g/; kilt/guilt,,,,,,,
35,aebc910601bc81d8bd9fd8b009404d74f9c559984a8d03eb1dfea0cf2906df8b,The question does NOT need any corrections.,what_did_neil_armstrong_say_during_his_berry_first_steps_on_the_moon_targ_04_B.wav,target,phon_err,no aux verbs in questions (lack of do support),/v/ --> /b/; very/berry,nans,,,,,JB_1108,
35,aebc910601bc81d8bd9fd8b009404d74f9c559984a8d03eb1dfea0cf2906df8b,"One small step for man, one giant leap for mankind",what_did_neil_armstrong_say_during_his_berry_first_steps_on_the_moon_targ_04_B.wav,target,phon_err,no aux verbs in questions (lack of do support),/v/ --> /b/; very/berry,,,,,,,
35,aebc910601bc81d8bd9fd8b009404d74f9c559984a8d03eb1dfea0cf2906df8b,The question does NOT need any corrections.,what_kind_of_weather_could_occur_when_is_raining_and_below_freezing_targ_05_C.wav,target,non_phon_err,expletive 'it' dropping,/ʊ/ --> /u/; could/cooed,nans,,,,,JB_1108,
35,aebc910601bc81d8bd9fd8b009404d74f9c559984a8d03eb1dfea0cf2906df8b,Sleet,what_kind_of_weather_could_occur_when_is_raining_and_below_freezing_targ_05_C.wav,target,non_phon_err,expletive 'it' dropping,/ʊ/ --> /u/; could/cooed,,,,,,,
35,aebc910601bc81d8bd9fd8b009404d74f9c559984a8d03eb1dfea0cf2906df8b,"The question does NOT need any corrections, but I don't know the answer/ I don't understand what the question is asking.",how_many_legs_does_a_garden_spider_canadian_whose_silk_can_make_clot_have_targ_06_D.wav,target,both_err,adj/noun order,/θ/ --> /t/; cloth/clot,nun,,,,,JB_1108,
35,aebc910601bc81d8bd9fd8b009404d74f9c559984a8d03eb1dfea0cf2906df8b,NA,how_many_legs_does_a_garden_spider_canadian_whose_silk_can_make_clot_have_targ_06_D.wav,target,both_err,adj/noun order,/θ/ --> /t/; cloth/clot,,,,,,,
35,aebc910601bc81d8bd9fd8b009404d74f9c559984a8d03eb1dfea0cf2906df8b,The question does NOT need any corrections.,what_childrens_game_makes_people_sit_down_quickly_when_the_loud_music_stops_targ_07_A.wav,target,correct,adj/noun order,/ɪ/ --> /i/; sit/seat,nans,,,,,JB_1108,
35,aebc910601bc81d8bd9fd8b009404d74f9c559984a8d03eb1dfea0cf2906df8b,Musical chairs,what_childrens_game_makes_people_sit_down_quickly_when_the_loud_music_stops_targ_07_A.wav,target,correct,adj/noun order,/ɪ/ --> /i/; sit/seat,,,,,,,
35,aebc910601bc81d8bd9fd8b009404d74f9c559984a8d03eb1dfea0cf2906df8b,The question does NOT need any corrections.,because_it_is_important_to_honor_the_iris_saint_what_holiday_occurs_on_march_17th_targ_08_B.wav,target,phon_err,expletive 'it' dropping,/ʃ/ --> /s/; Irish/iris,nun,,,,,JB_1108,
35,aebc910601bc81d8bd9fd8b009404d74f9c559984a8d03eb1dfea0cf2906df8b,Saint Patrick's Day,because_it_is_important_to_honor_the_iris_saint_what_holiday_occurs_on_march_17th_targ_08_B.wav,target,phon_err,expletive 'it' dropping,/ʃ/ --> /s/; Irish/iris,,,,,,,
35,aebc910601bc81d8bd9fd8b009404d74f9c559984a8d03eb1dfea0cf2906df8b,The question needs to be CORRECTED.,if_laundry_service_will_come_in_five_days_and_todays_thursday_when_are_they_making_laundry_next_targ_09_C.wav,target,non_phon_err,make vs. other verb,/k/ --> /g/; come/gum,y,,np,,,JB_1108,
35,aebc910601bc81d8bd9fd8b009404d74f9c559984a8d03eb1dfea0cf2906df8b,Tuesday. You don't make laundry,if_laundry_service_will_come_in_five_days_and_todays_thursday_when_are_they_making_laundry_next_targ_09_C.wav,target,non_phon_err,make vs. other verb,/k/ --> /g/; come/gum,,,,,,,
35,aebc910601bc81d8bd9fd8b009404d74f9c559984a8d03eb1dfea0cf2906df8b,The question does NOT need any corrections.,who_did_americans_boat_for_to_be_their_first_president_who_avoided_to_serve_three_terms_targ_10_D.wav,target,both_err,infinitive vs. participle,/v/ --> /b/; vote/boat,nans,,,,,JB_1108,
35,aebc910601bc81d8bd9fd8b009404d74f9c559984a8d03eb1dfea0cf2906df8b,George Washington,who_did_americans_boat_for_to_be_their_first_president_who_avoided_to_serve_three_terms_targ_10_D.wav,target,both_err,infinitive vs. participle,/v/ --> /b/; vote/boat,,,,,,,
35,aebc910601bc81d8bd9fd8b009404d74f9c559984a8d03eb1dfea0cf2906df8b,The question does NOT need any corrections.,what_colors_can_be_on_a_traffic_light_which_often_senses_when_cars_pull_up_targ_11_A.wav,target,correct,have vs. be,/ʊ/ --> /u/; pulls/pools,nans,,,,,JB_1108,
35,aebc910601bc81d8bd9fd8b009404d74f9c559984a8d03eb1dfea0cf2906df8b,"Green, yellow, red",what_colors_can_be_on_a_traffic_light_which_often_senses_when_cars_pull_up_targ_11_A.wav,target,correct,have vs. be,/ʊ/ --> /u/; pulls/pools,,,,,,,
35,aebc910601bc81d8bd9fd8b009404d74f9c559984a8d03eb1dfea0cf2906df8b,The question does NOT need any corrections.,if_youre_on_a_pat_from_california_to_hawaii_which_ocean_do_you_go_through_targ_12_B.wav,target,phon_err,no aux verbs in questions (lack of do support),/θ/ --> /t/; path/pat,nans,,,,,JB_1108,
35,aebc910601bc81d8bd9fd8b009404d74f9c559984a8d03eb1dfea0cf2906df8b,Pacific,if_youre_on_a_pat_from_california_to_hawaii_which_ocean_do_you_go_through_targ_12_B.wav,target,phon_err,no aux verbs in questions (lack of do support),/θ/ --> /t/; path/pat,,,,,,,
35,aebc910601bc81d8bd9fd8b009404d74f9c559984a8d03eb1dfea0cf2906df8b,I’m good — skip to the next question,what_supplies_you_need_to_knit_a_scarf_targ_13_C.wav,target,non_phon_err,no aux verbs in questions (lack of do support),/ɪ/ --> /i/; knit/neat,s,,,,,JB_1108,
35,aebc910601bc81d8bd9fd8b009404d74f9c559984a8d03eb1dfea0cf2906df8b,NA,what_supplies_you_need_to_knit_a_scarf_targ_13_C.wav,target,non_phon_err,no aux verbs in questions (lack of do support),/ɪ/ --> /i/; knit/neat,,,,,,,
35,aebc910601bc81d8bd9fd8b009404d74f9c559984a8d03eb1dfea0cf2906df8b,The question does NOT need any corrections.,what_city_have_people_rust_to_tour_to_see_where_the_us_government_makes_business_targ_14_D.wav,target,both_err,make vs. other verb,/ʃ/ --> /s/; rushed/rust,nans,,,,,JB_1108,
35,aebc910601bc81d8bd9fd8b009404d74f9c559984a8d03eb1dfea0cf2906df8b,Washington DC,what_city_have_people_rust_to_tour_to_see_where_the_us_government_makes_business_targ_14_D.wav,target,both_err,make vs. other verb,/ʃ/ --> /s/; rushed/rust,,,,,,,
35,aebc910601bc81d8bd9fd8b009404d74f9c559984a8d03eb1dfea0cf2906df8b,The question does NOT need any corrections.,what_colors_make_up_a_traditional_candy_cane_which_people_enjoy_eating_during_christmas_targ_15_A.wav,target,correct,infinitive vs. participle,/k/ --> /g/; cane/gain,nans,,,,,JB_1108,
35,aebc910601bc81d8bd9fd8b009404d74f9c559984a8d03eb1dfea0cf2906df8b,red and white,what_colors_make_up_a_traditional_candy_cane_which_people_enjoy_eating_during_christmas_targ_15_A.wav,target,correct,infinitive vs. participle,/k/ --> /g/; cane/gain,,,,,,,
35,aebc910601bc81d8bd9fd8b009404d74f9c559984a8d03eb1dfea0cf2906df8b,The question does NOT need any corrections.,where_do_people_get_drivers_licenses_since_it_is_required_as_ballad_id_to_drive_targ_16_B.wav,target,phon_err,expletive 'it' dropping,/v/ --> /b/; valid/ballad,nans,,,,,JB_1108,
35,aebc910601bc81d8bd9fd8b009404d74f9c559984a8d03eb1dfea0cf2906df8b,DMV,where_do_people_get_drivers_licenses_since_it_is_required_as_ballad_id_to_drive_targ_16_B.wav,target,phon_err,expletive 'it' dropping,/v/ --> /b/; valid/ballad,,,,,,,
35,aebc910601bc81d8bd9fd8b009404d74f9c559984a8d03eb1dfea0cf2906df8b,The question does NOT need any corrections.,how_many_days_would_my_bike_tandem_be_gone_if_someone_borrows_it_for_july_targ_17_C.wav,target,non_phon_err,adj/noun order,/ʊ/ --> /u/; would/wooed,nans,,,,,JB_1108,
35,aebc910601bc81d8bd9fd8b009404d74f9c559984a8d03eb1dfea0cf2906df8b,31 days,how_many_days_would_my_bike_tandem_be_gone_if_someone_borrows_it_for_july_targ_17_C.wav,target,non_phon_err,adj/noun order,/ʊ/ --> /u/; would/wooed,,,,,,,
35,aebc910601bc81d8bd9fd8b009404d74f9c559984a8d03eb1dfea0cf2906df8b,"The question does NOT need any corrections, but I don't know the answer/ I don't understand what the question is asking.",when_you_have_hot_what_device_measures_body_temperature_in_boat_celsius_and_fahrenheit_targ_18_D.wav,target,both_err,have vs. be,/θ/ --> /t/; both/boat,nun,,,,,JB_1108,
35,aebc910601bc81d8bd9fd8b009404d74f9c559984a8d03eb1dfea0cf2906df8b,NA,when_you_have_hot_what_device_measures_body_temperature_in_boat_celsius_and_fahrenheit_targ_18_D.wav,target,both_err,have vs. be,/θ/ --> /t/; both/boat,,,,,,,
35,aebc910601bc81d8bd9fd8b009404d74f9c559984a8d03eb1dfea0cf2906df8b,"The question does NOT need any corrections, but I don't know the answer/ I don't understand what the question is asking.",what_big_star_in_our_solar_system_can_still_be_visible_when_it_is_cloudy_targ_19_A.wav,target,correct,expletive 'it' dropping,/ɪ/ --> /i/; still/steal,nun,,,,,JB_1108,
35,aebc910601bc81d8bd9fd8b009404d74f9c559984a8d03eb1dfea0cf2906df8b,NA,what_big_star_in_our_solar_system_can_still_be_visible_when_it_is_cloudy_targ_19_A.wav,target,correct,expletive 'it' dropping,/ɪ/ --> /i/; still/steal,,,,,,,
35,aebc910601bc81d8bd9fd8b009404d74f9c559984a8d03eb1dfea0cf2906df8b,"The question does NOT need any corrections, but I don't know the answer/ I don't understand what the question is asking.",what_popular_us_chain_provides_a_happy_meal_toy_or_plus_when_kids_are_hungry_targ_20_B.wav,target,phon_err,have vs. be,/ʃ/ --> /s/; plush/plus,nun,,,,,JB_1108,
35,aebc910601bc81d8bd9fd8b009404d74f9c559984a8d03eb1dfea0cf2906df8b,NA,what_popular_us_chain_provides_a_happy_meal_toy_or_plus_when_kids_are_hungry_targ_20_B.wav,target,phon_err,have vs. be,/ʃ/ --> /s/; plush/plus,,,,,,,
35,aebc910601bc81d8bd9fd8b009404d74f9c559984a8d03eb1dfea0cf2906df8b,"The question does NOT need any corrections, but I don't know the answer/ I don't understand what the question is asking.",in_the_lion_king_who_nala_talk_to_and_is_laying_in_a_cot_after_theyve_reunited_targ_21_C.wav,target,non_phon_err,no aux verbs in questions (lack of do support),/k/ --> /g/; cot/got,nun,,,,,JB_1108,
35,aebc910601bc81d8bd9fd8b009404d74f9c559984a8d03eb1dfea0cf2906df8b,NA,in_the_lion_king_who_nala_talk_to_and_is_laying_in_a_cot_after_theyve_reunited_targ_21_C.wav,target,non_phon_err,no aux verbs in questions (lack of do support),/k/ --> /g/; cot/got,,,,,,,
35,aebc910601bc81d8bd9fd8b009404d74f9c559984a8d03eb1dfea0cf2906df8b,The question does NOT need any corrections.,if_a_janitor_hardworking_cleaned_a_bent_in_five_minutes_how_many_seconds_is_that_targ_22_D.wav,target,both_err,adj/noun order,/v/ --> /b/; vent/bent,nans,,,,,JB_1108,
35,aebc910601bc81d8bd9fd8b009404d74f9c559984a8d03eb1dfea0cf2906df8b,300,if_a_janitor_hardworking_cleaned_a_bent_in_five_minutes_how_many_seconds_is_that_targ_22_D.wav,target,both_err,adj/noun order,/v/ --> /b/; vent/bent,,,,,,,
35,aebc910601bc81d8bd9fd8b009404d74f9c559984a8d03eb1dfea0cf2906df8b,The question does NOT need any corrections.,what_company_created_the_macbook_a_device_full_of_features_to_help_students_do_homework_targ_23_A.wav,target,correct,make vs. other verb,/ʊ/ --> /u/; full/fool,nans,,,,,JB_1108,
35,aebc910601bc81d8bd9fd8b009404d74f9c559984a8d03eb1dfea0cf2906df8b,Apple,what_company_created_the_macbook_a_device_full_of_features_to_help_students_do_homework_targ_23_A.wav,target,correct,make vs. other verb,/ʊ/ --> /u/; full/fool,,,,,,,
35,aebc910601bc81d8bd9fd8b009404d74f9c559984a8d03eb1dfea0cf2906df8b,The question needs to be CORRECTED.,if_i_consider_leaving_work_after_the_fort_hour_how_many_minutes_would_that_be_targ_24_B.wav,target,phon_err,infinitive vs. participle,/θ/ --> /t/; fourth/fort,y,,otherirr?,,"seems to misunderstand content of sentence based on phon error, but doesn't explicitly notice phon error",JB_1108,
35,aebc910601bc81d8bd9fd8b009404d74f9c559984a8d03eb1dfea0cf2906df8b,"15, why does it matter the hour",if_i_consider_leaving_work_after_the_fort_hour_how_many_minutes_would_that_be_targ_24_B.wav,target,phon_err,infinitive vs. participle,/θ/ --> /t/; fourth/fort,,,,,,,
35,aebc910601bc81d8bd9fd8b009404d74f9c559984a8d03eb1dfea0cf2906df8b,"The question does NOT need any corrections, but I don't know the answer/ I don't understand what the question is asking.",what_letter_in_the_latin_alphabet_corresponds_to_the_greek_letter_alpha_fill_01.wav,filler_other,NA,NA,NA,nun,,,,,JB_1108,
35,aebc910601bc81d8bd9fd8b009404d74f9c559984a8d03eb1dfea0cf2906df8b,NA,what_letter_in_the_latin_alphabet_corresponds_to_the_greek_letter_alpha_fill_01.wav,filler_other,NA,NA,NA,,,,,,,
35,aebc910601bc81d8bd9fd8b009404d74f9c559984a8d03eb1dfea0cf2906df8b,The question does NOT need any corrections.,what_organ_is_often_associated_with_being_eaten_by_rotting_flesh_monsters_also_known_as_zombies_fill_02.wav,filler_other,NA,NA,NA,nans,,,,,JB_1108,
35,aebc910601bc81d8bd9fd8b009404d74f9c559984a8d03eb1dfea0cf2906df8b,Brain,what_organ_is_often_associated_with_being_eaten_by_rotting_flesh_monsters_also_known_as_zombies_fill_02.wav,filler_other,NA,NA,NA,,,,,,,
35,aebc910601bc81d8bd9fd8b009404d74f9c559984a8d03eb1dfea0cf2906df8b,The question does NOT need any corrections.,which_british_celebrity_judge_often_harshly_critiqued_contestants_on_the_nationwide_singing_contest_american_idol_fill_03.wav,filler_other,NA,NA,NA,nans,,,,,JB_1108,
35,aebc910601bc81d8bd9fd8b009404d74f9c559984a8d03eb1dfea0cf2906df8b,Simon Cowel,which_british_celebrity_judge_often_harshly_critiqued_contestants_on_the_nationwide_singing_contest_american_idol_fill_03.wav,filler_other,NA,NA,NA,,,,,,,
35,aebc910601bc81d8bd9fd8b009404d74f9c559984a8d03eb1dfea0cf2906df8b,The question does NOT need any corrections.,which_cartoon_character_works_at_the_krusty_krab_and_is_best_friends_with_patrick_star_fill_04.wav,filler_other,NA,NA,NA,nans,,,,,JB_1108,
35,aebc910601bc81d8bd9fd8b009404d74f9c559984a8d03eb1dfea0cf2906df8b,Spongebob,which_cartoon_character_works_at_the_krusty_krab_and_is_best_friends_with_patrick_star_fill_04.wav,filler_other,NA,NA,NA,,,,,,,
35,aebc910601bc81d8bd9fd8b009404d74f9c559984a8d03eb1dfea0cf2906df8b,The question does NOT need any corrections.,which_body_part_did_van_gogh_allegedly_cut_off_after_an_argument_with_his_friend_fill_05.wav,filler_other,NA,NA,NA,nans,,,,,JB_1108,
35,aebc910601bc81d8bd9fd8b009404d74f9c559984a8d03eb1dfea0cf2906df8b,Ear,which_body_part_did_van_gogh_allegedly_cut_off_after_an_argument_with_his_friend_fill_05.wav,filler_other,NA,NA,NA,,,,,,,
35,aebc910601bc81d8bd9fd8b009404d74f9c559984a8d03eb1dfea0cf2906df8b,The question does NOT need any corrections.,what_is_the_name_of_the_comic_strip_featuring_charlie_brown_and_his_dog_snoopy_fill_06.wav,filler_other,NA,NA,NA,nans,,,,,JB_1108,
35,aebc910601bc81d8bd9fd8b009404d74f9c559984a8d03eb1dfea0cf2906df8b,Peanuts,what_is_the_name_of_the_comic_strip_featuring_charlie_brown_and_his_dog_snoopy_fill_06.wav,filler_other,NA,NA,NA,,,,,,,
35,aebc910601bc81d8bd9fd8b009404d74f9c559984a8d03eb1dfea0cf2906df8b,The question does NOT need any corrections.,what_holiday_occurs_at_the_end_of_october_and_features_trick-or-treating_pumpkins_and_haunted_houses_fill_07.wav,filler_other,NA,NA,NA,nans,,,,,JB_1108,
35,aebc910601bc81d8bd9fd8b009404d74f9c559984a8d03eb1dfea0cf2906df8b,Halloween,what_holiday_occurs_at_the_end_of_october_and_features_trick-or-treating_pumpkins_and_haunted_houses_fill_07.wav,filler_other,NA,NA,NA,,,,,,,
35,aebc910601bc81d8bd9fd8b009404d74f9c559984a8d03eb1dfea0cf2906df8b,The question does NOT need any corrections.,what_is_the_name_of_the_video_game_character_who_is_a_traveling_italian_plumber_fill_08.wav,filler_other,NA,NA,NA,nans,,,,,JB_1108,
35,aebc910601bc81d8bd9fd8b009404d74f9c559984a8d03eb1dfea0cf2906df8b,Mario,what_is_the_name_of_the_video_game_character_who_is_a_traveling_italian_plumber_fill_08.wav,filler_other,NA,NA,NA,,,,,,,
35,aebc910601bc81d8bd9fd8b009404d74f9c559984a8d03eb1dfea0cf2906df8b,The question does NOT need any corrections.,what_kind_of_animal_is_mickey_mouse’s_girlfriend_minnie_who_wears_a_bow_fill_09.wav,filler_other,NA,NA,NA,nans,,,,,JB_1108,
35,aebc910601bc81d8bd9fd8b009404d74f9c559984a8d03eb1dfea0cf2906df8b,Minnie Mouse,what_kind_of_animal_is_mickey_mouse’s_girlfriend_minnie_who_wears_a_bow_fill_09.wav,filler_other,NA,NA,NA,,,,,,,
35,aebc910601bc81d8bd9fd8b009404d74f9c559984a8d03eb1dfea0cf2906df8b,The question does NOT need any corrections.,which_cartoon_dog_solves_mysteries_with_the_group_fred_daphne_velma_and_shaggy_fill_10.wav,filler_other,NA,NA,NA,nans,,,,,JB_1108,
35,aebc910601bc81d8bd9fd8b009404d74f9c559984a8d03eb1dfea0cf2906df8b,Scooby Doo,which_cartoon_dog_solves_mysteries_with_the_group_fred_daphne_velma_and_shaggy_fill_10.wav,filler_other,NA,NA,NA,,,,,,,
35,aebc910601bc81d8bd9fd8b009404d74f9c559984a8d03eb1dfea0cf2906df8b,The question does NOT need any corrections.,which_fast_food_chain_offers_foot-long_sandwiches_and_has_the_slogan_eat_fresh_fill_11.wav,filler_other,NA,NA,NA,nans,,,,,JB_1108,
35,aebc910601bc81d8bd9fd8b009404d74f9c559984a8d03eb1dfea0cf2906df8b,Subway,which_fast_food_chain_offers_foot-long_sandwiches_and_has_the_slogan_eat_fresh_fill_11.wav,filler_other,NA,NA,NA,,,,,,,
35,aebc910601bc81d8bd9fd8b009404d74f9c559984a8d03eb1dfea0cf2906df8b,The question does NOT need any corrections.,which_oscar-winning_movie_features_tom_hanks_saying_life_is_like_a_box_of_chocolates_fill_12.wav,filler_other,NA,NA,NA,nans,,,,,JB_1108,
35,aebc910601bc81d8bd9fd8b009404d74f9c559984a8d03eb1dfea0cf2906df8b,Forest Gump,which_oscar-winning_movie_features_tom_hanks_saying_life_is_like_a_box_of_chocolates_fill_12.wav,filler_other,NA,NA,NA,,,,,,,
35,aebc910601bc81d8bd9fd8b009404d74f9c559984a8d03eb1dfea0cf2906df8b,"The question does NOT need any corrections, but I don't know the answer/ I don't understand what the question is asking.",what_novel_has_the_quote_i’m_late_i’m_late_for_a_very_important_date_fill_13.wav,filler_other,NA,NA,NA,nun,,,,,JB_1108,
35,aebc910601bc81d8bd9fd8b009404d74f9c559984a8d03eb1dfea0cf2906df8b,NA,what_novel_has_the_quote_i’m_late_i’m_late_for_a_very_important_date_fill_13.wav,filler_other,NA,NA,NA,,,,,,,
35,aebc910601bc81d8bd9fd8b009404d74f9c559984a8d03eb1dfea0cf2906df8b,The question does NOT need any corrections.,what_mythical_creatures_have_been_said_to_drink_blood_turn_into_bats_and_hate_onions_fill_14.wav,filler_other,NA,NA,NA,nans,,,,,JB_1108,
35,aebc910601bc81d8bd9fd8b009404d74f9c559984a8d03eb1dfea0cf2906df8b,Vampires,what_mythical_creatures_have_been_said_to_drink_blood_turn_into_bats_and_hate_onions_fill_14.wav,filler_other,NA,NA,NA,,,,,,,
35,aebc910601bc81d8bd9fd8b009404d74f9c559984a8d03eb1dfea0cf2906df8b,The question does NOT need any corrections.,who_discovered_the_law_of_universal_gravitation_which_accounts_for_why_objects_naturally_fall_downwards_fill_15.wav,filler_other,NA,NA,NA,nans,,,,,JB_1108,
35,aebc910601bc81d8bd9fd8b009404d74f9c559984a8d03eb1dfea0cf2906df8b,Newton,who_discovered_the_law_of_universal_gravitation_which_accounts_for_why_objects_naturally_fall_downwards_fill_15.wav,filler_other,NA,NA,NA,,,,,,,
35,aebc910601bc81d8bd9fd8b009404d74f9c559984a8d03eb1dfea0cf2906df8b,"The question does NOT need any corrections, but I don't know the answer/ I don't understand what the question is asking.",which_soft_pastry_made_with_a_certain_spice_is_often_spiral-shaped_and_topped_with_icing_fill_16.wav,filler_other,NA,NA,NA,nun,,,,,JB_1108,
35,aebc910601bc81d8bd9fd8b009404d74f9c559984a8d03eb1dfea0cf2906df8b,NA,which_soft_pastry_made_with_a_certain_spice_is_often_spiral-shaped_and_topped_with_icing_fill_16.wav,filler_other,NA,NA,NA,,,,,,,
35,aebc910601bc81d8bd9fd8b009404d74f9c559984a8d03eb1dfea0cf2906df8b,The question does NOT need any corrections.,what_us_holiday_is_often_celebrated_with_fireworks_and_hotdogs_to_honor_americas_freedom_fill_17.wav,filler_other,NA,NA,NA,nans,,,,,JB_1108,
35,aebc910601bc81d8bd9fd8b009404d74f9c559984a8d03eb1dfea0cf2906df8b,4th of July,what_us_holiday_is_often_celebrated_with_fireworks_and_hotdogs_to_honor_americas_freedom_fill_17.wav,filler_other,NA,NA,NA,,,,,,,
35,aebc910601bc81d8bd9fd8b009404d74f9c559984a8d03eb1dfea0cf2906df8b,The question does NOT need any corrections.,which_tropical_fruit_that_grows_on_palm_trees_is_used_for_oils_and_milks_fill_18.wav,filler_other,NA,NA,NA,nans,,,,,JB_1108,
35,aebc910601bc81d8bd9fd8b009404d74f9c559984a8d03eb1dfea0cf2906df8b,Coconuts,which_tropical_fruit_that_grows_on_palm_trees_is_used_for_oils_and_milks_fill_18.wav,filler_other,NA,NA,NA,,,,,,,
35,aebc910601bc81d8bd9fd8b009404d74f9c559984a8d03eb1dfea0cf2906df8b,The question does NOT need any corrections.,which_season_do_we_associate_with_thanksgiving_the_beginning_of_school_and_leaves_turning_brown_fill_19.wav,filler_other,NA,NA,NA,nans,,,,,JB_1108,
35,aebc910601bc81d8bd9fd8b009404d74f9c559984a8d03eb1dfea0cf2906df8b,Fall,which_season_do_we_associate_with_thanksgiving_the_beginning_of_school_and_leaves_turning_brown_fill_19.wav,filler_other,NA,NA,NA,,,,,,,
35,aebc910601bc81d8bd9fd8b009404d74f9c559984a8d03eb1dfea0cf2906df8b,The question does NOT need any corrections.,what_musician_won_grammys_for_their_album_thriller_which_features_the_hit_song_beat_it_fill_20.wav,filler_other,NA,NA,NA,nans,,,,,JB_1108,
35,aebc910601bc81d8bd9fd8b009404d74f9c559984a8d03eb1dfea0cf2906df8b,Michael Jackson,what_musician_won_grammys_for_their_album_thriller_which_features_the_hit_song_beat_it_fill_20.wav,filler_other,NA,NA,NA,,,,,,,
35,aebc910601bc81d8bd9fd8b009404d74f9c559984a8d03eb1dfea0cf2906df8b,The question does NOT need any corrections.,what_animal_is_typically_white_with_black_spots_and_says_moo_fill_21.wav,filler_other,NA,NA,NA,nans,,,,,JB_1108,
35,aebc910601bc81d8bd9fd8b009404d74f9c559984a8d03eb1dfea0cf2906df8b,Cow,what_animal_is_typically_white_with_black_spots_and_says_moo_fill_21.wav,filler_other,NA,NA,NA,,,,,,,
35,aebc910601bc81d8bd9fd8b009404d74f9c559984a8d03eb1dfea0cf2906df8b,The question does NOT need any corrections.,where_do_the_jolly_christmas_icons_santa_claus_and_his_wife_mrs._claus_live_fill_22.wav,filler_other,NA,NA,NA,nans,,,,,JB_1108,
35,aebc910601bc81d8bd9fd8b009404d74f9c559984a8d03eb1dfea0cf2906df8b,The North Pole,where_do_the_jolly_christmas_icons_santa_claus_and_his_wife_mrs._claus_live_fill_22.wav,filler_other,NA,NA,NA,,,,,,,
35,aebc910601bc81d8bd9fd8b009404d74f9c559984a8d03eb1dfea0cf2906df8b,The question does NOT need any corrections.,in_the_famous_dr_seuss_book_what_orange_and_yellow_character_speaks_for_the_trees_fill_23.wav,filler_other,NA,NA,NA,nans,,,,,JB_1108,
35,aebc910601bc81d8bd9fd8b009404d74f9c559984a8d03eb1dfea0cf2906df8b,The Lorax,in_the_famous_dr_seuss_book_what_orange_and_yellow_character_speaks_for_the_trees_fill_23.wav,filler_other,NA,NA,NA,,,,,,,
35,aebc910601bc81d8bd9fd8b009404d74f9c559984a8d03eb1dfea0cf2906df8b,The question does NOT need any corrections.,in_what_country_would_you_find_landmarks_like_the_pyramids_of_giza_and_great_sphinx_fill_24.wav,filler_other,NA,NA,NA,nans,,,,,JB_1108,
35,aebc910601bc81d8bd9fd8b009404d74f9c559984a8d03eb1dfea0cf2906df8b,Egypt,in_what_country_would_you_find_landmarks_like_the_pyramids_of_giza_and_great_sphinx_fill_24.wav,filler_other,NA,NA,NA,,,,,,,
36,afc8e885a54020982ccdafffa25dde7ba6d64b606f00f5352fdc9374007564ed,The question does NOT need any corrections.,how_many_legs_does_a_dog_normally_have_fill_25.wav,att_check_good,NA,NA,NA,nans,,,a,attention check passed (7/8 correct),JB_1108,
36,afc8e885a54020982ccdafffa25dde7ba6d64b606f00f5352fdc9374007564ed,4,how_many_legs_does_a_dog_normally_have_fill_25.wav,att_check_good,NA,NA,NA,,,,,,,
36,afc8e885a54020982ccdafffa25dde7ba6d64b606f00f5352fdc9374007564ed,The question does NOT need any corrections.,what_state_is_los_angeles_located_in_fill_26.wav,att_check_good,NA,NA,NA,nans,,,a,,JB_1108,
36,afc8e885a54020982ccdafffa25dde7ba6d64b606f00f5352fdc9374007564ed,California,what_state_is_los_angeles_located_in_fill_26.wav,att_check_good,NA,NA,NA,,,,,,,
36,afc8e885a54020982ccdafffa25dde7ba6d64b606f00f5352fdc9374007564ed,The question does NOT need any corrections.,what_day_of_the_week_comes_after_monday_fill_27.wav,att_check_good,NA,NA,NA,nans,,,a,,JB_1108,
36,afc8e885a54020982ccdafffa25dde7ba6d64b606f00f5352fdc9374007564ed,tuesday,what_day_of_the_week_comes_after_monday_fill_27.wav,att_check_good,NA,NA,NA,,,,,,,
36,afc8e885a54020982ccdafffa25dde7ba6d64b606f00f5352fdc9374007564ed,The question does NOT need any corrections.,what_color_is_a_typical_school_bus_fill_28.wav,att_check_good,NA,NA,NA,nans,,,a,,JB_1108,
36,afc8e885a54020982ccdafffa25dde7ba6d64b606f00f5352fdc9374007564ed,yellow,what_color_is_a_typical_school_bus_fill_28.wav,att_check_good,NA,NA,NA,,,,,,,
36,afc8e885a54020982ccdafffa25dde7ba6d64b606f00f5352fdc9374007564ed,The question needs to be CORRECTED.,in_the_cycle_of_seasons_what_season_comes_after_dinter_fill_29.wav,att_check_err,NA,NA,NA,y,,acheckp,,,JB_1108,
36,afc8e885a54020982ccdafffa25dde7ba6d64b606f00f5352fdc9374007564ed,"spring. ""dinter"" needs to be ""winter""",in_the_cycle_of_seasons_what_season_comes_after_dinter_fill_29.wav,att_check_err,NA,NA,NA,,,,,,,
36,afc8e885a54020982ccdafffa25dde7ba6d64b606f00f5352fdc9374007564ed,The question needs to be CORRECTED.,what_insect_undergoes_a_process_of_change_to_turn_into_a_butterfy_fill_30.wav,att_check_err,NA,NA,NA,y,,acheckp,,,JB_1108,
36,afc8e885a54020982ccdafffa25dde7ba6d64b606f00f5352fdc9374007564ed,"caterpillar. its ""butterfly"" not ""butterfry""",what_insect_undergoes_a_process_of_change_to_turn_into_a_butterfy_fill_30.wav,att_check_err,NA,NA,NA,,,,,,,
36,afc8e885a54020982ccdafffa25dde7ba6d64b606f00f5352fdc9374007564ed,The question needs to be CORRECTED.,what_is_the_largest_plant_in_the_solar_system_fill_31.wav,att_check_err,NA,NA,NA,y,,acheckp,,,JB_1108,
36,afc8e885a54020982ccdafffa25dde7ba6d64b606f00f5352fdc9374007564ed,"She says ""Plant"" instead of ""planet""",what_is_the_largest_plant_in_the_solar_system_fill_31.wav,att_check_err,NA,NA,NA,,,,,,,
36,afc8e885a54020982ccdafffa25dde7ba6d64b606f00f5352fdc9374007564ed,The question needs to be CORRECTED.,how_many_embers_were_in_the_beatles_the_british_rock_band_fill_32.wav,att_check_err,NA,NA,NA,y,,acheckf,,,JB_1108,
36,afc8e885a54020982ccdafffa25dde7ba6d64b606f00f5352fdc9374007564ed,"4. they need to pronounce ""beatles"" better",how_many_embers_were_in_the_beatles_the_british_rock_band_fill_32.wav,att_check_err,NA,NA,NA,,,,,,,
36,afc8e885a54020982ccdafffa25dde7ba6d64b606f00f5352fdc9374007564ed,The question needs to be CORRECTED.,for_what_pink_ice_cream_flavor_wheel_companies_do_their_best_to_use_real_fruit_targ_01_B.wav,target,phon_err,make vs. other verb,/ɪ/ --> /i/; will/wheel,y,,otherirr,,,JB_1108,
36,afc8e885a54020982ccdafffa25dde7ba6d64b606f00f5352fdc9374007564ed,Strawberry. The question needs to be phrased differently,for_what_pink_ice_cream_flavor_wheel_companies_do_their_best_to_use_real_fruit_targ_01_B.wav,target,phon_err,make vs. other verb,/ɪ/ --> /i/; will/wheel,,,,,,,
36,afc8e885a54020982ccdafffa25dde7ba6d64b606f00f5352fdc9374007564ed,"The question does NOT need any corrections, but I don't know the answer/ I don't understand what the question is asking.",what_term_refers_to_armored_men_who_enjoyed_to_carry_medieval_swords_that_clash_in_combat_targ_02_C.wav,target,non_phon_err,infinitive vs. participle,/ʃ/ --> /s/; clash/class,nun,,,,,JB_1108,
36,afc8e885a54020982ccdafffa25dde7ba6d64b606f00f5352fdc9374007564ed,na,what_term_refers_to_armored_men_who_enjoyed_to_carry_medieval_swords_that_clash_in_combat_targ_02_C.wav,target,non_phon_err,infinitive vs. participle,/ʃ/ --> /s/; clash/class,,,,,,,
36,afc8e885a54020982ccdafffa25dde7ba6d64b606f00f5352fdc9374007564ed,The question needs to be CORRECTED.,which_scottish_actor_first_played_james_bond_wearing_guilts_to_red_carpets_when_he_had_32_years_old_targ_03_D.wav,target,both_err,have vs. be,/k/ --> /g/; kilt/guilt,y,,otherirr,,,JB_1108,
36,afc8e885a54020982ccdafffa25dde7ba6d64b606f00f5352fdc9374007564ed,Pierce brosnan. The phrasing of the question is weird,which_scottish_actor_first_played_james_bond_wearing_guilts_to_red_carpets_when_he_had_32_years_old_targ_03_D.wav,target,both_err,have vs. be,/k/ --> /g/; kilt/guilt,,,,,,,
36,afc8e885a54020982ccdafffa25dde7ba6d64b606f00f5352fdc9374007564ed,The question needs to be CORRECTED.,what_did_neil_armstrong_say_during_his_very_first_steps_on_the_moon_targ_04_A.wav,target,correct,no aux verbs in questions (lack of do support),/v/ --> /b/; very/berry,y,,otherp,,,JB_1108,
36,afc8e885a54020982ccdafffa25dde7ba6d64b606f00f5352fdc9374007564ed,"one small step for man one giant leap for mankind. it is ""neil"" not ""nel""",what_did_neil_armstrong_say_during_his_very_first_steps_on_the_moon_targ_04_A.wav,target,correct,no aux verbs in questions (lack of do support),/v/ --> /b/; very/berry,,,,,,,
36,afc8e885a54020982ccdafffa25dde7ba6d64b606f00f5352fdc9374007564ed,The question needs to be CORRECTED.,what_kind_of_weather_cooed_cooled_occur_when_it_is_raining_and_below_freezing_targ_05_B.wav,target,phon_err,expletive 'it' dropping,/ʊ/ --> /u/; could/cooed,y,,p,,both target phon error and other,JB_1108,
36,afc8e885a54020982ccdafffa25dde7ba6d64b606f00f5352fdc9374007564ed,"""could"" is pronounced wrong and ""occur"" is pronounced wrong",what_kind_of_weather_cooed_cooled_occur_when_it_is_raining_and_below_freezing_targ_05_B.wav,target,phon_err,expletive 'it' dropping,/ʊ/ --> /u/; could/cooed,,,,,,,
36,afc8e885a54020982ccdafffa25dde7ba6d64b606f00f5352fdc9374007564ed,The question needs to be CORRECTED.,how_many_legs_does_a_garden_spider_canadian_whose_silk_can_make_cloth_have_targ_06_C.wav,target,non_phon_err,adj/noun order,/θ/ --> /t/; cloth/clot,y,,otherirr,,,JB_1108,
36,afc8e885a54020982ccdafffa25dde7ba6d64b606f00f5352fdc9374007564ed,8. This question is kind of word salad.,how_many_legs_does_a_garden_spider_canadian_whose_silk_can_make_cloth_have_targ_06_C.wav,target,non_phon_err,adj/noun order,/θ/ --> /t/; cloth/clot,,,,,,,
36,afc8e885a54020982ccdafffa25dde7ba6d64b606f00f5352fdc9374007564ed,"The question does NOT need any corrections, but I don't know the answer/ I don't understand what the question is asking.",what_childrens_game_makes_people_seat_down_quickly_when_the_music_loud_stops_targ_07_D.wav,target,both_err,adj/noun order,/ɪ/ --> /i/; sit/seat,nun,,,,,JB_1108,
36,afc8e885a54020982ccdafffa25dde7ba6d64b606f00f5352fdc9374007564ed,na,what_childrens_game_makes_people_seat_down_quickly_when_the_music_loud_stops_targ_07_D.wav,target,both_err,adj/noun order,/ɪ/ --> /i/; sit/seat,,,,,,,
36,afc8e885a54020982ccdafffa25dde7ba6d64b606f00f5352fdc9374007564ed,"The question does NOT need any corrections, but I don't know the answer/ I don't understand what the question is asking.",because_it_is_important_to_honor_the_irish_saint_what_holiday_occurs_on_march_17th_targ_08_A.wav,target,correct,expletive 'it' dropping,/ʃ/ --> /s/; Irish/iris,nun,,,,,JB_1108,
36,afc8e885a54020982ccdafffa25dde7ba6d64b606f00f5352fdc9374007564ed,na,because_it_is_important_to_honor_the_irish_saint_what_holiday_occurs_on_march_17th_targ_08_A.wav,target,correct,expletive 'it' dropping,/ʃ/ --> /s/; Irish/iris,,,,,,,
36,afc8e885a54020982ccdafffa25dde7ba6d64b606f00f5352fdc9374007564ed,I’m good — skip to the next question,if_laundry_service_will_gum_in_five_days_and_todays_thursday_when_are_they_doing_laundry_next_targ_09_B.wav,target,phon_err,make vs. other verb,/k/ --> /g/; come/gum,s,,,,,JB_1108,
36,afc8e885a54020982ccdafffa25dde7ba6d64b606f00f5352fdc9374007564ed,NA,if_laundry_service_will_gum_in_five_days_and_todays_thursday_when_are_they_doing_laundry_next_targ_09_B.wav,target,phon_err,make vs. other verb,/k/ --> /g/; come/gum,,,,,,,
36,afc8e885a54020982ccdafffa25dde7ba6d64b606f00f5352fdc9374007564ed,The question needs to be CORRECTED.,who_did_americans_vote_for_to_be_their_first_president_who_avoided_to_serve_three_terms_targ_10_C.wav,target,non_phon_err,infinitive vs. participle,/v/ --> /b/; vote/boat,y,,other?,,might be noticing non-phon error but nothing mentioned explicitly,JB_1108,
36,afc8e885a54020982ccdafffa25dde7ba6d64b606f00f5352fdc9374007564ed,"I'm not sure what she is saying before ""3 terms""",who_did_americans_vote_for_to_be_their_first_president_who_avoided_to_serve_three_terms_targ_10_C.wav,target,non_phon_err,infinitive vs. participle,/v/ --> /b/; vote/boat,,,,,,,
36,afc8e885a54020982ccdafffa25dde7ba6d64b606f00f5352fdc9374007564ed,"The question does NOT need any corrections, but I don't know the answer/ I don't understand what the question is asking.",what_colors_can_have_on_a_traffic_light_which_often_senses_when_cars_pool_up_targ_11_D.wav,target,both_err,have vs. be,/ʊ/ --> /u/; pulls/pools,nun,,,,,JB_1108,
36,afc8e885a54020982ccdafffa25dde7ba6d64b606f00f5352fdc9374007564ed,na,what_colors_can_have_on_a_traffic_light_which_often_senses_when_cars_pool_up_targ_11_D.wav,target,both_err,have vs. be,/ʊ/ --> /u/; pulls/pools,,,,,,,
36,afc8e885a54020982ccdafffa25dde7ba6d64b606f00f5352fdc9374007564ed,The question does NOT need any corrections.,if_youre_on_a_path_from_california_to_hawaii_which_ocean_do_you_go_through_targ_12_A.wav,target,correct,no aux verbs in questions (lack of do support),/θ/ --> /t/; path/pat,nans,,,,,JB_1108,
36,afc8e885a54020982ccdafffa25dde7ba6d64b606f00f5352fdc9374007564ed,Pacific,if_youre_on_a_path_from_california_to_hawaii_which_ocean_do_you_go_through_targ_12_A.wav,target,correct,no aux verbs in questions (lack of do support),/θ/ --> /t/; path/pat,,,,,,,
36,afc8e885a54020982ccdafffa25dde7ba6d64b606f00f5352fdc9374007564ed,The question needs to be CORRECTED.,what_supplies_do_you_need_to_neat_a_scarf_targ_13_B.wav,target,phon_err,no aux verbs in questions (lack of do support),/ɪ/ --> /i/; knit/neat,y,,p,,,JB_1108,
36,afc8e885a54020982ccdafffa25dde7ba6d64b606f00f5352fdc9374007564ed,"knitting needles and yarn. it should be ""knit"" not ""neet""",what_supplies_do_you_need_to_neat_a_scarf_targ_13_B.wav,target,phon_err,no aux verbs in questions (lack of do support),/ɪ/ --> /i/; knit/neat,,,,,,,
36,afc8e885a54020982ccdafffa25dde7ba6d64b606f00f5352fdc9374007564ed,The question needs to be CORRECTED.,what_city_have_people_rushed_to_tour_to_see_where_the_us_government_makes_business_targ_14_C.wav,target,non_phon_err,make vs. other verb,/ʃ/ --> /s/; rushed/rust,y,,other?,,seems to find question confusing overall rather than any specific errors,JB_1108,
36,afc8e885a54020982ccdafffa25dde7ba6d64b606f00f5352fdc9374007564ed,I'm not sure of the answer because the phrasing of the question doesn't make sense,what_city_have_people_rushed_to_tour_to_see_where_the_us_government_makes_business_targ_14_C.wav,target,non_phon_err,make vs. other verb,/ʃ/ --> /s/; rushed/rust,,,,,,,
36,afc8e885a54020982ccdafffa25dde7ba6d64b606f00f5352fdc9374007564ed,The question needs to be CORRECTED.,what_colors_make_up_a_traditional_candy_gain_which_people_enjoy_to_eat_during_christmas_targ_15_D.wav,target,both_err,infinitive vs. participle,/k/ --> /g/; cane/gain,y,,p,,,JB_1108,
36,afc8e885a54020982ccdafffa25dde7ba6d64b606f00f5352fdc9374007564ed,"red and white. it needs to be ""candy cane"" not ""candy gain""",what_colors_make_up_a_traditional_candy_gain_which_people_enjoy_to_eat_during_christmas_targ_15_D.wav,target,both_err,infinitive vs. participle,/k/ --> /g/; cane/gain,,,,,,,
36,afc8e885a54020982ccdafffa25dde7ba6d64b606f00f5352fdc9374007564ed,The question does NOT need any corrections.,where_do_people_get_drivers_licenses_since_it_is_required_as_valid_id_to_drive_targ_16_A.wav,target,correct,expletive 'it' dropping,/v/ --> /b/; valid/ballad,nans,,,,,JB_1108,
36,afc8e885a54020982ccdafffa25dde7ba6d64b606f00f5352fdc9374007564ed,dmv,where_do_people_get_drivers_licenses_since_it_is_required_as_valid_id_to_drive_targ_16_A.wav,target,correct,expletive 'it' dropping,/v/ --> /b/; valid/ballad,,,,,,,
36,afc8e885a54020982ccdafffa25dde7ba6d64b606f00f5352fdc9374007564ed,"The question does NOT need any corrections, but I don't know the answer/ I don't understand what the question is asking.",how_many_days_wooed_wooled_my_tandem_bike_be_gone_if_someone_borrows_it_for_july_targ_17_B.wav,target,phon_err,adj/noun order,/ʊ/ --> /u/; would/wooed,nun,,,,,JB_1108,
36,afc8e885a54020982ccdafffa25dde7ba6d64b606f00f5352fdc9374007564ed,na,how_many_days_wooed_wooled_my_tandem_bike_be_gone_if_someone_borrows_it_for_july_targ_17_B.wav,target,phon_err,adj/noun order,/ʊ/ --> /u/; would/wooed,,,,,,,
36,afc8e885a54020982ccdafffa25dde7ba6d64b606f00f5352fdc9374007564ed,The question needs to be CORRECTED.,when_you_have_hot_what_device_measures_body_temperature_in_both_celsius_and_fahrenheit_targ_18_C.wav,target,non_phon_err,have vs. be,/θ/ --> /t/; both/boat,y,,other?,,might be noticing non-phon error but nothing mentioned explicitly,JB_1108,
36,afc8e885a54020982ccdafffa25dde7ba6d64b606f00f5352fdc9374007564ed,Thermometer. The phrasing of the question doesn't make sense,when_you_have_hot_what_device_measures_body_temperature_in_both_celsius_and_fahrenheit_targ_18_C.wav,target,non_phon_err,have vs. be,/θ/ --> /t/; both/boat,,,,,,,
36,afc8e885a54020982ccdafffa25dde7ba6d64b606f00f5352fdc9374007564ed,The question does NOT need any corrections.,what_big_star_in_our_solar_system_can_steal_be_visible_when_is_cloudy_targ_19_D.wav,target,both_err,expletive 'it' dropping,/ɪ/ --> /i/; still/steal,nans,,,,,JB_1108,
36,afc8e885a54020982ccdafffa25dde7ba6d64b606f00f5352fdc9374007564ed,the sun,what_big_star_in_our_solar_system_can_steal_be_visible_when_is_cloudy_targ_19_D.wav,target,both_err,expletive 'it' dropping,/ɪ/ --> /i/; still/steal,,,,,,,
36,afc8e885a54020982ccdafffa25dde7ba6d64b606f00f5352fdc9374007564ed,The question does NOT need any corrections.,what_popular_us_chain_provides_a_happy_meal_toy_or_plush_when_kids_are_hungry_targ_20_A.wav,target,correct,have vs. be,/ʃ/ --> /s/; plush/plus,nans,,,,,JB_1108,
36,afc8e885a54020982ccdafffa25dde7ba6d64b606f00f5352fdc9374007564ed,mcdonalds,what_popular_us_chain_provides_a_happy_meal_toy_or_plush_when_kids_are_hungry_targ_20_A.wav,target,correct,have vs. be,/ʃ/ --> /s/; plush/plus,,,,,,,
36,afc8e885a54020982ccdafffa25dde7ba6d64b606f00f5352fdc9374007564ed,The question needs to be CORRECTED.,in_the_lion_king_who_does_nala_talk_to_and_is_laying_in_a_got_after_theyve_reunited_targ_21_B.wav,target,phon_err,no aux verbs in questions (lack of do support),/k/ --> /g/; cot/got,y,,other?,,seems to have trouble understanding the sentence in general,JB_1108,
36,afc8e885a54020982ccdafffa25dde7ba6d64b606f00f5352fdc9374007564ed,Simba. The middle of the question sounds like a jumble of words,in_the_lion_king_who_does_nala_talk_to_and_is_laying_in_a_got_after_theyve_reunited_targ_21_B.wav,target,phon_err,no aux verbs in questions (lack of do support),/k/ --> /g/; cot/got,,,,,,,
36,afc8e885a54020982ccdafffa25dde7ba6d64b606f00f5352fdc9374007564ed,"The question does NOT need any corrections, but I don't know the answer/ I don't understand what the question is asking.",if_a_janitor_hardworking_cleaned_a_vent_in_five_minutes_how_many_seconds_is_that_targ_22_C.wav,target,non_phon_err,adj/noun order,/v/ --> /b/; vent/bent,nun,,,,,JB_1108,
36,afc8e885a54020982ccdafffa25dde7ba6d64b606f00f5352fdc9374007564ed,na,if_a_janitor_hardworking_cleaned_a_vent_in_five_minutes_how_many_seconds_is_that_targ_22_C.wav,target,non_phon_err,adj/noun order,/v/ --> /b/; vent/bent,,,,,,,
36,afc8e885a54020982ccdafffa25dde7ba6d64b606f00f5352fdc9374007564ed,The question needs to be CORRECTED.,what_company_created_the_macbook_a_device_fool_of_features_to_help_students_make_homework_targ_23_D.wav,target,both_err,make vs. other verb,/ʊ/ --> /u/; full/fool,y,,np,,,JB_1108,
36,afc8e885a54020982ccdafffa25dde7ba6d64b606f00f5352fdc9374007564ed,"apple. it should say ""created to help students do homework"" not ""make""",what_company_created_the_macbook_a_device_fool_of_features_to_help_students_make_homework_targ_23_D.wav,target,both_err,make vs. other verb,/ʊ/ --> /u/; full/fool,,,,,,,
36,afc8e885a54020982ccdafffa25dde7ba6d64b606f00f5352fdc9374007564ed,The question needs to be CORRECTED.,if_i_consider_leaving_work_after_the_fourth_hour_how_many_minutes_would_that_be_targ_24_A.wav,target,correct,infinitive vs. participle,/θ/ --> /t/; fourth/fort,y,,otherirr,,,JB_1108,
36,afc8e885a54020982ccdafffa25dde7ba6d64b606f00f5352fdc9374007564ed,It should be 4 hours not 4th hour,if_i_consider_leaving_work_after_the_fourth_hour_how_many_minutes_would_that_be_targ_24_A.wav,target,correct,infinitive vs. participle,/θ/ --> /t/; fourth/fort,,,,,,,
36,afc8e885a54020982ccdafffa25dde7ba6d64b606f00f5352fdc9374007564ed,"The question does NOT need any corrections, but I don't know the answer/ I don't understand what the question is asking.",what_letter_in_the_latin_alphabet_corresponds_to_the_greek_letter_alpha_fill_01.wav,filler_other,NA,NA,NA,nun,,,,,JB_1108,
36,afc8e885a54020982ccdafffa25dde7ba6d64b606f00f5352fdc9374007564ed,na,what_letter_in_the_latin_alphabet_corresponds_to_the_greek_letter_alpha_fill_01.wav,filler_other,NA,NA,NA,,,,,,,
36,afc8e885a54020982ccdafffa25dde7ba6d64b606f00f5352fdc9374007564ed,"The question does NOT need any corrections, but I don't know the answer/ I don't understand what the question is asking.",what_organ_is_often_associated_with_being_eaten_by_rotting_flesh_monsters_also_known_as_zombies_fill_02.wav,filler_other,NA,NA,NA,nun,,,,,JB_1108,
36,afc8e885a54020982ccdafffa25dde7ba6d64b606f00f5352fdc9374007564ed,na,what_organ_is_often_associated_with_being_eaten_by_rotting_flesh_monsters_also_known_as_zombies_fill_02.wav,filler_other,NA,NA,NA,,,,,,,
36,afc8e885a54020982ccdafffa25dde7ba6d64b606f00f5352fdc9374007564ed,"The question does NOT need any corrections, but I don't know the answer/ I don't understand what the question is asking.",which_british_celebrity_judge_often_harshly_critiqued_contestants_on_the_nationwide_singing_contest_american_idol_fill_03.wav,filler_other,NA,NA,NA,nun,,,,,JB_1108,
36,afc8e885a54020982ccdafffa25dde7ba6d64b606f00f5352fdc9374007564ed,na,which_british_celebrity_judge_often_harshly_critiqued_contestants_on_the_nationwide_singing_contest_american_idol_fill_03.wav,filler_other,NA,NA,NA,,,,,,,
36,afc8e885a54020982ccdafffa25dde7ba6d64b606f00f5352fdc9374007564ed,The question does NOT need any corrections.,which_cartoon_character_works_at_the_krusty_krab_and_is_best_friends_with_patrick_star_fill_04.wav,filler_other,NA,NA,NA,nans,,,,,JB_1108,
36,afc8e885a54020982ccdafffa25dde7ba6d64b606f00f5352fdc9374007564ed,spongebob,which_cartoon_character_works_at_the_krusty_krab_and_is_best_friends_with_patrick_star_fill_04.wav,filler_other,NA,NA,NA,,,,,,,
36,afc8e885a54020982ccdafffa25dde7ba6d64b606f00f5352fdc9374007564ed,"The question does NOT need any corrections, but I don't know the answer/ I don't understand what the question is asking.",which_body_part_did_van_gogh_allegedly_cut_off_after_an_argument_with_his_friend_fill_05.wav,filler_other,NA,NA,NA,nun,,,,,JB_1108,
36,afc8e885a54020982ccdafffa25dde7ba6d64b606f00f5352fdc9374007564ed,na,which_body_part_did_van_gogh_allegedly_cut_off_after_an_argument_with_his_friend_fill_05.wav,filler_other,NA,NA,NA,,,,,,,
36,afc8e885a54020982ccdafffa25dde7ba6d64b606f00f5352fdc9374007564ed,The question does NOT need any corrections.,what_is_the_name_of_the_comic_strip_featuring_charlie_brown_and_his_dog_snoopy_fill_06.wav,filler_other,NA,NA,NA,nans,,,,,JB_1108,
36,afc8e885a54020982ccdafffa25dde7ba6d64b606f00f5352fdc9374007564ed,peanuts,what_is_the_name_of_the_comic_strip_featuring_charlie_brown_and_his_dog_snoopy_fill_06.wav,filler_other,NA,NA,NA,,,,,,,
36,afc8e885a54020982ccdafffa25dde7ba6d64b606f00f5352fdc9374007564ed,The question needs to be CORRECTED.,what_holiday_occurs_at_the_end_of_october_and_features_trick-or-treating_pumpkins_and_haunted_houses_fill_07.wav,filler_other,NA,NA,NA,y,,otherp,,,JB_1108,
36,afc8e885a54020982ccdafffa25dde7ba6d64b606f00f5352fdc9374007564ed,"Halloween. The word "" occurs"" is pronounced wrong",what_holiday_occurs_at_the_end_of_october_and_features_trick-or-treating_pumpkins_and_haunted_houses_fill_07.wav,filler_other,NA,NA,NA,,,,,,,
36,afc8e885a54020982ccdafffa25dde7ba6d64b606f00f5352fdc9374007564ed,The question does NOT need any corrections.,what_is_the_name_of_the_video_game_character_who_is_a_traveling_italian_plumber_fill_08.wav,filler_other,NA,NA,NA,nans,,,,,JB_1108,
36,afc8e885a54020982ccdafffa25dde7ba6d64b606f00f5352fdc9374007564ed,Mario,what_is_the_name_of_the_video_game_character_who_is_a_traveling_italian_plumber_fill_08.wav,filler_other,NA,NA,NA,,,,,,,
36,afc8e885a54020982ccdafffa25dde7ba6d64b606f00f5352fdc9374007564ed,The question does NOT need any corrections.,what_kind_of_animal_is_mickey_mouse’s_girlfriend_minnie_who_wears_a_bow_fill_09.wav,filler_other,NA,NA,NA,nans,,,,,JB_1108,
36,afc8e885a54020982ccdafffa25dde7ba6d64b606f00f5352fdc9374007564ed,mickey,what_kind_of_animal_is_mickey_mouse’s_girlfriend_minnie_who_wears_a_bow_fill_09.wav,filler_other,NA,NA,NA,,,,,,,
36,afc8e885a54020982ccdafffa25dde7ba6d64b606f00f5352fdc9374007564ed,The question does NOT need any corrections.,which_cartoon_dog_solves_mysteries_with_the_group_fred_daphne_velma_and_shaggy_fill_10.wav,filler_other,NA,NA,NA,nans,,,,,JB_1108,
36,afc8e885a54020982ccdafffa25dde7ba6d64b606f00f5352fdc9374007564ed,scooby,which_cartoon_dog_solves_mysteries_with_the_group_fred_daphne_velma_and_shaggy_fill_10.wav,filler_other,NA,NA,NA,,,,,,,
36,afc8e885a54020982ccdafffa25dde7ba6d64b606f00f5352fdc9374007564ed,The question does NOT need any corrections.,which_fast_food_chain_offers_foot-long_sandwiches_and_has_the_slogan_eat_fresh_fill_11.wav,filler_other,NA,NA,NA,nans,,,,,JB_1108,
36,afc8e885a54020982ccdafffa25dde7ba6d64b606f00f5352fdc9374007564ed,subway,which_fast_food_chain_offers_foot-long_sandwiches_and_has_the_slogan_eat_fresh_fill_11.wav,filler_other,NA,NA,NA,,,,,,,
36,afc8e885a54020982ccdafffa25dde7ba6d64b606f00f5352fdc9374007564ed,The question does NOT need any corrections.,which_oscar-winning_movie_features_tom_hanks_saying_life_is_like_a_box_of_chocolates_fill_12.wav,filler_other,NA,NA,NA,nans,,,,,JB_1108,
36,afc8e885a54020982ccdafffa25dde7ba6d64b606f00f5352fdc9374007564ed,Forrest Gump,which_oscar-winning_movie_features_tom_hanks_saying_life_is_like_a_box_of_chocolates_fill_12.wav,filler_other,NA,NA,NA,,,,,,,
36,afc8e885a54020982ccdafffa25dde7ba6d64b606f00f5352fdc9374007564ed,The question needs to be CORRECTED.,what_novel_has_the_quote_i’m_late_i’m_late_for_a_very_important_date_fill_13.wav,filler_other,NA,NA,NA,y,,otherp,,,JB_1108,
36,afc8e885a54020982ccdafffa25dde7ba6d64b606f00f5352fdc9374007564ed,Alice in wonderland. The word novel isn't pronounced correctly,what_novel_has_the_quote_i’m_late_i’m_late_for_a_very_important_date_fill_13.wav,filler_other,NA,NA,NA,,,,,,,
36,afc8e885a54020982ccdafffa25dde7ba6d64b606f00f5352fdc9374007564ed,The question needs to be CORRECTED.,what_mythical_creatures_have_been_said_to_drink_blood_turn_into_bats_and_hate_onions_fill_14.wav,filler_other,NA,NA,NA,y,,otherirr,,,JB_1108,
36,afc8e885a54020982ccdafffa25dde7ba6d64b606f00f5352fdc9374007564ed,vampires. it should be garlic not onions,what_mythical_creatures_have_been_said_to_drink_blood_turn_into_bats_and_hate_onions_fill_14.wav,filler_other,NA,NA,NA,,,,,,,
36,afc8e885a54020982ccdafffa25dde7ba6d64b606f00f5352fdc9374007564ed,"The question does NOT need any corrections, but I don't know the answer/ I don't understand what the question is asking.",who_discovered_the_law_of_universal_gravitation_which_accounts_for_why_objects_naturally_fall_downwards_fill_15.wav,filler_other,NA,NA,NA,nun,,,,,JB_1108,
36,afc8e885a54020982ccdafffa25dde7ba6d64b606f00f5352fdc9374007564ed,na,who_discovered_the_law_of_universal_gravitation_which_accounts_for_why_objects_naturally_fall_downwards_fill_15.wav,filler_other,NA,NA,NA,,,,,,,
36,afc8e885a54020982ccdafffa25dde7ba6d64b606f00f5352fdc9374007564ed,The question does NOT need any corrections.,which_soft_pastry_made_with_a_certain_spice_is_often_spiral-shaped_and_topped_with_icing_fill_16.wav,filler_other,NA,NA,NA,nans,,,,,JB_1108,
36,afc8e885a54020982ccdafffa25dde7ba6d64b606f00f5352fdc9374007564ed,cinnamon roll,which_soft_pastry_made_with_a_certain_spice_is_often_spiral-shaped_and_topped_with_icing_fill_16.wav,filler_other,NA,NA,NA,,,,,,,
36,afc8e885a54020982ccdafffa25dde7ba6d64b606f00f5352fdc9374007564ed,The question does NOT need any corrections.,what_us_holiday_is_often_celebrated_with_fireworks_and_hotdogs_to_honor_americas_freedom_fill_17.wav,filler_other,NA,NA,NA,nans,,,,,JB_1108,
36,afc8e885a54020982ccdafffa25dde7ba6d64b606f00f5352fdc9374007564ed,4th of july,what_us_holiday_is_often_celebrated_with_fireworks_and_hotdogs_to_honor_americas_freedom_fill_17.wav,filler_other,NA,NA,NA,,,,,,,
36,afc8e885a54020982ccdafffa25dde7ba6d64b606f00f5352fdc9374007564ed,The question does NOT need any corrections.,which_tropical_fruit_that_grows_on_palm_trees_is_used_for_oils_and_milks_fill_18.wav,filler_other,NA,NA,NA,nans,,,,,JB_1108,
36,afc8e885a54020982ccdafffa25dde7ba6d64b606f00f5352fdc9374007564ed,coconut,which_tropical_fruit_that_grows_on_palm_trees_is_used_for_oils_and_milks_fill_18.wav,filler_other,NA,NA,NA,,,,,,,
36,afc8e885a54020982ccdafffa25dde7ba6d64b606f00f5352fdc9374007564ed,The question does NOT need any corrections.,which_season_do_we_associate_with_thanksgiving_the_beginning_of_school_and_leaves_turning_brown_fill_19.wav,filler_other,NA,NA,NA,nans,,,,,JB_1108,
36,afc8e885a54020982ccdafffa25dde7ba6d64b606f00f5352fdc9374007564ed,fall,which_season_do_we_associate_with_thanksgiving_the_beginning_of_school_and_leaves_turning_brown_fill_19.wav,filler_other,NA,NA,NA,,,,,,,
36,afc8e885a54020982ccdafffa25dde7ba6d64b606f00f5352fdc9374007564ed,I’m good — skip to the next question,what_musician_won_grammys_for_their_album_thriller_which_features_the_hit_song_beat_it_fill_20.wav,filler_other,NA,NA,NA,s,,,,,JB_1108,
36,afc8e885a54020982ccdafffa25dde7ba6d64b606f00f5352fdc9374007564ed,NA,what_musician_won_grammys_for_their_album_thriller_which_features_the_hit_song_beat_it_fill_20.wav,filler_other,NA,NA,NA,,,,,,,
36,afc8e885a54020982ccdafffa25dde7ba6d64b606f00f5352fdc9374007564ed,The question does NOT need any corrections.,what_animal_is_typically_white_with_black_spots_and_says_moo_fill_21.wav,filler_other,NA,NA,NA,nans,,,,,JB_1108,
36,afc8e885a54020982ccdafffa25dde7ba6d64b606f00f5352fdc9374007564ed,cow,what_animal_is_typically_white_with_black_spots_and_says_moo_fill_21.wav,filler_other,NA,NA,NA,,,,,,,
36,afc8e885a54020982ccdafffa25dde7ba6d64b606f00f5352fdc9374007564ed,The question does NOT need any corrections.,where_do_the_jolly_christmas_icons_santa_claus_and_his_wife_mrs._claus_live_fill_22.wav,filler_other,NA,NA,NA,nans,,,,,JB_1108,
36,afc8e885a54020982ccdafffa25dde7ba6d64b606f00f5352fdc9374007564ed,the north pole,where_do_the_jolly_christmas_icons_santa_claus_and_his_wife_mrs._claus_live_fill_22.wav,filler_other,NA,NA,NA,,,,,,,
36,afc8e885a54020982ccdafffa25dde7ba6d64b606f00f5352fdc9374007564ed,The question does NOT need any corrections.,in_the_famous_dr_seuss_book_what_orange_and_yellow_character_speaks_for_the_trees_fill_23.wav,filler_other,NA,NA,NA,nans,,,,,JB_1108,
36,afc8e885a54020982ccdafffa25dde7ba6d64b606f00f5352fdc9374007564ed,the lorax,in_the_famous_dr_seuss_book_what_orange_and_yellow_character_speaks_for_the_trees_fill_23.wav,filler_other,NA,NA,NA,,,,,,,
36,afc8e885a54020982ccdafffa25dde7ba6d64b606f00f5352fdc9374007564ed,The question does NOT need any corrections.,in_what_country_would_you_find_landmarks_like_the_pyramids_of_giza_and_great_sphinx_fill_24.wav,filler_other,NA,NA,NA,nans,,,,,JB_1108,
36,afc8e885a54020982ccdafffa25dde7ba6d64b606f00f5352fdc9374007564ed,Egypt,in_what_country_would_you_find_landmarks_like_the_pyramids_of_giza_and_great_sphinx_fill_24.wav,filler_other,NA,NA,NA,,,,,,,
37,b07bd0558a2233758a4e756b1fef79f44060b32fba5df3b299e3bceab04b61c2,The question does NOT need any corrections.,how_many_legs_does_a_dog_normally_have_fill_25.wav,att_check_good,NA,NA,NA,nans,,,a,attention check passed (6/8 correct),JB_1108,
37,b07bd0558a2233758a4e756b1fef79f44060b32fba5df3b299e3bceab04b61c2,four,how_many_legs_does_a_dog_normally_have_fill_25.wav,att_check_good,NA,NA,NA,,,,,,,
37,b07bd0558a2233758a4e756b1fef79f44060b32fba5df3b299e3bceab04b61c2,The question does NOT need any corrections.,what_state_is_los_angeles_located_in_fill_26.wav,att_check_good,NA,NA,NA,nans,,,a,,JB_1108,
37,b07bd0558a2233758a4e756b1fef79f44060b32fba5df3b299e3bceab04b61c2,California,what_state_is_los_angeles_located_in_fill_26.wav,att_check_good,NA,NA,NA,,,,,,,
37,b07bd0558a2233758a4e756b1fef79f44060b32fba5df3b299e3bceab04b61c2,The question does NOT need any corrections.,what_day_of_the_week_comes_after_monday_fill_27.wav,att_check_good,NA,NA,NA,nans,,,a,,JB_1108,
37,b07bd0558a2233758a4e756b1fef79f44060b32fba5df3b299e3bceab04b61c2,Tusday,what_day_of_the_week_comes_after_monday_fill_27.wav,att_check_good,NA,NA,NA,,,,,,,
37,b07bd0558a2233758a4e756b1fef79f44060b32fba5df3b299e3bceab04b61c2,The question needs to be CORRECTED.,what_color_is_a_typical_school_bus_fill_28.wav,att_check_good,NA,NA,NA,y,,otherp,a,,JB_1108,
37,b07bd0558a2233758a4e756b1fef79f44060b32fba5df3b299e3bceab04b61c2,Yellow. school is misprounced skoul,what_color_is_a_typical_school_bus_fill_28.wav,att_check_good,NA,NA,NA,,,,,,,
37,b07bd0558a2233758a4e756b1fef79f44060b32fba5df3b299e3bceab04b61c2,The question needs to be CORRECTED.,in_the_cycle_of_seasons_what_season_comes_after_dinter_fill_29.wav,att_check_err,NA,NA,NA,y,,acheckp,,,JB_1108,
37,b07bd0558a2233758a4e756b1fef79f44060b32fba5df3b299e3bceab04b61c2,Spring. Winter is mispronounced dinter,in_the_cycle_of_seasons_what_season_comes_after_dinter_fill_29.wav,att_check_err,NA,NA,NA,,,,,,,
37,b07bd0558a2233758a4e756b1fef79f44060b32fba5df3b299e3bceab04b61c2,The question does NOT need any corrections.,what_insect_undergoes_a_process_of_change_to_turn_into_a_butterfy_fill_30.wav,att_check_err,NA,NA,NA,nans,,acheckf,,,JB_1108,
37,b07bd0558a2233758a4e756b1fef79f44060b32fba5df3b299e3bceab04b61c2,caterpillar,what_insect_undergoes_a_process_of_change_to_turn_into_a_butterfy_fill_30.wav,att_check_err,NA,NA,NA,,,,,,,
37,b07bd0558a2233758a4e756b1fef79f44060b32fba5df3b299e3bceab04b61c2,The question needs to be CORRECTED.,what_is_the_largest_plant_in_the_solar_system_fill_31.wav,att_check_err,NA,NA,NA,y,,acheckp,,,JB_1108,
37,b07bd0558a2233758a4e756b1fef79f44060b32fba5df3b299e3bceab04b61c2,Jupiter. Planet is mispronounced plant,what_is_the_largest_plant_in_the_solar_system_fill_31.wav,att_check_err,NA,NA,NA,,,,,,,
37,b07bd0558a2233758a4e756b1fef79f44060b32fba5df3b299e3bceab04b61c2,The question does NOT need any corrections.,how_many_embers_were_in_the_beatles_the_british_rock_band_fill_32.wav,att_check_err,NA,NA,NA,nans,,acheckf,,,JB_1108,
37,b07bd0558a2233758a4e756b1fef79f44060b32fba5df3b299e3bceab04b61c2,four,how_many_embers_were_in_the_beatles_the_british_rock_band_fill_32.wav,att_check_err,NA,NA,NA,,,,,,,
37,b07bd0558a2233758a4e756b1fef79f44060b32fba5df3b299e3bceab04b61c2,"The question does NOT need any corrections, but I don't know the answer/ I don't understand what the question is asking.",for_what_pink_ice_cream_flavor_will_companies_make_their_best_to_use_real_fruit_targ_01_C.wav,target,non_phon_err,make vs. other verb,/ɪ/ --> /i/; will/wheel,nun,,,,,JB_1108,
37,b07bd0558a2233758a4e756b1fef79f44060b32fba5df3b299e3bceab04b61c2,NA,for_what_pink_ice_cream_flavor_will_companies_make_their_best_to_use_real_fruit_targ_01_C.wav,target,non_phon_err,make vs. other verb,/ɪ/ --> /i/; will/wheel,,,,,,,
37,b07bd0558a2233758a4e756b1fef79f44060b32fba5df3b299e3bceab04b61c2,"The question does NOT need any corrections, but I don't know the answer/ I don't understand what the question is asking.",what_term_refers_to_armored_men_who_enjoyed_to_carry_medieval_swords_that_class_in_combat_targ_02_D.wav,target,both_err,infinitive vs. participle,/ʃ/ --> /s/; clash/class,nun,,,,,JB_1108,
37,b07bd0558a2233758a4e756b1fef79f44060b32fba5df3b299e3bceab04b61c2,NA,what_term_refers_to_armored_men_who_enjoyed_to_carry_medieval_swords_that_class_in_combat_targ_02_D.wav,target,both_err,infinitive vs. participle,/ʃ/ --> /s/; clash/class,,,,,,,
37,b07bd0558a2233758a4e756b1fef79f44060b32fba5df3b299e3bceab04b61c2,"The question does NOT need any corrections, but I don't know the answer/ I don't understand what the question is asking.",which_scottish_actor_first_played_james_bond_wearing_kilts_to_red_carpets_when_he_was_32_years_old_targ_03_A.wav,target,correct,have vs. be,/k/ --> /g/; kilt/guilt,nun,,,,,JB_1108,
37,b07bd0558a2233758a4e756b1fef79f44060b32fba5df3b299e3bceab04b61c2,NA,which_scottish_actor_first_played_james_bond_wearing_kilts_to_red_carpets_when_he_was_32_years_old_targ_03_A.wav,target,correct,have vs. be,/k/ --> /g/; kilt/guilt,,,,,,,
37,b07bd0558a2233758a4e756b1fef79f44060b32fba5df3b299e3bceab04b61c2,The question needs to be CORRECTED.,what_did_neil_armstrong_say_during_his_berry_first_steps_on_the_moon_targ_04_B.wav,target,phon_err,no aux verbs in questions (lack of do support),/v/ --> /b/; very/berry,y,,otherp,,,JB_1108,
37,b07bd0558a2233758a4e756b1fef79f44060b32fba5df3b299e3bceab04b61c2,One small step for man one giant leap for mankind. Moon is mispronounced moot,what_did_neil_armstrong_say_during_his_berry_first_steps_on_the_moon_targ_04_B.wav,target,phon_err,no aux verbs in questions (lack of do support),/v/ --> /b/; very/berry,,,,,,,
37,b07bd0558a2233758a4e756b1fef79f44060b32fba5df3b299e3bceab04b61c2,The question does NOT need any corrections.,what_kind_of_weather_could_occur_when_is_raining_and_below_freezing_targ_05_C.wav,target,non_phon_err,expletive 'it' dropping,/ʊ/ --> /u/; could/cooed,nans,,,,,JB_1108,
37,b07bd0558a2233758a4e756b1fef79f44060b32fba5df3b299e3bceab04b61c2,sleet,what_kind_of_weather_could_occur_when_is_raining_and_below_freezing_targ_05_C.wav,target,non_phon_err,expletive 'it' dropping,/ʊ/ --> /u/; could/cooed,,,,,,,
37,b07bd0558a2233758a4e756b1fef79f44060b32fba5df3b299e3bceab04b61c2,"The question does NOT need any corrections, but I don't know the answer/ I don't understand what the question is asking.",how_many_legs_does_a_garden_spider_canadian_whose_silk_can_make_clot_have_targ_06_D.wav,target,both_err,adj/noun order,/θ/ --> /t/; cloth/clot,nun,,,,,JB_1108,
37,b07bd0558a2233758a4e756b1fef79f44060b32fba5df3b299e3bceab04b61c2,NA,how_many_legs_does_a_garden_spider_canadian_whose_silk_can_make_clot_have_targ_06_D.wav,target,both_err,adj/noun order,/θ/ --> /t/; cloth/clot,,,,,,,
37,b07bd0558a2233758a4e756b1fef79f44060b32fba5df3b299e3bceab04b61c2,"The question does NOT need any corrections, but I don't know the answer/ I don't understand what the question is asking.",what_childrens_game_makes_people_sit_down_quickly_when_the_loud_music_stops_targ_07_A.wav,target,correct,adj/noun order,/ɪ/ --> /i/; sit/seat,nun,,,,,JB_1108,
37,b07bd0558a2233758a4e756b1fef79f44060b32fba5df3b299e3bceab04b61c2,NA,what_childrens_game_makes_people_sit_down_quickly_when_the_loud_music_stops_targ_07_A.wav,target,correct,adj/noun order,/ɪ/ --> /i/; sit/seat,,,,,,,
37,b07bd0558a2233758a4e756b1fef79f44060b32fba5df3b299e3bceab04b61c2,"The question does NOT need any corrections, but I don't know the answer/ I don't understand what the question is asking.",because_it_is_important_to_honor_the_iris_saint_what_holiday_occurs_on_march_17th_targ_08_B.wav,target,phon_err,expletive 'it' dropping,/ʃ/ --> /s/; Irish/iris,nun,,,,,JB_1108,
37,b07bd0558a2233758a4e756b1fef79f44060b32fba5df3b299e3bceab04b61c2,NA,because_it_is_important_to_honor_the_iris_saint_what_holiday_occurs_on_march_17th_targ_08_B.wav,target,phon_err,expletive 'it' dropping,/ʃ/ --> /s/; Irish/iris,,,,,,,
37,b07bd0558a2233758a4e756b1fef79f44060b32fba5df3b299e3bceab04b61c2,I’m good — skip to the next question,if_laundry_service_will_come_in_five_days_and_todays_thursday_when_are_they_making_laundry_next_targ_09_C.wav,target,non_phon_err,make vs. other verb,/k/ --> /g/; come/gum,s,,,,,JB_1108,
37,b07bd0558a2233758a4e756b1fef79f44060b32fba5df3b299e3bceab04b61c2,NA,if_laundry_service_will_come_in_five_days_and_todays_thursday_when_are_they_making_laundry_next_targ_09_C.wav,target,non_phon_err,make vs. other verb,/k/ --> /g/; come/gum,,,,,,,
37,b07bd0558a2233758a4e756b1fef79f44060b32fba5df3b299e3bceab04b61c2,"The question does NOT need any corrections, but I don't know the answer/ I don't understand what the question is asking.",who_did_americans_boat_for_to_be_their_first_president_who_avoided_to_serve_three_terms_targ_10_D.wav,target,both_err,infinitive vs. participle,/v/ --> /b/; vote/boat,nun,,,,,JB_1108,
37,b07bd0558a2233758a4e756b1fef79f44060b32fba5df3b299e3bceab04b61c2,NA,who_did_americans_boat_for_to_be_their_first_president_who_avoided_to_serve_three_terms_targ_10_D.wav,target,both_err,infinitive vs. participle,/v/ --> /b/; vote/boat,,,,,,,
37,b07bd0558a2233758a4e756b1fef79f44060b32fba5df3b299e3bceab04b61c2,"The question does NOT need any corrections, but I don't know the answer/ I don't understand what the question is asking.",what_colors_can_be_on_a_traffic_light_which_often_senses_when_cars_pull_up_targ_11_A.wav,target,correct,have vs. be,/ʊ/ --> /u/; pulls/pools,nun,,,,,JB_1108,
37,b07bd0558a2233758a4e756b1fef79f44060b32fba5df3b299e3bceab04b61c2,NA,what_colors_can_be_on_a_traffic_light_which_often_senses_when_cars_pull_up_targ_11_A.wav,target,correct,have vs. be,/ʊ/ --> /u/; pulls/pools,,,,,,,
37,b07bd0558a2233758a4e756b1fef79f44060b32fba5df3b299e3bceab04b61c2,The question does NOT need any corrections.,if_youre_on_a_pat_from_california_to_hawaii_which_ocean_do_you_go_through_targ_12_B.wav,target,phon_err,no aux verbs in questions (lack of do support),/θ/ --> /t/; path/pat,nans,,,,,JB_1108,
37,b07bd0558a2233758a4e756b1fef79f44060b32fba5df3b299e3bceab04b61c2,Pacific. Path is mispronounced pat,if_youre_on_a_pat_from_california_to_hawaii_which_ocean_do_you_go_through_targ_12_B.wav,target,phon_err,no aux verbs in questions (lack of do support),/θ/ --> /t/; path/pat,,,,,,,
37,b07bd0558a2233758a4e756b1fef79f44060b32fba5df3b299e3bceab04b61c2,"The question does NOT need any corrections, but I don't know the answer/ I don't understand what the question is asking.",what_supplies_you_need_to_knit_a_scarf_targ_13_C.wav,target,non_phon_err,no aux verbs in questions (lack of do support),/ɪ/ --> /i/; knit/neat,nun,,,,,JB_1108,
37,b07bd0558a2233758a4e756b1fef79f44060b32fba5df3b299e3bceab04b61c2,NA,what_supplies_you_need_to_knit_a_scarf_targ_13_C.wav,target,non_phon_err,no aux verbs in questions (lack of do support),/ɪ/ --> /i/; knit/neat,,,,,,,
37,b07bd0558a2233758a4e756b1fef79f44060b32fba5df3b299e3bceab04b61c2,"The question does NOT need any corrections, but I don't know the answer/ I don't understand what the question is asking.",what_city_have_people_rust_to_tour_to_see_where_the_us_government_makes_business_targ_14_D.wav,target,both_err,make vs. other verb,/ʃ/ --> /s/; rushed/rust,nun,,,,,JB_1108,
37,b07bd0558a2233758a4e756b1fef79f44060b32fba5df3b299e3bceab04b61c2,NA,what_city_have_people_rust_to_tour_to_see_where_the_us_government_makes_business_targ_14_D.wav,target,both_err,make vs. other verb,/ʃ/ --> /s/; rushed/rust,,,,,,,
37,b07bd0558a2233758a4e756b1fef79f44060b32fba5df3b299e3bceab04b61c2,The question does NOT need any corrections.,what_colors_make_up_a_traditional_candy_cane_which_people_enjoy_eating_during_christmas_targ_15_A.wav,target,correct,infinitive vs. participle,/k/ --> /g/; cane/gain,nans,,,,,JB_1108,
37,b07bd0558a2233758a4e756b1fef79f44060b32fba5df3b299e3bceab04b61c2,Red and white,what_colors_make_up_a_traditional_candy_cane_which_people_enjoy_eating_during_christmas_targ_15_A.wav,target,correct,infinitive vs. participle,/k/ --> /g/; cane/gain,,,,,,,
37,b07bd0558a2233758a4e756b1fef79f44060b32fba5df3b299e3bceab04b61c2,The question does NOT need any corrections.,where_do_people_get_drivers_licenses_since_it_is_required_as_ballad_id_to_drive_targ_16_B.wav,target,phon_err,expletive 'it' dropping,/v/ --> /b/; valid/ballad,nans,,,,,JB_1108,
37,b07bd0558a2233758a4e756b1fef79f44060b32fba5df3b299e3bceab04b61c2,BMV,where_do_people_get_drivers_licenses_since_it_is_required_as_ballad_id_to_drive_targ_16_B.wav,target,phon_err,expletive 'it' dropping,/v/ --> /b/; valid/ballad,,,,,,,
37,b07bd0558a2233758a4e756b1fef79f44060b32fba5df3b299e3bceab04b61c2,The question does NOT need any corrections.,how_many_days_would_my_bike_tandem_be_gone_if_someone_borrows_it_for_july_targ_17_C.wav,target,non_phon_err,adj/noun order,/ʊ/ --> /u/; would/wooed,nans,,,,,JB_1108,
37,b07bd0558a2233758a4e756b1fef79f44060b32fba5df3b299e3bceab04b61c2,31,how_many_days_would_my_bike_tandem_be_gone_if_someone_borrows_it_for_july_targ_17_C.wav,target,non_phon_err,adj/noun order,/ʊ/ --> /u/; would/wooed,,,,,,,
37,b07bd0558a2233758a4e756b1fef79f44060b32fba5df3b299e3bceab04b61c2,"The question does NOT need any corrections, but I don't know the answer/ I don't understand what the question is asking.",when_you_have_hot_what_device_measures_body_temperature_in_boat_celsius_and_fahrenheit_targ_18_D.wav,target,both_err,have vs. be,/θ/ --> /t/; both/boat,nun,,,,,JB_1108,
37,b07bd0558a2233758a4e756b1fef79f44060b32fba5df3b299e3bceab04b61c2,NA,when_you_have_hot_what_device_measures_body_temperature_in_boat_celsius_and_fahrenheit_targ_18_D.wav,target,both_err,have vs. be,/θ/ --> /t/; both/boat,,,,,,,
37,b07bd0558a2233758a4e756b1fef79f44060b32fba5df3b299e3bceab04b61c2,"The question does NOT need any corrections, but I don't know the answer/ I don't understand what the question is asking.",what_big_star_in_our_solar_system_can_still_be_visible_when_it_is_cloudy_targ_19_A.wav,target,correct,expletive 'it' dropping,/ɪ/ --> /i/; still/steal,nun,,,,,JB_1108,
37,b07bd0558a2233758a4e756b1fef79f44060b32fba5df3b299e3bceab04b61c2,NA,what_big_star_in_our_solar_system_can_still_be_visible_when_it_is_cloudy_targ_19_A.wav,target,correct,expletive 'it' dropping,/ɪ/ --> /i/; still/steal,,,,,,,
37,b07bd0558a2233758a4e756b1fef79f44060b32fba5df3b299e3bceab04b61c2,"The question does NOT need any corrections, but I don't know the answer/ I don't understand what the question is asking.",what_popular_us_chain_provides_a_happy_meal_toy_or_plus_when_kids_are_hungry_targ_20_B.wav,target,phon_err,have vs. be,/ʃ/ --> /s/; plush/plus,nun,,,,,JB_1108,
37,b07bd0558a2233758a4e756b1fef79f44060b32fba5df3b299e3bceab04b61c2,NA,what_popular_us_chain_provides_a_happy_meal_toy_or_plus_when_kids_are_hungry_targ_20_B.wav,target,phon_err,have vs. be,/ʃ/ --> /s/; plush/plus,,,,,,,
37,b07bd0558a2233758a4e756b1fef79f44060b32fba5df3b299e3bceab04b61c2,"The question does NOT need any corrections, but I don't know the answer/ I don't understand what the question is asking.",in_the_lion_king_who_nala_talk_to_and_is_laying_in_a_cot_after_theyve_reunited_targ_21_C.wav,target,non_phon_err,no aux verbs in questions (lack of do support),/k/ --> /g/; cot/got,nun,,,,,JB_1108,
37,b07bd0558a2233758a4e756b1fef79f44060b32fba5df3b299e3bceab04b61c2,NA,in_the_lion_king_who_nala_talk_to_and_is_laying_in_a_cot_after_theyve_reunited_targ_21_C.wav,target,non_phon_err,no aux verbs in questions (lack of do support),/k/ --> /g/; cot/got,,,,,,,
37,b07bd0558a2233758a4e756b1fef79f44060b32fba5df3b299e3bceab04b61c2,The question needs to be CORRECTED.,if_a_janitor_hardworking_cleaned_a_bent_in_five_minutes_how_many_seconds_is_that_targ_22_D.wav,target,both_err,adj/noun order,/v/ --> /b/; vent/bent,y,,np?,,seems to be noticing np error but recommends removing 'hardworking' instead of saying to switch word order,JB_1108,
37,b07bd0558a2233758a4e756b1fef79f44060b32fba5df3b299e3bceab04b61c2,300. hard working is not needed in the question,if_a_janitor_hardworking_cleaned_a_bent_in_five_minutes_how_many_seconds_is_that_targ_22_D.wav,target,both_err,adj/noun order,/v/ --> /b/; vent/bent,,,,,,,
37,b07bd0558a2233758a4e756b1fef79f44060b32fba5df3b299e3bceab04b61c2,The question does NOT need any corrections.,what_company_created_the_macbook_a_device_full_of_features_to_help_students_do_homework_targ_23_A.wav,target,correct,make vs. other verb,/ʊ/ --> /u/; full/fool,nans,,,,,JB_1108,
37,b07bd0558a2233758a4e756b1fef79f44060b32fba5df3b299e3bceab04b61c2,apple,what_company_created_the_macbook_a_device_full_of_features_to_help_students_do_homework_targ_23_A.wav,target,correct,make vs. other verb,/ʊ/ --> /u/; full/fool,,,,,,,
37,b07bd0558a2233758a4e756b1fef79f44060b32fba5df3b299e3bceab04b61c2,The question needs to be CORRECTED.,if_i_consider_leaving_work_after_the_fort_hour_how_many_minutes_would_that_be_targ_24_B.wav,target,phon_err,infinitive vs. participle,/θ/ --> /t/; fourth/fort,y,,otherp,,,JB_1108,
37,b07bd0558a2233758a4e756b1fef79f44060b32fba5df3b299e3bceab04b61c2,240. Minutes is mispronounced meenits,if_i_consider_leaving_work_after_the_fort_hour_how_many_minutes_would_that_be_targ_24_B.wav,target,phon_err,infinitive vs. participle,/θ/ --> /t/; fourth/fort,,,,,,,
37,b07bd0558a2233758a4e756b1fef79f44060b32fba5df3b299e3bceab04b61c2,"The question does NOT need any corrections, but I don't know the answer/ I don't understand what the question is asking.",what_letter_in_the_latin_alphabet_corresponds_to_the_greek_letter_alpha_fill_01.wav,filler_other,NA,NA,NA,nun,,,,,JB_1108,
37,b07bd0558a2233758a4e756b1fef79f44060b32fba5df3b299e3bceab04b61c2,NA,what_letter_in_the_latin_alphabet_corresponds_to_the_greek_letter_alpha_fill_01.wav,filler_other,NA,NA,NA,,,,,,,
37,b07bd0558a2233758a4e756b1fef79f44060b32fba5df3b299e3bceab04b61c2,The question does NOT need any corrections.,what_organ_is_often_associated_with_being_eaten_by_rotting_flesh_monsters_also_known_as_zombies_fill_02.wav,filler_other,NA,NA,NA,nans,,,,,JB_1108,
37,b07bd0558a2233758a4e756b1fef79f44060b32fba5df3b299e3bceab04b61c2,Brain,what_organ_is_often_associated_with_being_eaten_by_rotting_flesh_monsters_also_known_as_zombies_fill_02.wav,filler_other,NA,NA,NA,,,,,,,
37,b07bd0558a2233758a4e756b1fef79f44060b32fba5df3b299e3bceab04b61c2,"The question does NOT need any corrections, but I don't know the answer/ I don't understand what the question is asking.",which_british_celebrity_judge_often_harshly_critiqued_contestants_on_the_nationwide_singing_contest_american_idol_fill_03.wav,filler_other,NA,NA,NA,nun,,,,,JB_1108,
37,b07bd0558a2233758a4e756b1fef79f44060b32fba5df3b299e3bceab04b61c2,NA,which_british_celebrity_judge_often_harshly_critiqued_contestants_on_the_nationwide_singing_contest_american_idol_fill_03.wav,filler_other,NA,NA,NA,,,,,,,
37,b07bd0558a2233758a4e756b1fef79f44060b32fba5df3b299e3bceab04b61c2,The question does NOT need any corrections.,which_cartoon_character_works_at_the_krusty_krab_and_is_best_friends_with_patrick_star_fill_04.wav,filler_other,NA,NA,NA,nans,,,,,JB_1108,
37,b07bd0558a2233758a4e756b1fef79f44060b32fba5df3b299e3bceab04b61c2,sponge bob,which_cartoon_character_works_at_the_krusty_krab_and_is_best_friends_with_patrick_star_fill_04.wav,filler_other,NA,NA,NA,,,,,,,
37,b07bd0558a2233758a4e756b1fef79f44060b32fba5df3b299e3bceab04b61c2,The question does NOT need any corrections.,which_body_part_did_van_gogh_allegedly_cut_off_after_an_argument_with_his_friend_fill_05.wav,filler_other,NA,NA,NA,nans,,,,,JB_1108,
37,b07bd0558a2233758a4e756b1fef79f44060b32fba5df3b299e3bceab04b61c2,ear,which_body_part_did_van_gogh_allegedly_cut_off_after_an_argument_with_his_friend_fill_05.wav,filler_other,NA,NA,NA,,,,,,,
37,b07bd0558a2233758a4e756b1fef79f44060b32fba5df3b299e3bceab04b61c2,"The question does NOT need any corrections, but I don't know the answer/ I don't understand what the question is asking.",what_is_the_name_of_the_comic_strip_featuring_charlie_brown_and_his_dog_snoopy_fill_06.wav,filler_other,NA,NA,NA,nun,,,,,JB_1108,
37,b07bd0558a2233758a4e756b1fef79f44060b32fba5df3b299e3bceab04b61c2,NA,what_is_the_name_of_the_comic_strip_featuring_charlie_brown_and_his_dog_snoopy_fill_06.wav,filler_other,NA,NA,NA,,,,,,,
37,b07bd0558a2233758a4e756b1fef79f44060b32fba5df3b299e3bceab04b61c2,The question does NOT need any corrections.,what_holiday_occurs_at_the_end_of_october_and_features_trick-or-treating_pumpkins_and_haunted_houses_fill_07.wav,filler_other,NA,NA,NA,nans,,,,,JB_1108,
37,b07bd0558a2233758a4e756b1fef79f44060b32fba5df3b299e3bceab04b61c2,Halloween,what_holiday_occurs_at_the_end_of_october_and_features_trick-or-treating_pumpkins_and_haunted_houses_fill_07.wav,filler_other,NA,NA,NA,,,,,,,
37,b07bd0558a2233758a4e756b1fef79f44060b32fba5df3b299e3bceab04b61c2,"The question does NOT need any corrections, but I don't know the answer/ I don't understand what the question is asking.",what_is_the_name_of_the_video_game_character_who_is_a_traveling_italian_plumber_fill_08.wav,filler_other,NA,NA,NA,nun,,,,,JB_1108,
37,b07bd0558a2233758a4e756b1fef79f44060b32fba5df3b299e3bceab04b61c2,NA,what_is_the_name_of_the_video_game_character_who_is_a_traveling_italian_plumber_fill_08.wav,filler_other,NA,NA,NA,,,,,,,
37,b07bd0558a2233758a4e756b1fef79f44060b32fba5df3b299e3bceab04b61c2,The question does NOT need any corrections.,what_kind_of_animal_is_mickey_mouse’s_girlfriend_minnie_who_wears_a_bow_fill_09.wav,filler_other,NA,NA,NA,nans,,,,,JB_1108,
37,b07bd0558a2233758a4e756b1fef79f44060b32fba5df3b299e3bceab04b61c2,mouse,what_kind_of_animal_is_mickey_mouse’s_girlfriend_minnie_who_wears_a_bow_fill_09.wav,filler_other,NA,NA,NA,,,,,,,
37,b07bd0558a2233758a4e756b1fef79f44060b32fba5df3b299e3bceab04b61c2,The question does NOT need any corrections.,which_cartoon_dog_solves_mysteries_with_the_group_fred_daphne_velma_and_shaggy_fill_10.wav,filler_other,NA,NA,NA,nans,,,,,JB_1108,
37,b07bd0558a2233758a4e756b1fef79f44060b32fba5df3b299e3bceab04b61c2,Scooby Do,which_cartoon_dog_solves_mysteries_with_the_group_fred_daphne_velma_and_shaggy_fill_10.wav,filler_other,NA,NA,NA,,,,,,,
37,b07bd0558a2233758a4e756b1fef79f44060b32fba5df3b299e3bceab04b61c2,The question needs to be CORRECTED.,which_fast_food_chain_offers_foot-long_sandwiches_and_has_the_slogan_eat_fresh_fill_11.wav,filler_other,NA,NA,NA,y,,otherp,,,JB_1108,
37,b07bd0558a2233758a4e756b1fef79f44060b32fba5df3b299e3bceab04b61c2,Subway. slogan is mispronounced sogn,which_fast_food_chain_offers_foot-long_sandwiches_and_has_the_slogan_eat_fresh_fill_11.wav,filler_other,NA,NA,NA,,,,,,,
37,b07bd0558a2233758a4e756b1fef79f44060b32fba5df3b299e3bceab04b61c2,The question does NOT need any corrections.,which_oscar-winning_movie_features_tom_hanks_saying_life_is_like_a_box_of_chocolates_fill_12.wav,filler_other,NA,NA,NA,nans,,,,,JB_1108,
37,b07bd0558a2233758a4e756b1fef79f44060b32fba5df3b299e3bceab04b61c2,Forest Gump,which_oscar-winning_movie_features_tom_hanks_saying_life_is_like_a_box_of_chocolates_fill_12.wav,filler_other,NA,NA,NA,,,,,,,
37,b07bd0558a2233758a4e756b1fef79f44060b32fba5df3b299e3bceab04b61c2,"The question does NOT need any corrections, but I don't know the answer/ I don't understand what the question is asking.",what_novel_has_the_quote_i’m_late_i’m_late_for_a_very_important_date_fill_13.wav,filler_other,NA,NA,NA,nun,,,,,JB_1108,
37,b07bd0558a2233758a4e756b1fef79f44060b32fba5df3b299e3bceab04b61c2,NA,what_novel_has_the_quote_i’m_late_i’m_late_for_a_very_important_date_fill_13.wav,filler_other,NA,NA,NA,,,,,,,
37,b07bd0558a2233758a4e756b1fef79f44060b32fba5df3b299e3bceab04b61c2,The question needs to be CORRECTED.,what_mythical_creatures_have_been_said_to_drink_blood_turn_into_bats_and_hate_onions_fill_14.wav,filler_other,NA,NA,NA,y,,otherp,,,JB_1108,
37,b07bd0558a2233758a4e756b1fef79f44060b32fba5df3b299e3bceab04b61c2,Vampire. onions is mispronounced onins,what_mythical_creatures_have_been_said_to_drink_blood_turn_into_bats_and_hate_onions_fill_14.wav,filler_other,NA,NA,NA,,,,,,,
37,b07bd0558a2233758a4e756b1fef79f44060b32fba5df3b299e3bceab04b61c2,"The question does NOT need any corrections, but I don't know the answer/ I don't understand what the question is asking.",who_discovered_the_law_of_universal_gravitation_which_accounts_for_why_objects_naturally_fall_downwards_fill_15.wav,filler_other,NA,NA,NA,nun,,,,,JB_1108,
37,b07bd0558a2233758a4e756b1fef79f44060b32fba5df3b299e3bceab04b61c2,NA,who_discovered_the_law_of_universal_gravitation_which_accounts_for_why_objects_naturally_fall_downwards_fill_15.wav,filler_other,NA,NA,NA,,,,,,,
37,b07bd0558a2233758a4e756b1fef79f44060b32fba5df3b299e3bceab04b61c2,"The question does NOT need any corrections, but I don't know the answer/ I don't understand what the question is asking.",which_soft_pastry_made_with_a_certain_spice_is_often_spiral-shaped_and_topped_with_icing_fill_16.wav,filler_other,NA,NA,NA,nun,,,,,JB_1108,
37,b07bd0558a2233758a4e756b1fef79f44060b32fba5df3b299e3bceab04b61c2,NA,which_soft_pastry_made_with_a_certain_spice_is_often_spiral-shaped_and_topped_with_icing_fill_16.wav,filler_other,NA,NA,NA,,,,,,,
37,b07bd0558a2233758a4e756b1fef79f44060b32fba5df3b299e3bceab04b61c2,The question does NOT need any corrections.,what_us_holiday_is_often_celebrated_with_fireworks_and_hotdogs_to_honor_americas_freedom_fill_17.wav,filler_other,NA,NA,NA,nans,,,,,JB_1108,
37,b07bd0558a2233758a4e756b1fef79f44060b32fba5df3b299e3bceab04b61c2,4th of July,what_us_holiday_is_often_celebrated_with_fireworks_and_hotdogs_to_honor_americas_freedom_fill_17.wav,filler_other,NA,NA,NA,,,,,,,
37,b07bd0558a2233758a4e756b1fef79f44060b32fba5df3b299e3bceab04b61c2,"The question does NOT need any corrections, but I don't know the answer/ I don't understand what the question is asking.",which_tropical_fruit_that_grows_on_palm_trees_is_used_for_oils_and_milks_fill_18.wav,filler_other,NA,NA,NA,nun,,,,,JB_1108,
37,b07bd0558a2233758a4e756b1fef79f44060b32fba5df3b299e3bceab04b61c2,NA,which_tropical_fruit_that_grows_on_palm_trees_is_used_for_oils_and_milks_fill_18.wav,filler_other,NA,NA,NA,,,,,,,
37,b07bd0558a2233758a4e756b1fef79f44060b32fba5df3b299e3bceab04b61c2,The question does NOT need any corrections.,which_season_do_we_associate_with_thanksgiving_the_beginning_of_school_and_leaves_turning_brown_fill_19.wav,filler_other,NA,NA,NA,nans,,,,,JB_1108,
37,b07bd0558a2233758a4e756b1fef79f44060b32fba5df3b299e3bceab04b61c2,fall,which_season_do_we_associate_with_thanksgiving_the_beginning_of_school_and_leaves_turning_brown_fill_19.wav,filler_other,NA,NA,NA,,,,,,,
37,b07bd0558a2233758a4e756b1fef79f44060b32fba5df3b299e3bceab04b61c2,The question does NOT need any corrections.,what_musician_won_grammys_for_their_album_thriller_which_features_the_hit_song_beat_it_fill_20.wav,filler_other,NA,NA,NA,nans,,,,,JB_1108,
37,b07bd0558a2233758a4e756b1fef79f44060b32fba5df3b299e3bceab04b61c2,Michael Jackson,what_musician_won_grammys_for_their_album_thriller_which_features_the_hit_song_beat_it_fill_20.wav,filler_other,NA,NA,NA,,,,,,,
37,b07bd0558a2233758a4e756b1fef79f44060b32fba5df3b299e3bceab04b61c2,The question does NOT need any corrections.,what_animal_is_typically_white_with_black_spots_and_says_moo_fill_21.wav,filler_other,NA,NA,NA,nans,,,,,JB_1108,
37,b07bd0558a2233758a4e756b1fef79f44060b32fba5df3b299e3bceab04b61c2,cow,what_animal_is_typically_white_with_black_spots_and_says_moo_fill_21.wav,filler_other,NA,NA,NA,,,,,,,
37,b07bd0558a2233758a4e756b1fef79f44060b32fba5df3b299e3bceab04b61c2,The question does NOT need any corrections.,where_do_the_jolly_christmas_icons_santa_claus_and_his_wife_mrs._claus_live_fill_22.wav,filler_other,NA,NA,NA,nans,,,,,JB_1108,
37,b07bd0558a2233758a4e756b1fef79f44060b32fba5df3b299e3bceab04b61c2,North Pole,where_do_the_jolly_christmas_icons_santa_claus_and_his_wife_mrs._claus_live_fill_22.wav,filler_other,NA,NA,NA,,,,,,,
37,b07bd0558a2233758a4e756b1fef79f44060b32fba5df3b299e3bceab04b61c2,"The question does NOT need any corrections, but I don't know the answer/ I don't understand what the question is asking.",in_the_famous_dr_seuss_book_what_orange_and_yellow_character_speaks_for_the_trees_fill_23.wav,filler_other,NA,NA,NA,nun,,,,,JB_1108,
37,b07bd0558a2233758a4e756b1fef79f44060b32fba5df3b299e3bceab04b61c2,NA,in_the_famous_dr_seuss_book_what_orange_and_yellow_character_speaks_for_the_trees_fill_23.wav,filler_other,NA,NA,NA,,,,,,,
37,b07bd0558a2233758a4e756b1fef79f44060b32fba5df3b299e3bceab04b61c2,The question needs to be CORRECTED.,in_what_country_would_you_find_landmarks_like_the_pyramids_of_giza_and_great_sphinx_fill_24.wav,filler_other,NA,NA,NA,y,,otherp,,,JB_1108,
37,b07bd0558a2233758a4e756b1fef79f44060b32fba5df3b299e3bceab04b61c2,Egypt. sphinx is mist pronounced fink,in_what_country_would_you_find_landmarks_like_the_pyramids_of_giza_and_great_sphinx_fill_24.wav,filler_other,NA,NA,NA,,,,,,,
38,b4207edb7515ca6b8d390d645bca68f261f23b44f130214f22f57d89b53f1b4c,The question does NOT need any corrections.,how_many_legs_does_a_dog_normally_have_fill_25.wav,att_check_good,NA,NA,NA,nans,,,a,attention check passed (8/8 correct),JB_1108,
38,b4207edb7515ca6b8d390d645bca68f261f23b44f130214f22f57d89b53f1b4c,4,how_many_legs_does_a_dog_normally_have_fill_25.wav,att_check_good,NA,NA,NA,,,,,,,
38,b4207edb7515ca6b8d390d645bca68f261f23b44f130214f22f57d89b53f1b4c,The question does NOT need any corrections.,what_state_is_los_angeles_located_in_fill_26.wav,att_check_good,NA,NA,NA,nans,,,a,,JB_1108,
38,b4207edb7515ca6b8d390d645bca68f261f23b44f130214f22f57d89b53f1b4c,California,what_state_is_los_angeles_located_in_fill_26.wav,att_check_good,NA,NA,NA,,,,,,,
38,b4207edb7515ca6b8d390d645bca68f261f23b44f130214f22f57d89b53f1b4c,The question does NOT need any corrections.,what_day_of_the_week_comes_after_monday_fill_27.wav,att_check_good,NA,NA,NA,nans,,,a,,JB_1108,
38,b4207edb7515ca6b8d390d645bca68f261f23b44f130214f22f57d89b53f1b4c,Tuesday,what_day_of_the_week_comes_after_monday_fill_27.wav,att_check_good,NA,NA,NA,,,,,,,
38,b4207edb7515ca6b8d390d645bca68f261f23b44f130214f22f57d89b53f1b4c,The question does NOT need any corrections.,what_color_is_a_typical_school_bus_fill_28.wav,att_check_good,NA,NA,NA,nans,,,a,,JB_1108,
38,b4207edb7515ca6b8d390d645bca68f261f23b44f130214f22f57d89b53f1b4c,yellow,what_color_is_a_typical_school_bus_fill_28.wav,att_check_good,NA,NA,NA,,,,,,,
38,b4207edb7515ca6b8d390d645bca68f261f23b44f130214f22f57d89b53f1b4c,The question needs to be CORRECTED.,in_the_cycle_of_seasons_what_season_comes_after_dinter_fill_29.wav,att_check_err,NA,NA,NA,y,,acheckp,,,JB_1108,
38,b4207edb7515ca6b8d390d645bca68f261f23b44f130214f22f57d89b53f1b4c,"Spring; ""winter"" is pronounced as ""dinter"" so there is a sound error",in_the_cycle_of_seasons_what_season_comes_after_dinter_fill_29.wav,att_check_err,NA,NA,NA,,,,,,,
38,b4207edb7515ca6b8d390d645bca68f261f23b44f130214f22f57d89b53f1b4c,The question needs to be CORRECTED.,what_insect_undergoes_a_process_of_change_to_turn_into_a_butterfy_fill_30.wav,att_check_err,NA,NA,NA,y,,acheckp,,,JB_1108,
38,b4207edb7515ca6b8d390d645bca68f261f23b44f130214f22f57d89b53f1b4c,"caterpillar; ""butterfly"" is pronounced as ""butterfy"" so there is a sound error.",what_insect_undergoes_a_process_of_change_to_turn_into_a_butterfy_fill_30.wav,att_check_err,NA,NA,NA,,,,,,,
38,b4207edb7515ca6b8d390d645bca68f261f23b44f130214f22f57d89b53f1b4c,The question needs to be CORRECTED.,what_is_the_largest_plant_in_the_solar_system_fill_31.wav,att_check_err,NA,NA,NA,y,,acheckp,,,JB_1108,
38,b4207edb7515ca6b8d390d645bca68f261f23b44f130214f22f57d89b53f1b4c,"Jupiter; ""planet"" is pronounced as ""plant"" so there is a sound error",what_is_the_largest_plant_in_the_solar_system_fill_31.wav,att_check_err,NA,NA,NA,,,,,,,
38,b4207edb7515ca6b8d390d645bca68f261f23b44f130214f22f57d89b53f1b4c,The question needs to be CORRECTED.,how_many_embers_were_in_the_beatles_the_british_rock_band_fill_32.wav,att_check_err,NA,NA,NA,y,,acheckp,,,JB_1108,
38,b4207edb7515ca6b8d390d645bca68f261f23b44f130214f22f57d89b53f1b4c,"""members"" was pronounced as ""embers"" so there is a sound error.",how_many_embers_were_in_the_beatles_the_british_rock_band_fill_32.wav,att_check_err,NA,NA,NA,,,,,,,
38,b4207edb7515ca6b8d390d645bca68f261f23b44f130214f22f57d89b53f1b4c,"The question does NOT need any corrections, but I don't know the answer/ I don't understand what the question is asking.",for_what_pink_ice_cream_flavor_will_companies_do_their_best_to_use_real_fruit_targ_01_A.wav,target,correct,make vs. other verb,/ɪ/ --> /i/; will/wheel,nun,,,,,JB_1108,
38,b4207edb7515ca6b8d390d645bca68f261f23b44f130214f22f57d89b53f1b4c,NA,for_what_pink_ice_cream_flavor_will_companies_do_their_best_to_use_real_fruit_targ_01_A.wav,target,correct,make vs. other verb,/ɪ/ --> /i/; will/wheel,,,,,,,
38,b4207edb7515ca6b8d390d645bca68f261f23b44f130214f22f57d89b53f1b4c,"The question does NOT need any corrections, but I don't know the answer/ I don't understand what the question is asking.",what_term_refers_to_armored_men_who_enjoyed_carrying_medieval_swords_that_class_in_combat_targ_02_B.wav,target,phon_err,infinitive vs. participle,/ʃ/ --> /s/; clash/class,nun,,,,,JB_1108,
38,b4207edb7515ca6b8d390d645bca68f261f23b44f130214f22f57d89b53f1b4c,NA,what_term_refers_to_armored_men_who_enjoyed_carrying_medieval_swords_that_class_in_combat_targ_02_B.wav,target,phon_err,infinitive vs. participle,/ʃ/ --> /s/; clash/class,,,,,,,
38,b4207edb7515ca6b8d390d645bca68f261f23b44f130214f22f57d89b53f1b4c,"The question does NOT need any corrections, but I don't know the answer/ I don't understand what the question is asking.",which_scottish_actor_first_played_james_bond_wearing_kilts_to_red_carpets_when_he_had_32_years_old_targ_03_C.wav,target,non_phon_err,have vs. be,/k/ --> /g/; kilt/guilt,nun,,,,,JB_1108,
38,b4207edb7515ca6b8d390d645bca68f261f23b44f130214f22f57d89b53f1b4c,NA,which_scottish_actor_first_played_james_bond_wearing_kilts_to_red_carpets_when_he_had_32_years_old_targ_03_C.wav,target,non_phon_err,have vs. be,/k/ --> /g/; kilt/guilt,,,,,,,
38,b4207edb7515ca6b8d390d645bca68f261f23b44f130214f22f57d89b53f1b4c,The question needs to be CORRECTED.,what_neil_armstrong_say_during_his_berry_first_steps_on_the_moon_targ_04_D.wav,target,both_err,no aux verbs in questions (lack of do support),/v/ --> /b/; very/berry,y,,np,,,JB_1108,
38,b4207edb7515ca6b8d390d645bca68f261f23b44f130214f22f57d89b53f1b4c,"""what Neal Armstrong say"" is missing ""did""; it should say ""what did Neal Armstrong say""",what_neil_armstrong_say_during_his_berry_first_steps_on_the_moon_targ_04_D.wav,target,both_err,no aux verbs in questions (lack of do support),/v/ --> /b/; very/berry,,,,,,,
38,b4207edb7515ca6b8d390d645bca68f261f23b44f130214f22f57d89b53f1b4c,The question does NOT need any corrections.,what_kind_of_weather_could_occur_when_it_is_raining_and_below_freezing_targ_05_A.wav,target,correct,expletive 'it' dropping,/ʊ/ --> /u/; could/cooed,nans,,,,,JB_1108,
38,b4207edb7515ca6b8d390d645bca68f261f23b44f130214f22f57d89b53f1b4c,freezing rain,what_kind_of_weather_could_occur_when_it_is_raining_and_below_freezing_targ_05_A.wav,target,correct,expletive 'it' dropping,/ʊ/ --> /u/; could/cooed,,,,,,,
38,b4207edb7515ca6b8d390d645bca68f261f23b44f130214f22f57d89b53f1b4c,"The question does NOT need any corrections, but I don't know the answer/ I don't understand what the question is asking.",how_many_legs_does_a_canadian_garden_spider_whose_silk_can_make_clot_have_targ_06_B.wav,target,phon_err,adj/noun order,/θ/ --> /t/; cloth/clot,nun,,,,,JB_1108,
38,b4207edb7515ca6b8d390d645bca68f261f23b44f130214f22f57d89b53f1b4c,NA,how_many_legs_does_a_canadian_garden_spider_whose_silk_can_make_clot_have_targ_06_B.wav,target,phon_err,adj/noun order,/θ/ --> /t/; cloth/clot,,,,,,,
38,b4207edb7515ca6b8d390d645bca68f261f23b44f130214f22f57d89b53f1b4c,"The question does NOT need any corrections, but I don't know the answer/ I don't understand what the question is asking.",what_childrens_game_makes_people_sit_down_quickly_when_the_music_loud_stops_targ_07_C.wav,target,non_phon_err,adj/noun order,/ɪ/ --> /i/; sit/seat,nun,,,,,JB_1108,
38,b4207edb7515ca6b8d390d645bca68f261f23b44f130214f22f57d89b53f1b4c,NA,what_childrens_game_makes_people_sit_down_quickly_when_the_music_loud_stops_targ_07_C.wav,target,non_phon_err,adj/noun order,/ɪ/ --> /i/; sit/seat,,,,,,,
38,b4207edb7515ca6b8d390d645bca68f261f23b44f130214f22f57d89b53f1b4c,The question does NOT need any corrections.,because_is_important_to_honor_the_iris_saint_what_holiday_occurs_on_march_17th_targ_08_D.wav,target,both_err,expletive 'it' dropping,/ʃ/ --> /s/; Irish/iris,nans,,,,,JB_1108,
38,b4207edb7515ca6b8d390d645bca68f261f23b44f130214f22f57d89b53f1b4c,St. Patrick's Day,because_is_important_to_honor_the_iris_saint_what_holiday_occurs_on_march_17th_targ_08_D.wav,target,both_err,expletive 'it' dropping,/ʃ/ --> /s/; Irish/iris,,,,,,,
38,b4207edb7515ca6b8d390d645bca68f261f23b44f130214f22f57d89b53f1b4c,The question does NOT need any corrections.,if_laundry_service_will_come_in_five_days_and_todays_thursday_when_are_they_doing_laundry_next_targ_09_A.wav,target,correct,make vs. other verb,/k/ --> /g/; come/gum,nans,,,,,JB_1108,
38,b4207edb7515ca6b8d390d645bca68f261f23b44f130214f22f57d89b53f1b4c,Tuesday,if_laundry_service_will_come_in_five_days_and_todays_thursday_when_are_they_doing_laundry_next_targ_09_A.wav,target,correct,make vs. other verb,/k/ --> /g/; come/gum,,,,,,,
38,b4207edb7515ca6b8d390d645bca68f261f23b44f130214f22f57d89b53f1b4c,The question needs to be CORRECTED.,who_did_americans_boat_for_to_be_their_first_president_who_avoided_serving_three_terms_targ_10_B.wav,target,phon_err,infinitive vs. participle,/v/ --> /b/; vote/boat,y,,p,,,JB_1108,
38,b4207edb7515ca6b8d390d645bca68f261f23b44f130214f22f57d89b53f1b4c,"The word ""vote"" is pronounced ""bote"" so there is a sound error",who_did_americans_boat_for_to_be_their_first_president_who_avoided_serving_three_terms_targ_10_B.wav,target,phon_err,infinitive vs. participle,/v/ --> /b/; vote/boat,,,,,,,
38,b4207edb7515ca6b8d390d645bca68f261f23b44f130214f22f57d89b53f1b4c,I’m good — skip to the next question,what_colors_can_have_on_a_traffic_light_which_often_senses_when_cars_pull_up_targ_11_C.wav,target,non_phon_err,have vs. be,/ʊ/ --> /u/; pulls/pools,s,,,,,JB_1108,
38,b4207edb7515ca6b8d390d645bca68f261f23b44f130214f22f57d89b53f1b4c,NA,what_colors_can_have_on_a_traffic_light_which_often_senses_when_cars_pull_up_targ_11_C.wav,target,non_phon_err,have vs. be,/ʊ/ --> /u/; pulls/pools,,,,,,,
38,b4207edb7515ca6b8d390d645bca68f261f23b44f130214f22f57d89b53f1b4c,The question needs to be CORRECTED.,if_youre_on_a_pat_from_california_to_hawaii_which_ocean_you_go_through_targ_12_D.wav,target,both_err,no aux verbs in questions (lack of do support),/θ/ --> /t/; path/pat,y,,np,,,JB_1108,
38,b4207edb7515ca6b8d390d645bca68f261f23b44f130214f22f57d89b53f1b4c,"The sentence ""which ocean you go through"" needs a ""do"" so should be ""which ocean do you go through""",if_youre_on_a_pat_from_california_to_hawaii_which_ocean_you_go_through_targ_12_D.wav,target,both_err,no aux verbs in questions (lack of do support),/θ/ --> /t/; path/pat,,,,,,,
38,b4207edb7515ca6b8d390d645bca68f261f23b44f130214f22f57d89b53f1b4c,The question does NOT need any corrections.,what_supplies_do_you_need_to_knit_a_scarf_targ_13_A.wav,target,correct,no aux verbs in questions (lack of do support),/ɪ/ --> /i/; knit/neat,nans,,,,,JB_1108,
38,b4207edb7515ca6b8d390d645bca68f261f23b44f130214f22f57d89b53f1b4c,knitting needles and yarn,what_supplies_do_you_need_to_knit_a_scarf_targ_13_A.wav,target,correct,no aux verbs in questions (lack of do support),/ɪ/ --> /i/; knit/neat,,,,,,,
38,b4207edb7515ca6b8d390d645bca68f261f23b44f130214f22f57d89b53f1b4c,"The question does NOT need any corrections, but I don't know the answer/ I don't understand what the question is asking.",what_city_have_people_rust_to_tour_to_see_where_the_us_government_does_business_targ_14_B.wav,target,phon_err,make vs. other verb,/ʃ/ --> /s/; rushed/rust,nun,,,,,JB_1108,
38,b4207edb7515ca6b8d390d645bca68f261f23b44f130214f22f57d89b53f1b4c,NA,what_city_have_people_rust_to_tour_to_see_where_the_us_government_does_business_targ_14_B.wav,target,phon_err,make vs. other verb,/ʃ/ --> /s/; rushed/rust,,,,,,,
38,b4207edb7515ca6b8d390d645bca68f261f23b44f130214f22f57d89b53f1b4c,The question does NOT need any corrections.,what_colors_make_up_a_traditional_candy_cane_which_people_enjoy_to_eat_during_christmas_targ_15_C.wav,target,non_phon_err,infinitive vs. participle,/k/ --> /g/; cane/gain,nans,,,,,JB_1108,
38,b4207edb7515ca6b8d390d645bca68f261f23b44f130214f22f57d89b53f1b4c,White and red,what_colors_make_up_a_traditional_candy_cane_which_people_enjoy_to_eat_during_christmas_targ_15_C.wav,target,non_phon_err,infinitive vs. participle,/k/ --> /g/; cane/gain,,,,,,,
38,b4207edb7515ca6b8d390d645bca68f261f23b44f130214f22f57d89b53f1b4c,The question needs to be CORRECTED.,where_do_people_get_drivers_licenses_since_is_required_as_ballad_id_to_drive_targ_16_D.wav,target,both_err,expletive 'it' dropping,/v/ --> /b/; valid/ballad,y,,p,,,JB_1108,
38,b4207edb7515ca6b8d390d645bca68f261f23b44f130214f22f57d89b53f1b4c,"DMV; ""valid"" is pronounced as ""balid"" so there is a sound error.",where_do_people_get_drivers_licenses_since_is_required_as_ballad_id_to_drive_targ_16_D.wav,target,both_err,expletive 'it' dropping,/v/ --> /b/; valid/ballad,,,,,,,
38,b4207edb7515ca6b8d390d645bca68f261f23b44f130214f22f57d89b53f1b4c,The question does NOT need any corrections.,how_many_days_would_my_tandem_bike_be_gone_if_someone_borrows_it_for_july_targ_17_A.wav,target,correct,adj/noun order,/ʊ/ --> /u/; would/wooed,nans,,,,,JB_1108,
38,b4207edb7515ca6b8d390d645bca68f261f23b44f130214f22f57d89b53f1b4c,30 days,how_many_days_would_my_tandem_bike_be_gone_if_someone_borrows_it_for_july_targ_17_A.wav,target,correct,adj/noun order,/ʊ/ --> /u/; would/wooed,,,,,,,
38,b4207edb7515ca6b8d390d645bca68f261f23b44f130214f22f57d89b53f1b4c,The question does NOT need any corrections.,when_you_are_hot_what_device_measures_body_temperature_in_boat_celsius_and_fahrenheit_targ_18_B.wav,target,phon_err,have vs. be,/θ/ --> /t/; both/boat,nans,,,,,JB_1108,
38,b4207edb7515ca6b8d390d645bca68f261f23b44f130214f22f57d89b53f1b4c,Thermometer,when_you_are_hot_what_device_measures_body_temperature_in_boat_celsius_and_fahrenheit_targ_18_B.wav,target,phon_err,have vs. be,/θ/ --> /t/; both/boat,,,,,,,
38,b4207edb7515ca6b8d390d645bca68f261f23b44f130214f22f57d89b53f1b4c,"The question does NOT need any corrections, but I don't know the answer/ I don't understand what the question is asking.",what_big_star_in_our_solar_system_can_still_be_visible_when_is_cloudy_targ_19_C.wav,target,non_phon_err,expletive 'it' dropping,/ɪ/ --> /i/; still/steal,nun,,,,,JB_1108,
38,b4207edb7515ca6b8d390d645bca68f261f23b44f130214f22f57d89b53f1b4c,NA,what_big_star_in_our_solar_system_can_still_be_visible_when_is_cloudy_targ_19_C.wav,target,non_phon_err,expletive 'it' dropping,/ɪ/ --> /i/; still/steal,,,,,,,
38,b4207edb7515ca6b8d390d645bca68f261f23b44f130214f22f57d89b53f1b4c,The question needs to be CORRECTED.,what_popular_us_chain_provides_a_happy_meal_toy_or_plus_when_kids_have_hungry_targ_20_D.wav,target,both_err,have vs. be,/ʃ/ --> /s/; plush/plus,y,,np,,,JB_1108,
38,b4207edb7515ca6b8d390d645bca68f261f23b44f130214f22f57d89b53f1b4c,"McDonalds; ""when kids have hungry"" doesn't make sense; it should say ""when kids are hungry""",what_popular_us_chain_provides_a_happy_meal_toy_or_plus_when_kids_have_hungry_targ_20_D.wav,target,both_err,have vs. be,/ʃ/ --> /s/; plush/plus,,,,,,,
38,b4207edb7515ca6b8d390d645bca68f261f23b44f130214f22f57d89b53f1b4c,"The question does NOT need any corrections, but I don't know the answer/ I don't understand what the question is asking.",in_the_lion_king_who_does_nala_talk_to_and_is_laying_in_a_cot_after_theyve_reunited_targ_21_A.wav,target,correct,no aux verbs in questions (lack of do support),/k/ --> /g/; cot/got,nun,,,,,JB_1108,
38,b4207edb7515ca6b8d390d645bca68f261f23b44f130214f22f57d89b53f1b4c,NA,in_the_lion_king_who_does_nala_talk_to_and_is_laying_in_a_cot_after_theyve_reunited_targ_21_A.wav,target,correct,no aux verbs in questions (lack of do support),/k/ --> /g/; cot/got,,,,,,,
38,b4207edb7515ca6b8d390d645bca68f261f23b44f130214f22f57d89b53f1b4c,"The question does NOT need any corrections, but I don't know the answer/ I don't understand what the question is asking.",if_a_hardworking_janitor_cleaned_a_vent_in_five_minutes_how_many_seconds_is_that_targ_22_B.wav,target,phon_err,adj/noun order,/v/ --> /b/; vent/bent,nun,,,,,JB_1108,
38,b4207edb7515ca6b8d390d645bca68f261f23b44f130214f22f57d89b53f1b4c,NA,if_a_hardworking_janitor_cleaned_a_vent_in_five_minutes_how_many_seconds_is_that_targ_22_B.wav,target,phon_err,adj/noun order,/v/ --> /b/; vent/bent,,,,,,,
38,b4207edb7515ca6b8d390d645bca68f261f23b44f130214f22f57d89b53f1b4c,The question does NOT need any corrections.,what_company_created_the_macbook_a_device_full_of_features_to_help_students_make_homework_targ_23_C.wav,target,non_phon_err,make vs. other verb,/ʊ/ --> /u/; full/fool,nans,,,,,JB_1108,
38,b4207edb7515ca6b8d390d645bca68f261f23b44f130214f22f57d89b53f1b4c,Apple,what_company_created_the_macbook_a_device_full_of_features_to_help_students_make_homework_targ_23_C.wav,target,non_phon_err,make vs. other verb,/ʊ/ --> /u/; full/fool,,,,,,,
38,b4207edb7515ca6b8d390d645bca68f261f23b44f130214f22f57d89b53f1b4c,"The question does NOT need any corrections, but I don't know the answer/ I don't understand what the question is asking.",if_i_consider_to_leave_work_after_the_fort_hour_how_many_minutes_would_that_be_targ_24_D.wav,target,both_err,infinitive vs. participle,/θ/ --> /t/; fourth/fort,nun,,,,,JB_1108,
38,b4207edb7515ca6b8d390d645bca68f261f23b44f130214f22f57d89b53f1b4c,NA,if_i_consider_to_leave_work_after_the_fort_hour_how_many_minutes_would_that_be_targ_24_D.wav,target,both_err,infinitive vs. participle,/θ/ --> /t/; fourth/fort,,,,,,,
38,b4207edb7515ca6b8d390d645bca68f261f23b44f130214f22f57d89b53f1b4c,"The question does NOT need any corrections, but I don't know the answer/ I don't understand what the question is asking.",what_letter_in_the_latin_alphabet_corresponds_to_the_greek_letter_alpha_fill_01.wav,filler_other,NA,NA,NA,nun,,,,,JB_1108,
38,b4207edb7515ca6b8d390d645bca68f261f23b44f130214f22f57d89b53f1b4c,NA,what_letter_in_the_latin_alphabet_corresponds_to_the_greek_letter_alpha_fill_01.wav,filler_other,NA,NA,NA,,,,,,,
38,b4207edb7515ca6b8d390d645bca68f261f23b44f130214f22f57d89b53f1b4c,The question does NOT need any corrections.,what_organ_is_often_associated_with_being_eaten_by_rotting_flesh_monsters_also_known_as_zombies_fill_02.wav,filler_other,NA,NA,NA,nans,,,,,JB_1108,
38,b4207edb7515ca6b8d390d645bca68f261f23b44f130214f22f57d89b53f1b4c,the brain,what_organ_is_often_associated_with_being_eaten_by_rotting_flesh_monsters_also_known_as_zombies_fill_02.wav,filler_other,NA,NA,NA,,,,,,,
38,b4207edb7515ca6b8d390d645bca68f261f23b44f130214f22f57d89b53f1b4c,The question does NOT need any corrections.,which_british_celebrity_judge_often_harshly_critiqued_contestants_on_the_nationwide_singing_contest_american_idol_fill_03.wav,filler_other,NA,NA,NA,nans,,,,,JB_1108,
38,b4207edb7515ca6b8d390d645bca68f261f23b44f130214f22f57d89b53f1b4c,Simon Cowell,which_british_celebrity_judge_often_harshly_critiqued_contestants_on_the_nationwide_singing_contest_american_idol_fill_03.wav,filler_other,NA,NA,NA,,,,,,,
38,b4207edb7515ca6b8d390d645bca68f261f23b44f130214f22f57d89b53f1b4c,The question does NOT need any corrections.,which_cartoon_character_works_at_the_krusty_krab_and_is_best_friends_with_patrick_star_fill_04.wav,filler_other,NA,NA,NA,nans,,,,,JB_1108,
38,b4207edb7515ca6b8d390d645bca68f261f23b44f130214f22f57d89b53f1b4c,Sponge Bob,which_cartoon_character_works_at_the_krusty_krab_and_is_best_friends_with_patrick_star_fill_04.wav,filler_other,NA,NA,NA,,,,,,,
38,b4207edb7515ca6b8d390d645bca68f261f23b44f130214f22f57d89b53f1b4c,The question does NOT need any corrections.,which_body_part_did_van_gogh_allegedly_cut_off_after_an_argument_with_his_friend_fill_05.wav,filler_other,NA,NA,NA,nans,,,,,JB_1108,
38,b4207edb7515ca6b8d390d645bca68f261f23b44f130214f22f57d89b53f1b4c,an ear,which_body_part_did_van_gogh_allegedly_cut_off_after_an_argument_with_his_friend_fill_05.wav,filler_other,NA,NA,NA,,,,,,,
38,b4207edb7515ca6b8d390d645bca68f261f23b44f130214f22f57d89b53f1b4c,The question does NOT need any corrections.,what_is_the_name_of_the_comic_strip_featuring_charlie_brown_and_his_dog_snoopy_fill_06.wav,filler_other,NA,NA,NA,nans,,,,,JB_1108,
38,b4207edb7515ca6b8d390d645bca68f261f23b44f130214f22f57d89b53f1b4c,Peanuts,what_is_the_name_of_the_comic_strip_featuring_charlie_brown_and_his_dog_snoopy_fill_06.wav,filler_other,NA,NA,NA,,,,,,,
38,b4207edb7515ca6b8d390d645bca68f261f23b44f130214f22f57d89b53f1b4c,The question does NOT need any corrections.,what_holiday_occurs_at_the_end_of_october_and_features_trick-or-treating_pumpkins_and_haunted_houses_fill_07.wav,filler_other,NA,NA,NA,nans,,,,,JB_1108,
38,b4207edb7515ca6b8d390d645bca68f261f23b44f130214f22f57d89b53f1b4c,Halloween,what_holiday_occurs_at_the_end_of_october_and_features_trick-or-treating_pumpkins_and_haunted_houses_fill_07.wav,filler_other,NA,NA,NA,,,,,,,
38,b4207edb7515ca6b8d390d645bca68f261f23b44f130214f22f57d89b53f1b4c,The question needs to be CORRECTED.,what_is_the_name_of_the_video_game_character_who_is_a_traveling_italian_plumber_fill_08.wav,filler_other,NA,NA,NA,y,,otherp,,,JB_1108,
38,b4207edb7515ca6b8d390d645bca68f261f23b44f130214f22f57d89b53f1b4c,"Mario; the word ""video"" is pronounced ""bideo"" so there is a sound error.",what_is_the_name_of_the_video_game_character_who_is_a_traveling_italian_plumber_fill_08.wav,filler_other,NA,NA,NA,,,,,,,
38,b4207edb7515ca6b8d390d645bca68f261f23b44f130214f22f57d89b53f1b4c,The question does NOT need any corrections.,what_kind_of_animal_is_mickey_mouse’s_girlfriend_minnie_who_wears_a_bow_fill_09.wav,filler_other,NA,NA,NA,nans,,,,,JB_1108,
38,b4207edb7515ca6b8d390d645bca68f261f23b44f130214f22f57d89b53f1b4c,a mouse,what_kind_of_animal_is_mickey_mouse’s_girlfriend_minnie_who_wears_a_bow_fill_09.wav,filler_other,NA,NA,NA,,,,,,,
38,b4207edb7515ca6b8d390d645bca68f261f23b44f130214f22f57d89b53f1b4c,The question does NOT need any corrections.,which_cartoon_dog_solves_mysteries_with_the_group_fred_daphne_velma_and_shaggy_fill_10.wav,filler_other,NA,NA,NA,nans,,,,,JB_1108,
38,b4207edb7515ca6b8d390d645bca68f261f23b44f130214f22f57d89b53f1b4c,Scooby Doo,which_cartoon_dog_solves_mysteries_with_the_group_fred_daphne_velma_and_shaggy_fill_10.wav,filler_other,NA,NA,NA,,,,,,,
38,b4207edb7515ca6b8d390d645bca68f261f23b44f130214f22f57d89b53f1b4c,The question does NOT need any corrections.,which_fast_food_chain_offers_foot-long_sandwiches_and_has_the_slogan_eat_fresh_fill_11.wav,filler_other,NA,NA,NA,nans,,,,,JB_1108,
38,b4207edb7515ca6b8d390d645bca68f261f23b44f130214f22f57d89b53f1b4c,Subway,which_fast_food_chain_offers_foot-long_sandwiches_and_has_the_slogan_eat_fresh_fill_11.wav,filler_other,NA,NA,NA,,,,,,,
38,b4207edb7515ca6b8d390d645bca68f261f23b44f130214f22f57d89b53f1b4c,The question does NOT need any corrections.,which_oscar-winning_movie_features_tom_hanks_saying_life_is_like_a_box_of_chocolates_fill_12.wav,filler_other,NA,NA,NA,nans,,,,,JB_1108,
38,b4207edb7515ca6b8d390d645bca68f261f23b44f130214f22f57d89b53f1b4c,Forrest Gump,which_oscar-winning_movie_features_tom_hanks_saying_life_is_like_a_box_of_chocolates_fill_12.wav,filler_other,NA,NA,NA,,,,,,,
38,b4207edb7515ca6b8d390d645bca68f261f23b44f130214f22f57d89b53f1b4c,"The question does NOT need any corrections, but I don't know the answer/ I don't understand what the question is asking.",what_novel_has_the_quote_i’m_late_i’m_late_for_a_very_important_date_fill_13.wav,filler_other,NA,NA,NA,nun,,,,,JB_1108,
38,b4207edb7515ca6b8d390d645bca68f261f23b44f130214f22f57d89b53f1b4c,NA,what_novel_has_the_quote_i’m_late_i’m_late_for_a_very_important_date_fill_13.wav,filler_other,NA,NA,NA,,,,,,,
38,b4207edb7515ca6b8d390d645bca68f261f23b44f130214f22f57d89b53f1b4c,"The question does NOT need any corrections, but I don't know the answer/ I don't understand what the question is asking.",what_mythical_creatures_have_been_said_to_drink_blood_turn_into_bats_and_hate_onions_fill_14.wav,filler_other,NA,NA,NA,nun,,,,,JB_1108,
38,b4207edb7515ca6b8d390d645bca68f261f23b44f130214f22f57d89b53f1b4c,NA,what_mythical_creatures_have_been_said_to_drink_blood_turn_into_bats_and_hate_onions_fill_14.wav,filler_other,NA,NA,NA,,,,,,,
38,b4207edb7515ca6b8d390d645bca68f261f23b44f130214f22f57d89b53f1b4c,"The question does NOT need any corrections, but I don't know the answer/ I don't understand what the question is asking.",who_discovered_the_law_of_universal_gravitation_which_accounts_for_why_objects_naturally_fall_downwards_fill_15.wav,filler_other,NA,NA,NA,nun,,,,,JB_1108,
38,b4207edb7515ca6b8d390d645bca68f261f23b44f130214f22f57d89b53f1b4c,NA,who_discovered_the_law_of_universal_gravitation_which_accounts_for_why_objects_naturally_fall_downwards_fill_15.wav,filler_other,NA,NA,NA,,,,,,,
38,b4207edb7515ca6b8d390d645bca68f261f23b44f130214f22f57d89b53f1b4c,"The question does NOT need any corrections, but I don't know the answer/ I don't understand what the question is asking.",which_soft_pastry_made_with_a_certain_spice_is_often_spiral-shaped_and_topped_with_icing_fill_16.wav,filler_other,NA,NA,NA,nun,,,,,JB_1108,
38,b4207edb7515ca6b8d390d645bca68f261f23b44f130214f22f57d89b53f1b4c,NA,which_soft_pastry_made_with_a_certain_spice_is_often_spiral-shaped_and_topped_with_icing_fill_16.wav,filler_other,NA,NA,NA,,,,,,,
38,b4207edb7515ca6b8d390d645bca68f261f23b44f130214f22f57d89b53f1b4c,The question does NOT need any corrections.,what_us_holiday_is_often_celebrated_with_fireworks_and_hotdogs_to_honor_americas_freedom_fill_17.wav,filler_other,NA,NA,NA,nans,,,,,JB_1108,
38,b4207edb7515ca6b8d390d645bca68f261f23b44f130214f22f57d89b53f1b4c,Independence Day or 4th of July,what_us_holiday_is_often_celebrated_with_fireworks_and_hotdogs_to_honor_americas_freedom_fill_17.wav,filler_other,NA,NA,NA,,,,,,,
38,b4207edb7515ca6b8d390d645bca68f261f23b44f130214f22f57d89b53f1b4c,The question does NOT need any corrections.,which_tropical_fruit_that_grows_on_palm_trees_is_used_for_oils_and_milks_fill_18.wav,filler_other,NA,NA,NA,nans,,,,,JB_1108,
38,b4207edb7515ca6b8d390d645bca68f261f23b44f130214f22f57d89b53f1b4c,coconuts,which_tropical_fruit_that_grows_on_palm_trees_is_used_for_oils_and_milks_fill_18.wav,filler_other,NA,NA,NA,,,,,,,
38,b4207edb7515ca6b8d390d645bca68f261f23b44f130214f22f57d89b53f1b4c,The question does NOT need any corrections.,which_season_do_we_associate_with_thanksgiving_the_beginning_of_school_and_leaves_turning_brown_fill_19.wav,filler_other,NA,NA,NA,nans,,,,,JB_1108,
38,b4207edb7515ca6b8d390d645bca68f261f23b44f130214f22f57d89b53f1b4c,Autumn,which_season_do_we_associate_with_thanksgiving_the_beginning_of_school_and_leaves_turning_brown_fill_19.wav,filler_other,NA,NA,NA,,,,,,,
38,b4207edb7515ca6b8d390d645bca68f261f23b44f130214f22f57d89b53f1b4c,"The question does NOT need any corrections, but I don't know the answer/ I don't understand what the question is asking.",what_musician_won_grammys_for_their_album_thriller_which_features_the_hit_song_beat_it_fill_20.wav,filler_other,NA,NA,NA,nun,,,,,JB_1108,
38,b4207edb7515ca6b8d390d645bca68f261f23b44f130214f22f57d89b53f1b4c,NA,what_musician_won_grammys_for_their_album_thriller_which_features_the_hit_song_beat_it_fill_20.wav,filler_other,NA,NA,NA,,,,,,,
38,b4207edb7515ca6b8d390d645bca68f261f23b44f130214f22f57d89b53f1b4c,The question does NOT need any corrections.,what_animal_is_typically_white_with_black_spots_and_says_moo_fill_21.wav,filler_other,NA,NA,NA,nans,,,,,JB_1108,
38,b4207edb7515ca6b8d390d645bca68f261f23b44f130214f22f57d89b53f1b4c,a cow,what_animal_is_typically_white_with_black_spots_and_says_moo_fill_21.wav,filler_other,NA,NA,NA,,,,,,,
38,b4207edb7515ca6b8d390d645bca68f261f23b44f130214f22f57d89b53f1b4c,The question does NOT need any corrections.,where_do_the_jolly_christmas_icons_santa_claus_and_his_wife_mrs._claus_live_fill_22.wav,filler_other,NA,NA,NA,nans,,,,,JB_1108,
38,b4207edb7515ca6b8d390d645bca68f261f23b44f130214f22f57d89b53f1b4c,North Pole,where_do_the_jolly_christmas_icons_santa_claus_and_his_wife_mrs._claus_live_fill_22.wav,filler_other,NA,NA,NA,,,,,,,
38,b4207edb7515ca6b8d390d645bca68f261f23b44f130214f22f57d89b53f1b4c,"The question does NOT need any corrections, but I don't know the answer/ I don't understand what the question is asking.",in_the_famous_dr_seuss_book_what_orange_and_yellow_character_speaks_for_the_trees_fill_23.wav,filler_other,NA,NA,NA,nun,,,,,JB_1108,
38,b4207edb7515ca6b8d390d645bca68f261f23b44f130214f22f57d89b53f1b4c,NA,in_the_famous_dr_seuss_book_what_orange_and_yellow_character_speaks_for_the_trees_fill_23.wav,filler_other,NA,NA,NA,,,,,,,
38,b4207edb7515ca6b8d390d645bca68f261f23b44f130214f22f57d89b53f1b4c,"The question does NOT need any corrections, but I don't know the answer/ I don't understand what the question is asking.",in_what_country_would_you_find_landmarks_like_the_pyramids_of_giza_and_great_sphinx_fill_24.wav,filler_other,NA,NA,NA,nun,,,,,JB_1108,
38,b4207edb7515ca6b8d390d645bca68f261f23b44f130214f22f57d89b53f1b4c,NA,in_what_country_would_you_find_landmarks_like_the_pyramids_of_giza_and_great_sphinx_fill_24.wav,filler_other,NA,NA,NA,,,,,,,
39,c81bab460326e86d38120f047a30ce2a2ca857645af43f98ae26cc0d16ec7294,The question does NOT need any corrections.,how_many_legs_does_a_dog_normally_have_fill_25.wav,att_check_good,NA,NA,NA,nans,,,a,attention check passed (7/8 correct),JB_1108,
39,c81bab460326e86d38120f047a30ce2a2ca857645af43f98ae26cc0d16ec7294,4,how_many_legs_does_a_dog_normally_have_fill_25.wav,att_check_good,NA,NA,NA,,,,,,,
39,c81bab460326e86d38120f047a30ce2a2ca857645af43f98ae26cc0d16ec7294,The question does NOT need any corrections.,what_state_is_los_angeles_located_in_fill_26.wav,att_check_good,NA,NA,NA,nans,,,a,,JB_1108,
39,c81bab460326e86d38120f047a30ce2a2ca857645af43f98ae26cc0d16ec7294,California,what_state_is_los_angeles_located_in_fill_26.wav,att_check_good,NA,NA,NA,,,,,,,
39,c81bab460326e86d38120f047a30ce2a2ca857645af43f98ae26cc0d16ec7294,The question does NOT need any corrections.,what_day_of_the_week_comes_after_monday_fill_27.wav,att_check_good,NA,NA,NA,nans,,,a,,JB_1108,
39,c81bab460326e86d38120f047a30ce2a2ca857645af43f98ae26cc0d16ec7294,Tuesday,what_day_of_the_week_comes_after_monday_fill_27.wav,att_check_good,NA,NA,NA,,,,,,,
39,c81bab460326e86d38120f047a30ce2a2ca857645af43f98ae26cc0d16ec7294,The question does NOT need any corrections.,what_color_is_a_typical_school_bus_fill_28.wav,att_check_good,NA,NA,NA,nans,,,a,,JB_1108,
39,c81bab460326e86d38120f047a30ce2a2ca857645af43f98ae26cc0d16ec7294,Yellow,what_color_is_a_typical_school_bus_fill_28.wav,att_check_good,NA,NA,NA,,,,,,,
39,c81bab460326e86d38120f047a30ce2a2ca857645af43f98ae26cc0d16ec7294,The question needs to be CORRECTED.,in_the_cycle_of_seasons_what_season_comes_after_dinter_fill_29.wav,att_check_err,NA,NA,NA,y,,acheckp,,,JB_1108,
39,c81bab460326e86d38120f047a30ce2a2ca857645af43f98ae26cc0d16ec7294,"Spring - the last word should be ""winter"" not ""dinter""",in_the_cycle_of_seasons_what_season_comes_after_dinter_fill_29.wav,att_check_err,NA,NA,NA,,,,,,,
39,c81bab460326e86d38120f047a30ce2a2ca857645af43f98ae26cc0d16ec7294,The question needs to be CORRECTED.,what_insect_undergoes_a_process_of_change_to_turn_into_a_butterfy_fill_30.wav,att_check_err,NA,NA,NA,y,,acheckp,,,JB_1108,
39,c81bab460326e86d38120f047a30ce2a2ca857645af43f98ae26cc0d16ec7294,"Caterpillar - the last word should be ""butterfly"" not ""butterfy""",what_insect_undergoes_a_process_of_change_to_turn_into_a_butterfy_fill_30.wav,att_check_err,NA,NA,NA,,,,,,,
39,c81bab460326e86d38120f047a30ce2a2ca857645af43f98ae26cc0d16ec7294,The question needs to be CORRECTED.,what_is_the_largest_plant_in_the_solar_system_fill_31.wav,att_check_err,NA,NA,NA,y,,acheckp,,,JB_1108,
39,c81bab460326e86d38120f047a30ce2a2ca857645af43f98ae26cc0d16ec7294,"Jupiter - the question says ""what is the largest plant"" but it means ""what is the largest planet""",what_is_the_largest_plant_in_the_solar_system_fill_31.wav,att_check_err,NA,NA,NA,,,,,,,
39,c81bab460326e86d38120f047a30ce2a2ca857645af43f98ae26cc0d16ec7294,The question needs to be CORRECTED.,how_many_embers_were_in_the_beatles_the_british_rock_band_fill_32.wav,att_check_err,NA,NA,NA,y,,acheckf,,,JB_1108,
39,c81bab460326e86d38120f047a30ce2a2ca857645af43f98ae26cc0d16ec7294,"4 - The question should be phrased ""How many members were in the British rock band 'The Beatles'",how_many_embers_were_in_the_beatles_the_british_rock_band_fill_32.wav,att_check_err,NA,NA,NA,,,,,,,
39,c81bab460326e86d38120f047a30ce2a2ca857645af43f98ae26cc0d16ec7294,The question does NOT need any corrections.,for_what_pink_ice_cream_flavor_wheel_companies_do_their_best_to_use_real_fruit_targ_01_B.wav,target,phon_err,make vs. other verb,/ɪ/ --> /i/; will/wheel,nans,,,,,JB_1108,
39,c81bab460326e86d38120f047a30ce2a2ca857645af43f98ae26cc0d16ec7294,Strawberry,for_what_pink_ice_cream_flavor_wheel_companies_do_their_best_to_use_real_fruit_targ_01_B.wav,target,phon_err,make vs. other verb,/ɪ/ --> /i/; will/wheel,,,,,,,
39,c81bab460326e86d38120f047a30ce2a2ca857645af43f98ae26cc0d16ec7294,The question needs to be CORRECTED.,what_term_refers_to_armored_men_who_enjoyed_to_carry_medieval_swords_that_clash_in_combat_targ_02_C.wav,target,non_phon_err,infinitive vs. participle,/ʃ/ --> /s/; clash/class,y,,np,,,JB_1108,
39,c81bab460326e86d38120f047a30ce2a2ca857645af43f98ae26cc0d16ec7294,"Knight - the phrase ""to carry"" should just be carry",what_term_refers_to_armored_men_who_enjoyed_to_carry_medieval_swords_that_clash_in_combat_targ_02_C.wav,target,non_phon_err,infinitive vs. participle,/ʃ/ --> /s/; clash/class,,,,,,,
39,c81bab460326e86d38120f047a30ce2a2ca857645af43f98ae26cc0d16ec7294,"The question does NOT need any corrections, but I don't know the answer/ I don't understand what the question is asking.",which_scottish_actor_first_played_james_bond_wearing_guilts_to_red_carpets_when_he_had_32_years_old_targ_03_D.wav,target,both_err,have vs. be,/k/ --> /g/; kilt/guilt,nun,,,,,JB_1108,
39,c81bab460326e86d38120f047a30ce2a2ca857645af43f98ae26cc0d16ec7294,NA,which_scottish_actor_first_played_james_bond_wearing_guilts_to_red_carpets_when_he_had_32_years_old_targ_03_D.wav,target,both_err,have vs. be,/k/ --> /g/; kilt/guilt,,,,,,,
39,c81bab460326e86d38120f047a30ce2a2ca857645af43f98ae26cc0d16ec7294,The question needs to be CORRECTED.,what_did_neil_armstrong_say_during_his_very_first_steps_on_the_moon_targ_04_A.wav,target,correct,no aux verbs in questions (lack of do support),/v/ --> /b/; very/berry,y,,otherp,,,JB_1108,
39,c81bab460326e86d38120f047a30ce2a2ca857645af43f98ae26cc0d16ec7294,"That's one small step for man, one giant leap for mankind - Nei l is pronounced ""neel"" not ""nell""",what_did_neil_armstrong_say_during_his_very_first_steps_on_the_moon_targ_04_A.wav,target,correct,no aux verbs in questions (lack of do support),/v/ --> /b/; very/berry,,,,,,,
39,c81bab460326e86d38120f047a30ce2a2ca857645af43f98ae26cc0d16ec7294,The question needs to be CORRECTED.,what_kind_of_weather_cooed_cooled_occur_when_it_is_raining_and_below_freezing_targ_05_B.wav,target,phon_err,expletive 'it' dropping,/ʊ/ --> /u/; could/cooed,y,,p,,,JB_1108,
39,c81bab460326e86d38120f047a30ce2a2ca857645af43f98ae26cc0d16ec7294,"Snow - the word ""could"" is pronounced funny here - it should sound more like ""cud"" as opposed to ""cewed""",what_kind_of_weather_cooed_cooled_occur_when_it_is_raining_and_below_freezing_targ_05_B.wav,target,phon_err,expletive 'it' dropping,/ʊ/ --> /u/; could/cooed,,,,,,,
39,c81bab460326e86d38120f047a30ce2a2ca857645af43f98ae26cc0d16ec7294,The question needs to be CORRECTED.,how_many_legs_does_a_garden_spider_canadian_whose_silk_can_make_cloth_have_targ_06_C.wav,target,non_phon_err,adj/noun order,/θ/ --> /t/; cloth/clot,y,,np,,also describes other phon error,JB_1108,
39,c81bab460326e86d38120f047a30ce2a2ca857645af43f98ae26cc0d16ec7294,"8 - The question should be phrased ""How many legs does a Canadian garden spider, whose silk can make cothes, have?"" and ""clothes"" should be pronounced ""clOthes"" not ""clawths""",how_many_legs_does_a_garden_spider_canadian_whose_silk_can_make_cloth_have_targ_06_C.wav,target,non_phon_err,adj/noun order,/θ/ --> /t/; cloth/clot,,,,,,,
39,c81bab460326e86d38120f047a30ce2a2ca857645af43f98ae26cc0d16ec7294,The question needs to be CORRECTED.,what_childrens_game_makes_people_seat_down_quickly_when_the_music_loud_stops_targ_07_D.wav,target,both_err,adj/noun order,/ɪ/ --> /i/; sit/seat,y,,np,,,JB_1108,
39,c81bab460326e86d38120f047a30ce2a2ca857645af43f98ae26cc0d16ec7294,"Musical Chair - the phrases should be ""loud music"" not ""music loud""",what_childrens_game_makes_people_seat_down_quickly_when_the_music_loud_stops_targ_07_D.wav,target,both_err,adj/noun order,/ɪ/ --> /i/; sit/seat,,,,,,,
39,c81bab460326e86d38120f047a30ce2a2ca857645af43f98ae26cc0d16ec7294,The question does NOT need any corrections.,because_it_is_important_to_honor_the_irish_saint_what_holiday_occurs_on_march_17th_targ_08_A.wav,target,correct,expletive 'it' dropping,/ʃ/ --> /s/; Irish/iris,nans,,,,,JB_1108,
39,c81bab460326e86d38120f047a30ce2a2ca857645af43f98ae26cc0d16ec7294,St Patrick's Day,because_it_is_important_to_honor_the_irish_saint_what_holiday_occurs_on_march_17th_targ_08_A.wav,target,correct,expletive 'it' dropping,/ʃ/ --> /s/; Irish/iris,,,,,,,
39,c81bab460326e86d38120f047a30ce2a2ca857645af43f98ae26cc0d16ec7294,The question does NOT need any corrections.,if_laundry_service_will_gum_in_five_days_and_todays_thursday_when_are_they_doing_laundry_next_targ_09_B.wav,target,phon_err,make vs. other verb,/k/ --> /g/; come/gum,nans,,,,,JB_1108,
39,c81bab460326e86d38120f047a30ce2a2ca857645af43f98ae26cc0d16ec7294,NA,if_laundry_service_will_gum_in_five_days_and_todays_thursday_when_are_they_doing_laundry_next_targ_09_B.wav,target,phon_err,make vs. other verb,/k/ --> /g/; come/gum,,,,,,,
39,c81bab460326e86d38120f047a30ce2a2ca857645af43f98ae26cc0d16ec7294,The question needs to be CORRECTED.,who_did_americans_vote_for_to_be_their_first_president_who_avoided_to_serve_three_terms_targ_10_C.wav,target,non_phon_err,infinitive vs. participle,/v/ --> /b/; vote/boat,y,,np?,,seems to notices non-phon error in corrective rephrasing but doesn't explicitly mention 'to avoid',JB_1108,
39,c81bab460326e86d38120f047a30ce2a2ca857645af43f98ae26cc0d16ec7294,"George Washington - the phrasing is off - it should say something like ""what is the name of the person who Americans elected as their first president, and went on to serve 3 terms?""",who_did_americans_vote_for_to_be_their_first_president_who_avoided_to_serve_three_terms_targ_10_C.wav,target,non_phon_err,infinitive vs. participle,/v/ --> /b/; vote/boat,,,,,,,
39,c81bab460326e86d38120f047a30ce2a2ca857645af43f98ae26cc0d16ec7294,The question needs to be CORRECTED.,what_colors_can_have_on_a_traffic_light_which_often_senses_when_cars_pool_up_targ_11_D.wav,target,both_err,have vs. be,/ʊ/ --> /u/; pulls/pools,y,,np,,corrects through can -> does instead of have -> be,JB_1108,
39,c81bab460326e86d38120f047a30ce2a2ca857645af43f98ae26cc0d16ec7294,"Red, Yellow, Green - The questions should be ""what colors does a traffic light have, which often senses when cars pull up?""",what_colors_can_have_on_a_traffic_light_which_often_senses_when_cars_pool_up_targ_11_D.wav,target,both_err,have vs. be,/ʊ/ --> /u/; pulls/pools,,,,,,,
39,c81bab460326e86d38120f047a30ce2a2ca857645af43f98ae26cc0d16ec7294,The question does NOT need any corrections.,if_youre_on_a_path_from_california_to_hawaii_which_ocean_do_you_go_through_targ_12_A.wav,target,correct,no aux verbs in questions (lack of do support),/θ/ --> /t/; path/pat,nans,,,,,JB_1108,
39,c81bab460326e86d38120f047a30ce2a2ca857645af43f98ae26cc0d16ec7294,Pacific,if_youre_on_a_path_from_california_to_hawaii_which_ocean_do_you_go_through_targ_12_A.wav,target,correct,no aux verbs in questions (lack of do support),/θ/ --> /t/; path/pat,,,,,,,
39,c81bab460326e86d38120f047a30ce2a2ca857645af43f98ae26cc0d16ec7294,The question does NOT need any corrections.,what_supplies_do_you_need_to_neat_a_scarf_targ_13_B.wav,target,phon_err,no aux verbs in questions (lack of do support),/ɪ/ --> /i/; knit/neat,nans,,,,,JB_1108,
39,c81bab460326e86d38120f047a30ce2a2ca857645af43f98ae26cc0d16ec7294,Yarn and Needles,what_supplies_do_you_need_to_neat_a_scarf_targ_13_B.wav,target,phon_err,no aux verbs in questions (lack of do support),/ɪ/ --> /i/; knit/neat,,,,,,,
39,c81bab460326e86d38120f047a30ce2a2ca857645af43f98ae26cc0d16ec7294,The question needs to be CORRECTED.,what_city_have_people_rushed_to_tour_to_see_where_the_us_government_makes_business_targ_14_C.wav,target,non_phon_err,make vs. other verb,/ʃ/ --> /s/; rushed/rust,y,,other?,,offers full rephrasing of sentence - no specific mention of error,JB_1108,
39,c81bab460326e86d38120f047a30ce2a2ca857645af43f98ae26cc0d16ec7294,"Washington DC - the question is phrased oddly, I would phrase it as what city do tourists visit where the US government runs out of.",what_city_have_people_rushed_to_tour_to_see_where_the_us_government_makes_business_targ_14_C.wav,target,non_phon_err,make vs. other verb,/ʃ/ --> /s/; rushed/rust,,,,,,,
39,c81bab460326e86d38120f047a30ce2a2ca857645af43f98ae26cc0d16ec7294,The question does NOT need any corrections.,what_colors_make_up_a_traditional_candy_gain_which_people_enjoy_to_eat_during_christmas_targ_15_D.wav,target,both_err,infinitive vs. participle,/k/ --> /g/; cane/gain,nans,,,,,JB_1108,
39,c81bab460326e86d38120f047a30ce2a2ca857645af43f98ae26cc0d16ec7294,Red and Green,what_colors_make_up_a_traditional_candy_gain_which_people_enjoy_to_eat_during_christmas_targ_15_D.wav,target,both_err,infinitive vs. participle,/k/ --> /g/; cane/gain,,,,,,,
39,c81bab460326e86d38120f047a30ce2a2ca857645af43f98ae26cc0d16ec7294,The question does NOT need any corrections.,where_do_people_get_drivers_licenses_since_it_is_required_as_valid_id_to_drive_targ_16_A.wav,target,correct,expletive 'it' dropping,/v/ --> /b/; valid/ballad,nans,,,,,JB_1108,
39,c81bab460326e86d38120f047a30ce2a2ca857645af43f98ae26cc0d16ec7294,The DMV,where_do_people_get_drivers_licenses_since_it_is_required_as_valid_id_to_drive_targ_16_A.wav,target,correct,expletive 'it' dropping,/v/ --> /b/; valid/ballad,,,,,,,
39,c81bab460326e86d38120f047a30ce2a2ca857645af43f98ae26cc0d16ec7294,"The question does NOT need any corrections, but I don't know the answer/ I don't understand what the question is asking.",how_many_days_wooed_wooled_my_tandem_bike_be_gone_if_someone_borrows_it_for_july_targ_17_B.wav,target,phon_err,adj/noun order,/ʊ/ --> /u/; would/wooed,nun,,,,,JB_1108,
39,c81bab460326e86d38120f047a30ce2a2ca857645af43f98ae26cc0d16ec7294,NA,how_many_days_wooed_wooled_my_tandem_bike_be_gone_if_someone_borrows_it_for_july_targ_17_B.wav,target,phon_err,adj/noun order,/ʊ/ --> /u/; would/wooed,,,,,,,
39,c81bab460326e86d38120f047a30ce2a2ca857645af43f98ae26cc0d16ec7294,The question needs to be CORRECTED.,when_you_have_hot_what_device_measures_body_temperature_in_both_celsius_and_fahrenheit_targ_18_C.wav,target,non_phon_err,have vs. be,/θ/ --> /t/; both/boat,y,,np,,,JB_1108,
39,c81bab460326e86d38120f047a30ce2a2ca857645af43f98ae26cc0d16ec7294,"Thermometer - the question should say ""when you are hot"" not when you have hot",when_you_have_hot_what_device_measures_body_temperature_in_both_celsius_and_fahrenheit_targ_18_C.wav,target,non_phon_err,have vs. be,/θ/ --> /t/; both/boat,,,,,,,
39,c81bab460326e86d38120f047a30ce2a2ca857645af43f98ae26cc0d16ec7294,The question does NOT need any corrections.,what_big_star_in_our_solar_system_can_steal_be_visible_when_is_cloudy_targ_19_D.wav,target,both_err,expletive 'it' dropping,/ɪ/ --> /i/; still/steal,nans,,,,,JB_1108,
39,c81bab460326e86d38120f047a30ce2a2ca857645af43f98ae26cc0d16ec7294,The sun,what_big_star_in_our_solar_system_can_steal_be_visible_when_is_cloudy_targ_19_D.wav,target,both_err,expletive 'it' dropping,/ɪ/ --> /i/; still/steal,,,,,,,
39,c81bab460326e86d38120f047a30ce2a2ca857645af43f98ae26cc0d16ec7294,The question does NOT need any corrections.,what_popular_us_chain_provides_a_happy_meal_toy_or_plush_when_kids_are_hungry_targ_20_A.wav,target,correct,have vs. be,/ʃ/ --> /s/; plush/plus,nans,,,,,JB_1108,
39,c81bab460326e86d38120f047a30ce2a2ca857645af43f98ae26cc0d16ec7294,McDonalds,what_popular_us_chain_provides_a_happy_meal_toy_or_plush_when_kids_are_hungry_targ_20_A.wav,target,correct,have vs. be,/ʃ/ --> /s/; plush/plus,,,,,,,
39,c81bab460326e86d38120f047a30ce2a2ca857645af43f98ae26cc0d16ec7294,The question needs to be CORRECTED.,in_the_lion_king_who_does_nala_talk_to_and_is_laying_in_a_got_after_theyve_reunited_targ_21_B.wav,target,phon_err,no aux verbs in questions (lack of do support),/k/ --> /g/; cot/got,y,,other?,,changes cot to hammock - seems to misunderstand target word but does not detail phon error,JB_1108,
39,c81bab460326e86d38120f047a30ce2a2ca857645af43f98ae26cc0d16ec7294,"Simba - the question is hard to make sense of - but should read something like ""In the lion king who does Nala talk to and if laying in a hammock after they've reunited?""",in_the_lion_king_who_does_nala_talk_to_and_is_laying_in_a_got_after_theyve_reunited_targ_21_B.wav,target,phon_err,no aux verbs in questions (lack of do support),/k/ --> /g/; cot/got,,,,,,,
39,c81bab460326e86d38120f047a30ce2a2ca857645af43f98ae26cc0d16ec7294,The question needs to be CORRECTED.,if_a_janitor_hardworking_cleaned_a_vent_in_five_minutes_how_many_seconds_is_that_targ_22_C.wav,target,non_phon_err,adj/noun order,/v/ --> /b/; vent/bent,y,,np,,,JB_1108,
39,c81bab460326e86d38120f047a30ce2a2ca857645af43f98ae26cc0d16ec7294,"300 - the phrasing is off - it should say ""If a hardworking janitor""",if_a_janitor_hardworking_cleaned_a_vent_in_five_minutes_how_many_seconds_is_that_targ_22_C.wav,target,non_phon_err,adj/noun order,/v/ --> /b/; vent/bent,,,,,,,
39,c81bab460326e86d38120f047a30ce2a2ca857645af43f98ae26cc0d16ec7294,The question needs to be CORRECTED.,what_company_created_the_macbook_a_device_fool_of_features_to_help_students_make_homework_targ_23_D.wav,target,both_err,make vs. other verb,/ʊ/ --> /u/; full/fool,y,,np,,,JB_1108,
39,c81bab460326e86d38120f047a30ce2a2ca857645af43f98ae26cc0d16ec7294,"Apply - and it's ""do"" homework, not ""make"" homework",what_company_created_the_macbook_a_device_fool_of_features_to_help_students_make_homework_targ_23_D.wav,target,both_err,make vs. other verb,/ʊ/ --> /u/; full/fool,,,,,,,
39,c81bab460326e86d38120f047a30ce2a2ca857645af43f98ae26cc0d16ec7294,The question does NOT need any corrections.,if_i_consider_leaving_work_after_the_fourth_hour_how_many_minutes_would_that_be_targ_24_A.wav,target,correct,infinitive vs. participle,/θ/ --> /t/; fourth/fort,nans,,,,,JB_1108,
39,c81bab460326e86d38120f047a30ce2a2ca857645af43f98ae26cc0d16ec7294,240,if_i_consider_leaving_work_after_the_fourth_hour_how_many_minutes_would_that_be_targ_24_A.wav,target,correct,infinitive vs. participle,/θ/ --> /t/; fourth/fort,,,,,,,
39,c81bab460326e86d38120f047a30ce2a2ca857645af43f98ae26cc0d16ec7294,The question does NOT need any corrections.,what_letter_in_the_latin_alphabet_corresponds_to_the_greek_letter_alpha_fill_01.wav,filler_other,NA,NA,NA,nans,,,,,JB_1108,
39,c81bab460326e86d38120f047a30ce2a2ca857645af43f98ae26cc0d16ec7294,A,what_letter_in_the_latin_alphabet_corresponds_to_the_greek_letter_alpha_fill_01.wav,filler_other,NA,NA,NA,,,,,,,
39,c81bab460326e86d38120f047a30ce2a2ca857645af43f98ae26cc0d16ec7294,The question does NOT need any corrections.,what_organ_is_often_associated_with_being_eaten_by_rotting_flesh_monsters_also_known_as_zombies_fill_02.wav,filler_other,NA,NA,NA,nans,,,,,JB_1108,
39,c81bab460326e86d38120f047a30ce2a2ca857645af43f98ae26cc0d16ec7294,Brains,what_organ_is_often_associated_with_being_eaten_by_rotting_flesh_monsters_also_known_as_zombies_fill_02.wav,filler_other,NA,NA,NA,,,,,,,
39,c81bab460326e86d38120f047a30ce2a2ca857645af43f98ae26cc0d16ec7294,The question does NOT need any corrections.,which_british_celebrity_judge_often_harshly_critiqued_contestants_on_the_nationwide_singing_contest_american_idol_fill_03.wav,filler_other,NA,NA,NA,nans,,,,,JB_1108,
39,c81bab460326e86d38120f047a30ce2a2ca857645af43f98ae26cc0d16ec7294,Simon,which_british_celebrity_judge_often_harshly_critiqued_contestants_on_the_nationwide_singing_contest_american_idol_fill_03.wav,filler_other,NA,NA,NA,,,,,,,
39,c81bab460326e86d38120f047a30ce2a2ca857645af43f98ae26cc0d16ec7294,The question does NOT need any corrections.,which_cartoon_character_works_at_the_krusty_krab_and_is_best_friends_with_patrick_star_fill_04.wav,filler_other,NA,NA,NA,nans,,,,,JB_1108,
39,c81bab460326e86d38120f047a30ce2a2ca857645af43f98ae26cc0d16ec7294,Sponge Bob,which_cartoon_character_works_at_the_krusty_krab_and_is_best_friends_with_patrick_star_fill_04.wav,filler_other,NA,NA,NA,,,,,,,
39,c81bab460326e86d38120f047a30ce2a2ca857645af43f98ae26cc0d16ec7294,The question does NOT need any corrections.,which_body_part_did_van_gogh_allegedly_cut_off_after_an_argument_with_his_friend_fill_05.wav,filler_other,NA,NA,NA,nans,,,,,JB_1108,
39,c81bab460326e86d38120f047a30ce2a2ca857645af43f98ae26cc0d16ec7294,His ear,which_body_part_did_van_gogh_allegedly_cut_off_after_an_argument_with_his_friend_fill_05.wav,filler_other,NA,NA,NA,,,,,,,
39,c81bab460326e86d38120f047a30ce2a2ca857645af43f98ae26cc0d16ec7294,The question does NOT need any corrections.,what_is_the_name_of_the_comic_strip_featuring_charlie_brown_and_his_dog_snoopy_fill_06.wav,filler_other,NA,NA,NA,nans,,,,,JB_1108,
39,c81bab460326e86d38120f047a30ce2a2ca857645af43f98ae26cc0d16ec7294,Peanuts,what_is_the_name_of_the_comic_strip_featuring_charlie_brown_and_his_dog_snoopy_fill_06.wav,filler_other,NA,NA,NA,,,,,,,
39,c81bab460326e86d38120f047a30ce2a2ca857645af43f98ae26cc0d16ec7294,The question needs to be CORRECTED.,what_holiday_occurs_at_the_end_of_october_and_features_trick-or-treating_pumpkins_and_haunted_houses_fill_07.wav,filler_other,NA,NA,NA,y,,otherp,,,JB_1108,
39,c81bab460326e86d38120f047a30ce2a2ca857645af43f98ae26cc0d16ec7294,"Halloween - the word ""pumpkings"" should be pronounced ""pumpkins""",what_holiday_occurs_at_the_end_of_october_and_features_trick-or-treating_pumpkins_and_haunted_houses_fill_07.wav,filler_other,NA,NA,NA,,,,,,,
39,c81bab460326e86d38120f047a30ce2a2ca857645af43f98ae26cc0d16ec7294,The question does NOT need any corrections.,what_is_the_name_of_the_video_game_character_who_is_a_traveling_italian_plumber_fill_08.wav,filler_other,NA,NA,NA,nans,,,,,JB_1108,
39,c81bab460326e86d38120f047a30ce2a2ca857645af43f98ae26cc0d16ec7294,Mario,what_is_the_name_of_the_video_game_character_who_is_a_traveling_italian_plumber_fill_08.wav,filler_other,NA,NA,NA,,,,,,,
39,c81bab460326e86d38120f047a30ce2a2ca857645af43f98ae26cc0d16ec7294,The question does NOT need any corrections.,what_kind_of_animal_is_mickey_mouse’s_girlfriend_minnie_who_wears_a_bow_fill_09.wav,filler_other,NA,NA,NA,nans,,,,,JB_1108,
39,c81bab460326e86d38120f047a30ce2a2ca857645af43f98ae26cc0d16ec7294,Mouse,what_kind_of_animal_is_mickey_mouse’s_girlfriend_minnie_who_wears_a_bow_fill_09.wav,filler_other,NA,NA,NA,,,,,,,
39,c81bab460326e86d38120f047a30ce2a2ca857645af43f98ae26cc0d16ec7294,The question does NOT need any corrections.,which_cartoon_dog_solves_mysteries_with_the_group_fred_daphne_velma_and_shaggy_fill_10.wav,filler_other,NA,NA,NA,nans,,,,,JB_1108,
39,c81bab460326e86d38120f047a30ce2a2ca857645af43f98ae26cc0d16ec7294,Scooby Doo,which_cartoon_dog_solves_mysteries_with_the_group_fred_daphne_velma_and_shaggy_fill_10.wav,filler_other,NA,NA,NA,,,,,,,
39,c81bab460326e86d38120f047a30ce2a2ca857645af43f98ae26cc0d16ec7294,The question does NOT need any corrections.,which_fast_food_chain_offers_foot-long_sandwiches_and_has_the_slogan_eat_fresh_fill_11.wav,filler_other,NA,NA,NA,nans,,,,,JB_1108,
39,c81bab460326e86d38120f047a30ce2a2ca857645af43f98ae26cc0d16ec7294,Subway,which_fast_food_chain_offers_foot-long_sandwiches_and_has_the_slogan_eat_fresh_fill_11.wav,filler_other,NA,NA,NA,,,,,,,
39,c81bab460326e86d38120f047a30ce2a2ca857645af43f98ae26cc0d16ec7294,The question does NOT need any corrections.,which_oscar-winning_movie_features_tom_hanks_saying_life_is_like_a_box_of_chocolates_fill_12.wav,filler_other,NA,NA,NA,nans,,,,,JB_1108,
39,c81bab460326e86d38120f047a30ce2a2ca857645af43f98ae26cc0d16ec7294,Forrest Gump,which_oscar-winning_movie_features_tom_hanks_saying_life_is_like_a_box_of_chocolates_fill_12.wav,filler_other,NA,NA,NA,,,,,,,
39,c81bab460326e86d38120f047a30ce2a2ca857645af43f98ae26cc0d16ec7294,The question does NOT need any corrections.,what_novel_has_the_quote_i’m_late_i’m_late_for_a_very_important_date_fill_13.wav,filler_other,NA,NA,NA,nans,,,,,JB_1108,
39,c81bab460326e86d38120f047a30ce2a2ca857645af43f98ae26cc0d16ec7294,Alice in Wonderland,what_novel_has_the_quote_i’m_late_i’m_late_for_a_very_important_date_fill_13.wav,filler_other,NA,NA,NA,,,,,,,
39,c81bab460326e86d38120f047a30ce2a2ca857645af43f98ae26cc0d16ec7294,The question does NOT need any corrections.,what_mythical_creatures_have_been_said_to_drink_blood_turn_into_bats_and_hate_onions_fill_14.wav,filler_other,NA,NA,NA,nans,,,,,JB_1108,
39,c81bab460326e86d38120f047a30ce2a2ca857645af43f98ae26cc0d16ec7294,Vampires,what_mythical_creatures_have_been_said_to_drink_blood_turn_into_bats_and_hate_onions_fill_14.wav,filler_other,NA,NA,NA,,,,,,,
39,c81bab460326e86d38120f047a30ce2a2ca857645af43f98ae26cc0d16ec7294,The question needs to be CORRECTED.,who_discovered_the_law_of_universal_gravitation_which_accounts_for_why_objects_naturally_fall_downwards_fill_15.wav,filler_other,NA,NA,NA,y,,otherirr,,,JB_1108,
39,c81bab460326e86d38120f047a30ce2a2ca857645af43f98ae26cc0d16ec7294,"Newton - It's the universal law of ""gravity"" not ""gravitation""",who_discovered_the_law_of_universal_gravitation_which_accounts_for_why_objects_naturally_fall_downwards_fill_15.wav,filler_other,NA,NA,NA,,,,,,,
39,c81bab460326e86d38120f047a30ce2a2ca857645af43f98ae26cc0d16ec7294,The question does NOT need any corrections.,which_soft_pastry_made_with_a_certain_spice_is_often_spiral-shaped_and_topped_with_icing_fill_16.wav,filler_other,NA,NA,NA,nans,,,,,JB_1108,
39,c81bab460326e86d38120f047a30ce2a2ca857645af43f98ae26cc0d16ec7294,Cinnamon Roll,which_soft_pastry_made_with_a_certain_spice_is_often_spiral-shaped_and_topped_with_icing_fill_16.wav,filler_other,NA,NA,NA,,,,,,,
39,c81bab460326e86d38120f047a30ce2a2ca857645af43f98ae26cc0d16ec7294,The question does NOT need any corrections.,what_us_holiday_is_often_celebrated_with_fireworks_and_hotdogs_to_honor_americas_freedom_fill_17.wav,filler_other,NA,NA,NA,nans,,,,,JB_1108,
39,c81bab460326e86d38120f047a30ce2a2ca857645af43f98ae26cc0d16ec7294,4th of July,what_us_holiday_is_often_celebrated_with_fireworks_and_hotdogs_to_honor_americas_freedom_fill_17.wav,filler_other,NA,NA,NA,,,,,,,
39,c81bab460326e86d38120f047a30ce2a2ca857645af43f98ae26cc0d16ec7294,The question does NOT need any corrections.,which_tropical_fruit_that_grows_on_palm_trees_is_used_for_oils_and_milks_fill_18.wav,filler_other,NA,NA,NA,nans,,,,,JB_1108,
39,c81bab460326e86d38120f047a30ce2a2ca857645af43f98ae26cc0d16ec7294,Coconut,which_tropical_fruit_that_grows_on_palm_trees_is_used_for_oils_and_milks_fill_18.wav,filler_other,NA,NA,NA,,,,,,,
39,c81bab460326e86d38120f047a30ce2a2ca857645af43f98ae26cc0d16ec7294,The question does NOT need any corrections.,which_season_do_we_associate_with_thanksgiving_the_beginning_of_school_and_leaves_turning_brown_fill_19.wav,filler_other,NA,NA,NA,nans,,,,,JB_1108,
39,c81bab460326e86d38120f047a30ce2a2ca857645af43f98ae26cc0d16ec7294,Fall,which_season_do_we_associate_with_thanksgiving_the_beginning_of_school_and_leaves_turning_brown_fill_19.wav,filler_other,NA,NA,NA,,,,,,,
39,c81bab460326e86d38120f047a30ce2a2ca857645af43f98ae26cc0d16ec7294,The question does NOT need any corrections.,what_musician_won_grammys_for_their_album_thriller_which_features_the_hit_song_beat_it_fill_20.wav,filler_other,NA,NA,NA,nans,,,,,JB_1108,
39,c81bab460326e86d38120f047a30ce2a2ca857645af43f98ae26cc0d16ec7294,Michael Jackson,what_musician_won_grammys_for_their_album_thriller_which_features_the_hit_song_beat_it_fill_20.wav,filler_other,NA,NA,NA,,,,,,,
39,c81bab460326e86d38120f047a30ce2a2ca857645af43f98ae26cc0d16ec7294,The question does NOT need any corrections.,what_animal_is_typically_white_with_black_spots_and_says_moo_fill_21.wav,filler_other,NA,NA,NA,nans,,,,,JB_1108,
39,c81bab460326e86d38120f047a30ce2a2ca857645af43f98ae26cc0d16ec7294,Cow,what_animal_is_typically_white_with_black_spots_and_says_moo_fill_21.wav,filler_other,NA,NA,NA,,,,,,,
39,c81bab460326e86d38120f047a30ce2a2ca857645af43f98ae26cc0d16ec7294,The question does NOT need any corrections.,where_do_the_jolly_christmas_icons_santa_claus_and_his_wife_mrs._claus_live_fill_22.wav,filler_other,NA,NA,NA,nans,,,,,JB_1108,
39,c81bab460326e86d38120f047a30ce2a2ca857645af43f98ae26cc0d16ec7294,North Pole,where_do_the_jolly_christmas_icons_santa_claus_and_his_wife_mrs._claus_live_fill_22.wav,filler_other,NA,NA,NA,,,,,,,
39,c81bab460326e86d38120f047a30ce2a2ca857645af43f98ae26cc0d16ec7294,The question does NOT need any corrections.,in_the_famous_dr_seuss_book_what_orange_and_yellow_character_speaks_for_the_trees_fill_23.wav,filler_other,NA,NA,NA,nans,,,,,JB_1108,
39,c81bab460326e86d38120f047a30ce2a2ca857645af43f98ae26cc0d16ec7294,The Lorax,in_the_famous_dr_seuss_book_what_orange_and_yellow_character_speaks_for_the_trees_fill_23.wav,filler_other,NA,NA,NA,,,,,,,
39,c81bab460326e86d38120f047a30ce2a2ca857645af43f98ae26cc0d16ec7294,The question does NOT need any corrections.,in_what_country_would_you_find_landmarks_like_the_pyramids_of_giza_and_great_sphinx_fill_24.wav,filler_other,NA,NA,NA,nans,,,,,JB_1108,
39,c81bab460326e86d38120f047a30ce2a2ca857645af43f98ae26cc0d16ec7294,Egypt,in_what_country_would_you_find_landmarks_like_the_pyramids_of_giza_and_great_sphinx_fill_24.wav,filler_other,NA,NA,NA,,,,,,,
40,ced02bb0547b4e083b812fbfe6d7c14f717d9f0b42d0531a35f1728679789b26,The question does NOT need any corrections.,how_many_legs_does_a_dog_normally_have_fill_25.wav,att_check_good,NA,NA,NA,nans,,,a,attention check passed (8/8 correct),JB_1108,
40,ced02bb0547b4e083b812fbfe6d7c14f717d9f0b42d0531a35f1728679789b26,Four,how_many_legs_does_a_dog_normally_have_fill_25.wav,att_check_good,NA,NA,NA,,,,,,,
40,ced02bb0547b4e083b812fbfe6d7c14f717d9f0b42d0531a35f1728679789b26,The question does NOT need any corrections.,what_state_is_los_angeles_located_in_fill_26.wav,att_check_good,NA,NA,NA,nans,,,a,,JB_1108,
40,ced02bb0547b4e083b812fbfe6d7c14f717d9f0b42d0531a35f1728679789b26,California,what_state_is_los_angeles_located_in_fill_26.wav,att_check_good,NA,NA,NA,,,,,,,
40,ced02bb0547b4e083b812fbfe6d7c14f717d9f0b42d0531a35f1728679789b26,The question does NOT need any corrections.,what_day_of_the_week_comes_after_monday_fill_27.wav,att_check_good,NA,NA,NA,nans,,,a,,JB_1108,
40,ced02bb0547b4e083b812fbfe6d7c14f717d9f0b42d0531a35f1728679789b26,Tuesday,what_day_of_the_week_comes_after_monday_fill_27.wav,att_check_good,NA,NA,NA,,,,,,,
40,ced02bb0547b4e083b812fbfe6d7c14f717d9f0b42d0531a35f1728679789b26,The question does NOT need any corrections.,what_color_is_a_typical_school_bus_fill_28.wav,att_check_good,NA,NA,NA,nans,,,a,,JB_1108,
40,ced02bb0547b4e083b812fbfe6d7c14f717d9f0b42d0531a35f1728679789b26,Yellow,what_color_is_a_typical_school_bus_fill_28.wav,att_check_good,NA,NA,NA,,,,,,,
40,ced02bb0547b4e083b812fbfe6d7c14f717d9f0b42d0531a35f1728679789b26,The question needs to be CORRECTED.,in_the_cycle_of_seasons_what_season_comes_after_dinter_fill_29.wav,att_check_err,NA,NA,NA,y,,acheckp,,,JB_1108,
40,ced02bb0547b4e083b812fbfe6d7c14f717d9f0b42d0531a35f1728679789b26,"Spring; ""Dinter"" should be ""winter""",in_the_cycle_of_seasons_what_season_comes_after_dinter_fill_29.wav,att_check_err,NA,NA,NA,,,,,,,
40,ced02bb0547b4e083b812fbfe6d7c14f717d9f0b42d0531a35f1728679789b26,The question needs to be CORRECTED.,what_insect_undergoes_a_process_of_change_to_turn_into_a_butterfy_fill_30.wav,att_check_err,NA,NA,NA,y,,acheckp,,,JB_1108,
40,ced02bb0547b4e083b812fbfe6d7c14f717d9f0b42d0531a35f1728679789b26,"Caterpillar; ""Butterfy"" should be butterfly",what_insect_undergoes_a_process_of_change_to_turn_into_a_butterfy_fill_30.wav,att_check_err,NA,NA,NA,,,,,,,
40,ced02bb0547b4e083b812fbfe6d7c14f717d9f0b42d0531a35f1728679789b26,The question needs to be CORRECTED.,what_is_the_largest_plant_in_the_solar_system_fill_31.wav,att_check_err,NA,NA,NA,y,,acheckp,,,JB_1108,
40,ced02bb0547b4e083b812fbfe6d7c14f717d9f0b42d0531a35f1728679789b26,"Jupiter; It should say, ""What is the largest planet in the solar system, not ""plant""",what_is_the_largest_plant_in_the_solar_system_fill_31.wav,att_check_err,NA,NA,NA,,,,,,,
40,ced02bb0547b4e083b812fbfe6d7c14f717d9f0b42d0531a35f1728679789b26,The question needs to be CORRECTED.,how_many_embers_were_in_the_beatles_the_british_rock_band_fill_32.wav,att_check_err,NA,NA,NA,y,,acheckp,,,JB_1108,
40,ced02bb0547b4e083b812fbfe6d7c14f717d9f0b42d0531a35f1728679789b26,"Four; ""embers"" should be ""members""",how_many_embers_were_in_the_beatles_the_british_rock_band_fill_32.wav,att_check_err,NA,NA,NA,,,,,,,
40,ced02bb0547b4e083b812fbfe6d7c14f717d9f0b42d0531a35f1728679789b26,The question needs to be CORRECTED.,for_what_pink_ice_cream_flavor_wheel_companies_do_their_best_to_use_real_fruit_targ_01_B.wav,target,phon_err,make vs. other verb,/ɪ/ --> /i/; will/wheel,y,,other,,unsure what they want to be changed (remove 'for' or 'wheel' -> 'will'),JB_1108,
40,ced02bb0547b4e083b812fbfe6d7c14f717d9f0b42d0531a35f1728679789b26,Strawberry; What pink ice cream flavor will ice cream companies do their best to use real fruit?,for_what_pink_ice_cream_flavor_wheel_companies_do_their_best_to_use_real_fruit_targ_01_B.wav,target,phon_err,make vs. other verb,/ɪ/ --> /i/; will/wheel,,,,,,,
40,ced02bb0547b4e083b812fbfe6d7c14f717d9f0b42d0531a35f1728679789b26,The question does NOT need any corrections.,what_term_refers_to_armored_men_who_enjoyed_to_carry_medieval_swords_that_clash_in_combat_targ_02_C.wav,target,non_phon_err,infinitive vs. participle,/ʃ/ --> /s/; clash/class,nans,,,,,JB_1108,
40,ced02bb0547b4e083b812fbfe6d7c14f717d9f0b42d0531a35f1728679789b26,Knights,what_term_refers_to_armored_men_who_enjoyed_to_carry_medieval_swords_that_clash_in_combat_targ_02_C.wav,target,non_phon_err,infinitive vs. participle,/ʃ/ --> /s/; clash/class,,,,,,,
40,ced02bb0547b4e083b812fbfe6d7c14f717d9f0b42d0531a35f1728679789b26,The question needs to be CORRECTED.,which_scottish_actor_first_played_james_bond_wearing_guilts_to_red_carpets_when_he_had_32_years_old_targ_03_D.wav,target,both_err,have vs. be,/k/ --> /g/; kilt/guilt,y,,np?,,seems to notice np error in rephrasing but doesn't explicitly mention it,JB_1108,
40,ced02bb0547b4e083b812fbfe6d7c14f717d9f0b42d0531a35f1728679789b26,Sean Connery; Which Scottish actor played James Bond at 32 years old,which_scottish_actor_first_played_james_bond_wearing_guilts_to_red_carpets_when_he_had_32_years_old_targ_03_D.wav,target,both_err,have vs. be,/k/ --> /g/; kilt/guilt,,,,,,,
40,ced02bb0547b4e083b812fbfe6d7c14f717d9f0b42d0531a35f1728679789b26,The question does NOT need any corrections.,what_did_neil_armstrong_say_during_his_very_first_steps_on_the_moon_targ_04_A.wav,target,correct,no aux verbs in questions (lack of do support),/v/ --> /b/; very/berry,nans,,,,,JB_1108,
40,ced02bb0547b4e083b812fbfe6d7c14f717d9f0b42d0531a35f1728679789b26,"""That's One Small Step for Man, One Giant Leap for Mankind""",what_did_neil_armstrong_say_during_his_very_first_steps_on_the_moon_targ_04_A.wav,target,correct,no aux verbs in questions (lack of do support),/v/ --> /b/; very/berry,,,,,,,
40,ced02bb0547b4e083b812fbfe6d7c14f717d9f0b42d0531a35f1728679789b26,"The question does NOT need any corrections, but I don't know the answer/ I don't understand what the question is asking.",what_kind_of_weather_cooed_cooled_occur_when_it_is_raining_and_below_freezing_targ_05_B.wav,target,phon_err,expletive 'it' dropping,/ʊ/ --> /u/; could/cooed,nun,,,,,JB_1108,
40,ced02bb0547b4e083b812fbfe6d7c14f717d9f0b42d0531a35f1728679789b26,NA,what_kind_of_weather_cooed_cooled_occur_when_it_is_raining_and_below_freezing_targ_05_B.wav,target,phon_err,expletive 'it' dropping,/ʊ/ --> /u/; could/cooed,,,,,,,
40,ced02bb0547b4e083b812fbfe6d7c14f717d9f0b42d0531a35f1728679789b26,"The question does NOT need any corrections, but I don't know the answer/ I don't understand what the question is asking.",how_many_legs_does_a_garden_spider_canadian_whose_silk_can_make_cloth_have_targ_06_C.wav,target,non_phon_err,adj/noun order,/θ/ --> /t/; cloth/clot,nun,,,,,JB_1108,
40,ced02bb0547b4e083b812fbfe6d7c14f717d9f0b42d0531a35f1728679789b26,NA,how_many_legs_does_a_garden_spider_canadian_whose_silk_can_make_cloth_have_targ_06_C.wav,target,non_phon_err,adj/noun order,/θ/ --> /t/; cloth/clot,,,,,,,
40,ced02bb0547b4e083b812fbfe6d7c14f717d9f0b42d0531a35f1728679789b26,The question needs to be CORRECTED.,what_childrens_game_makes_people_seat_down_quickly_when_the_music_loud_stops_targ_07_D.wav,target,both_err,adj/noun order,/ɪ/ --> /i/; sit/seat,y,,np,,,JB_1108,
40,ced02bb0547b4e083b812fbfe6d7c14f717d9f0b42d0531a35f1728679789b26,"The word ""loud"" should be removed; musical chairs",what_childrens_game_makes_people_seat_down_quickly_when_the_music_loud_stops_targ_07_D.wav,target,both_err,adj/noun order,/ɪ/ --> /i/; sit/seat,,,,,,,
40,ced02bb0547b4e083b812fbfe6d7c14f717d9f0b42d0531a35f1728679789b26,The question does NOT need any corrections.,because_it_is_important_to_honor_the_irish_saint_what_holiday_occurs_on_march_17th_targ_08_A.wav,target,correct,expletive 'it' dropping,/ʃ/ --> /s/; Irish/iris,nans,,,,,JB_1108,
40,ced02bb0547b4e083b812fbfe6d7c14f717d9f0b42d0531a35f1728679789b26,St. Patricks Day,because_it_is_important_to_honor_the_irish_saint_what_holiday_occurs_on_march_17th_targ_08_A.wav,target,correct,expletive 'it' dropping,/ʃ/ --> /s/; Irish/iris,,,,,,,
40,ced02bb0547b4e083b812fbfe6d7c14f717d9f0b42d0531a35f1728679789b26,The question does NOT need any corrections.,if_laundry_service_will_gum_in_five_days_and_todays_thursday_when_are_they_doing_laundry_next_targ_09_B.wav,target,phon_err,make vs. other verb,/k/ --> /g/; come/gum,nans,,,,,JB_1108,
40,ced02bb0547b4e083b812fbfe6d7c14f717d9f0b42d0531a35f1728679789b26,Tuesday,if_laundry_service_will_gum_in_five_days_and_todays_thursday_when_are_they_doing_laundry_next_targ_09_B.wav,target,phon_err,make vs. other verb,/k/ --> /g/; come/gum,,,,,,,
40,ced02bb0547b4e083b812fbfe6d7c14f717d9f0b42d0531a35f1728679789b26,The question needs to be CORRECTED.,who_did_americans_vote_for_to_be_their_first_president_who_avoided_to_serve_three_terms_targ_10_C.wav,target,non_phon_err,infinitive vs. participle,/v/ --> /b/; vote/boat,y,,np,,,JB_1108,
40,ced02bb0547b4e083b812fbfe6d7c14f717d9f0b42d0531a35f1728679789b26,Franklin D. Roosevelt; who went on to serve three terms not avoided to serve three terms.,who_did_americans_vote_for_to_be_their_first_president_who_avoided_to_serve_three_terms_targ_10_C.wav,target,non_phon_err,infinitive vs. participle,/v/ --> /b/; vote/boat,,,,,,,
40,ced02bb0547b4e083b812fbfe6d7c14f717d9f0b42d0531a35f1728679789b26,"The question does NOT need any corrections, but I don't know the answer/ I don't understand what the question is asking.",what_colors_can_have_on_a_traffic_light_which_often_senses_when_cars_pool_up_targ_11_D.wav,target,both_err,have vs. be,/ʊ/ --> /u/; pulls/pools,nun,,,,,JB_1108,
40,ced02bb0547b4e083b812fbfe6d7c14f717d9f0b42d0531a35f1728679789b26,NA,what_colors_can_have_on_a_traffic_light_which_often_senses_when_cars_pool_up_targ_11_D.wav,target,both_err,have vs. be,/ʊ/ --> /u/; pulls/pools,,,,,,,
40,ced02bb0547b4e083b812fbfe6d7c14f717d9f0b42d0531a35f1728679789b26,The question does NOT need any corrections.,if_youre_on_a_path_from_california_to_hawaii_which_ocean_do_you_go_through_targ_12_A.wav,target,correct,no aux verbs in questions (lack of do support),/θ/ --> /t/; path/pat,nans,,,,,JB_1108,
40,ced02bb0547b4e083b812fbfe6d7c14f717d9f0b42d0531a35f1728679789b26,Pacific Ocean,if_youre_on_a_path_from_california_to_hawaii_which_ocean_do_you_go_through_targ_12_A.wav,target,correct,no aux verbs in questions (lack of do support),/θ/ --> /t/; path/pat,,,,,,,
40,ced02bb0547b4e083b812fbfe6d7c14f717d9f0b42d0531a35f1728679789b26,The question does NOT need any corrections.,what_supplies_do_you_need_to_neat_a_scarf_targ_13_B.wav,target,phon_err,no aux verbs in questions (lack of do support),/ɪ/ --> /i/; knit/neat,nans,,,,,JB_1108,
40,ced02bb0547b4e083b812fbfe6d7c14f717d9f0b42d0531a35f1728679789b26,"Yarn, knitting needles",what_supplies_do_you_need_to_neat_a_scarf_targ_13_B.wav,target,phon_err,no aux verbs in questions (lack of do support),/ɪ/ --> /i/; knit/neat,,,,,,,
40,ced02bb0547b4e083b812fbfe6d7c14f717d9f0b42d0531a35f1728679789b26,"The question does NOT need any corrections, but I don't know the answer/ I don't understand what the question is asking.",what_city_have_people_rushed_to_tour_to_see_where_the_us_government_makes_business_targ_14_C.wav,target,non_phon_err,make vs. other verb,/ʃ/ --> /s/; rushed/rust,nun,,,,,JB_1108,
40,ced02bb0547b4e083b812fbfe6d7c14f717d9f0b42d0531a35f1728679789b26,NA,what_city_have_people_rushed_to_tour_to_see_where_the_us_government_makes_business_targ_14_C.wav,target,non_phon_err,make vs. other verb,/ʃ/ --> /s/; rushed/rust,,,,,,,
40,ced02bb0547b4e083b812fbfe6d7c14f717d9f0b42d0531a35f1728679789b26,The question needs to be CORRECTED.,what_colors_make_up_a_traditional_candy_gain_which_people_enjoy_to_eat_during_christmas_targ_15_D.wav,target,both_err,infinitive vs. participle,/k/ --> /g/; cane/gain,y,,p,,,JB_1108,
40,ced02bb0547b4e083b812fbfe6d7c14f717d9f0b42d0531a35f1728679789b26,Candy gain should be candy cane,what_colors_make_up_a_traditional_candy_gain_which_people_enjoy_to_eat_during_christmas_targ_15_D.wav,target,both_err,infinitive vs. participle,/k/ --> /g/; cane/gain,,,,,,,
40,ced02bb0547b4e083b812fbfe6d7c14f717d9f0b42d0531a35f1728679789b26,The question does NOT need any corrections.,where_do_people_get_drivers_licenses_since_it_is_required_as_valid_id_to_drive_targ_16_A.wav,target,correct,expletive 'it' dropping,/v/ --> /b/; valid/ballad,nans,,,,,JB_1108,
40,ced02bb0547b4e083b812fbfe6d7c14f717d9f0b42d0531a35f1728679789b26,The DMV,where_do_people_get_drivers_licenses_since_it_is_required_as_valid_id_to_drive_targ_16_A.wav,target,correct,expletive 'it' dropping,/v/ --> /b/; valid/ballad,,,,,,,
40,ced02bb0547b4e083b812fbfe6d7c14f717d9f0b42d0531a35f1728679789b26,The question needs to be CORRECTED.,how_many_days_wooed_wooled_my_tandem_bike_be_gone_if_someone_borrows_it_for_july_targ_17_B.wav,target,phon_err,adj/noun order,/ʊ/ --> /u/; would/wooed,y,,othernp,,"talks about target word, but correctly understands it as 'would' - instead offers a grammatical suggestion",JB_1108,
40,ced02bb0547b4e083b812fbfe6d7c14f717d9f0b42d0531a35f1728679789b26,"31; How many days ""WILL"" my tandem bike instead of ""would""...",how_many_days_wooed_wooled_my_tandem_bike_be_gone_if_someone_borrows_it_for_july_targ_17_B.wav,target,phon_err,adj/noun order,/ʊ/ --> /u/; would/wooed,,,,,,,
40,ced02bb0547b4e083b812fbfe6d7c14f717d9f0b42d0531a35f1728679789b26,The question needs to be CORRECTED.,when_you_have_hot_what_device_measures_body_temperature_in_both_celsius_and_fahrenheit_targ_18_C.wav,target,non_phon_err,have vs. be,/θ/ --> /t/; both/boat,y,,np,,,JB_1108,
40,ced02bb0547b4e083b812fbfe6d7c14f717d9f0b42d0531a35f1728679789b26,Thermometer; When you have hot should be when you have heat,when_you_have_hot_what_device_measures_body_temperature_in_both_celsius_and_fahrenheit_targ_18_C.wav,target,non_phon_err,have vs. be,/θ/ --> /t/; both/boat,,,,,,,
40,ced02bb0547b4e083b812fbfe6d7c14f717d9f0b42d0531a35f1728679789b26,The question does NOT need any corrections.,what_big_star_in_our_solar_system_can_steal_be_visible_when_is_cloudy_targ_19_D.wav,target,both_err,expletive 'it' dropping,/ɪ/ --> /i/; still/steal,nans,,,,,JB_1108,
40,ced02bb0547b4e083b812fbfe6d7c14f717d9f0b42d0531a35f1728679789b26,The sun,what_big_star_in_our_solar_system_can_steal_be_visible_when_is_cloudy_targ_19_D.wav,target,both_err,expletive 'it' dropping,/ɪ/ --> /i/; still/steal,,,,,,,
40,ced02bb0547b4e083b812fbfe6d7c14f717d9f0b42d0531a35f1728679789b26,The question does NOT need any corrections.,what_popular_us_chain_provides_a_happy_meal_toy_or_plush_when_kids_are_hungry_targ_20_A.wav,target,correct,have vs. be,/ʃ/ --> /s/; plush/plus,nans,,,,,JB_1108,
40,ced02bb0547b4e083b812fbfe6d7c14f717d9f0b42d0531a35f1728679789b26,McDonalds,what_popular_us_chain_provides_a_happy_meal_toy_or_plush_when_kids_are_hungry_targ_20_A.wav,target,correct,have vs. be,/ʃ/ --> /s/; plush/plus,,,,,,,
40,ced02bb0547b4e083b812fbfe6d7c14f717d9f0b42d0531a35f1728679789b26,The question needs to be CORRECTED.,in_the_lion_king_who_does_nala_talk_to_and_is_laying_in_a_got_after_theyve_reunited_targ_21_B.wav,target,phon_err,no aux verbs in questions (lack of do support),/k/ --> /g/; cot/got,y,,otherirr,,,JB_1108,
40,ced02bb0547b4e083b812fbfe6d7c14f717d9f0b42d0531a35f1728679789b26,"Simba; It should say, after they were reunited in the jungle",in_the_lion_king_who_does_nala_talk_to_and_is_laying_in_a_got_after_theyve_reunited_targ_21_B.wav,target,phon_err,no aux verbs in questions (lack of do support),/k/ --> /g/; cot/got,,,,,,,
40,ced02bb0547b4e083b812fbfe6d7c14f717d9f0b42d0531a35f1728679789b26,The question needs to be CORRECTED.,if_a_janitor_hardworking_cleaned_a_vent_in_five_minutes_how_many_seconds_is_that_targ_22_C.wav,target,non_phon_err,adj/noun order,/v/ --> /b/; vent/bent,y,,np,,,JB_1108,
40,ced02bb0547b4e083b812fbfe6d7c14f717d9f0b42d0531a35f1728679789b26,300 seconds; The words need to be rearranged- If a janitor is working hard,if_a_janitor_hardworking_cleaned_a_vent_in_five_minutes_how_many_seconds_is_that_targ_22_C.wav,target,non_phon_err,adj/noun order,/v/ --> /b/; vent/bent,,,,,,,
40,ced02bb0547b4e083b812fbfe6d7c14f717d9f0b42d0531a35f1728679789b26,The question needs to be CORRECTED.,what_company_created_the_macbook_a_device_fool_of_features_to_help_students_make_homework_targ_23_D.wav,target,both_err,make vs. other verb,/ʊ/ --> /u/; full/fool,y,,np,,,JB_1108,
40,ced02bb0547b4e083b812fbfe6d7c14f717d9f0b42d0531a35f1728679789b26,"Apple; ""make homework"" should be ""complete their homework"" or ""do their homework""",what_company_created_the_macbook_a_device_fool_of_features_to_help_students_make_homework_targ_23_D.wav,target,both_err,make vs. other verb,/ʊ/ --> /u/; full/fool,,,,,,,
40,ced02bb0547b4e083b812fbfe6d7c14f717d9f0b42d0531a35f1728679789b26,The question does NOT need any corrections.,if_i_consider_leaving_work_after_the_fourth_hour_how_many_minutes_would_that_be_targ_24_A.wav,target,correct,infinitive vs. participle,/θ/ --> /t/; fourth/fort,nans,,,,,JB_1108,
40,ced02bb0547b4e083b812fbfe6d7c14f717d9f0b42d0531a35f1728679789b26,240 minutes,if_i_consider_leaving_work_after_the_fourth_hour_how_many_minutes_would_that_be_targ_24_A.wav,target,correct,infinitive vs. participle,/θ/ --> /t/; fourth/fort,,,,,,,
40,ced02bb0547b4e083b812fbfe6d7c14f717d9f0b42d0531a35f1728679789b26,The question does NOT need any corrections.,what_letter_in_the_latin_alphabet_corresponds_to_the_greek_letter_alpha_fill_01.wav,filler_other,NA,NA,NA,nans,,,,,JB_1108,
40,ced02bb0547b4e083b812fbfe6d7c14f717d9f0b42d0531a35f1728679789b26,A,what_letter_in_the_latin_alphabet_corresponds_to_the_greek_letter_alpha_fill_01.wav,filler_other,NA,NA,NA,,,,,,,
40,ced02bb0547b4e083b812fbfe6d7c14f717d9f0b42d0531a35f1728679789b26,The question does NOT need any corrections.,what_organ_is_often_associated_with_being_eaten_by_rotting_flesh_monsters_also_known_as_zombies_fill_02.wav,filler_other,NA,NA,NA,nans,,,,,JB_1108,
40,ced02bb0547b4e083b812fbfe6d7c14f717d9f0b42d0531a35f1728679789b26,The brain,what_organ_is_often_associated_with_being_eaten_by_rotting_flesh_monsters_also_known_as_zombies_fill_02.wav,filler_other,NA,NA,NA,,,,,,,
40,ced02bb0547b4e083b812fbfe6d7c14f717d9f0b42d0531a35f1728679789b26,The question does NOT need any corrections.,which_british_celebrity_judge_often_harshly_critiqued_contestants_on_the_nationwide_singing_contest_american_idol_fill_03.wav,filler_other,NA,NA,NA,nans,,,,,JB_1108,
40,ced02bb0547b4e083b812fbfe6d7c14f717d9f0b42d0531a35f1728679789b26,Simon Caldwell,which_british_celebrity_judge_often_harshly_critiqued_contestants_on_the_nationwide_singing_contest_american_idol_fill_03.wav,filler_other,NA,NA,NA,,,,,,,
40,ced02bb0547b4e083b812fbfe6d7c14f717d9f0b42d0531a35f1728679789b26,The question does NOT need any corrections.,which_cartoon_character_works_at_the_krusty_krab_and_is_best_friends_with_patrick_star_fill_04.wav,filler_other,NA,NA,NA,nans,,,,,JB_1108,
40,ced02bb0547b4e083b812fbfe6d7c14f717d9f0b42d0531a35f1728679789b26,Spongebob Squarepants,which_cartoon_character_works_at_the_krusty_krab_and_is_best_friends_with_patrick_star_fill_04.wav,filler_other,NA,NA,NA,,,,,,,
40,ced02bb0547b4e083b812fbfe6d7c14f717d9f0b42d0531a35f1728679789b26,The question does NOT need any corrections.,which_body_part_did_van_gogh_allegedly_cut_off_after_an_argument_with_his_friend_fill_05.wav,filler_other,NA,NA,NA,nans,,,,,JB_1108,
40,ced02bb0547b4e083b812fbfe6d7c14f717d9f0b42d0531a35f1728679789b26,His ear,which_body_part_did_van_gogh_allegedly_cut_off_after_an_argument_with_his_friend_fill_05.wav,filler_other,NA,NA,NA,,,,,,,
40,ced02bb0547b4e083b812fbfe6d7c14f717d9f0b42d0531a35f1728679789b26,The question does NOT need any corrections.,what_is_the_name_of_the_comic_strip_featuring_charlie_brown_and_his_dog_snoopy_fill_06.wav,filler_other,NA,NA,NA,nans,,,,,JB_1108,
40,ced02bb0547b4e083b812fbfe6d7c14f717d9f0b42d0531a35f1728679789b26,"""Peanuts""",what_is_the_name_of_the_comic_strip_featuring_charlie_brown_and_his_dog_snoopy_fill_06.wav,filler_other,NA,NA,NA,,,,,,,
40,ced02bb0547b4e083b812fbfe6d7c14f717d9f0b42d0531a35f1728679789b26,The question does NOT need any corrections.,what_holiday_occurs_at_the_end_of_october_and_features_trick-or-treating_pumpkins_and_haunted_houses_fill_07.wav,filler_other,NA,NA,NA,nans,,,,,JB_1108,
40,ced02bb0547b4e083b812fbfe6d7c14f717d9f0b42d0531a35f1728679789b26,Halloween,what_holiday_occurs_at_the_end_of_october_and_features_trick-or-treating_pumpkins_and_haunted_houses_fill_07.wav,filler_other,NA,NA,NA,,,,,,,
40,ced02bb0547b4e083b812fbfe6d7c14f717d9f0b42d0531a35f1728679789b26,The question does NOT need any corrections.,what_is_the_name_of_the_video_game_character_who_is_a_traveling_italian_plumber_fill_08.wav,filler_other,NA,NA,NA,nans,,,,,JB_1108,
40,ced02bb0547b4e083b812fbfe6d7c14f717d9f0b42d0531a35f1728679789b26,Super Mario Brothers,what_is_the_name_of_the_video_game_character_who_is_a_traveling_italian_plumber_fill_08.wav,filler_other,NA,NA,NA,,,,,,,
40,ced02bb0547b4e083b812fbfe6d7c14f717d9f0b42d0531a35f1728679789b26,The question does NOT need any corrections.,what_kind_of_animal_is_mickey_mouse’s_girlfriend_minnie_who_wears_a_bow_fill_09.wav,filler_other,NA,NA,NA,nans,,,,,JB_1108,
40,ced02bb0547b4e083b812fbfe6d7c14f717d9f0b42d0531a35f1728679789b26,A mouse,what_kind_of_animal_is_mickey_mouse’s_girlfriend_minnie_who_wears_a_bow_fill_09.wav,filler_other,NA,NA,NA,,,,,,,
40,ced02bb0547b4e083b812fbfe6d7c14f717d9f0b42d0531a35f1728679789b26,The question does NOT need any corrections.,which_cartoon_dog_solves_mysteries_with_the_group_fred_daphne_velma_and_shaggy_fill_10.wav,filler_other,NA,NA,NA,nans,,,,,JB_1108,
40,ced02bb0547b4e083b812fbfe6d7c14f717d9f0b42d0531a35f1728679789b26,Scooby Doo,which_cartoon_dog_solves_mysteries_with_the_group_fred_daphne_velma_and_shaggy_fill_10.wav,filler_other,NA,NA,NA,,,,,,,
40,ced02bb0547b4e083b812fbfe6d7c14f717d9f0b42d0531a35f1728679789b26,The question does NOT need any corrections.,which_fast_food_chain_offers_foot-long_sandwiches_and_has_the_slogan_eat_fresh_fill_11.wav,filler_other,NA,NA,NA,nans,,,,,JB_1108,
40,ced02bb0547b4e083b812fbfe6d7c14f717d9f0b42d0531a35f1728679789b26,Subway,which_fast_food_chain_offers_foot-long_sandwiches_and_has_the_slogan_eat_fresh_fill_11.wav,filler_other,NA,NA,NA,,,,,,,
40,ced02bb0547b4e083b812fbfe6d7c14f717d9f0b42d0531a35f1728679789b26,The question does NOT need any corrections.,which_oscar-winning_movie_features_tom_hanks_saying_life_is_like_a_box_of_chocolates_fill_12.wav,filler_other,NA,NA,NA,nans,,,,,JB_1108,
40,ced02bb0547b4e083b812fbfe6d7c14f717d9f0b42d0531a35f1728679789b26,Forrest Gump,which_oscar-winning_movie_features_tom_hanks_saying_life_is_like_a_box_of_chocolates_fill_12.wav,filler_other,NA,NA,NA,,,,,,,
40,ced02bb0547b4e083b812fbfe6d7c14f717d9f0b42d0531a35f1728679789b26,The question does NOT need any corrections.,what_novel_has_the_quote_i’m_late_i’m_late_for_a_very_important_date_fill_13.wav,filler_other,NA,NA,NA,nans,,,,,JB_1108,
40,ced02bb0547b4e083b812fbfe6d7c14f717d9f0b42d0531a35f1728679789b26,"""Alice in Wonderland""",what_novel_has_the_quote_i’m_late_i’m_late_for_a_very_important_date_fill_13.wav,filler_other,NA,NA,NA,,,,,,,
40,ced02bb0547b4e083b812fbfe6d7c14f717d9f0b42d0531a35f1728679789b26,The question does NOT need any corrections.,what_mythical_creatures_have_been_said_to_drink_blood_turn_into_bats_and_hate_onions_fill_14.wav,filler_other,NA,NA,NA,nans,,,,,JB_1108,
40,ced02bb0547b4e083b812fbfe6d7c14f717d9f0b42d0531a35f1728679789b26,Vampires,what_mythical_creatures_have_been_said_to_drink_blood_turn_into_bats_and_hate_onions_fill_14.wav,filler_other,NA,NA,NA,,,,,,,
40,ced02bb0547b4e083b812fbfe6d7c14f717d9f0b42d0531a35f1728679789b26,The question does NOT need any corrections.,who_discovered_the_law_of_universal_gravitation_which_accounts_for_why_objects_naturally_fall_downwards_fill_15.wav,filler_other,NA,NA,NA,nans,,,,,JB_1108,
40,ced02bb0547b4e083b812fbfe6d7c14f717d9f0b42d0531a35f1728679789b26,Sir Isaac Newton,who_discovered_the_law_of_universal_gravitation_which_accounts_for_why_objects_naturally_fall_downwards_fill_15.wav,filler_other,NA,NA,NA,,,,,,,
40,ced02bb0547b4e083b812fbfe6d7c14f717d9f0b42d0531a35f1728679789b26,The question does NOT need any corrections.,which_soft_pastry_made_with_a_certain_spice_is_often_spiral-shaped_and_topped_with_icing_fill_16.wav,filler_other,NA,NA,NA,nans,,,,,JB_1108,
40,ced02bb0547b4e083b812fbfe6d7c14f717d9f0b42d0531a35f1728679789b26,Cinnamon roll,which_soft_pastry_made_with_a_certain_spice_is_often_spiral-shaped_and_topped_with_icing_fill_16.wav,filler_other,NA,NA,NA,,,,,,,
40,ced02bb0547b4e083b812fbfe6d7c14f717d9f0b42d0531a35f1728679789b26,The question does NOT need any corrections.,what_us_holiday_is_often_celebrated_with_fireworks_and_hotdogs_to_honor_americas_freedom_fill_17.wav,filler_other,NA,NA,NA,nans,,,,,JB_1108,
40,ced02bb0547b4e083b812fbfe6d7c14f717d9f0b42d0531a35f1728679789b26,Fourth of July,what_us_holiday_is_often_celebrated_with_fireworks_and_hotdogs_to_honor_americas_freedom_fill_17.wav,filler_other,NA,NA,NA,,,,,,,
40,ced02bb0547b4e083b812fbfe6d7c14f717d9f0b42d0531a35f1728679789b26,The question does NOT need any corrections.,which_tropical_fruit_that_grows_on_palm_trees_is_used_for_oils_and_milks_fill_18.wav,filler_other,NA,NA,NA,nans,,,,,JB_1108,
40,ced02bb0547b4e083b812fbfe6d7c14f717d9f0b42d0531a35f1728679789b26,Coconuts,which_tropical_fruit_that_grows_on_palm_trees_is_used_for_oils_and_milks_fill_18.wav,filler_other,NA,NA,NA,,,,,,,
40,ced02bb0547b4e083b812fbfe6d7c14f717d9f0b42d0531a35f1728679789b26,The question does NOT need any corrections.,which_season_do_we_associate_with_thanksgiving_the_beginning_of_school_and_leaves_turning_brown_fill_19.wav,filler_other,NA,NA,NA,nans,,,,,JB_1108,
40,ced02bb0547b4e083b812fbfe6d7c14f717d9f0b42d0531a35f1728679789b26,Fall,which_season_do_we_associate_with_thanksgiving_the_beginning_of_school_and_leaves_turning_brown_fill_19.wav,filler_other,NA,NA,NA,,,,,,,
40,ced02bb0547b4e083b812fbfe6d7c14f717d9f0b42d0531a35f1728679789b26,The question does NOT need any corrections.,what_musician_won_grammys_for_their_album_thriller_which_features_the_hit_song_beat_it_fill_20.wav,filler_other,NA,NA,NA,nans,,,,,JB_1108,
40,ced02bb0547b4e083b812fbfe6d7c14f717d9f0b42d0531a35f1728679789b26,Michael Jackson,what_musician_won_grammys_for_their_album_thriller_which_features_the_hit_song_beat_it_fill_20.wav,filler_other,NA,NA,NA,,,,,,,
40,ced02bb0547b4e083b812fbfe6d7c14f717d9f0b42d0531a35f1728679789b26,The question does NOT need any corrections.,what_animal_is_typically_white_with_black_spots_and_says_moo_fill_21.wav,filler_other,NA,NA,NA,nans,,,,,JB_1108,
40,ced02bb0547b4e083b812fbfe6d7c14f717d9f0b42d0531a35f1728679789b26,A cow,what_animal_is_typically_white_with_black_spots_and_says_moo_fill_21.wav,filler_other,NA,NA,NA,,,,,,,
40,ced02bb0547b4e083b812fbfe6d7c14f717d9f0b42d0531a35f1728679789b26,The question does NOT need any corrections.,where_do_the_jolly_christmas_icons_santa_claus_and_his_wife_mrs._claus_live_fill_22.wav,filler_other,NA,NA,NA,nans,,,,,JB_1108,
40,ced02bb0547b4e083b812fbfe6d7c14f717d9f0b42d0531a35f1728679789b26,The North Pole,where_do_the_jolly_christmas_icons_santa_claus_and_his_wife_mrs._claus_live_fill_22.wav,filler_other,NA,NA,NA,,,,,,,
40,ced02bb0547b4e083b812fbfe6d7c14f717d9f0b42d0531a35f1728679789b26,The question does NOT need any corrections.,in_the_famous_dr_seuss_book_what_orange_and_yellow_character_speaks_for_the_trees_fill_23.wav,filler_other,NA,NA,NA,nans,,,,,JB_1108,
40,ced02bb0547b4e083b812fbfe6d7c14f717d9f0b42d0531a35f1728679789b26,The Lorax,in_the_famous_dr_seuss_book_what_orange_and_yellow_character_speaks_for_the_trees_fill_23.wav,filler_other,NA,NA,NA,,,,,,,
40,ced02bb0547b4e083b812fbfe6d7c14f717d9f0b42d0531a35f1728679789b26,The question does NOT need any corrections.,in_what_country_would_you_find_landmarks_like_the_pyramids_of_giza_and_great_sphinx_fill_24.wav,filler_other,NA,NA,NA,nans,,,,,JB_1108,
40,ced02bb0547b4e083b812fbfe6d7c14f717d9f0b42d0531a35f1728679789b26,Egypt,in_what_country_would_you_find_landmarks_like_the_pyramids_of_giza_and_great_sphinx_fill_24.wav,filler_other,NA,NA,NA,,,,,,,
41,d0b89e5c6e0350dc1e873cdca52c4023902ba96af4e4d122c46d949e204634bb,The question does NOT need any corrections.,how_many_legs_does_a_dog_normally_have_fill_25.wav,att_check_good,NA,NA,NA,nans,,,a,attention check passed (8/8 correct),JB_1108,
41,d0b89e5c6e0350dc1e873cdca52c4023902ba96af4e4d122c46d949e204634bb,Four,how_many_legs_does_a_dog_normally_have_fill_25.wav,att_check_good,NA,NA,NA,,,,,,,
41,d0b89e5c6e0350dc1e873cdca52c4023902ba96af4e4d122c46d949e204634bb,The question does NOT need any corrections.,what_state_is_los_angeles_located_in_fill_26.wav,att_check_good,NA,NA,NA,nans,,,a,,JB_1108,
41,d0b89e5c6e0350dc1e873cdca52c4023902ba96af4e4d122c46d949e204634bb,"California:
 ""State"" is pronounced oddly.",what_state_is_los_angeles_located_in_fill_26.wav,att_check_good,NA,NA,NA,,,,,,,
41,d0b89e5c6e0350dc1e873cdca52c4023902ba96af4e4d122c46d949e204634bb,The question does NOT need any corrections.,what_day_of_the_week_comes_after_monday_fill_27.wav,att_check_good,NA,NA,NA,nans,,,a,,JB_1108,
41,d0b89e5c6e0350dc1e873cdca52c4023902ba96af4e4d122c46d949e204634bb,Tuesday,what_day_of_the_week_comes_after_monday_fill_27.wav,att_check_good,NA,NA,NA,,,,,,,
41,d0b89e5c6e0350dc1e873cdca52c4023902ba96af4e4d122c46d949e204634bb,The question does NOT need any corrections.,what_color_is_a_typical_school_bus_fill_28.wav,att_check_good,NA,NA,NA,nans,,,a,,JB_1108,
41,d0b89e5c6e0350dc1e873cdca52c4023902ba96af4e4d122c46d949e204634bb,Yellow,what_color_is_a_typical_school_bus_fill_28.wav,att_check_good,NA,NA,NA,,,,,,,
41,d0b89e5c6e0350dc1e873cdca52c4023902ba96af4e4d122c46d949e204634bb,The question needs to be CORRECTED.,in_the_cycle_of_seasons_what_season_comes_after_dinter_fill_29.wav,att_check_err,NA,NA,NA,y,,acheckp,,,JB_1108,
41,d0b89e5c6e0350dc1e873cdca52c4023902ba96af4e4d122c46d949e204634bb,"Spring;
 ""Winter"" is mispronounced ""dinter.""",in_the_cycle_of_seasons_what_season_comes_after_dinter_fill_29.wav,att_check_err,NA,NA,NA,,,,,,,
41,d0b89e5c6e0350dc1e873cdca52c4023902ba96af4e4d122c46d949e204634bb,The question does NOT need any corrections.,what_insect_undergoes_a_process_of_change_to_turn_into_a_butterfy_fill_30.wav,att_check_err,NA,NA,NA,y,,acheckp,,,JB_1108,
41,d0b89e5c6e0350dc1e873cdca52c4023902ba96af4e4d122c46d949e204634bb,"Caterpillar:
 ""Butterfly"" is mispronounced as ""butterfy.""",what_insect_undergoes_a_process_of_change_to_turn_into_a_butterfy_fill_30.wav,att_check_err,NA,NA,NA,,,,,,,
41,d0b89e5c6e0350dc1e873cdca52c4023902ba96af4e4d122c46d949e204634bb,The question does NOT need any corrections.,what_is_the_largest_plant_in_the_solar_system_fill_31.wav,att_check_err,NA,NA,NA,y,,acheckp,,,JB_1108,
41,d0b89e5c6e0350dc1e873cdca52c4023902ba96af4e4d122c46d949e204634bb,"Jupiter;
 The word ""planet"" is pronounced ""plant.""",what_is_the_largest_plant_in_the_solar_system_fill_31.wav,att_check_err,NA,NA,NA,,,,,,,
41,d0b89e5c6e0350dc1e873cdca52c4023902ba96af4e4d122c46d949e204634bb,The question needs to be CORRECTED.,how_many_embers_were_in_the_beatles_the_british_rock_band_fill_32.wav,att_check_err,NA,NA,NA,y,,acheckp,,,JB_1108,
41,d0b89e5c6e0350dc1e873cdca52c4023902ba96af4e4d122c46d949e204634bb,"Four;
 ""Members"" is mispronounced ""embers.""",how_many_embers_were_in_the_beatles_the_british_rock_band_fill_32.wav,att_check_err,NA,NA,NA,,,,,,,
41,d0b89e5c6e0350dc1e873cdca52c4023902ba96af4e4d122c46d949e204634bb,The question does NOT need any corrections.,for_what_pink_ice_cream_flavor_will_companies_do_their_best_to_use_real_fruit_targ_01_A.wav,target,correct,make vs. other verb,/ɪ/ --> /i/; will/wheel,nans,,,,,JB_1108,
41,d0b89e5c6e0350dc1e873cdca52c4023902ba96af4e4d122c46d949e204634bb,Strawberry,for_what_pink_ice_cream_flavor_will_companies_do_their_best_to_use_real_fruit_targ_01_A.wav,target,correct,make vs. other verb,/ɪ/ --> /i/; will/wheel,,,,,,,
41,d0b89e5c6e0350dc1e873cdca52c4023902ba96af4e4d122c46d949e204634bb,The question needs to be CORRECTED.,what_term_refers_to_armored_men_who_enjoyed_carrying_medieval_swords_that_class_in_combat_targ_02_B.wav,target,phon_err,infinitive vs. participle,/ʃ/ --> /s/; clash/class,y,,p,,"notices phon error, also gives unrelated suggestion",JB_1108,
41,d0b89e5c6e0350dc1e873cdca52c4023902ba96af4e4d122c46d949e204634bb,"Knight;
 I don't think the word ""enjoyed"" needs to be in here at all, it sounds strange. The word ""clash"" is mispronounced as ""class.""",what_term_refers_to_armored_men_who_enjoyed_carrying_medieval_swords_that_class_in_combat_targ_02_B.wav,target,phon_err,infinitive vs. participle,/ʃ/ --> /s/; clash/class,,,,,,,
41,d0b89e5c6e0350dc1e873cdca52c4023902ba96af4e4d122c46d949e204634bb,"The question does NOT need any corrections, but I don't know the answer/ I don't understand what the question is asking.",which_scottish_actor_first_played_james_bond_wearing_kilts_to_red_carpets_when_he_had_32_years_old_targ_03_C.wav,target,non_phon_err,have vs. be,/k/ --> /g/; kilt/guilt,y,,np,,used nun option but reported non-phon error,JB_1108,
41,d0b89e5c6e0350dc1e873cdca52c4023902ba96af4e4d122c46d949e204634bb,"NA;
 It should be ""when he was 32 years old.""",which_scottish_actor_first_played_james_bond_wearing_kilts_to_red_carpets_when_he_had_32_years_old_targ_03_C.wav,target,non_phon_err,have vs. be,/k/ --> /g/; kilt/guilt,,,,,,,
41,d0b89e5c6e0350dc1e873cdca52c4023902ba96af4e4d122c46d949e204634bb,The question needs to be CORRECTED.,what_neil_armstrong_say_during_his_berry_first_steps_on_the_moon_targ_04_D.wav,target,both_err,no aux verbs in questions (lack of do support),/v/ --> /b/; very/berry,y,,both?,,definitely seems to notice non-phon error - gave full correction but unsure if both errors were noticed,JB_1108,
41,d0b89e5c6e0350dc1e873cdca52c4023902ba96af4e4d122c46d949e204634bb,"""One small step for man, one giant leap for mankind.""
 It should be ""What did Neil Armstrong say during his very first steps on the moon?""",what_neil_armstrong_say_during_his_berry_first_steps_on_the_moon_targ_04_D.wav,target,both_err,no aux verbs in questions (lack of do support),/v/ --> /b/; very/berry,,,,,,,
41,d0b89e5c6e0350dc1e873cdca52c4023902ba96af4e4d122c46d949e204634bb,The question does NOT need any corrections.,what_kind_of_weather_could_occur_when_it_is_raining_and_below_freezing_targ_05_A.wav,target,correct,expletive 'it' dropping,/ʊ/ --> /u/; could/cooed,y,,otherp,,used nans option but reported unrelated phon error,JB_1108,
41,d0b89e5c6e0350dc1e873cdca52c4023902ba96af4e4d122c46d949e204634bb,"Sleet;
 ""Occur"" is mispronounced ""occyer""",what_kind_of_weather_could_occur_when_it_is_raining_and_below_freezing_targ_05_A.wav,target,correct,expletive 'it' dropping,/ʊ/ --> /u/; could/cooed,,,,,,,
41,d0b89e5c6e0350dc1e873cdca52c4023902ba96af4e4d122c46d949e204634bb,The question does NOT need any corrections.,how_many_legs_does_a_canadian_garden_spider_whose_silk_can_make_clot_have_targ_06_B.wav,target,phon_err,adj/noun order,/θ/ --> /t/; cloth/clot,y,,p,,used nans option but reported target phon error,JB_1108,
41,d0b89e5c6e0350dc1e873cdca52c4023902ba96af4e4d122c46d949e204634bb,"Eight;
 The question is phrased correctly but the word ""cloth"" is pronounced ""clot.""",how_many_legs_does_a_canadian_garden_spider_whose_silk_can_make_clot_have_targ_06_B.wav,target,phon_err,adj/noun order,/θ/ --> /t/; cloth/clot,,,,,,,
41,d0b89e5c6e0350dc1e873cdca52c4023902ba96af4e4d122c46d949e204634bb,The question needs to be CORRECTED.,what_childrens_game_makes_people_sit_down_quickly_when_the_music_loud_stops_targ_07_C.wav,target,non_phon_err,adj/noun order,/ɪ/ --> /i/; sit/seat,y,,np,,,JB_1108,
41,d0b89e5c6e0350dc1e873cdca52c4023902ba96af4e4d122c46d949e204634bb,"Musical chairs;
 It should be ""loud music,"" not ""music loud.""",what_childrens_game_makes_people_sit_down_quickly_when_the_music_loud_stops_targ_07_C.wav,target,non_phon_err,adj/noun order,/ɪ/ --> /i/; sit/seat,,,,,,,
41,d0b89e5c6e0350dc1e873cdca52c4023902ba96af4e4d122c46d949e204634bb,The question does NOT need any corrections.,because_is_important_to_honor_the_iris_saint_what_holiday_occurs_on_march_17th_targ_08_D.wav,target,both_err,expletive 'it' dropping,/ʃ/ --> /s/; Irish/iris,y,,otherp,,used nans option but reported general difficulty understanding the sentence,JB_1108,
41,d0b89e5c6e0350dc1e873cdca52c4023902ba96af4e4d122c46d949e204634bb,"St. Patrick's Day;
 The pronunciation in this sentence is a little hard to understand, especially the first few words.",because_is_important_to_honor_the_iris_saint_what_holiday_occurs_on_march_17th_targ_08_D.wav,target,both_err,expletive 'it' dropping,/ʃ/ --> /s/; Irish/iris,,,,,,,
41,d0b89e5c6e0350dc1e873cdca52c4023902ba96af4e4d122c46d949e204634bb,The question needs to be CORRECTED.,if_laundry_service_will_come_in_five_days_and_todays_thursday_when_are_they_doing_laundry_next_targ_09_A.wav,target,correct,make vs. other verb,/k/ --> /g/; come/gum,y,,othernp,,,JB_1108,
41,d0b89e5c6e0350dc1e873cdca52c4023902ba96af4e4d122c46d949e204634bb,"Tuesday;
 It should be ""the laundry service.""",if_laundry_service_will_come_in_five_days_and_todays_thursday_when_are_they_doing_laundry_next_targ_09_A.wav,target,correct,make vs. other verb,/k/ --> /g/; come/gum,,,,,,,
41,d0b89e5c6e0350dc1e873cdca52c4023902ba96af4e4d122c46d949e204634bb,The question does NOT need any corrections.,who_did_americans_boat_for_to_be_their_first_president_who_avoided_serving_three_terms_targ_10_B.wav,target,phon_err,infinitive vs. participle,/v/ --> /b/; vote/boat,y,,otherirr,,"used nans option, but reported not liking overall phrasing",JB_1108,
41,d0b89e5c6e0350dc1e873cdca52c4023902ba96af4e4d122c46d949e204634bb,"George Washington;
 It's technically correct, but badly phrased.",who_did_americans_boat_for_to_be_their_first_president_who_avoided_serving_three_terms_targ_10_B.wav,target,phon_err,infinitive vs. participle,/v/ --> /b/; vote/boat,,,,,,,
41,d0b89e5c6e0350dc1e873cdca52c4023902ba96af4e4d122c46d949e204634bb,The question needs to be CORRECTED.,what_colors_can_have_on_a_traffic_light_which_often_senses_when_cars_pull_up_targ_11_C.wav,target,non_phon_err,have vs. be,/ʊ/ --> /u/; pulls/pools,y,,np,,notices issue with 'have' but expresses uncertainty,JB_1108,
41,d0b89e5c6e0350dc1e873cdca52c4023902ba96af4e4d122c46d949e204634bb,"Red, green, yellow;
 I'm not sure how this question should be rephrased, but the beginning is somewhat mangled. The word ""have"" seems unnecessarily inserted in place of something else.",what_colors_can_have_on_a_traffic_light_which_often_senses_when_cars_pull_up_targ_11_C.wav,target,non_phon_err,have vs. be,/ʊ/ --> /u/; pulls/pools,,,,,,,
41,d0b89e5c6e0350dc1e873cdca52c4023902ba96af4e4d122c46d949e204634bb,The question needs to be CORRECTED.,if_youre_on_a_pat_from_california_to_hawaii_which_ocean_you_go_through_targ_12_D.wav,target,both_err,no aux verbs in questions (lack of do support),/θ/ --> /t/; path/pat,y,,np,,,JB_1108,
41,d0b89e5c6e0350dc1e873cdca52c4023902ba96af4e4d122c46d949e204634bb,"Pacific;
 It should be ""which ocean do you go through.""",if_youre_on_a_pat_from_california_to_hawaii_which_ocean_you_go_through_targ_12_D.wav,target,both_err,no aux verbs in questions (lack of do support),/θ/ --> /t/; path/pat,,,,,,,
41,d0b89e5c6e0350dc1e873cdca52c4023902ba96af4e4d122c46d949e204634bb,The question does NOT need any corrections.,what_supplies_do_you_need_to_knit_a_scarf_targ_13_A.wav,target,correct,no aux verbs in questions (lack of do support),/ɪ/ --> /i/; knit/neat,y ,,p,,"used nans option, but reported target phon error",JB_1108,
41,d0b89e5c6e0350dc1e873cdca52c4023902ba96af4e4d122c46d949e204634bb,"Yarn and knitting needle;
 ""Knit"" is pronounced ""neat.""",what_supplies_do_you_need_to_knit_a_scarf_targ_13_A.wav,target,correct,no aux verbs in questions (lack of do support),/ɪ/ --> /i/; knit/neat,,,,,,,
41,d0b89e5c6e0350dc1e873cdca52c4023902ba96af4e4d122c46d949e204634bb,The question needs to be CORRECTED.,what_city_have_people_rust_to_tour_to_see_where_the_us_government_does_business_targ_14_B.wav,target,phon_err,make vs. other verb,/ʃ/ --> /s/; rushed/rust,y,,otherp,,"general difficulty understanding pronunciation, likely including target phon error (not specifically mentioned)",JB_1108,
41,d0b89e5c6e0350dc1e873cdca52c4023902ba96af4e4d122c46d949e204634bb,"Washington D.C.;
 I don't understand the words just after ""what city"" and before ""where the government does business.""",what_city_have_people_rust_to_tour_to_see_where_the_us_government_does_business_targ_14_B.wav,target,phon_err,make vs. other verb,/ʃ/ --> /s/; rushed/rust,,,,,,,
41,d0b89e5c6e0350dc1e873cdca52c4023902ba96af4e4d122c46d949e204634bb,The question needs to be CORRECTED.,what_colors_make_up_a_traditional_candy_cane_which_people_enjoy_to_eat_during_christmas_targ_15_C.wav,target,non_phon_err,infinitive vs. participle,/k/ --> /g/; cane/gain,y,,np,,,JB_1108,
41,d0b89e5c6e0350dc1e873cdca52c4023902ba96af4e4d122c46d949e204634bb,"Red and white;
 It should be ""which people enjoy eating"" instead of ""which people enjoy to eat.""",what_colors_make_up_a_traditional_candy_cane_which_people_enjoy_to_eat_during_christmas_targ_15_C.wav,target,non_phon_err,infinitive vs. participle,/k/ --> /g/; cane/gain,,,,,,,
41,d0b89e5c6e0350dc1e873cdca52c4023902ba96af4e4d122c46d949e204634bb,The question does NOT need any corrections.,where_do_people_get_drivers_licenses_since_is_required_as_ballad_id_to_drive_targ_16_D.wav,target,both_err,expletive 'it' dropping,/v/ --> /b/; valid/ballad,nans,,,,,JB_1108,
41,d0b89e5c6e0350dc1e873cdca52c4023902ba96af4e4d122c46d949e204634bb,At the DMV,where_do_people_get_drivers_licenses_since_is_required_as_ballad_id_to_drive_targ_16_D.wav,target,both_err,expletive 'it' dropping,/v/ --> /b/; valid/ballad,,,,,,,
41,d0b89e5c6e0350dc1e873cdca52c4023902ba96af4e4d122c46d949e204634bb,The question does NOT need any corrections.,how_many_days_would_my_tandem_bike_be_gone_if_someone_borrows_it_for_july_targ_17_A.wav,target,correct,adj/noun order,/ʊ/ --> /u/; would/wooed,nans,,,,,JB_1108,
41,d0b89e5c6e0350dc1e873cdca52c4023902ba96af4e4d122c46d949e204634bb,31,how_many_days_would_my_tandem_bike_be_gone_if_someone_borrows_it_for_july_targ_17_A.wav,target,correct,adj/noun order,/ʊ/ --> /u/; would/wooed,,,,,,,
41,d0b89e5c6e0350dc1e873cdca52c4023902ba96af4e4d122c46d949e204634bb,The question does NOT need any corrections.,when_you_are_hot_what_device_measures_body_temperature_in_boat_celsius_and_fahrenheit_targ_18_B.wav,target,phon_err,have vs. be,/θ/ --> /t/; both/boat,y,,p,,"used nans option, but reported target phon error",JB_1108,
41,d0b89e5c6e0350dc1e873cdca52c4023902ba96af4e4d122c46d949e204634bb,"Thermometer;
 ""Both"" is pronounced like ""boat.""",when_you_are_hot_what_device_measures_body_temperature_in_boat_celsius_and_fahrenheit_targ_18_B.wav,target,phon_err,have vs. be,/θ/ --> /t/; both/boat,,,,,,,
41,d0b89e5c6e0350dc1e873cdca52c4023902ba96af4e4d122c46d949e204634bb,The question does NOT need any corrections.,what_big_star_in_our_solar_system_can_still_be_visible_when_is_cloudy_targ_19_C.wav,target,non_phon_err,expletive 'it' dropping,/ɪ/ --> /i/; still/steal,nans,,,,,JB_1108,
41,d0b89e5c6e0350dc1e873cdca52c4023902ba96af4e4d122c46d949e204634bb,The sun,what_big_star_in_our_solar_system_can_still_be_visible_when_is_cloudy_targ_19_C.wav,target,non_phon_err,expletive 'it' dropping,/ɪ/ --> /i/; still/steal,,,,,,,
41,d0b89e5c6e0350dc1e873cdca52c4023902ba96af4e4d122c46d949e204634bb,The question needs to be CORRECTED.,what_popular_us_chain_provides_a_happy_meal_toy_or_plus_when_kids_have_hungry_targ_20_D.wav,target,both_err,have vs. be,/ʃ/ --> /s/; plush/plus,y,,np,,,JB_1108,
41,d0b89e5c6e0350dc1e873cdca52c4023902ba96af4e4d122c46d949e204634bb,"McDonald's;
 It should be ""when kids ARE hungry."" Not ""have hungry.""",what_popular_us_chain_provides_a_happy_meal_toy_or_plus_when_kids_have_hungry_targ_20_D.wav,target,both_err,have vs. be,/ʃ/ --> /s/; plush/plus,,,,,,,
41,d0b89e5c6e0350dc1e873cdca52c4023902ba96af4e4d122c46d949e204634bb,The question needs to be CORRECTED.,in_the_lion_king_who_does_nala_talk_to_and_is_laying_in_a_cot_after_theyve_reunited_targ_21_A.wav,target,correct,no aux verbs in questions (lack of do support),/k/ --> /g/; cot/got,y,,otherp,,"general difficulty understanding pronunciation, likely including target phon error (not specifically mentioned)",JB_1108,
41,d0b89e5c6e0350dc1e873cdca52c4023902ba96af4e4d122c46d949e204634bb,"Simba;
 I can't understand the words just after ""Who does Nala talk to"" and before ""after they're reunited.""",in_the_lion_king_who_does_nala_talk_to_and_is_laying_in_a_cot_after_theyve_reunited_targ_21_A.wav,target,correct,no aux verbs in questions (lack of do support),/k/ --> /g/; cot/got,,,,,,,
41,d0b89e5c6e0350dc1e873cdca52c4023902ba96af4e4d122c46d949e204634bb,The question does NOT need any corrections.,if_a_hardworking_janitor_cleaned_a_vent_in_five_minutes_how_many_seconds_is_that_targ_22_B.wav,target,phon_err,adj/noun order,/v/ --> /b/; vent/bent,nans,,,,,JB_1108,
41,d0b89e5c6e0350dc1e873cdca52c4023902ba96af4e4d122c46d949e204634bb,300,if_a_hardworking_janitor_cleaned_a_vent_in_five_minutes_how_many_seconds_is_that_targ_22_B.wav,target,phon_err,adj/noun order,/v/ --> /b/; vent/bent,,,,,,,
41,d0b89e5c6e0350dc1e873cdca52c4023902ba96af4e4d122c46d949e204634bb,The question needs to be CORRECTED.,what_company_created_the_macbook_a_device_full_of_features_to_help_students_make_homework_targ_23_C.wav,target,non_phon_err,make vs. other verb,/ʊ/ --> /u/; full/fool,y,,np,,,JB_1108,
41,d0b89e5c6e0350dc1e873cdca52c4023902ba96af4e4d122c46d949e204634bb,"Apple;
 It should be ""do homework,"" not ""make homework.""",what_company_created_the_macbook_a_device_full_of_features_to_help_students_make_homework_targ_23_C.wav,target,non_phon_err,make vs. other verb,/ʊ/ --> /u/; full/fool,,,,,,,
41,d0b89e5c6e0350dc1e873cdca52c4023902ba96af4e4d122c46d949e204634bb,The question needs to be CORRECTED.,if_i_consider_to_leave_work_after_the_fort_hour_how_many_minutes_would_that_be_targ_24_D.wav,target,both_err,infinitive vs. participle,/θ/ --> /t/; fourth/fort,y,,both,,,JB_1108,
41,d0b89e5c6e0350dc1e873cdca52c4023902ba96af4e4d122c46d949e204634bb,"2400 minutes;
 The phrase ""consider to"" should be left out completely. (Or alternatively, changed to ""If I consider leaving."") Fourth is pronounced ""fort.""",if_i_consider_to_leave_work_after_the_fort_hour_how_many_minutes_would_that_be_targ_24_D.wav,target,both_err,infinitive vs. participle,/θ/ --> /t/; fourth/fort,,,,,,,
41,d0b89e5c6e0350dc1e873cdca52c4023902ba96af4e4d122c46d949e204634bb,The question does NOT need any corrections.,what_letter_in_the_latin_alphabet_corresponds_to_the_greek_letter_alpha_fill_01.wav,filler_other,NA,NA,NA,nans,,,,,JB_1108,
41,d0b89e5c6e0350dc1e873cdca52c4023902ba96af4e4d122c46d949e204634bb,A,what_letter_in_the_latin_alphabet_corresponds_to_the_greek_letter_alpha_fill_01.wav,filler_other,NA,NA,NA,,,,,,,
41,d0b89e5c6e0350dc1e873cdca52c4023902ba96af4e4d122c46d949e204634bb,The question does NOT need any corrections.,what_organ_is_often_associated_with_being_eaten_by_rotting_flesh_monsters_also_known_as_zombies_fill_02.wav,filler_other,NA,NA,NA,y,,othernp,,used nans option but described difficulty understanding phrasing,JB_1108,
41,d0b89e5c6e0350dc1e873cdca52c4023902ba96af4e4d122c46d949e204634bb,"The brain;
 This is phrased oddly, so I'm actually not sure if it's correct or not.",what_organ_is_often_associated_with_being_eaten_by_rotting_flesh_monsters_also_known_as_zombies_fill_02.wav,filler_other,NA,NA,NA,,,,,,,
41,d0b89e5c6e0350dc1e873cdca52c4023902ba96af4e4d122c46d949e204634bb,The question does NOT need any corrections.,which_british_celebrity_judge_often_harshly_critiqued_contestants_on_the_nationwide_singing_contest_american_idol_fill_03.wav,filler_other,NA,NA,NA,nans,,,,,JB_1108,
41,d0b89e5c6e0350dc1e873cdca52c4023902ba96af4e4d122c46d949e204634bb,"Simon Cowell;
 It's hard to tell whether she says ""critique"" or ""critiqued,"" but it should be ""critiqued"" since it would be past tense.",which_british_celebrity_judge_often_harshly_critiqued_contestants_on_the_nationwide_singing_contest_american_idol_fill_03.wav,filler_other,NA,NA,NA,,,,,,,
41,d0b89e5c6e0350dc1e873cdca52c4023902ba96af4e4d122c46d949e204634bb,The question does NOT need any corrections.,which_cartoon_character_works_at_the_krusty_krab_and_is_best_friends_with_patrick_star_fill_04.wav,filler_other,NA,NA,NA,nans,,,,,JB_1108,
41,d0b89e5c6e0350dc1e873cdca52c4023902ba96af4e4d122c46d949e204634bb,SpongeBob Squarepants,which_cartoon_character_works_at_the_krusty_krab_and_is_best_friends_with_patrick_star_fill_04.wav,filler_other,NA,NA,NA,,,,,,,
41,d0b89e5c6e0350dc1e873cdca52c4023902ba96af4e4d122c46d949e204634bb,The question does NOT need any corrections.,which_body_part_did_van_gogh_allegedly_cut_off_after_an_argument_with_his_friend_fill_05.wav,filler_other,NA,NA,NA,y,,otherp,,used nans option but describes phonological phenomenon,JB_1108,
41,d0b89e5c6e0350dc1e873cdca52c4023902ba96af4e4d122c46d949e204634bb,"Ear;
 The word ""body"" almost sounds like ""vody.""",which_body_part_did_van_gogh_allegedly_cut_off_after_an_argument_with_his_friend_fill_05.wav,filler_other,NA,NA,NA,,,,,,,
41,d0b89e5c6e0350dc1e873cdca52c4023902ba96af4e4d122c46d949e204634bb,The question does NOT need any corrections.,what_is_the_name_of_the_comic_strip_featuring_charlie_brown_and_his_dog_snoopy_fill_06.wav,filler_other,NA,NA,NA,nans,,,,,JB_1108,
41,d0b89e5c6e0350dc1e873cdca52c4023902ba96af4e4d122c46d949e204634bb,Peanuts,what_is_the_name_of_the_comic_strip_featuring_charlie_brown_and_his_dog_snoopy_fill_06.wav,filler_other,NA,NA,NA,,,,,,,
41,d0b89e5c6e0350dc1e873cdca52c4023902ba96af4e4d122c46d949e204634bb,The question does NOT need any corrections.,what_holiday_occurs_at_the_end_of_october_and_features_trick-or-treating_pumpkins_and_haunted_houses_fill_07.wav,filler_other,NA,NA,NA,nans,,,,,JB_1108,
41,d0b89e5c6e0350dc1e873cdca52c4023902ba96af4e4d122c46d949e204634bb,Halloween,what_holiday_occurs_at_the_end_of_october_and_features_trick-or-treating_pumpkins_and_haunted_houses_fill_07.wav,filler_other,NA,NA,NA,,,,,,,
41,d0b89e5c6e0350dc1e873cdca52c4023902ba96af4e4d122c46d949e204634bb,The question does NOT need any corrections.,what_is_the_name_of_the_video_game_character_who_is_a_traveling_italian_plumber_fill_08.wav,filler_other,NA,NA,NA,nans,,,,,JB_1108,
41,d0b89e5c6e0350dc1e873cdca52c4023902ba96af4e4d122c46d949e204634bb,Mario,what_is_the_name_of_the_video_game_character_who_is_a_traveling_italian_plumber_fill_08.wav,filler_other,NA,NA,NA,,,,,,,
41,d0b89e5c6e0350dc1e873cdca52c4023902ba96af4e4d122c46d949e204634bb,The question does NOT need any corrections.,what_kind_of_animal_is_mickey_mouse’s_girlfriend_minnie_who_wears_a_bow_fill_09.wav,filler_other,NA,NA,NA,y,,otherp,,used nans option but describes phonological phenomenon,JB_1108,
41,d0b89e5c6e0350dc1e873cdca52c4023902ba96af4e4d122c46d949e204634bb,"Mouse;
 ""Girlfriend"" is mispronounced ""girrfriend.""",what_kind_of_animal_is_mickey_mouse’s_girlfriend_minnie_who_wears_a_bow_fill_09.wav,filler_other,NA,NA,NA,,,,,,,
41,d0b89e5c6e0350dc1e873cdca52c4023902ba96af4e4d122c46d949e204634bb,The question does NOT need any corrections.,which_cartoon_dog_solves_mysteries_with_the_group_fred_daphne_velma_and_shaggy_fill_10.wav,filler_other,NA,NA,NA,nans,,,,,JB_1108,
41,d0b89e5c6e0350dc1e873cdca52c4023902ba96af4e4d122c46d949e204634bb,Scooby Doo,which_cartoon_dog_solves_mysteries_with_the_group_fred_daphne_velma_and_shaggy_fill_10.wav,filler_other,NA,NA,NA,,,,,,,
41,d0b89e5c6e0350dc1e873cdca52c4023902ba96af4e4d122c46d949e204634bb,The question does NOT need any corrections.,which_fast_food_chain_offers_foot-long_sandwiches_and_has_the_slogan_eat_fresh_fill_11.wav,filler_other,NA,NA,NA,nans,,,,,JB_1108,
41,d0b89e5c6e0350dc1e873cdca52c4023902ba96af4e4d122c46d949e204634bb,Subway,which_fast_food_chain_offers_foot-long_sandwiches_and_has_the_slogan_eat_fresh_fill_11.wav,filler_other,NA,NA,NA,,,,,,,
41,d0b89e5c6e0350dc1e873cdca52c4023902ba96af4e4d122c46d949e204634bb,The question does NOT need any corrections.,which_oscar-winning_movie_features_tom_hanks_saying_life_is_like_a_box_of_chocolates_fill_12.wav,filler_other,NA,NA,NA,nans,,,,,JB_1108,
41,d0b89e5c6e0350dc1e873cdca52c4023902ba96af4e4d122c46d949e204634bb,Forrest Gump,which_oscar-winning_movie_features_tom_hanks_saying_life_is_like_a_box_of_chocolates_fill_12.wav,filler_other,NA,NA,NA,,,,,,,
41,d0b89e5c6e0350dc1e873cdca52c4023902ba96af4e4d122c46d949e204634bb,The question does NOT need any corrections.,what_novel_has_the_quote_i’m_late_i’m_late_for_a_very_important_date_fill_13.wav,filler_other,NA,NA,NA,nans,,,,,JB_1108,
41,d0b89e5c6e0350dc1e873cdca52c4023902ba96af4e4d122c46d949e204634bb,Alice in Wonderland,what_novel_has_the_quote_i’m_late_i’m_late_for_a_very_important_date_fill_13.wav,filler_other,NA,NA,NA,,,,,,,
41,d0b89e5c6e0350dc1e873cdca52c4023902ba96af4e4d122c46d949e204634bb,The question does NOT need any corrections.,what_mythical_creatures_have_been_said_to_drink_blood_turn_into_bats_and_hate_onions_fill_14.wav,filler_other,NA,NA,NA,y,,otherirr,,used nans option but describes wanting to change wording,JB_1108,
41,d0b89e5c6e0350dc1e873cdca52c4023902ba96af4e4d122c46d949e204634bb,"Vampires;
 Now that I think about it, ""onions"" should be ""garlic.""",what_mythical_creatures_have_been_said_to_drink_blood_turn_into_bats_and_hate_onions_fill_14.wav,filler_other,NA,NA,NA,,,,,,,
41,d0b89e5c6e0350dc1e873cdca52c4023902ba96af4e4d122c46d949e204634bb,The question does NOT need any corrections.,who_discovered_the_law_of_universal_gravitation_which_accounts_for_why_objects_naturally_fall_downwards_fill_15.wav,filler_other,NA,NA,NA,nans,,,,,JB_1108,
41,d0b89e5c6e0350dc1e873cdca52c4023902ba96af4e4d122c46d949e204634bb,Newton,who_discovered_the_law_of_universal_gravitation_which_accounts_for_why_objects_naturally_fall_downwards_fill_15.wav,filler_other,NA,NA,NA,,,,,,,
41,d0b89e5c6e0350dc1e873cdca52c4023902ba96af4e4d122c46d949e204634bb,"The question does NOT need any corrections, but I don't know the answer/ I don't understand what the question is asking.",which_soft_pastry_made_with_a_certain_spice_is_often_spiral-shaped_and_topped_with_icing_fill_16.wav,filler_other,NA,NA,NA,y,,otherp,,used nun option but describes difficulty understanding pronunciation,JB_1108,
41,d0b89e5c6e0350dc1e873cdca52c4023902ba96af4e4d122c46d949e204634bb,"I don't understand the first few words before ""made with a certain spice.""",which_soft_pastry_made_with_a_certain_spice_is_often_spiral-shaped_and_topped_with_icing_fill_16.wav,filler_other,NA,NA,NA,,,,,,,
41,d0b89e5c6e0350dc1e873cdca52c4023902ba96af4e4d122c46d949e204634bb,The question does NOT need any corrections.,what_us_holiday_is_often_celebrated_with_fireworks_and_hotdogs_to_honor_americas_freedom_fill_17.wav,filler_other,NA,NA,NA,nans,,,,,JB_1108,
41,d0b89e5c6e0350dc1e873cdca52c4023902ba96af4e4d122c46d949e204634bb,Fourth of July,what_us_holiday_is_often_celebrated_with_fireworks_and_hotdogs_to_honor_americas_freedom_fill_17.wav,filler_other,NA,NA,NA,,,,,,,
41,d0b89e5c6e0350dc1e873cdca52c4023902ba96af4e4d122c46d949e204634bb,The question does NOT need any corrections.,which_tropical_fruit_that_grows_on_palm_trees_is_used_for_oils_and_milks_fill_18.wav,filler_other,NA,NA,NA,nans,,,,,JB_1108,
41,d0b89e5c6e0350dc1e873cdca52c4023902ba96af4e4d122c46d949e204634bb,Coconuts,which_tropical_fruit_that_grows_on_palm_trees_is_used_for_oils_and_milks_fill_18.wav,filler_other,NA,NA,NA,,,,,,,
41,d0b89e5c6e0350dc1e873cdca52c4023902ba96af4e4d122c46d949e204634bb,The question needs to be CORRECTED.,which_season_do_we_associate_with_thanksgiving_the_beginning_of_school_and_leaves_turning_brown_fill_19.wav,filler_other,NA,NA,NA,y,,otherp,,,JB_1108,
41,d0b89e5c6e0350dc1e873cdca52c4023902ba96af4e4d122c46d949e204634bb,"Autumn;
 The word ""season"" (I think that's what she's saying?) is very hard to understand.",which_season_do_we_associate_with_thanksgiving_the_beginning_of_school_and_leaves_turning_brown_fill_19.wav,filler_other,NA,NA,NA,,,,,,,
41,d0b89e5c6e0350dc1e873cdca52c4023902ba96af4e4d122c46d949e204634bb,The question does NOT need any corrections.,what_musician_won_grammys_for_their_album_thriller_which_features_the_hit_song_beat_it_fill_20.wav,filler_other,NA,NA,NA,y,,otherp,,used nans option but described phonological phenomenon,JB_1108,
41,d0b89e5c6e0350dc1e873cdca52c4023902ba96af4e4d122c46d949e204634bb,"Michael Jackson;
 Thriller is slightly mispronounced as ""Triller.""",what_musician_won_grammys_for_their_album_thriller_which_features_the_hit_song_beat_it_fill_20.wav,filler_other,NA,NA,NA,,,,,,,
41,d0b89e5c6e0350dc1e873cdca52c4023902ba96af4e4d122c46d949e204634bb,The question does NOT need any corrections.,what_animal_is_typically_white_with_black_spots_and_says_moo_fill_21.wav,filler_other,NA,NA,NA,nans,,,,,JB_1108,
41,d0b89e5c6e0350dc1e873cdca52c4023902ba96af4e4d122c46d949e204634bb,Cow,what_animal_is_typically_white_with_black_spots_and_says_moo_fill_21.wav,filler_other,NA,NA,NA,,,,,,,
41,d0b89e5c6e0350dc1e873cdca52c4023902ba96af4e4d122c46d949e204634bb,The question does NOT need any corrections.,where_do_the_jolly_christmas_icons_santa_claus_and_his_wife_mrs._claus_live_fill_22.wav,filler_other,NA,NA,NA,nans,,,,,JB_1108,
41,d0b89e5c6e0350dc1e873cdca52c4023902ba96af4e4d122c46d949e204634bb,North Pole,where_do_the_jolly_christmas_icons_santa_claus_and_his_wife_mrs._claus_live_fill_22.wav,filler_other,NA,NA,NA,,,,,,,
41,d0b89e5c6e0350dc1e873cdca52c4023902ba96af4e4d122c46d949e204634bb,"The question does NOT need any corrections, but I don't know the answer/ I don't understand what the question is asking.",in_the_famous_dr_seuss_book_what_orange_and_yellow_character_speaks_for_the_trees_fill_23.wav,filler_other,NA,NA,NA,nun,,,,,JB_1108,
41,d0b89e5c6e0350dc1e873cdca52c4023902ba96af4e4d122c46d949e204634bb,"I'm not sure I'm hearing the question correctly, especially the end.",in_the_famous_dr_seuss_book_what_orange_and_yellow_character_speaks_for_the_trees_fill_23.wav,filler_other,NA,NA,NA,,,,,,,
41,d0b89e5c6e0350dc1e873cdca52c4023902ba96af4e4d122c46d949e204634bb,The question does NOT need any corrections.,in_what_country_would_you_find_landmarks_like_the_pyramids_of_giza_and_great_sphinx_fill_24.wav,filler_other,NA,NA,NA,y,,otherp,,used nans option but described phonological phenomenon,JB_1108,
41,d0b89e5c6e0350dc1e873cdca52c4023902ba96af4e4d122c46d949e204634bb,"Egypt;
 The word ""Sphinx"" is pronounced in a way that's hard to understand.",in_what_country_would_you_find_landmarks_like_the_pyramids_of_giza_and_great_sphinx_fill_24.wav,filler_other,NA,NA,NA,,,,,,,
42,d80840e46636e88c7feca5505c9cf7e539534e1479b40d64a8d8b83e9c6b8ed7,The question does NOT need any corrections.,how_many_legs_does_a_dog_normally_have_fill_25.wav,att_check_good,NA,NA,NA,nans,,,a,attention check failed (4/8 correct),JB_1108,
42,d80840e46636e88c7feca5505c9cf7e539534e1479b40d64a8d8b83e9c6b8ed7,Four,how_many_legs_does_a_dog_normally_have_fill_25.wav,att_check_good,NA,NA,NA,,,,,,,
42,d80840e46636e88c7feca5505c9cf7e539534e1479b40d64a8d8b83e9c6b8ed7,The question does NOT need any corrections.,what_state_is_los_angeles_located_in_fill_26.wav,att_check_good,NA,NA,NA,nans,,,w,,JB_1108,
42,d80840e46636e88c7feca5505c9cf7e539534e1479b40d64a8d8b83e9c6b8ed7,Southern,what_state_is_los_angeles_located_in_fill_26.wav,att_check_good,NA,NA,NA,,,,,,,
42,d80840e46636e88c7feca5505c9cf7e539534e1479b40d64a8d8b83e9c6b8ed7,The question does NOT need any corrections.,what_day_of_the_week_comes_after_monday_fill_27.wav,att_check_good,NA,NA,NA,nans,,,a,,JB_1108,
42,d80840e46636e88c7feca5505c9cf7e539534e1479b40d64a8d8b83e9c6b8ed7,Tuesday,what_day_of_the_week_comes_after_monday_fill_27.wav,att_check_good,NA,NA,NA,,,,,,,
42,d80840e46636e88c7feca5505c9cf7e539534e1479b40d64a8d8b83e9c6b8ed7,"The question does NOT need any corrections, but I don't know the answer/ I don't understand what the question is asking.",what_color_is_a_typical_school_bus_fill_28.wav,att_check_good,NA,NA,NA,nun,,,,,JB_1108,
42,d80840e46636e88c7feca5505c9cf7e539534e1479b40d64a8d8b83e9c6b8ed7,NA,what_color_is_a_typical_school_bus_fill_28.wav,att_check_good,NA,NA,NA,,,,,,,
42,d80840e46636e88c7feca5505c9cf7e539534e1479b40d64a8d8b83e9c6b8ed7,"The question does NOT need any corrections, but I don't know the answer/ I don't understand what the question is asking.",in_the_cycle_of_seasons_what_season_comes_after_dinter_fill_29.wav,att_check_err,NA,NA,NA,y,,acheckp,,used nun option but reported error,JB_1108,
42,d80840e46636e88c7feca5505c9cf7e539534e1479b40d64a8d8b83e9c6b8ed7,"Autumn; the question should be corrected to ""Winter"" instead od ""Dinder""",in_the_cycle_of_seasons_what_season_comes_after_dinter_fill_29.wav,att_check_err,NA,NA,NA,,,,,,,
42,d80840e46636e88c7feca5505c9cf7e539534e1479b40d64a8d8b83e9c6b8ed7,"The question does NOT need any corrections, but I don't know the answer/ I don't understand what the question is asking.",what_insect_undergoes_a_process_of_change_to_turn_into_a_butterfy_fill_30.wav,att_check_err,NA,NA,NA,nun,,acheckf,,,JB_1108,
42,d80840e46636e88c7feca5505c9cf7e539534e1479b40d64a8d8b83e9c6b8ed7,NA,what_insect_undergoes_a_process_of_change_to_turn_into_a_butterfy_fill_30.wav,att_check_err,NA,NA,NA,,,,,,,
42,d80840e46636e88c7feca5505c9cf7e539534e1479b40d64a8d8b83e9c6b8ed7,The question needs to be CORRECTED.,what_is_the_largest_plant_in_the_solar_system_fill_31.wav,att_check_err,NA,NA,NA,y,,acheckp,,,JB_1108,
42,d80840e46636e88c7feca5505c9cf7e539534e1479b40d64a8d8b83e9c6b8ed7,"Earth; the question had a mistake, the use of ""Plant"" instead of ""Planet""",what_is_the_largest_plant_in_the_solar_system_fill_31.wav,att_check_err,NA,NA,NA,,,,,,,
42,d80840e46636e88c7feca5505c9cf7e539534e1479b40d64a8d8b83e9c6b8ed7,"The question does NOT need any corrections, but I don't know the answer/ I don't understand what the question is asking.",how_many_embers_were_in_the_beatles_the_british_rock_band_fill_32.wav,att_check_err,NA,NA,NA,nun,,acheckf,,,JB_1108,
42,d80840e46636e88c7feca5505c9cf7e539534e1479b40d64a8d8b83e9c6b8ed7,NA,how_many_embers_were_in_the_beatles_the_british_rock_band_fill_32.wav,att_check_err,NA,NA,NA,,,,,,,
42,d80840e46636e88c7feca5505c9cf7e539534e1479b40d64a8d8b83e9c6b8ed7,"The question does NOT need any corrections, but I don't know the answer/ I don't understand what the question is asking.",for_what_pink_ice_cream_flavor_wheel_companies_do_their_best_to_use_real_fruit_targ_01_B.wav,target,phon_err,make vs. other verb,/ɪ/ --> /i/; will/wheel,,,,,,,
42,d80840e46636e88c7feca5505c9cf7e539534e1479b40d64a8d8b83e9c6b8ed7,NA,for_what_pink_ice_cream_flavor_wheel_companies_do_their_best_to_use_real_fruit_targ_01_B.wav,target,phon_err,make vs. other verb,/ɪ/ --> /i/; will/wheel,,,,,,,
42,d80840e46636e88c7feca5505c9cf7e539534e1479b40d64a8d8b83e9c6b8ed7,"The question does NOT need any corrections, but I don't know the answer/ I don't understand what the question is asking.",what_term_refers_to_armored_men_who_enjoyed_to_carry_medieval_swords_that_clash_in_combat_targ_02_C.wav,target,non_phon_err,infinitive vs. participle,/ʃ/ --> /s/; clash/class,,,,,,,
42,d80840e46636e88c7feca5505c9cf7e539534e1479b40d64a8d8b83e9c6b8ed7,NA,what_term_refers_to_armored_men_who_enjoyed_to_carry_medieval_swords_that_clash_in_combat_targ_02_C.wav,target,non_phon_err,infinitive vs. participle,/ʃ/ --> /s/; clash/class,,,,,,,
42,d80840e46636e88c7feca5505c9cf7e539534e1479b40d64a8d8b83e9c6b8ed7,"The question does NOT need any corrections, but I don't know the answer/ I don't understand what the question is asking.",which_scottish_actor_first_played_james_bond_wearing_guilts_to_red_carpets_when_he_had_32_years_old_targ_03_D.wav,target,both_err,have vs. be,/k/ --> /g/; kilt/guilt,,,,,,,
42,d80840e46636e88c7feca5505c9cf7e539534e1479b40d64a8d8b83e9c6b8ed7,NA,which_scottish_actor_first_played_james_bond_wearing_guilts_to_red_carpets_when_he_had_32_years_old_targ_03_D.wav,target,both_err,have vs. be,/k/ --> /g/; kilt/guilt,,,,,,,
42,d80840e46636e88c7feca5505c9cf7e539534e1479b40d64a8d8b83e9c6b8ed7,"The question does NOT need any corrections, but I don't know the answer/ I don't understand what the question is asking.",what_did_neil_armstrong_say_during_his_very_first_steps_on_the_moon_targ_04_A.wav,target,correct,no aux verbs in questions (lack of do support),/v/ --> /b/; very/berry,,,,,,,
42,d80840e46636e88c7feca5505c9cf7e539534e1479b40d64a8d8b83e9c6b8ed7,NA,what_did_neil_armstrong_say_during_his_very_first_steps_on_the_moon_targ_04_A.wav,target,correct,no aux verbs in questions (lack of do support),/v/ --> /b/; very/berry,,,,,,,
42,d80840e46636e88c7feca5505c9cf7e539534e1479b40d64a8d8b83e9c6b8ed7,The question does NOT need any corrections.,what_kind_of_weather_cooed_cooled_occur_when_it_is_raining_and_below_freezing_targ_05_B.wav,target,phon_err,expletive 'it' dropping,/ʊ/ --> /u/; could/cooed,,,,,,,
42,d80840e46636e88c7feca5505c9cf7e539534e1479b40d64a8d8b83e9c6b8ed7,winter,what_kind_of_weather_cooed_cooled_occur_when_it_is_raining_and_below_freezing_targ_05_B.wav,target,phon_err,expletive 'it' dropping,/ʊ/ --> /u/; could/cooed,,,,,,,
42,d80840e46636e88c7feca5505c9cf7e539534e1479b40d64a8d8b83e9c6b8ed7,The question does NOT need any corrections.,how_many_legs_does_a_garden_spider_canadian_whose_silk_can_make_cloth_have_targ_06_C.wav,target,non_phon_err,adj/noun order,/θ/ --> /t/; cloth/clot,,,,,,,
42,d80840e46636e88c7feca5505c9cf7e539534e1479b40d64a8d8b83e9c6b8ed7,4,how_many_legs_does_a_garden_spider_canadian_whose_silk_can_make_cloth_have_targ_06_C.wav,target,non_phon_err,adj/noun order,/θ/ --> /t/; cloth/clot,,,,,,,
42,d80840e46636e88c7feca5505c9cf7e539534e1479b40d64a8d8b83e9c6b8ed7,"The question does NOT need any corrections, but I don't know the answer/ I don't understand what the question is asking.",what_childrens_game_makes_people_seat_down_quickly_when_the_music_loud_stops_targ_07_D.wav,target,both_err,adj/noun order,/ɪ/ --> /i/; sit/seat,,,,,,,
42,d80840e46636e88c7feca5505c9cf7e539534e1479b40d64a8d8b83e9c6b8ed7,NA,what_childrens_game_makes_people_seat_down_quickly_when_the_music_loud_stops_targ_07_D.wav,target,both_err,adj/noun order,/ɪ/ --> /i/; sit/seat,,,,,,,
42,d80840e46636e88c7feca5505c9cf7e539534e1479b40d64a8d8b83e9c6b8ed7,The question does NOT need any corrections.,because_it_is_important_to_honor_the_irish_saint_what_holiday_occurs_on_march_17th_targ_08_A.wav,target,correct,expletive 'it' dropping,/ʃ/ --> /s/; Irish/iris,,,,,,,
42,d80840e46636e88c7feca5505c9cf7e539534e1479b40d64a8d8b83e9c6b8ed7,St. Patrick's Day,because_it_is_important_to_honor_the_irish_saint_what_holiday_occurs_on_march_17th_targ_08_A.wav,target,correct,expletive 'it' dropping,/ʃ/ --> /s/; Irish/iris,,,,,,,
42,d80840e46636e88c7feca5505c9cf7e539534e1479b40d64a8d8b83e9c6b8ed7,The question needs to be CORRECTED.,if_laundry_service_will_gum_in_five_days_and_todays_thursday_when_are_they_doing_laundry_next_targ_09_B.wav,target,phon_err,make vs. other verb,/k/ --> /g/; come/gum,,,,,,,
42,d80840e46636e88c7feca5505c9cf7e539534e1479b40d64a8d8b83e9c6b8ed7,"Tomorrow; the mistake is ""goming"" instead of ""coming""",if_laundry_service_will_gum_in_five_days_and_todays_thursday_when_are_they_doing_laundry_next_targ_09_B.wav,target,phon_err,make vs. other verb,/k/ --> /g/; come/gum,,,,,,,
42,d80840e46636e88c7feca5505c9cf7e539534e1479b40d64a8d8b83e9c6b8ed7,"The question does NOT need any corrections, but I don't know the answer/ I don't understand what the question is asking.",who_did_americans_vote_for_to_be_their_first_president_who_avoided_to_serve_three_terms_targ_10_C.wav,target,non_phon_err,infinitive vs. participle,/v/ --> /b/; vote/boat,,,,,,,
42,d80840e46636e88c7feca5505c9cf7e539534e1479b40d64a8d8b83e9c6b8ed7,NA,who_did_americans_vote_for_to_be_their_first_president_who_avoided_to_serve_three_terms_targ_10_C.wav,target,non_phon_err,infinitive vs. participle,/v/ --> /b/; vote/boat,,,,,,,
42,d80840e46636e88c7feca5505c9cf7e539534e1479b40d64a8d8b83e9c6b8ed7,The question does NOT need any corrections.,what_colors_can_have_on_a_traffic_light_which_often_senses_when_cars_pool_up_targ_11_D.wav,target,both_err,have vs. be,/ʊ/ --> /u/; pulls/pools,,,,,,,
42,d80840e46636e88c7feca5505c9cf7e539534e1479b40d64a8d8b83e9c6b8ed7,Green,what_colors_can_have_on_a_traffic_light_which_often_senses_when_cars_pool_up_targ_11_D.wav,target,both_err,have vs. be,/ʊ/ --> /u/; pulls/pools,,,,,,,
42,d80840e46636e88c7feca5505c9cf7e539534e1479b40d64a8d8b83e9c6b8ed7,The question does NOT need any corrections.,if_youre_on_a_path_from_california_to_hawaii_which_ocean_do_you_go_through_targ_12_A.wav,target,correct,no aux verbs in questions (lack of do support),/θ/ --> /t/; path/pat,,,,,,,
42,d80840e46636e88c7feca5505c9cf7e539534e1479b40d64a8d8b83e9c6b8ed7,Atlantic Ocean,if_youre_on_a_path_from_california_to_hawaii_which_ocean_do_you_go_through_targ_12_A.wav,target,correct,no aux verbs in questions (lack of do support),/θ/ --> /t/; path/pat,,,,,,,
42,d80840e46636e88c7feca5505c9cf7e539534e1479b40d64a8d8b83e9c6b8ed7,"The question does NOT need any corrections, but I don't know the answer/ I don't understand what the question is asking.",what_supplies_do_you_need_to_neat_a_scarf_targ_13_B.wav,target,phon_err,no aux verbs in questions (lack of do support),/ɪ/ --> /i/; knit/neat,,,,,,,
42,d80840e46636e88c7feca5505c9cf7e539534e1479b40d64a8d8b83e9c6b8ed7,NA,what_supplies_do_you_need_to_neat_a_scarf_targ_13_B.wav,target,phon_err,no aux verbs in questions (lack of do support),/ɪ/ --> /i/; knit/neat,,,,,,,
42,d80840e46636e88c7feca5505c9cf7e539534e1479b40d64a8d8b83e9c6b8ed7,The question does NOT need any corrections.,what_city_have_people_rushed_to_tour_to_see_where_the_us_government_makes_business_targ_14_C.wav,target,non_phon_err,make vs. other verb,/ʃ/ --> /s/; rushed/rust,,,,,,,
42,d80840e46636e88c7feca5505c9cf7e539534e1479b40d64a8d8b83e9c6b8ed7,NA,what_city_have_people_rushed_to_tour_to_see_where_the_us_government_makes_business_targ_14_C.wav,target,non_phon_err,make vs. other verb,/ʃ/ --> /s/; rushed/rust,,,,,,,
42,d80840e46636e88c7feca5505c9cf7e539534e1479b40d64a8d8b83e9c6b8ed7,The question does NOT need any corrections.,what_colors_make_up_a_traditional_candy_gain_which_people_enjoy_to_eat_during_christmas_targ_15_D.wav,target,both_err,infinitive vs. participle,/k/ --> /g/; cane/gain,,,,,,,
42,d80840e46636e88c7feca5505c9cf7e539534e1479b40d64a8d8b83e9c6b8ed7,Red,what_colors_make_up_a_traditional_candy_gain_which_people_enjoy_to_eat_during_christmas_targ_15_D.wav,target,both_err,infinitive vs. participle,/k/ --> /g/; cane/gain,,,,,,,
42,d80840e46636e88c7feca5505c9cf7e539534e1479b40d64a8d8b83e9c6b8ed7,The question does NOT need any corrections.,where_do_people_get_drivers_licenses_since_it_is_required_as_valid_id_to_drive_targ_16_A.wav,target,correct,expletive 'it' dropping,/v/ --> /b/; valid/ballad,,,,,,,
42,d80840e46636e88c7feca5505c9cf7e539534e1479b40d64a8d8b83e9c6b8ed7,Roads Authority department,where_do_people_get_drivers_licenses_since_it_is_required_as_valid_id_to_drive_targ_16_A.wav,target,correct,expletive 'it' dropping,/v/ --> /b/; valid/ballad,,,,,,,
42,d80840e46636e88c7feca5505c9cf7e539534e1479b40d64a8d8b83e9c6b8ed7,The question does NOT need any corrections.,how_many_days_wooed_wooled_my_tandem_bike_be_gone_if_someone_borrows_it_for_july_targ_17_B.wav,target,phon_err,adj/noun order,/ʊ/ --> /u/; would/wooed,,,,,,,
42,d80840e46636e88c7feca5505c9cf7e539534e1479b40d64a8d8b83e9c6b8ed7,Thirty Days,how_many_days_wooed_wooled_my_tandem_bike_be_gone_if_someone_borrows_it_for_july_targ_17_B.wav,target,phon_err,adj/noun order,/ʊ/ --> /u/; would/wooed,,,,,,,
42,d80840e46636e88c7feca5505c9cf7e539534e1479b40d64a8d8b83e9c6b8ed7,The question does NOT need any corrections.,when_you_have_hot_what_device_measures_body_temperature_in_both_celsius_and_fahrenheit_targ_18_C.wav,target,non_phon_err,have vs. be,/θ/ --> /t/; both/boat,,,,,,,
42,d80840e46636e88c7feca5505c9cf7e539534e1479b40d64a8d8b83e9c6b8ed7,Thermometer,when_you_have_hot_what_device_measures_body_temperature_in_both_celsius_and_fahrenheit_targ_18_C.wav,target,non_phon_err,have vs. be,/θ/ --> /t/; both/boat,,,,,,,
42,d80840e46636e88c7feca5505c9cf7e539534e1479b40d64a8d8b83e9c6b8ed7,The question does NOT need any corrections.,what_big_star_in_our_solar_system_can_steal_be_visible_when_is_cloudy_targ_19_D.wav,target,both_err,expletive 'it' dropping,/ɪ/ --> /i/; still/steal,,,,,,,
42,d80840e46636e88c7feca5505c9cf7e539534e1479b40d64a8d8b83e9c6b8ed7,Morning star,what_big_star_in_our_solar_system_can_steal_be_visible_when_is_cloudy_targ_19_D.wav,target,both_err,expletive 'it' dropping,/ɪ/ --> /i/; still/steal,,,,,,,
42,d80840e46636e88c7feca5505c9cf7e539534e1479b40d64a8d8b83e9c6b8ed7,"The question does NOT need any corrections, but I don't know the answer/ I don't understand what the question is asking.",what_popular_us_chain_provides_a_happy_meal_toy_or_plush_when_kids_are_hungry_targ_20_A.wav,target,correct,have vs. be,/ʃ/ --> /s/; plush/plus,,,,,,,
42,d80840e46636e88c7feca5505c9cf7e539534e1479b40d64a8d8b83e9c6b8ed7,NA,what_popular_us_chain_provides_a_happy_meal_toy_or_plush_when_kids_are_hungry_targ_20_A.wav,target,correct,have vs. be,/ʃ/ --> /s/; plush/plus,,,,,,,
42,d80840e46636e88c7feca5505c9cf7e539534e1479b40d64a8d8b83e9c6b8ed7,"The question does NOT need any corrections, but I don't know the answer/ I don't understand what the question is asking.",in_the_lion_king_who_does_nala_talk_to_and_is_laying_in_a_got_after_theyve_reunited_targ_21_B.wav,target,phon_err,no aux verbs in questions (lack of do support),/k/ --> /g/; cot/got,,,,,,,
42,d80840e46636e88c7feca5505c9cf7e539534e1479b40d64a8d8b83e9c6b8ed7,NA,in_the_lion_king_who_does_nala_talk_to_and_is_laying_in_a_got_after_theyve_reunited_targ_21_B.wav,target,phon_err,no aux verbs in questions (lack of do support),/k/ --> /g/; cot/got,,,,,,,
42,d80840e46636e88c7feca5505c9cf7e539534e1479b40d64a8d8b83e9c6b8ed7,The question does NOT need any corrections.,if_a_janitor_hardworking_cleaned_a_vent_in_five_minutes_how_many_seconds_is_that_targ_22_C.wav,target,non_phon_err,adj/noun order,/v/ --> /b/; vent/bent,,,,,,,
42,d80840e46636e88c7feca5505c9cf7e539534e1479b40d64a8d8b83e9c6b8ed7,300 seconds,if_a_janitor_hardworking_cleaned_a_vent_in_five_minutes_how_many_seconds_is_that_targ_22_C.wav,target,non_phon_err,adj/noun order,/v/ --> /b/; vent/bent,,,,,,,
42,d80840e46636e88c7feca5505c9cf7e539534e1479b40d64a8d8b83e9c6b8ed7,The question does NOT need any corrections.,what_company_created_the_macbook_a_device_fool_of_features_to_help_students_make_homework_targ_23_D.wav,target,both_err,make vs. other verb,/ʊ/ --> /u/; full/fool,,,,,,,
42,d80840e46636e88c7feca5505c9cf7e539534e1479b40d64a8d8b83e9c6b8ed7,Apple,what_company_created_the_macbook_a_device_fool_of_features_to_help_students_make_homework_targ_23_D.wav,target,both_err,make vs. other verb,/ʊ/ --> /u/; full/fool,,,,,,,
42,d80840e46636e88c7feca5505c9cf7e539534e1479b40d64a8d8b83e9c6b8ed7,The question does NOT need any corrections.,if_i_consider_leaving_work_after_the_fourth_hour_how_many_minutes_would_that_be_targ_24_A.wav,target,correct,infinitive vs. participle,/θ/ --> /t/; fourth/fort,,,,,,,
42,d80840e46636e88c7feca5505c9cf7e539534e1479b40d64a8d8b83e9c6b8ed7,60 minutes,if_i_consider_leaving_work_after_the_fourth_hour_how_many_minutes_would_that_be_targ_24_A.wav,target,correct,infinitive vs. participle,/θ/ --> /t/; fourth/fort,,,,,,,
42,d80840e46636e88c7feca5505c9cf7e539534e1479b40d64a8d8b83e9c6b8ed7,The question does NOT need any corrections.,what_letter_in_the_latin_alphabet_corresponds_to_the_greek_letter_alpha_fill_01.wav,filler_other,NA,NA,NA,,,,,,,
42,d80840e46636e88c7feca5505c9cf7e539534e1479b40d64a8d8b83e9c6b8ed7,Omega,what_letter_in_the_latin_alphabet_corresponds_to_the_greek_letter_alpha_fill_01.wav,filler_other,NA,NA,NA,,,,,,,
42,d80840e46636e88c7feca5505c9cf7e539534e1479b40d64a8d8b83e9c6b8ed7,"The question does NOT need any corrections, but I don't know the answer/ I don't understand what the question is asking.",what_organ_is_often_associated_with_being_eaten_by_rotting_flesh_monsters_also_known_as_zombies_fill_02.wav,filler_other,NA,NA,NA,,,,,,,
42,d80840e46636e88c7feca5505c9cf7e539534e1479b40d64a8d8b83e9c6b8ed7,NA,what_organ_is_often_associated_with_being_eaten_by_rotting_flesh_monsters_also_known_as_zombies_fill_02.wav,filler_other,NA,NA,NA,,,,,,,
42,d80840e46636e88c7feca5505c9cf7e539534e1479b40d64a8d8b83e9c6b8ed7,"The question does NOT need any corrections, but I don't know the answer/ I don't understand what the question is asking.",which_british_celebrity_judge_often_harshly_critiqued_contestants_on_the_nationwide_singing_contest_american_idol_fill_03.wav,filler_other,NA,NA,NA,,,,,,,
42,d80840e46636e88c7feca5505c9cf7e539534e1479b40d64a8d8b83e9c6b8ed7,NA,which_british_celebrity_judge_often_harshly_critiqued_contestants_on_the_nationwide_singing_contest_american_idol_fill_03.wav,filler_other,NA,NA,NA,,,,,,,
42,d80840e46636e88c7feca5505c9cf7e539534e1479b40d64a8d8b83e9c6b8ed7,"The question does NOT need any corrections, but I don't know the answer/ I don't understand what the question is asking.",which_cartoon_character_works_at_the_krusty_krab_and_is_best_friends_with_patrick_star_fill_04.wav,filler_other,NA,NA,NA,,,,,,,
42,d80840e46636e88c7feca5505c9cf7e539534e1479b40d64a8d8b83e9c6b8ed7,NA,which_cartoon_character_works_at_the_krusty_krab_and_is_best_friends_with_patrick_star_fill_04.wav,filler_other,NA,NA,NA,,,,,,,
42,d80840e46636e88c7feca5505c9cf7e539534e1479b40d64a8d8b83e9c6b8ed7,"The question does NOT need any corrections, but I don't know the answer/ I don't understand what the question is asking.",which_body_part_did_van_gogh_allegedly_cut_off_after_an_argument_with_his_friend_fill_05.wav,filler_other,NA,NA,NA,,,,,,,
42,d80840e46636e88c7feca5505c9cf7e539534e1479b40d64a8d8b83e9c6b8ed7,NA,which_body_part_did_van_gogh_allegedly_cut_off_after_an_argument_with_his_friend_fill_05.wav,filler_other,NA,NA,NA,,,,,,,
42,d80840e46636e88c7feca5505c9cf7e539534e1479b40d64a8d8b83e9c6b8ed7,"The question does NOT need any corrections, but I don't know the answer/ I don't understand what the question is asking.",what_is_the_name_of_the_comic_strip_featuring_charlie_brown_and_his_dog_snoopy_fill_06.wav,filler_other,NA,NA,NA,,,,,,,
42,d80840e46636e88c7feca5505c9cf7e539534e1479b40d64a8d8b83e9c6b8ed7,NA,what_is_the_name_of_the_comic_strip_featuring_charlie_brown_and_his_dog_snoopy_fill_06.wav,filler_other,NA,NA,NA,,,,,,,
42,d80840e46636e88c7feca5505c9cf7e539534e1479b40d64a8d8b83e9c6b8ed7,"The question does NOT need any corrections, but I don't know the answer/ I don't understand what the question is asking.",what_holiday_occurs_at_the_end_of_october_and_features_trick-or-treating_pumpkins_and_haunted_houses_fill_07.wav,filler_other,NA,NA,NA,,,,,,,
42,d80840e46636e88c7feca5505c9cf7e539534e1479b40d64a8d8b83e9c6b8ed7,NA,what_holiday_occurs_at_the_end_of_october_and_features_trick-or-treating_pumpkins_and_haunted_houses_fill_07.wav,filler_other,NA,NA,NA,,,,,,,
42,d80840e46636e88c7feca5505c9cf7e539534e1479b40d64a8d8b83e9c6b8ed7,"The question does NOT need any corrections, but I don't know the answer/ I don't understand what the question is asking.",what_is_the_name_of_the_video_game_character_who_is_a_traveling_italian_plumber_fill_08.wav,filler_other,NA,NA,NA,,,,,,,
42,d80840e46636e88c7feca5505c9cf7e539534e1479b40d64a8d8b83e9c6b8ed7,NA,what_is_the_name_of_the_video_game_character_who_is_a_traveling_italian_plumber_fill_08.wav,filler_other,NA,NA,NA,,,,,,,
42,d80840e46636e88c7feca5505c9cf7e539534e1479b40d64a8d8b83e9c6b8ed7,"The question does NOT need any corrections, but I don't know the answer/ I don't understand what the question is asking.",what_kind_of_animal_is_mickey_mouse’s_girlfriend_minnie_who_wears_a_bow_fill_09.wav,filler_other,NA,NA,NA,,,,,,,
42,d80840e46636e88c7feca5505c9cf7e539534e1479b40d64a8d8b83e9c6b8ed7,NA,what_kind_of_animal_is_mickey_mouse’s_girlfriend_minnie_who_wears_a_bow_fill_09.wav,filler_other,NA,NA,NA,,,,,,,
42,d80840e46636e88c7feca5505c9cf7e539534e1479b40d64a8d8b83e9c6b8ed7,"The question does NOT need any corrections, but I don't know the answer/ I don't understand what the question is asking.",which_cartoon_dog_solves_mysteries_with_the_group_fred_daphne_velma_and_shaggy_fill_10.wav,filler_other,NA,NA,NA,,,,,,,
42,d80840e46636e88c7feca5505c9cf7e539534e1479b40d64a8d8b83e9c6b8ed7,NA,which_cartoon_dog_solves_mysteries_with_the_group_fred_daphne_velma_and_shaggy_fill_10.wav,filler_other,NA,NA,NA,,,,,,,
42,d80840e46636e88c7feca5505c9cf7e539534e1479b40d64a8d8b83e9c6b8ed7,"The question does NOT need any corrections, but I don't know the answer/ I don't understand what the question is asking.",which_fast_food_chain_offers_foot-long_sandwiches_and_has_the_slogan_eat_fresh_fill_11.wav,filler_other,NA,NA,NA,,,,,,,
42,d80840e46636e88c7feca5505c9cf7e539534e1479b40d64a8d8b83e9c6b8ed7,NA,which_fast_food_chain_offers_foot-long_sandwiches_and_has_the_slogan_eat_fresh_fill_11.wav,filler_other,NA,NA,NA,,,,,,,
42,d80840e46636e88c7feca5505c9cf7e539534e1479b40d64a8d8b83e9c6b8ed7,"The question does NOT need any corrections, but I don't know the answer/ I don't understand what the question is asking.",which_oscar-winning_movie_features_tom_hanks_saying_life_is_like_a_box_of_chocolates_fill_12.wav,filler_other,NA,NA,NA,,,,,,,
42,d80840e46636e88c7feca5505c9cf7e539534e1479b40d64a8d8b83e9c6b8ed7,NA,which_oscar-winning_movie_features_tom_hanks_saying_life_is_like_a_box_of_chocolates_fill_12.wav,filler_other,NA,NA,NA,,,,,,,
42,d80840e46636e88c7feca5505c9cf7e539534e1479b40d64a8d8b83e9c6b8ed7,"The question does NOT need any corrections, but I don't know the answer/ I don't understand what the question is asking.",what_novel_has_the_quote_i’m_late_i’m_late_for_a_very_important_date_fill_13.wav,filler_other,NA,NA,NA,,,,,,,
42,d80840e46636e88c7feca5505c9cf7e539534e1479b40d64a8d8b83e9c6b8ed7,NA,what_novel_has_the_quote_i’m_late_i’m_late_for_a_very_important_date_fill_13.wav,filler_other,NA,NA,NA,,,,,,,
42,d80840e46636e88c7feca5505c9cf7e539534e1479b40d64a8d8b83e9c6b8ed7,The question does NOT need any corrections.,what_mythical_creatures_have_been_said_to_drink_blood_turn_into_bats_and_hate_onions_fill_14.wav,filler_other,NA,NA,NA,,,,,,,
42,d80840e46636e88c7feca5505c9cf7e539534e1479b40d64a8d8b83e9c6b8ed7,Dragon,what_mythical_creatures_have_been_said_to_drink_blood_turn_into_bats_and_hate_onions_fill_14.wav,filler_other,NA,NA,NA,,,,,,,
42,d80840e46636e88c7feca5505c9cf7e539534e1479b40d64a8d8b83e9c6b8ed7,The question does NOT need any corrections.,who_discovered_the_law_of_universal_gravitation_which_accounts_for_why_objects_naturally_fall_downwards_fill_15.wav,filler_other,NA,NA,NA,,,,,,,
42,d80840e46636e88c7feca5505c9cf7e539534e1479b40d64a8d8b83e9c6b8ed7,Newton,who_discovered_the_law_of_universal_gravitation_which_accounts_for_why_objects_naturally_fall_downwards_fill_15.wav,filler_other,NA,NA,NA,,,,,,,
42,d80840e46636e88c7feca5505c9cf7e539534e1479b40d64a8d8b83e9c6b8ed7,"The question does NOT need any corrections, but I don't know the answer/ I don't understand what the question is asking.",which_soft_pastry_made_with_a_certain_spice_is_often_spiral-shaped_and_topped_with_icing_fill_16.wav,filler_other,NA,NA,NA,,,,,,,
42,d80840e46636e88c7feca5505c9cf7e539534e1479b40d64a8d8b83e9c6b8ed7,NA,which_soft_pastry_made_with_a_certain_spice_is_often_spiral-shaped_and_topped_with_icing_fill_16.wav,filler_other,NA,NA,NA,,,,,,,
42,d80840e46636e88c7feca5505c9cf7e539534e1479b40d64a8d8b83e9c6b8ed7,The question does NOT need any corrections.,what_us_holiday_is_often_celebrated_with_fireworks_and_hotdogs_to_honor_americas_freedom_fill_17.wav,filler_other,NA,NA,NA,,,,,,,
42,d80840e46636e88c7feca5505c9cf7e539534e1479b40d64a8d8b83e9c6b8ed7,Independence Day,what_us_holiday_is_often_celebrated_with_fireworks_and_hotdogs_to_honor_americas_freedom_fill_17.wav,filler_other,NA,NA,NA,,,,,,,
42,d80840e46636e88c7feca5505c9cf7e539534e1479b40d64a8d8b83e9c6b8ed7,The question does NOT need any corrections.,which_tropical_fruit_that_grows_on_palm_trees_is_used_for_oils_and_milks_fill_18.wav,filler_other,NA,NA,NA,,,,,,,
42,d80840e46636e88c7feca5505c9cf7e539534e1479b40d64a8d8b83e9c6b8ed7,Ovacado,which_tropical_fruit_that_grows_on_palm_trees_is_used_for_oils_and_milks_fill_18.wav,filler_other,NA,NA,NA,,,,,,,
42,d80840e46636e88c7feca5505c9cf7e539534e1479b40d64a8d8b83e9c6b8ed7,The question does NOT need any corrections.,which_season_do_we_associate_with_thanksgiving_the_beginning_of_school_and_leaves_turning_brown_fill_19.wav,filler_other,NA,NA,NA,,,,,,,
42,d80840e46636e88c7feca5505c9cf7e539534e1479b40d64a8d8b83e9c6b8ed7,Green,which_season_do_we_associate_with_thanksgiving_the_beginning_of_school_and_leaves_turning_brown_fill_19.wav,filler_other,NA,NA,NA,,,,,,,
42,d80840e46636e88c7feca5505c9cf7e539534e1479b40d64a8d8b83e9c6b8ed7,"The question does NOT need any corrections, but I don't know the answer/ I don't understand what the question is asking.",what_musician_won_grammys_for_their_album_thriller_which_features_the_hit_song_beat_it_fill_20.wav,filler_other,NA,NA,NA,,,,,,,
42,d80840e46636e88c7feca5505c9cf7e539534e1479b40d64a8d8b83e9c6b8ed7,NA,what_musician_won_grammys_for_their_album_thriller_which_features_the_hit_song_beat_it_fill_20.wav,filler_other,NA,NA,NA,,,,,,,
42,d80840e46636e88c7feca5505c9cf7e539534e1479b40d64a8d8b83e9c6b8ed7,The question does NOT need any corrections.,what_animal_is_typically_white_with_black_spots_and_says_moo_fill_21.wav,filler_other,NA,NA,NA,,,,,,,
42,d80840e46636e88c7feca5505c9cf7e539534e1479b40d64a8d8b83e9c6b8ed7,Cheetah,what_animal_is_typically_white_with_black_spots_and_says_moo_fill_21.wav,filler_other,NA,NA,NA,,,,,,,
42,d80840e46636e88c7feca5505c9cf7e539534e1479b40d64a8d8b83e9c6b8ed7,"The question does NOT need any corrections, but I don't know the answer/ I don't understand what the question is asking.",where_do_the_jolly_christmas_icons_santa_claus_and_his_wife_mrs._claus_live_fill_22.wav,filler_other,NA,NA,NA,,,,,,,
42,d80840e46636e88c7feca5505c9cf7e539534e1479b40d64a8d8b83e9c6b8ed7,NA,where_do_the_jolly_christmas_icons_santa_claus_and_his_wife_mrs._claus_live_fill_22.wav,filler_other,NA,NA,NA,,,,,,,
42,d80840e46636e88c7feca5505c9cf7e539534e1479b40d64a8d8b83e9c6b8ed7,"The question does NOT need any corrections, but I don't know the answer/ I don't understand what the question is asking.",in_the_famous_dr_seuss_book_what_orange_and_yellow_character_speaks_for_the_trees_fill_23.wav,filler_other,NA,NA,NA,,,,,,,
42,d80840e46636e88c7feca5505c9cf7e539534e1479b40d64a8d8b83e9c6b8ed7,NA,in_the_famous_dr_seuss_book_what_orange_and_yellow_character_speaks_for_the_trees_fill_23.wav,filler_other,NA,NA,NA,,,,,,,
42,d80840e46636e88c7feca5505c9cf7e539534e1479b40d64a8d8b83e9c6b8ed7,The question does NOT need any corrections.,in_what_country_would_you_find_landmarks_like_the_pyramids_of_giza_and_great_sphinx_fill_24.wav,filler_other,NA,NA,NA,,,,,,,
42,d80840e46636e88c7feca5505c9cf7e539534e1479b40d64a8d8b83e9c6b8ed7,Egypt,in_what_country_would_you_find_landmarks_like_the_pyramids_of_giza_and_great_sphinx_fill_24.wav,filler_other,NA,NA,NA,,,,,,,
43,d9a7ac8c827bf5f2dbb5f0f816e3a4d39c0ddcd7c738077e0bf9ec51ae97bea4,The question does NOT need any corrections.,how_many_legs_does_a_dog_normally_have_fill_25.wav,att_check_good,NA,NA,NA,nans,,,a,attention check passed (7/7 correct),JB_1108,
43,d9a7ac8c827bf5f2dbb5f0f816e3a4d39c0ddcd7c738077e0bf9ec51ae97bea4,4,how_many_legs_does_a_dog_normally_have_fill_25.wav,att_check_good,NA,NA,NA,,,,,,,
43,d9a7ac8c827bf5f2dbb5f0f816e3a4d39c0ddcd7c738077e0bf9ec51ae97bea4,The question does NOT need any corrections.,what_state_is_los_angeles_located_in_fill_26.wav,att_check_good,NA,NA,NA,nans,,,a,,JB_1108,
43,d9a7ac8c827bf5f2dbb5f0f816e3a4d39c0ddcd7c738077e0bf9ec51ae97bea4,CALIFORNIA,what_state_is_los_angeles_located_in_fill_26.wav,att_check_good,NA,NA,NA,,,,,,,
43,d9a7ac8c827bf5f2dbb5f0f816e3a4d39c0ddcd7c738077e0bf9ec51ae97bea4,The question does NOT need any corrections.,what_day_of_the_week_comes_after_monday_fill_27.wav,att_check_good,NA,NA,NA,nans,,,a,,JB_1108,
43,d9a7ac8c827bf5f2dbb5f0f816e3a4d39c0ddcd7c738077e0bf9ec51ae97bea4,TUESDAY,what_day_of_the_week_comes_after_monday_fill_27.wav,att_check_good,NA,NA,NA,,,,,,,
43,d9a7ac8c827bf5f2dbb5f0f816e3a4d39c0ddcd7c738077e0bf9ec51ae97bea4,I’m good — skip to the next question,what_color_is_a_typical_school_bus_fill_28.wav,att_check_good,NA,NA,NA,s,,,a,,JB_1108,
43,d9a7ac8c827bf5f2dbb5f0f816e3a4d39c0ddcd7c738077e0bf9ec51ae97bea4,NA,what_color_is_a_typical_school_bus_fill_28.wav,att_check_good,NA,NA,NA,,,,,,,
43,d9a7ac8c827bf5f2dbb5f0f816e3a4d39c0ddcd7c738077e0bf9ec51ae97bea4,The question needs to be CORRECTED.,in_the_cycle_of_seasons_what_season_comes_after_dinter_fill_29.wav,att_check_err,NA,NA,NA,y,,acheckp,,,JB_1108,
43,d9a7ac8c827bf5f2dbb5f0f816e3a4d39c0ddcd7c738077e0bf9ec51ae97bea4,"Spring
 Mispronounced Winter, ""Dinter""",in_the_cycle_of_seasons_what_season_comes_after_dinter_fill_29.wav,att_check_err,NA,NA,NA,,,,,,,
43,d9a7ac8c827bf5f2dbb5f0f816e3a4d39c0ddcd7c738077e0bf9ec51ae97bea4,The question needs to be CORRECTED.,what_insect_undergoes_a_process_of_change_to_turn_into_a_butterfy_fill_30.wav,att_check_err,NA,NA,NA,y,,acheckp,,,JB_1108,
43,d9a7ac8c827bf5f2dbb5f0f816e3a4d39c0ddcd7c738077e0bf9ec51ae97bea4,"Caterpillar
 mispronounced the word butterfly",what_insect_undergoes_a_process_of_change_to_turn_into_a_butterfy_fill_30.wav,att_check_err,NA,NA,NA,,,,,,,
43,d9a7ac8c827bf5f2dbb5f0f816e3a4d39c0ddcd7c738077e0bf9ec51ae97bea4,The question needs to be CORRECTED.,what_is_the_largest_plant_in_the_solar_system_fill_31.wav,att_check_err,NA,NA,NA,y,,acheckp,,,JB_1108,
43,d9a7ac8c827bf5f2dbb5f0f816e3a4d39c0ddcd7c738077e0bf9ec51ae97bea4,"Jupiter;
 Mispronounced planet as 'plant'",what_is_the_largest_plant_in_the_solar_system_fill_31.wav,att_check_err,NA,NA,NA,,,,,,,
43,d9a7ac8c827bf5f2dbb5f0f816e3a4d39c0ddcd7c738077e0bf9ec51ae97bea4,The question needs to be CORRECTED.,how_many_embers_were_in_the_beatles_the_british_rock_band_fill_32.wav,att_check_err,NA,NA,NA,y,,acheckp,,,JB_1108,
43,d9a7ac8c827bf5f2dbb5f0f816e3a4d39c0ddcd7c738077e0bf9ec51ae97bea4,"5. 
 MEMBERS NOT ""EMBERS""",how_many_embers_were_in_the_beatles_the_british_rock_band_fill_32.wav,att_check_err,NA,NA,NA,,,,,,,
43,d9a7ac8c827bf5f2dbb5f0f816e3a4d39c0ddcd7c738077e0bf9ec51ae97bea4,The question does NOT need any corrections.,for_what_pink_ice_cream_flavor_wheel_companies_do_their_best_to_use_real_fruit_targ_01_B.wav,target,phon_err,make vs. other verb,/ɪ/ --> /i/; will/wheel,nans,,,,,JB_1108,
43,d9a7ac8c827bf5f2dbb5f0f816e3a4d39c0ddcd7c738077e0bf9ec51ae97bea4,strawberries,for_what_pink_ice_cream_flavor_wheel_companies_do_their_best_to_use_real_fruit_targ_01_B.wav,target,phon_err,make vs. other verb,/ɪ/ --> /i/; will/wheel,,,,,,,
43,d9a7ac8c827bf5f2dbb5f0f816e3a4d39c0ddcd7c738077e0bf9ec51ae97bea4,"The question does NOT need any corrections, but I don't know the answer/ I don't understand what the question is asking.",what_term_refers_to_armored_men_who_enjoyed_to_carry_medieval_swords_that_clash_in_combat_targ_02_C.wav,target,non_phon_err,infinitive vs. participle,/ʃ/ --> /s/; clash/class,nun,,,,,JB_1108,
43,d9a7ac8c827bf5f2dbb5f0f816e3a4d39c0ddcd7c738077e0bf9ec51ae97bea4,NA,what_term_refers_to_armored_men_who_enjoyed_to_carry_medieval_swords_that_clash_in_combat_targ_02_C.wav,target,non_phon_err,infinitive vs. participle,/ʃ/ --> /s/; clash/class,,,,,,,
43,d9a7ac8c827bf5f2dbb5f0f816e3a4d39c0ddcd7c738077e0bf9ec51ae97bea4,I’m good — skip to the next question,which_scottish_actor_first_played_james_bond_wearing_guilts_to_red_carpets_when_he_had_32_years_old_targ_03_D.wav,target,both_err,have vs. be,/k/ --> /g/; kilt/guilt,s,,,,,JB_1108,
43,d9a7ac8c827bf5f2dbb5f0f816e3a4d39c0ddcd7c738077e0bf9ec51ae97bea4,NA,which_scottish_actor_first_played_james_bond_wearing_guilts_to_red_carpets_when_he_had_32_years_old_targ_03_D.wav,target,both_err,have vs. be,/k/ --> /g/; kilt/guilt,,,,,,,
43,d9a7ac8c827bf5f2dbb5f0f816e3a4d39c0ddcd7c738077e0bf9ec51ae97bea4,I’m good — skip to the next question,what_did_neil_armstrong_say_during_his_very_first_steps_on_the_moon_targ_04_A.wav,target,correct,no aux verbs in questions (lack of do support),/v/ --> /b/; very/berry,s,,,,,JB_1108,
43,d9a7ac8c827bf5f2dbb5f0f816e3a4d39c0ddcd7c738077e0bf9ec51ae97bea4,NA,what_did_neil_armstrong_say_during_his_very_first_steps_on_the_moon_targ_04_A.wav,target,correct,no aux verbs in questions (lack of do support),/v/ --> /b/; very/berry,,,,,,,
43,d9a7ac8c827bf5f2dbb5f0f816e3a4d39c0ddcd7c738077e0bf9ec51ae97bea4,"The question does NOT need any corrections, but I don't know the answer/ I don't understand what the question is asking.",what_kind_of_weather_cooed_cooled_occur_when_it_is_raining_and_below_freezing_targ_05_B.wav,target,phon_err,expletive 'it' dropping,/ʊ/ --> /u/; could/cooed,nun,,,,,JB_1108,
43,d9a7ac8c827bf5f2dbb5f0f816e3a4d39c0ddcd7c738077e0bf9ec51ae97bea4,NA,what_kind_of_weather_cooed_cooled_occur_when_it_is_raining_and_below_freezing_targ_05_B.wav,target,phon_err,expletive 'it' dropping,/ʊ/ --> /u/; could/cooed,,,,,,,
43,d9a7ac8c827bf5f2dbb5f0f816e3a4d39c0ddcd7c738077e0bf9ec51ae97bea4,I’m good — skip to the next question,how_many_legs_does_a_garden_spider_canadian_whose_silk_can_make_cloth_have_targ_06_C.wav,target,non_phon_err,adj/noun order,/θ/ --> /t/; cloth/clot,s,,,,,JB_1108,
43,d9a7ac8c827bf5f2dbb5f0f816e3a4d39c0ddcd7c738077e0bf9ec51ae97bea4,NA,how_many_legs_does_a_garden_spider_canadian_whose_silk_can_make_cloth_have_targ_06_C.wav,target,non_phon_err,adj/noun order,/θ/ --> /t/; cloth/clot,,,,,,,
43,d9a7ac8c827bf5f2dbb5f0f816e3a4d39c0ddcd7c738077e0bf9ec51ae97bea4,The question needs to be CORRECTED.,what_childrens_game_makes_people_seat_down_quickly_when_the_music_loud_stops_targ_07_D.wav,target,both_err,adj/noun order,/ɪ/ --> /i/; sit/seat,y,,np,,,JB_1108,
43,d9a7ac8c827bf5f2dbb5f0f816e3a4d39c0ddcd7c738077e0bf9ec51ae97bea4,"Musical chairs; multiple errors
 change loud to loudly",what_childrens_game_makes_people_seat_down_quickly_when_the_music_loud_stops_targ_07_D.wav,target,both_err,adj/noun order,/ɪ/ --> /i/; sit/seat,,,,,,,
43,d9a7ac8c827bf5f2dbb5f0f816e3a4d39c0ddcd7c738077e0bf9ec51ae97bea4,I’m good — skip to the next question,because_it_is_important_to_honor_the_irish_saint_what_holiday_occurs_on_march_17th_targ_08_A.wav,target,correct,expletive 'it' dropping,/ʃ/ --> /s/; Irish/iris,s,,,,,JB_1108,
43,d9a7ac8c827bf5f2dbb5f0f816e3a4d39c0ddcd7c738077e0bf9ec51ae97bea4,NA,because_it_is_important_to_honor_the_irish_saint_what_holiday_occurs_on_march_17th_targ_08_A.wav,target,correct,expletive 'it' dropping,/ʃ/ --> /s/; Irish/iris,,,,,,,
43,d9a7ac8c827bf5f2dbb5f0f816e3a4d39c0ddcd7c738077e0bf9ec51ae97bea4,"The question does NOT need any corrections, but I don't know the answer/ I don't understand what the question is asking.",if_laundry_service_will_gum_in_five_days_and_todays_thursday_when_are_they_doing_laundry_next_targ_09_B.wav,target,phon_err,make vs. other verb,/k/ --> /g/; come/gum,nun,,,,,JB_1108,
43,d9a7ac8c827bf5f2dbb5f0f816e3a4d39c0ddcd7c738077e0bf9ec51ae97bea4,NA,if_laundry_service_will_gum_in_five_days_and_todays_thursday_when_are_they_doing_laundry_next_targ_09_B.wav,target,phon_err,make vs. other verb,/k/ --> /g/; come/gum,,,,,,,
43,d9a7ac8c827bf5f2dbb5f0f816e3a4d39c0ddcd7c738077e0bf9ec51ae97bea4,"The question does NOT need any corrections, but I don't know the answer/ I don't understand what the question is asking.",who_did_americans_vote_for_to_be_their_first_president_who_avoided_to_serve_three_terms_targ_10_C.wav,target,non_phon_err,infinitive vs. participle,/v/ --> /b/; vote/boat,nun,,,,,JB_1108,
43,d9a7ac8c827bf5f2dbb5f0f816e3a4d39c0ddcd7c738077e0bf9ec51ae97bea4,NA,who_did_americans_vote_for_to_be_their_first_president_who_avoided_to_serve_three_terms_targ_10_C.wav,target,non_phon_err,infinitive vs. participle,/v/ --> /b/; vote/boat,,,,,,,
43,d9a7ac8c827bf5f2dbb5f0f816e3a4d39c0ddcd7c738077e0bf9ec51ae97bea4,"The question does NOT need any corrections, but I don't know the answer/ I don't understand what the question is asking.",what_colors_can_have_on_a_traffic_light_which_often_senses_when_cars_pool_up_targ_11_D.wav,target,both_err,have vs. be,/ʊ/ --> /u/; pulls/pools,nun,,,,,JB_1108,
43,d9a7ac8c827bf5f2dbb5f0f816e3a4d39c0ddcd7c738077e0bf9ec51ae97bea4,NA,what_colors_can_have_on_a_traffic_light_which_often_senses_when_cars_pool_up_targ_11_D.wav,target,both_err,have vs. be,/ʊ/ --> /u/; pulls/pools,,,,,,,
43,d9a7ac8c827bf5f2dbb5f0f816e3a4d39c0ddcd7c738077e0bf9ec51ae97bea4,The question does NOT need any corrections.,if_youre_on_a_path_from_california_to_hawaii_which_ocean_do_you_go_through_targ_12_A.wav,target,correct,no aux verbs in questions (lack of do support),/θ/ --> /t/; path/pat,nans,,,,,JB_1108,
43,d9a7ac8c827bf5f2dbb5f0f816e3a4d39c0ddcd7c738077e0bf9ec51ae97bea4,Pacific Ocean,if_youre_on_a_path_from_california_to_hawaii_which_ocean_do_you_go_through_targ_12_A.wav,target,correct,no aux verbs in questions (lack of do support),/θ/ --> /t/; path/pat,,,,,,,
43,d9a7ac8c827bf5f2dbb5f0f816e3a4d39c0ddcd7c738077e0bf9ec51ae97bea4,The question needs to be CORRECTED.,what_supplies_do_you_need_to_neat_a_scarf_targ_13_B.wav,target,phon_err,no aux verbs in questions (lack of do support),/ɪ/ --> /i/; knit/neat,y,,p,,,JB_1108,
43,d9a7ac8c827bf5f2dbb5f0f816e3a4d39c0ddcd7c738077e0bf9ec51ae97bea4,"needles and yarn;
 Knit a scarf instead of Need a scarf.",what_supplies_do_you_need_to_neat_a_scarf_targ_13_B.wav,target,phon_err,no aux verbs in questions (lack of do support),/ɪ/ --> /i/; knit/neat,,,,,,,
43,d9a7ac8c827bf5f2dbb5f0f816e3a4d39c0ddcd7c738077e0bf9ec51ae97bea4,"The question does NOT need any corrections, but I don't know the answer/ I don't understand what the question is asking.",what_city_have_people_rushed_to_tour_to_see_where_the_us_government_makes_business_targ_14_C.wav,target,non_phon_err,make vs. other verb,/ʃ/ --> /s/; rushed/rust,nun,,,,,JB_1108,
43,d9a7ac8c827bf5f2dbb5f0f816e3a4d39c0ddcd7c738077e0bf9ec51ae97bea4,NA,what_city_have_people_rushed_to_tour_to_see_where_the_us_government_makes_business_targ_14_C.wav,target,non_phon_err,make vs. other verb,/ʃ/ --> /s/; rushed/rust,,,,,,,
43,d9a7ac8c827bf5f2dbb5f0f816e3a4d39c0ddcd7c738077e0bf9ec51ae97bea4,The question needs to be CORRECTED.,what_colors_make_up_a_traditional_candy_gain_which_people_enjoy_to_eat_during_christmas_targ_15_D.wav,target,both_err,infinitive vs. participle,/k/ --> /g/; cane/gain,y,,p,,,JB_1108,
43,d9a7ac8c827bf5f2dbb5f0f816e3a4d39c0ddcd7c738077e0bf9ec51ae97bea4,"RED AND WHITE
 SAY ""CANE"" NOT ""GANE""",what_colors_make_up_a_traditional_candy_gain_which_people_enjoy_to_eat_during_christmas_targ_15_D.wav,target,both_err,infinitive vs. participle,/k/ --> /g/; cane/gain,,,,,,,
43,d9a7ac8c827bf5f2dbb5f0f816e3a4d39c0ddcd7c738077e0bf9ec51ae97bea4,The question does NOT need any corrections.,where_do_people_get_drivers_licenses_since_it_is_required_as_valid_id_to_drive_targ_16_A.wav,target,correct,expletive 'it' dropping,/v/ --> /b/; valid/ballad,nans,,,,,JB_1108,
43,d9a7ac8c827bf5f2dbb5f0f816e3a4d39c0ddcd7c738077e0bf9ec51ae97bea4,DMV,where_do_people_get_drivers_licenses_since_it_is_required_as_valid_id_to_drive_targ_16_A.wav,target,correct,expletive 'it' dropping,/v/ --> /b/; valid/ballad,,,,,,,
43,d9a7ac8c827bf5f2dbb5f0f816e3a4d39c0ddcd7c738077e0bf9ec51ae97bea4,The question does NOT need any corrections.,how_many_days_wooed_wooled_my_tandem_bike_be_gone_if_someone_borrows_it_for_july_targ_17_B.wav,target,phon_err,adj/noun order,/ʊ/ --> /u/; would/wooed,nanas,,,,,JB_1108,
43,d9a7ac8c827bf5f2dbb5f0f816e3a4d39c0ddcd7c738077e0bf9ec51ae97bea4,31 DAYS,how_many_days_wooed_wooled_my_tandem_bike_be_gone_if_someone_borrows_it_for_july_targ_17_B.wav,target,phon_err,adj/noun order,/ʊ/ --> /u/; would/wooed,,,,,,,
43,d9a7ac8c827bf5f2dbb5f0f816e3a4d39c0ddcd7c738077e0bf9ec51ae97bea4,The question needs to be CORRECTED.,when_you_have_hot_what_device_measures_body_temperature_in_both_celsius_and_fahrenheit_targ_18_C.wav,target,non_phon_err,have vs. be,/θ/ --> /t/; both/boat,y,,np,,,JB_1108,
43,d9a7ac8c827bf5f2dbb5f0f816e3a4d39c0ddcd7c738077e0bf9ec51ae97bea4,"THERMOMETER
 should say when you are hot",when_you_have_hot_what_device_measures_body_temperature_in_both_celsius_and_fahrenheit_targ_18_C.wav,target,non_phon_err,have vs. be,/θ/ --> /t/; both/boat,,,,,,,
43,d9a7ac8c827bf5f2dbb5f0f816e3a4d39c0ddcd7c738077e0bf9ec51ae97bea4,I’m good — skip to the next question,what_big_star_in_our_solar_system_can_steal_be_visible_when_is_cloudy_targ_19_D.wav,target,both_err,expletive 'it' dropping,/ɪ/ --> /i/; still/steal,s,,,,,JB_1108,
43,d9a7ac8c827bf5f2dbb5f0f816e3a4d39c0ddcd7c738077e0bf9ec51ae97bea4,NA,what_big_star_in_our_solar_system_can_steal_be_visible_when_is_cloudy_targ_19_D.wav,target,both_err,expletive 'it' dropping,/ɪ/ --> /i/; still/steal,,,,,,,
43,d9a7ac8c827bf5f2dbb5f0f816e3a4d39c0ddcd7c738077e0bf9ec51ae97bea4,The question does NOT need any corrections.,what_popular_us_chain_provides_a_happy_meal_toy_or_plush_when_kids_are_hungry_targ_20_A.wav,target,correct,have vs. be,/ʃ/ --> /s/; plush/plus,nans,,,,,JB_1108,
43,d9a7ac8c827bf5f2dbb5f0f816e3a4d39c0ddcd7c738077e0bf9ec51ae97bea4,McDonald's,what_popular_us_chain_provides_a_happy_meal_toy_or_plush_when_kids_are_hungry_targ_20_A.wav,target,correct,have vs. be,/ʃ/ --> /s/; plush/plus,,,,,,,
43,d9a7ac8c827bf5f2dbb5f0f816e3a4d39c0ddcd7c738077e0bf9ec51ae97bea4,The question needs to be CORRECTED.,in_the_lion_king_who_does_nala_talk_to_and_is_laying_in_a_got_after_theyve_reunited_targ_21_B.wav,target,phon_err,no aux verbs in questions (lack of do support),/k/ --> /g/; cot/got,y,,otherp,,,JB_1108,
43,d9a7ac8c827bf5f2dbb5f0f816e3a4d39c0ddcd7c738077e0bf9ec51ae97bea4,"Simba
 mispronounced garden",in_the_lion_king_who_does_nala_talk_to_and_is_laying_in_a_got_after_theyve_reunited_targ_21_B.wav,target,phon_err,no aux verbs in questions (lack of do support),/k/ --> /g/; cot/got,,,,,,,
43,d9a7ac8c827bf5f2dbb5f0f816e3a4d39c0ddcd7c738077e0bf9ec51ae97bea4,The question needs to be CORRECTED.,if_a_janitor_hardworking_cleaned_a_vent_in_five_minutes_how_many_seconds_is_that_targ_22_C.wav,target,non_phon_err,adj/noun order,/v/ --> /b/; vent/bent,y,,other,,"general difficulty understanding sentence, likely due to non-phon error but it was not mentioned",JB_1108,
43,d9a7ac8c827bf5f2dbb5f0f816e3a4d39c0ddcd7c738077e0bf9ec51ae97bea4,I could not figure out the sentence,if_a_janitor_hardworking_cleaned_a_vent_in_five_minutes_how_many_seconds_is_that_targ_22_C.wav,target,non_phon_err,adj/noun order,/v/ --> /b/; vent/bent,,,,,,,
43,d9a7ac8c827bf5f2dbb5f0f816e3a4d39c0ddcd7c738077e0bf9ec51ae97bea4,I’m good — skip to the next question,what_company_created_the_macbook_a_device_fool_of_features_to_help_students_make_homework_targ_23_D.wav,target,both_err,make vs. other verb,/ʊ/ --> /u/; full/fool,s,,,,,JB_1108,
43,d9a7ac8c827bf5f2dbb5f0f816e3a4d39c0ddcd7c738077e0bf9ec51ae97bea4,NA,what_company_created_the_macbook_a_device_fool_of_features_to_help_students_make_homework_targ_23_D.wav,target,both_err,make vs. other verb,/ʊ/ --> /u/; full/fool,,,,,,,
43,d9a7ac8c827bf5f2dbb5f0f816e3a4d39c0ddcd7c738077e0bf9ec51ae97bea4,"The question does NOT need any corrections, but I don't know the answer/ I don't understand what the question is asking.",if_i_consider_leaving_work_after_the_fourth_hour_how_many_minutes_would_that_be_targ_24_A.wav,target,correct,infinitive vs. participle,/θ/ --> /t/; fourth/fort,nun,,,,,JB_1108,
43,d9a7ac8c827bf5f2dbb5f0f816e3a4d39c0ddcd7c738077e0bf9ec51ae97bea4,NA,if_i_consider_leaving_work_after_the_fourth_hour_how_many_minutes_would_that_be_targ_24_A.wav,target,correct,infinitive vs. participle,/θ/ --> /t/; fourth/fort,,,,,,,
43,d9a7ac8c827bf5f2dbb5f0f816e3a4d39c0ddcd7c738077e0bf9ec51ae97bea4,I’m good — skip to the next question,what_letter_in_the_latin_alphabet_corresponds_to_the_greek_letter_alpha_fill_01.wav,filler_other,NA,NA,NA,s,,,,,JB_1108,
43,d9a7ac8c827bf5f2dbb5f0f816e3a4d39c0ddcd7c738077e0bf9ec51ae97bea4,NA,what_letter_in_the_latin_alphabet_corresponds_to_the_greek_letter_alpha_fill_01.wav,filler_other,NA,NA,NA,,,,,,,
43,d9a7ac8c827bf5f2dbb5f0f816e3a4d39c0ddcd7c738077e0bf9ec51ae97bea4,"The question does NOT need any corrections, but I don't know the answer/ I don't understand what the question is asking.",what_organ_is_often_associated_with_being_eaten_by_rotting_flesh_monsters_also_known_as_zombies_fill_02.wav,filler_other,NA,NA,NA,nun,,,,,JB_1108,
43,d9a7ac8c827bf5f2dbb5f0f816e3a4d39c0ddcd7c738077e0bf9ec51ae97bea4,NA,what_organ_is_often_associated_with_being_eaten_by_rotting_flesh_monsters_also_known_as_zombies_fill_02.wav,filler_other,NA,NA,NA,,,,,,,
43,d9a7ac8c827bf5f2dbb5f0f816e3a4d39c0ddcd7c738077e0bf9ec51ae97bea4,The question does NOT need any corrections.,which_british_celebrity_judge_often_harshly_critiqued_contestants_on_the_nationwide_singing_contest_american_idol_fill_03.wav,filler_other,NA,NA,NA,nans,,,,,JB_1108,
43,d9a7ac8c827bf5f2dbb5f0f816e3a4d39c0ddcd7c738077e0bf9ec51ae97bea4,Simon Cowell,which_british_celebrity_judge_often_harshly_critiqued_contestants_on_the_nationwide_singing_contest_american_idol_fill_03.wav,filler_other,NA,NA,NA,,,,,,,
43,d9a7ac8c827bf5f2dbb5f0f816e3a4d39c0ddcd7c738077e0bf9ec51ae97bea4,I’m good — skip to the next question,which_cartoon_character_works_at_the_krusty_krab_and_is_best_friends_with_patrick_star_fill_04.wav,filler_other,NA,NA,NA,s,,,,,JB_1108,
43,d9a7ac8c827bf5f2dbb5f0f816e3a4d39c0ddcd7c738077e0bf9ec51ae97bea4,NA,which_cartoon_character_works_at_the_krusty_krab_and_is_best_friends_with_patrick_star_fill_04.wav,filler_other,NA,NA,NA,,,,,,,
43,d9a7ac8c827bf5f2dbb5f0f816e3a4d39c0ddcd7c738077e0bf9ec51ae97bea4,I’m good — skip to the next question,which_body_part_did_van_gogh_allegedly_cut_off_after_an_argument_with_his_friend_fill_05.wav,filler_other,NA,NA,NA,s,,,,,JB_1108,
43,d9a7ac8c827bf5f2dbb5f0f816e3a4d39c0ddcd7c738077e0bf9ec51ae97bea4,NA,which_body_part_did_van_gogh_allegedly_cut_off_after_an_argument_with_his_friend_fill_05.wav,filler_other,NA,NA,NA,,,,,,,
43,d9a7ac8c827bf5f2dbb5f0f816e3a4d39c0ddcd7c738077e0bf9ec51ae97bea4,The question does NOT need any corrections.,what_is_the_name_of_the_comic_strip_featuring_charlie_brown_and_his_dog_snoopy_fill_06.wav,filler_other,NA,NA,NA,nans,,,,,JB_1108,
43,d9a7ac8c827bf5f2dbb5f0f816e3a4d39c0ddcd7c738077e0bf9ec51ae97bea4,Peanuts,what_is_the_name_of_the_comic_strip_featuring_charlie_brown_and_his_dog_snoopy_fill_06.wav,filler_other,NA,NA,NA,,,,,,,
43,d9a7ac8c827bf5f2dbb5f0f816e3a4d39c0ddcd7c738077e0bf9ec51ae97bea4,I’m good — skip to the next question,what_holiday_occurs_at_the_end_of_october_and_features_trick-or-treating_pumpkins_and_haunted_houses_fill_07.wav,filler_other,NA,NA,NA,s,,,,,JB_1108,
43,d9a7ac8c827bf5f2dbb5f0f816e3a4d39c0ddcd7c738077e0bf9ec51ae97bea4,NA,what_holiday_occurs_at_the_end_of_october_and_features_trick-or-treating_pumpkins_and_haunted_houses_fill_07.wav,filler_other,NA,NA,NA,,,,,,,
43,d9a7ac8c827bf5f2dbb5f0f816e3a4d39c0ddcd7c738077e0bf9ec51ae97bea4,The question does NOT need any corrections.,what_is_the_name_of_the_video_game_character_who_is_a_traveling_italian_plumber_fill_08.wav,filler_other,NA,NA,NA,nans,,,,,JB_1108,
43,d9a7ac8c827bf5f2dbb5f0f816e3a4d39c0ddcd7c738077e0bf9ec51ae97bea4,Super Mario,what_is_the_name_of_the_video_game_character_who_is_a_traveling_italian_plumber_fill_08.wav,filler_other,NA,NA,NA,,,,,,,
43,d9a7ac8c827bf5f2dbb5f0f816e3a4d39c0ddcd7c738077e0bf9ec51ae97bea4,"The question does NOT need any corrections, but I don't know the answer/ I don't understand what the question is asking.",what_kind_of_animal_is_mickey_mouse’s_girlfriend_minnie_who_wears_a_bow_fill_09.wav,filler_other,NA,NA,NA,nun,,,,,JB_1108,
43,d9a7ac8c827bf5f2dbb5f0f816e3a4d39c0ddcd7c738077e0bf9ec51ae97bea4,NA,what_kind_of_animal_is_mickey_mouse’s_girlfriend_minnie_who_wears_a_bow_fill_09.wav,filler_other,NA,NA,NA,,,,,,,
43,d9a7ac8c827bf5f2dbb5f0f816e3a4d39c0ddcd7c738077e0bf9ec51ae97bea4,The question does NOT need any corrections.,which_cartoon_dog_solves_mysteries_with_the_group_fred_daphne_velma_and_shaggy_fill_10.wav,filler_other,NA,NA,NA,nans,,,,,JB_1108,
43,d9a7ac8c827bf5f2dbb5f0f816e3a4d39c0ddcd7c738077e0bf9ec51ae97bea4,SCOOBY DOO,which_cartoon_dog_solves_mysteries_with_the_group_fred_daphne_velma_and_shaggy_fill_10.wav,filler_other,NA,NA,NA,,,,,,,
43,d9a7ac8c827bf5f2dbb5f0f816e3a4d39c0ddcd7c738077e0bf9ec51ae97bea4,The question does NOT need any corrections.,which_fast_food_chain_offers_foot-long_sandwiches_and_has_the_slogan_eat_fresh_fill_11.wav,filler_other,NA,NA,NA,nans,,,,,JB_1108,
43,d9a7ac8c827bf5f2dbb5f0f816e3a4d39c0ddcd7c738077e0bf9ec51ae97bea4,Subway,which_fast_food_chain_offers_foot-long_sandwiches_and_has_the_slogan_eat_fresh_fill_11.wav,filler_other,NA,NA,NA,,,,,,,
43,d9a7ac8c827bf5f2dbb5f0f816e3a4d39c0ddcd7c738077e0bf9ec51ae97bea4,The question does NOT need any corrections.,which_oscar-winning_movie_features_tom_hanks_saying_life_is_like_a_box_of_chocolates_fill_12.wav,filler_other,NA,NA,NA,nans,,,,,JB_1108,
43,d9a7ac8c827bf5f2dbb5f0f816e3a4d39c0ddcd7c738077e0bf9ec51ae97bea4,FORREST GUMP,which_oscar-winning_movie_features_tom_hanks_saying_life_is_like_a_box_of_chocolates_fill_12.wav,filler_other,NA,NA,NA,,,,,,,
43,d9a7ac8c827bf5f2dbb5f0f816e3a4d39c0ddcd7c738077e0bf9ec51ae97bea4,I’m good — skip to the next question,what_novel_has_the_quote_i’m_late_i’m_late_for_a_very_important_date_fill_13.wav,filler_other,NA,NA,NA,s,,,,,JB_1108,
43,d9a7ac8c827bf5f2dbb5f0f816e3a4d39c0ddcd7c738077e0bf9ec51ae97bea4,NA,what_novel_has_the_quote_i’m_late_i’m_late_for_a_very_important_date_fill_13.wav,filler_other,NA,NA,NA,,,,,,,
43,d9a7ac8c827bf5f2dbb5f0f816e3a4d39c0ddcd7c738077e0bf9ec51ae97bea4,"The question does NOT need any corrections, but I don't know the answer/ I don't understand what the question is asking.",what_mythical_creatures_have_been_said_to_drink_blood_turn_into_bats_and_hate_onions_fill_14.wav,filler_other,NA,NA,NA,nun,,,,,JB_1108,
43,d9a7ac8c827bf5f2dbb5f0f816e3a4d39c0ddcd7c738077e0bf9ec51ae97bea4,NA,what_mythical_creatures_have_been_said_to_drink_blood_turn_into_bats_and_hate_onions_fill_14.wav,filler_other,NA,NA,NA,,,,,,,
43,d9a7ac8c827bf5f2dbb5f0f816e3a4d39c0ddcd7c738077e0bf9ec51ae97bea4,I’m good — skip to the next question,who_discovered_the_law_of_universal_gravitation_which_accounts_for_why_objects_naturally_fall_downwards_fill_15.wav,filler_other,NA,NA,NA,s,,,,,JB_1108,
43,d9a7ac8c827bf5f2dbb5f0f816e3a4d39c0ddcd7c738077e0bf9ec51ae97bea4,NA,who_discovered_the_law_of_universal_gravitation_which_accounts_for_why_objects_naturally_fall_downwards_fill_15.wav,filler_other,NA,NA,NA,,,,,,,
43,d9a7ac8c827bf5f2dbb5f0f816e3a4d39c0ddcd7c738077e0bf9ec51ae97bea4,I’m good — skip to the next question,which_soft_pastry_made_with_a_certain_spice_is_often_spiral-shaped_and_topped_with_icing_fill_16.wav,filler_other,NA,NA,NA,s,,,,,JB_1108,
43,d9a7ac8c827bf5f2dbb5f0f816e3a4d39c0ddcd7c738077e0bf9ec51ae97bea4,NA,which_soft_pastry_made_with_a_certain_spice_is_often_spiral-shaped_and_topped_with_icing_fill_16.wav,filler_other,NA,NA,NA,,,,,,,
43,d9a7ac8c827bf5f2dbb5f0f816e3a4d39c0ddcd7c738077e0bf9ec51ae97bea4,The question does NOT need any corrections.,what_us_holiday_is_often_celebrated_with_fireworks_and_hotdogs_to_honor_americas_freedom_fill_17.wav,filler_other,NA,NA,NA,nans,,,,,JB_1108,
43,d9a7ac8c827bf5f2dbb5f0f816e3a4d39c0ddcd7c738077e0bf9ec51ae97bea4,4th of July,what_us_holiday_is_often_celebrated_with_fireworks_and_hotdogs_to_honor_americas_freedom_fill_17.wav,filler_other,NA,NA,NA,,,,,,,
43,d9a7ac8c827bf5f2dbb5f0f816e3a4d39c0ddcd7c738077e0bf9ec51ae97bea4,"The question does NOT need any corrections, but I don't know the answer/ I don't understand what the question is asking.",which_tropical_fruit_that_grows_on_palm_trees_is_used_for_oils_and_milks_fill_18.wav,filler_other,NA,NA,NA,nun,,,,,JB_1108,
43,d9a7ac8c827bf5f2dbb5f0f816e3a4d39c0ddcd7c738077e0bf9ec51ae97bea4,NA,which_tropical_fruit_that_grows_on_palm_trees_is_used_for_oils_and_milks_fill_18.wav,filler_other,NA,NA,NA,,,,,,,
43,d9a7ac8c827bf5f2dbb5f0f816e3a4d39c0ddcd7c738077e0bf9ec51ae97bea4,The question does NOT need any corrections.,which_season_do_we_associate_with_thanksgiving_the_beginning_of_school_and_leaves_turning_brown_fill_19.wav,filler_other,NA,NA,NA,nans,,,,,JB_1108,
43,d9a7ac8c827bf5f2dbb5f0f816e3a4d39c0ddcd7c738077e0bf9ec51ae97bea4,Fall,which_season_do_we_associate_with_thanksgiving_the_beginning_of_school_and_leaves_turning_brown_fill_19.wav,filler_other,NA,NA,NA,,,,,,,
43,d9a7ac8c827bf5f2dbb5f0f816e3a4d39c0ddcd7c738077e0bf9ec51ae97bea4,The question needs to be CORRECTED.,what_musician_won_grammys_for_their_album_thriller_which_features_the_hit_song_beat_it_fill_20.wav,filler_other,NA,NA,NA,y,,otherp,,,JB_1108,
43,d9a7ac8c827bf5f2dbb5f0f816e3a4d39c0ddcd7c738077e0bf9ec51ae97bea4,"Michael Jackson
 did not need to add an ""s"" on musician",what_musician_won_grammys_for_their_album_thriller_which_features_the_hit_song_beat_it_fill_20.wav,filler_other,NA,NA,NA,,,,,,,
43,d9a7ac8c827bf5f2dbb5f0f816e3a4d39c0ddcd7c738077e0bf9ec51ae97bea4,"The question does NOT need any corrections, but I don't know the answer/ I don't understand what the question is asking.",what_animal_is_typically_white_with_black_spots_and_says_moo_fill_21.wav,filler_other,NA,NA,NA,nun,,,,,JB_1108,
43,d9a7ac8c827bf5f2dbb5f0f816e3a4d39c0ddcd7c738077e0bf9ec51ae97bea4,NA,what_animal_is_typically_white_with_black_spots_and_says_moo_fill_21.wav,filler_other,NA,NA,NA,,,,,,,
43,d9a7ac8c827bf5f2dbb5f0f816e3a4d39c0ddcd7c738077e0bf9ec51ae97bea4,The question does NOT need any corrections.,where_do_the_jolly_christmas_icons_santa_claus_and_his_wife_mrs._claus_live_fill_22.wav,filler_other,NA,NA,NA,nans,,,,,JB_1108,
43,d9a7ac8c827bf5f2dbb5f0f816e3a4d39c0ddcd7c738077e0bf9ec51ae97bea4,NORTH POLE,where_do_the_jolly_christmas_icons_santa_claus_and_his_wife_mrs._claus_live_fill_22.wav,filler_other,NA,NA,NA,,,,,,,
43,d9a7ac8c827bf5f2dbb5f0f816e3a4d39c0ddcd7c738077e0bf9ec51ae97bea4,The question does NOT need any corrections.,in_the_famous_dr_seuss_book_what_orange_and_yellow_character_speaks_for_the_trees_fill_23.wav,filler_other,NA,NA,NA,nans,,,,,JB_1108,
43,d9a7ac8c827bf5f2dbb5f0f816e3a4d39c0ddcd7c738077e0bf9ec51ae97bea4,THE LORAX,in_the_famous_dr_seuss_book_what_orange_and_yellow_character_speaks_for_the_trees_fill_23.wav,filler_other,NA,NA,NA,,,,,,,
43,d9a7ac8c827bf5f2dbb5f0f816e3a4d39c0ddcd7c738077e0bf9ec51ae97bea4,The question does NOT need any corrections.,in_what_country_would_you_find_landmarks_like_the_pyramids_of_giza_and_great_sphinx_fill_24.wav,filler_other,NA,NA,NA,nans,,,,,JB_1108,
43,d9a7ac8c827bf5f2dbb5f0f816e3a4d39c0ddcd7c738077e0bf9ec51ae97bea4,Egypt,in_what_country_would_you_find_landmarks_like_the_pyramids_of_giza_and_great_sphinx_fill_24.wav,filler_other,NA,NA,NA,,,,,,,
44,deb408127144d291ef01128364b1b7d3b3d1a567d919f42c06097559cad0ea5a,The question does NOT need any corrections.,how_many_legs_does_a_dog_normally_have_fill_25.wav,att_check_good,NA,NA,NA,nans,,,a,attention check passed (7/8 correct),JB_1108,
44,deb408127144d291ef01128364b1b7d3b3d1a567d919f42c06097559cad0ea5a,4,how_many_legs_does_a_dog_normally_have_fill_25.wav,att_check_good,NA,NA,NA,,,,,,,
44,deb408127144d291ef01128364b1b7d3b3d1a567d919f42c06097559cad0ea5a,The question does NOT need any corrections.,what_state_is_los_angeles_located_in_fill_26.wav,att_check_good,NA,NA,NA,nans,,,a,,JB_1108,
44,deb408127144d291ef01128364b1b7d3b3d1a567d919f42c06097559cad0ea5a,California,what_state_is_los_angeles_located_in_fill_26.wav,att_check_good,NA,NA,NA,,,,,,,
44,deb408127144d291ef01128364b1b7d3b3d1a567d919f42c06097559cad0ea5a,The question does NOT need any corrections.,what_day_of_the_week_comes_after_monday_fill_27.wav,att_check_good,NA,NA,NA,nans,,,a,,JB_1108,
44,deb408127144d291ef01128364b1b7d3b3d1a567d919f42c06097559cad0ea5a,tuesday,what_day_of_the_week_comes_after_monday_fill_27.wav,att_check_good,NA,NA,NA,,,,,,,
44,deb408127144d291ef01128364b1b7d3b3d1a567d919f42c06097559cad0ea5a,The question does NOT need any corrections.,what_color_is_a_typical_school_bus_fill_28.wav,att_check_good,NA,NA,NA,nans,,,a,,JB_1108,
44,deb408127144d291ef01128364b1b7d3b3d1a567d919f42c06097559cad0ea5a,Yellow,what_color_is_a_typical_school_bus_fill_28.wav,att_check_good,NA,NA,NA,,,,,,,
44,deb408127144d291ef01128364b1b7d3b3d1a567d919f42c06097559cad0ea5a,The question needs to be CORRECTED.,in_the_cycle_of_seasons_what_season_comes_after_dinter_fill_29.wav,att_check_err,NA,NA,NA,y,,acheckp,,,JB_1108,
44,deb408127144d291ef01128364b1b7d3b3d1a567d919f42c06097559cad0ea5a,Spring. Say winter instead of dinter,in_the_cycle_of_seasons_what_season_comes_after_dinter_fill_29.wav,att_check_err,NA,NA,NA,,,,,,,
44,deb408127144d291ef01128364b1b7d3b3d1a567d919f42c06097559cad0ea5a,The question does NOT need any corrections.,what_insect_undergoes_a_process_of_change_to_turn_into_a_butterfy_fill_30.wav,att_check_err,NA,NA,NA,nans,,acheckf,,,JB_1108,
44,deb408127144d291ef01128364b1b7d3b3d1a567d919f42c06097559cad0ea5a,Caterpillar,what_insect_undergoes_a_process_of_change_to_turn_into_a_butterfy_fill_30.wav,att_check_err,NA,NA,NA,,,,,,,
44,deb408127144d291ef01128364b1b7d3b3d1a567d919f42c06097559cad0ea5a,The question needs to be CORRECTED.,what_is_the_largest_plant_in_the_solar_system_fill_31.wav,att_check_err,NA,NA,NA,y,,acheckp,,,JB_1108,
44,deb408127144d291ef01128364b1b7d3b3d1a567d919f42c06097559cad0ea5a,Jupiter. Say planet instead of plant,what_is_the_largest_plant_in_the_solar_system_fill_31.wav,att_check_err,NA,NA,NA,,,,,,,
44,deb408127144d291ef01128364b1b7d3b3d1a567d919f42c06097559cad0ea5a,The question needs to be CORRECTED.,how_many_embers_were_in_the_beatles_the_british_rock_band_fill_32.wav,att_check_err,NA,NA,NA,y,,acheckp,,,JB_1108,
44,deb408127144d291ef01128364b1b7d3b3d1a567d919f42c06097559cad0ea5a,4. Say members instead of embers,how_many_embers_were_in_the_beatles_the_british_rock_band_fill_32.wav,att_check_err,NA,NA,NA,,,,,,,
44,deb408127144d291ef01128364b1b7d3b3d1a567d919f42c06097559cad0ea5a,The question needs to be CORRECTED.,for_what_pink_ice_cream_flavor_wheel_companies_make_their_best_to_use_real_fruit_targ_01_D.wav,target,both_err,make vs. other verb,/ɪ/ --> /i/; will/wheel,y,,other?,,"unclear which, if any, target error they want to fix",JB_1108,
44,deb408127144d291ef01128364b1b7d3b3d1a567d919f42c06097559cad0ea5a,"Sorbet maybe. I would reword the question to say ""which ice cream flavor is made using real fruit""",for_what_pink_ice_cream_flavor_wheel_companies_make_their_best_to_use_real_fruit_targ_01_D.wav,target,both_err,make vs. other verb,/ɪ/ --> /i/; will/wheel,,,,,,,
44,deb408127144d291ef01128364b1b7d3b3d1a567d919f42c06097559cad0ea5a,The question needs to be CORRECTED.,what_term_refers_to_armored_men_who_enjoyed_carrying_medieval_swords_that_clash_in_combat_targ_02_A.wav,target,correct,infinitive vs. participle,/ʃ/ --> /s/; clash/class,y,,otherp,,,JB_1108,
44,deb408127144d291ef01128364b1b7d3b3d1a567d919f42c06097559cad0ea5a,Knights. Pronounce armored better,what_term_refers_to_armored_men_who_enjoyed_carrying_medieval_swords_that_clash_in_combat_targ_02_A.wav,target,correct,infinitive vs. participle,/ʃ/ --> /s/; clash/class,,,,,,,
44,deb408127144d291ef01128364b1b7d3b3d1a567d919f42c06097559cad0ea5a,The question needs to be CORRECTED.,which_scottish_actor_first_played_james_bond_wearing_guilts_to_red_carpets_when_he_was_32_years_old_targ_03_B.wav,target,phon_err,have vs. be,/k/ --> /g/; kilt/guilt,y,,p?,,"heard guilts as golds, thinking correct word would be gold instead of kilt ",JB_1108,
44,deb408127144d291ef01128364b1b7d3b3d1a567d919f42c06097559cad0ea5a,"I don't know, but I would correct golds to be gold",which_scottish_actor_first_played_james_bond_wearing_guilts_to_red_carpets_when_he_was_32_years_old_targ_03_B.wav,target,phon_err,have vs. be,/k/ --> /g/; kilt/guilt,,,,,,,
44,deb408127144d291ef01128364b1b7d3b3d1a567d919f42c06097559cad0ea5a,The question does NOT need any corrections.,what_neil_armstrong_say_during_his_very_first_steps_on_the_moon_targ_04_C.wav,target,non_phon_err,no aux verbs in questions (lack of do support),/v/ --> /b/; very/berry,nans,,,,,JB_1108,
44,deb408127144d291ef01128364b1b7d3b3d1a567d919f42c06097559cad0ea5a,"One small step for man, one giant leap for mankind",what_neil_armstrong_say_during_his_very_first_steps_on_the_moon_targ_04_C.wav,target,non_phon_err,no aux verbs in questions (lack of do support),/v/ --> /b/; very/berry,,,,,,,
44,deb408127144d291ef01128364b1b7d3b3d1a567d919f42c06097559cad0ea5a,I’m good — skip to the next question,what_kind_of_weather_cooed_cooled_occur_when_is_raining_and_below_freezing_targ_05_D.wav,target,both_err,expletive 'it' dropping,/ʊ/ --> /u/; could/cooed,s,,,,,JB_1108,
44,deb408127144d291ef01128364b1b7d3b3d1a567d919f42c06097559cad0ea5a,The question was hard to comprehend,what_kind_of_weather_cooed_cooled_occur_when_is_raining_and_below_freezing_targ_05_D.wav,target,both_err,expletive 'it' dropping,/ʊ/ --> /u/; could/cooed,,,,,,,
44,deb408127144d291ef01128364b1b7d3b3d1a567d919f42c06097559cad0ea5a,The question does NOT need any corrections.,how_many_legs_does_a_canadian_garden_spider_whose_silk_can_make_cloth_have_targ_06_A.wav,target,correct,adj/noun order,/θ/ --> /t/; cloth/clot,nans,,,,,JB_1108,
44,deb408127144d291ef01128364b1b7d3b3d1a567d919f42c06097559cad0ea5a,8,how_many_legs_does_a_canadian_garden_spider_whose_silk_can_make_cloth_have_targ_06_A.wav,target,correct,adj/noun order,/θ/ --> /t/; cloth/clot,,,,,,,
44,deb408127144d291ef01128364b1b7d3b3d1a567d919f42c06097559cad0ea5a,The question does NOT need any corrections.,what_childrens_game_makes_people_seat_down_quickly_when_the_loud_music_stops_targ_07_B.wav,target,phon_err,adj/noun order,/ɪ/ --> /i/; sit/seat,nans,,,,,JB_1108,
44,deb408127144d291ef01128364b1b7d3b3d1a567d919f42c06097559cad0ea5a,musical chairs,what_childrens_game_makes_people_seat_down_quickly_when_the_loud_music_stops_targ_07_B.wav,target,phon_err,adj/noun order,/ɪ/ --> /i/; sit/seat,,,,,,,
44,deb408127144d291ef01128364b1b7d3b3d1a567d919f42c06097559cad0ea5a,The question needs to be CORRECTED.,because_is_important_to_honor_the_irish_saint_what_holiday_occurs_on_march_17th_targ_08_C.wav,target,non_phon_err,expletive 'it' dropping,/ʃ/ --> /s/; Irish/iris,y,,otherp,,,JB_1108,
44,deb408127144d291ef01128364b1b7d3b3d1a567d919f42c06097559cad0ea5a,St. Patricks day. Pronounce honor better,because_is_important_to_honor_the_irish_saint_what_holiday_occurs_on_march_17th_targ_08_C.wav,target,non_phon_err,expletive 'it' dropping,/ʃ/ --> /s/; Irish/iris,,,,,,,
44,deb408127144d291ef01128364b1b7d3b3d1a567d919f42c06097559cad0ea5a,The question needs to be CORRECTED.,if_laundry_service_will_gum_in_five_days_and_todays_thursday_when_are_they_making_laundry_next_targ_09_D.wav,target,both_err,make vs. other verb,/k/ --> /g/; come/gum,y,,np,,,JB_1108,
44,deb408127144d291ef01128364b1b7d3b3d1a567d919f42c06097559cad0ea5a,"Tuesday.Instead of when are they making laundry next, say when are they doing laundry next",if_laundry_service_will_gum_in_five_days_and_todays_thursday_when_are_they_making_laundry_next_targ_09_D.wav,target,both_err,make vs. other verb,/k/ --> /g/; come/gum,,,,,,,
44,deb408127144d291ef01128364b1b7d3b3d1a567d919f42c06097559cad0ea5a,The question needs to be CORRECTED.,who_did_americans_vote_for_to_be_their_first_president_who_avoided_serving_three_terms_targ_10_A.wav,target,correct,infinitive vs. participle,/v/ --> /b/; vote/boat,y,,np?,,says to get rid of 'avoided to' rather than change the verb to a different form,JB_1108,
44,deb408127144d291ef01128364b1b7d3b3d1a567d919f42c06097559cad0ea5a,"Washington. Change ""who avoided serving 3 terms"" to who served 3 terms",who_did_americans_vote_for_to_be_their_first_president_who_avoided_serving_three_terms_targ_10_A.wav,target,correct,infinitive vs. participle,/v/ --> /b/; vote/boat,,,,,,,
44,deb408127144d291ef01128364b1b7d3b3d1a567d919f42c06097559cad0ea5a,The question does NOT need any corrections.,what_colors_can_be_on_a_traffic_light_which_often_senses_when_cars_pool_up_targ_11_B.wav,target,phon_err,have vs. be,/ʊ/ --> /u/; pulls/pools,nans,,,,,JB_1108,
44,deb408127144d291ef01128364b1b7d3b3d1a567d919f42c06097559cad0ea5a,Red yellow and green,what_colors_can_be_on_a_traffic_light_which_often_senses_when_cars_pool_up_targ_11_B.wav,target,phon_err,have vs. be,/ʊ/ --> /u/; pulls/pools,,,,,,,
44,deb408127144d291ef01128364b1b7d3b3d1a567d919f42c06097559cad0ea5a,The question does NOT need any corrections.,if_youre_on_a_path_from_california_to_hawaii_which_ocean_you_go_through_targ_12_C.wav,target,non_phon_err,no aux verbs in questions (lack of do support),/θ/ --> /t/; path/pat,nans,,,,,JB_1108,
44,deb408127144d291ef01128364b1b7d3b3d1a567d919f42c06097559cad0ea5a,Pacific,if_youre_on_a_path_from_california_to_hawaii_which_ocean_you_go_through_targ_12_C.wav,target,non_phon_err,no aux verbs in questions (lack of do support),/θ/ --> /t/; path/pat,,,,,,,
44,deb408127144d291ef01128364b1b7d3b3d1a567d919f42c06097559cad0ea5a,The question needs to be CORRECTED.,what_supplies_you_need_to_neat_a_scarf_targ_13_D.wav,target,both_err,no aux verbs in questions (lack of do support),/ɪ/ --> /i/; knit/neat,y,,p,,,JB_1108,
44,deb408127144d291ef01128364b1b7d3b3d1a567d919f42c06097559cad0ea5a,Yarn. I would say knit instead of need when saying to knit a scarf,what_supplies_you_need_to_neat_a_scarf_targ_13_D.wav,target,both_err,no aux verbs in questions (lack of do support),/ɪ/ --> /i/; knit/neat,,,,,,,
44,deb408127144d291ef01128364b1b7d3b3d1a567d919f42c06097559cad0ea5a,The question needs to be CORRECTED.,what_city_have_people_rushed_to_tour_to_see_where_the_us_government_does_business_targ_14_A.wav,target,correct,make vs. other verb,/ʃ/ --> /s/; rushed/rust,y,,otherirr,,,JB_1108,
44,deb408127144d291ef01128364b1b7d3b3d1a567d919f42c06097559cad0ea5a,Washington D.C. I would change the beginning of the sentence to say which U.S. city,what_city_have_people_rushed_to_tour_to_see_where_the_us_government_does_business_targ_14_A.wav,target,correct,make vs. other verb,/ʃ/ --> /s/; rushed/rust,,,,,,,
44,deb408127144d291ef01128364b1b7d3b3d1a567d919f42c06097559cad0ea5a,The question needs to be CORRECTED.,what_colors_make_up_a_traditional_candy_gain_which_people_enjoy_eating_during_christmas_targ_15_B.wav,target,phon_err,infinitive vs. participle,/k/ --> /g/; cane/gain,y,,p,,,JB_1108,
44,deb408127144d291ef01128364b1b7d3b3d1a567d919f42c06097559cad0ea5a,Red and white. Say candy cane instead of candy gain,what_colors_make_up_a_traditional_candy_gain_which_people_enjoy_eating_during_christmas_targ_15_B.wav,target,phon_err,infinitive vs. participle,/k/ --> /g/; cane/gain,,,,,,,
44,deb408127144d291ef01128364b1b7d3b3d1a567d919f42c06097559cad0ea5a,"The question does NOT need any corrections, but I don't know the answer/ I don't understand what the question is asking.",where_do_people_get_drivers_licenses_since_is_required_as_valid_id_to_drive_targ_16_C.wav,target,non_phon_err,expletive 'it' dropping,/v/ --> /b/; valid/ballad,nun,,,,,JB_1108,
44,deb408127144d291ef01128364b1b7d3b3d1a567d919f42c06097559cad0ea5a,NA,where_do_people_get_drivers_licenses_since_is_required_as_valid_id_to_drive_targ_16_C.wav,target,non_phon_err,expletive 'it' dropping,/v/ --> /b/; valid/ballad,,,,,,,
44,deb408127144d291ef01128364b1b7d3b3d1a567d919f42c06097559cad0ea5a,The question needs to be CORRECTED.,how_many_days_wooed_wooled_my_bike_tandem_be_gone_if_someone_borrows_it_for_july_targ_17_D.wav,target,both_err,adj/noun order,/ʊ/ --> /u/; would/wooed,y,,p,,,JB_1108,
44,deb408127144d291ef01128364b1b7d3b3d1a567d919f42c06097559cad0ea5a,31 days. say would instead of wood,how_many_days_wooed_wooled_my_bike_tandem_be_gone_if_someone_borrows_it_for_july_targ_17_D.wav,target,both_err,adj/noun order,/ʊ/ --> /u/; would/wooed,,,,,,,
44,deb408127144d291ef01128364b1b7d3b3d1a567d919f42c06097559cad0ea5a,The question does NOT need any corrections.,when_you_are_hot_what_device_measures_body_temperature_in_both_celsius_and_fahrenheit_targ_18_A.wav,target,correct,have vs. be,/θ/ --> /t/; both/boat,nans,,,,,JB_1108,
44,deb408127144d291ef01128364b1b7d3b3d1a567d919f42c06097559cad0ea5a,Thermometer,when_you_are_hot_what_device_measures_body_temperature_in_both_celsius_and_fahrenheit_targ_18_A.wav,target,correct,have vs. be,/θ/ --> /t/; both/boat,,,,,,,
44,deb408127144d291ef01128364b1b7d3b3d1a567d919f42c06097559cad0ea5a,"The question does NOT need any corrections, but I don't know the answer/ I don't understand what the question is asking.",what_big_star_in_our_solar_system_can_steal_be_visible_when_it_is_cloudy_targ_19_B.wav,target,phon_err,expletive 'it' dropping,/ɪ/ --> /i/; still/steal,nun,,,,,JB_1108,
44,deb408127144d291ef01128364b1b7d3b3d1a567d919f42c06097559cad0ea5a,NA,what_big_star_in_our_solar_system_can_steal_be_visible_when_it_is_cloudy_targ_19_B.wav,target,phon_err,expletive 'it' dropping,/ɪ/ --> /i/; still/steal,,,,,,,
44,deb408127144d291ef01128364b1b7d3b3d1a567d919f42c06097559cad0ea5a,The question needs to be CORRECTED.,what_popular_us_chain_provides_a_happy_meal_toy_or_plush_when_kids_have_hungry_targ_20_C.wav,target,non_phon_err,have vs. be,/ʃ/ --> /s/; plush/plus,y,,np,,,JB_1108,
44,deb408127144d291ef01128364b1b7d3b3d1a567d919f42c06097559cad0ea5a,Mcdonalds. Change last part to say when kids ARE hungry,what_popular_us_chain_provides_a_happy_meal_toy_or_plush_when_kids_have_hungry_targ_20_C.wav,target,non_phon_err,have vs. be,/ʃ/ --> /s/; plush/plus,,,,,,,
44,deb408127144d291ef01128364b1b7d3b3d1a567d919f42c06097559cad0ea5a,The question needs to be CORRECTED.,in_the_lion_king_who_nala_talk_to_and_is_laying_in_a_got_after_theyve_reunited_targ_21_D.wav,target,both_err,no aux verbs in questions (lack of do support),/k/ --> /g/; cot/got,y,,otherp,,,JB_1108,
44,deb408127144d291ef01128364b1b7d3b3d1a567d919f42c06097559cad0ea5a,"I don't know, and I would annunciate the first part more clearly",in_the_lion_king_who_nala_talk_to_and_is_laying_in_a_got_after_theyve_reunited_targ_21_D.wav,target,both_err,no aux verbs in questions (lack of do support),/k/ --> /g/; cot/got,,,,,,,
44,deb408127144d291ef01128364b1b7d3b3d1a567d919f42c06097559cad0ea5a,The question does NOT need any corrections.,if_a_hardworking_janitor_cleaned_a_vent_in_five_minutes_how_many_seconds_is_that_targ_22_A.wav,target,correct,adj/noun order,/v/ --> /b/; vent/bent,nans,,,,,JB_1108,
44,deb408127144d291ef01128364b1b7d3b3d1a567d919f42c06097559cad0ea5a,300,if_a_hardworking_janitor_cleaned_a_vent_in_five_minutes_how_many_seconds_is_that_targ_22_A.wav,target,correct,adj/noun order,/v/ --> /b/; vent/bent,,,,,,,
44,deb408127144d291ef01128364b1b7d3b3d1a567d919f42c06097559cad0ea5a,The question does NOT need any corrections.,what_company_created_the_macbook_a_device_fool_of_features_to_help_students_do_homework_targ_23_B.wav,target,phon_err,make vs. other verb,/ʊ/ --> /u/; full/fool,nans,,,,,JB_1108,
44,deb408127144d291ef01128364b1b7d3b3d1a567d919f42c06097559cad0ea5a,Apple,what_company_created_the_macbook_a_device_fool_of_features_to_help_students_do_homework_targ_23_B.wav,target,phon_err,make vs. other verb,/ʊ/ --> /u/; full/fool,,,,,,,
44,deb408127144d291ef01128364b1b7d3b3d1a567d919f42c06097559cad0ea5a,The question does NOT need any corrections.,if_i_consider_to_leave_work_after_the_fourth_hour_how_many_minutes_would_that_be_targ_24_C.wav,target,non_phon_err,infinitive vs. participle,/θ/ --> /t/; fourth/fort,nans,,,,,JB_1108,
44,deb408127144d291ef01128364b1b7d3b3d1a567d919f42c06097559cad0ea5a,240,if_i_consider_to_leave_work_after_the_fourth_hour_how_many_minutes_would_that_be_targ_24_C.wav,target,non_phon_err,infinitive vs. participle,/θ/ --> /t/; fourth/fort,,,,,,,
44,deb408127144d291ef01128364b1b7d3b3d1a567d919f42c06097559cad0ea5a,The question does NOT need any corrections.,what_letter_in_the_latin_alphabet_corresponds_to_the_greek_letter_alpha_fill_01.wav,filler_other,NA,NA,NA,nans,,,,,JB_1108,
44,deb408127144d291ef01128364b1b7d3b3d1a567d919f42c06097559cad0ea5a,A,what_letter_in_the_latin_alphabet_corresponds_to_the_greek_letter_alpha_fill_01.wav,filler_other,NA,NA,NA,,,,,,,
44,deb408127144d291ef01128364b1b7d3b3d1a567d919f42c06097559cad0ea5a,The question does NOT need any corrections.,what_organ_is_often_associated_with_being_eaten_by_rotting_flesh_monsters_also_known_as_zombies_fill_02.wav,filler_other,NA,NA,NA,nans,,,,,JB_1108,
44,deb408127144d291ef01128364b1b7d3b3d1a567d919f42c06097559cad0ea5a,Brains,what_organ_is_often_associated_with_being_eaten_by_rotting_flesh_monsters_also_known_as_zombies_fill_02.wav,filler_other,NA,NA,NA,,,,,,,
44,deb408127144d291ef01128364b1b7d3b3d1a567d919f42c06097559cad0ea5a,The question needs to be CORRECTED.,which_british_celebrity_judge_often_harshly_critiqued_contestants_on_the_nationwide_singing_contest_american_idol_fill_03.wav,filler_other,NA,NA,NA,y,,otherp?,,seems to have heard 'critic' instead of 'critiqued',JB_1108,
44,deb408127144d291ef01128364b1b7d3b3d1a567d919f42c06097559cad0ea5a,Simon Cowell. Say criticizes or critique instead of critic,which_british_celebrity_judge_often_harshly_critiqued_contestants_on_the_nationwide_singing_contest_american_idol_fill_03.wav,filler_other,NA,NA,NA,,,,,,,
44,deb408127144d291ef01128364b1b7d3b3d1a567d919f42c06097559cad0ea5a,The question does NOT need any corrections.,which_cartoon_character_works_at_the_krusty_krab_and_is_best_friends_with_patrick_star_fill_04.wav,filler_other,NA,NA,NA,nans,,,,,JB_1108,
44,deb408127144d291ef01128364b1b7d3b3d1a567d919f42c06097559cad0ea5a,Spongebob Squarepants,which_cartoon_character_works_at_the_krusty_krab_and_is_best_friends_with_patrick_star_fill_04.wav,filler_other,NA,NA,NA,,,,,,,
44,deb408127144d291ef01128364b1b7d3b3d1a567d919f42c06097559cad0ea5a,The question does NOT need any corrections.,which_body_part_did_van_gogh_allegedly_cut_off_after_an_argument_with_his_friend_fill_05.wav,filler_other,NA,NA,NA,nans,,,,,JB_1108,
44,deb408127144d291ef01128364b1b7d3b3d1a567d919f42c06097559cad0ea5a,Ear,which_body_part_did_van_gogh_allegedly_cut_off_after_an_argument_with_his_friend_fill_05.wav,filler_other,NA,NA,NA,,,,,,,
44,deb408127144d291ef01128364b1b7d3b3d1a567d919f42c06097559cad0ea5a,The question does NOT need any corrections.,what_is_the_name_of_the_comic_strip_featuring_charlie_brown_and_his_dog_snoopy_fill_06.wav,filler_other,NA,NA,NA,nans,,,,,JB_1108,
44,deb408127144d291ef01128364b1b7d3b3d1a567d919f42c06097559cad0ea5a,Peanuts,what_is_the_name_of_the_comic_strip_featuring_charlie_brown_and_his_dog_snoopy_fill_06.wav,filler_other,NA,NA,NA,,,,,,,
44,deb408127144d291ef01128364b1b7d3b3d1a567d919f42c06097559cad0ea5a,The question needs to be CORRECTED.,what_holiday_occurs_at_the_end_of_october_and_features_trick-or-treating_pumpkins_and_haunted_houses_fill_07.wav,filler_other,NA,NA,NA,y,,otherp,,,JB_1108,
44,deb408127144d291ef01128364b1b7d3b3d1a567d919f42c06097559cad0ea5a,Halloween. Say Pumpkins instead of pumpkings,what_holiday_occurs_at_the_end_of_october_and_features_trick-or-treating_pumpkins_and_haunted_houses_fill_07.wav,filler_other,NA,NA,NA,,,,,,,
44,deb408127144d291ef01128364b1b7d3b3d1a567d919f42c06097559cad0ea5a,The question does NOT need any corrections.,what_is_the_name_of_the_video_game_character_who_is_a_traveling_italian_plumber_fill_08.wav,filler_other,NA,NA,NA,nans,,,,,JB_1108,
44,deb408127144d291ef01128364b1b7d3b3d1a567d919f42c06097559cad0ea5a,Mario,what_is_the_name_of_the_video_game_character_who_is_a_traveling_italian_plumber_fill_08.wav,filler_other,NA,NA,NA,,,,,,,
44,deb408127144d291ef01128364b1b7d3b3d1a567d919f42c06097559cad0ea5a,The question does NOT need any corrections.,what_kind_of_animal_is_mickey_mouse’s_girlfriend_minnie_who_wears_a_bow_fill_09.wav,filler_other,NA,NA,NA,nans,,,,,JB_1108,
44,deb408127144d291ef01128364b1b7d3b3d1a567d919f42c06097559cad0ea5a,mouse,what_kind_of_animal_is_mickey_mouse’s_girlfriend_minnie_who_wears_a_bow_fill_09.wav,filler_other,NA,NA,NA,,,,,,,
44,deb408127144d291ef01128364b1b7d3b3d1a567d919f42c06097559cad0ea5a,The question does NOT need any corrections.,which_cartoon_dog_solves_mysteries_with_the_group_fred_daphne_velma_and_shaggy_fill_10.wav,filler_other,NA,NA,NA,nans,,,,,JB_1108,
44,deb408127144d291ef01128364b1b7d3b3d1a567d919f42c06097559cad0ea5a,Scooby-Doo,which_cartoon_dog_solves_mysteries_with_the_group_fred_daphne_velma_and_shaggy_fill_10.wav,filler_other,NA,NA,NA,,,,,,,
44,deb408127144d291ef01128364b1b7d3b3d1a567d919f42c06097559cad0ea5a,The question does NOT need any corrections.,which_fast_food_chain_offers_foot-long_sandwiches_and_has_the_slogan_eat_fresh_fill_11.wav,filler_other,NA,NA,NA,nans,,,,,JB_1108,
44,deb408127144d291ef01128364b1b7d3b3d1a567d919f42c06097559cad0ea5a,Subway,which_fast_food_chain_offers_foot-long_sandwiches_and_has_the_slogan_eat_fresh_fill_11.wav,filler_other,NA,NA,NA,,,,,,,
44,deb408127144d291ef01128364b1b7d3b3d1a567d919f42c06097559cad0ea5a,"The question does NOT need any corrections, but I don't know the answer/ I don't understand what the question is asking.",which_oscar-winning_movie_features_tom_hanks_saying_life_is_like_a_box_of_chocolates_fill_12.wav,filler_other,NA,NA,NA,nun,,,,,JB_1108,
44,deb408127144d291ef01128364b1b7d3b3d1a567d919f42c06097559cad0ea5a,NA,which_oscar-winning_movie_features_tom_hanks_saying_life_is_like_a_box_of_chocolates_fill_12.wav,filler_other,NA,NA,NA,,,,,,,
44,deb408127144d291ef01128364b1b7d3b3d1a567d919f42c06097559cad0ea5a,The question needs to be CORRECTED.,what_novel_has_the_quote_i’m_late_i’m_late_for_a_very_important_date_fill_13.wav,filler_other,NA,NA,NA,y,,otherp,,,JB_1108,
44,deb408127144d291ef01128364b1b7d3b3d1a567d919f42c06097559cad0ea5a,"I don't know. I would make the word after which more clear, because it kind of sounds like model but I'm unsure",what_novel_has_the_quote_i’m_late_i’m_late_for_a_very_important_date_fill_13.wav,filler_other,NA,NA,NA,,,,,,,
44,deb408127144d291ef01128364b1b7d3b3d1a567d919f42c06097559cad0ea5a,The question does NOT need any corrections.,what_mythical_creatures_have_been_said_to_drink_blood_turn_into_bats_and_hate_onions_fill_14.wav,filler_other,NA,NA,NA,nans,,,,,JB_1108,
44,deb408127144d291ef01128364b1b7d3b3d1a567d919f42c06097559cad0ea5a,Vampires,what_mythical_creatures_have_been_said_to_drink_blood_turn_into_bats_and_hate_onions_fill_14.wav,filler_other,NA,NA,NA,,,,,,,
44,deb408127144d291ef01128364b1b7d3b3d1a567d919f42c06097559cad0ea5a,The question does NOT need any corrections.,who_discovered_the_law_of_universal_gravitation_which_accounts_for_why_objects_naturally_fall_downwards_fill_15.wav,filler_other,NA,NA,NA,nans,,,,,JB_1108,
44,deb408127144d291ef01128364b1b7d3b3d1a567d919f42c06097559cad0ea5a,Isaac Newton,who_discovered_the_law_of_universal_gravitation_which_accounts_for_why_objects_naturally_fall_downwards_fill_15.wav,filler_other,NA,NA,NA,,,,,,,
44,deb408127144d291ef01128364b1b7d3b3d1a567d919f42c06097559cad0ea5a,The question does NOT need any corrections.,which_soft_pastry_made_with_a_certain_spice_is_often_spiral-shaped_and_topped_with_icing_fill_16.wav,filler_other,NA,NA,NA,nans,,,,,JB_1108,
44,deb408127144d291ef01128364b1b7d3b3d1a567d919f42c06097559cad0ea5a,Cinnamon roll,which_soft_pastry_made_with_a_certain_spice_is_often_spiral-shaped_and_topped_with_icing_fill_16.wav,filler_other,NA,NA,NA,,,,,,,
44,deb408127144d291ef01128364b1b7d3b3d1a567d919f42c06097559cad0ea5a,The question does NOT need any corrections.,what_us_holiday_is_often_celebrated_with_fireworks_and_hotdogs_to_honor_americas_freedom_fill_17.wav,filler_other,NA,NA,NA,nans,,,,,JB_1108,
44,deb408127144d291ef01128364b1b7d3b3d1a567d919f42c06097559cad0ea5a,4th of July,what_us_holiday_is_often_celebrated_with_fireworks_and_hotdogs_to_honor_americas_freedom_fill_17.wav,filler_other,NA,NA,NA,,,,,,,
44,deb408127144d291ef01128364b1b7d3b3d1a567d919f42c06097559cad0ea5a,The question does NOT need any corrections.,which_tropical_fruit_that_grows_on_palm_trees_is_used_for_oils_and_milks_fill_18.wav,filler_other,NA,NA,NA,nans,,,,,JB_1108,
44,deb408127144d291ef01128364b1b7d3b3d1a567d919f42c06097559cad0ea5a,Coconut,which_tropical_fruit_that_grows_on_palm_trees_is_used_for_oils_and_milks_fill_18.wav,filler_other,NA,NA,NA,,,,,,,
44,deb408127144d291ef01128364b1b7d3b3d1a567d919f42c06097559cad0ea5a,The question does NOT need any corrections.,which_season_do_we_associate_with_thanksgiving_the_beginning_of_school_and_leaves_turning_brown_fill_19.wav,filler_other,NA,NA,NA,nans,,,,,JB_1108,
44,deb408127144d291ef01128364b1b7d3b3d1a567d919f42c06097559cad0ea5a,Fall,which_season_do_we_associate_with_thanksgiving_the_beginning_of_school_and_leaves_turning_brown_fill_19.wav,filler_other,NA,NA,NA,,,,,,,
44,deb408127144d291ef01128364b1b7d3b3d1a567d919f42c06097559cad0ea5a,The question does NOT need any corrections.,what_musician_won_grammys_for_their_album_thriller_which_features_the_hit_song_beat_it_fill_20.wav,filler_other,NA,NA,NA,nans,,,,,JB_1108,
44,deb408127144d291ef01128364b1b7d3b3d1a567d919f42c06097559cad0ea5a,MJ,what_musician_won_grammys_for_their_album_thriller_which_features_the_hit_song_beat_it_fill_20.wav,filler_other,NA,NA,NA,,,,,,,
44,deb408127144d291ef01128364b1b7d3b3d1a567d919f42c06097559cad0ea5a,The question does NOT need any corrections.,what_animal_is_typically_white_with_black_spots_and_says_moo_fill_21.wav,filler_other,NA,NA,NA,nans,,,,,JB_1108,
44,deb408127144d291ef01128364b1b7d3b3d1a567d919f42c06097559cad0ea5a,cow,what_animal_is_typically_white_with_black_spots_and_says_moo_fill_21.wav,filler_other,NA,NA,NA,,,,,,,
44,deb408127144d291ef01128364b1b7d3b3d1a567d919f42c06097559cad0ea5a,The question does NOT need any corrections.,where_do_the_jolly_christmas_icons_santa_claus_and_his_wife_mrs._claus_live_fill_22.wav,filler_other,NA,NA,NA,nans,,,,,JB_1108,
44,deb408127144d291ef01128364b1b7d3b3d1a567d919f42c06097559cad0ea5a,North Pole,where_do_the_jolly_christmas_icons_santa_claus_and_his_wife_mrs._claus_live_fill_22.wav,filler_other,NA,NA,NA,,,,,,,
44,deb408127144d291ef01128364b1b7d3b3d1a567d919f42c06097559cad0ea5a,The question does NOT need any corrections.,in_the_famous_dr_seuss_book_what_orange_and_yellow_character_speaks_for_the_trees_fill_23.wav,filler_other,NA,NA,NA,nans,,,,,JB_1108,
44,deb408127144d291ef01128364b1b7d3b3d1a567d919f42c06097559cad0ea5a,The Lorax,in_the_famous_dr_seuss_book_what_orange_and_yellow_character_speaks_for_the_trees_fill_23.wav,filler_other,NA,NA,NA,,,,,,,
44,deb408127144d291ef01128364b1b7d3b3d1a567d919f42c06097559cad0ea5a,The question does NOT need any corrections.,in_what_country_would_you_find_landmarks_like_the_pyramids_of_giza_and_great_sphinx_fill_24.wav,filler_other,NA,NA,NA,nans,,,,,JB_1108,
44,deb408127144d291ef01128364b1b7d3b3d1a567d919f42c06097559cad0ea5a,Egypt,in_what_country_would_you_find_landmarks_like_the_pyramids_of_giza_and_great_sphinx_fill_24.wav,filler_other,NA,NA,NA,,,,,,,
45,eaa4c7194edef11ec6eff31f29ce7113e452fe6c1dd67d200cde8039d2528d86,The question does NOT need any corrections.,how_many_legs_does_a_dog_normally_have_fill_25.wav,att_check_good,NA,NA,NA,nans,,,a,attention check failed (5/8 correct),,
45,eaa4c7194edef11ec6eff31f29ce7113e452fe6c1dd67d200cde8039d2528d86,four,how_many_legs_does_a_dog_normally_have_fill_25.wav,att_check_good,NA,NA,NA,,,,,,,
45,eaa4c7194edef11ec6eff31f29ce7113e452fe6c1dd67d200cde8039d2528d86,The question does NOT need any corrections.,what_state_is_los_angeles_located_in_fill_26.wav,att_check_good,NA,NA,NA,nans,,,a,,,
45,eaa4c7194edef11ec6eff31f29ce7113e452fe6c1dd67d200cde8039d2528d86,california,what_state_is_los_angeles_located_in_fill_26.wav,att_check_good,NA,NA,NA,,,,,,,
45,eaa4c7194edef11ec6eff31f29ce7113e452fe6c1dd67d200cde8039d2528d86,The question does NOT need any corrections.,what_day_of_the_week_comes_after_monday_fill_27.wav,att_check_good,NA,NA,NA,nans,,,a,,,
45,eaa4c7194edef11ec6eff31f29ce7113e452fe6c1dd67d200cde8039d2528d86,tuesday,what_day_of_the_week_comes_after_monday_fill_27.wav,att_check_good,NA,NA,NA,,,,,,,
45,eaa4c7194edef11ec6eff31f29ce7113e452fe6c1dd67d200cde8039d2528d86,The question does NOT need any corrections.,what_color_is_a_typical_school_bus_fill_28.wav,att_check_good,NA,NA,NA,nans,,,a,,,
45,eaa4c7194edef11ec6eff31f29ce7113e452fe6c1dd67d200cde8039d2528d86,yellow,what_color_is_a_typical_school_bus_fill_28.wav,att_check_good,NA,NA,NA,,,,,,,
45,eaa4c7194edef11ec6eff31f29ce7113e452fe6c1dd67d200cde8039d2528d86,The question needs to be CORRECTED.,in_the_cycle_of_seasons_what_season_comes_after_dinter_fill_29.wav,att_check_err,NA,NA,NA,y,,acheckp,,,,
45,eaa4c7194edef11ec6eff31f29ce7113e452fe6c1dd67d200cde8039d2528d86,dinter should be changed to winter,in_the_cycle_of_seasons_what_season_comes_after_dinter_fill_29.wav,att_check_err,NA,NA,NA,,,,,,,
45,eaa4c7194edef11ec6eff31f29ce7113e452fe6c1dd67d200cde8039d2528d86,The question does NOT need any corrections.,what_insect_undergoes_a_process_of_change_to_turn_into_a_butterfy_fill_30.wav,att_check_err,NA,NA,NA,nans,,acheckf,,,,
45,eaa4c7194edef11ec6eff31f29ce7113e452fe6c1dd67d200cde8039d2528d86,catapiller,what_insect_undergoes_a_process_of_change_to_turn_into_a_butterfy_fill_30.wav,att_check_err,NA,NA,NA,,,,,,,
45,eaa4c7194edef11ec6eff31f29ce7113e452fe6c1dd67d200cde8039d2528d86,The question does NOT need any corrections.,what_is_the_largest_plant_in_the_solar_system_fill_31.wav,att_check_err,NA,NA,NA,nans,,acheckf,,,,
45,eaa4c7194edef11ec6eff31f29ce7113e452fe6c1dd67d200cde8039d2528d86,jupiter,what_is_the_largest_plant_in_the_solar_system_fill_31.wav,att_check_err,NA,NA,NA,,,,,,,
45,eaa4c7194edef11ec6eff31f29ce7113e452fe6c1dd67d200cde8039d2528d86,The question does NOT need any corrections.,how_many_embers_were_in_the_beatles_the_british_rock_band_fill_32.wav,att_check_err,NA,NA,NA,nans,,acheckf,,,,
45,eaa4c7194edef11ec6eff31f29ce7113e452fe6c1dd67d200cde8039d2528d86,five,how_many_embers_were_in_the_beatles_the_british_rock_band_fill_32.wav,att_check_err,NA,NA,NA,,,,,,,
45,eaa4c7194edef11ec6eff31f29ce7113e452fe6c1dd67d200cde8039d2528d86,"The question does NOT need any corrections, but I don't know the answer/ I don't understand what the question is asking.",for_what_pink_ice_cream_flavor_will_companies_do_their_best_to_use_real_fruit_targ_01_A.wav,target,correct,make vs. other verb,/ɪ/ --> /i/; will/wheel,,,,,,,
45,eaa4c7194edef11ec6eff31f29ce7113e452fe6c1dd67d200cde8039d2528d86,na,for_what_pink_ice_cream_flavor_will_companies_do_their_best_to_use_real_fruit_targ_01_A.wav,target,correct,make vs. other verb,/ɪ/ --> /i/; will/wheel,,,,,,,
45,eaa4c7194edef11ec6eff31f29ce7113e452fe6c1dd67d200cde8039d2528d86,The question does NOT need any corrections.,what_term_refers_to_armored_men_who_enjoyed_carrying_medieval_swords_that_class_in_combat_targ_02_B.wav,target,phon_err,infinitive vs. participle,/ʃ/ --> /s/; clash/class,,,,,,,
45,eaa4c7194edef11ec6eff31f29ce7113e452fe6c1dd67d200cde8039d2528d86,knights,what_term_refers_to_armored_men_who_enjoyed_carrying_medieval_swords_that_class_in_combat_targ_02_B.wav,target,phon_err,infinitive vs. participle,/ʃ/ --> /s/; clash/class,,,,,,,
45,eaa4c7194edef11ec6eff31f29ce7113e452fe6c1dd67d200cde8039d2528d86,The question does NOT need any corrections.,which_scottish_actor_first_played_james_bond_wearing_kilts_to_red_carpets_when_he_had_32_years_old_targ_03_C.wav,target,non_phon_err,have vs. be,/k/ --> /g/; kilt/guilt,,,,,,,
45,eaa4c7194edef11ec6eff31f29ce7113e452fe6c1dd67d200cde8039d2528d86,sean connery,which_scottish_actor_first_played_james_bond_wearing_kilts_to_red_carpets_when_he_had_32_years_old_targ_03_C.wav,target,non_phon_err,have vs. be,/k/ --> /g/; kilt/guilt,,,,,,,
45,eaa4c7194edef11ec6eff31f29ce7113e452fe6c1dd67d200cde8039d2528d86,The question does NOT need any corrections.,what_neil_armstrong_say_during_his_berry_first_steps_on_the_moon_targ_04_D.wav,target,both_err,no aux verbs in questions (lack of do support),/v/ --> /b/; very/berry,,,,,,,
45,eaa4c7194edef11ec6eff31f29ce7113e452fe6c1dd67d200cde8039d2528d86,one small step for man one giant leap for mankind,what_neil_armstrong_say_during_his_berry_first_steps_on_the_moon_targ_04_D.wav,target,both_err,no aux verbs in questions (lack of do support),/v/ --> /b/; very/berry,,,,,,,
45,eaa4c7194edef11ec6eff31f29ce7113e452fe6c1dd67d200cde8039d2528d86,The question does NOT need any corrections.,what_kind_of_weather_could_occur_when_it_is_raining_and_below_freezing_targ_05_A.wav,target,correct,expletive 'it' dropping,/ʊ/ --> /u/; could/cooed,,,,,,,
45,eaa4c7194edef11ec6eff31f29ce7113e452fe6c1dd67d200cde8039d2528d86,snow,what_kind_of_weather_could_occur_when_it_is_raining_and_below_freezing_targ_05_A.wav,target,correct,expletive 'it' dropping,/ʊ/ --> /u/; could/cooed,,,,,,,
45,eaa4c7194edef11ec6eff31f29ce7113e452fe6c1dd67d200cde8039d2528d86,"The question does NOT need any corrections, but I don't know the answer/ I don't understand what the question is asking.",how_many_legs_does_a_canadian_garden_spider_whose_silk_can_make_clot_have_targ_06_B.wav,target,phon_err,adj/noun order,/θ/ --> /t/; cloth/clot,,,,,,,
45,eaa4c7194edef11ec6eff31f29ce7113e452fe6c1dd67d200cde8039d2528d86,na,how_many_legs_does_a_canadian_garden_spider_whose_silk_can_make_clot_have_targ_06_B.wav,target,phon_err,adj/noun order,/θ/ --> /t/; cloth/clot,,,,,,,
45,eaa4c7194edef11ec6eff31f29ce7113e452fe6c1dd67d200cde8039d2528d86,The question does NOT need any corrections.,what_childrens_game_makes_people_sit_down_quickly_when_the_music_loud_stops_targ_07_C.wav,target,non_phon_err,adj/noun order,/ɪ/ --> /i/; sit/seat,,,,,,,
45,eaa4c7194edef11ec6eff31f29ce7113e452fe6c1dd67d200cde8039d2528d86,musical chairs,what_childrens_game_makes_people_sit_down_quickly_when_the_music_loud_stops_targ_07_C.wav,target,non_phon_err,adj/noun order,/ɪ/ --> /i/; sit/seat,,,,,,,
45,eaa4c7194edef11ec6eff31f29ce7113e452fe6c1dd67d200cde8039d2528d86,The question does NOT need any corrections.,because_is_important_to_honor_the_iris_saint_what_holiday_occurs_on_march_17th_targ_08_D.wav,target,both_err,expletive 'it' dropping,/ʃ/ --> /s/; Irish/iris,,,,,,,
45,eaa4c7194edef11ec6eff31f29ce7113e452fe6c1dd67d200cde8039d2528d86,st patricks day,because_is_important_to_honor_the_iris_saint_what_holiday_occurs_on_march_17th_targ_08_D.wav,target,both_err,expletive 'it' dropping,/ʃ/ --> /s/; Irish/iris,,,,,,,
45,eaa4c7194edef11ec6eff31f29ce7113e452fe6c1dd67d200cde8039d2528d86,The question does NOT need any corrections.,if_laundry_service_will_come_in_five_days_and_todays_thursday_when_are_they_doing_laundry_next_targ_09_A.wav,target,correct,make vs. other verb,/k/ --> /g/; come/gum,,,,,,,
45,eaa4c7194edef11ec6eff31f29ce7113e452fe6c1dd67d200cde8039d2528d86,tuesday,if_laundry_service_will_come_in_five_days_and_todays_thursday_when_are_they_doing_laundry_next_targ_09_A.wav,target,correct,make vs. other verb,/k/ --> /g/; come/gum,,,,,,,
45,eaa4c7194edef11ec6eff31f29ce7113e452fe6c1dd67d200cde8039d2528d86,The question needs to be CORRECTED.,who_did_americans_boat_for_to_be_their_first_president_who_avoided_serving_three_terms_targ_10_B.wav,target,phon_err,infinitive vs. participle,/v/ --> /b/; vote/boat,,,,,,,
45,eaa4c7194edef11ec6eff31f29ce7113e452fe6c1dd67d200cde8039d2528d86,vote sounds like boat and needs correction,who_did_americans_boat_for_to_be_their_first_president_who_avoided_serving_three_terms_targ_10_B.wav,target,phon_err,infinitive vs. participle,/v/ --> /b/; vote/boat,,,,,,,
45,eaa4c7194edef11ec6eff31f29ce7113e452fe6c1dd67d200cde8039d2528d86,The question does NOT need any corrections.,what_colors_can_have_on_a_traffic_light_which_often_senses_when_cars_pull_up_targ_11_C.wav,target,non_phon_err,have vs. be,/ʊ/ --> /u/; pulls/pools,,,,,,,
45,eaa4c7194edef11ec6eff31f29ce7113e452fe6c1dd67d200cde8039d2528d86,red yellow green,what_colors_can_have_on_a_traffic_light_which_often_senses_when_cars_pull_up_targ_11_C.wav,target,non_phon_err,have vs. be,/ʊ/ --> /u/; pulls/pools,,,,,,,
45,eaa4c7194edef11ec6eff31f29ce7113e452fe6c1dd67d200cde8039d2528d86,The question does NOT need any corrections.,if_youre_on_a_pat_from_california_to_hawaii_which_ocean_you_go_through_targ_12_D.wav,target,both_err,no aux verbs in questions (lack of do support),/θ/ --> /t/; path/pat,,,,,,,
45,eaa4c7194edef11ec6eff31f29ce7113e452fe6c1dd67d200cde8039d2528d86,pacific ocean,if_youre_on_a_pat_from_california_to_hawaii_which_ocean_you_go_through_targ_12_D.wav,target,both_err,no aux verbs in questions (lack of do support),/θ/ --> /t/; path/pat,,,,,,,
45,eaa4c7194edef11ec6eff31f29ce7113e452fe6c1dd67d200cde8039d2528d86,"The question does NOT need any corrections, but I don't know the answer/ I don't understand what the question is asking.",what_supplies_do_you_need_to_knit_a_scarf_targ_13_A.wav,target,correct,no aux verbs in questions (lack of do support),/ɪ/ --> /i/; knit/neat,,,,,,,
45,eaa4c7194edef11ec6eff31f29ce7113e452fe6c1dd67d200cde8039d2528d86,na,what_supplies_do_you_need_to_knit_a_scarf_targ_13_A.wav,target,correct,no aux verbs in questions (lack of do support),/ɪ/ --> /i/; knit/neat,,,,,,,
45,eaa4c7194edef11ec6eff31f29ce7113e452fe6c1dd67d200cde8039d2528d86,The question needs to be CORRECTED.,what_city_have_people_rust_to_tour_to_see_where_the_us_government_does_business_targ_14_B.wav,target,phon_err,make vs. other verb,/ʃ/ --> /s/; rushed/rust,,,,,,,
45,eaa4c7194edef11ec6eff31f29ce7113e452fe6c1dd67d200cde8039d2528d86,na,what_city_have_people_rust_to_tour_to_see_where_the_us_government_does_business_targ_14_B.wav,target,phon_err,make vs. other verb,/ʃ/ --> /s/; rushed/rust,,,,,,,
45,eaa4c7194edef11ec6eff31f29ce7113e452fe6c1dd67d200cde8039d2528d86,The question does NOT need any corrections.,what_colors_make_up_a_traditional_candy_cane_which_people_enjoy_to_eat_during_christmas_targ_15_C.wav,target,non_phon_err,infinitive vs. participle,/k/ --> /g/; cane/gain,,,,,,,
45,eaa4c7194edef11ec6eff31f29ce7113e452fe6c1dd67d200cde8039d2528d86,red white,what_colors_make_up_a_traditional_candy_cane_which_people_enjoy_to_eat_during_christmas_targ_15_C.wav,target,non_phon_err,infinitive vs. participle,/k/ --> /g/; cane/gain,,,,,,,
45,eaa4c7194edef11ec6eff31f29ce7113e452fe6c1dd67d200cde8039d2528d86,The question does NOT need any corrections.,where_do_people_get_drivers_licenses_since_is_required_as_ballad_id_to_drive_targ_16_D.wav,target,both_err,expletive 'it' dropping,/v/ --> /b/; valid/ballad,,,,,,,
45,eaa4c7194edef11ec6eff31f29ce7113e452fe6c1dd67d200cde8039d2528d86,dmv,where_do_people_get_drivers_licenses_since_is_required_as_ballad_id_to_drive_targ_16_D.wav,target,both_err,expletive 'it' dropping,/v/ --> /b/; valid/ballad,,,,,,,
45,eaa4c7194edef11ec6eff31f29ce7113e452fe6c1dd67d200cde8039d2528d86,The question does NOT need any corrections.,how_many_days_would_my_tandem_bike_be_gone_if_someone_borrows_it_for_july_targ_17_A.wav,target,correct,adj/noun order,/ʊ/ --> /u/; would/wooed,,,,,,,
45,eaa4c7194edef11ec6eff31f29ce7113e452fe6c1dd67d200cde8039d2528d86,31,how_many_days_would_my_tandem_bike_be_gone_if_someone_borrows_it_for_july_targ_17_A.wav,target,correct,adj/noun order,/ʊ/ --> /u/; would/wooed,,,,,,,
45,eaa4c7194edef11ec6eff31f29ce7113e452fe6c1dd67d200cde8039d2528d86,The question does NOT need any corrections.,when_you_are_hot_what_device_measures_body_temperature_in_boat_celsius_and_fahrenheit_targ_18_B.wav,target,phon_err,have vs. be,/θ/ --> /t/; both/boat,,,,,,,
45,eaa4c7194edef11ec6eff31f29ce7113e452fe6c1dd67d200cde8039d2528d86,thermomater,when_you_are_hot_what_device_measures_body_temperature_in_boat_celsius_and_fahrenheit_targ_18_B.wav,target,phon_err,have vs. be,/θ/ --> /t/; both/boat,,,,,,,
45,eaa4c7194edef11ec6eff31f29ce7113e452fe6c1dd67d200cde8039d2528d86,The question does NOT need any corrections.,what_big_star_in_our_solar_system_can_still_be_visible_when_is_cloudy_targ_19_C.wav,target,non_phon_err,expletive 'it' dropping,/ɪ/ --> /i/; still/steal,,,,,,,
45,eaa4c7194edef11ec6eff31f29ce7113e452fe6c1dd67d200cde8039d2528d86,sun,what_big_star_in_our_solar_system_can_still_be_visible_when_is_cloudy_targ_19_C.wav,target,non_phon_err,expletive 'it' dropping,/ɪ/ --> /i/; still/steal,,,,,,,
45,eaa4c7194edef11ec6eff31f29ce7113e452fe6c1dd67d200cde8039d2528d86,The question does NOT need any corrections.,what_popular_us_chain_provides_a_happy_meal_toy_or_plus_when_kids_have_hungry_targ_20_D.wav,target,both_err,have vs. be,/ʃ/ --> /s/; plush/plus,,,,,,,
45,eaa4c7194edef11ec6eff31f29ce7113e452fe6c1dd67d200cde8039d2528d86,mcdonalds,what_popular_us_chain_provides_a_happy_meal_toy_or_plus_when_kids_have_hungry_targ_20_D.wav,target,both_err,have vs. be,/ʃ/ --> /s/; plush/plus,,,,,,,
45,eaa4c7194edef11ec6eff31f29ce7113e452fe6c1dd67d200cde8039d2528d86,I’m good — skip to the next question,in_the_lion_king_who_does_nala_talk_to_and_is_laying_in_a_cot_after_theyve_reunited_targ_21_A.wav,target,correct,no aux verbs in questions (lack of do support),/k/ --> /g/; cot/got,,,,,,,
45,eaa4c7194edef11ec6eff31f29ce7113e452fe6c1dd67d200cde8039d2528d86,NA,in_the_lion_king_who_does_nala_talk_to_and_is_laying_in_a_cot_after_theyve_reunited_targ_21_A.wav,target,correct,no aux verbs in questions (lack of do support),/k/ --> /g/; cot/got,,,,,,,
45,eaa4c7194edef11ec6eff31f29ce7113e452fe6c1dd67d200cde8039d2528d86,The question does NOT need any corrections.,if_a_hardworking_janitor_cleaned_a_vent_in_five_minutes_how_many_seconds_is_that_targ_22_B.wav,target,phon_err,adj/noun order,/v/ --> /b/; vent/bent,,,,,,,
45,eaa4c7194edef11ec6eff31f29ce7113e452fe6c1dd67d200cde8039d2528d86,300,if_a_hardworking_janitor_cleaned_a_vent_in_five_minutes_how_many_seconds_is_that_targ_22_B.wav,target,phon_err,adj/noun order,/v/ --> /b/; vent/bent,,,,,,,
45,eaa4c7194edef11ec6eff31f29ce7113e452fe6c1dd67d200cde8039d2528d86,The question does NOT need any corrections.,what_company_created_the_macbook_a_device_full_of_features_to_help_students_make_homework_targ_23_C.wav,target,non_phon_err,make vs. other verb,/ʊ/ --> /u/; full/fool,,,,,,,
45,eaa4c7194edef11ec6eff31f29ce7113e452fe6c1dd67d200cde8039d2528d86,apple,what_company_created_the_macbook_a_device_full_of_features_to_help_students_make_homework_targ_23_C.wav,target,non_phon_err,make vs. other verb,/ʊ/ --> /u/; full/fool,,,,,,,
45,eaa4c7194edef11ec6eff31f29ce7113e452fe6c1dd67d200cde8039d2528d86,I’m good — skip to the next question,if_i_consider_to_leave_work_after_the_fort_hour_how_many_minutes_would_that_be_targ_24_D.wav,target,both_err,infinitive vs. participle,/θ/ --> /t/; fourth/fort,,,,,,,
45,eaa4c7194edef11ec6eff31f29ce7113e452fe6c1dd67d200cde8039d2528d86,240,if_i_consider_to_leave_work_after_the_fort_hour_how_many_minutes_would_that_be_targ_24_D.wav,target,both_err,infinitive vs. participle,/θ/ --> /t/; fourth/fort,,,,,,,
45,eaa4c7194edef11ec6eff31f29ce7113e452fe6c1dd67d200cde8039d2528d86,"The question does NOT need any corrections, but I don't know the answer/ I don't understand what the question is asking.",what_letter_in_the_latin_alphabet_corresponds_to_the_greek_letter_alpha_fill_01.wav,filler_other,NA,NA,NA,,,,,,,
45,eaa4c7194edef11ec6eff31f29ce7113e452fe6c1dd67d200cde8039d2528d86,NA,what_letter_in_the_latin_alphabet_corresponds_to_the_greek_letter_alpha_fill_01.wav,filler_other,NA,NA,NA,,,,,,,
45,eaa4c7194edef11ec6eff31f29ce7113e452fe6c1dd67d200cde8039d2528d86,The question does NOT need any corrections.,what_organ_is_often_associated_with_being_eaten_by_rotting_flesh_monsters_also_known_as_zombies_fill_02.wav,filler_other,NA,NA,NA,,,,,,,
45,eaa4c7194edef11ec6eff31f29ce7113e452fe6c1dd67d200cde8039d2528d86,brains,what_organ_is_often_associated_with_being_eaten_by_rotting_flesh_monsters_also_known_as_zombies_fill_02.wav,filler_other,NA,NA,NA,,,,,,,
45,eaa4c7194edef11ec6eff31f29ce7113e452fe6c1dd67d200cde8039d2528d86,The question does NOT need any corrections.,which_british_celebrity_judge_often_harshly_critiqued_contestants_on_the_nationwide_singing_contest_american_idol_fill_03.wav,filler_other,NA,NA,NA,,,,,,,
45,eaa4c7194edef11ec6eff31f29ce7113e452fe6c1dd67d200cde8039d2528d86,simon cowell,which_british_celebrity_judge_often_harshly_critiqued_contestants_on_the_nationwide_singing_contest_american_idol_fill_03.wav,filler_other,NA,NA,NA,,,,,,,
45,eaa4c7194edef11ec6eff31f29ce7113e452fe6c1dd67d200cde8039d2528d86,The question does NOT need any corrections.,which_cartoon_character_works_at_the_krusty_krab_and_is_best_friends_with_patrick_star_fill_04.wav,filler_other,NA,NA,NA,,,,,,,
45,eaa4c7194edef11ec6eff31f29ce7113e452fe6c1dd67d200cde8039d2528d86,spongebob,which_cartoon_character_works_at_the_krusty_krab_and_is_best_friends_with_patrick_star_fill_04.wav,filler_other,NA,NA,NA,,,,,,,
45,eaa4c7194edef11ec6eff31f29ce7113e452fe6c1dd67d200cde8039d2528d86,The question does NOT need any corrections.,which_body_part_did_van_gogh_allegedly_cut_off_after_an_argument_with_his_friend_fill_05.wav,filler_other,NA,NA,NA,,,,,,,
45,eaa4c7194edef11ec6eff31f29ce7113e452fe6c1dd67d200cde8039d2528d86,ear,which_body_part_did_van_gogh_allegedly_cut_off_after_an_argument_with_his_friend_fill_05.wav,filler_other,NA,NA,NA,,,,,,,
45,eaa4c7194edef11ec6eff31f29ce7113e452fe6c1dd67d200cde8039d2528d86,The question does NOT need any corrections.,what_is_the_name_of_the_comic_strip_featuring_charlie_brown_and_his_dog_snoopy_fill_06.wav,filler_other,NA,NA,NA,,,,,,,
45,eaa4c7194edef11ec6eff31f29ce7113e452fe6c1dd67d200cde8039d2528d86,peanuts,what_is_the_name_of_the_comic_strip_featuring_charlie_brown_and_his_dog_snoopy_fill_06.wav,filler_other,NA,NA,NA,,,,,,,
45,eaa4c7194edef11ec6eff31f29ce7113e452fe6c1dd67d200cde8039d2528d86,The question does NOT need any corrections.,what_holiday_occurs_at_the_end_of_october_and_features_trick-or-treating_pumpkins_and_haunted_houses_fill_07.wav,filler_other,NA,NA,NA,,,,,,,
45,eaa4c7194edef11ec6eff31f29ce7113e452fe6c1dd67d200cde8039d2528d86,halloween,what_holiday_occurs_at_the_end_of_october_and_features_trick-or-treating_pumpkins_and_haunted_houses_fill_07.wav,filler_other,NA,NA,NA,,,,,,,
45,eaa4c7194edef11ec6eff31f29ce7113e452fe6c1dd67d200cde8039d2528d86,The question does NOT need any corrections.,what_is_the_name_of_the_video_game_character_who_is_a_traveling_italian_plumber_fill_08.wav,filler_other,NA,NA,NA,,,,,,,
45,eaa4c7194edef11ec6eff31f29ce7113e452fe6c1dd67d200cde8039d2528d86,mario,what_is_the_name_of_the_video_game_character_who_is_a_traveling_italian_plumber_fill_08.wav,filler_other,NA,NA,NA,,,,,,,
45,eaa4c7194edef11ec6eff31f29ce7113e452fe6c1dd67d200cde8039d2528d86,The question does NOT need any corrections.,what_kind_of_animal_is_mickey_mouse’s_girlfriend_minnie_who_wears_a_bow_fill_09.wav,filler_other,NA,NA,NA,,,,,,,
45,eaa4c7194edef11ec6eff31f29ce7113e452fe6c1dd67d200cde8039d2528d86,mouse,what_kind_of_animal_is_mickey_mouse’s_girlfriend_minnie_who_wears_a_bow_fill_09.wav,filler_other,NA,NA,NA,,,,,,,
45,eaa4c7194edef11ec6eff31f29ce7113e452fe6c1dd67d200cde8039d2528d86,The question does NOT need any corrections.,which_cartoon_dog_solves_mysteries_with_the_group_fred_daphne_velma_and_shaggy_fill_10.wav,filler_other,NA,NA,NA,,,,,,,
45,eaa4c7194edef11ec6eff31f29ce7113e452fe6c1dd67d200cde8039d2528d86,scooby doo,which_cartoon_dog_solves_mysteries_with_the_group_fred_daphne_velma_and_shaggy_fill_10.wav,filler_other,NA,NA,NA,,,,,,,
45,eaa4c7194edef11ec6eff31f29ce7113e452fe6c1dd67d200cde8039d2528d86,The question does NOT need any corrections.,which_fast_food_chain_offers_foot-long_sandwiches_and_has_the_slogan_eat_fresh_fill_11.wav,filler_other,NA,NA,NA,,,,,,,
45,eaa4c7194edef11ec6eff31f29ce7113e452fe6c1dd67d200cde8039d2528d86,subway,which_fast_food_chain_offers_foot-long_sandwiches_and_has_the_slogan_eat_fresh_fill_11.wav,filler_other,NA,NA,NA,,,,,,,
45,eaa4c7194edef11ec6eff31f29ce7113e452fe6c1dd67d200cde8039d2528d86,The question does NOT need any corrections.,which_oscar-winning_movie_features_tom_hanks_saying_life_is_like_a_box_of_chocolates_fill_12.wav,filler_other,NA,NA,NA,,,,,,,
45,eaa4c7194edef11ec6eff31f29ce7113e452fe6c1dd67d200cde8039d2528d86,forest gump,which_oscar-winning_movie_features_tom_hanks_saying_life_is_like_a_box_of_chocolates_fill_12.wav,filler_other,NA,NA,NA,,,,,,,
45,eaa4c7194edef11ec6eff31f29ce7113e452fe6c1dd67d200cde8039d2528d86,I’m good — skip to the next question,what_novel_has_the_quote_i’m_late_i’m_late_for_a_very_important_date_fill_13.wav,filler_other,NA,NA,NA,,,,,,,
45,eaa4c7194edef11ec6eff31f29ce7113e452fe6c1dd67d200cde8039d2528d86,NA,what_novel_has_the_quote_i’m_late_i’m_late_for_a_very_important_date_fill_13.wav,filler_other,NA,NA,NA,,,,,,,
45,eaa4c7194edef11ec6eff31f29ce7113e452fe6c1dd67d200cde8039d2528d86,The question does NOT need any corrections.,what_mythical_creatures_have_been_said_to_drink_blood_turn_into_bats_and_hate_onions_fill_14.wav,filler_other,NA,NA,NA,,,,,,,
45,eaa4c7194edef11ec6eff31f29ce7113e452fe6c1dd67d200cde8039d2528d86,vampires,what_mythical_creatures_have_been_said_to_drink_blood_turn_into_bats_and_hate_onions_fill_14.wav,filler_other,NA,NA,NA,,,,,,,
45,eaa4c7194edef11ec6eff31f29ce7113e452fe6c1dd67d200cde8039d2528d86,"The question does NOT need any corrections, but I don't know the answer/ I don't understand what the question is asking.",who_discovered_the_law_of_universal_gravitation_which_accounts_for_why_objects_naturally_fall_downwards_fill_15.wav,filler_other,NA,NA,NA,,,,,,,
45,eaa4c7194edef11ec6eff31f29ce7113e452fe6c1dd67d200cde8039d2528d86,NA,who_discovered_the_law_of_universal_gravitation_which_accounts_for_why_objects_naturally_fall_downwards_fill_15.wav,filler_other,NA,NA,NA,,,,,,,
45,eaa4c7194edef11ec6eff31f29ce7113e452fe6c1dd67d200cde8039d2528d86,"The question does NOT need any corrections, but I don't know the answer/ I don't understand what the question is asking.",which_soft_pastry_made_with_a_certain_spice_is_often_spiral-shaped_and_topped_with_icing_fill_16.wav,filler_other,NA,NA,NA,,,,,,,
45,eaa4c7194edef11ec6eff31f29ce7113e452fe6c1dd67d200cde8039d2528d86,na,which_soft_pastry_made_with_a_certain_spice_is_often_spiral-shaped_and_topped_with_icing_fill_16.wav,filler_other,NA,NA,NA,,,,,,,
45,eaa4c7194edef11ec6eff31f29ce7113e452fe6c1dd67d200cde8039d2528d86,The question does NOT need any corrections.,what_us_holiday_is_often_celebrated_with_fireworks_and_hotdogs_to_honor_americas_freedom_fill_17.wav,filler_other,NA,NA,NA,,,,,,,
45,eaa4c7194edef11ec6eff31f29ce7113e452fe6c1dd67d200cde8039d2528d86,fourth of july,what_us_holiday_is_often_celebrated_with_fireworks_and_hotdogs_to_honor_americas_freedom_fill_17.wav,filler_other,NA,NA,NA,,,,,,,
45,eaa4c7194edef11ec6eff31f29ce7113e452fe6c1dd67d200cde8039d2528d86,The question does NOT need any corrections.,which_tropical_fruit_that_grows_on_palm_trees_is_used_for_oils_and_milks_fill_18.wav,filler_other,NA,NA,NA,,,,,,,
45,eaa4c7194edef11ec6eff31f29ce7113e452fe6c1dd67d200cde8039d2528d86,coconut,which_tropical_fruit_that_grows_on_palm_trees_is_used_for_oils_and_milks_fill_18.wav,filler_other,NA,NA,NA,,,,,,,
45,eaa4c7194edef11ec6eff31f29ce7113e452fe6c1dd67d200cde8039d2528d86,The question does NOT need any corrections.,which_season_do_we_associate_with_thanksgiving_the_beginning_of_school_and_leaves_turning_brown_fill_19.wav,filler_other,NA,NA,NA,,,,,,,
45,eaa4c7194edef11ec6eff31f29ce7113e452fe6c1dd67d200cde8039d2528d86,fall,which_season_do_we_associate_with_thanksgiving_the_beginning_of_school_and_leaves_turning_brown_fill_19.wav,filler_other,NA,NA,NA,,,,,,,
45,eaa4c7194edef11ec6eff31f29ce7113e452fe6c1dd67d200cde8039d2528d86,The question does NOT need any corrections.,what_musician_won_grammys_for_their_album_thriller_which_features_the_hit_song_beat_it_fill_20.wav,filler_other,NA,NA,NA,,,,,,,
45,eaa4c7194edef11ec6eff31f29ce7113e452fe6c1dd67d200cde8039d2528d86,micheal jackson,what_musician_won_grammys_for_their_album_thriller_which_features_the_hit_song_beat_it_fill_20.wav,filler_other,NA,NA,NA,,,,,,,
45,eaa4c7194edef11ec6eff31f29ce7113e452fe6c1dd67d200cde8039d2528d86,The question does NOT need any corrections.,what_animal_is_typically_white_with_black_spots_and_says_moo_fill_21.wav,filler_other,NA,NA,NA,,,,,,,
45,eaa4c7194edef11ec6eff31f29ce7113e452fe6c1dd67d200cde8039d2528d86,cow,what_animal_is_typically_white_with_black_spots_and_says_moo_fill_21.wav,filler_other,NA,NA,NA,,,,,,,
45,eaa4c7194edef11ec6eff31f29ce7113e452fe6c1dd67d200cde8039d2528d86,The question does NOT need any corrections.,where_do_the_jolly_christmas_icons_santa_claus_and_his_wife_mrs._claus_live_fill_22.wav,filler_other,NA,NA,NA,,,,,,,
45,eaa4c7194edef11ec6eff31f29ce7113e452fe6c1dd67d200cde8039d2528d86,the north pole,where_do_the_jolly_christmas_icons_santa_claus_and_his_wife_mrs._claus_live_fill_22.wav,filler_other,NA,NA,NA,,,,,,,
45,eaa4c7194edef11ec6eff31f29ce7113e452fe6c1dd67d200cde8039d2528d86,"The question does NOT need any corrections, but I don't know the answer/ I don't understand what the question is asking.",in_the_famous_dr_seuss_book_what_orange_and_yellow_character_speaks_for_the_trees_fill_23.wav,filler_other,NA,NA,NA,,,,,,,
45,eaa4c7194edef11ec6eff31f29ce7113e452fe6c1dd67d200cde8039d2528d86,NA,in_the_famous_dr_seuss_book_what_orange_and_yellow_character_speaks_for_the_trees_fill_23.wav,filler_other,NA,NA,NA,,,,,,,
45,eaa4c7194edef11ec6eff31f29ce7113e452fe6c1dd67d200cde8039d2528d86,The question does NOT need any corrections.,in_what_country_would_you_find_landmarks_like_the_pyramids_of_giza_and_great_sphinx_fill_24.wav,filler_other,NA,NA,NA,,,,,,,
45,eaa4c7194edef11ec6eff31f29ce7113e452fe6c1dd67d200cde8039d2528d86,egypt,in_what_country_would_you_find_landmarks_like_the_pyramids_of_giza_and_great_sphinx_fill_24.wav,filler_other,NA,NA,NA,,,,,,,
46,eae678a3389ce24512936a31f29f9cca1e2b566436afbdb79072dc633c58f75e,The question does NOT need any corrections.,how_many_legs_does_a_dog_normally_have_fill_25.wav,att_check_good,NA,NA,NA,nans,,,a,attention check passed? (5/7 correct),JB_1108,
46,eae678a3389ce24512936a31f29f9cca1e2b566436afbdb79072dc633c58f75e,4,how_many_legs_does_a_dog_normally_have_fill_25.wav,att_check_good,NA,NA,NA,,,,,,,
46,eae678a3389ce24512936a31f29f9cca1e2b566436afbdb79072dc633c58f75e,The question does NOT need any corrections.,what_state_is_los_angeles_located_in_fill_26.wav,att_check_good,NA,NA,NA,nans,,,a,,JB_1108,
46,eae678a3389ce24512936a31f29f9cca1e2b566436afbdb79072dc633c58f75e,Califiornia,what_state_is_los_angeles_located_in_fill_26.wav,att_check_good,NA,NA,NA,,,,,,,
46,eae678a3389ce24512936a31f29f9cca1e2b566436afbdb79072dc633c58f75e,The question needs to be CORRECTED.,what_day_of_the_week_comes_after_monday_fill_27.wav,att_check_good,NA,NA,NA,y,,otherp,,reported error so didn't answer question - not penalizing as it seems they were paying attention to question,JB_1108,
46,eae678a3389ce24512936a31f29f9cca1e2b566436afbdb79072dc633c58f75e,Monday does not seem to be pronounced correctly,what_day_of_the_week_comes_after_monday_fill_27.wav,att_check_good,NA,NA,NA,,,,,,,
46,eae678a3389ce24512936a31f29f9cca1e2b566436afbdb79072dc633c58f75e,The question does NOT need any corrections.,what_color_is_a_typical_school_bus_fill_28.wav,att_check_good,NA,NA,NA,nans,,,a,,JB_1108,
46,eae678a3389ce24512936a31f29f9cca1e2b566436afbdb79072dc633c58f75e,yellow,what_color_is_a_typical_school_bus_fill_28.wav,att_check_good,NA,NA,NA,,,,,,,
46,eae678a3389ce24512936a31f29f9cca1e2b566436afbdb79072dc633c58f75e,The question needs to be CORRECTED.,in_the_cycle_of_seasons_what_season_comes_after_dinter_fill_29.wav,att_check_err,NA,NA,NA,y,,acheckp,,,JB_1108,
46,eae678a3389ce24512936a31f29f9cca1e2b566436afbdb79072dc633c58f75e,says dinter instead of winter,in_the_cycle_of_seasons_what_season_comes_after_dinter_fill_29.wav,att_check_err,NA,NA,NA,,,,,,,
46,eae678a3389ce24512936a31f29f9cca1e2b566436afbdb79072dc633c58f75e,The question does NOT need any corrections.,what_insect_undergoes_a_process_of_change_to_turn_into_a_butterfy_fill_30.wav,att_check_err,NA,NA,NA,nans,,acheckf,,,JB_1108,
46,eae678a3389ce24512936a31f29f9cca1e2b566436afbdb79072dc633c58f75e,catapillar,what_insect_undergoes_a_process_of_change_to_turn_into_a_butterfy_fill_30.wav,att_check_err,NA,NA,NA,,,,,,,
46,eae678a3389ce24512936a31f29f9cca1e2b566436afbdb79072dc633c58f75e,The question needs to be CORRECTED.,what_is_the_largest_plant_in_the_solar_system_fill_31.wav,att_check_err,NA,NA,NA,y,,acheckp,,,JB_1108,
46,eae678a3389ce24512936a31f29f9cca1e2b566436afbdb79072dc633c58f75e,said plant instead of planet,what_is_the_largest_plant_in_the_solar_system_fill_31.wav,att_check_err,NA,NA,NA,,,,,,,
46,eae678a3389ce24512936a31f29f9cca1e2b566436afbdb79072dc633c58f75e,The question does NOT need any corrections.,how_many_embers_were_in_the_beatles_the_british_rock_band_fill_32.wav,att_check_err,NA,NA,NA,nans,,acheckf,,,JB_1108,
46,eae678a3389ce24512936a31f29f9cca1e2b566436afbdb79072dc633c58f75e,four,how_many_embers_were_in_the_beatles_the_british_rock_band_fill_32.wav,att_check_err,NA,NA,NA,,,,,,,
46,eae678a3389ce24512936a31f29f9cca1e2b566436afbdb79072dc633c58f75e,The question does NOT need any corrections.,for_what_pink_ice_cream_flavor_wheel_companies_make_their_best_to_use_real_fruit_targ_01_D.wav,target,both_err,make vs. other verb,/ɪ/ --> /i/; will/wheel,nans,,,,,JB_1108,
46,eae678a3389ce24512936a31f29f9cca1e2b566436afbdb79072dc633c58f75e,strawberry,for_what_pink_ice_cream_flavor_wheel_companies_make_their_best_to_use_real_fruit_targ_01_D.wav,target,both_err,make vs. other verb,/ɪ/ --> /i/; will/wheel,,,,,,,
46,eae678a3389ce24512936a31f29f9cca1e2b566436afbdb79072dc633c58f75e,The question does NOT need any corrections.,what_term_refers_to_armored_men_who_enjoyed_carrying_medieval_swords_that_clash_in_combat_targ_02_A.wav,target,correct,infinitive vs. participle,/ʃ/ --> /s/; clash/class,nans,,,,,JB_1108,
46,eae678a3389ce24512936a31f29f9cca1e2b566436afbdb79072dc633c58f75e,knights,what_term_refers_to_armored_men_who_enjoyed_carrying_medieval_swords_that_clash_in_combat_targ_02_A.wav,target,correct,infinitive vs. participle,/ʃ/ --> /s/; clash/class,,,,,,,
46,eae678a3389ce24512936a31f29f9cca1e2b566436afbdb79072dc633c58f75e,The question needs to be CORRECTED.,which_scottish_actor_first_played_james_bond_wearing_guilts_to_red_carpets_when_he_was_32_years_old_targ_03_B.wav,target,phon_err,have vs. be,/k/ --> /g/; kilt/guilt,y,,othernp,,,JB_1108,
46,eae678a3389ce24512936a31f29f9cca1e2b566436afbdb79072dc633c58f75e,There were some words missing from this staement,which_scottish_actor_first_played_james_bond_wearing_guilts_to_red_carpets_when_he_was_32_years_old_targ_03_B.wav,target,phon_err,have vs. be,/k/ --> /g/; kilt/guilt,,,,,,,
46,eae678a3389ce24512936a31f29f9cca1e2b566436afbdb79072dc633c58f75e,The question needs to be CORRECTED.,what_neil_armstrong_say_during_his_very_first_steps_on_the_moon_targ_04_C.wav,target,non_phon_err,no aux verbs in questions (lack of do support),/v/ --> /b/; very/berry,y,,othernp,,,JB_1108,
46,eae678a3389ce24512936a31f29f9cca1e2b566436afbdb79072dc633c58f75e,the wording was missing something,what_neil_armstrong_say_during_his_very_first_steps_on_the_moon_targ_04_C.wav,target,non_phon_err,no aux verbs in questions (lack of do support),/v/ --> /b/; very/berry,,,,,,,
46,eae678a3389ce24512936a31f29f9cca1e2b566436afbdb79072dc633c58f75e,"The question does NOT need any corrections, but I don't know the answer/ I don't understand what the question is asking.",what_kind_of_weather_cooed_cooled_occur_when_is_raining_and_below_freezing_targ_05_D.wav,target,both_err,expletive 'it' dropping,/ʊ/ --> /u/; could/cooed,nun,,,,,JB_1108,
46,eae678a3389ce24512936a31f29f9cca1e2b566436afbdb79072dc633c58f75e,NA,what_kind_of_weather_cooed_cooled_occur_when_is_raining_and_below_freezing_targ_05_D.wav,target,both_err,expletive 'it' dropping,/ʊ/ --> /u/; could/cooed,,,,,,,
46,eae678a3389ce24512936a31f29f9cca1e2b566436afbdb79072dc633c58f75e,The question needs to be CORRECTED.,how_many_legs_does_a_canadian_garden_spider_whose_silk_can_make_cloth_have_targ_06_A.wav,target,correct,adj/noun order,/θ/ --> /t/; cloth/clot,y,,otherp,,,JB_1108,
46,eae678a3389ce24512936a31f29f9cca1e2b566436afbdb79072dc633c58f75e,said webs instead of legs,how_many_legs_does_a_canadian_garden_spider_whose_silk_can_make_cloth_have_targ_06_A.wav,target,correct,adj/noun order,/θ/ --> /t/; cloth/clot,,,,,,,
46,eae678a3389ce24512936a31f29f9cca1e2b566436afbdb79072dc633c58f75e,"The question does NOT need any corrections, but I don't know the answer/ I don't understand what the question is asking.",what_childrens_game_makes_people_seat_down_quickly_when_the_loud_music_stops_targ_07_B.wav,target,phon_err,adj/noun order,/ɪ/ --> /i/; sit/seat,nun,,,,,JB_1108,
46,eae678a3389ce24512936a31f29f9cca1e2b566436afbdb79072dc633c58f75e,na,what_childrens_game_makes_people_seat_down_quickly_when_the_loud_music_stops_targ_07_B.wav,target,phon_err,adj/noun order,/ɪ/ --> /i/; sit/seat,,,,,,,
46,eae678a3389ce24512936a31f29f9cca1e2b566436afbdb79072dc633c58f75e,The question does NOT need any corrections.,because_is_important_to_honor_the_irish_saint_what_holiday_occurs_on_march_17th_targ_08_C.wav,target,non_phon_err,expletive 'it' dropping,/ʃ/ --> /s/; Irish/iris,nans,,,,,JB_1108,
46,eae678a3389ce24512936a31f29f9cca1e2b566436afbdb79072dc633c58f75e,Saint Patrick's Day,because_is_important_to_honor_the_irish_saint_what_holiday_occurs_on_march_17th_targ_08_C.wav,target,non_phon_err,expletive 'it' dropping,/ʃ/ --> /s/; Irish/iris,,,,,,,
46,eae678a3389ce24512936a31f29f9cca1e2b566436afbdb79072dc633c58f75e,"The question does NOT need any corrections, but I don't know the answer/ I don't understand what the question is asking.",if_laundry_service_will_gum_in_five_days_and_todays_thursday_when_are_they_making_laundry_next_targ_09_D.wav,target,both_err,make vs. other verb,/k/ --> /g/; come/gum,nun,,,,,JB_1108,
46,eae678a3389ce24512936a31f29f9cca1e2b566436afbdb79072dc633c58f75e,NA,if_laundry_service_will_gum_in_five_days_and_todays_thursday_when_are_they_making_laundry_next_targ_09_D.wav,target,both_err,make vs. other verb,/k/ --> /g/; come/gum,,,,,,,
46,eae678a3389ce24512936a31f29f9cca1e2b566436afbdb79072dc633c58f75e,"The question does NOT need any corrections, but I don't know the answer/ I don't understand what the question is asking.",who_did_americans_vote_for_to_be_their_first_president_who_avoided_serving_three_terms_targ_10_A.wav,target,correct,infinitive vs. participle,/v/ --> /b/; vote/boat,nun,,,,,JB_1108,
46,eae678a3389ce24512936a31f29f9cca1e2b566436afbdb79072dc633c58f75e,NA,who_did_americans_vote_for_to_be_their_first_president_who_avoided_serving_three_terms_targ_10_A.wav,target,correct,infinitive vs. participle,/v/ --> /b/; vote/boat,,,,,,,
46,eae678a3389ce24512936a31f29f9cca1e2b566436afbdb79072dc633c58f75e,The question does NOT need any corrections.,what_colors_can_be_on_a_traffic_light_which_often_senses_when_cars_pool_up_targ_11_B.wav,target,phon_err,have vs. be,/ʊ/ --> /u/; pulls/pools,nans,,,,,JB_1108,
46,eae678a3389ce24512936a31f29f9cca1e2b566436afbdb79072dc633c58f75e,"red, green, and yellow",what_colors_can_be_on_a_traffic_light_which_often_senses_when_cars_pool_up_targ_11_B.wav,target,phon_err,have vs. be,/ʊ/ --> /u/; pulls/pools,,,,,,,
46,eae678a3389ce24512936a31f29f9cca1e2b566436afbdb79072dc633c58f75e,"The question does NOT need any corrections, but I don't know the answer/ I don't understand what the question is asking.",if_youre_on_a_path_from_california_to_hawaii_which_ocean_you_go_through_targ_12_C.wav,target,non_phon_err,no aux verbs in questions (lack of do support),/θ/ --> /t/; path/pat,nun,,,,,JB_1108,
46,eae678a3389ce24512936a31f29f9cca1e2b566436afbdb79072dc633c58f75e,NA,if_youre_on_a_path_from_california_to_hawaii_which_ocean_you_go_through_targ_12_C.wav,target,non_phon_err,no aux verbs in questions (lack of do support),/θ/ --> /t/; path/pat,,,,,,,
46,eae678a3389ce24512936a31f29f9cca1e2b566436afbdb79072dc633c58f75e,The question needs to be CORRECTED.,what_supplies_you_need_to_neat_a_scarf_targ_13_D.wav,target,both_err,no aux verbs in questions (lack of do support),/ɪ/ --> /i/; knit/neat,y,,p,,,JB_1108,
46,eae678a3389ce24512936a31f29f9cca1e2b566436afbdb79072dc633c58f75e,says need instead of knit,what_supplies_you_need_to_neat_a_scarf_targ_13_D.wav,target,both_err,no aux verbs in questions (lack of do support),/ɪ/ --> /i/; knit/neat,,,,,,,
46,eae678a3389ce24512936a31f29f9cca1e2b566436afbdb79072dc633c58f75e,The question does NOT need any corrections.,what_city_have_people_rushed_to_tour_to_see_where_the_us_government_does_business_targ_14_A.wav,target,correct,make vs. other verb,/ʃ/ --> /s/; rushed/rust,nans,,,,,JB_1108,
46,eae678a3389ce24512936a31f29f9cca1e2b566436afbdb79072dc633c58f75e,Washington,what_city_have_people_rushed_to_tour_to_see_where_the_us_government_does_business_targ_14_A.wav,target,correct,make vs. other verb,/ʃ/ --> /s/; rushed/rust,,,,,,,
46,eae678a3389ce24512936a31f29f9cca1e2b566436afbdb79072dc633c58f75e,The question does NOT need any corrections.,what_colors_make_up_a_traditional_candy_gain_which_people_enjoy_eating_during_christmas_targ_15_B.wav,target,phon_err,infinitive vs. participle,/k/ --> /g/; cane/gain,nans,,,,,JB_1108,
46,eae678a3389ce24512936a31f29f9cca1e2b566436afbdb79072dc633c58f75e,red and white,what_colors_make_up_a_traditional_candy_gain_which_people_enjoy_eating_during_christmas_targ_15_B.wav,target,phon_err,infinitive vs. participle,/k/ --> /g/; cane/gain,,,,,,,
46,eae678a3389ce24512936a31f29f9cca1e2b566436afbdb79072dc633c58f75e,The question does NOT need any corrections.,where_do_people_get_drivers_licenses_since_is_required_as_valid_id_to_drive_targ_16_C.wav,target,non_phon_err,expletive 'it' dropping,/v/ --> /b/; valid/ballad,nans,,,,,JB_1108,
46,eae678a3389ce24512936a31f29f9cca1e2b566436afbdb79072dc633c58f75e,Department of motor vehicles office,where_do_people_get_drivers_licenses_since_is_required_as_valid_id_to_drive_targ_16_C.wav,target,non_phon_err,expletive 'it' dropping,/v/ --> /b/; valid/ballad,,,,,,,
46,eae678a3389ce24512936a31f29f9cca1e2b566436afbdb79072dc633c58f75e,"The question does NOT need any corrections, but I don't know the answer/ I don't understand what the question is asking.",how_many_days_wooed_wooled_my_bike_tandem_be_gone_if_someone_borrows_it_for_july_targ_17_D.wav,target,both_err,adj/noun order,/ʊ/ --> /u/; would/wooed,nun,,,,,JB_1108,
46,eae678a3389ce24512936a31f29f9cca1e2b566436afbdb79072dc633c58f75e,NA,how_many_days_wooed_wooled_my_bike_tandem_be_gone_if_someone_borrows_it_for_july_targ_17_D.wav,target,both_err,adj/noun order,/ʊ/ --> /u/; would/wooed,,,,,,,
46,eae678a3389ce24512936a31f29f9cca1e2b566436afbdb79072dc633c58f75e,"The question does NOT need any corrections, but I don't know the answer/ I don't understand what the question is asking.",when_you_are_hot_what_device_measures_body_temperature_in_both_celsius_and_fahrenheit_targ_18_A.wav,target,correct,have vs. be,/θ/ --> /t/; both/boat,nun,,,,,JB_1108,
46,eae678a3389ce24512936a31f29f9cca1e2b566436afbdb79072dc633c58f75e,NA,when_you_are_hot_what_device_measures_body_temperature_in_both_celsius_and_fahrenheit_targ_18_A.wav,target,correct,have vs. be,/θ/ --> /t/; both/boat,,,,,,,
46,eae678a3389ce24512936a31f29f9cca1e2b566436afbdb79072dc633c58f75e,The question needs to be CORRECTED.,what_big_star_in_our_solar_system_can_steal_be_visible_when_it_is_cloudy_targ_19_B.wav,target,phon_err,expletive 'it' dropping,/ɪ/ --> /i/; still/steal,y,,otherp,,,JB_1108,
46,eae678a3389ce24512936a31f29f9cca1e2b566436afbdb79072dc633c58f75e,the word cloudy sounds strange adn needs to be pronounced coreectly,what_big_star_in_our_solar_system_can_steal_be_visible_when_it_is_cloudy_targ_19_B.wav,target,phon_err,expletive 'it' dropping,/ɪ/ --> /i/; still/steal,,,,,,,
46,eae678a3389ce24512936a31f29f9cca1e2b566436afbdb79072dc633c58f75e,The question needs to be CORRECTED.,what_popular_us_chain_provides_a_happy_meal_toy_or_plush_when_kids_have_hungry_targ_20_C.wav,target,non_phon_err,have vs. be,/ʃ/ --> /s/; plush/plus,y,,np,,,JB_1108,
46,eae678a3389ce24512936a31f29f9cca1e2b566436afbdb79072dc633c58f75e,kids have hungry needs to be kids are hungry,what_popular_us_chain_provides_a_happy_meal_toy_or_plush_when_kids_have_hungry_targ_20_C.wav,target,non_phon_err,have vs. be,/ʃ/ --> /s/; plush/plus,,,,,,,
46,eae678a3389ce24512936a31f29f9cca1e2b566436afbdb79072dc633c58f75e,"The question does NOT need any corrections, but I don't know the answer/ I don't understand what the question is asking.",in_the_lion_king_who_nala_talk_to_and_is_laying_in_a_got_after_theyve_reunited_targ_21_D.wav,target,both_err,no aux verbs in questions (lack of do support),/k/ --> /g/; cot/got,nun,,,,,JB_1108,
46,eae678a3389ce24512936a31f29f9cca1e2b566436afbdb79072dc633c58f75e,NA,in_the_lion_king_who_nala_talk_to_and_is_laying_in_a_got_after_theyve_reunited_targ_21_D.wav,target,both_err,no aux verbs in questions (lack of do support),/k/ --> /g/; cot/got,,,,,,,
46,eae678a3389ce24512936a31f29f9cca1e2b566436afbdb79072dc633c58f75e,"The question does NOT need any corrections, but I don't know the answer/ I don't understand what the question is asking.",if_a_hardworking_janitor_cleaned_a_vent_in_five_minutes_how_many_seconds_is_that_targ_22_A.wav,target,correct,adj/noun order,/v/ --> /b/; vent/bent,nun,,,,,JB_1108,
46,eae678a3389ce24512936a31f29f9cca1e2b566436afbdb79072dc633c58f75e,NA,if_a_hardworking_janitor_cleaned_a_vent_in_five_minutes_how_many_seconds_is_that_targ_22_A.wav,target,correct,adj/noun order,/v/ --> /b/; vent/bent,,,,,,,
46,eae678a3389ce24512936a31f29f9cca1e2b566436afbdb79072dc633c58f75e,"The question does NOT need any corrections, but I don't know the answer/ I don't understand what the question is asking.",what_company_created_the_macbook_a_device_fool_of_features_to_help_students_do_homework_targ_23_B.wav,target,phon_err,make vs. other verb,/ʊ/ --> /u/; full/fool,nun,,,,,JB_1108,
46,eae678a3389ce24512936a31f29f9cca1e2b566436afbdb79072dc633c58f75e,NA,what_company_created_the_macbook_a_device_fool_of_features_to_help_students_do_homework_targ_23_B.wav,target,phon_err,make vs. other verb,/ʊ/ --> /u/; full/fool,,,,,,,
46,eae678a3389ce24512936a31f29f9cca1e2b566436afbdb79072dc633c58f75e,The question does NOT need any corrections.,if_i_consider_to_leave_work_after_the_fourth_hour_how_many_minutes_would_that_be_targ_24_C.wav,target,non_phon_err,infinitive vs. participle,/θ/ --> /t/; fourth/fort,nans,,,,,JB_1108,
46,eae678a3389ce24512936a31f29f9cca1e2b566436afbdb79072dc633c58f75e,240,if_i_consider_to_leave_work_after_the_fourth_hour_how_many_minutes_would_that_be_targ_24_C.wav,target,non_phon_err,infinitive vs. participle,/θ/ --> /t/; fourth/fort,,,,,,,
46,eae678a3389ce24512936a31f29f9cca1e2b566436afbdb79072dc633c58f75e,The question does NOT need any corrections.,what_letter_in_the_latin_alphabet_corresponds_to_the_greek_letter_alpha_fill_01.wav,filler_other,NA,NA,NA,nans,,,,,JB_1108,
46,eae678a3389ce24512936a31f29f9cca1e2b566436afbdb79072dc633c58f75e,A,what_letter_in_the_latin_alphabet_corresponds_to_the_greek_letter_alpha_fill_01.wav,filler_other,NA,NA,NA,,,,,,,
46,eae678a3389ce24512936a31f29f9cca1e2b566436afbdb79072dc633c58f75e,"The question does NOT need any corrections, but I don't know the answer/ I don't understand what the question is asking.",what_organ_is_often_associated_with_being_eaten_by_rotting_flesh_monsters_also_known_as_zombies_fill_02.wav,filler_other,NA,NA,NA,nun,,,,,JB_1108,
46,eae678a3389ce24512936a31f29f9cca1e2b566436afbdb79072dc633c58f75e,NA,what_organ_is_often_associated_with_being_eaten_by_rotting_flesh_monsters_also_known_as_zombies_fill_02.wav,filler_other,NA,NA,NA,,,,,,,
46,eae678a3389ce24512936a31f29f9cca1e2b566436afbdb79072dc633c58f75e,The question does NOT need any corrections.,which_british_celebrity_judge_often_harshly_critiqued_contestants_on_the_nationwide_singing_contest_american_idol_fill_03.wav,filler_other,NA,NA,NA,nans,,,,,JB_1108,
46,eae678a3389ce24512936a31f29f9cca1e2b566436afbdb79072dc633c58f75e,Simon,which_british_celebrity_judge_often_harshly_critiqued_contestants_on_the_nationwide_singing_contest_american_idol_fill_03.wav,filler_other,NA,NA,NA,,,,,,,
46,eae678a3389ce24512936a31f29f9cca1e2b566436afbdb79072dc633c58f75e,The question does NOT need any corrections.,which_cartoon_character_works_at_the_krusty_krab_and_is_best_friends_with_patrick_star_fill_04.wav,filler_other,NA,NA,NA,nans,,,,,JB_1108,
46,eae678a3389ce24512936a31f29f9cca1e2b566436afbdb79072dc633c58f75e,Mr Crabs,which_cartoon_character_works_at_the_krusty_krab_and_is_best_friends_with_patrick_star_fill_04.wav,filler_other,NA,NA,NA,,,,,,,
46,eae678a3389ce24512936a31f29f9cca1e2b566436afbdb79072dc633c58f75e,The question does NOT need any corrections.,which_body_part_did_van_gogh_allegedly_cut_off_after_an_argument_with_his_friend_fill_05.wav,filler_other,NA,NA,NA,nans,,,,,JB_1108,
46,eae678a3389ce24512936a31f29f9cca1e2b566436afbdb79072dc633c58f75e,ear,which_body_part_did_van_gogh_allegedly_cut_off_after_an_argument_with_his_friend_fill_05.wav,filler_other,NA,NA,NA,,,,,,,
46,eae678a3389ce24512936a31f29f9cca1e2b566436afbdb79072dc633c58f75e,"The question does NOT need any corrections, but I don't know the answer/ I don't understand what the question is asking.",what_is_the_name_of_the_comic_strip_featuring_charlie_brown_and_his_dog_snoopy_fill_06.wav,filler_other,NA,NA,NA,nun,,,,,JB_1108,
46,eae678a3389ce24512936a31f29f9cca1e2b566436afbdb79072dc633c58f75e,NA,what_is_the_name_of_the_comic_strip_featuring_charlie_brown_and_his_dog_snoopy_fill_06.wav,filler_other,NA,NA,NA,,,,,,,
46,eae678a3389ce24512936a31f29f9cca1e2b566436afbdb79072dc633c58f75e,The question does NOT need any corrections.,what_holiday_occurs_at_the_end_of_october_and_features_trick-or-treating_pumpkins_and_haunted_houses_fill_07.wav,filler_other,NA,NA,NA,nans,,,,,JB_1108,
46,eae678a3389ce24512936a31f29f9cca1e2b566436afbdb79072dc633c58f75e,Halloween,what_holiday_occurs_at_the_end_of_october_and_features_trick-or-treating_pumpkins_and_haunted_houses_fill_07.wav,filler_other,NA,NA,NA,,,,,,,
46,eae678a3389ce24512936a31f29f9cca1e2b566436afbdb79072dc633c58f75e,The question does NOT need any corrections.,what_is_the_name_of_the_video_game_character_who_is_a_traveling_italian_plumber_fill_08.wav,filler_other,NA,NA,NA,nans,,,,,JB_1108,
46,eae678a3389ce24512936a31f29f9cca1e2b566436afbdb79072dc633c58f75e,Mario,what_is_the_name_of_the_video_game_character_who_is_a_traveling_italian_plumber_fill_08.wav,filler_other,NA,NA,NA,,,,,,,
46,eae678a3389ce24512936a31f29f9cca1e2b566436afbdb79072dc633c58f75e,The question does NOT need any corrections.,what_kind_of_animal_is_mickey_mouse’s_girlfriend_minnie_who_wears_a_bow_fill_09.wav,filler_other,NA,NA,NA,nans,,,,,JB_1108,
46,eae678a3389ce24512936a31f29f9cca1e2b566436afbdb79072dc633c58f75e,mouse,what_kind_of_animal_is_mickey_mouse’s_girlfriend_minnie_who_wears_a_bow_fill_09.wav,filler_other,NA,NA,NA,,,,,,,
46,eae678a3389ce24512936a31f29f9cca1e2b566436afbdb79072dc633c58f75e,The question does NOT need any corrections.,which_cartoon_dog_solves_mysteries_with_the_group_fred_daphne_velma_and_shaggy_fill_10.wav,filler_other,NA,NA,NA,nans,,,,,JB_1108,
46,eae678a3389ce24512936a31f29f9cca1e2b566436afbdb79072dc633c58f75e,Scooby doo,which_cartoon_dog_solves_mysteries_with_the_group_fred_daphne_velma_and_shaggy_fill_10.wav,filler_other,NA,NA,NA,,,,,,,
46,eae678a3389ce24512936a31f29f9cca1e2b566436afbdb79072dc633c58f75e,The question does NOT need any corrections.,which_fast_food_chain_offers_foot-long_sandwiches_and_has_the_slogan_eat_fresh_fill_11.wav,filler_other,NA,NA,NA,nans,,,,,JB_1108,
46,eae678a3389ce24512936a31f29f9cca1e2b566436afbdb79072dc633c58f75e,subway,which_fast_food_chain_offers_foot-long_sandwiches_and_has_the_slogan_eat_fresh_fill_11.wav,filler_other,NA,NA,NA,,,,,,,
46,eae678a3389ce24512936a31f29f9cca1e2b566436afbdb79072dc633c58f75e,The question does NOT need any corrections.,which_oscar-winning_movie_features_tom_hanks_saying_life_is_like_a_box_of_chocolates_fill_12.wav,filler_other,NA,NA,NA,nans,,,,,JB_1108,
46,eae678a3389ce24512936a31f29f9cca1e2b566436afbdb79072dc633c58f75e,Forrest Grump,which_oscar-winning_movie_features_tom_hanks_saying_life_is_like_a_box_of_chocolates_fill_12.wav,filler_other,NA,NA,NA,,,,,,,
46,eae678a3389ce24512936a31f29f9cca1e2b566436afbdb79072dc633c58f75e,"The question does NOT need any corrections, but I don't know the answer/ I don't understand what the question is asking.",what_novel_has_the_quote_i’m_late_i’m_late_for_a_very_important_date_fill_13.wav,filler_other,NA,NA,NA,nun,,,,,JB_1108,
46,eae678a3389ce24512936a31f29f9cca1e2b566436afbdb79072dc633c58f75e,NA,what_novel_has_the_quote_i’m_late_i’m_late_for_a_very_important_date_fill_13.wav,filler_other,NA,NA,NA,,,,,,,
46,eae678a3389ce24512936a31f29f9cca1e2b566436afbdb79072dc633c58f75e,The question does NOT need any corrections.,what_mythical_creatures_have_been_said_to_drink_blood_turn_into_bats_and_hate_onions_fill_14.wav,filler_other,NA,NA,NA,nans,,,,,JB_1108,
46,eae678a3389ce24512936a31f29f9cca1e2b566436afbdb79072dc633c58f75e,vampires,what_mythical_creatures_have_been_said_to_drink_blood_turn_into_bats_and_hate_onions_fill_14.wav,filler_other,NA,NA,NA,,,,,,,
46,eae678a3389ce24512936a31f29f9cca1e2b566436afbdb79072dc633c58f75e,"The question does NOT need any corrections, but I don't know the answer/ I don't understand what the question is asking.",who_discovered_the_law_of_universal_gravitation_which_accounts_for_why_objects_naturally_fall_downwards_fill_15.wav,filler_other,NA,NA,NA,nun,,,,,JB_1108,
46,eae678a3389ce24512936a31f29f9cca1e2b566436afbdb79072dc633c58f75e,NA,who_discovered_the_law_of_universal_gravitation_which_accounts_for_why_objects_naturally_fall_downwards_fill_15.wav,filler_other,NA,NA,NA,,,,,,,
46,eae678a3389ce24512936a31f29f9cca1e2b566436afbdb79072dc633c58f75e,The question does NOT need any corrections.,which_soft_pastry_made_with_a_certain_spice_is_often_spiral-shaped_and_topped_with_icing_fill_16.wav,filler_other,NA,NA,NA,nans,,,,,JB_1108,
46,eae678a3389ce24512936a31f29f9cca1e2b566436afbdb79072dc633c58f75e,CHURRO,which_soft_pastry_made_with_a_certain_spice_is_often_spiral-shaped_and_topped_with_icing_fill_16.wav,filler_other,NA,NA,NA,,,,,,,
46,eae678a3389ce24512936a31f29f9cca1e2b566436afbdb79072dc633c58f75e,The question does NOT need any corrections.,what_us_holiday_is_often_celebrated_with_fireworks_and_hotdogs_to_honor_americas_freedom_fill_17.wav,filler_other,NA,NA,NA,nans,,,,,JB_1108,
46,eae678a3389ce24512936a31f29f9cca1e2b566436afbdb79072dc633c58f75e,July 4,what_us_holiday_is_often_celebrated_with_fireworks_and_hotdogs_to_honor_americas_freedom_fill_17.wav,filler_other,NA,NA,NA,,,,,,,
46,eae678a3389ce24512936a31f29f9cca1e2b566436afbdb79072dc633c58f75e,The question does NOT need any corrections.,which_tropical_fruit_that_grows_on_palm_trees_is_used_for_oils_and_milks_fill_18.wav,filler_other,NA,NA,NA,nans,,,,,JB_1108,
46,eae678a3389ce24512936a31f29f9cca1e2b566436afbdb79072dc633c58f75e,Coconut,which_tropical_fruit_that_grows_on_palm_trees_is_used_for_oils_and_milks_fill_18.wav,filler_other,NA,NA,NA,,,,,,,
46,eae678a3389ce24512936a31f29f9cca1e2b566436afbdb79072dc633c58f75e,The question does NOT need any corrections.,which_season_do_we_associate_with_thanksgiving_the_beginning_of_school_and_leaves_turning_brown_fill_19.wav,filler_other,NA,NA,NA,nans,,,,,JB_1108,
46,eae678a3389ce24512936a31f29f9cca1e2b566436afbdb79072dc633c58f75e,fall,which_season_do_we_associate_with_thanksgiving_the_beginning_of_school_and_leaves_turning_brown_fill_19.wav,filler_other,NA,NA,NA,,,,,,,
46,eae678a3389ce24512936a31f29f9cca1e2b566436afbdb79072dc633c58f75e,The question does NOT need any corrections.,what_musician_won_grammys_for_their_album_thriller_which_features_the_hit_song_beat_it_fill_20.wav,filler_other,NA,NA,NA,nans,,,,,JB_1108,
46,eae678a3389ce24512936a31f29f9cca1e2b566436afbdb79072dc633c58f75e,Micheal Jackson,what_musician_won_grammys_for_their_album_thriller_which_features_the_hit_song_beat_it_fill_20.wav,filler_other,NA,NA,NA,,,,,,,
46,eae678a3389ce24512936a31f29f9cca1e2b566436afbdb79072dc633c58f75e,The question does NOT need any corrections.,what_animal_is_typically_white_with_black_spots_and_says_moo_fill_21.wav,filler_other,NA,NA,NA,nans,,,,,JB_1108,
46,eae678a3389ce24512936a31f29f9cca1e2b566436afbdb79072dc633c58f75e,cow,what_animal_is_typically_white_with_black_spots_and_says_moo_fill_21.wav,filler_other,NA,NA,NA,,,,,,,
46,eae678a3389ce24512936a31f29f9cca1e2b566436afbdb79072dc633c58f75e,The question does NOT need any corrections.,where_do_the_jolly_christmas_icons_santa_claus_and_his_wife_mrs._claus_live_fill_22.wav,filler_other,NA,NA,NA,nans,,,,,JB_1108,
46,eae678a3389ce24512936a31f29f9cca1e2b566436afbdb79072dc633c58f75e,The North Pole,where_do_the_jolly_christmas_icons_santa_claus_and_his_wife_mrs._claus_live_fill_22.wav,filler_other,NA,NA,NA,,,,,,,
46,eae678a3389ce24512936a31f29f9cca1e2b566436afbdb79072dc633c58f75e,"The question does NOT need any corrections, but I don't know the answer/ I don't understand what the question is asking.",in_the_famous_dr_seuss_book_what_orange_and_yellow_character_speaks_for_the_trees_fill_23.wav,filler_other,NA,NA,NA,nun,,,,,JB_1108,
46,eae678a3389ce24512936a31f29f9cca1e2b566436afbdb79072dc633c58f75e,NA,in_the_famous_dr_seuss_book_what_orange_and_yellow_character_speaks_for_the_trees_fill_23.wav,filler_other,NA,NA,NA,,,,,,,
46,eae678a3389ce24512936a31f29f9cca1e2b566436afbdb79072dc633c58f75e,The question does NOT need any corrections.,in_what_country_would_you_find_landmarks_like_the_pyramids_of_giza_and_great_sphinx_fill_24.wav,filler_other,NA,NA,NA,nans,,,,,JB_1108,
46,eae678a3389ce24512936a31f29f9cca1e2b566436afbdb79072dc633c58f75e,Egypt,in_what_country_would_you_find_landmarks_like_the_pyramids_of_giza_and_great_sphinx_fill_24.wav,filler_other,NA,NA,NA,,,,,,,
47,f15291be5123c54f7876687b784578b829037453d62108a37933b70638ed7f0f,The question does NOT need any corrections.,how_many_legs_does_a_dog_normally_have_fill_25.wav,att_check_good,NA,NA,NA,nans,,,w,attention check passed (6/8 correct),JB_1108,
47,f15291be5123c54f7876687b784578b829037453d62108a37933b70638ed7f0f,2,how_many_legs_does_a_dog_normally_have_fill_25.wav,att_check_good,NA,NA,NA,,,,,,,
47,f15291be5123c54f7876687b784578b829037453d62108a37933b70638ed7f0f,The question does NOT need any corrections.,what_state_is_los_angeles_located_in_fill_26.wav,att_check_good,NA,NA,NA,nans,,,a,,JB_1108,
47,f15291be5123c54f7876687b784578b829037453d62108a37933b70638ed7f0f,California,what_state_is_los_angeles_located_in_fill_26.wav,att_check_good,NA,NA,NA,,,,,,,
47,f15291be5123c54f7876687b784578b829037453d62108a37933b70638ed7f0f,The question does NOT need any corrections.,what_day_of_the_week_comes_after_monday_fill_27.wav,att_check_good,NA,NA,NA,nans,,,a,,JB_1108,
47,f15291be5123c54f7876687b784578b829037453d62108a37933b70638ed7f0f,Tuesday,what_day_of_the_week_comes_after_monday_fill_27.wav,att_check_good,NA,NA,NA,,,,,,,
47,f15291be5123c54f7876687b784578b829037453d62108a37933b70638ed7f0f,The question does NOT need any corrections.,what_color_is_a_typical_school_bus_fill_28.wav,att_check_good,NA,NA,NA,nans,,,a,,JB_1108,
47,f15291be5123c54f7876687b784578b829037453d62108a37933b70638ed7f0f,yellow,what_color_is_a_typical_school_bus_fill_28.wav,att_check_good,NA,NA,NA,,,,,,,
47,f15291be5123c54f7876687b784578b829037453d62108a37933b70638ed7f0f,The question needs to be CORRECTED.,in_the_cycle_of_seasons_what_season_comes_after_dinter_fill_29.wav,att_check_err,NA,NA,NA,y,,acheckp,,,JB_1108,
47,f15291be5123c54f7876687b784578b829037453d62108a37933b70638ed7f0f,"Spring. Winter is pronounced as ""Dinter"".",in_the_cycle_of_seasons_what_season_comes_after_dinter_fill_29.wav,att_check_err,NA,NA,NA,,,,,,,
47,f15291be5123c54f7876687b784578b829037453d62108a37933b70638ed7f0f,The question needs to be CORRECTED.,what_insect_undergoes_a_process_of_change_to_turn_into_a_butterfy_fill_30.wav,att_check_err,NA,NA,NA,y,,acheckp,,,JB_1108,
47,f15291be5123c54f7876687b784578b829037453d62108a37933b70638ed7f0f,"caterpillar. Butterfly is pronounced as ""butterfy""",what_insect_undergoes_a_process_of_change_to_turn_into_a_butterfy_fill_30.wav,att_check_err,NA,NA,NA,,,,,,,
47,f15291be5123c54f7876687b784578b829037453d62108a37933b70638ed7f0f,The question needs to be CORRECTED.,what_is_the_largest_plant_in_the_solar_system_fill_31.wav,att_check_err,NA,NA,NA,y,,acheckp,,,JB_1108,
47,f15291be5123c54f7876687b784578b829037453d62108a37933b70638ed7f0f,"Jupiter. The word planet is pronounced as ""plant""",what_is_the_largest_plant_in_the_solar_system_fill_31.wav,att_check_err,NA,NA,NA,,,,,,,
47,f15291be5123c54f7876687b784578b829037453d62108a37933b70638ed7f0f,The question does NOT need any corrections.,how_many_embers_were_in_the_beatles_the_british_rock_band_fill_32.wav,att_check_err,NA,NA,NA,nans,,acheckf,,,JB_1108,
47,f15291be5123c54f7876687b784578b829037453d62108a37933b70638ed7f0f,4,how_many_embers_were_in_the_beatles_the_british_rock_band_fill_32.wav,att_check_err,NA,NA,NA,,,,,,,
47,f15291be5123c54f7876687b784578b829037453d62108a37933b70638ed7f0f,The question does NOT need any corrections.,for_what_pink_ice_cream_flavor_will_companies_do_their_best_to_use_real_fruit_targ_01_A.wav,target,correct,make vs. other verb,/ɪ/ --> /i/; will/wheel,nans,,,,,JB_1108,
47,f15291be5123c54f7876687b784578b829037453d62108a37933b70638ed7f0f,strawberry,for_what_pink_ice_cream_flavor_will_companies_do_their_best_to_use_real_fruit_targ_01_A.wav,target,correct,make vs. other verb,/ɪ/ --> /i/; will/wheel,,,,,,,
47,f15291be5123c54f7876687b784578b829037453d62108a37933b70638ed7f0f,The question does NOT need any corrections.,what_term_refers_to_armored_men_who_enjoyed_carrying_medieval_swords_that_class_in_combat_targ_02_B.wav,target,phon_err,infinitive vs. participle,/ʃ/ --> /s/; clash/class,nans,,,,,JB_1108,
47,f15291be5123c54f7876687b784578b829037453d62108a37933b70638ed7f0f,Knights,what_term_refers_to_armored_men_who_enjoyed_carrying_medieval_swords_that_class_in_combat_targ_02_B.wav,target,phon_err,infinitive vs. participle,/ʃ/ --> /s/; clash/class,,,,,,,
47,f15291be5123c54f7876687b784578b829037453d62108a37933b70638ed7f0f,"The question does NOT need any corrections, but I don't know the answer/ I don't understand what the question is asking.",which_scottish_actor_first_played_james_bond_wearing_kilts_to_red_carpets_when_he_had_32_years_old_targ_03_C.wav,target,non_phon_err,have vs. be,/k/ --> /g/; kilt/guilt,nun,,,,,JB_1108,
47,f15291be5123c54f7876687b784578b829037453d62108a37933b70638ed7f0f,NA,which_scottish_actor_first_played_james_bond_wearing_kilts_to_red_carpets_when_he_had_32_years_old_targ_03_C.wav,target,non_phon_err,have vs. be,/k/ --> /g/; kilt/guilt,,,,,,,
47,f15291be5123c54f7876687b784578b829037453d62108a37933b70638ed7f0f,The question does NOT need any corrections.,what_neil_armstrong_say_during_his_berry_first_steps_on_the_moon_targ_04_D.wav,target,both_err,no aux verbs in questions (lack of do support),/v/ --> /b/; very/berry,nans,,,,,JB_1108,
47,f15291be5123c54f7876687b784578b829037453d62108a37933b70638ed7f0f,"One small step for man, but one giant leap for mankind",what_neil_armstrong_say_during_his_berry_first_steps_on_the_moon_targ_04_D.wav,target,both_err,no aux verbs in questions (lack of do support),/v/ --> /b/; very/berry,,,,,,,
47,f15291be5123c54f7876687b784578b829037453d62108a37933b70638ed7f0f,The question does NOT need any corrections.,what_kind_of_weather_could_occur_when_it_is_raining_and_below_freezing_targ_05_A.wav,target,correct,expletive 'it' dropping,/ʊ/ --> /u/; could/cooed,nans,,,,,JB_1108,
47,f15291be5123c54f7876687b784578b829037453d62108a37933b70638ed7f0f,snow,what_kind_of_weather_could_occur_when_it_is_raining_and_below_freezing_targ_05_A.wav,target,correct,expletive 'it' dropping,/ʊ/ --> /u/; could/cooed,,,,,,,
47,f15291be5123c54f7876687b784578b829037453d62108a37933b70638ed7f0f,The question needs to be CORRECTED.,how_many_legs_does_a_canadian_garden_spider_whose_silk_can_make_clot_have_targ_06_B.wav,target,phon_err,adj/noun order,/θ/ --> /t/; cloth/clot,y,,p,,,JB_1108,
47,f15291be5123c54f7876687b784578b829037453d62108a37933b70638ed7f0f,"8. Cloth is pronounced as ""clot""",how_many_legs_does_a_canadian_garden_spider_whose_silk_can_make_clot_have_targ_06_B.wav,target,phon_err,adj/noun order,/θ/ --> /t/; cloth/clot,,,,,,,
47,f15291be5123c54f7876687b784578b829037453d62108a37933b70638ed7f0f,The question needs to be CORRECTED.,what_childrens_game_makes_people_sit_down_quickly_when_the_music_loud_stops_targ_07_C.wav,target,non_phon_err,adj/noun order,/ɪ/ --> /i/; sit/seat,y,,np,,,JB_1108,
47,f15291be5123c54f7876687b784578b829037453d62108a37933b70638ed7f0f,musical chairs. The question should be loud music not music loud.,what_childrens_game_makes_people_sit_down_quickly_when_the_music_loud_stops_targ_07_C.wav,target,non_phon_err,adj/noun order,/ɪ/ --> /i/; sit/seat,,,,,,,
47,f15291be5123c54f7876687b784578b829037453d62108a37933b70638ed7f0f,The question does NOT need any corrections.,because_is_important_to_honor_the_iris_saint_what_holiday_occurs_on_march_17th_targ_08_D.wav,target,both_err,expletive 'it' dropping,/ʃ/ --> /s/; Irish/iris,nans,,,,,JB_1108,
47,f15291be5123c54f7876687b784578b829037453d62108a37933b70638ed7f0f,St. Patrick's Day,because_is_important_to_honor_the_iris_saint_what_holiday_occurs_on_march_17th_targ_08_D.wav,target,both_err,expletive 'it' dropping,/ʃ/ --> /s/; Irish/iris,,,,,,,
47,f15291be5123c54f7876687b784578b829037453d62108a37933b70638ed7f0f,The question does NOT need any corrections.,if_laundry_service_will_come_in_five_days_and_todays_thursday_when_are_they_doing_laundry_next_targ_09_A.wav,target,correct,make vs. other verb,/k/ --> /g/; come/gum,nans,,,,,JB_1108,
47,f15291be5123c54f7876687b784578b829037453d62108a37933b70638ed7f0f,Tuesday,if_laundry_service_will_come_in_five_days_and_todays_thursday_when_are_they_doing_laundry_next_targ_09_A.wav,target,correct,make vs. other verb,/k/ --> /g/; come/gum,,,,,,,
47,f15291be5123c54f7876687b784578b829037453d62108a37933b70638ed7f0f,The question does NOT need any corrections.,who_did_americans_boat_for_to_be_their_first_president_who_avoided_serving_three_terms_targ_10_B.wav,target,phon_err,infinitive vs. participle,/v/ --> /b/; vote/boat,nans,,,,,JB_1108,
47,f15291be5123c54f7876687b784578b829037453d62108a37933b70638ed7f0f,Trump,who_did_americans_boat_for_to_be_their_first_president_who_avoided_serving_three_terms_targ_10_B.wav,target,phon_err,infinitive vs. participle,/v/ --> /b/; vote/boat,,,,,,,
47,f15291be5123c54f7876687b784578b829037453d62108a37933b70638ed7f0f,"The question does NOT need any corrections, but I don't know the answer/ I don't understand what the question is asking.",what_colors_can_have_on_a_traffic_light_which_often_senses_when_cars_pull_up_targ_11_C.wav,target,non_phon_err,have vs. be,/ʊ/ --> /u/; pulls/pools,nun,,,,,JB_1108,
47,f15291be5123c54f7876687b784578b829037453d62108a37933b70638ed7f0f,NA,what_colors_can_have_on_a_traffic_light_which_often_senses_when_cars_pull_up_targ_11_C.wav,target,non_phon_err,have vs. be,/ʊ/ --> /u/; pulls/pools,,,,,,,
47,f15291be5123c54f7876687b784578b829037453d62108a37933b70638ed7f0f,The question does NOT need any corrections.,if_youre_on_a_pat_from_california_to_hawaii_which_ocean_you_go_through_targ_12_D.wav,target,both_err,no aux verbs in questions (lack of do support),/θ/ --> /t/; path/pat,nans,,,,,JB_1108,
47,f15291be5123c54f7876687b784578b829037453d62108a37933b70638ed7f0f,Pacific,if_youre_on_a_pat_from_california_to_hawaii_which_ocean_you_go_through_targ_12_D.wav,target,both_err,no aux verbs in questions (lack of do support),/θ/ --> /t/; path/pat,,,,,,,
47,f15291be5123c54f7876687b784578b829037453d62108a37933b70638ed7f0f,The question needs to be CORRECTED.,what_supplies_do_you_need_to_knit_a_scarf_targ_13_A.wav,target,correct,no aux verbs in questions (lack of do support),/ɪ/ --> /i/; knit/neat,y,,p,,,JB_1108,
47,f15291be5123c54f7876687b784578b829037453d62108a37933b70638ed7f0f,"Yarn and needles. Knit is pronounced ""neat""",what_supplies_do_you_need_to_knit_a_scarf_targ_13_A.wav,target,correct,no aux verbs in questions (lack of do support),/ɪ/ --> /i/; knit/neat,,,,,,,
47,f15291be5123c54f7876687b784578b829037453d62108a37933b70638ed7f0f,"The question does NOT need any corrections, but I don't know the answer/ I don't understand what the question is asking.",what_city_have_people_rust_to_tour_to_see_where_the_us_government_does_business_targ_14_B.wav,target,phon_err,make vs. other verb,/ʃ/ --> /s/; rushed/rust,nun,,,,,JB_1108,
47,f15291be5123c54f7876687b784578b829037453d62108a37933b70638ed7f0f,NA,what_city_have_people_rust_to_tour_to_see_where_the_us_government_does_business_targ_14_B.wav,target,phon_err,make vs. other verb,/ʃ/ --> /s/; rushed/rust,,,,,,,
47,f15291be5123c54f7876687b784578b829037453d62108a37933b70638ed7f0f,The question does NOT need any corrections.,what_colors_make_up_a_traditional_candy_cane_which_people_enjoy_to_eat_during_christmas_targ_15_C.wav,target,non_phon_err,infinitive vs. participle,/k/ --> /g/; cane/gain,nans,,,,,JB_1108,
47,f15291be5123c54f7876687b784578b829037453d62108a37933b70638ed7f0f,red and white,what_colors_make_up_a_traditional_candy_cane_which_people_enjoy_to_eat_during_christmas_targ_15_C.wav,target,non_phon_err,infinitive vs. participle,/k/ --> /g/; cane/gain,,,,,,,
47,f15291be5123c54f7876687b784578b829037453d62108a37933b70638ed7f0f,The question does NOT need any corrections.,where_do_people_get_drivers_licenses_since_is_required_as_ballad_id_to_drive_targ_16_D.wav,target,both_err,expletive 'it' dropping,/v/ --> /b/; valid/ballad,nans,,,,,JB_1108,
47,f15291be5123c54f7876687b784578b829037453d62108a37933b70638ed7f0f,DMV,where_do_people_get_drivers_licenses_since_is_required_as_ballad_id_to_drive_targ_16_D.wav,target,both_err,expletive 'it' dropping,/v/ --> /b/; valid/ballad,,,,,,,
47,f15291be5123c54f7876687b784578b829037453d62108a37933b70638ed7f0f,"The question does NOT need any corrections, but I don't know the answer/ I don't understand what the question is asking.",how_many_days_would_my_tandem_bike_be_gone_if_someone_borrows_it_for_july_targ_17_A.wav,target,correct,adj/noun order,/ʊ/ --> /u/; would/wooed,nun,,,,,JB_1108,
47,f15291be5123c54f7876687b784578b829037453d62108a37933b70638ed7f0f,NA,how_many_days_would_my_tandem_bike_be_gone_if_someone_borrows_it_for_july_targ_17_A.wav,target,correct,adj/noun order,/ʊ/ --> /u/; would/wooed,,,,,,,
47,f15291be5123c54f7876687b784578b829037453d62108a37933b70638ed7f0f,The question does NOT need any corrections.,when_you_are_hot_what_device_measures_body_temperature_in_boat_celsius_and_fahrenheit_targ_18_B.wav,target,phon_err,have vs. be,/θ/ --> /t/; both/boat,nans,,,,,JB_1108,
47,f15291be5123c54f7876687b784578b829037453d62108a37933b70638ed7f0f,thermometer,when_you_are_hot_what_device_measures_body_temperature_in_boat_celsius_and_fahrenheit_targ_18_B.wav,target,phon_err,have vs. be,/θ/ --> /t/; both/boat,,,,,,,
47,f15291be5123c54f7876687b784578b829037453d62108a37933b70638ed7f0f,"The question does NOT need any corrections, but I don't know the answer/ I don't understand what the question is asking.",what_big_star_in_our_solar_system_can_still_be_visible_when_is_cloudy_targ_19_C.wav,target,non_phon_err,expletive 'it' dropping,/ɪ/ --> /i/; still/steal,nun,,,,,JB_1108,
47,f15291be5123c54f7876687b784578b829037453d62108a37933b70638ed7f0f,NA,what_big_star_in_our_solar_system_can_still_be_visible_when_is_cloudy_targ_19_C.wav,target,non_phon_err,expletive 'it' dropping,/ɪ/ --> /i/; still/steal,,,,,,,
47,f15291be5123c54f7876687b784578b829037453d62108a37933b70638ed7f0f,The question needs to be CORRECTED.,what_popular_us_chain_provides_a_happy_meal_toy_or_plus_when_kids_have_hungry_targ_20_D.wav,target,both_err,have vs. be,/ʃ/ --> /s/; plush/plus,y,,np,,,JB_1108,
47,f15291be5123c54f7876687b784578b829037453d62108a37933b70638ed7f0f,"McDonald's. The sentence is grammatically incorrect, should be kids are hungry not ""have""",what_popular_us_chain_provides_a_happy_meal_toy_or_plus_when_kids_have_hungry_targ_20_D.wav,target,both_err,have vs. be,/ʃ/ --> /s/; plush/plus,,,,,,,
47,f15291be5123c54f7876687b784578b829037453d62108a37933b70638ed7f0f,The question does NOT need any corrections.,in_the_lion_king_who_does_nala_talk_to_and_is_laying_in_a_cot_after_theyve_reunited_targ_21_A.wav,target,correct,no aux verbs in questions (lack of do support),/k/ --> /g/; cot/got,nans,,,,,JB_1108,
47,f15291be5123c54f7876687b784578b829037453d62108a37933b70638ed7f0f,Simba,in_the_lion_king_who_does_nala_talk_to_and_is_laying_in_a_cot_after_theyve_reunited_targ_21_A.wav,target,correct,no aux verbs in questions (lack of do support),/k/ --> /g/; cot/got,,,,,,,
47,f15291be5123c54f7876687b784578b829037453d62108a37933b70638ed7f0f,The question does NOT need any corrections.,if_a_hardworking_janitor_cleaned_a_vent_in_five_minutes_how_many_seconds_is_that_targ_22_B.wav,target,phon_err,adj/noun order,/v/ --> /b/; vent/bent,nans,,,,,JB_1108,
47,f15291be5123c54f7876687b784578b829037453d62108a37933b70638ed7f0f,300,if_a_hardworking_janitor_cleaned_a_vent_in_five_minutes_how_many_seconds_is_that_targ_22_B.wav,target,phon_err,adj/noun order,/v/ --> /b/; vent/bent,,,,,,,
47,f15291be5123c54f7876687b784578b829037453d62108a37933b70638ed7f0f,The question needs to be CORRECTED.,what_company_created_the_macbook_a_device_full_of_features_to_help_students_make_homework_targ_23_C.wav,target,non_phon_err,make vs. other verb,/ʊ/ --> /u/; full/fool,y,,np,,,JB_1108,
47,f15291be5123c54f7876687b784578b829037453d62108a37933b70638ed7f0f,"Apple. The sentence is grammatically incorrect. ""Make"" should be do or complete.",what_company_created_the_macbook_a_device_full_of_features_to_help_students_make_homework_targ_23_C.wav,target,non_phon_err,make vs. other verb,/ʊ/ --> /u/; full/fool,,,,,,,
47,f15291be5123c54f7876687b784578b829037453d62108a37933b70638ed7f0f,The question does NOT need any corrections.,if_i_consider_to_leave_work_after_the_fort_hour_how_many_minutes_would_that_be_targ_24_D.wav,target,both_err,infinitive vs. participle,/θ/ --> /t/; fourth/fort,nans,,,,,JB_1108,
47,f15291be5123c54f7876687b784578b829037453d62108a37933b70638ed7f0f,240,if_i_consider_to_leave_work_after_the_fort_hour_how_many_minutes_would_that_be_targ_24_D.wav,target,both_err,infinitive vs. participle,/θ/ --> /t/; fourth/fort,,,,,,,
47,f15291be5123c54f7876687b784578b829037453d62108a37933b70638ed7f0f,"The question does NOT need any corrections, but I don't know the answer/ I don't understand what the question is asking.",what_letter_in_the_latin_alphabet_corresponds_to_the_greek_letter_alpha_fill_01.wav,filler_other,NA,NA,NA,nun,,,,,JB_1108,
47,f15291be5123c54f7876687b784578b829037453d62108a37933b70638ed7f0f,NA,what_letter_in_the_latin_alphabet_corresponds_to_the_greek_letter_alpha_fill_01.wav,filler_other,NA,NA,NA,,,,,,,
47,f15291be5123c54f7876687b784578b829037453d62108a37933b70638ed7f0f,The question does NOT need any corrections.,what_organ_is_often_associated_with_being_eaten_by_rotting_flesh_monsters_also_known_as_zombies_fill_02.wav,filler_other,NA,NA,NA,nans,,,,,JB_1108,
47,f15291be5123c54f7876687b784578b829037453d62108a37933b70638ed7f0f,brain,what_organ_is_often_associated_with_being_eaten_by_rotting_flesh_monsters_also_known_as_zombies_fill_02.wav,filler_other,NA,NA,NA,,,,,,,
47,f15291be5123c54f7876687b784578b829037453d62108a37933b70638ed7f0f,The question does NOT need any corrections.,which_british_celebrity_judge_often_harshly_critiqued_contestants_on_the_nationwide_singing_contest_american_idol_fill_03.wav,filler_other,NA,NA,NA,nans,,,,,JB_1108,
47,f15291be5123c54f7876687b784578b829037453d62108a37933b70638ed7f0f,Simon Cowell,which_british_celebrity_judge_often_harshly_critiqued_contestants_on_the_nationwide_singing_contest_american_idol_fill_03.wav,filler_other,NA,NA,NA,,,,,,,
47,f15291be5123c54f7876687b784578b829037453d62108a37933b70638ed7f0f,The question does NOT need any corrections.,which_cartoon_character_works_at_the_krusty_krab_and_is_best_friends_with_patrick_star_fill_04.wav,filler_other,NA,NA,NA,nans,,,,,JB_1108,
47,f15291be5123c54f7876687b784578b829037453d62108a37933b70638ed7f0f,Spongebob Squarepants,which_cartoon_character_works_at_the_krusty_krab_and_is_best_friends_with_patrick_star_fill_04.wav,filler_other,NA,NA,NA,,,,,,,
47,f15291be5123c54f7876687b784578b829037453d62108a37933b70638ed7f0f,The question does NOT need any corrections.,which_body_part_did_van_gogh_allegedly_cut_off_after_an_argument_with_his_friend_fill_05.wav,filler_other,NA,NA,NA,nans,,,,,JB_1108,
47,f15291be5123c54f7876687b784578b829037453d62108a37933b70638ed7f0f,ear,which_body_part_did_van_gogh_allegedly_cut_off_after_an_argument_with_his_friend_fill_05.wav,filler_other,NA,NA,NA,,,,,,,
47,f15291be5123c54f7876687b784578b829037453d62108a37933b70638ed7f0f,The question does NOT need any corrections.,what_is_the_name_of_the_comic_strip_featuring_charlie_brown_and_his_dog_snoopy_fill_06.wav,filler_other,NA,NA,NA,nans,,,,,JB_1108,
47,f15291be5123c54f7876687b784578b829037453d62108a37933b70638ed7f0f,The Peanuts,what_is_the_name_of_the_comic_strip_featuring_charlie_brown_and_his_dog_snoopy_fill_06.wav,filler_other,NA,NA,NA,,,,,,,
47,f15291be5123c54f7876687b784578b829037453d62108a37933b70638ed7f0f,The question does NOT need any corrections.,what_holiday_occurs_at_the_end_of_october_and_features_trick-or-treating_pumpkins_and_haunted_houses_fill_07.wav,filler_other,NA,NA,NA,nans,,,,,JB_1108,
47,f15291be5123c54f7876687b784578b829037453d62108a37933b70638ed7f0f,Halloween,what_holiday_occurs_at_the_end_of_october_and_features_trick-or-treating_pumpkins_and_haunted_houses_fill_07.wav,filler_other,NA,NA,NA,,,,,,,
47,f15291be5123c54f7876687b784578b829037453d62108a37933b70638ed7f0f,The question does NOT need any corrections.,what_is_the_name_of_the_video_game_character_who_is_a_traveling_italian_plumber_fill_08.wav,filler_other,NA,NA,NA,nans,,,,,JB_1108,
47,f15291be5123c54f7876687b784578b829037453d62108a37933b70638ed7f0f,Mario,what_is_the_name_of_the_video_game_character_who_is_a_traveling_italian_plumber_fill_08.wav,filler_other,NA,NA,NA,,,,,,,
47,f15291be5123c54f7876687b784578b829037453d62108a37933b70638ed7f0f,The question does NOT need any corrections.,what_kind_of_animal_is_mickey_mouse’s_girlfriend_minnie_who_wears_a_bow_fill_09.wav,filler_other,NA,NA,NA,nans,,,,,JB_1108,
47,f15291be5123c54f7876687b784578b829037453d62108a37933b70638ed7f0f,Mouse,what_kind_of_animal_is_mickey_mouse’s_girlfriend_minnie_who_wears_a_bow_fill_09.wav,filler_other,NA,NA,NA,,,,,,,
47,f15291be5123c54f7876687b784578b829037453d62108a37933b70638ed7f0f,The question does NOT need any corrections.,which_cartoon_dog_solves_mysteries_with_the_group_fred_daphne_velma_and_shaggy_fill_10.wav,filler_other,NA,NA,NA,nans,,,,,JB_1108,
47,f15291be5123c54f7876687b784578b829037453d62108a37933b70638ed7f0f,Scooby Doo,which_cartoon_dog_solves_mysteries_with_the_group_fred_daphne_velma_and_shaggy_fill_10.wav,filler_other,NA,NA,NA,,,,,,,
47,f15291be5123c54f7876687b784578b829037453d62108a37933b70638ed7f0f,The question does NOT need any corrections.,which_fast_food_chain_offers_foot-long_sandwiches_and_has_the_slogan_eat_fresh_fill_11.wav,filler_other,NA,NA,NA,nans,,,,,JB_1108,
47,f15291be5123c54f7876687b784578b829037453d62108a37933b70638ed7f0f,Subway,which_fast_food_chain_offers_foot-long_sandwiches_and_has_the_slogan_eat_fresh_fill_11.wav,filler_other,NA,NA,NA,,,,,,,
47,f15291be5123c54f7876687b784578b829037453d62108a37933b70638ed7f0f,The question does NOT need any corrections.,which_oscar-winning_movie_features_tom_hanks_saying_life_is_like_a_box_of_chocolates_fill_12.wav,filler_other,NA,NA,NA,nans,,,,,JB_1108,
47,f15291be5123c54f7876687b784578b829037453d62108a37933b70638ed7f0f,Forest Gump,which_oscar-winning_movie_features_tom_hanks_saying_life_is_like_a_box_of_chocolates_fill_12.wav,filler_other,NA,NA,NA,,,,,,,
47,f15291be5123c54f7876687b784578b829037453d62108a37933b70638ed7f0f,"The question does NOT need any corrections, but I don't know the answer/ I don't understand what the question is asking.",what_novel_has_the_quote_i’m_late_i’m_late_for_a_very_important_date_fill_13.wav,filler_other,NA,NA,NA,nun,,,,,JB_1108,
47,f15291be5123c54f7876687b784578b829037453d62108a37933b70638ed7f0f,NA,what_novel_has_the_quote_i’m_late_i’m_late_for_a_very_important_date_fill_13.wav,filler_other,NA,NA,NA,,,,,,,
47,f15291be5123c54f7876687b784578b829037453d62108a37933b70638ed7f0f,The question does NOT need any corrections.,what_mythical_creatures_have_been_said_to_drink_blood_turn_into_bats_and_hate_onions_fill_14.wav,filler_other,NA,NA,NA,nans,,,,,JB_1108,
47,f15291be5123c54f7876687b784578b829037453d62108a37933b70638ed7f0f,vampires,what_mythical_creatures_have_been_said_to_drink_blood_turn_into_bats_and_hate_onions_fill_14.wav,filler_other,NA,NA,NA,,,,,,,
47,f15291be5123c54f7876687b784578b829037453d62108a37933b70638ed7f0f,The question does NOT need any corrections.,who_discovered_the_law_of_universal_gravitation_which_accounts_for_why_objects_naturally_fall_downwards_fill_15.wav,filler_other,NA,NA,NA,nans,,,,,JB_1108,
47,f15291be5123c54f7876687b784578b829037453d62108a37933b70638ed7f0f,Newton,who_discovered_the_law_of_universal_gravitation_which_accounts_for_why_objects_naturally_fall_downwards_fill_15.wav,filler_other,NA,NA,NA,,,,,,,
47,f15291be5123c54f7876687b784578b829037453d62108a37933b70638ed7f0f,The question does NOT need any corrections.,which_soft_pastry_made_with_a_certain_spice_is_often_spiral-shaped_and_topped_with_icing_fill_16.wav,filler_other,NA,NA,NA,nans,,,,,JB_1108,
47,f15291be5123c54f7876687b784578b829037453d62108a37933b70638ed7f0f,Cinnamon Roll,which_soft_pastry_made_with_a_certain_spice_is_often_spiral-shaped_and_topped_with_icing_fill_16.wav,filler_other,NA,NA,NA,,,,,,,
47,f15291be5123c54f7876687b784578b829037453d62108a37933b70638ed7f0f,The question does NOT need any corrections.,what_us_holiday_is_often_celebrated_with_fireworks_and_hotdogs_to_honor_americas_freedom_fill_17.wav,filler_other,NA,NA,NA,nans,,,,,JB_1108,
47,f15291be5123c54f7876687b784578b829037453d62108a37933b70638ed7f0f,4th of July,what_us_holiday_is_often_celebrated_with_fireworks_and_hotdogs_to_honor_americas_freedom_fill_17.wav,filler_other,NA,NA,NA,,,,,,,
47,f15291be5123c54f7876687b784578b829037453d62108a37933b70638ed7f0f,The question does NOT need any corrections.,which_tropical_fruit_that_grows_on_palm_trees_is_used_for_oils_and_milks_fill_18.wav,filler_other,NA,NA,NA,nans,,,,,JB_1108,
47,f15291be5123c54f7876687b784578b829037453d62108a37933b70638ed7f0f,coconut,which_tropical_fruit_that_grows_on_palm_trees_is_used_for_oils_and_milks_fill_18.wav,filler_other,NA,NA,NA,,,,,,,
47,f15291be5123c54f7876687b784578b829037453d62108a37933b70638ed7f0f,The question does NOT need any corrections.,which_season_do_we_associate_with_thanksgiving_the_beginning_of_school_and_leaves_turning_brown_fill_19.wav,filler_other,NA,NA,NA,nans,,,,,JB_1108,
47,f15291be5123c54f7876687b784578b829037453d62108a37933b70638ed7f0f,Fall,which_season_do_we_associate_with_thanksgiving_the_beginning_of_school_and_leaves_turning_brown_fill_19.wav,filler_other,NA,NA,NA,,,,,,,
47,f15291be5123c54f7876687b784578b829037453d62108a37933b70638ed7f0f,The question does NOT need any corrections.,what_musician_won_grammys_for_their_album_thriller_which_features_the_hit_song_beat_it_fill_20.wav,filler_other,NA,NA,NA,nans,,,,,JB_1108,
47,f15291be5123c54f7876687b784578b829037453d62108a37933b70638ed7f0f,Michael Jackson,what_musician_won_grammys_for_their_album_thriller_which_features_the_hit_song_beat_it_fill_20.wav,filler_other,NA,NA,NA,,,,,,,
47,f15291be5123c54f7876687b784578b829037453d62108a37933b70638ed7f0f,The question does NOT need any corrections.,what_animal_is_typically_white_with_black_spots_and_says_moo_fill_21.wav,filler_other,NA,NA,NA,nans,,,,,JB_1108,
47,f15291be5123c54f7876687b784578b829037453d62108a37933b70638ed7f0f,cow,what_animal_is_typically_white_with_black_spots_and_says_moo_fill_21.wav,filler_other,NA,NA,NA,,,,,,,
47,f15291be5123c54f7876687b784578b829037453d62108a37933b70638ed7f0f,The question does NOT need any corrections.,where_do_the_jolly_christmas_icons_santa_claus_and_his_wife_mrs._claus_live_fill_22.wav,filler_other,NA,NA,NA,nans,,,,,JB_1108,
47,f15291be5123c54f7876687b784578b829037453d62108a37933b70638ed7f0f,North Pole,where_do_the_jolly_christmas_icons_santa_claus_and_his_wife_mrs._claus_live_fill_22.wav,filler_other,NA,NA,NA,,,,,,,
47,f15291be5123c54f7876687b784578b829037453d62108a37933b70638ed7f0f,"The question does NOT need any corrections, but I don't know the answer/ I don't understand what the question is asking.",in_the_famous_dr_seuss_book_what_orange_and_yellow_character_speaks_for_the_trees_fill_23.wav,filler_other,NA,NA,NA,nun,,,,,JB_1108,
47,f15291be5123c54f7876687b784578b829037453d62108a37933b70638ed7f0f,NA,in_the_famous_dr_seuss_book_what_orange_and_yellow_character_speaks_for_the_trees_fill_23.wav,filler_other,NA,NA,NA,,,,,,,
47,f15291be5123c54f7876687b784578b829037453d62108a37933b70638ed7f0f,The question does NOT need any corrections.,in_what_country_would_you_find_landmarks_like_the_pyramids_of_giza_and_great_sphinx_fill_24.wav,filler_other,NA,NA,NA,nans,,,,,JB_1108,
47,f15291be5123c54f7876687b784578b829037453d62108a37933b70638ed7f0f,Egypt,in_what_country_would_you_find_landmarks_like_the_pyramids_of_giza_and_great_sphinx_fill_24.wav,filler_other,NA,NA,NA,,,,,,,
48,f76fc77fc45fe7028e489b6a20b2437c0114c807125f04d2555a1e6d9e18bdf5,The question does NOT need any corrections.,how_many_legs_does_a_dog_normally_have_fill_25.wav,att_check_good,NA,NA,NA,nans,,,a,attention check passed (6/8 correct),JB_1108,
48,f76fc77fc45fe7028e489b6a20b2437c0114c807125f04d2555a1e6d9e18bdf5,4,how_many_legs_does_a_dog_normally_have_fill_25.wav,att_check_good,NA,NA,NA,,,,,,,
48,f76fc77fc45fe7028e489b6a20b2437c0114c807125f04d2555a1e6d9e18bdf5,The question does NOT need any corrections.,what_state_is_los_angeles_located_in_fill_26.wav,att_check_good,NA,NA,NA,nans,,,a,,JB_1108,
48,f76fc77fc45fe7028e489b6a20b2437c0114c807125f04d2555a1e6d9e18bdf5,CALIFORNIA,what_state_is_los_angeles_located_in_fill_26.wav,att_check_good,NA,NA,NA,,,,,,,
48,f76fc77fc45fe7028e489b6a20b2437c0114c807125f04d2555a1e6d9e18bdf5,The question does NOT need any corrections.,what_day_of_the_week_comes_after_monday_fill_27.wav,att_check_good,NA,NA,NA,nans,,,a,,JB_1108,
48,f76fc77fc45fe7028e489b6a20b2437c0114c807125f04d2555a1e6d9e18bdf5,TUESDAY,what_day_of_the_week_comes_after_monday_fill_27.wav,att_check_good,NA,NA,NA,,,,,,,
48,f76fc77fc45fe7028e489b6a20b2437c0114c807125f04d2555a1e6d9e18bdf5,The question does NOT need any corrections.,what_color_is_a_typical_school_bus_fill_28.wav,att_check_good,NA,NA,NA,nans,,,a,,JB_1108,
48,f76fc77fc45fe7028e489b6a20b2437c0114c807125f04d2555a1e6d9e18bdf5,YELLOW,what_color_is_a_typical_school_bus_fill_28.wav,att_check_good,NA,NA,NA,,,,,,,
48,f76fc77fc45fe7028e489b6a20b2437c0114c807125f04d2555a1e6d9e18bdf5,The question needs to be CORRECTED.,in_the_cycle_of_seasons_what_season_comes_after_dinter_fill_29.wav,att_check_err,NA,NA,NA,y,,acheckp,,accepting - heard 'vinter' instead of 'dinter',JB_1108,
48,f76fc77fc45fe7028e489b6a20b2437c0114c807125f04d2555a1e6d9e18bdf5,"Spring. Winter sounds like ""vinter""",in_the_cycle_of_seasons_what_season_comes_after_dinter_fill_29.wav,att_check_err,NA,NA,NA,,,,,,,
48,f76fc77fc45fe7028e489b6a20b2437c0114c807125f04d2555a1e6d9e18bdf5,"The question does NOT need any corrections, but I don't know the answer/ I don't understand what the question is asking.",what_insect_undergoes_a_process_of_change_to_turn_into_a_butterfy_fill_30.wav,att_check_err,NA,NA,NA,nun,,acheckf,,,JB_1108,
48,f76fc77fc45fe7028e489b6a20b2437c0114c807125f04d2555a1e6d9e18bdf5,NA,what_insect_undergoes_a_process_of_change_to_turn_into_a_butterfy_fill_30.wav,att_check_err,NA,NA,NA,,,,,,,
48,f76fc77fc45fe7028e489b6a20b2437c0114c807125f04d2555a1e6d9e18bdf5,The question needs to be CORRECTED.,what_is_the_largest_plant_in_the_solar_system_fill_31.wav,att_check_err,NA,NA,NA,y,,acheckp,,,JB_1108,
48,f76fc77fc45fe7028e489b6a20b2437c0114c807125f04d2555a1e6d9e18bdf5,JUPITER; PLANET SOUNDS LIKE PLANT.,what_is_the_largest_plant_in_the_solar_system_fill_31.wav,att_check_err,NA,NA,NA,,,,,,,
48,f76fc77fc45fe7028e489b6a20b2437c0114c807125f04d2555a1e6d9e18bdf5,"The question does NOT need any corrections, but I don't know the answer/ I don't understand what the question is asking.",how_many_embers_were_in_the_beatles_the_british_rock_band_fill_32.wav,att_check_err,NA,NA,NA,nun,,acheckf,,,JB_1108,
48,f76fc77fc45fe7028e489b6a20b2437c0114c807125f04d2555a1e6d9e18bdf5,NA,how_many_embers_were_in_the_beatles_the_british_rock_band_fill_32.wav,att_check_err,NA,NA,NA,,,,,,,
48,f76fc77fc45fe7028e489b6a20b2437c0114c807125f04d2555a1e6d9e18bdf5,"The question does NOT need any corrections, but I don't know the answer/ I don't understand what the question is asking.",for_what_pink_ice_cream_flavor_will_companies_do_their_best_to_use_real_fruit_targ_01_A.wav,target,correct,make vs. other verb,/ɪ/ --> /i/; will/wheel,nun,,,,,JB_1108,
48,f76fc77fc45fe7028e489b6a20b2437c0114c807125f04d2555a1e6d9e18bdf5,NA,for_what_pink_ice_cream_flavor_will_companies_do_their_best_to_use_real_fruit_targ_01_A.wav,target,correct,make vs. other verb,/ɪ/ --> /i/; will/wheel,,,,,,,
48,f76fc77fc45fe7028e489b6a20b2437c0114c807125f04d2555a1e6d9e18bdf5,The question does NOT need any corrections.,what_term_refers_to_armored_men_who_enjoyed_carrying_medieval_swords_that_class_in_combat_targ_02_B.wav,target,phon_err,infinitive vs. participle,/ʃ/ --> /s/; clash/class,nans,,,,,JB_1108,
48,f76fc77fc45fe7028e489b6a20b2437c0114c807125f04d2555a1e6d9e18bdf5,KNIGHT,what_term_refers_to_armored_men_who_enjoyed_carrying_medieval_swords_that_class_in_combat_targ_02_B.wav,target,phon_err,infinitive vs. participle,/ʃ/ --> /s/; clash/class,,,,,,,
48,f76fc77fc45fe7028e489b6a20b2437c0114c807125f04d2555a1e6d9e18bdf5,I’m good — skip to the next question,which_scottish_actor_first_played_james_bond_wearing_kilts_to_red_carpets_when_he_had_32_years_old_targ_03_C.wav,target,non_phon_err,have vs. be,/k/ --> /g/; kilt/guilt,s,,,,,JB_1108,
48,f76fc77fc45fe7028e489b6a20b2437c0114c807125f04d2555a1e6d9e18bdf5,NA,which_scottish_actor_first_played_james_bond_wearing_kilts_to_red_carpets_when_he_had_32_years_old_targ_03_C.wav,target,non_phon_err,have vs. be,/k/ --> /g/; kilt/guilt,,,,,,,
48,f76fc77fc45fe7028e489b6a20b2437c0114c807125f04d2555a1e6d9e18bdf5,"The question does NOT need any corrections, but I don't know the answer/ I don't understand what the question is asking.",what_neil_armstrong_say_during_his_berry_first_steps_on_the_moon_targ_04_D.wav,target,both_err,no aux verbs in questions (lack of do support),/v/ --> /b/; very/berry,nun,,,,,JB_1108,
48,f76fc77fc45fe7028e489b6a20b2437c0114c807125f04d2555a1e6d9e18bdf5,NA,what_neil_armstrong_say_during_his_berry_first_steps_on_the_moon_targ_04_D.wav,target,both_err,no aux verbs in questions (lack of do support),/v/ --> /b/; very/berry,,,,,,,
48,f76fc77fc45fe7028e489b6a20b2437c0114c807125f04d2555a1e6d9e18bdf5,"The question does NOT need any corrections, but I don't know the answer/ I don't understand what the question is asking.",what_kind_of_weather_could_occur_when_it_is_raining_and_below_freezing_targ_05_A.wav,target,correct,expletive 'it' dropping,/ʊ/ --> /u/; could/cooed,nun,,,,,JB_1108,
48,f76fc77fc45fe7028e489b6a20b2437c0114c807125f04d2555a1e6d9e18bdf5,NA,what_kind_of_weather_could_occur_when_it_is_raining_and_below_freezing_targ_05_A.wav,target,correct,expletive 'it' dropping,/ʊ/ --> /u/; could/cooed,,,,,,,
48,f76fc77fc45fe7028e489b6a20b2437c0114c807125f04d2555a1e6d9e18bdf5,"The question does NOT need any corrections, but I don't know the answer/ I don't understand what the question is asking.",how_many_legs_does_a_canadian_garden_spider_whose_silk_can_make_clot_have_targ_06_B.wav,target,phon_err,adj/noun order,/θ/ --> /t/; cloth/clot,nun,,,,,JB_1108,
48,f76fc77fc45fe7028e489b6a20b2437c0114c807125f04d2555a1e6d9e18bdf5,NA,how_many_legs_does_a_canadian_garden_spider_whose_silk_can_make_clot_have_targ_06_B.wav,target,phon_err,adj/noun order,/θ/ --> /t/; cloth/clot,,,,,,,
48,f76fc77fc45fe7028e489b6a20b2437c0114c807125f04d2555a1e6d9e18bdf5,"The question does NOT need any corrections, but I don't know the answer/ I don't understand what the question is asking.",what_childrens_game_makes_people_sit_down_quickly_when_the_music_loud_stops_targ_07_C.wav,target,non_phon_err,adj/noun order,/ɪ/ --> /i/; sit/seat,nun,,,,,JB_1108,
48,f76fc77fc45fe7028e489b6a20b2437c0114c807125f04d2555a1e6d9e18bdf5,NA,what_childrens_game_makes_people_sit_down_quickly_when_the_music_loud_stops_targ_07_C.wav,target,non_phon_err,adj/noun order,/ɪ/ --> /i/; sit/seat,,,,,,,
48,f76fc77fc45fe7028e489b6a20b2437c0114c807125f04d2555a1e6d9e18bdf5,"The question does NOT need any corrections, but I don't know the answer/ I don't understand what the question is asking.",because_is_important_to_honor_the_iris_saint_what_holiday_occurs_on_march_17th_targ_08_D.wav,target,both_err,expletive 'it' dropping,/ʃ/ --> /s/; Irish/iris,nun,,,,,JB_1108,
48,f76fc77fc45fe7028e489b6a20b2437c0114c807125f04d2555a1e6d9e18bdf5,NA,because_is_important_to_honor_the_iris_saint_what_holiday_occurs_on_march_17th_targ_08_D.wav,target,both_err,expletive 'it' dropping,/ʃ/ --> /s/; Irish/iris,,,,,,,
48,f76fc77fc45fe7028e489b6a20b2437c0114c807125f04d2555a1e6d9e18bdf5,I’m good — skip to the next question,if_laundry_service_will_come_in_five_days_and_todays_thursday_when_are_they_doing_laundry_next_targ_09_A.wav,target,correct,make vs. other verb,/k/ --> /g/; come/gum,s,,,,,JB_1108,
48,f76fc77fc45fe7028e489b6a20b2437c0114c807125f04d2555a1e6d9e18bdf5,NA,if_laundry_service_will_come_in_five_days_and_todays_thursday_when_are_they_doing_laundry_next_targ_09_A.wav,target,correct,make vs. other verb,/k/ --> /g/; come/gum,,,,,,,
48,f76fc77fc45fe7028e489b6a20b2437c0114c807125f04d2555a1e6d9e18bdf5,"The question does NOT need any corrections, but I don't know the answer/ I don't understand what the question is asking.",who_did_americans_boat_for_to_be_their_first_president_who_avoided_serving_three_terms_targ_10_B.wav,target,phon_err,infinitive vs. participle,/v/ --> /b/; vote/boat,nun,,,,,JB_1108,
48,f76fc77fc45fe7028e489b6a20b2437c0114c807125f04d2555a1e6d9e18bdf5,NA,who_did_americans_boat_for_to_be_their_first_president_who_avoided_serving_three_terms_targ_10_B.wav,target,phon_err,infinitive vs. participle,/v/ --> /b/; vote/boat,,,,,,,
48,f76fc77fc45fe7028e489b6a20b2437c0114c807125f04d2555a1e6d9e18bdf5,I’m good — skip to the next question,what_colors_can_have_on_a_traffic_light_which_often_senses_when_cars_pull_up_targ_11_C.wav,target,non_phon_err,have vs. be,/ʊ/ --> /u/; pulls/pools,s,,,,,JB_1108,
48,f76fc77fc45fe7028e489b6a20b2437c0114c807125f04d2555a1e6d9e18bdf5,NA,what_colors_can_have_on_a_traffic_light_which_often_senses_when_cars_pull_up_targ_11_C.wav,target,non_phon_err,have vs. be,/ʊ/ --> /u/; pulls/pools,,,,,,,
48,f76fc77fc45fe7028e489b6a20b2437c0114c807125f04d2555a1e6d9e18bdf5,The question does NOT need any corrections.,if_youre_on_a_pat_from_california_to_hawaii_which_ocean_you_go_through_targ_12_D.wav,target,both_err,no aux verbs in questions (lack of do support),/θ/ --> /t/; path/pat,nans,,,,,JB_1108,
48,f76fc77fc45fe7028e489b6a20b2437c0114c807125f04d2555a1e6d9e18bdf5,PACIFIC,if_youre_on_a_pat_from_california_to_hawaii_which_ocean_you_go_through_targ_12_D.wav,target,both_err,no aux verbs in questions (lack of do support),/θ/ --> /t/; path/pat,,,,,,,
48,f76fc77fc45fe7028e489b6a20b2437c0114c807125f04d2555a1e6d9e18bdf5,"The question does NOT need any corrections, but I don't know the answer/ I don't understand what the question is asking.",what_supplies_do_you_need_to_knit_a_scarf_targ_13_A.wav,target,correct,no aux verbs in questions (lack of do support),/ɪ/ --> /i/; knit/neat,nun,,,,,JB_1108,
48,f76fc77fc45fe7028e489b6a20b2437c0114c807125f04d2555a1e6d9e18bdf5,NA,what_supplies_do_you_need_to_knit_a_scarf_targ_13_A.wav,target,correct,no aux verbs in questions (lack of do support),/ɪ/ --> /i/; knit/neat,,,,,,,
48,f76fc77fc45fe7028e489b6a20b2437c0114c807125f04d2555a1e6d9e18bdf5,"The question does NOT need any corrections, but I don't know the answer/ I don't understand what the question is asking.",what_city_have_people_rust_to_tour_to_see_where_the_us_government_does_business_targ_14_B.wav,target,phon_err,make vs. other verb,/ʃ/ --> /s/; rushed/rust,nun,,,,,JB_1108,
48,f76fc77fc45fe7028e489b6a20b2437c0114c807125f04d2555a1e6d9e18bdf5,NA,what_city_have_people_rust_to_tour_to_see_where_the_us_government_does_business_targ_14_B.wav,target,phon_err,make vs. other verb,/ʃ/ --> /s/; rushed/rust,,,,,,,
48,f76fc77fc45fe7028e489b6a20b2437c0114c807125f04d2555a1e6d9e18bdf5,"The question does NOT need any corrections, but I don't know the answer/ I don't understand what the question is asking.",what_colors_make_up_a_traditional_candy_cane_which_people_enjoy_to_eat_during_christmas_targ_15_C.wav,target,non_phon_err,infinitive vs. participle,/k/ --> /g/; cane/gain,nun,,,,,JB_1108,
48,f76fc77fc45fe7028e489b6a20b2437c0114c807125f04d2555a1e6d9e18bdf5,NA,what_colors_make_up_a_traditional_candy_cane_which_people_enjoy_to_eat_during_christmas_targ_15_C.wav,target,non_phon_err,infinitive vs. participle,/k/ --> /g/; cane/gain,,,,,,,
48,f76fc77fc45fe7028e489b6a20b2437c0114c807125f04d2555a1e6d9e18bdf5,"The question does NOT need any corrections, but I don't know the answer/ I don't understand what the question is asking.",where_do_people_get_drivers_licenses_since_is_required_as_ballad_id_to_drive_targ_16_D.wav,target,both_err,expletive 'it' dropping,/v/ --> /b/; valid/ballad,nun,,,,,JB_1108,
48,f76fc77fc45fe7028e489b6a20b2437c0114c807125f04d2555a1e6d9e18bdf5,NA,where_do_people_get_drivers_licenses_since_is_required_as_ballad_id_to_drive_targ_16_D.wav,target,both_err,expletive 'it' dropping,/v/ --> /b/; valid/ballad,,,,,,,
48,f76fc77fc45fe7028e489b6a20b2437c0114c807125f04d2555a1e6d9e18bdf5,I’m good — skip to the next question,how_many_days_would_my_tandem_bike_be_gone_if_someone_borrows_it_for_july_targ_17_A.wav,target,correct,adj/noun order,/ʊ/ --> /u/; would/wooed,s,,,,,JB_1108,
48,f76fc77fc45fe7028e489b6a20b2437c0114c807125f04d2555a1e6d9e18bdf5,NA,how_many_days_would_my_tandem_bike_be_gone_if_someone_borrows_it_for_july_targ_17_A.wav,target,correct,adj/noun order,/ʊ/ --> /u/; would/wooed,,,,,,,
48,f76fc77fc45fe7028e489b6a20b2437c0114c807125f04d2555a1e6d9e18bdf5,The question does NOT need any corrections.,when_you_are_hot_what_device_measures_body_temperature_in_boat_celsius_and_fahrenheit_targ_18_B.wav,target,phon_err,have vs. be,/θ/ --> /t/; both/boat,nans,,,,,JB_1108,
48,f76fc77fc45fe7028e489b6a20b2437c0114c807125f04d2555a1e6d9e18bdf5,THERMOMETER,when_you_are_hot_what_device_measures_body_temperature_in_boat_celsius_and_fahrenheit_targ_18_B.wav,target,phon_err,have vs. be,/θ/ --> /t/; both/boat,,,,,,,
48,f76fc77fc45fe7028e489b6a20b2437c0114c807125f04d2555a1e6d9e18bdf5,The question does NOT need any corrections.,what_big_star_in_our_solar_system_can_still_be_visible_when_is_cloudy_targ_19_C.wav,target,non_phon_err,expletive 'it' dropping,/ɪ/ --> /i/; still/steal,nans,,,,,JB_1108,
48,f76fc77fc45fe7028e489b6a20b2437c0114c807125f04d2555a1e6d9e18bdf5,SUN,what_big_star_in_our_solar_system_can_still_be_visible_when_is_cloudy_targ_19_C.wav,target,non_phon_err,expletive 'it' dropping,/ɪ/ --> /i/; still/steal,,,,,,,
48,f76fc77fc45fe7028e489b6a20b2437c0114c807125f04d2555a1e6d9e18bdf5,"The question does NOT need any corrections, but I don't know the answer/ I don't understand what the question is asking.",what_popular_us_chain_provides_a_happy_meal_toy_or_plus_when_kids_have_hungry_targ_20_D.wav,target,both_err,have vs. be,/ʃ/ --> /s/; plush/plus,nun,,,,,JB_1108,
48,f76fc77fc45fe7028e489b6a20b2437c0114c807125f04d2555a1e6d9e18bdf5,NA,what_popular_us_chain_provides_a_happy_meal_toy_or_plus_when_kids_have_hungry_targ_20_D.wav,target,both_err,have vs. be,/ʃ/ --> /s/; plush/plus,,,,,,,
48,f76fc77fc45fe7028e489b6a20b2437c0114c807125f04d2555a1e6d9e18bdf5,"The question does NOT need any corrections, but I don't know the answer/ I don't understand what the question is asking.",in_the_lion_king_who_does_nala_talk_to_and_is_laying_in_a_cot_after_theyve_reunited_targ_21_A.wav,target,correct,no aux verbs in questions (lack of do support),/k/ --> /g/; cot/got,nun,,,,,JB_1108,
48,f76fc77fc45fe7028e489b6a20b2437c0114c807125f04d2555a1e6d9e18bdf5,NA,in_the_lion_king_who_does_nala_talk_to_and_is_laying_in_a_cot_after_theyve_reunited_targ_21_A.wav,target,correct,no aux verbs in questions (lack of do support),/k/ --> /g/; cot/got,,,,,,,
48,f76fc77fc45fe7028e489b6a20b2437c0114c807125f04d2555a1e6d9e18bdf5,The question does NOT need any corrections.,if_a_hardworking_janitor_cleaned_a_vent_in_five_minutes_how_many_seconds_is_that_targ_22_B.wav,target,phon_err,adj/noun order,/v/ --> /b/; vent/bent,nans,,,,,JB_1108,
48,f76fc77fc45fe7028e489b6a20b2437c0114c807125f04d2555a1e6d9e18bdf5,300,if_a_hardworking_janitor_cleaned_a_vent_in_five_minutes_how_many_seconds_is_that_targ_22_B.wav,target,phon_err,adj/noun order,/v/ --> /b/; vent/bent,,,,,,,
48,f76fc77fc45fe7028e489b6a20b2437c0114c807125f04d2555a1e6d9e18bdf5,The question does NOT need any corrections.,what_company_created_the_macbook_a_device_full_of_features_to_help_students_make_homework_targ_23_C.wav,target,non_phon_err,make vs. other verb,/ʊ/ --> /u/; full/fool,nans,,,,,JB_1108,
48,f76fc77fc45fe7028e489b6a20b2437c0114c807125f04d2555a1e6d9e18bdf5,APPLE,what_company_created_the_macbook_a_device_full_of_features_to_help_students_make_homework_targ_23_C.wav,target,non_phon_err,make vs. other verb,/ʊ/ --> /u/; full/fool,,,,,,,
48,f76fc77fc45fe7028e489b6a20b2437c0114c807125f04d2555a1e6d9e18bdf5,The question does NOT need any corrections.,if_i_consider_to_leave_work_after_the_fort_hour_how_many_minutes_would_that_be_targ_24_D.wav,target,both_err,infinitive vs. participle,/θ/ --> /t/; fourth/fort,nans,,,,,JB_1108,
48,f76fc77fc45fe7028e489b6a20b2437c0114c807125f04d2555a1e6d9e18bdf5,240,if_i_consider_to_leave_work_after_the_fort_hour_how_many_minutes_would_that_be_targ_24_D.wav,target,both_err,infinitive vs. participle,/θ/ --> /t/; fourth/fort,,,,,,,
48,f76fc77fc45fe7028e489b6a20b2437c0114c807125f04d2555a1e6d9e18bdf5,"The question does NOT need any corrections, but I don't know the answer/ I don't understand what the question is asking.",what_letter_in_the_latin_alphabet_corresponds_to_the_greek_letter_alpha_fill_01.wav,filler_other,NA,NA,NA,nun,,,,,JB_1108,
48,f76fc77fc45fe7028e489b6a20b2437c0114c807125f04d2555a1e6d9e18bdf5,NA,what_letter_in_the_latin_alphabet_corresponds_to_the_greek_letter_alpha_fill_01.wav,filler_other,NA,NA,NA,,,,,,,
48,f76fc77fc45fe7028e489b6a20b2437c0114c807125f04d2555a1e6d9e18bdf5,I’m good — skip to the next question,what_organ_is_often_associated_with_being_eaten_by_rotting_flesh_monsters_also_known_as_zombies_fill_02.wav,filler_other,NA,NA,NA,s,,,,,JB_1108,
48,f76fc77fc45fe7028e489b6a20b2437c0114c807125f04d2555a1e6d9e18bdf5,NA,what_organ_is_often_associated_with_being_eaten_by_rotting_flesh_monsters_also_known_as_zombies_fill_02.wav,filler_other,NA,NA,NA,,,,,,,
48,f76fc77fc45fe7028e489b6a20b2437c0114c807125f04d2555a1e6d9e18bdf5,"The question does NOT need any corrections, but I don't know the answer/ I don't understand what the question is asking.",which_british_celebrity_judge_often_harshly_critiqued_contestants_on_the_nationwide_singing_contest_american_idol_fill_03.wav,filler_other,NA,NA,NA,nun,,,,,JB_1108,
48,f76fc77fc45fe7028e489b6a20b2437c0114c807125f04d2555a1e6d9e18bdf5,NA,which_british_celebrity_judge_often_harshly_critiqued_contestants_on_the_nationwide_singing_contest_american_idol_fill_03.wav,filler_other,NA,NA,NA,,,,,,,
48,f76fc77fc45fe7028e489b6a20b2437c0114c807125f04d2555a1e6d9e18bdf5,I’m good — skip to the next question,which_cartoon_character_works_at_the_krusty_krab_and_is_best_friends_with_patrick_star_fill_04.wav,filler_other,NA,NA,NA,s,,,,,JB_1108,
48,f76fc77fc45fe7028e489b6a20b2437c0114c807125f04d2555a1e6d9e18bdf5,NA,which_cartoon_character_works_at_the_krusty_krab_and_is_best_friends_with_patrick_star_fill_04.wav,filler_other,NA,NA,NA,,,,,,,
48,f76fc77fc45fe7028e489b6a20b2437c0114c807125f04d2555a1e6d9e18bdf5,The question does NOT need any corrections.,which_body_part_did_van_gogh_allegedly_cut_off_after_an_argument_with_his_friend_fill_05.wav,filler_other,NA,NA,NA,nans,,,,,JB_1108,
48,f76fc77fc45fe7028e489b6a20b2437c0114c807125f04d2555a1e6d9e18bdf5,EAR,which_body_part_did_van_gogh_allegedly_cut_off_after_an_argument_with_his_friend_fill_05.wav,filler_other,NA,NA,NA,,,,,,,
48,f76fc77fc45fe7028e489b6a20b2437c0114c807125f04d2555a1e6d9e18bdf5,"The question does NOT need any corrections, but I don't know the answer/ I don't understand what the question is asking.",what_is_the_name_of_the_comic_strip_featuring_charlie_brown_and_his_dog_snoopy_fill_06.wav,filler_other,NA,NA,NA,nun,,,,,JB_1108,
48,f76fc77fc45fe7028e489b6a20b2437c0114c807125f04d2555a1e6d9e18bdf5,NA,what_is_the_name_of_the_comic_strip_featuring_charlie_brown_and_his_dog_snoopy_fill_06.wav,filler_other,NA,NA,NA,,,,,,,
48,f76fc77fc45fe7028e489b6a20b2437c0114c807125f04d2555a1e6d9e18bdf5,The question does NOT need any corrections.,what_holiday_occurs_at_the_end_of_october_and_features_trick-or-treating_pumpkins_and_haunted_houses_fill_07.wav,filler_other,NA,NA,NA,nans,,,,,JB_1108,
48,f76fc77fc45fe7028e489b6a20b2437c0114c807125f04d2555a1e6d9e18bdf5,HALLOWEEN,what_holiday_occurs_at_the_end_of_october_and_features_trick-or-treating_pumpkins_and_haunted_houses_fill_07.wav,filler_other,NA,NA,NA,,,,,,,
48,f76fc77fc45fe7028e489b6a20b2437c0114c807125f04d2555a1e6d9e18bdf5,"The question does NOT need any corrections, but I don't know the answer/ I don't understand what the question is asking.",what_is_the_name_of_the_video_game_character_who_is_a_traveling_italian_plumber_fill_08.wav,filler_other,NA,NA,NA,nun,,,,,JB_1108,
48,f76fc77fc45fe7028e489b6a20b2437c0114c807125f04d2555a1e6d9e18bdf5,NA,what_is_the_name_of_the_video_game_character_who_is_a_traveling_italian_plumber_fill_08.wav,filler_other,NA,NA,NA,,,,,,,
48,f76fc77fc45fe7028e489b6a20b2437c0114c807125f04d2555a1e6d9e18bdf5,I’m good — skip to the next question,what_kind_of_animal_is_mickey_mouse’s_girlfriend_minnie_who_wears_a_bow_fill_09.wav,filler_other,NA,NA,NA,s,,,,,JB_1108,
48,f76fc77fc45fe7028e489b6a20b2437c0114c807125f04d2555a1e6d9e18bdf5,NA,what_kind_of_animal_is_mickey_mouse’s_girlfriend_minnie_who_wears_a_bow_fill_09.wav,filler_other,NA,NA,NA,,,,,,,
48,f76fc77fc45fe7028e489b6a20b2437c0114c807125f04d2555a1e6d9e18bdf5,"The question does NOT need any corrections, but I don't know the answer/ I don't understand what the question is asking.",which_cartoon_dog_solves_mysteries_with_the_group_fred_daphne_velma_and_shaggy_fill_10.wav,filler_other,NA,NA,NA,nun,,,,,JB_1108,
48,f76fc77fc45fe7028e489b6a20b2437c0114c807125f04d2555a1e6d9e18bdf5,NA,which_cartoon_dog_solves_mysteries_with_the_group_fred_daphne_velma_and_shaggy_fill_10.wav,filler_other,NA,NA,NA,,,,,,,
48,f76fc77fc45fe7028e489b6a20b2437c0114c807125f04d2555a1e6d9e18bdf5,The question does NOT need any corrections.,which_fast_food_chain_offers_foot-long_sandwiches_and_has_the_slogan_eat_fresh_fill_11.wav,filler_other,NA,NA,NA,nans,,,,,JB_1108,
48,f76fc77fc45fe7028e489b6a20b2437c0114c807125f04d2555a1e6d9e18bdf5,SUBWAY,which_fast_food_chain_offers_foot-long_sandwiches_and_has_the_slogan_eat_fresh_fill_11.wav,filler_other,NA,NA,NA,,,,,,,
48,f76fc77fc45fe7028e489b6a20b2437c0114c807125f04d2555a1e6d9e18bdf5,"The question does NOT need any corrections, but I don't know the answer/ I don't understand what the question is asking.",which_oscar-winning_movie_features_tom_hanks_saying_life_is_like_a_box_of_chocolates_fill_12.wav,filler_other,NA,NA,NA,nun,,,,,JB_1108,
48,f76fc77fc45fe7028e489b6a20b2437c0114c807125f04d2555a1e6d9e18bdf5,NA,which_oscar-winning_movie_features_tom_hanks_saying_life_is_like_a_box_of_chocolates_fill_12.wav,filler_other,NA,NA,NA,,,,,,,
48,f76fc77fc45fe7028e489b6a20b2437c0114c807125f04d2555a1e6d9e18bdf5,"The question does NOT need any corrections, but I don't know the answer/ I don't understand what the question is asking.",what_novel_has_the_quote_i’m_late_i’m_late_for_a_very_important_date_fill_13.wav,filler_other,NA,NA,NA,nun,,,,,JB_1108,
48,f76fc77fc45fe7028e489b6a20b2437c0114c807125f04d2555a1e6d9e18bdf5,NA,what_novel_has_the_quote_i’m_late_i’m_late_for_a_very_important_date_fill_13.wav,filler_other,NA,NA,NA,,,,,,,
48,f76fc77fc45fe7028e489b6a20b2437c0114c807125f04d2555a1e6d9e18bdf5,"The question does NOT need any corrections, but I don't know the answer/ I don't understand what the question is asking.",what_mythical_creatures_have_been_said_to_drink_blood_turn_into_bats_and_hate_onions_fill_14.wav,filler_other,NA,NA,NA,nun,,,,,JB_1108,
48,f76fc77fc45fe7028e489b6a20b2437c0114c807125f04d2555a1e6d9e18bdf5,NA,what_mythical_creatures_have_been_said_to_drink_blood_turn_into_bats_and_hate_onions_fill_14.wav,filler_other,NA,NA,NA,,,,,,,
48,f76fc77fc45fe7028e489b6a20b2437c0114c807125f04d2555a1e6d9e18bdf5,The question does NOT need any corrections.,who_discovered_the_law_of_universal_gravitation_which_accounts_for_why_objects_naturally_fall_downwards_fill_15.wav,filler_other,NA,NA,NA,nans,,,,,JB_1108,
48,f76fc77fc45fe7028e489b6a20b2437c0114c807125f04d2555a1e6d9e18bdf5,ISAAC NEWTON,who_discovered_the_law_of_universal_gravitation_which_accounts_for_why_objects_naturally_fall_downwards_fill_15.wav,filler_other,NA,NA,NA,,,,,,,
48,f76fc77fc45fe7028e489b6a20b2437c0114c807125f04d2555a1e6d9e18bdf5,"The question does NOT need any corrections, but I don't know the answer/ I don't understand what the question is asking.",which_soft_pastry_made_with_a_certain_spice_is_often_spiral-shaped_and_topped_with_icing_fill_16.wav,filler_other,NA,NA,NA,nun,,,,,JB_1108,
48,f76fc77fc45fe7028e489b6a20b2437c0114c807125f04d2555a1e6d9e18bdf5,NA,which_soft_pastry_made_with_a_certain_spice_is_often_spiral-shaped_and_topped_with_icing_fill_16.wav,filler_other,NA,NA,NA,,,,,,,
48,f76fc77fc45fe7028e489b6a20b2437c0114c807125f04d2555a1e6d9e18bdf5,The question does NOT need any corrections.,what_us_holiday_is_often_celebrated_with_fireworks_and_hotdogs_to_honor_americas_freedom_fill_17.wav,filler_other,NA,NA,NA,nans,,,,,JB_1108,
48,f76fc77fc45fe7028e489b6a20b2437c0114c807125f04d2555a1e6d9e18bdf5,4TH OF JULY,what_us_holiday_is_often_celebrated_with_fireworks_and_hotdogs_to_honor_americas_freedom_fill_17.wav,filler_other,NA,NA,NA,,,,,,,
48,f76fc77fc45fe7028e489b6a20b2437c0114c807125f04d2555a1e6d9e18bdf5,The question does NOT need any corrections.,which_tropical_fruit_that_grows_on_palm_trees_is_used_for_oils_and_milks_fill_18.wav,filler_other,NA,NA,NA,nans,,,,,JB_1108,
48,f76fc77fc45fe7028e489b6a20b2437c0114c807125f04d2555a1e6d9e18bdf5,COCONUT,which_tropical_fruit_that_grows_on_palm_trees_is_used_for_oils_and_milks_fill_18.wav,filler_other,NA,NA,NA,,,,,,,
48,f76fc77fc45fe7028e489b6a20b2437c0114c807125f04d2555a1e6d9e18bdf5,The question does NOT need any corrections.,which_season_do_we_associate_with_thanksgiving_the_beginning_of_school_and_leaves_turning_brown_fill_19.wav,filler_other,NA,NA,NA,nans,,,,,JB_1108,
48,f76fc77fc45fe7028e489b6a20b2437c0114c807125f04d2555a1e6d9e18bdf5,FALL,which_season_do_we_associate_with_thanksgiving_the_beginning_of_school_and_leaves_turning_brown_fill_19.wav,filler_other,NA,NA,NA,,,,,,,
48,f76fc77fc45fe7028e489b6a20b2437c0114c807125f04d2555a1e6d9e18bdf5,"The question does NOT need any corrections, but I don't know the answer/ I don't understand what the question is asking.",what_musician_won_grammys_for_their_album_thriller_which_features_the_hit_song_beat_it_fill_20.wav,filler_other,NA,NA,NA,nun,,,,,JB_1108,
48,f76fc77fc45fe7028e489b6a20b2437c0114c807125f04d2555a1e6d9e18bdf5,NA,what_musician_won_grammys_for_their_album_thriller_which_features_the_hit_song_beat_it_fill_20.wav,filler_other,NA,NA,NA,,,,,,,
48,f76fc77fc45fe7028e489b6a20b2437c0114c807125f04d2555a1e6d9e18bdf5,The question does NOT need any corrections.,what_animal_is_typically_white_with_black_spots_and_says_moo_fill_21.wav,filler_other,NA,NA,NA,nans,,,,,JB_1108,
48,f76fc77fc45fe7028e489b6a20b2437c0114c807125f04d2555a1e6d9e18bdf5,COW,what_animal_is_typically_white_with_black_spots_and_says_moo_fill_21.wav,filler_other,NA,NA,NA,,,,,,,
48,f76fc77fc45fe7028e489b6a20b2437c0114c807125f04d2555a1e6d9e18bdf5,The question does NOT need any corrections.,where_do_the_jolly_christmas_icons_santa_claus_and_his_wife_mrs._claus_live_fill_22.wav,filler_other,NA,NA,NA,nans,,,,,JB_1108,
48,f76fc77fc45fe7028e489b6a20b2437c0114c807125f04d2555a1e6d9e18bdf5,NORTH POLE,where_do_the_jolly_christmas_icons_santa_claus_and_his_wife_mrs._claus_live_fill_22.wav,filler_other,NA,NA,NA,,,,,,,
48,f76fc77fc45fe7028e489b6a20b2437c0114c807125f04d2555a1e6d9e18bdf5,"The question does NOT need any corrections, but I don't know the answer/ I don't understand what the question is asking.",in_the_famous_dr_seuss_book_what_orange_and_yellow_character_speaks_for_the_trees_fill_23.wav,filler_other,NA,NA,NA,nun,,,,,JB_1108,
48,f76fc77fc45fe7028e489b6a20b2437c0114c807125f04d2555a1e6d9e18bdf5,NA,in_the_famous_dr_seuss_book_what_orange_and_yellow_character_speaks_for_the_trees_fill_23.wav,filler_other,NA,NA,NA,,,,,,,
48,f76fc77fc45fe7028e489b6a20b2437c0114c807125f04d2555a1e6d9e18bdf5,The question does NOT need any corrections.,in_what_country_would_you_find_landmarks_like_the_pyramids_of_giza_and_great_sphinx_fill_24.wav,filler_other,NA,NA,NA,nans,,,,,JB_1108,
48,f76fc77fc45fe7028e489b6a20b2437c0114c807125f04d2555a1e6d9e18bdf5,EGYPT,in_what_country_would_you_find_landmarks_like_the_pyramids_of_giza_and_great_sphinx_fill_24.wav,filler_other,NA,NA,NA,,,,,,,