participant_num,participant_id,response_value,question,stim_type,condition,nonphon_err_details,phon_err_details,answer,err_reported,err_reported_attempt,err_type_response,no_err_response,comments,coder
1,06549475e28535bf090e5c27b3685fb12c9426f8fc1e599da8d892c13bde7a32,"The question needs to be CORRECTED (Select this if you spot an error, even if you don’t know the answer).",what_is_the_largest_plant_in_the_solar_system_fill_31.wav,att_check_err,NA,NA,NA,Jupiter (planet),y,first,acheckp,,attention check passed (8/8 correct),JB_1204
1,06549475e28535bf090e5c27b3685fb12c9426f8fc1e599da8d892c13bde7a32,"I heard, What is the largest plant in the solar system. Should be, what is the largest PLANET in the solar system.
 

 I think the answer is Jupiter.",what_is_the_largest_plant_in_the_solar_system_fill_31.wav,att_check_err,NA,NA,NA,Jupiter (planet),,,,,,
1,06549475e28535bf090e5c27b3685fb12c9426f8fc1e599da8d892c13bde7a32,I’m good — skip to the next question,what_is_the_largest_plant_in_the_solar_system_fill_31.wav,att_check_err,NA,NA,NA,Jupiter (planet),s,secsame,,,,JB_1204
1,06549475e28535bf090e5c27b3685fb12c9426f8fc1e599da8d892c13bde7a32,NA,what_is_the_largest_plant_in_the_solar_system_fill_31.wav,att_check_err,NA,NA,NA,Jupiter (planet),,,,,,
1,06549475e28535bf090e5c27b3685fb12c9426f8fc1e599da8d892c13bde7a32,The question does NOT need any corrections.,what_state_is_los_angeles_located_in_fill_26.wav,att_check_good,NA,NA,NA,California,nans,first,,a,,JB_1204
1,06549475e28535bf090e5c27b3685fb12c9426f8fc1e599da8d892c13bde7a32,California,what_state_is_los_angeles_located_in_fill_26.wav,att_check_good,NA,NA,NA,California,,,,,,
1,06549475e28535bf090e5c27b3685fb12c9426f8fc1e599da8d892c13bde7a32,I’m good — skip to the next question,what_state_is_los_angeles_located_in_fill_26.wav,att_check_good,NA,NA,NA,California,s,secsame,,,,JB_1204
1,06549475e28535bf090e5c27b3685fb12c9426f8fc1e599da8d892c13bde7a32,NA,what_state_is_los_angeles_located_in_fill_26.wav,att_check_good,NA,NA,NA,California,,,,,,
1,06549475e28535bf090e5c27b3685fb12c9426f8fc1e599da8d892c13bde7a32,"The question needs to be CORRECTED (Select this if you spot an error, even if you don’t know the answer).",how_many_embers_were_in_the_beatles_the_british_rock_band_fill_32.wav,att_check_err,NA,NA,NA,four (members),y,first,acheckp,,,JB_1204
1,06549475e28535bf090e5c27b3685fb12c9426f8fc1e599da8d892c13bde7a32,"How many riddles were in the bittles, the british rock band.
 

 Should be how many MEMBERS were in the BEATLES.
 

 I don't know the answer.",how_many_embers_were_in_the_beatles_the_british_rock_band_fill_32.wav,att_check_err,NA,NA,NA,four (members),,,,,,
1,06549475e28535bf090e5c27b3685fb12c9426f8fc1e599da8d892c13bde7a32,I’m good — skip to the next question,how_many_embers_were_in_the_beatles_the_british_rock_band_fill_32.wav,att_check_err,NA,NA,NA,four (members),s,secsame,,,,JB_1204
1,06549475e28535bf090e5c27b3685fb12c9426f8fc1e599da8d892c13bde7a32,NA,how_many_embers_were_in_the_beatles_the_british_rock_band_fill_32.wav,att_check_err,NA,NA,NA,four (members),,,,,,
1,06549475e28535bf090e5c27b3685fb12c9426f8fc1e599da8d892c13bde7a32,The question does NOT need any corrections.,what_color_is_a_typical_school_bus_fill_28.wav,att_check_good,NA,NA,NA,yellow,nans,first,,a,,JB_1204
1,06549475e28535bf090e5c27b3685fb12c9426f8fc1e599da8d892c13bde7a32,Yellow,what_color_is_a_typical_school_bus_fill_28.wav,att_check_good,NA,NA,NA,yellow,,,,,,
1,06549475e28535bf090e5c27b3685fb12c9426f8fc1e599da8d892c13bde7a32,I’m good — skip to the next question,what_color_is_a_typical_school_bus_fill_28.wav,att_check_good,NA,NA,NA,yellow,s,secsame,,,,JB_1204
1,06549475e28535bf090e5c27b3685fb12c9426f8fc1e599da8d892c13bde7a32,NA,what_color_is_a_typical_school_bus_fill_28.wav,att_check_good,NA,NA,NA,yellow,,,,,,
1,06549475e28535bf090e5c27b3685fb12c9426f8fc1e599da8d892c13bde7a32,The question does NOT need any corrections.,what_day_of_the_week_comes_after_monday_fill_27.wav,att_check_good,NA,NA,NA,Tuesday,nans,first,,a,,JB_1204
1,06549475e28535bf090e5c27b3685fb12c9426f8fc1e599da8d892c13bde7a32,Tuesday,what_day_of_the_week_comes_after_monday_fill_27.wav,att_check_good,NA,NA,NA,Tuesday,,,,,,
1,06549475e28535bf090e5c27b3685fb12c9426f8fc1e599da8d892c13bde7a32,I’m good — skip to the next question,what_day_of_the_week_comes_after_monday_fill_27.wav,att_check_good,NA,NA,NA,Tuesday,s,secsame,,,,JB_1204
1,06549475e28535bf090e5c27b3685fb12c9426f8fc1e599da8d892c13bde7a32,NA,what_day_of_the_week_comes_after_monday_fill_27.wav,att_check_good,NA,NA,NA,Tuesday,,,,,,
1,06549475e28535bf090e5c27b3685fb12c9426f8fc1e599da8d892c13bde7a32,"The question needs to be CORRECTED (Select this if you spot an error, even if you don’t know the answer).",what_insect_undergoes_a_process_of_change_to_turn_into_a_butterfy_fill_30.wav,att_check_err,NA,NA,NA,caterpillar (butterfly),y,first,acheckp,,,JB_1204
1,06549475e28535bf090e5c27b3685fb12c9426f8fc1e599da8d892c13bde7a32,"BUTTERFLY not BUTTERFY
 

 Answer is caterpillar",what_insect_undergoes_a_process_of_change_to_turn_into_a_butterfy_fill_30.wav,att_check_err,NA,NA,NA,caterpillar (butterfly),,,,,,
1,06549475e28535bf090e5c27b3685fb12c9426f8fc1e599da8d892c13bde7a32,I’m good — skip to the next question,what_insect_undergoes_a_process_of_change_to_turn_into_a_butterfy_fill_30.wav,att_check_err,NA,NA,NA,caterpillar (butterfly),s,secsame,,,,JB_1204
1,06549475e28535bf090e5c27b3685fb12c9426f8fc1e599da8d892c13bde7a32,NA,what_insect_undergoes_a_process_of_change_to_turn_into_a_butterfy_fill_30.wav,att_check_err,NA,NA,NA,caterpillar (butterfly),,,,,,
1,06549475e28535bf090e5c27b3685fb12c9426f8fc1e599da8d892c13bde7a32,The question does NOT need any corrections.,how_many_legs_does_a_dog_normally_have_fill_25.wav,att_check_good,NA,NA,NA,four,nans,first,,a,,JB_1204
1,06549475e28535bf090e5c27b3685fb12c9426f8fc1e599da8d892c13bde7a32,Four,how_many_legs_does_a_dog_normally_have_fill_25.wav,att_check_good,NA,NA,NA,four,,,,,,
1,06549475e28535bf090e5c27b3685fb12c9426f8fc1e599da8d892c13bde7a32,I’m good — skip to the next question,how_many_legs_does_a_dog_normally_have_fill_25.wav,att_check_good,NA,NA,NA,four,s,secsame,,,,JB_1204
1,06549475e28535bf090e5c27b3685fb12c9426f8fc1e599da8d892c13bde7a32,NA,how_many_legs_does_a_dog_normally_have_fill_25.wav,att_check_good,NA,NA,NA,four,,,,,,
1,06549475e28535bf090e5c27b3685fb12c9426f8fc1e599da8d892c13bde7a32,"The question needs to be CORRECTED (Select this if you spot an error, even if you don’t know the answer).",in_the_cycle_of_seasons_what_season_comes_after_dinter_fill_29.wav,att_check_err,NA,NA,NA,"Spring (Winter, sound sub that's not related)",y,first,acheckp,,,JB_1204
1,06549475e28535bf090e5c27b3685fb12c9426f8fc1e599da8d892c13bde7a32,"WINTER not DINTER
 

 Spring is the answer",in_the_cycle_of_seasons_what_season_comes_after_dinter_fill_29.wav,att_check_err,NA,NA,NA,"Spring (Winter, sound sub that's not related)",,,,,,
1,06549475e28535bf090e5c27b3685fb12c9426f8fc1e599da8d892c13bde7a32,I’m good — skip to the next question,in_the_cycle_of_seasons_what_season_comes_after_dinter_fill_29.wav,att_check_err,NA,NA,NA,"Spring (Winter, sound sub that's not related)",s,secsame,,,,JB_1204
1,06549475e28535bf090e5c27b3685fb12c9426f8fc1e599da8d892c13bde7a32,NA,in_the_cycle_of_seasons_what_season_comes_after_dinter_fill_29.wav,att_check_err,NA,NA,NA,"Spring (Winter, sound sub that's not related)",,,,,,
1,06549475e28535bf090e5c27b3685fb12c9426f8fc1e599da8d892c13bde7a32,"The question needs to be CORRECTED (Select this if you spot an error, even if you don’t know the answer).",when_you_have_hot_what_device_measures_body_temperature_in_boat_celsius_and_fahrenheit_targ_18_D.wav,target,both_err,have vs. be,/θ/ --> /t/; both/boat,thermometer,y,first,p,,,JB_1205
1,06549475e28535bf090e5c27b3685fb12c9426f8fc1e599da8d892c13bde7a32,"I heard, When you have hot, it should be when you are hot. Answer is thermometer.",when_you_have_hot_what_device_measures_body_temperature_in_boat_celsius_and_fahrenheit_targ_18_D.wav,target,both_err,have vs. be,/θ/ --> /t/; both/boat,thermometer,,,,,,
1,06549475e28535bf090e5c27b3685fb12c9426f8fc1e599da8d892c13bde7a32,I’m good — skip to the next question,when_you_have_hot_what_device_measures_body_temperature_in_boat_celsius_and_fahrenheit_targ_18_D.wav,target,both_err,have vs. be,/θ/ --> /t/; both/boat,thermometer,s,secsame,,,,JB_1205
1,06549475e28535bf090e5c27b3685fb12c9426f8fc1e599da8d892c13bde7a32,NA,when_you_have_hot_what_device_measures_body_temperature_in_boat_celsius_and_fahrenheit_targ_18_D.wav,target,both_err,have vs. be,/θ/ --> /t/; both/boat,thermometer,,,,,,
1,06549475e28535bf090e5c27b3685fb12c9426f8fc1e599da8d892c13bde7a32,The question does NOT need any corrections.,where_do_the_jolly_christmas_icons_santa_claus_and_his_wife_mrs._claus_live_fill_22.wav,filler_other,NA,NA,NA,the North Pole,nans,first,,a,,JB_1205
1,06549475e28535bf090e5c27b3685fb12c9426f8fc1e599da8d892c13bde7a32,North Pole,where_do_the_jolly_christmas_icons_santa_claus_and_his_wife_mrs._claus_live_fill_22.wav,filler_other,NA,NA,NA,the North Pole,,,,,,
1,06549475e28535bf090e5c27b3685fb12c9426f8fc1e599da8d892c13bde7a32,I’m good — skip to the next question,where_do_the_jolly_christmas_icons_santa_claus_and_his_wife_mrs._claus_live_fill_22.wav,filler_other,NA,NA,NA,the North Pole,s,secsame,,,,JB_1205
1,06549475e28535bf090e5c27b3685fb12c9426f8fc1e599da8d892c13bde7a32,NA,where_do_the_jolly_christmas_icons_santa_claus_and_his_wife_mrs._claus_live_fill_22.wav,filler_other,NA,NA,NA,the North Pole,,,,,,
1,06549475e28535bf090e5c27b3685fb12c9426f8fc1e599da8d892c13bde7a32,The question does NOT need any corrections.,which_body_part_did_van_gogh_allegedly_cut_off_after_an_argument_with_his_friend_fill_05.wav,filler_other,NA,NA,NA,ear,nans,first,,a,,JB_1205
1,06549475e28535bf090e5c27b3685fb12c9426f8fc1e599da8d892c13bde7a32,Ear,which_body_part_did_van_gogh_allegedly_cut_off_after_an_argument_with_his_friend_fill_05.wav,filler_other,NA,NA,NA,ear,,,,,,
1,06549475e28535bf090e5c27b3685fb12c9426f8fc1e599da8d892c13bde7a32,I’m good — skip to the next question,which_body_part_did_van_gogh_allegedly_cut_off_after_an_argument_with_his_friend_fill_05.wav,filler_other,NA,NA,NA,ear,s,secsame,,,,JB_1205
1,06549475e28535bf090e5c27b3685fb12c9426f8fc1e599da8d892c13bde7a32,NA,which_body_part_did_van_gogh_allegedly_cut_off_after_an_argument_with_his_friend_fill_05.wav,filler_other,NA,NA,NA,ear,,,,,,
1,06549475e28535bf090e5c27b3685fb12c9426f8fc1e599da8d892c13bde7a32,"The question needs to be CORRECTED (Select this if you spot an error, even if you don’t know the answer).",what_popular_us_chain_provides_a_happy_meal_toy_or_plus_when_kids_are_hungry_targ_20_B.wav,target,phon_err,have vs. be,/ʃ/ --> /s/; plush/plus,McDonald's,y,first,p,,,JB_1205
1,06549475e28535bf090e5c27b3685fb12c9426f8fc1e599da8d892c13bde7a32,"I heard, provides a happy meal toy or plas when kids are hungry. I have no idea what it should be. Answer is McDonalds.",what_popular_us_chain_provides_a_happy_meal_toy_or_plus_when_kids_are_hungry_targ_20_B.wav,target,phon_err,have vs. be,/ʃ/ --> /s/; plush/plus,McDonald's,,,,,,
1,06549475e28535bf090e5c27b3685fb12c9426f8fc1e599da8d892c13bde7a32,I’m good — skip to the next question,what_popular_us_chain_provides_a_happy_meal_toy_or_plus_when_kids_are_hungry_targ_20_B.wav,target,phon_err,have vs. be,/ʃ/ --> /s/; plush/plus,McDonald's,s,secsame,,,,JB_1205
1,06549475e28535bf090e5c27b3685fb12c9426f8fc1e599da8d892c13bde7a32,NA,what_popular_us_chain_provides_a_happy_meal_toy_or_plus_when_kids_are_hungry_targ_20_B.wav,target,phon_err,have vs. be,/ʃ/ --> /s/; plush/plus,McDonald's,,,,,,
1,06549475e28535bf090e5c27b3685fb12c9426f8fc1e599da8d892c13bde7a32,The question does NOT need any corrections.,what_childrens_game_makes_people_sit_down_quickly_when_the_loud_music_stops_targ_07_A.wav,target,correct,adj/noun order,/ɪ/ --> /i/; sit/seat,musical chairs,nans,first,,a,,JB_1205
1,06549475e28535bf090e5c27b3685fb12c9426f8fc1e599da8d892c13bde7a32,Musical Chairs,what_childrens_game_makes_people_sit_down_quickly_when_the_loud_music_stops_targ_07_A.wav,target,correct,adj/noun order,/ɪ/ --> /i/; sit/seat,musical chairs,,,,,,
1,06549475e28535bf090e5c27b3685fb12c9426f8fc1e599da8d892c13bde7a32,I’m good — skip to the next question,what_childrens_game_makes_people_sit_down_quickly_when_the_loud_music_stops_targ_07_A.wav,target,correct,adj/noun order,/ɪ/ --> /i/; sit/seat,musical chairs,s,secsame,,,,JB_1205
1,06549475e28535bf090e5c27b3685fb12c9426f8fc1e599da8d892c13bde7a32,NA,what_childrens_game_makes_people_sit_down_quickly_when_the_loud_music_stops_targ_07_A.wav,target,correct,adj/noun order,/ɪ/ --> /i/; sit/seat,musical chairs,,,,,,
1,06549475e28535bf090e5c27b3685fb12c9426f8fc1e599da8d892c13bde7a32,The question does NOT need any corrections.,which_fast_food_chain_offers_foot-long_sandwiches_and_has_the_slogan_eat_fresh_fill_11.wav,filler_other,NA,NA,NA,Subway,nans,first,,a,,JB_1205
1,06549475e28535bf090e5c27b3685fb12c9426f8fc1e599da8d892c13bde7a32,Subway,which_fast_food_chain_offers_foot-long_sandwiches_and_has_the_slogan_eat_fresh_fill_11.wav,filler_other,NA,NA,NA,Subway,,,,,,
1,06549475e28535bf090e5c27b3685fb12c9426f8fc1e599da8d892c13bde7a32,I’m good — skip to the next question,which_fast_food_chain_offers_foot-long_sandwiches_and_has_the_slogan_eat_fresh_fill_11.wav,filler_other,NA,NA,NA,Subway,s,secsame,,,,JB_1205
1,06549475e28535bf090e5c27b3685fb12c9426f8fc1e599da8d892c13bde7a32,NA,which_fast_food_chain_offers_foot-long_sandwiches_and_has_the_slogan_eat_fresh_fill_11.wav,filler_other,NA,NA,NA,Subway,,,,,,
1,06549475e28535bf090e5c27b3685fb12c9426f8fc1e599da8d892c13bde7a32,"The question needs to be CORRECTED (Select this if you spot an error, even if you don’t know the answer).",where_do_people_get_drivers_licenses_since_it_is_required_as_ballad_id_to_drive_targ_16_B.wav,target,phon_err,expletive 'it' dropping,/v/ --> /b/; valid/ballad,DMV,y,first,other,,no specification,JB_1205
1,06549475e28535bf090e5c27b3685fb12c9426f8fc1e599da8d892c13bde7a32,"The DMV. I heard an error, but I don't know how to correct it.",where_do_people_get_drivers_licenses_since_it_is_required_as_ballad_id_to_drive_targ_16_B.wav,target,phon_err,expletive 'it' dropping,/v/ --> /b/; valid/ballad,DMV,,,,,,
1,06549475e28535bf090e5c27b3685fb12c9426f8fc1e599da8d892c13bde7a32,The question does NOT need any corrections.,where_do_people_get_drivers_licenses_since_it_is_required_as_ballad_id_to_drive_targ_16_B.wav,target,phon_err,expletive 'it' dropping,/v/ --> /b/; valid/ballad,DMV,nans,secdiff,,a,,JB_1205
1,06549475e28535bf090e5c27b3685fb12c9426f8fc1e599da8d892c13bde7a32,DMV,where_do_people_get_drivers_licenses_since_it_is_required_as_ballad_id_to_drive_targ_16_B.wav,target,phon_err,expletive 'it' dropping,/v/ --> /b/; valid/ballad,DMV,,,,,,
1,06549475e28535bf090e5c27b3685fb12c9426f8fc1e599da8d892c13bde7a32,The question does NOT need any corrections.,which_soft_pastry_made_with_a_certain_spice_is_often_spiral-shaped_and_topped_with_icing_fill_16.wav,filler_other,NA,NA,NA,cinnamon roll,nans,first,,a,,JB_1205
1,06549475e28535bf090e5c27b3685fb12c9426f8fc1e599da8d892c13bde7a32,cinnamon roll,which_soft_pastry_made_with_a_certain_spice_is_often_spiral-shaped_and_topped_with_icing_fill_16.wav,filler_other,NA,NA,NA,cinnamon roll,,,,,,
1,06549475e28535bf090e5c27b3685fb12c9426f8fc1e599da8d892c13bde7a32,I’m good — skip to the next question,which_soft_pastry_made_with_a_certain_spice_is_often_spiral-shaped_and_topped_with_icing_fill_16.wav,filler_other,NA,NA,NA,cinnamon roll,s,secsame,,,,JB_1205
1,06549475e28535bf090e5c27b3685fb12c9426f8fc1e599da8d892c13bde7a32,NA,which_soft_pastry_made_with_a_certain_spice_is_often_spiral-shaped_and_topped_with_icing_fill_16.wav,filler_other,NA,NA,NA,cinnamon roll,,,,,,
1,06549475e28535bf090e5c27b3685fb12c9426f8fc1e599da8d892c13bde7a32,"The question needs to be CORRECTED (Select this if you spot an error, even if you don’t know the answer).",which_scottish_actor_first_played_james_bond_wearing_kilts_to_red_carpets_when_he_was_32_years_old_targ_03_A.wav,target,correct,have vs. be,/k/ --> /g/; kilt/guilt,Sean Connery,y,first,p,,reported phonological error on correct version,JB_1205
1,06549475e28535bf090e5c27b3685fb12c9426f8fc1e599da8d892c13bde7a32,"should be wearing KILTS to red carpets
 

 I think the answer is Sean Connery",which_scottish_actor_first_played_james_bond_wearing_kilts_to_red_carpets_when_he_was_32_years_old_targ_03_A.wav,target,correct,have vs. be,/k/ --> /g/; kilt/guilt,Sean Connery,,,,,,
1,06549475e28535bf090e5c27b3685fb12c9426f8fc1e599da8d892c13bde7a32,I’m good — skip to the next question,which_scottish_actor_first_played_james_bond_wearing_kilts_to_red_carpets_when_he_was_32_years_old_targ_03_A.wav,target,correct,have vs. be,/k/ --> /g/; kilt/guilt,Sean Connery,s,secsame,,,,JB_1205
1,06549475e28535bf090e5c27b3685fb12c9426f8fc1e599da8d892c13bde7a32,NA,which_scottish_actor_first_played_james_bond_wearing_kilts_to_red_carpets_when_he_was_32_years_old_targ_03_A.wav,target,correct,have vs. be,/k/ --> /g/; kilt/guilt,Sean Connery,,,,,,
1,06549475e28535bf090e5c27b3685fb12c9426f8fc1e599da8d892c13bde7a32,The question does NOT need any corrections.,what_big_star_in_our_solar_system_can_still_be_visible_when_it_is_cloudy_targ_19_A.wav,target,correct,expletive 'it' dropping,/ɪ/ --> /i/; still/steal,the Sun,nans,first,,twice,,JB_1205
1,06549475e28535bf090e5c27b3685fb12c9426f8fc1e599da8d892c13bde7a32,the sun,what_big_star_in_our_solar_system_can_still_be_visible_when_it_is_cloudy_targ_19_A.wav,target,correct,expletive 'it' dropping,/ɪ/ --> /i/; still/steal,the Sun,,,,,,
1,06549475e28535bf090e5c27b3685fb12c9426f8fc1e599da8d892c13bde7a32,The question does NOT need any corrections.,what_big_star_in_our_solar_system_can_still_be_visible_when_it_is_cloudy_targ_19_A.wav,target,correct,expletive 'it' dropping,/ɪ/ --> /i/; still/steal,the Sun,nans,secsame,,a,,JB_1205
1,06549475e28535bf090e5c27b3685fb12c9426f8fc1e599da8d892c13bde7a32,the sun,what_big_star_in_our_solar_system_can_still_be_visible_when_it_is_cloudy_targ_19_A.wav,target,correct,expletive 'it' dropping,/ɪ/ --> /i/; still/steal,the Sun,,,,,,
1,06549475e28535bf090e5c27b3685fb12c9426f8fc1e599da8d892c13bde7a32,The question does NOT need any corrections.,what_musician_won_grammys_for_their_album_thriller_which_features_the_hit_song_beat_it_fill_20.wav,filler_other,NA,NA,NA,Michael Jackson,nans,first,,a,,JB_1205
1,06549475e28535bf090e5c27b3685fb12c9426f8fc1e599da8d892c13bde7a32,Michael Jackson,what_musician_won_grammys_for_their_album_thriller_which_features_the_hit_song_beat_it_fill_20.wav,filler_other,NA,NA,NA,Michael Jackson,,,,,,
1,06549475e28535bf090e5c27b3685fb12c9426f8fc1e599da8d892c13bde7a32,I’m good — skip to the next question,what_musician_won_grammys_for_their_album_thriller_which_features_the_hit_song_beat_it_fill_20.wav,filler_other,NA,NA,NA,Michael Jackson,s,secsame,,,,JB_1205
1,06549475e28535bf090e5c27b3685fb12c9426f8fc1e599da8d892c13bde7a32,NA,what_musician_won_grammys_for_their_album_thriller_which_features_the_hit_song_beat_it_fill_20.wav,filler_other,NA,NA,NA,Michael Jackson,,,,,,
1,06549475e28535bf090e5c27b3685fb12c9426f8fc1e599da8d892c13bde7a32,"The question needs to be CORRECTED (Select this if you spot an error, even if you don’t know the answer).",in_what_country_would_you_find_landmarks_like_the_pyramids_of_giza_and_great_sphinx_fill_24.wav,filler_other,NA,NA,NA,Egypt,y,first,other,,reports error with pronunciation of 'sphynx',JB_1205
1,06549475e28535bf090e5c27b3685fb12c9426f8fc1e599da8d892c13bde7a32,"SPHINX not FINKS.
 

 Answer is Egypt.",in_what_country_would_you_find_landmarks_like_the_pyramids_of_giza_and_great_sphinx_fill_24.wav,filler_other,NA,NA,NA,Egypt,,,,,,
1,06549475e28535bf090e5c27b3685fb12c9426f8fc1e599da8d892c13bde7a32,I’m good — skip to the next question,in_what_country_would_you_find_landmarks_like_the_pyramids_of_giza_and_great_sphinx_fill_24.wav,filler_other,NA,NA,NA,Egypt,s,secsame,,,,JB_1205
1,06549475e28535bf090e5c27b3685fb12c9426f8fc1e599da8d892c13bde7a32,NA,in_what_country_would_you_find_landmarks_like_the_pyramids_of_giza_and_great_sphinx_fill_24.wav,filler_other,NA,NA,NA,Egypt,,,,,,
1,06549475e28535bf090e5c27b3685fb12c9426f8fc1e599da8d892c13bde7a32,"The question needs to be CORRECTED (Select this if you spot an error, even if you don’t know the answer).",how_many_days_would_my_bike_tandem_be_gone_if_someone_borrows_it_for_july_targ_17_C.wav,target,non_phon_err,adj/noun order,/ʊ/ --> /u/; would/wooed,thirty-one days,y,first,np,,,JB_1205
1,06549475e28535bf090e5c27b3685fb12c9426f8fc1e599da8d892c13bde7a32,"not bike tandem, tandem bike.
 

 answer is 31",how_many_days_would_my_bike_tandem_be_gone_if_someone_borrows_it_for_july_targ_17_C.wav,target,non_phon_err,adj/noun order,/ʊ/ --> /u/; would/wooed,thirty-one days,,,,,,
1,06549475e28535bf090e5c27b3685fb12c9426f8fc1e599da8d892c13bde7a32,I’m good — skip to the next question,how_many_days_would_my_bike_tandem_be_gone_if_someone_borrows_it_for_july_targ_17_C.wav,target,non_phon_err,adj/noun order,/ʊ/ --> /u/; would/wooed,thirty-one days,s,secsame,,,,JB_1205
1,06549475e28535bf090e5c27b3685fb12c9426f8fc1e599da8d892c13bde7a32,NA,how_many_days_would_my_bike_tandem_be_gone_if_someone_borrows_it_for_july_targ_17_C.wav,target,non_phon_err,adj/noun order,/ʊ/ --> /u/; would/wooed,thirty-one days,,,,,,
1,06549475e28535bf090e5c27b3685fb12c9426f8fc1e599da8d892c13bde7a32,The question does NOT need any corrections.,which_oscar-winning_movie_features_tom_hanks_saying_life_is_like_a_box_of_chocolates_fill_12.wav,filler_other,NA,NA,NA,Forrest Gump,nans,first,,a,,JB_1205
1,06549475e28535bf090e5c27b3685fb12c9426f8fc1e599da8d892c13bde7a32,Forrest Gump,which_oscar-winning_movie_features_tom_hanks_saying_life_is_like_a_box_of_chocolates_fill_12.wav,filler_other,NA,NA,NA,Forrest Gump,,,,,,
1,06549475e28535bf090e5c27b3685fb12c9426f8fc1e599da8d892c13bde7a32,I’m good — skip to the next question,which_oscar-winning_movie_features_tom_hanks_saying_life_is_like_a_box_of_chocolates_fill_12.wav,filler_other,NA,NA,NA,Forrest Gump,s,secsame,,,,JB_1205
1,06549475e28535bf090e5c27b3685fb12c9426f8fc1e599da8d892c13bde7a32,NA,which_oscar-winning_movie_features_tom_hanks_saying_life_is_like_a_box_of_chocolates_fill_12.wav,filler_other,NA,NA,NA,Forrest Gump,,,,,,
1,06549475e28535bf090e5c27b3685fb12c9426f8fc1e599da8d892c13bde7a32,The question does NOT need any corrections.,which_tropical_fruit_that_grows_on_palm_trees_is_used_for_oils_and_milks_fill_18.wav,filler_other,NA,NA,NA,coconuts,nans,first,,a,,JB_1205
1,06549475e28535bf090e5c27b3685fb12c9426f8fc1e599da8d892c13bde7a32,Coconut,which_tropical_fruit_that_grows_on_palm_trees_is_used_for_oils_and_milks_fill_18.wav,filler_other,NA,NA,NA,coconuts,,,,,,
1,06549475e28535bf090e5c27b3685fb12c9426f8fc1e599da8d892c13bde7a32,I’m good — skip to the next question,which_tropical_fruit_that_grows_on_palm_trees_is_used_for_oils_and_milks_fill_18.wav,filler_other,NA,NA,NA,coconuts,s,secsame,,,,JB_1205
1,06549475e28535bf090e5c27b3685fb12c9426f8fc1e599da8d892c13bde7a32,NA,which_tropical_fruit_that_grows_on_palm_trees_is_used_for_oils_and_milks_fill_18.wav,filler_other,NA,NA,NA,coconuts,,,,,,
1,06549475e28535bf090e5c27b3685fb12c9426f8fc1e599da8d892c13bde7a32,The question does NOT need any corrections.,what_letter_in_the_latin_alphabet_corresponds_to_the_greek_letter_alpha_fill_01.wav,filler_other,NA,NA,NA,a,nans,first,,a,,JB_1205
1,06549475e28535bf090e5c27b3685fb12c9426f8fc1e599da8d892c13bde7a32,answer is A,what_letter_in_the_latin_alphabet_corresponds_to_the_greek_letter_alpha_fill_01.wav,filler_other,NA,NA,NA,a,,,,,,
1,06549475e28535bf090e5c27b3685fb12c9426f8fc1e599da8d892c13bde7a32,I’m good — skip to the next question,what_letter_in_the_latin_alphabet_corresponds_to_the_greek_letter_alpha_fill_01.wav,filler_other,NA,NA,NA,a,s,secsame,,,,JB_1205
1,06549475e28535bf090e5c27b3685fb12c9426f8fc1e599da8d892c13bde7a32,NA,what_letter_in_the_latin_alphabet_corresponds_to_the_greek_letter_alpha_fill_01.wav,filler_other,NA,NA,NA,a,,,,,,
1,06549475e28535bf090e5c27b3685fb12c9426f8fc1e599da8d892c13bde7a32,"The question needs to be CORRECTED (Select this if you spot an error, even if you don’t know the answer).",if_a_janitor_hardworking_cleaned_a_bent_in_five_minutes_how_many_seconds_is_that_targ_22_D.wav,target,both_err,adj/noun order,/v/ --> /b/; vent/bent,eight,y,first,other,,no specificity in error report,JB_1205
1,06549475e28535bf090e5c27b3685fb12c9426f8fc1e599da8d892c13bde7a32,"There is an error there but it's hard to know what it said.
 

 I think the answer is 300",if_a_janitor_hardworking_cleaned_a_bent_in_five_minutes_how_many_seconds_is_that_targ_22_D.wav,target,both_err,adj/noun order,/v/ --> /b/; vent/bent,eight,,,,,,
1,06549475e28535bf090e5c27b3685fb12c9426f8fc1e599da8d892c13bde7a32,I’m good — skip to the next question,if_a_janitor_hardworking_cleaned_a_bent_in_five_minutes_how_many_seconds_is_that_targ_22_D.wav,target,both_err,adj/noun order,/v/ --> /b/; vent/bent,eight,s,secsame,,,,JB_1205
1,06549475e28535bf090e5c27b3685fb12c9426f8fc1e599da8d892c13bde7a32,NA,if_a_janitor_hardworking_cleaned_a_bent_in_five_minutes_how_many_seconds_is_that_targ_22_D.wav,target,both_err,adj/noun order,/v/ --> /b/; vent/bent,eight,,,,,,
1,06549475e28535bf090e5c27b3685fb12c9426f8fc1e599da8d892c13bde7a32,The question does NOT need any corrections.,what_animal_is_typically_white_with_black_spots_and_says_moo_fill_21.wav,filler_other,NA,NA,NA,a cow,nans,first,,a,,JB_1205
1,06549475e28535bf090e5c27b3685fb12c9426f8fc1e599da8d892c13bde7a32,Cow,what_animal_is_typically_white_with_black_spots_and_says_moo_fill_21.wav,filler_other,NA,NA,NA,a cow,,,,,,
1,06549475e28535bf090e5c27b3685fb12c9426f8fc1e599da8d892c13bde7a32,I’m good — skip to the next question,what_animal_is_typically_white_with_black_spots_and_says_moo_fill_21.wav,filler_other,NA,NA,NA,a cow,s,secsame,,,,JB_1205
1,06549475e28535bf090e5c27b3685fb12c9426f8fc1e599da8d892c13bde7a32,NA,what_animal_is_typically_white_with_black_spots_and_says_moo_fill_21.wav,filler_other,NA,NA,NA,a cow,,,,,,
1,06549475e28535bf090e5c27b3685fb12c9426f8fc1e599da8d892c13bde7a32,"The question needs to be CORRECTED (Select this if you spot an error, even if you don’t know the answer).",for_what_pink_ice_cream_flavor_will_companies_make_their_best_to_use_real_fruit_targ_01_C.wav,target,non_phon_err,make vs. other verb,/ɪ/ --> /i/; will/wheel,strawberry,y,first,np,,,JB_1205
1,06549475e28535bf090e5c27b3685fb12c9426f8fc1e599da8d892c13bde7a32,"Make their best should be do their best.
 

 Answer should be strawberry",for_what_pink_ice_cream_flavor_will_companies_make_their_best_to_use_real_fruit_targ_01_C.wav,target,non_phon_err,make vs. other verb,/ɪ/ --> /i/; will/wheel,strawberry,,,,,,
1,06549475e28535bf090e5c27b3685fb12c9426f8fc1e599da8d892c13bde7a32,I’m good — skip to the next question,for_what_pink_ice_cream_flavor_will_companies_make_their_best_to_use_real_fruit_targ_01_C.wav,target,non_phon_err,make vs. other verb,/ɪ/ --> /i/; will/wheel,strawberry,s,secsame,,,,JB_1205
1,06549475e28535bf090e5c27b3685fb12c9426f8fc1e599da8d892c13bde7a32,NA,for_what_pink_ice_cream_flavor_will_companies_make_their_best_to_use_real_fruit_targ_01_C.wav,target,non_phon_err,make vs. other verb,/ɪ/ --> /i/; will/wheel,strawberry,,,,,,
1,06549475e28535bf090e5c27b3685fb12c9426f8fc1e599da8d892c13bde7a32,"The question needs to be CORRECTED (Select this if you spot an error, even if you don’t know the answer).",what_colors_make_up_a_traditional_candy_cane_which_people_enjoy_eating_during_christmas_targ_15_A.wav,target,correct,infinitive vs. participle,/k/ --> /g/; cane/gain,red and white,y,first,otherp,,seems to find error in pronunciation of 'enjoy',JB_1205
1,06549475e28535bf090e5c27b3685fb12c9426f8fc1e599da8d892c13bde7a32,"which people ENJOY eating during Christmas.
 

 answer is red and white.",what_colors_make_up_a_traditional_candy_cane_which_people_enjoy_eating_during_christmas_targ_15_A.wav,target,correct,infinitive vs. participle,/k/ --> /g/; cane/gain,red and white,,,,,,
1,06549475e28535bf090e5c27b3685fb12c9426f8fc1e599da8d892c13bde7a32,I’m good — skip to the next question,what_colors_make_up_a_traditional_candy_cane_which_people_enjoy_eating_during_christmas_targ_15_A.wav,target,correct,infinitive vs. participle,/k/ --> /g/; cane/gain,red and white,s,secsame,,,,JB_1205
1,06549475e28535bf090e5c27b3685fb12c9426f8fc1e599da8d892c13bde7a32,NA,what_colors_make_up_a_traditional_candy_cane_which_people_enjoy_eating_during_christmas_targ_15_A.wav,target,correct,infinitive vs. participle,/k/ --> /g/; cane/gain,red and white,,,,,,
1,06549475e28535bf090e5c27b3685fb12c9426f8fc1e599da8d892c13bde7a32,"The question needs to be CORRECTED (Select this if you spot an error, even if you don’t know the answer).",what_did_neil_armstrong_say_during_his_berry_first_steps_on_the_moon_targ_04_B.wav,target,phon_err,no aux verbs in questions (lack of do support),/v/ --> /b/; very/berry,"""That's one small step for man, one giant leap for mankind.""",y,first,otherp,,finds error with pronunciation of 'Neil',JB_1205
1,06549475e28535bf090e5c27b3685fb12c9426f8fc1e599da8d892c13bde7a32,"NEIL armstrong
 

 Answer is that's one small step for man but a giant leap for mankind.",what_did_neil_armstrong_say_during_his_berry_first_steps_on_the_moon_targ_04_B.wav,target,phon_err,no aux verbs in questions (lack of do support),/v/ --> /b/; very/berry,"""That's one small step for man, one giant leap for mankind.""",,,,,,
1,06549475e28535bf090e5c27b3685fb12c9426f8fc1e599da8d892c13bde7a32,I’m good — skip to the next question,what_did_neil_armstrong_say_during_his_berry_first_steps_on_the_moon_targ_04_B.wav,target,phon_err,no aux verbs in questions (lack of do support),/v/ --> /b/; very/berry,"""That's one small step for man, one giant leap for mankind.""",s,secsame,,,,JB_1205
1,06549475e28535bf090e5c27b3685fb12c9426f8fc1e599da8d892c13bde7a32,NA,what_did_neil_armstrong_say_during_his_berry_first_steps_on_the_moon_targ_04_B.wav,target,phon_err,no aux verbs in questions (lack of do support),/v/ --> /b/; very/berry,"""That's one small step for man, one giant leap for mankind.""",,,,,,
1,06549475e28535bf090e5c27b3685fb12c9426f8fc1e599da8d892c13bde7a32,"The question needs to be CORRECTED (Select this if you spot an error, even if you don’t know the answer).",who_did_americans_boat_for_to_be_their_first_president_who_avoided_to_serve_three_terms_targ_10_D.wav,target,both_err,infinitive vs. participle,/v/ --> /b/; vote/boat,George Washington,y,first,np,,,JB_1205
1,06549475e28535bf090e5c27b3685fb12c9426f8fc1e599da8d892c13bde7a32,"who AVOIDED to serve three terms should be who DECLINED to serve three terms.
 

 answer is George Washington.",who_did_americans_boat_for_to_be_their_first_president_who_avoided_to_serve_three_terms_targ_10_D.wav,target,both_err,infinitive vs. participle,/v/ --> /b/; vote/boat,George Washington,,,,,,
1,06549475e28535bf090e5c27b3685fb12c9426f8fc1e599da8d892c13bde7a32,I’m good — skip to the next question,who_did_americans_boat_for_to_be_their_first_president_who_avoided_to_serve_three_terms_targ_10_D.wav,target,both_err,infinitive vs. participle,/v/ --> /b/; vote/boat,George Washington,s,secsame,,,,JB_1205
1,06549475e28535bf090e5c27b3685fb12c9426f8fc1e599da8d892c13bde7a32,NA,who_did_americans_boat_for_to_be_their_first_president_who_avoided_to_serve_three_terms_targ_10_D.wav,target,both_err,infinitive vs. participle,/v/ --> /b/; vote/boat,George Washington,,,,,,
1,06549475e28535bf090e5c27b3685fb12c9426f8fc1e599da8d892c13bde7a32,"The question needs to be CORRECTED (Select this if you spot an error, even if you don’t know the answer).",what_company_created_the_macbook_a_device_full_of_features_to_help_students_do_homework_targ_23_A.wav,target,correct,make vs. other verb,/ʊ/ --> /u/; full/fool,Apple,y,first,otherp,,heard 'do' as 'through',JB_1205
1,06549475e28535bf090e5c27b3685fb12c9426f8fc1e599da8d892c13bde7a32,"DO homework, not through.
 

 answer is apple.",what_company_created_the_macbook_a_device_full_of_features_to_help_students_do_homework_targ_23_A.wav,target,correct,make vs. other verb,/ʊ/ --> /u/; full/fool,Apple,,,,,,
1,06549475e28535bf090e5c27b3685fb12c9426f8fc1e599da8d892c13bde7a32,I’m good — skip to the next question,what_company_created_the_macbook_a_device_full_of_features_to_help_students_do_homework_targ_23_A.wav,target,correct,make vs. other verb,/ʊ/ --> /u/; full/fool,Apple,s,secsame,,,,JB_1205
1,06549475e28535bf090e5c27b3685fb12c9426f8fc1e599da8d892c13bde7a32,NA,what_company_created_the_macbook_a_device_full_of_features_to_help_students_do_homework_targ_23_A.wav,target,correct,make vs. other verb,/ʊ/ --> /u/; full/fool,Apple,,,,,,
1,06549475e28535bf090e5c27b3685fb12c9426f8fc1e599da8d892c13bde7a32,"The question needs to be CORRECTED (Select this if you spot an error, even if you don’t know the answer).",because_it_is_important_to_honor_the_iris_saint_what_holiday_occurs_on_march_17th_targ_08_B.wav,target,phon_err,expletive 'it' dropping,/ʃ/ --> /s/; Irish/iris,St. Patrick's Day,y,first,p,,,JB_1205
1,06549475e28535bf090e5c27b3685fb12c9426f8fc1e599da8d892c13bde7a32,"IRISH not IRIS
 

 Answer is St Patricks Day",because_it_is_important_to_honor_the_iris_saint_what_holiday_occurs_on_march_17th_targ_08_B.wav,target,phon_err,expletive 'it' dropping,/ʃ/ --> /s/; Irish/iris,St. Patrick's Day,,,,,,
1,06549475e28535bf090e5c27b3685fb12c9426f8fc1e599da8d892c13bde7a32,I’m good — skip to the next question,because_it_is_important_to_honor_the_iris_saint_what_holiday_occurs_on_march_17th_targ_08_B.wav,target,phon_err,expletive 'it' dropping,/ʃ/ --> /s/; Irish/iris,St. Patrick's Day,s,secsame,,,,JB_1205
1,06549475e28535bf090e5c27b3685fb12c9426f8fc1e599da8d892c13bde7a32,NA,because_it_is_important_to_honor_the_iris_saint_what_holiday_occurs_on_march_17th_targ_08_B.wav,target,phon_err,expletive 'it' dropping,/ʃ/ --> /s/; Irish/iris,St. Patrick's Day,,,,,,
1,06549475e28535bf090e5c27b3685fb12c9426f8fc1e599da8d892c13bde7a32,The question does NOT need any corrections.,who_discovered_the_law_of_universal_gravitation_which_accounts_for_why_objects_naturally_fall_downwards_fill_15.wav,filler_other,NA,NA,NA,Isaac Newton,nans,first,,a,,JB_1205
1,06549475e28535bf090e5c27b3685fb12c9426f8fc1e599da8d892c13bde7a32,Sir Isaac Newton,who_discovered_the_law_of_universal_gravitation_which_accounts_for_why_objects_naturally_fall_downwards_fill_15.wav,filler_other,NA,NA,NA,Isaac Newton,,,,,,
1,06549475e28535bf090e5c27b3685fb12c9426f8fc1e599da8d892c13bde7a32,I’m good — skip to the next question,who_discovered_the_law_of_universal_gravitation_which_accounts_for_why_objects_naturally_fall_downwards_fill_15.wav,filler_other,NA,NA,NA,Isaac Newton,s,secsame,,,,JB_1205
1,06549475e28535bf090e5c27b3685fb12c9426f8fc1e599da8d892c13bde7a32,NA,who_discovered_the_law_of_universal_gravitation_which_accounts_for_why_objects_naturally_fall_downwards_fill_15.wav,filler_other,NA,NA,NA,Isaac Newton,,,,,,
1,06549475e28535bf090e5c27b3685fb12c9426f8fc1e599da8d892c13bde7a32,The question does NOT need any corrections.,which_british_celebrity_judge_often_harshly_critiqued_contestants_on_the_nationwide_singing_contest_american_idol_fill_03.wav,filler_other,NA,NA,NA,Simon Cowell,nans,first,,a,,JB_1205
1,06549475e28535bf090e5c27b3685fb12c9426f8fc1e599da8d892c13bde7a32,Simon Cowell,which_british_celebrity_judge_often_harshly_critiqued_contestants_on_the_nationwide_singing_contest_american_idol_fill_03.wav,filler_other,NA,NA,NA,Simon Cowell,,,,,,
1,06549475e28535bf090e5c27b3685fb12c9426f8fc1e599da8d892c13bde7a32,I’m good — skip to the next question,which_british_celebrity_judge_often_harshly_critiqued_contestants_on_the_nationwide_singing_contest_american_idol_fill_03.wav,filler_other,NA,NA,NA,Simon Cowell,s,secsame,,,,JB_1205
1,06549475e28535bf090e5c27b3685fb12c9426f8fc1e599da8d892c13bde7a32,NA,which_british_celebrity_judge_often_harshly_critiqued_contestants_on_the_nationwide_singing_contest_american_idol_fill_03.wav,filler_other,NA,NA,NA,Simon Cowell,,,,,,
1,06549475e28535bf090e5c27b3685fb12c9426f8fc1e599da8d892c13bde7a32,"The question needs to be CORRECTED (Select this if you spot an error, even if you don’t know the answer).",what_organ_is_often_associated_with_being_eaten_by_rotting_flesh_monsters_also_known_as_zombies_fill_02.wav,filler_other,NA,NA,NA,the brain,y,first,otherfill,,suggests using 'rotting' rather than 'rotten',JB_1205
1,06549475e28535bf090e5c27b3685fb12c9426f8fc1e599da8d892c13bde7a32,"ROTTING flesh not ROTTEN
 

 Answer is brains",what_organ_is_often_associated_with_being_eaten_by_rotting_flesh_monsters_also_known_as_zombies_fill_02.wav,filler_other,NA,NA,NA,the brain,,,,,,
1,06549475e28535bf090e5c27b3685fb12c9426f8fc1e599da8d892c13bde7a32,I’m good — skip to the next question,what_organ_is_often_associated_with_being_eaten_by_rotting_flesh_monsters_also_known_as_zombies_fill_02.wav,filler_other,NA,NA,NA,the brain,s,secsame,,,,JB_1205
1,06549475e28535bf090e5c27b3685fb12c9426f8fc1e599da8d892c13bde7a32,NA,what_organ_is_often_associated_with_being_eaten_by_rotting_flesh_monsters_also_known_as_zombies_fill_02.wav,filler_other,NA,NA,NA,the brain,,,,,,
1,06549475e28535bf090e5c27b3685fb12c9426f8fc1e599da8d892c13bde7a32,"The question needs to be CORRECTED (Select this if you spot an error, even if you don’t know the answer).",what_city_have_people_rust_to_tour_to_see_where_the_us_government_makes_business_targ_14_D.wav,target,both_err,make vs. other verb,/ʃ/ --> /s/; rushed/rust,Washington D.C.,y,first,both,,,JB_1205
1,06549475e28535bf090e5c27b3685fb12c9426f8fc1e599da8d892c13bde7a32,"RUSHED to tour, DOES business
 

 Washington DC",what_city_have_people_rust_to_tour_to_see_where_the_us_government_makes_business_targ_14_D.wav,target,both_err,make vs. other verb,/ʃ/ --> /s/; rushed/rust,Washington D.C.,,,,,,
1,06549475e28535bf090e5c27b3685fb12c9426f8fc1e599da8d892c13bde7a32,I’m good — skip to the next question,what_city_have_people_rust_to_tour_to_see_where_the_us_government_makes_business_targ_14_D.wav,target,both_err,make vs. other verb,/ʃ/ --> /s/; rushed/rust,Washington D.C.,s,secsame,,,,JB_1205
1,06549475e28535bf090e5c27b3685fb12c9426f8fc1e599da8d892c13bde7a32,NA,what_city_have_people_rust_to_tour_to_see_where_the_us_government_makes_business_targ_14_D.wav,target,both_err,make vs. other verb,/ʃ/ --> /s/; rushed/rust,Washington D.C.,,,,,,
1,06549475e28535bf090e5c27b3685fb12c9426f8fc1e599da8d892c13bde7a32,The question does NOT need any corrections.,what_is_the_name_of_the_video_game_character_who_is_a_traveling_italian_plumber_fill_08.wav,filler_other,NA,NA,NA,Mario,nans,first,,a,,JB_1205
1,06549475e28535bf090e5c27b3685fb12c9426f8fc1e599da8d892c13bde7a32,Mario,what_is_the_name_of_the_video_game_character_who_is_a_traveling_italian_plumber_fill_08.wav,filler_other,NA,NA,NA,Mario,,,,,,
1,06549475e28535bf090e5c27b3685fb12c9426f8fc1e599da8d892c13bde7a32,I’m good — skip to the next question,what_is_the_name_of_the_video_game_character_who_is_a_traveling_italian_plumber_fill_08.wav,filler_other,NA,NA,NA,Mario,s,secsame,,,,JB_1205
1,06549475e28535bf090e5c27b3685fb12c9426f8fc1e599da8d892c13bde7a32,NA,what_is_the_name_of_the_video_game_character_who_is_a_traveling_italian_plumber_fill_08.wav,filler_other,NA,NA,NA,Mario,,,,,,
1,06549475e28535bf090e5c27b3685fb12c9426f8fc1e599da8d892c13bde7a32,"The question needs to be CORRECTED (Select this if you spot an error, even if you don’t know the answer).",what_mythical_creatures_have_been_said_to_drink_blood_turn_into_bats_and_hate_onions_fill_14.wav,filler_other,NA,NA,NA,vampires,y,first,otherfill,,correcting content of sentence,JB_1205
1,06549475e28535bf090e5c27b3685fb12c9426f8fc1e599da8d892c13bde7a32,"GARLIC, not ONIONS
 

 Answer is Vampires",what_mythical_creatures_have_been_said_to_drink_blood_turn_into_bats_and_hate_onions_fill_14.wav,filler_other,NA,NA,NA,vampires,,,,,,
1,06549475e28535bf090e5c27b3685fb12c9426f8fc1e599da8d892c13bde7a32,I’m good — skip to the next question,what_mythical_creatures_have_been_said_to_drink_blood_turn_into_bats_and_hate_onions_fill_14.wav,filler_other,NA,NA,NA,vampires,s,secsame,,,,JB_1205
1,06549475e28535bf090e5c27b3685fb12c9426f8fc1e599da8d892c13bde7a32,NA,what_mythical_creatures_have_been_said_to_drink_blood_turn_into_bats_and_hate_onions_fill_14.wav,filler_other,NA,NA,NA,vampires,,,,,,
1,06549475e28535bf090e5c27b3685fb12c9426f8fc1e599da8d892c13bde7a32,"The question needs to be CORRECTED (Select this if you spot an error, even if you don’t know the answer).",what_supplies_you_need_to_knit_a_scarf_targ_13_C.wav,target,non_phon_err,no aux verbs in questions (lack of do support),/ɪ/ --> /i/; knit/neat,needles and yarn,y,first,both,,notices phon error despite being only non-phon error stimulus,JB_1205
1,06549475e28535bf090e5c27b3685fb12c9426f8fc1e599da8d892c13bde7a32,"I heard What supplies you need to need a scarf
 

 Should be What supplies do you need to knit a scarf
 

 answer is knitting needles and yarn.",what_supplies_you_need_to_knit_a_scarf_targ_13_C.wav,target,non_phon_err,no aux verbs in questions (lack of do support),/ɪ/ --> /i/; knit/neat,needles and yarn,,,,,,
1,06549475e28535bf090e5c27b3685fb12c9426f8fc1e599da8d892c13bde7a32,I’m good — skip to the next question,what_supplies_you_need_to_knit_a_scarf_targ_13_C.wav,target,non_phon_err,no aux verbs in questions (lack of do support),/ɪ/ --> /i/; knit/neat,needles and yarn,s,secsame,,,,JB_1205
1,06549475e28535bf090e5c27b3685fb12c9426f8fc1e599da8d892c13bde7a32,NA,what_supplies_you_need_to_knit_a_scarf_targ_13_C.wav,target,non_phon_err,no aux verbs in questions (lack of do support),/ɪ/ --> /i/; knit/neat,needles and yarn,,,,,,
1,06549475e28535bf090e5c27b3685fb12c9426f8fc1e599da8d892c13bde7a32,The question does NOT need any corrections.,what_novel_has_the_quote_i’m_late_i’m_late_for_a_very_important_date_fill_13.wav,filler_other,NA,NA,NA,Alice in Wonderland,nans,first,,a,,JB_1205
1,06549475e28535bf090e5c27b3685fb12c9426f8fc1e599da8d892c13bde7a32,"Alice in Wonderland. Actually, it might be Through the Looking Glass.",what_novel_has_the_quote_i’m_late_i’m_late_for_a_very_important_date_fill_13.wav,filler_other,NA,NA,NA,Alice in Wonderland,,,,,,
1,06549475e28535bf090e5c27b3685fb12c9426f8fc1e599da8d892c13bde7a32,I’m good — skip to the next question,what_novel_has_the_quote_i’m_late_i’m_late_for_a_very_important_date_fill_13.wav,filler_other,NA,NA,NA,Alice in Wonderland,s,secsame,,,,JB_1205
1,06549475e28535bf090e5c27b3685fb12c9426f8fc1e599da8d892c13bde7a32,NA,what_novel_has_the_quote_i’m_late_i’m_late_for_a_very_important_date_fill_13.wav,filler_other,NA,NA,NA,Alice in Wonderland,,,,,,
1,06549475e28535bf090e5c27b3685fb12c9426f8fc1e599da8d892c13bde7a32,The question does NOT need any corrections.,in_the_famous_dr_seuss_book_what_orange_and_yellow_character_speaks_for_the_trees_fill_23.wav,filler_other,NA,NA,NA,the Lorax,nans,first,,a,,JB_1205
1,06549475e28535bf090e5c27b3685fb12c9426f8fc1e599da8d892c13bde7a32,The Lorax,in_the_famous_dr_seuss_book_what_orange_and_yellow_character_speaks_for_the_trees_fill_23.wav,filler_other,NA,NA,NA,the Lorax,,,,,,
1,06549475e28535bf090e5c27b3685fb12c9426f8fc1e599da8d892c13bde7a32,I’m good — skip to the next question,in_the_famous_dr_seuss_book_what_orange_and_yellow_character_speaks_for_the_trees_fill_23.wav,filler_other,NA,NA,NA,the Lorax,s,secsame,,,,JB_1205
1,06549475e28535bf090e5c27b3685fb12c9426f8fc1e599da8d892c13bde7a32,NA,in_the_famous_dr_seuss_book_what_orange_and_yellow_character_speaks_for_the_trees_fill_23.wav,filler_other,NA,NA,NA,the Lorax,,,,,,
1,06549475e28535bf090e5c27b3685fb12c9426f8fc1e599da8d892c13bde7a32,"The question needs to be CORRECTED (Select this if you spot an error, even if you don’t know the answer).",if_laundry_service_will_come_in_five_days_and_todays_thursday_when_are_they_making_laundry_next_targ_09_C.wav,target,non_phon_err,make vs. other verb,/k/ --> /g/; come/gum,Tuesday,y,first,np,,suggests other non-phon change in addition to target,JB_1205
1,06549475e28535bf090e5c27b3685fb12c9426f8fc1e599da8d892c13bde7a32,"If THE laundry service comes in five days....when are they DOING laundry next?
 

 Answer should be Tuesday",if_laundry_service_will_come_in_five_days_and_todays_thursday_when_are_they_making_laundry_next_targ_09_C.wav,target,non_phon_err,make vs. other verb,/k/ --> /g/; come/gum,Tuesday,,,,,,
1,06549475e28535bf090e5c27b3685fb12c9426f8fc1e599da8d892c13bde7a32,I’m good — skip to the next question,if_laundry_service_will_come_in_five_days_and_todays_thursday_when_are_they_making_laundry_next_targ_09_C.wav,target,non_phon_err,make vs. other verb,/k/ --> /g/; come/gum,Tuesday,s,secsame,,,,JB_1205
1,06549475e28535bf090e5c27b3685fb12c9426f8fc1e599da8d892c13bde7a32,NA,if_laundry_service_will_come_in_five_days_and_todays_thursday_when_are_they_making_laundry_next_targ_09_C.wav,target,non_phon_err,make vs. other verb,/k/ --> /g/; come/gum,Tuesday,,,,,,
1,06549475e28535bf090e5c27b3685fb12c9426f8fc1e599da8d892c13bde7a32,The question does NOT need any corrections.,what_is_the_name_of_the_comic_strip_featuring_charlie_brown_and_his_dog_snoopy_fill_06.wav,filler_other,NA,NA,NA,Peanuts,nans,first,,a,,JB_1205
1,06549475e28535bf090e5c27b3685fb12c9426f8fc1e599da8d892c13bde7a32,Peanuts,what_is_the_name_of_the_comic_strip_featuring_charlie_brown_and_his_dog_snoopy_fill_06.wav,filler_other,NA,NA,NA,Peanuts,,,,,,
1,06549475e28535bf090e5c27b3685fb12c9426f8fc1e599da8d892c13bde7a32,I’m good — skip to the next question,what_is_the_name_of_the_comic_strip_featuring_charlie_brown_and_his_dog_snoopy_fill_06.wav,filler_other,NA,NA,NA,Peanuts,s,secsame,,,,JB_1205
1,06549475e28535bf090e5c27b3685fb12c9426f8fc1e599da8d892c13bde7a32,NA,what_is_the_name_of_the_comic_strip_featuring_charlie_brown_and_his_dog_snoopy_fill_06.wav,filler_other,NA,NA,NA,Peanuts,,,,,,
1,06549475e28535bf090e5c27b3685fb12c9426f8fc1e599da8d892c13bde7a32,"The question needs to be CORRECTED (Select this if you spot an error, even if you don’t know the answer).",what_kind_of_weather_could_occur_when_is_raining_and_below_freezing_targ_05_C.wav,target,non_phon_err,expletive 'it' dropping,/ʊ/ --> /u/; could/cooed,snow,y,first,otherp,,pronunciation of 'occur',JB_1205
1,06549475e28535bf090e5c27b3685fb12c9426f8fc1e599da8d892c13bde7a32,"OCCUR
 

 Snow",what_kind_of_weather_could_occur_when_is_raining_and_below_freezing_targ_05_C.wav,target,non_phon_err,expletive 'it' dropping,/ʊ/ --> /u/; could/cooed,snow,,,,,,
1,06549475e28535bf090e5c27b3685fb12c9426f8fc1e599da8d892c13bde7a32,I’m good — skip to the next question,what_kind_of_weather_could_occur_when_is_raining_and_below_freezing_targ_05_C.wav,target,non_phon_err,expletive 'it' dropping,/ʊ/ --> /u/; could/cooed,snow,s,secsame,,,,JB_1205
1,06549475e28535bf090e5c27b3685fb12c9426f8fc1e599da8d892c13bde7a32,NA,what_kind_of_weather_could_occur_when_is_raining_and_below_freezing_targ_05_C.wav,target,non_phon_err,expletive 'it' dropping,/ʊ/ --> /u/; could/cooed,snow,,,,,,
1,06549475e28535bf090e5c27b3685fb12c9426f8fc1e599da8d892c13bde7a32,The question does NOT need any corrections.,what_kind_of_animal_is_mickey_mouse’s_girlfriend_minnie_who_wears_a_bow_fill_09.wav,filler_other,NA,NA,NA,mouse,nans,first,,a,,JB_1205
1,06549475e28535bf090e5c27b3685fb12c9426f8fc1e599da8d892c13bde7a32,Mouse,what_kind_of_animal_is_mickey_mouse’s_girlfriend_minnie_who_wears_a_bow_fill_09.wav,filler_other,NA,NA,NA,mouse,,,,,,
1,06549475e28535bf090e5c27b3685fb12c9426f8fc1e599da8d892c13bde7a32,I’m good — skip to the next question,what_kind_of_animal_is_mickey_mouse’s_girlfriend_minnie_who_wears_a_bow_fill_09.wav,filler_other,NA,NA,NA,mouse,s,secsame,,,,JB_1205
1,06549475e28535bf090e5c27b3685fb12c9426f8fc1e599da8d892c13bde7a32,NA,what_kind_of_animal_is_mickey_mouse’s_girlfriend_minnie_who_wears_a_bow_fill_09.wav,filler_other,NA,NA,NA,mouse,,,,,,
1,06549475e28535bf090e5c27b3685fb12c9426f8fc1e599da8d892c13bde7a32,The question does NOT need any corrections.,what_colors_can_be_on_a_traffic_light_which_often_senses_when_cars_pull_up_targ_11_A.wav,target,correct,have vs. be,/ʊ/ --> /u/; pulls/pools,green,nans,first,,a,,JB_1205
1,06549475e28535bf090e5c27b3685fb12c9426f8fc1e599da8d892c13bde7a32,"Red, yellow, and green",what_colors_can_be_on_a_traffic_light_which_often_senses_when_cars_pull_up_targ_11_A.wav,target,correct,have vs. be,/ʊ/ --> /u/; pulls/pools,green,,,,,,
1,06549475e28535bf090e5c27b3685fb12c9426f8fc1e599da8d892c13bde7a32,I’m good — skip to the next question,what_colors_can_be_on_a_traffic_light_which_often_senses_when_cars_pull_up_targ_11_A.wav,target,correct,have vs. be,/ʊ/ --> /u/; pulls/pools,green,s,secsame,,,,JB_1205
1,06549475e28535bf090e5c27b3685fb12c9426f8fc1e599da8d892c13bde7a32,NA,what_colors_can_be_on_a_traffic_light_which_often_senses_when_cars_pull_up_targ_11_A.wav,target,correct,have vs. be,/ʊ/ --> /u/; pulls/pools,green,,,,,,
1,06549475e28535bf090e5c27b3685fb12c9426f8fc1e599da8d892c13bde7a32,"The question needs to be CORRECTED (Select this if you spot an error, even if you don’t know the answer).",in_the_lion_king_who_nala_talk_to_and_is_laying_in_a_cot_after_theyve_reunited_targ_21_C.wav,target,non_phon_err,no aux verbs in questions (lack of do support),/k/ --> /g/; cot/got,Simba,y,first,np,,,JB_1205
1,06549475e28535bf090e5c27b3685fb12c9426f8fc1e599da8d892c13bde7a32,"who IS nala talking to
 

 Answer is Simba",in_the_lion_king_who_nala_talk_to_and_is_laying_in_a_cot_after_theyve_reunited_targ_21_C.wav,target,non_phon_err,no aux verbs in questions (lack of do support),/k/ --> /g/; cot/got,Simba,,,,,,
1,06549475e28535bf090e5c27b3685fb12c9426f8fc1e599da8d892c13bde7a32,I’m good — skip to the next question,in_the_lion_king_who_nala_talk_to_and_is_laying_in_a_cot_after_theyve_reunited_targ_21_C.wav,target,non_phon_err,no aux verbs in questions (lack of do support),/k/ --> /g/; cot/got,Simba,s,secsame,,,,JB_1205
1,06549475e28535bf090e5c27b3685fb12c9426f8fc1e599da8d892c13bde7a32,NA,in_the_lion_king_who_nala_talk_to_and_is_laying_in_a_cot_after_theyve_reunited_targ_21_C.wav,target,non_phon_err,no aux verbs in questions (lack of do support),/k/ --> /g/; cot/got,Simba,,,,,,
1,06549475e28535bf090e5c27b3685fb12c9426f8fc1e599da8d892c13bde7a32,The question does NOT need any corrections.,which_cartoon_character_works_at_the_krusty_krab_and_is_best_friends_with_patrick_star_fill_04.wav,filler_other,NA,NA,NA,Spongebob,nans,first,,a,,JB_1205
1,06549475e28535bf090e5c27b3685fb12c9426f8fc1e599da8d892c13bde7a32,Spongebob Squarepants,which_cartoon_character_works_at_the_krusty_krab_and_is_best_friends_with_patrick_star_fill_04.wav,filler_other,NA,NA,NA,Spongebob,,,,,,
1,06549475e28535bf090e5c27b3685fb12c9426f8fc1e599da8d892c13bde7a32,I’m good — skip to the next question,which_cartoon_character_works_at_the_krusty_krab_and_is_best_friends_with_patrick_star_fill_04.wav,filler_other,NA,NA,NA,Spongebob,s,secsame,,,,JB_1205
1,06549475e28535bf090e5c27b3685fb12c9426f8fc1e599da8d892c13bde7a32,NA,which_cartoon_character_works_at_the_krusty_krab_and_is_best_friends_with_patrick_star_fill_04.wav,filler_other,NA,NA,NA,Spongebob,,,,,,
1,06549475e28535bf090e5c27b3685fb12c9426f8fc1e599da8d892c13bde7a32,"The question needs to be CORRECTED (Select this if you spot an error, even if you don’t know the answer).",what_holiday_occurs_at_the_end_of_october_and_features_trick-or-treating_pumpkins_and_haunted_houses_fill_07.wav,filler_other,NA,NA,NA,Halloween,y,first,otherfill,,mentions error in pronunciation of 'pumpkins',JB_1205
1,06549475e28535bf090e5c27b3685fb12c9426f8fc1e599da8d892c13bde7a32,"PUMPKINS
 

 answer is Halloween",what_holiday_occurs_at_the_end_of_october_and_features_trick-or-treating_pumpkins_and_haunted_houses_fill_07.wav,filler_other,NA,NA,NA,Halloween,,,,,,
1,06549475e28535bf090e5c27b3685fb12c9426f8fc1e599da8d892c13bde7a32,I’m good — skip to the next question,what_holiday_occurs_at_the_end_of_october_and_features_trick-or-treating_pumpkins_and_haunted_houses_fill_07.wav,filler_other,NA,NA,NA,Halloween,s,secsame,,,,JB_1205
1,06549475e28535bf090e5c27b3685fb12c9426f8fc1e599da8d892c13bde7a32,NA,what_holiday_occurs_at_the_end_of_october_and_features_trick-or-treating_pumpkins_and_haunted_houses_fill_07.wav,filler_other,NA,NA,NA,Halloween,,,,,,
1,06549475e28535bf090e5c27b3685fb12c9426f8fc1e599da8d892c13bde7a32,"The question needs to be CORRECTED (Select this if you spot an error, even if you don’t know the answer).",how_many_legs_does_a_garden_spider_canadian_whose_silk_can_make_clot_have_targ_06_D.wav,target,both_err,adj/noun order,/θ/ --> /t/; cloth/clot,eight,y,first,other,,generally unable to understand sentence - not specific enough to know which errors were noticed,JB_1205
1,06549475e28535bf090e5c27b3685fb12c9426f8fc1e599da8d892c13bde7a32,I honestly didn't understand the question at all. Something about a spider?,how_many_legs_does_a_garden_spider_canadian_whose_silk_can_make_clot_have_targ_06_D.wav,target,both_err,adj/noun order,/θ/ --> /t/; cloth/clot,eight,,,,,,
1,06549475e28535bf090e5c27b3685fb12c9426f8fc1e599da8d892c13bde7a32,I’m good — skip to the next question,how_many_legs_does_a_garden_spider_canadian_whose_silk_can_make_clot_have_targ_06_D.wav,target,both_err,adj/noun order,/θ/ --> /t/; cloth/clot,eight,s,secsame,,,,JB_1205
1,06549475e28535bf090e5c27b3685fb12c9426f8fc1e599da8d892c13bde7a32,NA,how_many_legs_does_a_garden_spider_canadian_whose_silk_can_make_clot_have_targ_06_D.wav,target,both_err,adj/noun order,/θ/ --> /t/; cloth/clot,eight,,,,,,
1,06549475e28535bf090e5c27b3685fb12c9426f8fc1e599da8d892c13bde7a32,The question does NOT need any corrections.,what_us_holiday_is_often_celebrated_with_fireworks_and_hotdogs_to_honor_americas_freedom_fill_17.wav,filler_other,NA,NA,NA,Independence Day,nans,first,,a,,JB_1205
1,06549475e28535bf090e5c27b3685fb12c9426f8fc1e599da8d892c13bde7a32,July 4th,what_us_holiday_is_often_celebrated_with_fireworks_and_hotdogs_to_honor_americas_freedom_fill_17.wav,filler_other,NA,NA,NA,Independence Day,,,,,,
1,06549475e28535bf090e5c27b3685fb12c9426f8fc1e599da8d892c13bde7a32,I’m good — skip to the next question,what_us_holiday_is_often_celebrated_with_fireworks_and_hotdogs_to_honor_americas_freedom_fill_17.wav,filler_other,NA,NA,NA,Independence Day,s,secsame,,,,JB_1205
1,06549475e28535bf090e5c27b3685fb12c9426f8fc1e599da8d892c13bde7a32,NA,what_us_holiday_is_often_celebrated_with_fireworks_and_hotdogs_to_honor_americas_freedom_fill_17.wav,filler_other,NA,NA,NA,Independence Day,,,,,,
1,06549475e28535bf090e5c27b3685fb12c9426f8fc1e599da8d892c13bde7a32,"The question needs to be CORRECTED (Select this if you spot an error, even if you don’t know the answer).",what_term_refers_to_armored_men_who_enjoyed_to_carry_medieval_swords_that_class_in_combat_targ_02_D.wav,target,both_err,infinitive vs. participle,/ʃ/ --> /s/; clash/class,knights,y,first,p,,,JB_1205
1,06549475e28535bf090e5c27b3685fb12c9426f8fc1e599da8d892c13bde7a32,"That CLASH in combat
 

 Think the answer is Knights",what_term_refers_to_armored_men_who_enjoyed_to_carry_medieval_swords_that_class_in_combat_targ_02_D.wav,target,both_err,infinitive vs. participle,/ʃ/ --> /s/; clash/class,knights,,,,,,
1,06549475e28535bf090e5c27b3685fb12c9426f8fc1e599da8d892c13bde7a32,I’m good — skip to the next question,what_term_refers_to_armored_men_who_enjoyed_to_carry_medieval_swords_that_class_in_combat_targ_02_D.wav,target,both_err,infinitive vs. participle,/ʃ/ --> /s/; clash/class,knights,s,secsame,,,,JB_1205
1,06549475e28535bf090e5c27b3685fb12c9426f8fc1e599da8d892c13bde7a32,NA,what_term_refers_to_armored_men_who_enjoyed_to_carry_medieval_swords_that_class_in_combat_targ_02_D.wav,target,both_err,infinitive vs. participle,/ʃ/ --> /s/; clash/class,knights,,,,,,
1,06549475e28535bf090e5c27b3685fb12c9426f8fc1e599da8d892c13bde7a32,"The question does NOT need any corrections, but I don't know the answer/ I don't understand what the question is asking.",if_youre_on_a_pat_from_california_to_hawaii_which_ocean_do_you_go_through_targ_12_B.wav,target,phon_err,no aux verbs in questions (lack of do support),/θ/ --> /t/; path/pat,Pacific Ocean,nun,first,,,,JB_1205
1,06549475e28535bf090e5c27b3685fb12c9426f8fc1e599da8d892c13bde7a32,NA,if_youre_on_a_pat_from_california_to_hawaii_which_ocean_do_you_go_through_targ_12_B.wav,target,phon_err,no aux verbs in questions (lack of do support),/θ/ --> /t/; path/pat,Pacific Ocean,,,,,,
1,06549475e28535bf090e5c27b3685fb12c9426f8fc1e599da8d892c13bde7a32,"The question needs to be CORRECTED (Select this if you spot an error, even if you don’t know the answer).",if_youre_on_a_pat_from_california_to_hawaii_which_ocean_do_you_go_through_targ_12_B.wav,target,phon_err,no aux verbs in questions (lack of do support),/θ/ --> /t/; path/pat,Pacific Ocean,y,secdiff,p,,,JB_1205
1,06549475e28535bf090e5c27b3685fb12c9426f8fc1e599da8d892c13bde7a32,"If you're on A PLANE from
 

 I think its the Pacific Ocean",if_youre_on_a_pat_from_california_to_hawaii_which_ocean_do_you_go_through_targ_12_B.wav,target,phon_err,no aux verbs in questions (lack of do support),/θ/ --> /t/; path/pat,Pacific Ocean,,,,,,
1,06549475e28535bf090e5c27b3685fb12c9426f8fc1e599da8d892c13bde7a32,"The question needs to be CORRECTED (Select this if you spot an error, even if you don’t know the answer).",which_season_do_we_associate_with_thanksgiving_the_beginning_of_school_and_leaves_turning_brown_fill_19.wav,filler_other,NA,NA,NA,Fall,y,first,otherfill,,mentions that 'season' is pronounced as 'system',JB_1205
1,06549475e28535bf090e5c27b3685fb12c9426f8fc1e599da8d892c13bde7a32,"SEASON not SYSTEM
 

 answer is fall",which_season_do_we_associate_with_thanksgiving_the_beginning_of_school_and_leaves_turning_brown_fill_19.wav,filler_other,NA,NA,NA,Fall,,,,,,
1,06549475e28535bf090e5c27b3685fb12c9426f8fc1e599da8d892c13bde7a32,I’m good — skip to the next question,which_season_do_we_associate_with_thanksgiving_the_beginning_of_school_and_leaves_turning_brown_fill_19.wav,filler_other,NA,NA,NA,Fall,s,secsame,,,,JB_1205
1,06549475e28535bf090e5c27b3685fb12c9426f8fc1e599da8d892c13bde7a32,NA,which_season_do_we_associate_with_thanksgiving_the_beginning_of_school_and_leaves_turning_brown_fill_19.wav,filler_other,NA,NA,NA,Fall,,,,,,
1,06549475e28535bf090e5c27b3685fb12c9426f8fc1e599da8d892c13bde7a32,The question does NOT need any corrections.,if_i_consider_leaving_work_after_the_fort_hour_how_many_minutes_would_that_be_targ_24_B.wav,target,phon_err,infinitive vs. participle,/θ/ --> /t/; fourth/fort,two hundred and forty,nans,first,,w,,JB_1205
1,06549475e28535bf090e5c27b3685fb12c9426f8fc1e599da8d892c13bde7a32,24 mins,if_i_consider_leaving_work_after_the_fort_hour_how_many_minutes_would_that_be_targ_24_B.wav,target,phon_err,infinitive vs. participle,/θ/ --> /t/; fourth/fort,two hundred and forty,,,,,,
1,06549475e28535bf090e5c27b3685fb12c9426f8fc1e599da8d892c13bde7a32,I’m good — skip to the next question,if_i_consider_leaving_work_after_the_fort_hour_how_many_minutes_would_that_be_targ_24_B.wav,target,phon_err,infinitive vs. participle,/θ/ --> /t/; fourth/fort,two hundred and forty,s,secsame,,,,JB_1205
1,06549475e28535bf090e5c27b3685fb12c9426f8fc1e599da8d892c13bde7a32,NA,if_i_consider_leaving_work_after_the_fort_hour_how_many_minutes_would_that_be_targ_24_B.wav,target,phon_err,infinitive vs. participle,/θ/ --> /t/; fourth/fort,two hundred and forty,,,,,,
1,06549475e28535bf090e5c27b3685fb12c9426f8fc1e599da8d892c13bde7a32,The question does NOT need any corrections.,which_cartoon_dog_solves_mysteries_with_the_group_fred_daphne_velma_and_shaggy_fill_10.wav,filler_other,NA,NA,NA,Scooby-Doo,nans,first,,a,,JB_1205
1,06549475e28535bf090e5c27b3685fb12c9426f8fc1e599da8d892c13bde7a32,Scooby Doo,which_cartoon_dog_solves_mysteries_with_the_group_fred_daphne_velma_and_shaggy_fill_10.wav,filler_other,NA,NA,NA,Scooby-Doo,,,,,,
1,06549475e28535bf090e5c27b3685fb12c9426f8fc1e599da8d892c13bde7a32,I’m good — skip to the next question,which_cartoon_dog_solves_mysteries_with_the_group_fred_daphne_velma_and_shaggy_fill_10.wav,filler_other,NA,NA,NA,Scooby-Doo,s,secsame,,,,JB_1205
1,06549475e28535bf090e5c27b3685fb12c9426f8fc1e599da8d892c13bde7a32,NA,which_cartoon_dog_solves_mysteries_with_the_group_fred_daphne_velma_and_shaggy_fill_10.wav,filler_other,NA,NA,NA,Scooby-Doo,,,,,,
2,0ca17763e765e4e65a0c2352eb97c89b5556a9decadd55dab22752af4320c557,"The question needs to be CORRECTED (Select this if you spot an error, even if you don’t know the answer).",what_is_the_largest_plant_in_the_solar_system_fill_31.wav,att_check_err,NA,NA,NA,Jupiter (planet),y,first,acheckp,,attention check passed (7/8 correct),JB_1204
2,0ca17763e765e4e65a0c2352eb97c89b5556a9decadd55dab22752af4320c557,Should be planet instead of plant; Jupiter,what_is_the_largest_plant_in_the_solar_system_fill_31.wav,att_check_err,NA,NA,NA,Jupiter (planet),,,,,,
2,0ca17763e765e4e65a0c2352eb97c89b5556a9decadd55dab22752af4320c557,I’m good — skip to the next question,what_is_the_largest_plant_in_the_solar_system_fill_31.wav,att_check_err,NA,NA,NA,Jupiter (planet),s,secsame,,,,JB_1204
2,0ca17763e765e4e65a0c2352eb97c89b5556a9decadd55dab22752af4320c557,NA,what_is_the_largest_plant_in_the_solar_system_fill_31.wav,att_check_err,NA,NA,NA,Jupiter (planet),,,,,,
2,0ca17763e765e4e65a0c2352eb97c89b5556a9decadd55dab22752af4320c557,The question does NOT need any corrections.,what_state_is_los_angeles_located_in_fill_26.wav,att_check_good,NA,NA,NA,California,nans,first,,a,,JB_1204
2,0ca17763e765e4e65a0c2352eb97c89b5556a9decadd55dab22752af4320c557,California,what_state_is_los_angeles_located_in_fill_26.wav,att_check_good,NA,NA,NA,California,,,,,,
2,0ca17763e765e4e65a0c2352eb97c89b5556a9decadd55dab22752af4320c557,I’m good — skip to the next question,what_state_is_los_angeles_located_in_fill_26.wav,att_check_good,NA,NA,NA,California,s,secsame,,,,JB_1204
2,0ca17763e765e4e65a0c2352eb97c89b5556a9decadd55dab22752af4320c557,NA,what_state_is_los_angeles_located_in_fill_26.wav,att_check_good,NA,NA,NA,California,,,,,,
2,0ca17763e765e4e65a0c2352eb97c89b5556a9decadd55dab22752af4320c557,"The question needs to be CORRECTED (Select this if you spot an error, even if you don’t know the answer).",what_insect_undergoes_a_process_of_change_to_turn_into_a_butterfy_fill_30.wav,att_check_err,NA,NA,NA,caterpillar (butterfly),y,first,acheckf,,,JB_1204
2,0ca17763e765e4e65a0c2352eb97c89b5556a9decadd55dab22752af4320c557,I dont know what that third word is. She said butterfye instead of butter fly; Catepillar,what_insect_undergoes_a_process_of_change_to_turn_into_a_butterfy_fill_30.wav,att_check_err,NA,NA,NA,caterpillar (butterfly),,,,,,
2,0ca17763e765e4e65a0c2352eb97c89b5556a9decadd55dab22752af4320c557,I’m good — skip to the next question,what_insect_undergoes_a_process_of_change_to_turn_into_a_butterfy_fill_30.wav,att_check_err,NA,NA,NA,caterpillar (butterfly),s,secsame,,,,JB_1204
2,0ca17763e765e4e65a0c2352eb97c89b5556a9decadd55dab22752af4320c557,NA,what_insect_undergoes_a_process_of_change_to_turn_into_a_butterfy_fill_30.wav,att_check_err,NA,NA,NA,caterpillar (butterfly),,,,,,
2,0ca17763e765e4e65a0c2352eb97c89b5556a9decadd55dab22752af4320c557,"The question needs to be CORRECTED (Select this if you spot an error, even if you don’t know the answer).",in_the_cycle_of_seasons_what_season_comes_after_dinter_fill_29.wav,att_check_err,NA,NA,NA,"Spring (Winter, sound sub that's not related)",y,first,acheckp,,,JB_1204
2,0ca17763e765e4e65a0c2352eb97c89b5556a9decadd55dab22752af4320c557,Said Dinter instead of Winter; Spring,in_the_cycle_of_seasons_what_season_comes_after_dinter_fill_29.wav,att_check_err,NA,NA,NA,"Spring (Winter, sound sub that's not related)",,,,,,
2,0ca17763e765e4e65a0c2352eb97c89b5556a9decadd55dab22752af4320c557,I’m good — skip to the next question,in_the_cycle_of_seasons_what_season_comes_after_dinter_fill_29.wav,att_check_err,NA,NA,NA,"Spring (Winter, sound sub that's not related)",s,secsame,,,,JB_1204
2,0ca17763e765e4e65a0c2352eb97c89b5556a9decadd55dab22752af4320c557,NA,in_the_cycle_of_seasons_what_season_comes_after_dinter_fill_29.wav,att_check_err,NA,NA,NA,"Spring (Winter, sound sub that's not related)",,,,,,
2,0ca17763e765e4e65a0c2352eb97c89b5556a9decadd55dab22752af4320c557,"The question needs to be CORRECTED (Select this if you spot an error, even if you don’t know the answer).",how_many_embers_were_in_the_beatles_the_british_rock_band_fill_32.wav,att_check_err,NA,NA,NA,four (members),y,first,acheckp,,,JB_1204
2,0ca17763e765e4e65a0c2352eb97c89b5556a9decadd55dab22752af4320c557,"Members*, BEETles*; 4",how_many_embers_were_in_the_beatles_the_british_rock_band_fill_32.wav,att_check_err,NA,NA,NA,four (members),,,,,,
2,0ca17763e765e4e65a0c2352eb97c89b5556a9decadd55dab22752af4320c557,I’m good — skip to the next question,how_many_embers_were_in_the_beatles_the_british_rock_band_fill_32.wav,att_check_err,NA,NA,NA,four (members),s,secsame,,,,JB_1204
2,0ca17763e765e4e65a0c2352eb97c89b5556a9decadd55dab22752af4320c557,NA,how_many_embers_were_in_the_beatles_the_british_rock_band_fill_32.wav,att_check_err,NA,NA,NA,four (members),,,,,,
2,0ca17763e765e4e65a0c2352eb97c89b5556a9decadd55dab22752af4320c557,The question does NOT need any corrections.,what_color_is_a_typical_school_bus_fill_28.wav,att_check_good,NA,NA,NA,yellow,nans,first,,a,,JB_1204
2,0ca17763e765e4e65a0c2352eb97c89b5556a9decadd55dab22752af4320c557,yellow,what_color_is_a_typical_school_bus_fill_28.wav,att_check_good,NA,NA,NA,yellow,,,,,,
2,0ca17763e765e4e65a0c2352eb97c89b5556a9decadd55dab22752af4320c557,I’m good — skip to the next question,what_color_is_a_typical_school_bus_fill_28.wav,att_check_good,NA,NA,NA,yellow,s,secsame,,,,JB_1204
2,0ca17763e765e4e65a0c2352eb97c89b5556a9decadd55dab22752af4320c557,NA,what_color_is_a_typical_school_bus_fill_28.wav,att_check_good,NA,NA,NA,yellow,,,,,,
2,0ca17763e765e4e65a0c2352eb97c89b5556a9decadd55dab22752af4320c557,The question does NOT need any corrections.,how_many_legs_does_a_dog_normally_have_fill_25.wav,att_check_good,NA,NA,NA,four,nans,first,,a,,JB_1204
2,0ca17763e765e4e65a0c2352eb97c89b5556a9decadd55dab22752af4320c557,4,how_many_legs_does_a_dog_normally_have_fill_25.wav,att_check_good,NA,NA,NA,four,,,,,,
2,0ca17763e765e4e65a0c2352eb97c89b5556a9decadd55dab22752af4320c557,I’m good — skip to the next question,how_many_legs_does_a_dog_normally_have_fill_25.wav,att_check_good,NA,NA,NA,four,s,secsame,,,,JB_1204
2,0ca17763e765e4e65a0c2352eb97c89b5556a9decadd55dab22752af4320c557,NA,how_many_legs_does_a_dog_normally_have_fill_25.wav,att_check_good,NA,NA,NA,four,,,,,,
2,0ca17763e765e4e65a0c2352eb97c89b5556a9decadd55dab22752af4320c557,The question does NOT need any corrections.,what_day_of_the_week_comes_after_monday_fill_27.wav,att_check_good,NA,NA,NA,Tuesday,nans,first,,a,,JB_1204
2,0ca17763e765e4e65a0c2352eb97c89b5556a9decadd55dab22752af4320c557,tuesday,what_day_of_the_week_comes_after_monday_fill_27.wav,att_check_good,NA,NA,NA,Tuesday,,,,,,
2,0ca17763e765e4e65a0c2352eb97c89b5556a9decadd55dab22752af4320c557,I’m good — skip to the next question,what_day_of_the_week_comes_after_monday_fill_27.wav,att_check_good,NA,NA,NA,Tuesday,s,secsame,,,,JB_1204
2,0ca17763e765e4e65a0c2352eb97c89b5556a9decadd55dab22752af4320c557,NA,what_day_of_the_week_comes_after_monday_fill_27.wav,att_check_good,NA,NA,NA,Tuesday,,,,,,
2,0ca17763e765e4e65a0c2352eb97c89b5556a9decadd55dab22752af4320c557,The question does NOT need any corrections.,which_soft_pastry_made_with_a_certain_spice_is_often_spiral-shaped_and_topped_with_icing_fill_16.wav,filler_other,NA,NA,NA,cinnamon roll,nans,first,,a,,JB_1205
2,0ca17763e765e4e65a0c2352eb97c89b5556a9decadd55dab22752af4320c557,Cinnamon Roll,which_soft_pastry_made_with_a_certain_spice_is_often_spiral-shaped_and_topped_with_icing_fill_16.wav,filler_other,NA,NA,NA,cinnamon roll,,,,,,
2,0ca17763e765e4e65a0c2352eb97c89b5556a9decadd55dab22752af4320c557,I’m good — skip to the next question,which_soft_pastry_made_with_a_certain_spice_is_often_spiral-shaped_and_topped_with_icing_fill_16.wav,filler_other,NA,NA,NA,cinnamon roll,s,secsame,,,,JB_1205
2,0ca17763e765e4e65a0c2352eb97c89b5556a9decadd55dab22752af4320c557,NA,which_soft_pastry_made_with_a_certain_spice_is_often_spiral-shaped_and_topped_with_icing_fill_16.wav,filler_other,NA,NA,NA,cinnamon roll,,,,,,
2,0ca17763e765e4e65a0c2352eb97c89b5556a9decadd55dab22752af4320c557,The question does NOT need any corrections.,in_what_country_would_you_find_landmarks_like_the_pyramids_of_giza_and_great_sphinx_fill_24.wav,filler_other,NA,NA,NA,Egypt,nans,first,,a,,JB_1205
2,0ca17763e765e4e65a0c2352eb97c89b5556a9decadd55dab22752af4320c557,Egypt,in_what_country_would_you_find_landmarks_like_the_pyramids_of_giza_and_great_sphinx_fill_24.wav,filler_other,NA,NA,NA,Egypt,,,,,,
2,0ca17763e765e4e65a0c2352eb97c89b5556a9decadd55dab22752af4320c557,I’m good — skip to the next question,in_what_country_would_you_find_landmarks_like_the_pyramids_of_giza_and_great_sphinx_fill_24.wav,filler_other,NA,NA,NA,Egypt,s,secsame,,,,JB_1205
2,0ca17763e765e4e65a0c2352eb97c89b5556a9decadd55dab22752af4320c557,NA,in_what_country_would_you_find_landmarks_like_the_pyramids_of_giza_and_great_sphinx_fill_24.wav,filler_other,NA,NA,NA,Egypt,,,,,,
2,0ca17763e765e4e65a0c2352eb97c89b5556a9decadd55dab22752af4320c557,"The question needs to be CORRECTED (Select this if you spot an error, even if you don’t know the answer).",what_company_created_the_macbook_a_device_fool_of_features_to_help_students_do_homework_targ_23_B.wav,target,phon_err,make vs. other verb,/ʊ/ --> /u/; full/fool,Apple,y,first,otherp,,mentions need for pause after 'MacBook',JB_1205
2,0ca17763e765e4e65a0c2352eb97c89b5556a9decadd55dab22752af4320c557,There needs to be like a pause between Macbook and then the definition of it; Apple,what_company_created_the_macbook_a_device_fool_of_features_to_help_students_do_homework_targ_23_B.wav,target,phon_err,make vs. other verb,/ʊ/ --> /u/; full/fool,Apple,,,,,,
2,0ca17763e765e4e65a0c2352eb97c89b5556a9decadd55dab22752af4320c557,I’m good — skip to the next question,what_company_created_the_macbook_a_device_fool_of_features_to_help_students_do_homework_targ_23_B.wav,target,phon_err,make vs. other verb,/ʊ/ --> /u/; full/fool,Apple,s,secsame,,,,JB_1205
2,0ca17763e765e4e65a0c2352eb97c89b5556a9decadd55dab22752af4320c557,NA,what_company_created_the_macbook_a_device_fool_of_features_to_help_students_do_homework_targ_23_B.wav,target,phon_err,make vs. other verb,/ʊ/ --> /u/; full/fool,Apple,,,,,,
2,0ca17763e765e4e65a0c2352eb97c89b5556a9decadd55dab22752af4320c557,"The question needs to be CORRECTED (Select this if you spot an error, even if you don’t know the answer).",what_kind_of_animal_is_mickey_mouse’s_girlfriend_minnie_who_wears_a_bow_fill_09.wav,filler_other,NA,NA,NA,mouse,y,first,otherfill,,says that answer is mentioned in question (Minnie Mouse),JB_1205
2,0ca17763e765e4e65a0c2352eb97c89b5556a9decadd55dab22752af4320c557,May be me being picky but the anwser is in the question (mouse); mouse,what_kind_of_animal_is_mickey_mouse’s_girlfriend_minnie_who_wears_a_bow_fill_09.wav,filler_other,NA,NA,NA,mouse,,,,,,
2,0ca17763e765e4e65a0c2352eb97c89b5556a9decadd55dab22752af4320c557,I’m good — skip to the next question,what_kind_of_animal_is_mickey_mouse’s_girlfriend_minnie_who_wears_a_bow_fill_09.wav,filler_other,NA,NA,NA,mouse,s,secsame,,,,JB_1205
2,0ca17763e765e4e65a0c2352eb97c89b5556a9decadd55dab22752af4320c557,NA,what_kind_of_animal_is_mickey_mouse’s_girlfriend_minnie_who_wears_a_bow_fill_09.wav,filler_other,NA,NA,NA,mouse,,,,,,
2,0ca17763e765e4e65a0c2352eb97c89b5556a9decadd55dab22752af4320c557,"The question needs to be CORRECTED (Select this if you spot an error, even if you don’t know the answer).",what_animal_is_typically_white_with_black_spots_and_says_moo_fill_21.wav,filler_other,NA,NA,NA,a cow,y,first,otherfill,,mentions error in pronunciation of 'moo',JB_1205
2,0ca17763e765e4e65a0c2352eb97c89b5556a9decadd55dab22752af4320c557,Should be more like mOUUUU instead of Mohhh(This is a cow mooing); cow.,what_animal_is_typically_white_with_black_spots_and_says_moo_fill_21.wav,filler_other,NA,NA,NA,a cow,,,,,,
2,0ca17763e765e4e65a0c2352eb97c89b5556a9decadd55dab22752af4320c557,I’m good — skip to the next question,what_animal_is_typically_white_with_black_spots_and_says_moo_fill_21.wav,filler_other,NA,NA,NA,a cow,s,secsame,,,,JB_1205
2,0ca17763e765e4e65a0c2352eb97c89b5556a9decadd55dab22752af4320c557,NA,what_animal_is_typically_white_with_black_spots_and_says_moo_fill_21.wav,filler_other,NA,NA,NA,a cow,,,,,,
2,0ca17763e765e4e65a0c2352eb97c89b5556a9decadd55dab22752af4320c557,"The question needs to be CORRECTED (Select this if you spot an error, even if you don’t know the answer).",where_do_people_get_drivers_licenses_since_is_required_as_valid_id_to_drive_targ_16_C.wav,target,non_phon_err,expletive 'it' dropping,/v/ --> /b/; valid/ballad,DMV,y,first,otherp,,mentions need for prosodic pauses,JB_1205
2,0ca17763e765e4e65a0c2352eb97c89b5556a9decadd55dab22752af4320c557,This sentence on paper would have commas and cause of that it needs pauses; dmv,where_do_people_get_drivers_licenses_since_is_required_as_valid_id_to_drive_targ_16_C.wav,target,non_phon_err,expletive 'it' dropping,/v/ --> /b/; valid/ballad,DMV,,,,,,
2,0ca17763e765e4e65a0c2352eb97c89b5556a9decadd55dab22752af4320c557,I’m good — skip to the next question,where_do_people_get_drivers_licenses_since_is_required_as_valid_id_to_drive_targ_16_C.wav,target,non_phon_err,expletive 'it' dropping,/v/ --> /b/; valid/ballad,DMV,s,secsame,,,,JB_1205
2,0ca17763e765e4e65a0c2352eb97c89b5556a9decadd55dab22752af4320c557,NA,where_do_people_get_drivers_licenses_since_is_required_as_valid_id_to_drive_targ_16_C.wav,target,non_phon_err,expletive 'it' dropping,/v/ --> /b/; valid/ballad,DMV,,,,,,
2,0ca17763e765e4e65a0c2352eb97c89b5556a9decadd55dab22752af4320c557,The question does NOT need any corrections.,which_oscar-winning_movie_features_tom_hanks_saying_life_is_like_a_box_of_chocolates_fill_12.wav,filler_other,NA,NA,NA,Forrest Gump,nans,first,,a,,JB_1205
2,0ca17763e765e4e65a0c2352eb97c89b5556a9decadd55dab22752af4320c557,Forest Gump,which_oscar-winning_movie_features_tom_hanks_saying_life_is_like_a_box_of_chocolates_fill_12.wav,filler_other,NA,NA,NA,Forrest Gump,,,,,,
2,0ca17763e765e4e65a0c2352eb97c89b5556a9decadd55dab22752af4320c557,I’m good — skip to the next question,which_oscar-winning_movie_features_tom_hanks_saying_life_is_like_a_box_of_chocolates_fill_12.wav,filler_other,NA,NA,NA,Forrest Gump,s,secsame,,,,JB_1205
2,0ca17763e765e4e65a0c2352eb97c89b5556a9decadd55dab22752af4320c557,NA,which_oscar-winning_movie_features_tom_hanks_saying_life_is_like_a_box_of_chocolates_fill_12.wav,filler_other,NA,NA,NA,Forrest Gump,,,,,,
2,0ca17763e765e4e65a0c2352eb97c89b5556a9decadd55dab22752af4320c557,The question does NOT need any corrections.,what_is_the_name_of_the_comic_strip_featuring_charlie_brown_and_his_dog_snoopy_fill_06.wav,filler_other,NA,NA,NA,Peanuts,nans,first,,a,,JB_1205
2,0ca17763e765e4e65a0c2352eb97c89b5556a9decadd55dab22752af4320c557,The peanuts,what_is_the_name_of_the_comic_strip_featuring_charlie_brown_and_his_dog_snoopy_fill_06.wav,filler_other,NA,NA,NA,Peanuts,,,,,,
2,0ca17763e765e4e65a0c2352eb97c89b5556a9decadd55dab22752af4320c557,I’m good — skip to the next question,what_is_the_name_of_the_comic_strip_featuring_charlie_brown_and_his_dog_snoopy_fill_06.wav,filler_other,NA,NA,NA,Peanuts,s,secsame,,,,JB_1205
2,0ca17763e765e4e65a0c2352eb97c89b5556a9decadd55dab22752af4320c557,NA,what_is_the_name_of_the_comic_strip_featuring_charlie_brown_and_his_dog_snoopy_fill_06.wav,filler_other,NA,NA,NA,Peanuts,,,,,,
2,0ca17763e765e4e65a0c2352eb97c89b5556a9decadd55dab22752af4320c557,The question does NOT need any corrections.,what_mythical_creatures_have_been_said_to_drink_blood_turn_into_bats_and_hate_onions_fill_14.wav,filler_other,NA,NA,NA,vampires,nans,first,,a,,JB_1205
2,0ca17763e765e4e65a0c2352eb97c89b5556a9decadd55dab22752af4320c557,Vampires,what_mythical_creatures_have_been_said_to_drink_blood_turn_into_bats_and_hate_onions_fill_14.wav,filler_other,NA,NA,NA,vampires,,,,,,
2,0ca17763e765e4e65a0c2352eb97c89b5556a9decadd55dab22752af4320c557,"The question needs to be CORRECTED (Select this if you spot an error, even if you don’t know the answer).",what_mythical_creatures_have_been_said_to_drink_blood_turn_into_bats_and_hate_onions_fill_14.wav,filler_other,NA,NA,NA,vampires,y,secdiff,,,,JB_1205
2,0ca17763e765e4e65a0c2352eb97c89b5556a9decadd55dab22752af4320c557,That third word is tricky to make out.,what_mythical_creatures_have_been_said_to_drink_blood_turn_into_bats_and_hate_onions_fill_14.wav,filler_other,NA,NA,NA,vampires,,,,,,
2,0ca17763e765e4e65a0c2352eb97c89b5556a9decadd55dab22752af4320c557,The question does NOT need any corrections.,what_big_star_in_our_solar_system_can_steal_be_visible_when_it_is_cloudy_targ_19_B.wav,target,phon_err,expletive 'it' dropping,/ɪ/ --> /i/; still/steal,the Sun,nans,first,,a,,JB_1205
2,0ca17763e765e4e65a0c2352eb97c89b5556a9decadd55dab22752af4320c557,Sun,what_big_star_in_our_solar_system_can_steal_be_visible_when_it_is_cloudy_targ_19_B.wav,target,phon_err,expletive 'it' dropping,/ɪ/ --> /i/; still/steal,the Sun,,,,,,
2,0ca17763e765e4e65a0c2352eb97c89b5556a9decadd55dab22752af4320c557,I’m good — skip to the next question,what_big_star_in_our_solar_system_can_steal_be_visible_when_it_is_cloudy_targ_19_B.wav,target,phon_err,expletive 'it' dropping,/ɪ/ --> /i/; still/steal,the Sun,s,secsame,,,,JB_1205
2,0ca17763e765e4e65a0c2352eb97c89b5556a9decadd55dab22752af4320c557,NA,what_big_star_in_our_solar_system_can_steal_be_visible_when_it_is_cloudy_targ_19_B.wav,target,phon_err,expletive 'it' dropping,/ɪ/ --> /i/; still/steal,the Sun,,,,,,
2,0ca17763e765e4e65a0c2352eb97c89b5556a9decadd55dab22752af4320c557,The question does NOT need any corrections.,what_organ_is_often_associated_with_being_eaten_by_rotting_flesh_monsters_also_known_as_zombies_fill_02.wav,filler_other,NA,NA,NA,the brain,nans,first,,a,,JB_1205
2,0ca17763e765e4e65a0c2352eb97c89b5556a9decadd55dab22752af4320c557,Brain,what_organ_is_often_associated_with_being_eaten_by_rotting_flesh_monsters_also_known_as_zombies_fill_02.wav,filler_other,NA,NA,NA,the brain,,,,,,
2,0ca17763e765e4e65a0c2352eb97c89b5556a9decadd55dab22752af4320c557,I’m good — skip to the next question,what_organ_is_often_associated_with_being_eaten_by_rotting_flesh_monsters_also_known_as_zombies_fill_02.wav,filler_other,NA,NA,NA,the brain,s,secsame,,,,JB_1205
2,0ca17763e765e4e65a0c2352eb97c89b5556a9decadd55dab22752af4320c557,NA,what_organ_is_often_associated_with_being_eaten_by_rotting_flesh_monsters_also_known_as_zombies_fill_02.wav,filler_other,NA,NA,NA,the brain,,,,,,
2,0ca17763e765e4e65a0c2352eb97c89b5556a9decadd55dab22752af4320c557,"The question needs to be CORRECTED (Select this if you spot an error, even if you don’t know the answer).",what_neil_armstrong_say_during_his_very_first_steps_on_the_moon_targ_04_C.wav,target,non_phon_err,no aux verbs in questions (lack of do support),/v/ --> /b/; very/berry,"""That's one small step for man, one giant leap for mankind.""",y,first,np,,,JB_1205
2,0ca17763e765e4e65a0c2352eb97c89b5556a9decadd55dab22752af4320c557,"What DID Neil Armstrong say...; One small step for man, one giant leep for mankind.",what_neil_armstrong_say_during_his_very_first_steps_on_the_moon_targ_04_C.wav,target,non_phon_err,no aux verbs in questions (lack of do support),/v/ --> /b/; very/berry,"""That's one small step for man, one giant leap for mankind.""",,,,,,
2,0ca17763e765e4e65a0c2352eb97c89b5556a9decadd55dab22752af4320c557,I’m good — skip to the next question,what_neil_armstrong_say_during_his_very_first_steps_on_the_moon_targ_04_C.wav,target,non_phon_err,no aux verbs in questions (lack of do support),/v/ --> /b/; very/berry,"""That's one small step for man, one giant leap for mankind.""",s,secsame,,,,JB_1205
2,0ca17763e765e4e65a0c2352eb97c89b5556a9decadd55dab22752af4320c557,NA,what_neil_armstrong_say_during_his_very_first_steps_on_the_moon_targ_04_C.wav,target,non_phon_err,no aux verbs in questions (lack of do support),/v/ --> /b/; very/berry,"""That's one small step for man, one giant leap for mankind.""",,,,,,
2,0ca17763e765e4e65a0c2352eb97c89b5556a9decadd55dab22752af4320c557,The question does NOT need any corrections.,because_is_important_to_honor_the_irish_saint_what_holiday_occurs_on_march_17th_targ_08_C.wav,target,non_phon_err,expletive 'it' dropping,/ʃ/ --> /s/; Irish/iris,St. Patrick's Day,nans,first,,a,,JB_1205
2,0ca17763e765e4e65a0c2352eb97c89b5556a9decadd55dab22752af4320c557,St. Patricks day,because_is_important_to_honor_the_irish_saint_what_holiday_occurs_on_march_17th_targ_08_C.wav,target,non_phon_err,expletive 'it' dropping,/ʃ/ --> /s/; Irish/iris,St. Patrick's Day,,,,,,
2,0ca17763e765e4e65a0c2352eb97c89b5556a9decadd55dab22752af4320c557,I’m good — skip to the next question,because_is_important_to_honor_the_irish_saint_what_holiday_occurs_on_march_17th_targ_08_C.wav,target,non_phon_err,expletive 'it' dropping,/ʃ/ --> /s/; Irish/iris,St. Patrick's Day,s,secsame,,,,JB_1205
2,0ca17763e765e4e65a0c2352eb97c89b5556a9decadd55dab22752af4320c557,NA,because_is_important_to_honor_the_irish_saint_what_holiday_occurs_on_march_17th_targ_08_C.wav,target,non_phon_err,expletive 'it' dropping,/ʃ/ --> /s/; Irish/iris,St. Patrick's Day,,,,,,
2,0ca17763e765e4e65a0c2352eb97c89b5556a9decadd55dab22752af4320c557,The question does NOT need any corrections.,which_fast_food_chain_offers_foot-long_sandwiches_and_has_the_slogan_eat_fresh_fill_11.wav,filler_other,NA,NA,NA,Subway,nans,first,,a,,JB_1205
2,0ca17763e765e4e65a0c2352eb97c89b5556a9decadd55dab22752af4320c557,Subway,which_fast_food_chain_offers_foot-long_sandwiches_and_has_the_slogan_eat_fresh_fill_11.wav,filler_other,NA,NA,NA,Subway,,,,,,
2,0ca17763e765e4e65a0c2352eb97c89b5556a9decadd55dab22752af4320c557,I’m good — skip to the next question,which_fast_food_chain_offers_foot-long_sandwiches_and_has_the_slogan_eat_fresh_fill_11.wav,filler_other,NA,NA,NA,Subway,s,secsame,,,,JB_1205
2,0ca17763e765e4e65a0c2352eb97c89b5556a9decadd55dab22752af4320c557,NA,which_fast_food_chain_offers_foot-long_sandwiches_and_has_the_slogan_eat_fresh_fill_11.wav,filler_other,NA,NA,NA,Subway,,,,,,
2,0ca17763e765e4e65a0c2352eb97c89b5556a9decadd55dab22752af4320c557,"The question needs to be CORRECTED (Select this if you spot an error, even if you don’t know the answer).",who_did_americans_vote_for_to_be_their_first_president_who_avoided_serving_three_terms_targ_10_A.wav,target,correct,infinitive vs. participle,/v/ --> /b/; vote/boat,George Washington,y,first,otherp,,mentions need for pause and other unrelated issues with recording,JB_1205
2,0ca17763e765e4e65a0c2352eb97c89b5556a9decadd55dab22752af4320c557,Very heavy words that pick up on the mics. Needs to pause and maybe add a connecting subject between the sentences.,who_did_americans_vote_for_to_be_their_first_president_who_avoided_serving_three_terms_targ_10_A.wav,target,correct,infinitive vs. participle,/v/ --> /b/; vote/boat,George Washington,,,,,,
2,0ca17763e765e4e65a0c2352eb97c89b5556a9decadd55dab22752af4320c557,I’m good — skip to the next question,who_did_americans_vote_for_to_be_their_first_president_who_avoided_serving_three_terms_targ_10_A.wav,target,correct,infinitive vs. participle,/v/ --> /b/; vote/boat,George Washington,s,secsame,,,,JB_1205
2,0ca17763e765e4e65a0c2352eb97c89b5556a9decadd55dab22752af4320c557,NA,who_did_americans_vote_for_to_be_their_first_president_who_avoided_serving_three_terms_targ_10_A.wav,target,correct,infinitive vs. participle,/v/ --> /b/; vote/boat,George Washington,,,,,,
2,0ca17763e765e4e65a0c2352eb97c89b5556a9decadd55dab22752af4320c557,"The question does NOT need any corrections, but I don't know the answer/ I don't understand what the question is asking.",what_letter_in_the_latin_alphabet_corresponds_to_the_greek_letter_alpha_fill_01.wav,filler_other,NA,NA,NA,a,nun,first,otherfill,,,JB_1205
2,0ca17763e765e4e65a0c2352eb97c89b5556a9decadd55dab22752af4320c557,NA,what_letter_in_the_latin_alphabet_corresponds_to_the_greek_letter_alpha_fill_01.wav,filler_other,NA,NA,NA,a,,,,,,
2,0ca17763e765e4e65a0c2352eb97c89b5556a9decadd55dab22752af4320c557,I’m good — skip to the next question,what_letter_in_the_latin_alphabet_corresponds_to_the_greek_letter_alpha_fill_01.wav,filler_other,NA,NA,NA,a,s,secsame,,,,JB_1205
2,0ca17763e765e4e65a0c2352eb97c89b5556a9decadd55dab22752af4320c557,NA,what_letter_in_the_latin_alphabet_corresponds_to_the_greek_letter_alpha_fill_01.wav,filler_other,NA,NA,NA,a,,,,,,
2,0ca17763e765e4e65a0c2352eb97c89b5556a9decadd55dab22752af4320c557,"The question needs to be CORRECTED (Select this if you spot an error, even if you don’t know the answer).",which_scottish_actor_first_played_james_bond_wearing_guilts_to_red_carpets_when_he_was_32_years_old_targ_03_B.wav,target,phon_err,have vs. be,/k/ --> /g/; kilt/guilt,Sean Connery,y,first,othernp,,says it should be past tense of 'wear',JB_1205
2,0ca17763e765e4e65a0c2352eb97c89b5556a9decadd55dab22752af4320c557,Wore instead of wearing,which_scottish_actor_first_played_james_bond_wearing_guilts_to_red_carpets_when_he_was_32_years_old_targ_03_B.wav,target,phon_err,have vs. be,/k/ --> /g/; kilt/guilt,Sean Connery,,,,,,
2,0ca17763e765e4e65a0c2352eb97c89b5556a9decadd55dab22752af4320c557,I’m good — skip to the next question,which_scottish_actor_first_played_james_bond_wearing_guilts_to_red_carpets_when_he_was_32_years_old_targ_03_B.wav,target,phon_err,have vs. be,/k/ --> /g/; kilt/guilt,Sean Connery,s,secsame,,,,JB_1205
2,0ca17763e765e4e65a0c2352eb97c89b5556a9decadd55dab22752af4320c557,NA,which_scottish_actor_first_played_james_bond_wearing_guilts_to_red_carpets_when_he_was_32_years_old_targ_03_B.wav,target,phon_err,have vs. be,/k/ --> /g/; kilt/guilt,Sean Connery,,,,,,
2,0ca17763e765e4e65a0c2352eb97c89b5556a9decadd55dab22752af4320c557,"The question does NOT need any corrections, but I don't know the answer/ I don't understand what the question is asking.",who_discovered_the_law_of_universal_gravitation_which_accounts_for_why_objects_naturally_fall_downwards_fill_15.wav,filler_other,NA,NA,NA,Isaac Newton,nun,first,,,,JB_1205
2,0ca17763e765e4e65a0c2352eb97c89b5556a9decadd55dab22752af4320c557,NA,who_discovered_the_law_of_universal_gravitation_which_accounts_for_why_objects_naturally_fall_downwards_fill_15.wav,filler_other,NA,NA,NA,Isaac Newton,,,,,,
2,0ca17763e765e4e65a0c2352eb97c89b5556a9decadd55dab22752af4320c557,I’m good — skip to the next question,who_discovered_the_law_of_universal_gravitation_which_accounts_for_why_objects_naturally_fall_downwards_fill_15.wav,filler_other,NA,NA,NA,Isaac Newton,s,secsame,,,,JB_1205
2,0ca17763e765e4e65a0c2352eb97c89b5556a9decadd55dab22752af4320c557,NA,who_discovered_the_law_of_universal_gravitation_which_accounts_for_why_objects_naturally_fall_downwards_fill_15.wav,filler_other,NA,NA,NA,Isaac Newton,,,,,,
2,0ca17763e765e4e65a0c2352eb97c89b5556a9decadd55dab22752af4320c557,"The question needs to be CORRECTED (Select this if you spot an error, even if you don’t know the answer).",what_colors_make_up_a_traditional_candy_gain_which_people_enjoy_eating_during_christmas_targ_15_B.wav,target,phon_err,infinitive vs. participle,/k/ --> /g/; cane/gain,red and white,y,first,p,,,JB_1205
2,0ca17763e765e4e65a0c2352eb97c89b5556a9decadd55dab22752af4320c557,"Candy Cane*, there is a pause around or before the word eating; Red and whtie",what_colors_make_up_a_traditional_candy_gain_which_people_enjoy_eating_during_christmas_targ_15_B.wav,target,phon_err,infinitive vs. participle,/k/ --> /g/; cane/gain,red and white,,,,,,
2,0ca17763e765e4e65a0c2352eb97c89b5556a9decadd55dab22752af4320c557,I’m good — skip to the next question,what_colors_make_up_a_traditional_candy_gain_which_people_enjoy_eating_during_christmas_targ_15_B.wav,target,phon_err,infinitive vs. participle,/k/ --> /g/; cane/gain,red and white,s,secsame,,,,JB_1205
2,0ca17763e765e4e65a0c2352eb97c89b5556a9decadd55dab22752af4320c557,NA,what_colors_make_up_a_traditional_candy_gain_which_people_enjoy_eating_during_christmas_targ_15_B.wav,target,phon_err,infinitive vs. participle,/k/ --> /g/; cane/gain,red and white,,,,,,
2,0ca17763e765e4e65a0c2352eb97c89b5556a9decadd55dab22752af4320c557,The question does NOT need any corrections.,what_childrens_game_makes_people_seat_down_quickly_when_the_loud_music_stops_targ_07_B.wav,target,phon_err,adj/noun order,/ɪ/ --> /i/; sit/seat,musical chairs,nans,first,,a,,JB_1205
2,0ca17763e765e4e65a0c2352eb97c89b5556a9decadd55dab22752af4320c557,Musical Chairs,what_childrens_game_makes_people_seat_down_quickly_when_the_loud_music_stops_targ_07_B.wav,target,phon_err,adj/noun order,/ɪ/ --> /i/; sit/seat,musical chairs,,,,,,
2,0ca17763e765e4e65a0c2352eb97c89b5556a9decadd55dab22752af4320c557,I’m good — skip to the next question,what_childrens_game_makes_people_seat_down_quickly_when_the_loud_music_stops_targ_07_B.wav,target,phon_err,adj/noun order,/ɪ/ --> /i/; sit/seat,musical chairs,s,secsame,,,,JB_1205
2,0ca17763e765e4e65a0c2352eb97c89b5556a9decadd55dab22752af4320c557,NA,what_childrens_game_makes_people_seat_down_quickly_when_the_loud_music_stops_targ_07_B.wav,target,phon_err,adj/noun order,/ɪ/ --> /i/; sit/seat,musical chairs,,,,,,
2,0ca17763e765e4e65a0c2352eb97c89b5556a9decadd55dab22752af4320c557,The question does NOT need any corrections.,where_do_the_jolly_christmas_icons_santa_claus_and_his_wife_mrs._claus_live_fill_22.wav,filler_other,NA,NA,NA,the North Pole,nans,first,,a,,JB_1205
2,0ca17763e765e4e65a0c2352eb97c89b5556a9decadd55dab22752af4320c557,North Pole,where_do_the_jolly_christmas_icons_santa_claus_and_his_wife_mrs._claus_live_fill_22.wav,filler_other,NA,NA,NA,the North Pole,,,,,,
2,0ca17763e765e4e65a0c2352eb97c89b5556a9decadd55dab22752af4320c557,I’m good — skip to the next question,where_do_the_jolly_christmas_icons_santa_claus_and_his_wife_mrs._claus_live_fill_22.wav,filler_other,NA,NA,NA,the North Pole,s,secsame,,,,JB_1205
2,0ca17763e765e4e65a0c2352eb97c89b5556a9decadd55dab22752af4320c557,NA,where_do_the_jolly_christmas_icons_santa_claus_and_his_wife_mrs._claus_live_fill_22.wav,filler_other,NA,NA,NA,the North Pole,,,,,,
2,0ca17763e765e4e65a0c2352eb97c89b5556a9decadd55dab22752af4320c557,"The question needs to be CORRECTED (Select this if you spot an error, even if you don’t know the answer).",what_popular_us_chain_provides_a_happy_meal_toy_or_plush_when_kids_have_hungry_targ_20_C.wav,target,non_phon_err,have vs. be,/ʃ/ --> /s/; plush/plus,McDonald's,y,first,np,,,JB_1205
2,0ca17763e765e4e65a0c2352eb97c89b5556a9decadd55dab22752af4320c557,When kids are* hungry; Mcdonalds,what_popular_us_chain_provides_a_happy_meal_toy_or_plush_when_kids_have_hungry_targ_20_C.wav,target,non_phon_err,have vs. be,/ʃ/ --> /s/; plush/plus,McDonald's,,,,,,
2,0ca17763e765e4e65a0c2352eb97c89b5556a9decadd55dab22752af4320c557,I’m good — skip to the next question,what_popular_us_chain_provides_a_happy_meal_toy_or_plush_when_kids_have_hungry_targ_20_C.wav,target,non_phon_err,have vs. be,/ʃ/ --> /s/; plush/plus,McDonald's,s,secsame,,,,JB_1205
2,0ca17763e765e4e65a0c2352eb97c89b5556a9decadd55dab22752af4320c557,NA,what_popular_us_chain_provides_a_happy_meal_toy_or_plush_when_kids_have_hungry_targ_20_C.wav,target,non_phon_err,have vs. be,/ʃ/ --> /s/; plush/plus,McDonald's,,,,,,
2,0ca17763e765e4e65a0c2352eb97c89b5556a9decadd55dab22752af4320c557,The question does NOT need any corrections.,how_many_legs_does_a_canadian_garden_spider_whose_silk_can_make_cloth_have_targ_06_A.wav,target,correct,adj/noun order,/θ/ --> /t/; cloth/clot,eight,nans,first,,a,,JB_1205
2,0ca17763e765e4e65a0c2352eb97c89b5556a9decadd55dab22752af4320c557,8,how_many_legs_does_a_canadian_garden_spider_whose_silk_can_make_cloth_have_targ_06_A.wav,target,correct,adj/noun order,/θ/ --> /t/; cloth/clot,eight,,,,,,
2,0ca17763e765e4e65a0c2352eb97c89b5556a9decadd55dab22752af4320c557,I’m good — skip to the next question,how_many_legs_does_a_canadian_garden_spider_whose_silk_can_make_cloth_have_targ_06_A.wav,target,correct,adj/noun order,/θ/ --> /t/; cloth/clot,eight,s,secsame,,,,JB_1205
2,0ca17763e765e4e65a0c2352eb97c89b5556a9decadd55dab22752af4320c557,NA,how_many_legs_does_a_canadian_garden_spider_whose_silk_can_make_cloth_have_targ_06_A.wav,target,correct,adj/noun order,/θ/ --> /t/; cloth/clot,eight,,,,,,
2,0ca17763e765e4e65a0c2352eb97c89b5556a9decadd55dab22752af4320c557,"The question does NOT need any corrections, but I don't know the answer/ I don't understand what the question is asking.",how_many_days_wooed_wooled_my_bike_tandem_be_gone_if_someone_borrows_it_for_july_targ_17_D.wav,target,both_err,adj/noun order,/ʊ/ --> /u/; would/wooed,thirty-one days,nun,first,,,,JB_1205
2,0ca17763e765e4e65a0c2352eb97c89b5556a9decadd55dab22752af4320c557,NA,how_many_days_wooed_wooled_my_bike_tandem_be_gone_if_someone_borrows_it_for_july_targ_17_D.wav,target,both_err,adj/noun order,/ʊ/ --> /u/; would/wooed,thirty-one days,,,,,,
2,0ca17763e765e4e65a0c2352eb97c89b5556a9decadd55dab22752af4320c557,"The question needs to be CORRECTED (Select this if you spot an error, even if you don’t know the answer).",how_many_days_wooed_wooled_my_bike_tandem_be_gone_if_someone_borrows_it_for_july_targ_17_D.wav,target,both_err,adj/noun order,/ʊ/ --> /u/; would/wooed,thirty-one days,y,secsame,,,,JB_1205
2,0ca17763e765e4e65a0c2352eb97c89b5556a9decadd55dab22752af4320c557,I guess I really am not sure what they are even saying,how_many_days_wooed_wooled_my_bike_tandem_be_gone_if_someone_borrows_it_for_july_targ_17_D.wav,target,both_err,adj/noun order,/ʊ/ --> /u/; would/wooed,thirty-one days,,,,,,
2,0ca17763e765e4e65a0c2352eb97c89b5556a9decadd55dab22752af4320c557,"The question does NOT need any corrections, but I don't know the answer/ I don't understand what the question is asking.",if_laundry_service_will_gum_in_five_days_and_todays_thursday_when_are_they_making_laundry_next_targ_09_D.wav,target,both_err,make vs. other verb,/k/ --> /g/; come/gum,Tuesday,nun,first,,,,JB_1205
2,0ca17763e765e4e65a0c2352eb97c89b5556a9decadd55dab22752af4320c557,NA,if_laundry_service_will_gum_in_five_days_and_todays_thursday_when_are_they_making_laundry_next_targ_09_D.wav,target,both_err,make vs. other verb,/k/ --> /g/; come/gum,Tuesday,,,,,,
2,0ca17763e765e4e65a0c2352eb97c89b5556a9decadd55dab22752af4320c557,I’m good — skip to the next question,if_laundry_service_will_gum_in_five_days_and_todays_thursday_when_are_they_making_laundry_next_targ_09_D.wav,target,both_err,make vs. other verb,/k/ --> /g/; come/gum,Tuesday,s,secsame,,,,JB_1205
2,0ca17763e765e4e65a0c2352eb97c89b5556a9decadd55dab22752af4320c557,NA,if_laundry_service_will_gum_in_five_days_and_todays_thursday_when_are_they_making_laundry_next_targ_09_D.wav,target,both_err,make vs. other verb,/k/ --> /g/; come/gum,Tuesday,,,,,,
2,0ca17763e765e4e65a0c2352eb97c89b5556a9decadd55dab22752af4320c557,"The question needs to be CORRECTED (Select this if you spot an error, even if you don’t know the answer).",if_youre_on_a_path_from_california_to_hawaii_which_ocean_you_go_through_targ_12_C.wav,target,non_phon_err,no aux verbs in questions (lack of do support),/θ/ --> /t/; path/pat,Pacific Ocean,y,first,np,,,JB_1205
2,0ca17763e765e4e65a0c2352eb97c89b5556a9decadd55dab22752af4320c557,Which ocean do you go through,if_youre_on_a_path_from_california_to_hawaii_which_ocean_you_go_through_targ_12_C.wav,target,non_phon_err,no aux verbs in questions (lack of do support),/θ/ --> /t/; path/pat,Pacific Ocean,,,,,,
2,0ca17763e765e4e65a0c2352eb97c89b5556a9decadd55dab22752af4320c557,I’m good — skip to the next question,if_youre_on_a_path_from_california_to_hawaii_which_ocean_you_go_through_targ_12_C.wav,target,non_phon_err,no aux verbs in questions (lack of do support),/θ/ --> /t/; path/pat,Pacific Ocean,s,secsame,,,,JB_1205
2,0ca17763e765e4e65a0c2352eb97c89b5556a9decadd55dab22752af4320c557,NA,if_youre_on_a_path_from_california_to_hawaii_which_ocean_you_go_through_targ_12_C.wav,target,non_phon_err,no aux verbs in questions (lack of do support),/θ/ --> /t/; path/pat,Pacific Ocean,,,,,,
2,0ca17763e765e4e65a0c2352eb97c89b5556a9decadd55dab22752af4320c557,"The question needs to be CORRECTED (Select this if you spot an error, even if you don’t know the answer).",what_colors_can_be_on_a_traffic_light_which_often_senses_when_cars_pool_up_targ_11_B.wav,target,phon_err,have vs. be,/ʊ/ --> /u/; pulls/pools,green,y,first,otherp,,mentions need for prosodic pause,JB_1205
2,0ca17763e765e4e65a0c2352eb97c89b5556a9decadd55dab22752af4320c557,Needs a comma (pause) before which,what_colors_can_be_on_a_traffic_light_which_often_senses_when_cars_pool_up_targ_11_B.wav,target,phon_err,have vs. be,/ʊ/ --> /u/; pulls/pools,green,,,,,,
2,0ca17763e765e4e65a0c2352eb97c89b5556a9decadd55dab22752af4320c557,I’m good — skip to the next question,what_colors_can_be_on_a_traffic_light_which_often_senses_when_cars_pool_up_targ_11_B.wav,target,phon_err,have vs. be,/ʊ/ --> /u/; pulls/pools,green,s,secsame,,,,JB_1205
2,0ca17763e765e4e65a0c2352eb97c89b5556a9decadd55dab22752af4320c557,NA,what_colors_can_be_on_a_traffic_light_which_often_senses_when_cars_pool_up_targ_11_B.wav,target,phon_err,have vs. be,/ʊ/ --> /u/; pulls/pools,green,,,,,,
2,0ca17763e765e4e65a0c2352eb97c89b5556a9decadd55dab22752af4320c557,"The question does NOT need any corrections, but I don't know the answer/ I don't understand what the question is asking.",in_the_famous_dr_seuss_book_what_orange_and_yellow_character_speaks_for_the_trees_fill_23.wav,filler_other,NA,NA,NA,the Lorax,nun,first,,,,JB_1205
2,0ca17763e765e4e65a0c2352eb97c89b5556a9decadd55dab22752af4320c557,NA,in_the_famous_dr_seuss_book_what_orange_and_yellow_character_speaks_for_the_trees_fill_23.wav,filler_other,NA,NA,NA,the Lorax,,,,,,
2,0ca17763e765e4e65a0c2352eb97c89b5556a9decadd55dab22752af4320c557,I’m good — skip to the next question,in_the_famous_dr_seuss_book_what_orange_and_yellow_character_speaks_for_the_trees_fill_23.wav,filler_other,NA,NA,NA,the Lorax,s,secsame,,,,JB_1205
2,0ca17763e765e4e65a0c2352eb97c89b5556a9decadd55dab22752af4320c557,NA,in_the_famous_dr_seuss_book_what_orange_and_yellow_character_speaks_for_the_trees_fill_23.wav,filler_other,NA,NA,NA,the Lorax,,,,,,
2,0ca17763e765e4e65a0c2352eb97c89b5556a9decadd55dab22752af4320c557,The question does NOT need any corrections.,when_you_are_hot_what_device_measures_body_temperature_in_both_celsius_and_fahrenheit_targ_18_A.wav,target,correct,have vs. be,/θ/ --> /t/; both/boat,thermometer,nans,first,,a,,JB_1205
2,0ca17763e765e4e65a0c2352eb97c89b5556a9decadd55dab22752af4320c557,Thermometer,when_you_are_hot_what_device_measures_body_temperature_in_both_celsius_and_fahrenheit_targ_18_A.wav,target,correct,have vs. be,/θ/ --> /t/; both/boat,thermometer,,,,,,
2,0ca17763e765e4e65a0c2352eb97c89b5556a9decadd55dab22752af4320c557,I’m good — skip to the next question,when_you_are_hot_what_device_measures_body_temperature_in_both_celsius_and_fahrenheit_targ_18_A.wav,target,correct,have vs. be,/θ/ --> /t/; both/boat,thermometer,s,secsame,,,,JB_1205
2,0ca17763e765e4e65a0c2352eb97c89b5556a9decadd55dab22752af4320c557,NA,when_you_are_hot_what_device_measures_body_temperature_in_both_celsius_and_fahrenheit_targ_18_A.wav,target,correct,have vs. be,/θ/ --> /t/; both/boat,thermometer,,,,,,
2,0ca17763e765e4e65a0c2352eb97c89b5556a9decadd55dab22752af4320c557,The question does NOT need any corrections.,which_body_part_did_van_gogh_allegedly_cut_off_after_an_argument_with_his_friend_fill_05.wav,filler_other,NA,NA,NA,ear,nans,first,,a,,JB_1205
2,0ca17763e765e4e65a0c2352eb97c89b5556a9decadd55dab22752af4320c557,ear,which_body_part_did_van_gogh_allegedly_cut_off_after_an_argument_with_his_friend_fill_05.wav,filler_other,NA,NA,NA,ear,,,,,,
2,0ca17763e765e4e65a0c2352eb97c89b5556a9decadd55dab22752af4320c557,I’m good — skip to the next question,which_body_part_did_van_gogh_allegedly_cut_off_after_an_argument_with_his_friend_fill_05.wav,filler_other,NA,NA,NA,ear,s,secsame,,,,JB_1205
2,0ca17763e765e4e65a0c2352eb97c89b5556a9decadd55dab22752af4320c557,NA,which_body_part_did_van_gogh_allegedly_cut_off_after_an_argument_with_his_friend_fill_05.wav,filler_other,NA,NA,NA,ear,,,,,,
2,0ca17763e765e4e65a0c2352eb97c89b5556a9decadd55dab22752af4320c557,The question does NOT need any corrections.,what_us_holiday_is_often_celebrated_with_fireworks_and_hotdogs_to_honor_americas_freedom_fill_17.wav,filler_other,NA,NA,NA,Independence Day,nans,first,,a,,JB_1205
2,0ca17763e765e4e65a0c2352eb97c89b5556a9decadd55dab22752af4320c557,4th of july,what_us_holiday_is_often_celebrated_with_fireworks_and_hotdogs_to_honor_americas_freedom_fill_17.wav,filler_other,NA,NA,NA,Independence Day,,,,,,
2,0ca17763e765e4e65a0c2352eb97c89b5556a9decadd55dab22752af4320c557,I’m good — skip to the next question,what_us_holiday_is_often_celebrated_with_fireworks_and_hotdogs_to_honor_americas_freedom_fill_17.wav,filler_other,NA,NA,NA,Independence Day,s,secsame,,,,JB_1205
2,0ca17763e765e4e65a0c2352eb97c89b5556a9decadd55dab22752af4320c557,NA,what_us_holiday_is_often_celebrated_with_fireworks_and_hotdogs_to_honor_americas_freedom_fill_17.wav,filler_other,NA,NA,NA,Independence Day,,,,,,
2,0ca17763e765e4e65a0c2352eb97c89b5556a9decadd55dab22752af4320c557,"The question needs to be CORRECTED (Select this if you spot an error, even if you don’t know the answer).",what_city_have_people_rushed_to_tour_to_see_where_the_us_government_does_business_targ_14_A.wav,target,correct,make vs. other verb,/ʃ/ --> /s/; rushed/rust,Washington D.C.,y,first,otherwrong,,decides there was no error,JB_1205
2,0ca17763e765e4e65a0c2352eb97c89b5556a9decadd55dab22752af4320c557,Actually I change my mind. No error; DC,what_city_have_people_rushed_to_tour_to_see_where_the_us_government_does_business_targ_14_A.wav,target,correct,make vs. other verb,/ʃ/ --> /s/; rushed/rust,Washington D.C.,,,,,,
2,0ca17763e765e4e65a0c2352eb97c89b5556a9decadd55dab22752af4320c557,"The question needs to be CORRECTED (Select this if you spot an error, even if you don’t know the answer).",what_city_have_people_rushed_to_tour_to_see_where_the_us_government_does_business_targ_14_A.wav,target,correct,make vs. other verb,/ʃ/ --> /s/; rushed/rust,Washington D.C.,y,secsame,othernp,,suggests 'has' instead of 'have',JB_1205
2,0ca17763e765e4e65a0c2352eb97c89b5556a9decadd55dab22752af4320c557,No I actually remember it. Should use has instead of have.,what_city_have_people_rushed_to_tour_to_see_where_the_us_government_does_business_targ_14_A.wav,target,correct,make vs. other verb,/ʃ/ --> /s/; rushed/rust,Washington D.C.,,,,,,
2,0ca17763e765e4e65a0c2352eb97c89b5556a9decadd55dab22752af4320c557,"The question does NOT need any corrections, but I don't know the answer/ I don't understand what the question is asking.",which_cartoon_character_works_at_the_krusty_krab_and_is_best_friends_with_patrick_star_fill_04.wav,filler_other,NA,NA,NA,Spongebob,nun,first,,,,JB_1205
2,0ca17763e765e4e65a0c2352eb97c89b5556a9decadd55dab22752af4320c557,NA,which_cartoon_character_works_at_the_krusty_krab_and_is_best_friends_with_patrick_star_fill_04.wav,filler_other,NA,NA,NA,Spongebob,,,,,,
2,0ca17763e765e4e65a0c2352eb97c89b5556a9decadd55dab22752af4320c557,The question does NOT need any corrections.,which_cartoon_character_works_at_the_krusty_krab_and_is_best_friends_with_patrick_star_fill_04.wav,filler_other,NA,NA,NA,Spongebob,nans,secdiff,,,,JB_1205
2,0ca17763e765e4e65a0c2352eb97c89b5556a9decadd55dab22752af4320c557,Spongebob,which_cartoon_character_works_at_the_krusty_krab_and_is_best_friends_with_patrick_star_fill_04.wav,filler_other,NA,NA,NA,Spongebob,,,,,,
2,0ca17763e765e4e65a0c2352eb97c89b5556a9decadd55dab22752af4320c557,"The question needs to be CORRECTED (Select this if you spot an error, even if you don’t know the answer).",what_supplies_you_need_to_neat_a_scarf_targ_13_D.wav,target,both_err,no aux verbs in questions (lack of do support),/ɪ/ --> /i/; knit/neat,needles and yarn,y,first,p,,,JB_1205
2,0ca17763e765e4e65a0c2352eb97c89b5556a9decadd55dab22752af4320c557,Need and knit sound to similar; needles,what_supplies_you_need_to_neat_a_scarf_targ_13_D.wav,target,both_err,no aux verbs in questions (lack of do support),/ɪ/ --> /i/; knit/neat,needles and yarn,,,,,,
2,0ca17763e765e4e65a0c2352eb97c89b5556a9decadd55dab22752af4320c557,I’m good — skip to the next question,what_supplies_you_need_to_neat_a_scarf_targ_13_D.wav,target,both_err,no aux verbs in questions (lack of do support),/ɪ/ --> /i/; knit/neat,needles and yarn,s,secsame,,,,JB_1205
2,0ca17763e765e4e65a0c2352eb97c89b5556a9decadd55dab22752af4320c557,NA,what_supplies_you_need_to_neat_a_scarf_targ_13_D.wav,target,both_err,no aux verbs in questions (lack of do support),/ɪ/ --> /i/; knit/neat,needles and yarn,,,,,,
2,0ca17763e765e4e65a0c2352eb97c89b5556a9decadd55dab22752af4320c557,The question does NOT need any corrections.,which_cartoon_dog_solves_mysteries_with_the_group_fred_daphne_velma_and_shaggy_fill_10.wav,filler_other,NA,NA,NA,Scooby-Doo,nans,first,,a,,JB_1205
2,0ca17763e765e4e65a0c2352eb97c89b5556a9decadd55dab22752af4320c557,scooby doo,which_cartoon_dog_solves_mysteries_with_the_group_fred_daphne_velma_and_shaggy_fill_10.wav,filler_other,NA,NA,NA,Scooby-Doo,,,,,,
2,0ca17763e765e4e65a0c2352eb97c89b5556a9decadd55dab22752af4320c557,I’m good — skip to the next question,which_cartoon_dog_solves_mysteries_with_the_group_fred_daphne_velma_and_shaggy_fill_10.wav,filler_other,NA,NA,NA,Scooby-Doo,s,secsame,,,,JB_1205
2,0ca17763e765e4e65a0c2352eb97c89b5556a9decadd55dab22752af4320c557,NA,which_cartoon_dog_solves_mysteries_with_the_group_fred_daphne_velma_and_shaggy_fill_10.wav,filler_other,NA,NA,NA,Scooby-Doo,,,,,,
2,0ca17763e765e4e65a0c2352eb97c89b5556a9decadd55dab22752af4320c557,"The question does NOT need any corrections, but I don't know the answer/ I don't understand what the question is asking.",what_term_refers_to_armored_men_who_enjoyed_carrying_medieval_swords_that_clash_in_combat_targ_02_A.wav,target,correct,infinitive vs. participle,/ʃ/ --> /s/; clash/class,knights,nun,first,,,,JB_1205
2,0ca17763e765e4e65a0c2352eb97c89b5556a9decadd55dab22752af4320c557,NA,what_term_refers_to_armored_men_who_enjoyed_carrying_medieval_swords_that_clash_in_combat_targ_02_A.wav,target,correct,infinitive vs. participle,/ʃ/ --> /s/; clash/class,knights,,,,,,
2,0ca17763e765e4e65a0c2352eb97c89b5556a9decadd55dab22752af4320c557,I’m good — skip to the next question,what_term_refers_to_armored_men_who_enjoyed_carrying_medieval_swords_that_clash_in_combat_targ_02_A.wav,target,correct,infinitive vs. participle,/ʃ/ --> /s/; clash/class,knights,s,secsame,,,,JB_1205
2,0ca17763e765e4e65a0c2352eb97c89b5556a9decadd55dab22752af4320c557,NA,what_term_refers_to_armored_men_who_enjoyed_carrying_medieval_swords_that_clash_in_combat_targ_02_A.wav,target,correct,infinitive vs. participle,/ʃ/ --> /s/; clash/class,knights,,,,,,
2,0ca17763e765e4e65a0c2352eb97c89b5556a9decadd55dab22752af4320c557,The question does NOT need any corrections.,what_is_the_name_of_the_video_game_character_who_is_a_traveling_italian_plumber_fill_08.wav,filler_other,NA,NA,NA,Mario,nans,first,,a,,JB_1205
2,0ca17763e765e4e65a0c2352eb97c89b5556a9decadd55dab22752af4320c557,Mario,what_is_the_name_of_the_video_game_character_who_is_a_traveling_italian_plumber_fill_08.wav,filler_other,NA,NA,NA,Mario,,,,,,
2,0ca17763e765e4e65a0c2352eb97c89b5556a9decadd55dab22752af4320c557,I’m good — skip to the next question,what_is_the_name_of_the_video_game_character_who_is_a_traveling_italian_plumber_fill_08.wav,filler_other,NA,NA,NA,Mario,s,secsame,,,,JB_1205
2,0ca17763e765e4e65a0c2352eb97c89b5556a9decadd55dab22752af4320c557,NA,what_is_the_name_of_the_video_game_character_who_is_a_traveling_italian_plumber_fill_08.wav,filler_other,NA,NA,NA,Mario,,,,,,
2,0ca17763e765e4e65a0c2352eb97c89b5556a9decadd55dab22752af4320c557,"The question does NOT need any corrections, but I don't know the answer/ I don't understand what the question is asking.",for_what_pink_ice_cream_flavor_wheel_companies_make_their_best_to_use_real_fruit_targ_01_D.wav,target,both_err,make vs. other verb,/ɪ/ --> /i/; will/wheel,strawberry,nun,first,,,,JB_1205
2,0ca17763e765e4e65a0c2352eb97c89b5556a9decadd55dab22752af4320c557,NA,for_what_pink_ice_cream_flavor_wheel_companies_make_their_best_to_use_real_fruit_targ_01_D.wav,target,both_err,make vs. other verb,/ɪ/ --> /i/; will/wheel,strawberry,,,,,,
2,0ca17763e765e4e65a0c2352eb97c89b5556a9decadd55dab22752af4320c557,I’m good — skip to the next question,for_what_pink_ice_cream_flavor_wheel_companies_make_their_best_to_use_real_fruit_targ_01_D.wav,target,both_err,make vs. other verb,/ɪ/ --> /i/; will/wheel,strawberry,s,secsame,,,,JB_1205
2,0ca17763e765e4e65a0c2352eb97c89b5556a9decadd55dab22752af4320c557,NA,for_what_pink_ice_cream_flavor_wheel_companies_make_their_best_to_use_real_fruit_targ_01_D.wav,target,both_err,make vs. other verb,/ɪ/ --> /i/; will/wheel,strawberry,,,,,,
2,0ca17763e765e4e65a0c2352eb97c89b5556a9decadd55dab22752af4320c557,The question does NOT need any corrections.,which_british_celebrity_judge_often_harshly_critiqued_contestants_on_the_nationwide_singing_contest_american_idol_fill_03.wav,filler_other,NA,NA,NA,Simon Cowell,nans,first,,a,,JB_1205
2,0ca17763e765e4e65a0c2352eb97c89b5556a9decadd55dab22752af4320c557,Simon Cowell,which_british_celebrity_judge_often_harshly_critiqued_contestants_on_the_nationwide_singing_contest_american_idol_fill_03.wav,filler_other,NA,NA,NA,Simon Cowell,,,,,,
2,0ca17763e765e4e65a0c2352eb97c89b5556a9decadd55dab22752af4320c557,I’m good — skip to the next question,which_british_celebrity_judge_often_harshly_critiqued_contestants_on_the_nationwide_singing_contest_american_idol_fill_03.wav,filler_other,NA,NA,NA,Simon Cowell,s,secsame,,,,JB_1205
2,0ca17763e765e4e65a0c2352eb97c89b5556a9decadd55dab22752af4320c557,NA,which_british_celebrity_judge_often_harshly_critiqued_contestants_on_the_nationwide_singing_contest_american_idol_fill_03.wav,filler_other,NA,NA,NA,Simon Cowell,,,,,,
2,0ca17763e765e4e65a0c2352eb97c89b5556a9decadd55dab22752af4320c557,The question does NOT need any corrections.,which_season_do_we_associate_with_thanksgiving_the_beginning_of_school_and_leaves_turning_brown_fill_19.wav,filler_other,NA,NA,NA,Fall,nans,first,,w,,JB_1205
2,0ca17763e765e4e65a0c2352eb97c89b5556a9decadd55dab22752af4320c557,november,which_season_do_we_associate_with_thanksgiving_the_beginning_of_school_and_leaves_turning_brown_fill_19.wav,filler_other,NA,NA,NA,Fall,,,,,,
2,0ca17763e765e4e65a0c2352eb97c89b5556a9decadd55dab22752af4320c557,I’m good — skip to the next question,which_season_do_we_associate_with_thanksgiving_the_beginning_of_school_and_leaves_turning_brown_fill_19.wav,filler_other,NA,NA,NA,Fall,s,secsame,,,,JB_1205
2,0ca17763e765e4e65a0c2352eb97c89b5556a9decadd55dab22752af4320c557,NA,which_season_do_we_associate_with_thanksgiving_the_beginning_of_school_and_leaves_turning_brown_fill_19.wav,filler_other,NA,NA,NA,Fall,,,,,,
2,0ca17763e765e4e65a0c2352eb97c89b5556a9decadd55dab22752af4320c557,The question does NOT need any corrections.,what_musician_won_grammys_for_their_album_thriller_which_features_the_hit_song_beat_it_fill_20.wav,filler_other,NA,NA,NA,Michael Jackson,nans,first,,a,,JB_1205
2,0ca17763e765e4e65a0c2352eb97c89b5556a9decadd55dab22752af4320c557,Michael Jackson,what_musician_won_grammys_for_their_album_thriller_which_features_the_hit_song_beat_it_fill_20.wav,filler_other,NA,NA,NA,Michael Jackson,,,,,,
2,0ca17763e765e4e65a0c2352eb97c89b5556a9decadd55dab22752af4320c557,I’m good — skip to the next question,what_musician_won_grammys_for_their_album_thriller_which_features_the_hit_song_beat_it_fill_20.wav,filler_other,NA,NA,NA,Michael Jackson,s,secsame,,,,JB_1205
2,0ca17763e765e4e65a0c2352eb97c89b5556a9decadd55dab22752af4320c557,NA,what_musician_won_grammys_for_their_album_thriller_which_features_the_hit_song_beat_it_fill_20.wav,filler_other,NA,NA,NA,Michael Jackson,,,,,,
2,0ca17763e765e4e65a0c2352eb97c89b5556a9decadd55dab22752af4320c557,"The question does NOT need any corrections, but I don't know the answer/ I don't understand what the question is asking.",what_novel_has_the_quote_i’m_late_i’m_late_for_a_very_important_date_fill_13.wav,filler_other,NA,NA,NA,Alice in Wonderland,nun,first,,,,JB_1205
2,0ca17763e765e4e65a0c2352eb97c89b5556a9decadd55dab22752af4320c557,NA,what_novel_has_the_quote_i’m_late_i’m_late_for_a_very_important_date_fill_13.wav,filler_other,NA,NA,NA,Alice in Wonderland,,,,,,
2,0ca17763e765e4e65a0c2352eb97c89b5556a9decadd55dab22752af4320c557,I’m good — skip to the next question,what_novel_has_the_quote_i’m_late_i’m_late_for_a_very_important_date_fill_13.wav,filler_other,NA,NA,NA,Alice in Wonderland,s,secsame,,,,JB_1205
2,0ca17763e765e4e65a0c2352eb97c89b5556a9decadd55dab22752af4320c557,NA,what_novel_has_the_quote_i’m_late_i’m_late_for_a_very_important_date_fill_13.wav,filler_other,NA,NA,NA,Alice in Wonderland,,,,,,
2,0ca17763e765e4e65a0c2352eb97c89b5556a9decadd55dab22752af4320c557,"The question does NOT need any corrections, but I don't know the answer/ I don't understand what the question is asking.",which_tropical_fruit_that_grows_on_palm_trees_is_used_for_oils_and_milks_fill_18.wav,filler_other,NA,NA,NA,coconuts,nun,first,,,,JB_1205
2,0ca17763e765e4e65a0c2352eb97c89b5556a9decadd55dab22752af4320c557,NA,which_tropical_fruit_that_grows_on_palm_trees_is_used_for_oils_and_milks_fill_18.wav,filler_other,NA,NA,NA,coconuts,,,,,,
2,0ca17763e765e4e65a0c2352eb97c89b5556a9decadd55dab22752af4320c557,The question does NOT need any corrections.,which_tropical_fruit_that_grows_on_palm_trees_is_used_for_oils_and_milks_fill_18.wav,filler_other,NA,NA,NA,coconuts,nans,secdiff,,,,JB_1205
2,0ca17763e765e4e65a0c2352eb97c89b5556a9decadd55dab22752af4320c557,Cocounut,which_tropical_fruit_that_grows_on_palm_trees_is_used_for_oils_and_milks_fill_18.wav,filler_other,NA,NA,NA,coconuts,,,,,,
2,0ca17763e765e4e65a0c2352eb97c89b5556a9decadd55dab22752af4320c557,The question does NOT need any corrections.,what_kind_of_weather_cooed_cooled_occur_when_is_raining_and_below_freezing_targ_05_D.wav,target,both_err,expletive 'it' dropping,/ʊ/ --> /u/; could/cooed,snow,nans,first,,a,,JB_1205
2,0ca17763e765e4e65a0c2352eb97c89b5556a9decadd55dab22752af4320c557,snow,what_kind_of_weather_cooed_cooled_occur_when_is_raining_and_below_freezing_targ_05_D.wav,target,both_err,expletive 'it' dropping,/ʊ/ --> /u/; could/cooed,snow,,,,,,
2,0ca17763e765e4e65a0c2352eb97c89b5556a9decadd55dab22752af4320c557,I’m good — skip to the next question,what_kind_of_weather_cooed_cooled_occur_when_is_raining_and_below_freezing_targ_05_D.wav,target,both_err,expletive 'it' dropping,/ʊ/ --> /u/; could/cooed,snow,s,secsame,,,,JB_1205
2,0ca17763e765e4e65a0c2352eb97c89b5556a9decadd55dab22752af4320c557,NA,what_kind_of_weather_cooed_cooled_occur_when_is_raining_and_below_freezing_targ_05_D.wav,target,both_err,expletive 'it' dropping,/ʊ/ --> /u/; could/cooed,snow,,,,,,
2,0ca17763e765e4e65a0c2352eb97c89b5556a9decadd55dab22752af4320c557,"The question does NOT need any corrections, but I don't know the answer/ I don't understand what the question is asking.",if_i_consider_to_leave_work_after_the_fourth_hour_how_many_minutes_would_that_be_targ_24_C.wav,target,non_phon_err,infinitive vs. participle,/θ/ --> /t/; fourth/fort,two hundred and forty,nun,first,,,,JB_1205
2,0ca17763e765e4e65a0c2352eb97c89b5556a9decadd55dab22752af4320c557,NA,if_i_consider_to_leave_work_after_the_fourth_hour_how_many_minutes_would_that_be_targ_24_C.wav,target,non_phon_err,infinitive vs. participle,/θ/ --> /t/; fourth/fort,two hundred and forty,,,,,,
2,0ca17763e765e4e65a0c2352eb97c89b5556a9decadd55dab22752af4320c557,I’m good — skip to the next question,if_i_consider_to_leave_work_after_the_fourth_hour_how_many_minutes_would_that_be_targ_24_C.wav,target,non_phon_err,infinitive vs. participle,/θ/ --> /t/; fourth/fort,two hundred and forty,s,secsame,,,,JB_1205
2,0ca17763e765e4e65a0c2352eb97c89b5556a9decadd55dab22752af4320c557,NA,if_i_consider_to_leave_work_after_the_fourth_hour_how_many_minutes_would_that_be_targ_24_C.wav,target,non_phon_err,infinitive vs. participle,/θ/ --> /t/; fourth/fort,two hundred and forty,,,,,,
2,0ca17763e765e4e65a0c2352eb97c89b5556a9decadd55dab22752af4320c557,"The question needs to be CORRECTED (Select this if you spot an error, even if you don’t know the answer).",in_the_lion_king_who_nala_talk_to_and_is_laying_in_a_got_after_theyve_reunited_targ_21_D.wav,target,both_err,no aux verbs in questions (lack of do support),/k/ --> /g/; cot/got,Simba,y,first,np,,,JB_1205
2,0ca17763e765e4e65a0c2352eb97c89b5556a9decadd55dab22752af4320c557,Who is nala talking to,in_the_lion_king_who_nala_talk_to_and_is_laying_in_a_got_after_theyve_reunited_targ_21_D.wav,target,both_err,no aux verbs in questions (lack of do support),/k/ --> /g/; cot/got,Simba,,,,,,
2,0ca17763e765e4e65a0c2352eb97c89b5556a9decadd55dab22752af4320c557,I’m good — skip to the next question,in_the_lion_king_who_nala_talk_to_and_is_laying_in_a_got_after_theyve_reunited_targ_21_D.wav,target,both_err,no aux verbs in questions (lack of do support),/k/ --> /g/; cot/got,Simba,s,secsame,,,,JB_1205
2,0ca17763e765e4e65a0c2352eb97c89b5556a9decadd55dab22752af4320c557,NA,in_the_lion_king_who_nala_talk_to_and_is_laying_in_a_got_after_theyve_reunited_targ_21_D.wav,target,both_err,no aux verbs in questions (lack of do support),/k/ --> /g/; cot/got,Simba,,,,,,
2,0ca17763e765e4e65a0c2352eb97c89b5556a9decadd55dab22752af4320c557,"The question does NOT need any corrections, but I don't know the answer/ I don't understand what the question is asking.",if_a_hardworking_janitor_cleaned_a_vent_in_five_minutes_how_many_seconds_is_that_targ_22_A.wav,target,correct,adj/noun order,/v/ --> /b/; vent/bent,eight,nun,first,,,,JB_1205
2,0ca17763e765e4e65a0c2352eb97c89b5556a9decadd55dab22752af4320c557,NA,if_a_hardworking_janitor_cleaned_a_vent_in_five_minutes_how_many_seconds_is_that_targ_22_A.wav,target,correct,adj/noun order,/v/ --> /b/; vent/bent,eight,,,,,,
2,0ca17763e765e4e65a0c2352eb97c89b5556a9decadd55dab22752af4320c557,I’m good — skip to the next question,if_a_hardworking_janitor_cleaned_a_vent_in_five_minutes_how_many_seconds_is_that_targ_22_A.wav,target,correct,adj/noun order,/v/ --> /b/; vent/bent,eight,s,secsame,,,,JB_1205
2,0ca17763e765e4e65a0c2352eb97c89b5556a9decadd55dab22752af4320c557,NA,if_a_hardworking_janitor_cleaned_a_vent_in_five_minutes_how_many_seconds_is_that_targ_22_A.wav,target,correct,adj/noun order,/v/ --> /b/; vent/bent,eight,,,,,,
2,0ca17763e765e4e65a0c2352eb97c89b5556a9decadd55dab22752af4320c557,The question does NOT need any corrections.,what_holiday_occurs_at_the_end_of_october_and_features_trick-or-treating_pumpkins_and_haunted_houses_fill_07.wav,filler_other,NA,NA,NA,Halloween,nans,first,,a,,JB_1205
2,0ca17763e765e4e65a0c2352eb97c89b5556a9decadd55dab22752af4320c557,Halloween,what_holiday_occurs_at_the_end_of_october_and_features_trick-or-treating_pumpkins_and_haunted_houses_fill_07.wav,filler_other,NA,NA,NA,Halloween,,,,,,
2,0ca17763e765e4e65a0c2352eb97c89b5556a9decadd55dab22752af4320c557,I’m good — skip to the next question,what_holiday_occurs_at_the_end_of_october_and_features_trick-or-treating_pumpkins_and_haunted_houses_fill_07.wav,filler_other,NA,NA,NA,Halloween,s,secsame,,,,JB_1205
2,0ca17763e765e4e65a0c2352eb97c89b5556a9decadd55dab22752af4320c557,NA,what_holiday_occurs_at_the_end_of_october_and_features_trick-or-treating_pumpkins_and_haunted_houses_fill_07.wav,filler_other,NA,NA,NA,Halloween,,,,,,
3,0cebf80ae0e778f47efd8e65b22365fb50a487db98a8e0985c8a831df8d4012b,"The question needs to be CORRECTED (Select this if you spot an error, even if you don’t know the answer).",what_is_the_largest_plant_in_the_solar_system_fill_31.wav,att_check_err,NA,NA,NA,Jupiter (planet),y,first,acheckp,,attention check passed (8/8 correct),JB_1204
3,0cebf80ae0e778f47efd8e65b22365fb50a487db98a8e0985c8a831df8d4012b,She said PLANT instead of planet. I don't know the answer,what_is_the_largest_plant_in_the_solar_system_fill_31.wav,att_check_err,NA,NA,NA,Jupiter (planet),,,,,,
3,0cebf80ae0e778f47efd8e65b22365fb50a487db98a8e0985c8a831df8d4012b,"The question needs to be CORRECTED (Select this if you spot an error, even if you don’t know the answer).",what_is_the_largest_plant_in_the_solar_system_fill_31.wav,att_check_err,NA,NA,NA,Jupiter (planet),y,secsame,,,,JB_1204
3,0cebf80ae0e778f47efd8e65b22365fb50a487db98a8e0985c8a831df8d4012b,She said PLANT instead of planet. I don't know the answer,what_is_the_largest_plant_in_the_solar_system_fill_31.wav,att_check_err,NA,NA,NA,Jupiter (planet),,,,,,
3,0cebf80ae0e778f47efd8e65b22365fb50a487db98a8e0985c8a831df8d4012b,"The question needs to be CORRECTED (Select this if you spot an error, even if you don’t know the answer).",what_insect_undergoes_a_process_of_change_to_turn_into_a_butterfy_fill_30.wav,att_check_err,NA,NA,NA,caterpillar (butterfly),y,first,acheckp,,,JB_1204
3,0cebf80ae0e778f47efd8e65b22365fb50a487db98a8e0985c8a831df8d4012b,"she said ""butterfy"" instead of ""butterfly"" and the answer is caterpillar",what_insect_undergoes_a_process_of_change_to_turn_into_a_butterfy_fill_30.wav,att_check_err,NA,NA,NA,caterpillar (butterfly),,,,,,
3,0cebf80ae0e778f47efd8e65b22365fb50a487db98a8e0985c8a831df8d4012b,I’m good — skip to the next question,what_insect_undergoes_a_process_of_change_to_turn_into_a_butterfy_fill_30.wav,att_check_err,NA,NA,NA,caterpillar (butterfly),s,secsame,,,,JB_1204
3,0cebf80ae0e778f47efd8e65b22365fb50a487db98a8e0985c8a831df8d4012b,NA,what_insect_undergoes_a_process_of_change_to_turn_into_a_butterfy_fill_30.wav,att_check_err,NA,NA,NA,caterpillar (butterfly),,,,,,
3,0cebf80ae0e778f47efd8e65b22365fb50a487db98a8e0985c8a831df8d4012b,The question does NOT need any corrections.,how_many_legs_does_a_dog_normally_have_fill_25.wav,att_check_good,NA,NA,NA,four,nans,first,,a,,JB_1204
3,0cebf80ae0e778f47efd8e65b22365fb50a487db98a8e0985c8a831df8d4012b,4,how_many_legs_does_a_dog_normally_have_fill_25.wav,att_check_good,NA,NA,NA,four,,,,,,
3,0cebf80ae0e778f47efd8e65b22365fb50a487db98a8e0985c8a831df8d4012b,The question does NOT need any corrections.,how_many_legs_does_a_dog_normally_have_fill_25.wav,att_check_good,NA,NA,NA,four,nans,secsame,,,,JB_1204
3,0cebf80ae0e778f47efd8e65b22365fb50a487db98a8e0985c8a831df8d4012b,2 (if she said duck) or 4 (if she said dog). question is fine regardless of mentioned animal,how_many_legs_does_a_dog_normally_have_fill_25.wav,att_check_good,NA,NA,NA,four,,,,,,
3,0cebf80ae0e778f47efd8e65b22365fb50a487db98a8e0985c8a831df8d4012b,"The question needs to be CORRECTED (Select this if you spot an error, even if you don’t know the answer).",how_many_embers_were_in_the_beatles_the_british_rock_band_fill_32.wav,att_check_err,NA,NA,NA,four (members),y,first,acheckp,,,JB_1204
3,0cebf80ae0e778f47efd8e65b22365fb50a487db98a8e0985c8a831df8d4012b,she said embers instead of members. answer is 4,how_many_embers_were_in_the_beatles_the_british_rock_band_fill_32.wav,att_check_err,NA,NA,NA,four (members),,,,,,
3,0cebf80ae0e778f47efd8e65b22365fb50a487db98a8e0985c8a831df8d4012b,I’m good — skip to the next question,how_many_embers_were_in_the_beatles_the_british_rock_band_fill_32.wav,att_check_err,NA,NA,NA,four (members),s,secsame,,,,JB_1204
3,0cebf80ae0e778f47efd8e65b22365fb50a487db98a8e0985c8a831df8d4012b,NA,how_many_embers_were_in_the_beatles_the_british_rock_band_fill_32.wav,att_check_err,NA,NA,NA,four (members),,,,,,
3,0cebf80ae0e778f47efd8e65b22365fb50a487db98a8e0985c8a831df8d4012b,The question does NOT need any corrections.,what_state_is_los_angeles_located_in_fill_26.wav,att_check_good,NA,NA,NA,California,nans,first,,a,,JB_1204
3,0cebf80ae0e778f47efd8e65b22365fb50a487db98a8e0985c8a831df8d4012b,California,what_state_is_los_angeles_located_in_fill_26.wav,att_check_good,NA,NA,NA,California,,,,,,
3,0cebf80ae0e778f47efd8e65b22365fb50a487db98a8e0985c8a831df8d4012b,I’m good — skip to the next question,what_state_is_los_angeles_located_in_fill_26.wav,att_check_good,NA,NA,NA,California,s,secsame,,,,JB_1204
3,0cebf80ae0e778f47efd8e65b22365fb50a487db98a8e0985c8a831df8d4012b,NA,what_state_is_los_angeles_located_in_fill_26.wav,att_check_good,NA,NA,NA,California,,,,,,
3,0cebf80ae0e778f47efd8e65b22365fb50a487db98a8e0985c8a831df8d4012b,"The question needs to be CORRECTED (Select this if you spot an error, even if you don’t know the answer).",in_the_cycle_of_seasons_what_season_comes_after_dinter_fill_29.wav,att_check_err,NA,NA,NA,"Spring (Winter, sound sub that's not related)",y,first,acheckp,,,JB_1204
3,0cebf80ae0e778f47efd8e65b22365fb50a487db98a8e0985c8a831df8d4012b,"""deenter"" should be ""winter"" and the answer is spring.",in_the_cycle_of_seasons_what_season_comes_after_dinter_fill_29.wav,att_check_err,NA,NA,NA,"Spring (Winter, sound sub that's not related)",,,,,,
3,0cebf80ae0e778f47efd8e65b22365fb50a487db98a8e0985c8a831df8d4012b,I’m good — skip to the next question,in_the_cycle_of_seasons_what_season_comes_after_dinter_fill_29.wav,att_check_err,NA,NA,NA,"Spring (Winter, sound sub that's not related)",s,secsame,,,,JB_1204
3,0cebf80ae0e778f47efd8e65b22365fb50a487db98a8e0985c8a831df8d4012b,NA,in_the_cycle_of_seasons_what_season_comes_after_dinter_fill_29.wav,att_check_err,NA,NA,NA,"Spring (Winter, sound sub that's not related)",,,,,,
3,0cebf80ae0e778f47efd8e65b22365fb50a487db98a8e0985c8a831df8d4012b,The question does NOT need any corrections.,what_color_is_a_typical_school_bus_fill_28.wav,att_check_good,NA,NA,NA,yellow,nans,first,,a,,JB_1204
3,0cebf80ae0e778f47efd8e65b22365fb50a487db98a8e0985c8a831df8d4012b,yellow,what_color_is_a_typical_school_bus_fill_28.wav,att_check_good,NA,NA,NA,yellow,,,,,,
3,0cebf80ae0e778f47efd8e65b22365fb50a487db98a8e0985c8a831df8d4012b,I’m good — skip to the next question,what_color_is_a_typical_school_bus_fill_28.wav,att_check_good,NA,NA,NA,yellow,s,secsame,,,,JB_1204
3,0cebf80ae0e778f47efd8e65b22365fb50a487db98a8e0985c8a831df8d4012b,NA,what_color_is_a_typical_school_bus_fill_28.wav,att_check_good,NA,NA,NA,yellow,,,,,,
3,0cebf80ae0e778f47efd8e65b22365fb50a487db98a8e0985c8a831df8d4012b,The question does NOT need any corrections.,what_day_of_the_week_comes_after_monday_fill_27.wav,att_check_good,NA,NA,NA,Tuesday,nans,first,,a,,JB_1204
3,0cebf80ae0e778f47efd8e65b22365fb50a487db98a8e0985c8a831df8d4012b,tuesday,what_day_of_the_week_comes_after_monday_fill_27.wav,att_check_good,NA,NA,NA,Tuesday,,,,,,
3,0cebf80ae0e778f47efd8e65b22365fb50a487db98a8e0985c8a831df8d4012b,I’m good — skip to the next question,what_day_of_the_week_comes_after_monday_fill_27.wav,att_check_good,NA,NA,NA,Tuesday,s,secsame,,,,JB_1204
3,0cebf80ae0e778f47efd8e65b22365fb50a487db98a8e0985c8a831df8d4012b,NA,what_day_of_the_week_comes_after_monday_fill_27.wav,att_check_good,NA,NA,NA,Tuesday,,,,,,
3,0cebf80ae0e778f47efd8e65b22365fb50a487db98a8e0985c8a831df8d4012b,"The question needs to be CORRECTED (Select this if you spot an error, even if you don’t know the answer).",which_soft_pastry_made_with_a_certain_spice_is_often_spiral-shaped_and_topped_with_icing_fill_16.wav,filler_other,NA,NA,NA,cinnamon roll,y,first,,,,JB_1205
3,0cebf80ae0e778f47efd8e65b22365fb50a487db98a8e0985c8a831df8d4012b,the beginning needs edits. the answer is cinnamon roll,which_soft_pastry_made_with_a_certain_spice_is_often_spiral-shaped_and_topped_with_icing_fill_16.wav,filler_other,NA,NA,NA,cinnamon roll,,,,,,
3,0cebf80ae0e778f47efd8e65b22365fb50a487db98a8e0985c8a831df8d4012b,"The question needs to be CORRECTED (Select this if you spot an error, even if you don’t know the answer).",which_soft_pastry_made_with_a_certain_spice_is_often_spiral-shaped_and_topped_with_icing_fill_16.wav,filler_other,NA,NA,NA,cinnamon roll,y,secsame,otherfill,,perhaps did not hear 'which'?,JB_1205
3,0cebf80ae0e778f47efd8e65b22365fb50a487db98a8e0985c8a831df8d4012b,"""soft pastry is made with a certain spice"" should be ""this pastry is made with ..."" the answer is cinnamon roll",which_soft_pastry_made_with_a_certain_spice_is_often_spiral-shaped_and_topped_with_icing_fill_16.wav,filler_other,NA,NA,NA,cinnamon roll,,,,,,
3,0cebf80ae0e778f47efd8e65b22365fb50a487db98a8e0985c8a831df8d4012b,"The question needs to be CORRECTED (Select this if you spot an error, even if you don’t know the answer).",what_kind_of_weather_could_occur_when_is_raining_and_below_freezing_targ_05_C.wav,target,non_phon_err,expletive 'it' dropping,/ʊ/ --> /u/; could/cooed,snow,y,first,otherp,,pronunciation of 'occur',JB_1205
3,0cebf80ae0e778f47efd8e65b22365fb50a487db98a8e0985c8a831df8d4012b,"she said ""oh cure"" instead of ""occur"" and the answer is either sleet or hail",what_kind_of_weather_could_occur_when_is_raining_and_below_freezing_targ_05_C.wav,target,non_phon_err,expletive 'it' dropping,/ʊ/ --> /u/; could/cooed,snow,,,,,,
3,0cebf80ae0e778f47efd8e65b22365fb50a487db98a8e0985c8a831df8d4012b,I’m good — skip to the next question,what_kind_of_weather_could_occur_when_is_raining_and_below_freezing_targ_05_C.wav,target,non_phon_err,expletive 'it' dropping,/ʊ/ --> /u/; could/cooed,snow,s,secsame,,,,JB_1205
3,0cebf80ae0e778f47efd8e65b22365fb50a487db98a8e0985c8a831df8d4012b,NA,what_kind_of_weather_could_occur_when_is_raining_and_below_freezing_targ_05_C.wav,target,non_phon_err,expletive 'it' dropping,/ʊ/ --> /u/; could/cooed,snow,,,,,,
3,0cebf80ae0e778f47efd8e65b22365fb50a487db98a8e0985c8a831df8d4012b,"The question needs to be CORRECTED (Select this if you spot an error, even if you don’t know the answer).",where_do_the_jolly_christmas_icons_santa_claus_and_his_wife_mrs._claus_live_fill_22.wav,filler_other,NA,NA,NA,the North Pole,y,first,otherfill,,says 'live' was pronounced 'leaf',JB_1205
3,0cebf80ae0e778f47efd8e65b22365fb50a487db98a8e0985c8a831df8d4012b,"she said ""leaf"" instead of ""live"" and the answer is North Pole",where_do_the_jolly_christmas_icons_santa_claus_and_his_wife_mrs._claus_live_fill_22.wav,filler_other,NA,NA,NA,the North Pole,,,,,,
3,0cebf80ae0e778f47efd8e65b22365fb50a487db98a8e0985c8a831df8d4012b,I’m good — skip to the next question,where_do_the_jolly_christmas_icons_santa_claus_and_his_wife_mrs._claus_live_fill_22.wav,filler_other,NA,NA,NA,the North Pole,s,secsame,,,,JB_1205
3,0cebf80ae0e778f47efd8e65b22365fb50a487db98a8e0985c8a831df8d4012b,NA,where_do_the_jolly_christmas_icons_santa_claus_and_his_wife_mrs._claus_live_fill_22.wav,filler_other,NA,NA,NA,the North Pole,,,,,,
3,0cebf80ae0e778f47efd8e65b22365fb50a487db98a8e0985c8a831df8d4012b,"The question needs to be CORRECTED (Select this if you spot an error, even if you don’t know the answer).",if_a_janitor_hardworking_cleaned_a_bent_in_five_minutes_how_many_seconds_is_that_targ_22_D.wav,target,both_err,adj/noun order,/v/ --> /b/; vent/bent,eight,y,first,other,,not specific,JB_1205
3,0cebf80ae0e778f47efd8e65b22365fb50a487db98a8e0985c8a831df8d4012b,i couldn't understand the firs tpart of the question but the answer is 300 seconds,if_a_janitor_hardworking_cleaned_a_bent_in_five_minutes_how_many_seconds_is_that_targ_22_D.wav,target,both_err,adj/noun order,/v/ --> /b/; vent/bent,eight,,,,,,
3,0cebf80ae0e778f47efd8e65b22365fb50a487db98a8e0985c8a831df8d4012b,"The question needs to be CORRECTED (Select this if you spot an error, even if you don’t know the answer).",if_a_janitor_hardworking_cleaned_a_bent_in_five_minutes_how_many_seconds_is_that_targ_22_D.wav,target,both_err,adj/noun order,/v/ --> /b/; vent/bent,eight,y,secdiff,np,,could describe error on second attempt,JB_1205
3,0cebf80ae0e778f47efd8e65b22365fb50a487db98a8e0985c8a831df8d4012b,"""if a [unknown] hard working"" should be ""if a hard working janitor"" and the answer is 60 seconds",if_a_janitor_hardworking_cleaned_a_bent_in_five_minutes_how_many_seconds_is_that_targ_22_D.wav,target,both_err,adj/noun order,/v/ --> /b/; vent/bent,eight,,,,,,
3,0cebf80ae0e778f47efd8e65b22365fb50a487db98a8e0985c8a831df8d4012b,"The question needs to be CORRECTED (Select this if you spot an error, even if you don’t know the answer).",what_mythical_creatures_have_been_said_to_drink_blood_turn_into_bats_and_hate_onions_fill_14.wav,filler_other,NA,NA,NA,vampires,y,first,otherfill,,describes issue with sentence structure,JB_1205
3,0cebf80ae0e778f47efd8e65b22365fb50a487db98a8e0985c8a831df8d4012b,"should be ""what mythical creatures sip on blood, turn into bats, and hate garlic"" and the answer if vampires",what_mythical_creatures_have_been_said_to_drink_blood_turn_into_bats_and_hate_onions_fill_14.wav,filler_other,NA,NA,NA,vampires,,,,,,
3,0cebf80ae0e778f47efd8e65b22365fb50a487db98a8e0985c8a831df8d4012b,I’m good — skip to the next question,what_mythical_creatures_have_been_said_to_drink_blood_turn_into_bats_and_hate_onions_fill_14.wav,filler_other,NA,NA,NA,vampires,s,secsame,,,,JB_1205
3,0cebf80ae0e778f47efd8e65b22365fb50a487db98a8e0985c8a831df8d4012b,NA,what_mythical_creatures_have_been_said_to_drink_blood_turn_into_bats_and_hate_onions_fill_14.wav,filler_other,NA,NA,NA,vampires,,,,,,
3,0cebf80ae0e778f47efd8e65b22365fb50a487db98a8e0985c8a831df8d4012b,The question does NOT need any corrections.,what_company_created_the_macbook_a_device_full_of_features_to_help_students_do_homework_targ_23_A.wav,target,correct,make vs. other verb,/ʊ/ --> /u/; full/fool,Apple,nans,first,,a,,JB_1205
3,0cebf80ae0e778f47efd8e65b22365fb50a487db98a8e0985c8a831df8d4012b,The answer is Apple,what_company_created_the_macbook_a_device_full_of_features_to_help_students_do_homework_targ_23_A.wav,target,correct,make vs. other verb,/ʊ/ --> /u/; full/fool,Apple,,,,,,
3,0cebf80ae0e778f47efd8e65b22365fb50a487db98a8e0985c8a831df8d4012b,I’m good — skip to the next question,what_company_created_the_macbook_a_device_full_of_features_to_help_students_do_homework_targ_23_A.wav,target,correct,make vs. other verb,/ʊ/ --> /u/; full/fool,Apple,s,secsame,,,,JB_1205
3,0cebf80ae0e778f47efd8e65b22365fb50a487db98a8e0985c8a831df8d4012b,NA,what_company_created_the_macbook_a_device_full_of_features_to_help_students_do_homework_targ_23_A.wav,target,correct,make vs. other verb,/ʊ/ --> /u/; full/fool,Apple,,,,,,
3,0cebf80ae0e778f47efd8e65b22365fb50a487db98a8e0985c8a831df8d4012b,"The question needs to be CORRECTED (Select this if you spot an error, even if you don’t know the answer).",what_musician_won_grammys_for_their_album_thriller_which_features_the_hit_song_beat_it_fill_20.wav,filler_other,NA,NA,NA,Michael Jackson,y,first,otherfill,,not specific,JB_1205
3,0cebf80ae0e778f47efd8e65b22365fb50a487db98a8e0985c8a831df8d4012b,I couldn't understand the first half of the question but the answer is Michael Jackson,what_musician_won_grammys_for_their_album_thriller_which_features_the_hit_song_beat_it_fill_20.wav,filler_other,NA,NA,NA,Michael Jackson,,,,,,
3,0cebf80ae0e778f47efd8e65b22365fb50a487db98a8e0985c8a831df8d4012b,I’m good — skip to the next question,what_musician_won_grammys_for_their_album_thriller_which_features_the_hit_song_beat_it_fill_20.wav,filler_other,NA,NA,NA,Michael Jackson,s,secsame,,,,JB_1205
3,0cebf80ae0e778f47efd8e65b22365fb50a487db98a8e0985c8a831df8d4012b,"should be ""which musicial won a grammy for their album Thriller ..."" and the answer is Michael Jackson",what_musician_won_grammys_for_their_album_thriller_which_features_the_hit_song_beat_it_fill_20.wav,filler_other,NA,NA,NA,Michael Jackson,,,,,,
3,0cebf80ae0e778f47efd8e65b22365fb50a487db98a8e0985c8a831df8d4012b,The question does NOT need any corrections.,what_letter_in_the_latin_alphabet_corresponds_to_the_greek_letter_alpha_fill_01.wav,filler_other,NA,NA,NA,a,nans,first,,a,,JB_1205
3,0cebf80ae0e778f47efd8e65b22365fb50a487db98a8e0985c8a831df8d4012b,A,what_letter_in_the_latin_alphabet_corresponds_to_the_greek_letter_alpha_fill_01.wav,filler_other,NA,NA,NA,a,,,,,,
3,0cebf80ae0e778f47efd8e65b22365fb50a487db98a8e0985c8a831df8d4012b,"The question does NOT need any corrections, but I don't know the answer/ I don't understand what the question is asking.",what_letter_in_the_latin_alphabet_corresponds_to_the_greek_letter_alpha_fill_01.wav,filler_other,NA,NA,NA,a,nun,secdiff,,,,JB_1205
3,0cebf80ae0e778f47efd8e65b22365fb50a487db98a8e0985c8a831df8d4012b,NA,what_letter_in_the_latin_alphabet_corresponds_to_the_greek_letter_alpha_fill_01.wav,filler_other,NA,NA,NA,a,,,,,,
3,0cebf80ae0e778f47efd8e65b22365fb50a487db98a8e0985c8a831df8d4012b,"The question does NOT need any corrections, but I don't know the answer/ I don't understand what the question is asking.",which_scottish_actor_first_played_james_bond_wearing_kilts_to_red_carpets_when_he_was_32_years_old_targ_03_A.wav,target,correct,have vs. be,/k/ --> /g/; kilt/guilt,Sean Connery,nun,first,,,,JB_1205
3,0cebf80ae0e778f47efd8e65b22365fb50a487db98a8e0985c8a831df8d4012b,NA,which_scottish_actor_first_played_james_bond_wearing_kilts_to_red_carpets_when_he_was_32_years_old_targ_03_A.wav,target,correct,have vs. be,/k/ --> /g/; kilt/guilt,Sean Connery,,,,,,
3,0cebf80ae0e778f47efd8e65b22365fb50a487db98a8e0985c8a831df8d4012b,I’m good — skip to the next question,which_scottish_actor_first_played_james_bond_wearing_kilts_to_red_carpets_when_he_was_32_years_old_targ_03_A.wav,target,correct,have vs. be,/k/ --> /g/; kilt/guilt,Sean Connery,s,secsame,,,,JB_1205
3,0cebf80ae0e778f47efd8e65b22365fb50a487db98a8e0985c8a831df8d4012b,NA,which_scottish_actor_first_played_james_bond_wearing_kilts_to_red_carpets_when_he_was_32_years_old_targ_03_A.wav,target,correct,have vs. be,/k/ --> /g/; kilt/guilt,Sean Connery,,,,,,
3,0cebf80ae0e778f47efd8e65b22365fb50a487db98a8e0985c8a831df8d4012b,The question does NOT need any corrections.,which_body_part_did_van_gogh_allegedly_cut_off_after_an_argument_with_his_friend_fill_05.wav,filler_other,NA,NA,NA,ear,nans,first,,a,,JB_1205
3,0cebf80ae0e778f47efd8e65b22365fb50a487db98a8e0985c8a831df8d4012b,ear,which_body_part_did_van_gogh_allegedly_cut_off_after_an_argument_with_his_friend_fill_05.wav,filler_other,NA,NA,NA,ear,,,,,,
3,0cebf80ae0e778f47efd8e65b22365fb50a487db98a8e0985c8a831df8d4012b,I’m good — skip to the next question,which_body_part_did_van_gogh_allegedly_cut_off_after_an_argument_with_his_friend_fill_05.wav,filler_other,NA,NA,NA,ear,s,secsame,,,,JB_1205
3,0cebf80ae0e778f47efd8e65b22365fb50a487db98a8e0985c8a831df8d4012b,NA,which_body_part_did_van_gogh_allegedly_cut_off_after_an_argument_with_his_friend_fill_05.wav,filler_other,NA,NA,NA,ear,,,,,,
3,0cebf80ae0e778f47efd8e65b22365fb50a487db98a8e0985c8a831df8d4012b,The question does NOT need any corrections.,which_cartoon_dog_solves_mysteries_with_the_group_fred_daphne_velma_and_shaggy_fill_10.wav,filler_other,NA,NA,NA,Scooby-Doo,nans,first,,a,,JB_1205
3,0cebf80ae0e778f47efd8e65b22365fb50a487db98a8e0985c8a831df8d4012b,scooby doo,which_cartoon_dog_solves_mysteries_with_the_group_fred_daphne_velma_and_shaggy_fill_10.wav,filler_other,NA,NA,NA,Scooby-Doo,,,,,,
3,0cebf80ae0e778f47efd8e65b22365fb50a487db98a8e0985c8a831df8d4012b,I’m good — skip to the next question,which_cartoon_dog_solves_mysteries_with_the_group_fred_daphne_velma_and_shaggy_fill_10.wav,filler_other,NA,NA,NA,Scooby-Doo,s,secsame,,,,JB_1205
3,0cebf80ae0e778f47efd8e65b22365fb50a487db98a8e0985c8a831df8d4012b,NA,which_cartoon_dog_solves_mysteries_with_the_group_fred_daphne_velma_and_shaggy_fill_10.wav,filler_other,NA,NA,NA,Scooby-Doo,,,,,,
3,0cebf80ae0e778f47efd8e65b22365fb50a487db98a8e0985c8a831df8d4012b,The question does NOT need any corrections.,what_colors_can_be_on_a_traffic_light_which_often_senses_when_cars_pull_up_targ_11_A.wav,target,correct,have vs. be,/ʊ/ --> /u/; pulls/pools,green,nans,first,,a,,JB_1205
3,0cebf80ae0e778f47efd8e65b22365fb50a487db98a8e0985c8a831df8d4012b,"red, green, and yellow",what_colors_can_be_on_a_traffic_light_which_often_senses_when_cars_pull_up_targ_11_A.wav,target,correct,have vs. be,/ʊ/ --> /u/; pulls/pools,green,,,,,,
3,0cebf80ae0e778f47efd8e65b22365fb50a487db98a8e0985c8a831df8d4012b,I’m good — skip to the next question,what_colors_can_be_on_a_traffic_light_which_often_senses_when_cars_pull_up_targ_11_A.wav,target,correct,have vs. be,/ʊ/ --> /u/; pulls/pools,green,s,secsame,,,,JB_1205
3,0cebf80ae0e778f47efd8e65b22365fb50a487db98a8e0985c8a831df8d4012b,NA,what_colors_can_be_on_a_traffic_light_which_often_senses_when_cars_pull_up_targ_11_A.wav,target,correct,have vs. be,/ʊ/ --> /u/; pulls/pools,green,,,,,,
3,0cebf80ae0e778f47efd8e65b22365fb50a487db98a8e0985c8a831df8d4012b,"The question needs to be CORRECTED (Select this if you spot an error, even if you don’t know the answer).",what_holiday_occurs_at_the_end_of_october_and_features_trick-or-treating_pumpkins_and_haunted_houses_fill_07.wav,filler_other,NA,NA,NA,Halloween,y,first,otherfill,,pronunciation of 'pumpkins' and 'occur',JB_1205
3,0cebf80ae0e778f47efd8e65b22365fb50a487db98a8e0985c8a831df8d4012b,she said pumpkings instead of pumpkins. answer is halloween,what_holiday_occurs_at_the_end_of_october_and_features_trick-or-treating_pumpkins_and_haunted_houses_fill_07.wav,filler_other,NA,NA,NA,Halloween,,,,,,
3,0cebf80ae0e778f47efd8e65b22365fb50a487db98a8e0985c8a831df8d4012b,"The question needs to be CORRECTED (Select this if you spot an error, even if you don’t know the answer).",what_holiday_occurs_at_the_end_of_october_and_features_trick-or-treating_pumpkins_and_haunted_houses_fill_07.wav,filler_other,NA,NA,NA,Halloween,y,secsame,otherfill,,,JB_1205
3,0cebf80ae0e778f47efd8e65b22365fb50a487db98a8e0985c8a831df8d4012b,"she said pumpkings instead of pumpkins, and oh cures instead of occurs. answer is halloween",what_holiday_occurs_at_the_end_of_october_and_features_trick-or-treating_pumpkins_and_haunted_houses_fill_07.wav,filler_other,NA,NA,NA,Halloween,,,,,,
3,0cebf80ae0e778f47efd8e65b22365fb50a487db98a8e0985c8a831df8d4012b,The question does NOT need any corrections.,what_is_the_name_of_the_comic_strip_featuring_charlie_brown_and_his_dog_snoopy_fill_06.wav,filler_other,NA,NA,NA,Peanuts,nans,first,,a,,JB_1205
3,0cebf80ae0e778f47efd8e65b22365fb50a487db98a8e0985c8a831df8d4012b,peanuts,what_is_the_name_of_the_comic_strip_featuring_charlie_brown_and_his_dog_snoopy_fill_06.wav,filler_other,NA,NA,NA,Peanuts,,,,,,
3,0cebf80ae0e778f47efd8e65b22365fb50a487db98a8e0985c8a831df8d4012b,I’m good — skip to the next question,what_is_the_name_of_the_comic_strip_featuring_charlie_brown_and_his_dog_snoopy_fill_06.wav,filler_other,NA,NA,NA,Peanuts,s,secsame,,,,JB_1205
3,0cebf80ae0e778f47efd8e65b22365fb50a487db98a8e0985c8a831df8d4012b,NA,what_is_the_name_of_the_comic_strip_featuring_charlie_brown_and_his_dog_snoopy_fill_06.wav,filler_other,NA,NA,NA,Peanuts,,,,,,
3,0cebf80ae0e778f47efd8e65b22365fb50a487db98a8e0985c8a831df8d4012b,The question does NOT need any corrections.,which_tropical_fruit_that_grows_on_palm_trees_is_used_for_oils_and_milks_fill_18.wav,filler_other,NA,NA,NA,coconuts,nans,first,,a,,JB_1205
3,0cebf80ae0e778f47efd8e65b22365fb50a487db98a8e0985c8a831df8d4012b,coconut,which_tropical_fruit_that_grows_on_palm_trees_is_used_for_oils_and_milks_fill_18.wav,filler_other,NA,NA,NA,coconuts,,,,,,
3,0cebf80ae0e778f47efd8e65b22365fb50a487db98a8e0985c8a831df8d4012b,I’m good — skip to the next question,which_tropical_fruit_that_grows_on_palm_trees_is_used_for_oils_and_milks_fill_18.wav,filler_other,NA,NA,NA,coconuts,s,secsame,,,,JB_1205
3,0cebf80ae0e778f47efd8e65b22365fb50a487db98a8e0985c8a831df8d4012b,NA,which_tropical_fruit_that_grows_on_palm_trees_is_used_for_oils_and_milks_fill_18.wav,filler_other,NA,NA,NA,coconuts,,,,,,
3,0cebf80ae0e778f47efd8e65b22365fb50a487db98a8e0985c8a831df8d4012b,The question does NOT need any corrections.,which_cartoon_character_works_at_the_krusty_krab_and_is_best_friends_with_patrick_star_fill_04.wav,filler_other,NA,NA,NA,Spongebob,nans,first,,a,,JB_1205
3,0cebf80ae0e778f47efd8e65b22365fb50a487db98a8e0985c8a831df8d4012b,spongebob,which_cartoon_character_works_at_the_krusty_krab_and_is_best_friends_with_patrick_star_fill_04.wav,filler_other,NA,NA,NA,Spongebob,,,,,,
3,0cebf80ae0e778f47efd8e65b22365fb50a487db98a8e0985c8a831df8d4012b,I’m good — skip to the next question,which_cartoon_character_works_at_the_krusty_krab_and_is_best_friends_with_patrick_star_fill_04.wav,filler_other,NA,NA,NA,Spongebob,s,secsame,,,,JB_1205
3,0cebf80ae0e778f47efd8e65b22365fb50a487db98a8e0985c8a831df8d4012b,NA,which_cartoon_character_works_at_the_krusty_krab_and_is_best_friends_with_patrick_star_fill_04.wav,filler_other,NA,NA,NA,Spongebob,,,,,,
3,0cebf80ae0e778f47efd8e65b22365fb50a487db98a8e0985c8a831df8d4012b,"The question needs to be CORRECTED (Select this if you spot an error, even if you don’t know the answer).",how_many_days_would_my_bike_tandem_be_gone_if_someone_borrows_it_for_july_targ_17_C.wav,target,non_phon_err,adj/noun order,/ʊ/ --> /u/; would/wooed,thirty-one days,y,first,np,,,JB_1205
3,0cebf80ae0e778f47efd8e65b22365fb50a487db98a8e0985c8a831df8d4012b,she said 'my bike tandem' instead of 'my tandem bike' and 'you lie' instead of 'july' and the answer is 1,how_many_days_would_my_bike_tandem_be_gone_if_someone_borrows_it_for_july_targ_17_C.wav,target,non_phon_err,adj/noun order,/ʊ/ --> /u/; would/wooed,thirty-one days,,,,,,
3,0cebf80ae0e778f47efd8e65b22365fb50a487db98a8e0985c8a831df8d4012b,"The question needs to be CORRECTED (Select this if you spot an error, even if you don’t know the answer).",how_many_days_would_my_bike_tandem_be_gone_if_someone_borrows_it_for_july_targ_17_C.wav,target,non_phon_err,adj/noun order,/ʊ/ --> /u/; would/wooed,thirty-one days,y,secsame,np,,,JB_1205
3,0cebf80ae0e778f47efd8e65b22365fb50a487db98a8e0985c8a831df8d4012b,she said 'my bike tandem' instead of 'my tandem bike' and 'you lie' instead of 'july' and the answer is 31,how_many_days_would_my_bike_tandem_be_gone_if_someone_borrows_it_for_july_targ_17_C.wav,target,non_phon_err,adj/noun order,/ʊ/ --> /u/; would/wooed,thirty-one days,,,,,,
3,0cebf80ae0e778f47efd8e65b22365fb50a487db98a8e0985c8a831df8d4012b,"The question needs to be CORRECTED (Select this if you spot an error, even if you don’t know the answer).",what_city_have_people_rust_to_tour_to_see_where_the_us_government_makes_business_targ_14_D.wav,target,both_err,make vs. other verb,/ʃ/ --> /s/; rushed/rust,Washington D.C.,y,first,other,,no error reported,JB_1205
3,0cebf80ae0e778f47efd8e65b22365fb50a487db98a8e0985c8a831df8d4012b,i didnt understand the question,what_city_have_people_rust_to_tour_to_see_where_the_us_government_makes_business_targ_14_D.wav,target,both_err,make vs. other verb,/ʃ/ --> /s/; rushed/rust,Washington D.C.,,,,,,
3,0cebf80ae0e778f47efd8e65b22365fb50a487db98a8e0985c8a831df8d4012b,"The question needs to be CORRECTED (Select this if you spot an error, even if you don’t know the answer).",what_city_have_people_rust_to_tour_to_see_where_the_us_government_makes_business_targ_14_D.wav,target,both_err,make vs. other verb,/ʃ/ --> /s/; rushed/rust,Washington D.C.,y,secdiff,both,,"gives fully corrected sentence, definitely noticing non-phon error -- unsure if phon error was noticed",JB_1205
3,0cebf80ae0e778f47efd8e65b22365fb50a487db98a8e0985c8a831df8d4012b,should be 'what city to people rush to tour to see where the US government conducts business' and the answer is Washington DC,what_city_have_people_rust_to_tour_to_see_where_the_us_government_makes_business_targ_14_D.wav,target,both_err,make vs. other verb,/ʃ/ --> /s/; rushed/rust,Washington D.C.,,,,,,
3,0cebf80ae0e778f47efd8e65b22365fb50a487db98a8e0985c8a831df8d4012b,"The question needs to be CORRECTED (Select this if you spot an error, even if you don’t know the answer).",if_laundry_service_will_come_in_five_days_and_todays_thursday_when_are_they_making_laundry_next_targ_09_C.wav,target,non_phon_err,make vs. other verb,/k/ --> /g/; come/gum,Tuesday,y,first,np,,,JB_1205
3,0cebf80ae0e778f47efd8e65b22365fb50a487db98a8e0985c8a831df8d4012b,"""when are they making laundry next"" should be ""when will they pick up laundry next"" and the answer is Tuesday.",if_laundry_service_will_come_in_five_days_and_todays_thursday_when_are_they_making_laundry_next_targ_09_C.wav,target,non_phon_err,make vs. other verb,/k/ --> /g/; come/gum,Tuesday,,,,,,
3,0cebf80ae0e778f47efd8e65b22365fb50a487db98a8e0985c8a831df8d4012b,I’m good — skip to the next question,if_laundry_service_will_come_in_five_days_and_todays_thursday_when_are_they_making_laundry_next_targ_09_C.wav,target,non_phon_err,make vs. other verb,/k/ --> /g/; come/gum,Tuesday,s,secsame,,,,JB_1205
3,0cebf80ae0e778f47efd8e65b22365fb50a487db98a8e0985c8a831df8d4012b,NA,if_laundry_service_will_come_in_five_days_and_todays_thursday_when_are_they_making_laundry_next_targ_09_C.wav,target,non_phon_err,make vs. other verb,/k/ --> /g/; come/gum,Tuesday,,,,,,
3,0cebf80ae0e778f47efd8e65b22365fb50a487db98a8e0985c8a831df8d4012b,"The question needs to be CORRECTED (Select this if you spot an error, even if you don’t know the answer).",for_what_pink_ice_cream_flavor_will_companies_make_their_best_to_use_real_fruit_targ_01_C.wav,target,non_phon_err,make vs. other verb,/ɪ/ --> /i/; will/wheel,strawberry,y,first,np,,,JB_1205
3,0cebf80ae0e778f47efd8e65b22365fb50a487db98a8e0985c8a831df8d4012b,"""make their best to use real fruit"" should be ""do their best to use real fruit"" and the answer is strawberry.",for_what_pink_ice_cream_flavor_will_companies_make_their_best_to_use_real_fruit_targ_01_C.wav,target,non_phon_err,make vs. other verb,/ɪ/ --> /i/; will/wheel,strawberry,,,,,,
3,0cebf80ae0e778f47efd8e65b22365fb50a487db98a8e0985c8a831df8d4012b,I’m good — skip to the next question,for_what_pink_ice_cream_flavor_will_companies_make_their_best_to_use_real_fruit_targ_01_C.wav,target,non_phon_err,make vs. other verb,/ɪ/ --> /i/; will/wheel,strawberry,s,secsame,,,,JB_1205
3,0cebf80ae0e778f47efd8e65b22365fb50a487db98a8e0985c8a831df8d4012b,NA,for_what_pink_ice_cream_flavor_will_companies_make_their_best_to_use_real_fruit_targ_01_C.wav,target,non_phon_err,make vs. other verb,/ɪ/ --> /i/; will/wheel,strawberry,,,,,,
3,0cebf80ae0e778f47efd8e65b22365fb50a487db98a8e0985c8a831df8d4012b,"The question needs to be CORRECTED (Select this if you spot an error, even if you don’t know the answer).",in_the_lion_king_who_nala_talk_to_and_is_laying_in_a_cot_after_theyve_reunited_targ_21_C.wav,target,non_phon_err,no aux verbs in questions (lack of do support),/k/ --> /g/; cot/got,Simba,y,first,other,,could not understand in general,JB_1205
3,0cebf80ae0e778f47efd8e65b22365fb50a487db98a8e0985c8a831df8d4012b,i couldn't understand what was being asked,in_the_lion_king_who_nala_talk_to_and_is_laying_in_a_cot_after_theyve_reunited_targ_21_C.wav,target,non_phon_err,no aux verbs in questions (lack of do support),/k/ --> /g/; cot/got,Simba,,,,,,
3,0cebf80ae0e778f47efd8e65b22365fb50a487db98a8e0985c8a831df8d4012b,I’m good — skip to the next question,in_the_lion_king_who_nala_talk_to_and_is_laying_in_a_cot_after_theyve_reunited_targ_21_C.wav,target,non_phon_err,no aux verbs in questions (lack of do support),/k/ --> /g/; cot/got,Simba,s,secsame,,,,JB_1205
3,0cebf80ae0e778f47efd8e65b22365fb50a487db98a8e0985c8a831df8d4012b,NA,in_the_lion_king_who_nala_talk_to_and_is_laying_in_a_cot_after_theyve_reunited_targ_21_C.wav,target,non_phon_err,no aux verbs in questions (lack of do support),/k/ --> /g/; cot/got,Simba,,,,,,
3,0cebf80ae0e778f47efd8e65b22365fb50a487db98a8e0985c8a831df8d4012b,The question does NOT need any corrections.,what_big_star_in_our_solar_system_can_still_be_visible_when_it_is_cloudy_targ_19_A.wav,target,correct,expletive 'it' dropping,/ɪ/ --> /i/; still/steal,the Sun,nans,first,,a,,JB_1205
3,0cebf80ae0e778f47efd8e65b22365fb50a487db98a8e0985c8a831df8d4012b,The North Star,what_big_star_in_our_solar_system_can_still_be_visible_when_it_is_cloudy_targ_19_A.wav,target,correct,expletive 'it' dropping,/ɪ/ --> /i/; still/steal,the Sun,,,,,,
3,0cebf80ae0e778f47efd8e65b22365fb50a487db98a8e0985c8a831df8d4012b,I’m good — skip to the next question,what_big_star_in_our_solar_system_can_still_be_visible_when_it_is_cloudy_targ_19_A.wav,target,correct,expletive 'it' dropping,/ɪ/ --> /i/; still/steal,the Sun,s,secsame,,,,JB_1205
3,0cebf80ae0e778f47efd8e65b22365fb50a487db98a8e0985c8a831df8d4012b,NA,what_big_star_in_our_solar_system_can_still_be_visible_when_it_is_cloudy_targ_19_A.wav,target,correct,expletive 'it' dropping,/ɪ/ --> /i/; still/steal,the Sun,,,,,,
3,0cebf80ae0e778f47efd8e65b22365fb50a487db98a8e0985c8a831df8d4012b,"The question needs to be CORRECTED (Select this if you spot an error, even if you don’t know the answer).",what_supplies_you_need_to_knit_a_scarf_targ_13_C.wav,target,non_phon_err,no aux verbs in questions (lack of do support),/ɪ/ --> /i/; knit/neat,needles and yarn,y,first,np,,,JB_1205
3,0cebf80ae0e778f47efd8e65b22365fb50a487db98a8e0985c8a831df8d4012b,"should be ""what supplies do you need to knit a scarf"" and and answer is a needle and yarn",what_supplies_you_need_to_knit_a_scarf_targ_13_C.wav,target,non_phon_err,no aux verbs in questions (lack of do support),/ɪ/ --> /i/; knit/neat,needles and yarn,,,,,,
3,0cebf80ae0e778f47efd8e65b22365fb50a487db98a8e0985c8a831df8d4012b,I’m good — skip to the next question,what_supplies_you_need_to_knit_a_scarf_targ_13_C.wav,target,non_phon_err,no aux verbs in questions (lack of do support),/ɪ/ --> /i/; knit/neat,needles and yarn,s,secsame,,,,JB_1205
3,0cebf80ae0e778f47efd8e65b22365fb50a487db98a8e0985c8a831df8d4012b,NA,what_supplies_you_need_to_knit_a_scarf_targ_13_C.wav,target,non_phon_err,no aux verbs in questions (lack of do support),/ɪ/ --> /i/; knit/neat,needles and yarn,,,,,,
3,0cebf80ae0e778f47efd8e65b22365fb50a487db98a8e0985c8a831df8d4012b,"The question needs to be CORRECTED (Select this if you spot an error, even if you don’t know the answer).",who_did_americans_boat_for_to_be_their_first_president_who_avoided_to_serve_three_terms_targ_10_D.wav,target,both_err,infinitive vs. participle,/v/ --> /b/; vote/boat,George Washington,y,first,otherirr,,related to factual content,JB_1205
3,0cebf80ae0e778f47efd8e65b22365fb50a487db98a8e0985c8a831df8d4012b,"""who avoided to serve three terms"" should be ""two terms"" since that is the maximum. I don't know the answer.",who_did_americans_boat_for_to_be_their_first_president_who_avoided_to_serve_three_terms_targ_10_D.wav,target,both_err,infinitive vs. participle,/v/ --> /b/; vote/boat,George Washington,,,,,,
3,0cebf80ae0e778f47efd8e65b22365fb50a487db98a8e0985c8a831df8d4012b,I’m good — skip to the next question,who_did_americans_boat_for_to_be_their_first_president_who_avoided_to_serve_three_terms_targ_10_D.wav,target,both_err,infinitive vs. participle,/v/ --> /b/; vote/boat,George Washington,s,secsame,,,,JB_1205
3,0cebf80ae0e778f47efd8e65b22365fb50a487db98a8e0985c8a831df8d4012b,NA,who_did_americans_boat_for_to_be_their_first_president_who_avoided_to_serve_three_terms_targ_10_D.wav,target,both_err,infinitive vs. participle,/v/ --> /b/; vote/boat,George Washington,,,,,,
3,0cebf80ae0e778f47efd8e65b22365fb50a487db98a8e0985c8a831df8d4012b,"The question needs to be CORRECTED (Select this if you spot an error, even if you don’t know the answer).",when_you_have_hot_what_device_measures_body_temperature_in_boat_celsius_and_fahrenheit_targ_18_D.wav,target,both_err,have vs. be,/θ/ --> /t/; both/boat,thermometer,y,first,otherwrong,,no error reported,JB_1205
3,0cebf80ae0e778f47efd8e65b22365fb50a487db98a8e0985c8a831df8d4012b,Thermometer,when_you_have_hot_what_device_measures_body_temperature_in_boat_celsius_and_fahrenheit_targ_18_D.wav,target,both_err,have vs. be,/θ/ --> /t/; both/boat,thermometer,,,,,,
3,0cebf80ae0e778f47efd8e65b22365fb50a487db98a8e0985c8a831df8d4012b,"The question needs to be CORRECTED (Select this if you spot an error, even if you don’t know the answer).",when_you_have_hot_what_device_measures_body_temperature_in_boat_celsius_and_fahrenheit_targ_18_D.wav,target,both_err,have vs. be,/θ/ --> /t/; both/boat,thermometer,y,secsame,np,,,JB_1205
3,0cebf80ae0e778f47efd8e65b22365fb50a487db98a8e0985c8a831df8d4012b,"""when you have hot"" should be ""when you are hot"" or ""when you have a fever"" and the asnwer is Thermometer",when_you_have_hot_what_device_measures_body_temperature_in_boat_celsius_and_fahrenheit_targ_18_D.wav,target,both_err,have vs. be,/θ/ --> /t/; both/boat,thermometer,,,,,,
3,0cebf80ae0e778f47efd8e65b22365fb50a487db98a8e0985c8a831df8d4012b,The question does NOT need any corrections.,which_oscar-winning_movie_features_tom_hanks_saying_life_is_like_a_box_of_chocolates_fill_12.wav,filler_other,NA,NA,NA,Forrest Gump,nans,first,,a,,JB_1205
3,0cebf80ae0e778f47efd8e65b22365fb50a487db98a8e0985c8a831df8d4012b,forest gump,which_oscar-winning_movie_features_tom_hanks_saying_life_is_like_a_box_of_chocolates_fill_12.wav,filler_other,NA,NA,NA,Forrest Gump,,,,,,
3,0cebf80ae0e778f47efd8e65b22365fb50a487db98a8e0985c8a831df8d4012b,I’m good — skip to the next question,which_oscar-winning_movie_features_tom_hanks_saying_life_is_like_a_box_of_chocolates_fill_12.wav,filler_other,NA,NA,NA,Forrest Gump,s,secsame,,,,JB_1205
3,0cebf80ae0e778f47efd8e65b22365fb50a487db98a8e0985c8a831df8d4012b,NA,which_oscar-winning_movie_features_tom_hanks_saying_life_is_like_a_box_of_chocolates_fill_12.wav,filler_other,NA,NA,NA,Forrest Gump,,,,,,
3,0cebf80ae0e778f47efd8e65b22365fb50a487db98a8e0985c8a831df8d4012b,The question does NOT need any corrections.,what_colors_make_up_a_traditional_candy_cane_which_people_enjoy_eating_during_christmas_targ_15_A.wav,target,correct,infinitive vs. participle,/k/ --> /g/; cane/gain,red and white,nans,first,,a,,JB_1205
3,0cebf80ae0e778f47efd8e65b22365fb50a487db98a8e0985c8a831df8d4012b,red and white,what_colors_make_up_a_traditional_candy_cane_which_people_enjoy_eating_during_christmas_targ_15_A.wav,target,correct,infinitive vs. participle,/k/ --> /g/; cane/gain,red and white,,,,,,
3,0cebf80ae0e778f47efd8e65b22365fb50a487db98a8e0985c8a831df8d4012b,I’m good — skip to the next question,what_colors_make_up_a_traditional_candy_cane_which_people_enjoy_eating_during_christmas_targ_15_A.wav,target,correct,infinitive vs. participle,/k/ --> /g/; cane/gain,red and white,s,secsame,,,,JB_1205
3,0cebf80ae0e778f47efd8e65b22365fb50a487db98a8e0985c8a831df8d4012b,NA,what_colors_make_up_a_traditional_candy_cane_which_people_enjoy_eating_during_christmas_targ_15_A.wav,target,correct,infinitive vs. participle,/k/ --> /g/; cane/gain,red and white,,,,,,
3,0cebf80ae0e778f47efd8e65b22365fb50a487db98a8e0985c8a831df8d4012b,The question does NOT need any corrections.,what_us_holiday_is_often_celebrated_with_fireworks_and_hotdogs_to_honor_americas_freedom_fill_17.wav,filler_other,NA,NA,NA,Independence Day,nans,first,,a,,JB_1205
3,0cebf80ae0e778f47efd8e65b22365fb50a487db98a8e0985c8a831df8d4012b,independence day,what_us_holiday_is_often_celebrated_with_fireworks_and_hotdogs_to_honor_americas_freedom_fill_17.wav,filler_other,NA,NA,NA,Independence Day,,,,,,
3,0cebf80ae0e778f47efd8e65b22365fb50a487db98a8e0985c8a831df8d4012b,I’m good — skip to the next question,what_us_holiday_is_often_celebrated_with_fireworks_and_hotdogs_to_honor_americas_freedom_fill_17.wav,filler_other,NA,NA,NA,Independence Day,s,secsame,,,,JB_1205
3,0cebf80ae0e778f47efd8e65b22365fb50a487db98a8e0985c8a831df8d4012b,NA,what_us_holiday_is_often_celebrated_with_fireworks_and_hotdogs_to_honor_americas_freedom_fill_17.wav,filler_other,NA,NA,NA,Independence Day,,,,,,
3,0cebf80ae0e778f47efd8e65b22365fb50a487db98a8e0985c8a831df8d4012b,"The question does NOT need any corrections, but I don't know the answer/ I don't understand what the question is asking.",what_novel_has_the_quote_i’m_late_i’m_late_for_a_very_important_date_fill_13.wav,filler_other,NA,NA,NA,Alice in Wonderland,nun,first,,,,JB_1205
3,0cebf80ae0e778f47efd8e65b22365fb50a487db98a8e0985c8a831df8d4012b,NA,what_novel_has_the_quote_i’m_late_i’m_late_for_a_very_important_date_fill_13.wav,filler_other,NA,NA,NA,Alice in Wonderland,,,,,,
3,0cebf80ae0e778f47efd8e65b22365fb50a487db98a8e0985c8a831df8d4012b,I’m good — skip to the next question,what_novel_has_the_quote_i’m_late_i’m_late_for_a_very_important_date_fill_13.wav,filler_other,NA,NA,NA,Alice in Wonderland,s,secsame,,,,JB_1205
3,0cebf80ae0e778f47efd8e65b22365fb50a487db98a8e0985c8a831df8d4012b,NA,what_novel_has_the_quote_i’m_late_i’m_late_for_a_very_important_date_fill_13.wav,filler_other,NA,NA,NA,Alice in Wonderland,,,,,,
3,0cebf80ae0e778f47efd8e65b22365fb50a487db98a8e0985c8a831df8d4012b,"The question needs to be CORRECTED (Select this if you spot an error, even if you don’t know the answer).",what_popular_us_chain_provides_a_happy_meal_toy_or_plus_when_kids_are_hungry_targ_20_B.wav,target,phon_err,have vs. be,/ʃ/ --> /s/; plush/plus,McDonald's,y,first,p,,unable to understand target phon error word,JB_1205
3,0cebf80ae0e778f47efd8e65b22365fb50a487db98a8e0985c8a831df8d4012b,"""toy or ___"" i'm not sure what that last word is. Answer is McDonalds",what_popular_us_chain_provides_a_happy_meal_toy_or_plus_when_kids_are_hungry_targ_20_B.wav,target,phon_err,have vs. be,/ʃ/ --> /s/; plush/plus,McDonald's,,,,,,
3,0cebf80ae0e778f47efd8e65b22365fb50a487db98a8e0985c8a831df8d4012b,I’m good — skip to the next question,what_popular_us_chain_provides_a_happy_meal_toy_or_plus_when_kids_are_hungry_targ_20_B.wav,target,phon_err,have vs. be,/ʃ/ --> /s/; plush/plus,McDonald's,s,secsame,,,,JB_1205
3,0cebf80ae0e778f47efd8e65b22365fb50a487db98a8e0985c8a831df8d4012b,NA,what_popular_us_chain_provides_a_happy_meal_toy_or_plus_when_kids_are_hungry_targ_20_B.wav,target,phon_err,have vs. be,/ʃ/ --> /s/; plush/plus,McDonald's,,,,,,
3,0cebf80ae0e778f47efd8e65b22365fb50a487db98a8e0985c8a831df8d4012b,The question does NOT need any corrections.,what_kind_of_animal_is_mickey_mouse’s_girlfriend_minnie_who_wears_a_bow_fill_09.wav,filler_other,NA,NA,NA,mouse,nans,first,,a,,JB_1205
3,0cebf80ae0e778f47efd8e65b22365fb50a487db98a8e0985c8a831df8d4012b,mouse,what_kind_of_animal_is_mickey_mouse’s_girlfriend_minnie_who_wears_a_bow_fill_09.wav,filler_other,NA,NA,NA,mouse,,,,,,
3,0cebf80ae0e778f47efd8e65b22365fb50a487db98a8e0985c8a831df8d4012b,I’m good — skip to the next question,what_kind_of_animal_is_mickey_mouse’s_girlfriend_minnie_who_wears_a_bow_fill_09.wav,filler_other,NA,NA,NA,mouse,s,secsame,,,,JB_1205
3,0cebf80ae0e778f47efd8e65b22365fb50a487db98a8e0985c8a831df8d4012b,NA,what_kind_of_animal_is_mickey_mouse’s_girlfriend_minnie_who_wears_a_bow_fill_09.wav,filler_other,NA,NA,NA,mouse,,,,,,
3,0cebf80ae0e778f47efd8e65b22365fb50a487db98a8e0985c8a831df8d4012b,"The question needs to be CORRECTED (Select this if you spot an error, even if you don’t know the answer).",which_season_do_we_associate_with_thanksgiving_the_beginning_of_school_and_leaves_turning_brown_fill_19.wav,filler_other,NA,NA,NA,Fall,y,first,otherfill,,"suggests adding ""which"" ",JB_1205
3,0cebf80ae0e778f47efd8e65b22365fb50a487db98a8e0985c8a831df8d4012b,"should be ""which season"" and the answer is fall",which_season_do_we_associate_with_thanksgiving_the_beginning_of_school_and_leaves_turning_brown_fill_19.wav,filler_other,NA,NA,NA,Fall,,,,,,
3,0cebf80ae0e778f47efd8e65b22365fb50a487db98a8e0985c8a831df8d4012b,I’m good — skip to the next question,which_season_do_we_associate_with_thanksgiving_the_beginning_of_school_and_leaves_turning_brown_fill_19.wav,filler_other,NA,NA,NA,Fall,s,secsame,,,,JB_1205
3,0cebf80ae0e778f47efd8e65b22365fb50a487db98a8e0985c8a831df8d4012b,NA,which_season_do_we_associate_with_thanksgiving_the_beginning_of_school_and_leaves_turning_brown_fill_19.wav,filler_other,NA,NA,NA,Fall,,,,,,
3,0cebf80ae0e778f47efd8e65b22365fb50a487db98a8e0985c8a831df8d4012b,"The question needs to be CORRECTED (Select this if you spot an error, even if you don’t know the answer).",in_what_country_would_you_find_landmarks_like_the_pyramids_of_giza_and_great_sphinx_fill_24.wav,filler_other,NA,NA,NA,Egypt,y,first,otherfill,,"notices mispronunciation of ""sphynx"" ",JB_1205
3,0cebf80ae0e778f47efd8e65b22365fb50a487db98a8e0985c8a831df8d4012b,"""finks"" should be ""sphinx"" and the answer is egypt",in_what_country_would_you_find_landmarks_like_the_pyramids_of_giza_and_great_sphinx_fill_24.wav,filler_other,NA,NA,NA,Egypt,,,,,,
3,0cebf80ae0e778f47efd8e65b22365fb50a487db98a8e0985c8a831df8d4012b,I’m good — skip to the next question,in_what_country_would_you_find_landmarks_like_the_pyramids_of_giza_and_great_sphinx_fill_24.wav,filler_other,NA,NA,NA,Egypt,s,secsame,,,,JB_1205
3,0cebf80ae0e778f47efd8e65b22365fb50a487db98a8e0985c8a831df8d4012b,NA,in_what_country_would_you_find_landmarks_like_the_pyramids_of_giza_and_great_sphinx_fill_24.wav,filler_other,NA,NA,NA,Egypt,,,,,,
3,0cebf80ae0e778f47efd8e65b22365fb50a487db98a8e0985c8a831df8d4012b,The question does NOT need any corrections.,what_is_the_name_of_the_video_game_character_who_is_a_traveling_italian_plumber_fill_08.wav,filler_other,NA,NA,NA,Mario,nans,first,,a,,JB_1205
3,0cebf80ae0e778f47efd8e65b22365fb50a487db98a8e0985c8a831df8d4012b,mario or luigi. both are correct answers.,what_is_the_name_of_the_video_game_character_who_is_a_traveling_italian_plumber_fill_08.wav,filler_other,NA,NA,NA,Mario,,,,,,
3,0cebf80ae0e778f47efd8e65b22365fb50a487db98a8e0985c8a831df8d4012b,I’m good — skip to the next question,what_is_the_name_of_the_video_game_character_who_is_a_traveling_italian_plumber_fill_08.wav,filler_other,NA,NA,NA,Mario,s,secsame,,,,JB_1205
3,0cebf80ae0e778f47efd8e65b22365fb50a487db98a8e0985c8a831df8d4012b,NA,what_is_the_name_of_the_video_game_character_who_is_a_traveling_italian_plumber_fill_08.wav,filler_other,NA,NA,NA,Mario,,,,,,
3,0cebf80ae0e778f47efd8e65b22365fb50a487db98a8e0985c8a831df8d4012b,"The question needs to be CORRECTED (Select this if you spot an error, even if you don’t know the answer).",because_it_is_important_to_honor_the_iris_saint_what_holiday_occurs_on_march_17th_targ_08_B.wav,target,phon_err,expletive 'it' dropping,/ʃ/ --> /s/; Irish/iris,St. Patrick's Day,y,first,p,,,JB_1205
3,0cebf80ae0e778f47efd8e65b22365fb50a487db98a8e0985c8a831df8d4012b,"""iris saint"" should be ""irish saint"" and the answer is ""saint patrick's day""",because_it_is_important_to_honor_the_iris_saint_what_holiday_occurs_on_march_17th_targ_08_B.wav,target,phon_err,expletive 'it' dropping,/ʃ/ --> /s/; Irish/iris,St. Patrick's Day,,,,,,
3,0cebf80ae0e778f47efd8e65b22365fb50a487db98a8e0985c8a831df8d4012b,I’m good — skip to the next question,because_it_is_important_to_honor_the_iris_saint_what_holiday_occurs_on_march_17th_targ_08_B.wav,target,phon_err,expletive 'it' dropping,/ʃ/ --> /s/; Irish/iris,St. Patrick's Day,s,secsame,,,,JB_1205
3,0cebf80ae0e778f47efd8e65b22365fb50a487db98a8e0985c8a831df8d4012b,NA,because_it_is_important_to_honor_the_iris_saint_what_holiday_occurs_on_march_17th_targ_08_B.wav,target,phon_err,expletive 'it' dropping,/ʃ/ --> /s/; Irish/iris,St. Patrick's Day,,,,,,
3,0cebf80ae0e778f47efd8e65b22365fb50a487db98a8e0985c8a831df8d4012b,"The question needs to be CORRECTED (Select this if you spot an error, even if you don’t know the answer).",how_many_legs_does_a_garden_spider_canadian_whose_silk_can_make_clot_have_targ_06_D.wav,target,both_err,adj/noun order,/θ/ --> /t/; cloth/clot,eight,y,first,both?,,"definitely notices non-phon error, potentially notices phon error but does not know what the target word should be",JB_1205
3,0cebf80ae0e778f47efd8e65b22365fb50a487db98a8e0985c8a831df8d4012b,"""garden silk canadian who make silk lot have"" should be ""canadian garden spider who can make silk""",how_many_legs_does_a_garden_spider_canadian_whose_silk_can_make_clot_have_targ_06_D.wav,target,both_err,adj/noun order,/θ/ --> /t/; cloth/clot,eight,,,,,,
3,0cebf80ae0e778f47efd8e65b22365fb50a487db98a8e0985c8a831df8d4012b,"The question needs to be CORRECTED (Select this if you spot an error, even if you don’t know the answer).",how_many_legs_does_a_garden_spider_canadian_whose_silk_can_make_clot_have_targ_06_D.wav,target,both_err,adj/noun order,/θ/ --> /t/; cloth/clot,eight,y,secsame,both?,,,JB_1205
3,0cebf80ae0e778f47efd8e65b22365fb50a487db98a8e0985c8a831df8d4012b,"should be ""canadian garden spider who can make a lot of silk"" and i do not know the answer",how_many_legs_does_a_garden_spider_canadian_whose_silk_can_make_clot_have_targ_06_D.wav,target,both_err,adj/noun order,/θ/ --> /t/; cloth/clot,eight,,,,,,
3,0cebf80ae0e778f47efd8e65b22365fb50a487db98a8e0985c8a831df8d4012b,The question does NOT need any corrections.,what_childrens_game_makes_people_sit_down_quickly_when_the_loud_music_stops_targ_07_A.wav,target,correct,adj/noun order,/ɪ/ --> /i/; sit/seat,musical chairs,nans,first,,a,,JB_1205
3,0cebf80ae0e778f47efd8e65b22365fb50a487db98a8e0985c8a831df8d4012b,musical chairs,what_childrens_game_makes_people_sit_down_quickly_when_the_loud_music_stops_targ_07_A.wav,target,correct,adj/noun order,/ɪ/ --> /i/; sit/seat,musical chairs,,,,,,
3,0cebf80ae0e778f47efd8e65b22365fb50a487db98a8e0985c8a831df8d4012b,I’m good — skip to the next question,what_childrens_game_makes_people_sit_down_quickly_when_the_loud_music_stops_targ_07_A.wav,target,correct,adj/noun order,/ɪ/ --> /i/; sit/seat,musical chairs,s,secsame,,,,JB_1205
3,0cebf80ae0e778f47efd8e65b22365fb50a487db98a8e0985c8a831df8d4012b,NA,what_childrens_game_makes_people_sit_down_quickly_when_the_loud_music_stops_targ_07_A.wav,target,correct,adj/noun order,/ɪ/ --> /i/; sit/seat,musical chairs,,,,,,
3,0cebf80ae0e778f47efd8e65b22365fb50a487db98a8e0985c8a831df8d4012b,The question does NOT need any corrections.,what_organ_is_often_associated_with_being_eaten_by_rotting_flesh_monsters_also_known_as_zombies_fill_02.wav,filler_other,NA,NA,NA,the brain,nans,first,,a,,JB_1205
3,0cebf80ae0e778f47efd8e65b22365fb50a487db98a8e0985c8a831df8d4012b,brain,what_organ_is_often_associated_with_being_eaten_by_rotting_flesh_monsters_also_known_as_zombies_fill_02.wav,filler_other,NA,NA,NA,the brain,,,,,,
3,0cebf80ae0e778f47efd8e65b22365fb50a487db98a8e0985c8a831df8d4012b,I’m good — skip to the next question,what_organ_is_often_associated_with_being_eaten_by_rotting_flesh_monsters_also_known_as_zombies_fill_02.wav,filler_other,NA,NA,NA,the brain,s,secsame,,,,JB_1205
3,0cebf80ae0e778f47efd8e65b22365fb50a487db98a8e0985c8a831df8d4012b,NA,what_organ_is_often_associated_with_being_eaten_by_rotting_flesh_monsters_also_known_as_zombies_fill_02.wav,filler_other,NA,NA,NA,the brain,,,,,,
3,0cebf80ae0e778f47efd8e65b22365fb50a487db98a8e0985c8a831df8d4012b,"The question needs to be CORRECTED (Select this if you spot an error, even if you don’t know the answer).",in_the_famous_dr_seuss_book_what_orange_and_yellow_character_speaks_for_the_trees_fill_23.wav,filler_other,NA,NA,NA,the Lorax,y,first,otherfill,,related to factual content of sentence,JB_1205
3,0cebf80ae0e778f47efd8e65b22365fb50a487db98a8e0985c8a831df8d4012b,"should be ""speaks to the trees"". I do not know the answer",in_the_famous_dr_seuss_book_what_orange_and_yellow_character_speaks_for_the_trees_fill_23.wav,filler_other,NA,NA,NA,the Lorax,,,,,,
3,0cebf80ae0e778f47efd8e65b22365fb50a487db98a8e0985c8a831df8d4012b,I’m good — skip to the next question,in_the_famous_dr_seuss_book_what_orange_and_yellow_character_speaks_for_the_trees_fill_23.wav,filler_other,NA,NA,NA,the Lorax,s,secsame,,,,JB_1205
3,0cebf80ae0e778f47efd8e65b22365fb50a487db98a8e0985c8a831df8d4012b,NA,in_the_famous_dr_seuss_book_what_orange_and_yellow_character_speaks_for_the_trees_fill_23.wav,filler_other,NA,NA,NA,the Lorax,,,,,,
3,0cebf80ae0e778f47efd8e65b22365fb50a487db98a8e0985c8a831df8d4012b,"The question needs to be CORRECTED (Select this if you spot an error, even if you don’t know the answer).",what_did_neil_armstrong_say_during_his_berry_first_steps_on_the_moon_targ_04_B.wav,target,phon_err,no aux verbs in questions (lack of do support),/v/ --> /b/; very/berry,"""That's one small step for man, one giant leap for mankind.""",y,first,otherp,,says 'seps' is said instead of 'steps',JB_1205
3,0cebf80ae0e778f47efd8e65b22365fb50a487db98a8e0985c8a831df8d4012b,"""seps"" should be ""steps"". answer is ""1 small step for man, 1 giant leap for mankind""",what_did_neil_armstrong_say_during_his_berry_first_steps_on_the_moon_targ_04_B.wav,target,phon_err,no aux verbs in questions (lack of do support),/v/ --> /b/; very/berry,"""That's one small step for man, one giant leap for mankind.""",,,,,,
3,0cebf80ae0e778f47efd8e65b22365fb50a487db98a8e0985c8a831df8d4012b,I’m good — skip to the next question,what_did_neil_armstrong_say_during_his_berry_first_steps_on_the_moon_targ_04_B.wav,target,phon_err,no aux verbs in questions (lack of do support),/v/ --> /b/; very/berry,"""That's one small step for man, one giant leap for mankind.""",s,secsame,,,,JB_1205
3,0cebf80ae0e778f47efd8e65b22365fb50a487db98a8e0985c8a831df8d4012b,NA,what_did_neil_armstrong_say_during_his_berry_first_steps_on_the_moon_targ_04_B.wav,target,phon_err,no aux verbs in questions (lack of do support),/v/ --> /b/; very/berry,"""That's one small step for man, one giant leap for mankind.""",,,,,,
3,0cebf80ae0e778f47efd8e65b22365fb50a487db98a8e0985c8a831df8d4012b,The question does NOT need any corrections.,which_british_celebrity_judge_often_harshly_critiqued_contestants_on_the_nationwide_singing_contest_american_idol_fill_03.wav,filler_other,NA,NA,NA,Simon Cowell,nans,first,,a,,JB_1205
3,0cebf80ae0e778f47efd8e65b22365fb50a487db98a8e0985c8a831df8d4012b,simon cowell,which_british_celebrity_judge_often_harshly_critiqued_contestants_on_the_nationwide_singing_contest_american_idol_fill_03.wav,filler_other,NA,NA,NA,Simon Cowell,,,,,,
3,0cebf80ae0e778f47efd8e65b22365fb50a487db98a8e0985c8a831df8d4012b,I’m good — skip to the next question,which_british_celebrity_judge_often_harshly_critiqued_contestants_on_the_nationwide_singing_contest_american_idol_fill_03.wav,filler_other,NA,NA,NA,Simon Cowell,s,secsame,,,,JB_1205
3,0cebf80ae0e778f47efd8e65b22365fb50a487db98a8e0985c8a831df8d4012b,NA,which_british_celebrity_judge_often_harshly_critiqued_contestants_on_the_nationwide_singing_contest_american_idol_fill_03.wav,filler_other,NA,NA,NA,Simon Cowell,,,,,,
3,0cebf80ae0e778f47efd8e65b22365fb50a487db98a8e0985c8a831df8d4012b,"The question needs to be CORRECTED (Select this if you spot an error, even if you don’t know the answer).",what_term_refers_to_armored_men_who_enjoyed_to_carry_medieval_swords_that_class_in_combat_targ_02_D.wav,target,both_err,infinitive vs. participle,/ʃ/ --> /s/; clash/class,knights,y,first,p,,,JB_1205
3,0cebf80ae0e778f47efd8e65b22365fb50a487db98a8e0985c8a831df8d4012b,"shuld be ""clash in combat"" not ""class"". answer is knights",what_term_refers_to_armored_men_who_enjoyed_to_carry_medieval_swords_that_class_in_combat_targ_02_D.wav,target,both_err,infinitive vs. participle,/ʃ/ --> /s/; clash/class,knights,,,,,,
3,0cebf80ae0e778f47efd8e65b22365fb50a487db98a8e0985c8a831df8d4012b,I’m good — skip to the next question,what_term_refers_to_armored_men_who_enjoyed_to_carry_medieval_swords_that_class_in_combat_targ_02_D.wav,target,both_err,infinitive vs. participle,/ʃ/ --> /s/; clash/class,knights,s,secsame,,,,JB_1205
3,0cebf80ae0e778f47efd8e65b22365fb50a487db98a8e0985c8a831df8d4012b,NA,what_term_refers_to_armored_men_who_enjoyed_to_carry_medieval_swords_that_class_in_combat_targ_02_D.wav,target,both_err,infinitive vs. participle,/ʃ/ --> /s/; clash/class,knights,,,,,,
3,0cebf80ae0e778f47efd8e65b22365fb50a487db98a8e0985c8a831df8d4012b,The question does NOT need any corrections.,what_animal_is_typically_white_with_black_spots_and_says_moo_fill_21.wav,filler_other,NA,NA,NA,a cow,nans,first,,a,,JB_1205
3,0cebf80ae0e778f47efd8e65b22365fb50a487db98a8e0985c8a831df8d4012b,dairy cow,what_animal_is_typically_white_with_black_spots_and_says_moo_fill_21.wav,filler_other,NA,NA,NA,a cow,,,,,,
3,0cebf80ae0e778f47efd8e65b22365fb50a487db98a8e0985c8a831df8d4012b,I’m good — skip to the next question,what_animal_is_typically_white_with_black_spots_and_says_moo_fill_21.wav,filler_other,NA,NA,NA,a cow,s,secsame,,,,JB_1205
3,0cebf80ae0e778f47efd8e65b22365fb50a487db98a8e0985c8a831df8d4012b,NA,what_animal_is_typically_white_with_black_spots_and_says_moo_fill_21.wav,filler_other,NA,NA,NA,a cow,,,,,,
3,0cebf80ae0e778f47efd8e65b22365fb50a487db98a8e0985c8a831df8d4012b,The question does NOT need any corrections.,which_fast_food_chain_offers_foot-long_sandwiches_and_has_the_slogan_eat_fresh_fill_11.wav,filler_other,NA,NA,NA,Subway,nans,first,,a,,JB_1205
3,0cebf80ae0e778f47efd8e65b22365fb50a487db98a8e0985c8a831df8d4012b,subway,which_fast_food_chain_offers_foot-long_sandwiches_and_has_the_slogan_eat_fresh_fill_11.wav,filler_other,NA,NA,NA,Subway,,,,,,
3,0cebf80ae0e778f47efd8e65b22365fb50a487db98a8e0985c8a831df8d4012b,I’m good — skip to the next question,which_fast_food_chain_offers_foot-long_sandwiches_and_has_the_slogan_eat_fresh_fill_11.wav,filler_other,NA,NA,NA,Subway,s,secsame,,,,JB_1205
3,0cebf80ae0e778f47efd8e65b22365fb50a487db98a8e0985c8a831df8d4012b,NA,which_fast_food_chain_offers_foot-long_sandwiches_and_has_the_slogan_eat_fresh_fill_11.wav,filler_other,NA,NA,NA,Subway,,,,,,
3,0cebf80ae0e778f47efd8e65b22365fb50a487db98a8e0985c8a831df8d4012b,"The question needs to be CORRECTED (Select this if you spot an error, even if you don’t know the answer).",if_youre_on_a_pat_from_california_to_hawaii_which_ocean_do_you_go_through_targ_12_B.wav,target,phon_err,no aux verbs in questions (lack of do support),/θ/ --> /t/; path/pat,Pacific Ocean,y,first,p?,,seems to notice phon error but not explicit,JB_1205
3,0cebf80ae0e778f47efd8e65b22365fb50a487db98a8e0985c8a831df8d4012b,"should be ""on a path"". I dont know the answer",if_youre_on_a_pat_from_california_to_hawaii_which_ocean_do_you_go_through_targ_12_B.wav,target,phon_err,no aux verbs in questions (lack of do support),/θ/ --> /t/; path/pat,Pacific Ocean,,,,,,
3,0cebf80ae0e778f47efd8e65b22365fb50a487db98a8e0985c8a831df8d4012b,"The question needs to be CORRECTED (Select this if you spot an error, even if you don’t know the answer).",if_youre_on_a_pat_from_california_to_hawaii_which_ocean_do_you_go_through_targ_12_B.wav,target,phon_err,no aux verbs in questions (lack of do support),/θ/ --> /t/; path/pat,Pacific Ocean,y,secsame,p?,,,JB_1205
3,0cebf80ae0e778f47efd8e65b22365fb50a487db98a8e0985c8a831df8d4012b,"should be ""on a path"" and answer is Pacific",if_youre_on_a_pat_from_california_to_hawaii_which_ocean_do_you_go_through_targ_12_B.wav,target,phon_err,no aux verbs in questions (lack of do support),/θ/ --> /t/; path/pat,Pacific Ocean,,,,,,
3,0cebf80ae0e778f47efd8e65b22365fb50a487db98a8e0985c8a831df8d4012b,The question does NOT need any corrections.,who_discovered_the_law_of_universal_gravitation_which_accounts_for_why_objects_naturally_fall_downwards_fill_15.wav,filler_other,NA,NA,NA,Isaac Newton,nans,first,,a,,JB_1205
3,0cebf80ae0e778f47efd8e65b22365fb50a487db98a8e0985c8a831df8d4012b,isaac newton,who_discovered_the_law_of_universal_gravitation_which_accounts_for_why_objects_naturally_fall_downwards_fill_15.wav,filler_other,NA,NA,NA,Isaac Newton,,,,,,
3,0cebf80ae0e778f47efd8e65b22365fb50a487db98a8e0985c8a831df8d4012b,I’m good — skip to the next question,who_discovered_the_law_of_universal_gravitation_which_accounts_for_why_objects_naturally_fall_downwards_fill_15.wav,filler_other,NA,NA,NA,Isaac Newton,s,secsame,,,,JB_1205
3,0cebf80ae0e778f47efd8e65b22365fb50a487db98a8e0985c8a831df8d4012b,NA,who_discovered_the_law_of_universal_gravitation_which_accounts_for_why_objects_naturally_fall_downwards_fill_15.wav,filler_other,NA,NA,NA,Isaac Newton,,,,,,
3,0cebf80ae0e778f47efd8e65b22365fb50a487db98a8e0985c8a831df8d4012b,The question does NOT need any corrections.,where_do_people_get_drivers_licenses_since_it_is_required_as_ballad_id_to_drive_targ_16_B.wav,target,phon_err,expletive 'it' dropping,/v/ --> /b/; valid/ballad,DMV,nans,first,,a,,JB_1205
3,0cebf80ae0e778f47efd8e65b22365fb50a487db98a8e0985c8a831df8d4012b,DMV,where_do_people_get_drivers_licenses_since_it_is_required_as_ballad_id_to_drive_targ_16_B.wav,target,phon_err,expletive 'it' dropping,/v/ --> /b/; valid/ballad,DMV,,,,,,
3,0cebf80ae0e778f47efd8e65b22365fb50a487db98a8e0985c8a831df8d4012b,"The question needs to be CORRECTED (Select this if you spot an error, even if you don’t know the answer).",where_do_people_get_drivers_licenses_since_it_is_required_as_ballad_id_to_drive_targ_16_B.wav,target,phon_err,expletive 'it' dropping,/v/ --> /b/; valid/ballad,DMV,y,secdiff,,,,JB_1205
3,0cebf80ae0e778f47efd8e65b22365fb50a487db98a8e0985c8a831df8d4012b,"should be ""valid id"" and answer is the DMV",where_do_people_get_drivers_licenses_since_it_is_required_as_ballad_id_to_drive_targ_16_B.wav,target,phon_err,expletive 'it' dropping,/v/ --> /b/; valid/ballad,DMV,,,,,,
3,0cebf80ae0e778f47efd8e65b22365fb50a487db98a8e0985c8a831df8d4012b,"The question needs to be CORRECTED (Select this if you spot an error, even if you don’t know the answer).",if_i_consider_leaving_work_after_the_fort_hour_how_many_minutes_would_that_be_targ_24_B.wav,target,phon_err,infinitive vs. participle,/θ/ --> /t/; fourth/fort,two hundred and forty,y,first,p,,,JB_1205
3,0cebf80ae0e778f47efd8e65b22365fb50a487db98a8e0985c8a831df8d4012b,"""fort hour"" should be ""fourth hour"" and the answer is 240 minutes",if_i_consider_leaving_work_after_the_fort_hour_how_many_minutes_would_that_be_targ_24_B.wav,target,phon_err,infinitive vs. participle,/θ/ --> /t/; fourth/fort,two hundred and forty,,,,,,
3,0cebf80ae0e778f47efd8e65b22365fb50a487db98a8e0985c8a831df8d4012b,I’m good — skip to the next question,if_i_consider_leaving_work_after_the_fort_hour_how_many_minutes_would_that_be_targ_24_B.wav,target,phon_err,infinitive vs. participle,/θ/ --> /t/; fourth/fort,two hundred and forty,s,secsame,,,,JB_1205
3,0cebf80ae0e778f47efd8e65b22365fb50a487db98a8e0985c8a831df8d4012b,NA,if_i_consider_leaving_work_after_the_fort_hour_how_many_minutes_would_that_be_targ_24_B.wav,target,phon_err,infinitive vs. participle,/θ/ --> /t/; fourth/fort,two hundred and forty,,,,,,
4,0da8fe4902237d224b17c5f0ad7586472161ddc315062133a0f57d3666d9661d,The question does NOT need any corrections.,what_color_is_a_typical_school_bus_fill_28.wav,att_check_good,NA,NA,NA,yellow,nans,first,,a,attention check passed (8/8 correct),JB_1204
4,0da8fe4902237d224b17c5f0ad7586472161ddc315062133a0f57d3666d9661d,Yellow,what_color_is_a_typical_school_bus_fill_28.wav,att_check_good,NA,NA,NA,yellow,,,,,,
4,0da8fe4902237d224b17c5f0ad7586472161ddc315062133a0f57d3666d9661d,I’m good — skip to the next question,what_color_is_a_typical_school_bus_fill_28.wav,att_check_good,NA,NA,NA,yellow,s,secsame,,,,JB_1204
4,0da8fe4902237d224b17c5f0ad7586472161ddc315062133a0f57d3666d9661d,NA,what_color_is_a_typical_school_bus_fill_28.wav,att_check_good,NA,NA,NA,yellow,,,,,,
4,0da8fe4902237d224b17c5f0ad7586472161ddc315062133a0f57d3666d9661d,"The question needs to be CORRECTED (Select this if you spot an error, even if you don’t know the answer).",what_insect_undergoes_a_process_of_change_to_turn_into_a_butterfy_fill_30.wav,att_check_err,NA,NA,NA,caterpillar (butterfly),y,first,acheckp,,,JB_1204
4,0da8fe4902237d224b17c5f0ad7586472161ddc315062133a0f57d3666d9661d,"""butterfly"" sounds like ""butterfie""; caterpillar",what_insect_undergoes_a_process_of_change_to_turn_into_a_butterfy_fill_30.wav,att_check_err,NA,NA,NA,caterpillar (butterfly),,,,,,
4,0da8fe4902237d224b17c5f0ad7586472161ddc315062133a0f57d3666d9661d,I’m good — skip to the next question,what_insect_undergoes_a_process_of_change_to_turn_into_a_butterfy_fill_30.wav,att_check_err,NA,NA,NA,caterpillar (butterfly),s,secsame,,,,JB_1204
4,0da8fe4902237d224b17c5f0ad7586472161ddc315062133a0f57d3666d9661d,NA,what_insect_undergoes_a_process_of_change_to_turn_into_a_butterfy_fill_30.wav,att_check_err,NA,NA,NA,caterpillar (butterfly),,,,,,
4,0da8fe4902237d224b17c5f0ad7586472161ddc315062133a0f57d3666d9661d,The question does NOT need any corrections.,how_many_legs_does_a_dog_normally_have_fill_25.wav,att_check_good,NA,NA,NA,four,nans,first,,a,,JB_1204
4,0da8fe4902237d224b17c5f0ad7586472161ddc315062133a0f57d3666d9661d,Four,how_many_legs_does_a_dog_normally_have_fill_25.wav,att_check_good,NA,NA,NA,four,,,,,,
4,0da8fe4902237d224b17c5f0ad7586472161ddc315062133a0f57d3666d9661d,I’m good — skip to the next question,how_many_legs_does_a_dog_normally_have_fill_25.wav,att_check_good,NA,NA,NA,four,s,secsame,,,,JB_1204
4,0da8fe4902237d224b17c5f0ad7586472161ddc315062133a0f57d3666d9661d,NA,how_many_legs_does_a_dog_normally_have_fill_25.wav,att_check_good,NA,NA,NA,four,,,,,,
4,0da8fe4902237d224b17c5f0ad7586472161ddc315062133a0f57d3666d9661d,"The question needs to be CORRECTED (Select this if you spot an error, even if you don’t know the answer).",how_many_embers_were_in_the_beatles_the_british_rock_band_fill_32.wav,att_check_err,NA,NA,NA,four (members),y,first,acheckp,,,JB_1204
4,0da8fe4902237d224b17c5f0ad7586472161ddc315062133a0f57d3666d9661d,"""embers"" should be ""members""; Four",how_many_embers_were_in_the_beatles_the_british_rock_band_fill_32.wav,att_check_err,NA,NA,NA,four (members),,,,,,
4,0da8fe4902237d224b17c5f0ad7586472161ddc315062133a0f57d3666d9661d,"The question needs to be CORRECTED (Select this if you spot an error, even if you don’t know the answer).",how_many_embers_were_in_the_beatles_the_british_rock_band_fill_32.wav,att_check_err,NA,NA,NA,four (members),y,secsame,,,,JB_1204
4,0da8fe4902237d224b17c5f0ad7586472161ddc315062133a0f57d3666d9661d,"""embers"" should be ""members""; ""biddles"" should be ""Beatles""; Four",how_many_embers_were_in_the_beatles_the_british_rock_band_fill_32.wav,att_check_err,NA,NA,NA,four (members),,,,,,
4,0da8fe4902237d224b17c5f0ad7586472161ddc315062133a0f57d3666d9661d,The question does NOT need any corrections.,what_day_of_the_week_comes_after_monday_fill_27.wav,att_check_good,NA,NA,NA,Tuesday,nans,first,,a,,JB_1204
4,0da8fe4902237d224b17c5f0ad7586472161ddc315062133a0f57d3666d9661d,Tuesday,what_day_of_the_week_comes_after_monday_fill_27.wav,att_check_good,NA,NA,NA,Tuesday,,,,,,
4,0da8fe4902237d224b17c5f0ad7586472161ddc315062133a0f57d3666d9661d,I’m good — skip to the next question,what_day_of_the_week_comes_after_monday_fill_27.wav,att_check_good,NA,NA,NA,Tuesday,s,secsame,,,,JB_1204
4,0da8fe4902237d224b17c5f0ad7586472161ddc315062133a0f57d3666d9661d,NA,what_day_of_the_week_comes_after_monday_fill_27.wav,att_check_good,NA,NA,NA,Tuesday,,,,,,
4,0da8fe4902237d224b17c5f0ad7586472161ddc315062133a0f57d3666d9661d,"The question needs to be CORRECTED (Select this if you spot an error, even if you don’t know the answer).",what_is_the_largest_plant_in_the_solar_system_fill_31.wav,att_check_err,NA,NA,NA,Jupiter (planet),y,first,acheckp,,,JB_1204
4,0da8fe4902237d224b17c5f0ad7586472161ddc315062133a0f57d3666d9661d,"""plant"" should be ""planet""; Jupiter",what_is_the_largest_plant_in_the_solar_system_fill_31.wav,att_check_err,NA,NA,NA,Jupiter (planet),,,,,,
4,0da8fe4902237d224b17c5f0ad7586472161ddc315062133a0f57d3666d9661d,I’m good — skip to the next question,what_is_the_largest_plant_in_the_solar_system_fill_31.wav,att_check_err,NA,NA,NA,Jupiter (planet),s,secsame,,,,JB_1204
4,0da8fe4902237d224b17c5f0ad7586472161ddc315062133a0f57d3666d9661d,NA,what_is_the_largest_plant_in_the_solar_system_fill_31.wav,att_check_err,NA,NA,NA,Jupiter (planet),,,,,,
4,0da8fe4902237d224b17c5f0ad7586472161ddc315062133a0f57d3666d9661d,"The question needs to be CORRECTED (Select this if you spot an error, even if you don’t know the answer).",in_the_cycle_of_seasons_what_season_comes_after_dinter_fill_29.wav,att_check_err,NA,NA,NA,"Spring (Winter, sound sub that's not related)",y,first,acheckp,,,JB_1204
4,0da8fe4902237d224b17c5f0ad7586472161ddc315062133a0f57d3666d9661d,"""dinter"" should be ""winter""; Spring",in_the_cycle_of_seasons_what_season_comes_after_dinter_fill_29.wav,att_check_err,NA,NA,NA,"Spring (Winter, sound sub that's not related)",,,,,,
4,0da8fe4902237d224b17c5f0ad7586472161ddc315062133a0f57d3666d9661d,I’m good — skip to the next question,in_the_cycle_of_seasons_what_season_comes_after_dinter_fill_29.wav,att_check_err,NA,NA,NA,"Spring (Winter, sound sub that's not related)",s,secsame,,,,JB_1204
4,0da8fe4902237d224b17c5f0ad7586472161ddc315062133a0f57d3666d9661d,NA,in_the_cycle_of_seasons_what_season_comes_after_dinter_fill_29.wav,att_check_err,NA,NA,NA,"Spring (Winter, sound sub that's not related)",,,,,,
4,0da8fe4902237d224b17c5f0ad7586472161ddc315062133a0f57d3666d9661d,The question does NOT need any corrections.,what_state_is_los_angeles_located_in_fill_26.wav,att_check_good,NA,NA,NA,California,nans,first,,a,,JB_1204
4,0da8fe4902237d224b17c5f0ad7586472161ddc315062133a0f57d3666d9661d,California,what_state_is_los_angeles_located_in_fill_26.wav,att_check_good,NA,NA,NA,California,,,,,,
4,0da8fe4902237d224b17c5f0ad7586472161ddc315062133a0f57d3666d9661d,I’m good — skip to the next question,what_state_is_los_angeles_located_in_fill_26.wav,att_check_good,NA,NA,NA,California,s,secsame,,,,JB_1204
4,0da8fe4902237d224b17c5f0ad7586472161ddc315062133a0f57d3666d9661d,NA,what_state_is_los_angeles_located_in_fill_26.wav,att_check_good,NA,NA,NA,California,,,,,,
4,0da8fe4902237d224b17c5f0ad7586472161ddc315062133a0f57d3666d9661d,"The question does NOT need any corrections, but I don't know the answer/ I don't understand what the question is asking.",which_soft_pastry_made_with_a_certain_spice_is_often_spiral-shaped_and_topped_with_icing_fill_16.wav,filler_other,NA,NA,NA,cinnamon roll,nun,first,,,,JB_1205
4,0da8fe4902237d224b17c5f0ad7586472161ddc315062133a0f57d3666d9661d,don't know,which_soft_pastry_made_with_a_certain_spice_is_often_spiral-shaped_and_topped_with_icing_fill_16.wav,filler_other,NA,NA,NA,cinnamon roll,,,,,,
4,0da8fe4902237d224b17c5f0ad7586472161ddc315062133a0f57d3666d9661d,"The question does NOT need any corrections, but I don't know the answer/ I don't understand what the question is asking.",which_soft_pastry_made_with_a_certain_spice_is_often_spiral-shaped_and_topped_with_icing_fill_16.wav,filler_other,NA,NA,NA,cinnamon roll,nun,secsame,,,,JB_1205
4,0da8fe4902237d224b17c5f0ad7586472161ddc315062133a0f57d3666d9661d,I don't know the answer,which_soft_pastry_made_with_a_certain_spice_is_often_spiral-shaped_and_topped_with_icing_fill_16.wav,filler_other,NA,NA,NA,cinnamon roll,,,,,,
4,0da8fe4902237d224b17c5f0ad7586472161ddc315062133a0f57d3666d9661d,The question does NOT need any corrections.,if_youre_on_a_pat_from_california_to_hawaii_which_ocean_do_you_go_through_targ_12_B.wav,target,phon_err,no aux verbs in questions (lack of do support),/θ/ --> /t/; path/pat,Pacific Ocean,nans,first,,a,,JB_1205
4,0da8fe4902237d224b17c5f0ad7586472161ddc315062133a0f57d3666d9661d,Pacific Ocean,if_youre_on_a_pat_from_california_to_hawaii_which_ocean_do_you_go_through_targ_12_B.wav,target,phon_err,no aux verbs in questions (lack of do support),/θ/ --> /t/; path/pat,Pacific Ocean,,,,,,
4,0da8fe4902237d224b17c5f0ad7586472161ddc315062133a0f57d3666d9661d,I’m good — skip to the next question,if_youre_on_a_pat_from_california_to_hawaii_which_ocean_do_you_go_through_targ_12_B.wav,target,phon_err,no aux verbs in questions (lack of do support),/θ/ --> /t/; path/pat,Pacific Ocean,s,secsame,,,,JB_1205
4,0da8fe4902237d224b17c5f0ad7586472161ddc315062133a0f57d3666d9661d,NA,if_youre_on_a_pat_from_california_to_hawaii_which_ocean_do_you_go_through_targ_12_B.wav,target,phon_err,no aux verbs in questions (lack of do support),/θ/ --> /t/; path/pat,Pacific Ocean,,,,,,
4,0da8fe4902237d224b17c5f0ad7586472161ddc315062133a0f57d3666d9661d,"The question needs to be CORRECTED (Select this if you spot an error, even if you don’t know the answer).",what_did_neil_armstrong_say_during_his_berry_first_steps_on_the_moon_targ_04_B.wav,target,phon_err,no aux verbs in questions (lack of do support),/v/ --> /b/; very/berry,"""That's one small step for man, one giant leap for mankind.""",y,first,otherp,,mispronunciation of 'Neil',JB_1205
4,0da8fe4902237d224b17c5f0ad7586472161ddc315062133a0f57d3666d9661d,"""Neil"" sounds like ""Nell""; I don't know the answer",what_did_neil_armstrong_say_during_his_berry_first_steps_on_the_moon_targ_04_B.wav,target,phon_err,no aux verbs in questions (lack of do support),/v/ --> /b/; very/berry,"""That's one small step for man, one giant leap for mankind.""",,,,,,
4,0da8fe4902237d224b17c5f0ad7586472161ddc315062133a0f57d3666d9661d,I’m good — skip to the next question,what_did_neil_armstrong_say_during_his_berry_first_steps_on_the_moon_targ_04_B.wav,target,phon_err,no aux verbs in questions (lack of do support),/v/ --> /b/; very/berry,"""That's one small step for man, one giant leap for mankind.""",s,secsame,,,,JB_1205
4,0da8fe4902237d224b17c5f0ad7586472161ddc315062133a0f57d3666d9661d,NA,what_did_neil_armstrong_say_during_his_berry_first_steps_on_the_moon_targ_04_B.wav,target,phon_err,no aux verbs in questions (lack of do support),/v/ --> /b/; very/berry,"""That's one small step for man, one giant leap for mankind.""",,,,,,
4,0da8fe4902237d224b17c5f0ad7586472161ddc315062133a0f57d3666d9661d,The question does NOT need any corrections.,what_kind_of_weather_could_occur_when_is_raining_and_below_freezing_targ_05_C.wav,target,non_phon_err,expletive 'it' dropping,/ʊ/ --> /u/; could/cooed,snow,nans,first,,a,technically accurate response,JB_1205
4,0da8fe4902237d224b17c5f0ad7586472161ddc315062133a0f57d3666d9661d,Sleet,what_kind_of_weather_could_occur_when_is_raining_and_below_freezing_targ_05_C.wav,target,non_phon_err,expletive 'it' dropping,/ʊ/ --> /u/; could/cooed,snow,,,,,,
4,0da8fe4902237d224b17c5f0ad7586472161ddc315062133a0f57d3666d9661d,I’m good — skip to the next question,what_kind_of_weather_could_occur_when_is_raining_and_below_freezing_targ_05_C.wav,target,non_phon_err,expletive 'it' dropping,/ʊ/ --> /u/; could/cooed,snow,s,secsame,,,,JB_1205
4,0da8fe4902237d224b17c5f0ad7586472161ddc315062133a0f57d3666d9661d,NA,what_kind_of_weather_could_occur_when_is_raining_and_below_freezing_targ_05_C.wav,target,non_phon_err,expletive 'it' dropping,/ʊ/ --> /u/; could/cooed,snow,,,,,,
4,0da8fe4902237d224b17c5f0ad7586472161ddc315062133a0f57d3666d9661d,The question does NOT need any corrections.,what_big_star_in_our_solar_system_can_still_be_visible_when_it_is_cloudy_targ_19_A.wav,target,correct,expletive 'it' dropping,/ɪ/ --> /i/; still/steal,the Sun,nans,first,,a,,JB_1205
4,0da8fe4902237d224b17c5f0ad7586472161ddc315062133a0f57d3666d9661d,Sun,what_big_star_in_our_solar_system_can_still_be_visible_when_it_is_cloudy_targ_19_A.wav,target,correct,expletive 'it' dropping,/ɪ/ --> /i/; still/steal,the Sun,,,,,,
4,0da8fe4902237d224b17c5f0ad7586472161ddc315062133a0f57d3666d9661d,I’m good — skip to the next question,what_big_star_in_our_solar_system_can_still_be_visible_when_it_is_cloudy_targ_19_A.wav,target,correct,expletive 'it' dropping,/ɪ/ --> /i/; still/steal,the Sun,s,secsame,,,,JB_1205
4,0da8fe4902237d224b17c5f0ad7586472161ddc315062133a0f57d3666d9661d,NA,what_big_star_in_our_solar_system_can_still_be_visible_when_it_is_cloudy_targ_19_A.wav,target,correct,expletive 'it' dropping,/ɪ/ --> /i/; still/steal,the Sun,,,,,,
4,0da8fe4902237d224b17c5f0ad7586472161ddc315062133a0f57d3666d9661d,"The question needs to be CORRECTED (Select this if you spot an error, even if you don’t know the answer).",which_body_part_did_van_gogh_allegedly_cut_off_after_an_argument_with_his_friend_fill_05.wav,filler_other,NA,NA,NA,ear,y,first,otherfill,,related to pronunciation of 'Van Gogh',JB_1205
4,0da8fe4902237d224b17c5f0ad7586472161ddc315062133a0f57d3666d9661d,"""Van Gogh"" sounds like ""Vango"". I don't know the answer",which_body_part_did_van_gogh_allegedly_cut_off_after_an_argument_with_his_friend_fill_05.wav,filler_other,NA,NA,NA,ear,,,,,,
4,0da8fe4902237d224b17c5f0ad7586472161ddc315062133a0f57d3666d9661d,I’m good — skip to the next question,which_body_part_did_van_gogh_allegedly_cut_off_after_an_argument_with_his_friend_fill_05.wav,filler_other,NA,NA,NA,ear,s,secsame,,,,JB_1205
4,0da8fe4902237d224b17c5f0ad7586472161ddc315062133a0f57d3666d9661d,NA,which_body_part_did_van_gogh_allegedly_cut_off_after_an_argument_with_his_friend_fill_05.wav,filler_other,NA,NA,NA,ear,,,,,,
4,0da8fe4902237d224b17c5f0ad7586472161ddc315062133a0f57d3666d9661d,"The question needs to be CORRECTED (Select this if you spot an error, even if you don’t know the answer).",for_what_pink_ice_cream_flavor_will_companies_make_their_best_to_use_real_fruit_targ_01_C.wav,target,non_phon_err,make vs. other verb,/ɪ/ --> /i/; will/wheel,strawberry,y,first,np,,,JB_1205
4,0da8fe4902237d224b17c5f0ad7586472161ddc315062133a0f57d3666d9661d,"""make"" should be ""try""; Strawberry Ice Cream",for_what_pink_ice_cream_flavor_will_companies_make_their_best_to_use_real_fruit_targ_01_C.wav,target,non_phon_err,make vs. other verb,/ɪ/ --> /i/; will/wheel,strawberry,,,,,,
4,0da8fe4902237d224b17c5f0ad7586472161ddc315062133a0f57d3666d9661d,I’m good — skip to the next question,for_what_pink_ice_cream_flavor_will_companies_make_their_best_to_use_real_fruit_targ_01_C.wav,target,non_phon_err,make vs. other verb,/ɪ/ --> /i/; will/wheel,strawberry,s,secsame,,,,JB_1205
4,0da8fe4902237d224b17c5f0ad7586472161ddc315062133a0f57d3666d9661d,NA,for_what_pink_ice_cream_flavor_will_companies_make_their_best_to_use_real_fruit_targ_01_C.wav,target,non_phon_err,make vs. other verb,/ɪ/ --> /i/; will/wheel,strawberry,,,,,,
4,0da8fe4902237d224b17c5f0ad7586472161ddc315062133a0f57d3666d9661d,The question does NOT need any corrections.,what_is_the_name_of_the_comic_strip_featuring_charlie_brown_and_his_dog_snoopy_fill_06.wav,filler_other,NA,NA,NA,Peanuts,nans,first,,a,,JB_1205
4,0da8fe4902237d224b17c5f0ad7586472161ddc315062133a0f57d3666d9661d,Peanuts,what_is_the_name_of_the_comic_strip_featuring_charlie_brown_and_his_dog_snoopy_fill_06.wav,filler_other,NA,NA,NA,Peanuts,,,,,,
4,0da8fe4902237d224b17c5f0ad7586472161ddc315062133a0f57d3666d9661d,I’m good — skip to the next question,what_is_the_name_of_the_comic_strip_featuring_charlie_brown_and_his_dog_snoopy_fill_06.wav,filler_other,NA,NA,NA,Peanuts,s,secsame,,,,JB_1205
4,0da8fe4902237d224b17c5f0ad7586472161ddc315062133a0f57d3666d9661d,NA,what_is_the_name_of_the_comic_strip_featuring_charlie_brown_and_his_dog_snoopy_fill_06.wav,filler_other,NA,NA,NA,Peanuts,,,,,,
4,0da8fe4902237d224b17c5f0ad7586472161ddc315062133a0f57d3666d9661d,"The question needs to be CORRECTED (Select this if you spot an error, even if you don’t know the answer).",in_the_lion_king_who_nala_talk_to_and_is_laying_in_a_cot_after_theyve_reunited_targ_21_C.wav,target,non_phon_err,no aux verbs in questions (lack of do support),/k/ --> /g/; cot/got,Simba,y,first,np,,,JB_1205
4,0da8fe4902237d224b17c5f0ad7586472161ddc315062133a0f57d3666d9661d,"""who Nala"" should be ""who is Nala""; I don't know the answer",in_the_lion_king_who_nala_talk_to_and_is_laying_in_a_cot_after_theyve_reunited_targ_21_C.wav,target,non_phon_err,no aux verbs in questions (lack of do support),/k/ --> /g/; cot/got,Simba,,,,,,
4,0da8fe4902237d224b17c5f0ad7586472161ddc315062133a0f57d3666d9661d,I’m good — skip to the next question,in_the_lion_king_who_nala_talk_to_and_is_laying_in_a_cot_after_theyve_reunited_targ_21_C.wav,target,non_phon_err,no aux verbs in questions (lack of do support),/k/ --> /g/; cot/got,Simba,s,secsame,,,,JB_1205
4,0da8fe4902237d224b17c5f0ad7586472161ddc315062133a0f57d3666d9661d,NA,in_the_lion_king_who_nala_talk_to_and_is_laying_in_a_cot_after_theyve_reunited_targ_21_C.wav,target,non_phon_err,no aux verbs in questions (lack of do support),/k/ --> /g/; cot/got,Simba,,,,,,
4,0da8fe4902237d224b17c5f0ad7586472161ddc315062133a0f57d3666d9661d,The question does NOT need any corrections.,what_kind_of_animal_is_mickey_mouse’s_girlfriend_minnie_who_wears_a_bow_fill_09.wav,filler_other,NA,NA,NA,mouse,nans,first,,a,,JB_1205
4,0da8fe4902237d224b17c5f0ad7586472161ddc315062133a0f57d3666d9661d,Mouse,what_kind_of_animal_is_mickey_mouse’s_girlfriend_minnie_who_wears_a_bow_fill_09.wav,filler_other,NA,NA,NA,mouse,,,,,,
4,0da8fe4902237d224b17c5f0ad7586472161ddc315062133a0f57d3666d9661d,I’m good — skip to the next question,what_kind_of_animal_is_mickey_mouse’s_girlfriend_minnie_who_wears_a_bow_fill_09.wav,filler_other,NA,NA,NA,mouse,s,secsame,,,,JB_1205
4,0da8fe4902237d224b17c5f0ad7586472161ddc315062133a0f57d3666d9661d,NA,what_kind_of_animal_is_mickey_mouse’s_girlfriend_minnie_who_wears_a_bow_fill_09.wav,filler_other,NA,NA,NA,mouse,,,,,,
4,0da8fe4902237d224b17c5f0ad7586472161ddc315062133a0f57d3666d9661d,The question does NOT need any corrections.,which_scottish_actor_first_played_james_bond_wearing_kilts_to_red_carpets_when_he_was_32_years_old_targ_03_A.wav,target,correct,have vs. be,/k/ --> /g/; kilt/guilt,Sean Connery,nans,first,,a,,JB_1205
4,0da8fe4902237d224b17c5f0ad7586472161ddc315062133a0f57d3666d9661d,Sean Connery,which_scottish_actor_first_played_james_bond_wearing_kilts_to_red_carpets_when_he_was_32_years_old_targ_03_A.wav,target,correct,have vs. be,/k/ --> /g/; kilt/guilt,Sean Connery,,,,,,
4,0da8fe4902237d224b17c5f0ad7586472161ddc315062133a0f57d3666d9661d,I’m good — skip to the next question,which_scottish_actor_first_played_james_bond_wearing_kilts_to_red_carpets_when_he_was_32_years_old_targ_03_A.wav,target,correct,have vs. be,/k/ --> /g/; kilt/guilt,Sean Connery,s,secsame,,,,JB_1205
4,0da8fe4902237d224b17c5f0ad7586472161ddc315062133a0f57d3666d9661d,NA,which_scottish_actor_first_played_james_bond_wearing_kilts_to_red_carpets_when_he_was_32_years_old_targ_03_A.wav,target,correct,have vs. be,/k/ --> /g/; kilt/guilt,Sean Connery,,,,,,
4,0da8fe4902237d224b17c5f0ad7586472161ddc315062133a0f57d3666d9661d,The question does NOT need any corrections.,what_mythical_creatures_have_been_said_to_drink_blood_turn_into_bats_and_hate_onions_fill_14.wav,filler_other,NA,NA,NA,vampires,nans,first,,a,,JB_1205
4,0da8fe4902237d224b17c5f0ad7586472161ddc315062133a0f57d3666d9661d,Vampires,what_mythical_creatures_have_been_said_to_drink_blood_turn_into_bats_and_hate_onions_fill_14.wav,filler_other,NA,NA,NA,vampires,,,,,,
4,0da8fe4902237d224b17c5f0ad7586472161ddc315062133a0f57d3666d9661d,"The question needs to be CORRECTED (Select this if you spot an error, even if you don’t know the answer).",what_mythical_creatures_have_been_said_to_drink_blood_turn_into_bats_and_hate_onions_fill_14.wav,filler_other,NA,NA,NA,vampires,y,secdiff,otherirr,,referring to factual content,JB_1205
4,0da8fe4902237d224b17c5f0ad7586472161ddc315062133a0f57d3666d9661d,"""onions"" should be ""garlic""; Vampires",what_mythical_creatures_have_been_said_to_drink_blood_turn_into_bats_and_hate_onions_fill_14.wav,filler_other,NA,NA,NA,vampires,,,,,,
4,0da8fe4902237d224b17c5f0ad7586472161ddc315062133a0f57d3666d9661d,The question does NOT need any corrections.,which_cartoon_character_works_at_the_krusty_krab_and_is_best_friends_with_patrick_star_fill_04.wav,filler_other,NA,NA,NA,Spongebob,nans,first,,,selected 'nans' response but had no answer,JB_1205
4,0da8fe4902237d224b17c5f0ad7586472161ddc315062133a0f57d3666d9661d,I don't know the answer,which_cartoon_character_works_at_the_krusty_krab_and_is_best_friends_with_patrick_star_fill_04.wav,filler_other,NA,NA,NA,Spongebob,,,,,,
4,0da8fe4902237d224b17c5f0ad7586472161ddc315062133a0f57d3666d9661d,I’m good — skip to the next question,which_cartoon_character_works_at_the_krusty_krab_and_is_best_friends_with_patrick_star_fill_04.wav,filler_other,NA,NA,NA,Spongebob,s,secsame,,,,JB_1205
4,0da8fe4902237d224b17c5f0ad7586472161ddc315062133a0f57d3666d9661d,NA,which_cartoon_character_works_at_the_krusty_krab_and_is_best_friends_with_patrick_star_fill_04.wav,filler_other,NA,NA,NA,Spongebob,,,,,,
4,0da8fe4902237d224b17c5f0ad7586472161ddc315062133a0f57d3666d9661d,The question does NOT need any corrections.,what_animal_is_typically_white_with_black_spots_and_says_moo_fill_21.wav,filler_other,NA,NA,NA,a cow,nans,first,,a,,JB_1205
4,0da8fe4902237d224b17c5f0ad7586472161ddc315062133a0f57d3666d9661d,Holstein milk cow,what_animal_is_typically_white_with_black_spots_and_says_moo_fill_21.wav,filler_other,NA,NA,NA,a cow,,,,,,
4,0da8fe4902237d224b17c5f0ad7586472161ddc315062133a0f57d3666d9661d,I’m good — skip to the next question,what_animal_is_typically_white_with_black_spots_and_says_moo_fill_21.wav,filler_other,NA,NA,NA,a cow,s,secsame,,,,JB_1205
4,0da8fe4902237d224b17c5f0ad7586472161ddc315062133a0f57d3666d9661d,NA,what_animal_is_typically_white_with_black_spots_and_says_moo_fill_21.wav,filler_other,NA,NA,NA,a cow,,,,,,
4,0da8fe4902237d224b17c5f0ad7586472161ddc315062133a0f57d3666d9661d,The question does NOT need any corrections.,what_childrens_game_makes_people_sit_down_quickly_when_the_loud_music_stops_targ_07_A.wav,target,correct,adj/noun order,/ɪ/ --> /i/; sit/seat,musical chairs,nans,first,,a,,JB_1205
4,0da8fe4902237d224b17c5f0ad7586472161ddc315062133a0f57d3666d9661d,musical chairs,what_childrens_game_makes_people_sit_down_quickly_when_the_loud_music_stops_targ_07_A.wav,target,correct,adj/noun order,/ɪ/ --> /i/; sit/seat,musical chairs,,,,,,
4,0da8fe4902237d224b17c5f0ad7586472161ddc315062133a0f57d3666d9661d,I’m good — skip to the next question,what_childrens_game_makes_people_sit_down_quickly_when_the_loud_music_stops_targ_07_A.wav,target,correct,adj/noun order,/ɪ/ --> /i/; sit/seat,musical chairs,s,secsame,,,,JB_1205
4,0da8fe4902237d224b17c5f0ad7586472161ddc315062133a0f57d3666d9661d,NA,what_childrens_game_makes_people_sit_down_quickly_when_the_loud_music_stops_targ_07_A.wav,target,correct,adj/noun order,/ɪ/ --> /i/; sit/seat,musical chairs,,,,,,
4,0da8fe4902237d224b17c5f0ad7586472161ddc315062133a0f57d3666d9661d,The question does NOT need any corrections.,who_did_americans_boat_for_to_be_their_first_president_who_avoided_to_serve_three_terms_targ_10_D.wav,target,both_err,infinitive vs. participle,/v/ --> /b/; vote/boat,George Washington,nans,first,,a,,JB_1205
4,0da8fe4902237d224b17c5f0ad7586472161ddc315062133a0f57d3666d9661d,George Washington,who_did_americans_boat_for_to_be_their_first_president_who_avoided_to_serve_three_terms_targ_10_D.wav,target,both_err,infinitive vs. participle,/v/ --> /b/; vote/boat,George Washington,,,,,,
4,0da8fe4902237d224b17c5f0ad7586472161ddc315062133a0f57d3666d9661d,I’m good — skip to the next question,who_did_americans_boat_for_to_be_their_first_president_who_avoided_to_serve_three_terms_targ_10_D.wav,target,both_err,infinitive vs. participle,/v/ --> /b/; vote/boat,George Washington,s,secsame,,,,JB_1205
4,0da8fe4902237d224b17c5f0ad7586472161ddc315062133a0f57d3666d9661d,NA,who_did_americans_boat_for_to_be_their_first_president_who_avoided_to_serve_three_terms_targ_10_D.wav,target,both_err,infinitive vs. participle,/v/ --> /b/; vote/boat,George Washington,,,,,,
4,0da8fe4902237d224b17c5f0ad7586472161ddc315062133a0f57d3666d9661d,The question does NOT need any corrections.,what_is_the_name_of_the_video_game_character_who_is_a_traveling_italian_plumber_fill_08.wav,filler_other,NA,NA,NA,Mario,nans,first,,a,,JB_1205
4,0da8fe4902237d224b17c5f0ad7586472161ddc315062133a0f57d3666d9661d,Mario,what_is_the_name_of_the_video_game_character_who_is_a_traveling_italian_plumber_fill_08.wav,filler_other,NA,NA,NA,Mario,,,,,,
4,0da8fe4902237d224b17c5f0ad7586472161ddc315062133a0f57d3666d9661d,I’m good — skip to the next question,what_is_the_name_of_the_video_game_character_who_is_a_traveling_italian_plumber_fill_08.wav,filler_other,NA,NA,NA,Mario,s,secsame,,,,JB_1205
4,0da8fe4902237d224b17c5f0ad7586472161ddc315062133a0f57d3666d9661d,NA,what_is_the_name_of_the_video_game_character_who_is_a_traveling_italian_plumber_fill_08.wav,filler_other,NA,NA,NA,Mario,,,,,,
4,0da8fe4902237d224b17c5f0ad7586472161ddc315062133a0f57d3666d9661d,"The question needs to be CORRECTED (Select this if you spot an error, even if you don’t know the answer).",how_many_days_would_my_bike_tandem_be_gone_if_someone_borrows_it_for_july_targ_17_C.wav,target,non_phon_err,adj/noun order,/ʊ/ --> /u/; would/wooed,thirty-one days,y,first,otherp,,pronunciation of 'July',JB_1205
4,0da8fe4902237d224b17c5f0ad7586472161ddc315062133a0f57d3666d9661d,"""you lie"" should be ""July""; 31 days",how_many_days_would_my_bike_tandem_be_gone_if_someone_borrows_it_for_july_targ_17_C.wav,target,non_phon_err,adj/noun order,/ʊ/ --> /u/; would/wooed,thirty-one days,,,,,,
4,0da8fe4902237d224b17c5f0ad7586472161ddc315062133a0f57d3666d9661d,"The question needs to be CORRECTED (Select this if you spot an error, even if you don’t know the answer).",how_many_days_would_my_bike_tandem_be_gone_if_someone_borrows_it_for_july_targ_17_C.wav,target,non_phon_err,adj/noun order,/ʊ/ --> /u/; would/wooed,thirty-one days,y,secdiff,np,,,JB_1205
4,0da8fe4902237d224b17c5f0ad7586472161ddc315062133a0f57d3666d9661d,"""bike tandem"" should be ""tandem bike""; ""you lie"" should be ""July""; 31 days",how_many_days_would_my_bike_tandem_be_gone_if_someone_borrows_it_for_july_targ_17_C.wav,target,non_phon_err,adj/noun order,/ʊ/ --> /u/; would/wooed,thirty-one days,,,,,,
4,0da8fe4902237d224b17c5f0ad7586472161ddc315062133a0f57d3666d9661d,"The question needs to be CORRECTED (Select this if you spot an error, even if you don’t know the answer).",how_many_legs_does_a_garden_spider_canadian_whose_silk_can_make_clot_have_targ_06_D.wav,target,both_err,adj/noun order,/θ/ --> /t/; cloth/clot,eight,y,first,np,,,JB_1205
4,0da8fe4902237d224b17c5f0ad7586472161ddc315062133a0f57d3666d9661d,"""garden spider Canadian"" should be ""Canadian garden spider""; 8 legs",how_many_legs_does_a_garden_spider_canadian_whose_silk_can_make_clot_have_targ_06_D.wav,target,both_err,adj/noun order,/θ/ --> /t/; cloth/clot,eight,,,,,,
4,0da8fe4902237d224b17c5f0ad7586472161ddc315062133a0f57d3666d9661d,I’m good — skip to the next question,how_many_legs_does_a_garden_spider_canadian_whose_silk_can_make_clot_have_targ_06_D.wav,target,both_err,adj/noun order,/θ/ --> /t/; cloth/clot,eight,s,secsame,,,,JB_1205
4,0da8fe4902237d224b17c5f0ad7586472161ddc315062133a0f57d3666d9661d,NA,how_many_legs_does_a_garden_spider_canadian_whose_silk_can_make_clot_have_targ_06_D.wav,target,both_err,adj/noun order,/θ/ --> /t/; cloth/clot,eight,,,,,,
4,0da8fe4902237d224b17c5f0ad7586472161ddc315062133a0f57d3666d9661d,The question does NOT need any corrections.,where_do_the_jolly_christmas_icons_santa_claus_and_his_wife_mrs._claus_live_fill_22.wav,filler_other,NA,NA,NA,the North Pole,nans,first,,a,,JB_1205
4,0da8fe4902237d224b17c5f0ad7586472161ddc315062133a0f57d3666d9661d,North Pole,where_do_the_jolly_christmas_icons_santa_claus_and_his_wife_mrs._claus_live_fill_22.wav,filler_other,NA,NA,NA,the North Pole,,,,,,
4,0da8fe4902237d224b17c5f0ad7586472161ddc315062133a0f57d3666d9661d,I’m good — skip to the next question,where_do_the_jolly_christmas_icons_santa_claus_and_his_wife_mrs._claus_live_fill_22.wav,filler_other,NA,NA,NA,the North Pole,s,secsame,,,,JB_1205
4,0da8fe4902237d224b17c5f0ad7586472161ddc315062133a0f57d3666d9661d,NA,where_do_the_jolly_christmas_icons_santa_claus_and_his_wife_mrs._claus_live_fill_22.wav,filler_other,NA,NA,NA,the North Pole,,,,,,
4,0da8fe4902237d224b17c5f0ad7586472161ddc315062133a0f57d3666d9661d,The question does NOT need any corrections.,who_discovered_the_law_of_universal_gravitation_which_accounts_for_why_objects_naturally_fall_downwards_fill_15.wav,filler_other,NA,NA,NA,Isaac Newton,nans,first,,a,,JB_1205
4,0da8fe4902237d224b17c5f0ad7586472161ddc315062133a0f57d3666d9661d,Sir Isaac Newton,who_discovered_the_law_of_universal_gravitation_which_accounts_for_why_objects_naturally_fall_downwards_fill_15.wav,filler_other,NA,NA,NA,Isaac Newton,,,,,,
4,0da8fe4902237d224b17c5f0ad7586472161ddc315062133a0f57d3666d9661d,I’m good — skip to the next question,who_discovered_the_law_of_universal_gravitation_which_accounts_for_why_objects_naturally_fall_downwards_fill_15.wav,filler_other,NA,NA,NA,Isaac Newton,s,secsame,,,,JB_1205
4,0da8fe4902237d224b17c5f0ad7586472161ddc315062133a0f57d3666d9661d,NA,who_discovered_the_law_of_universal_gravitation_which_accounts_for_why_objects_naturally_fall_downwards_fill_15.wav,filler_other,NA,NA,NA,Isaac Newton,,,,,,
4,0da8fe4902237d224b17c5f0ad7586472161ddc315062133a0f57d3666d9661d,"The question does NOT need any corrections, but I don't know the answer/ I don't understand what the question is asking.",what_letter_in_the_latin_alphabet_corresponds_to_the_greek_letter_alpha_fill_01.wav,filler_other,NA,NA,NA,a,nun,first,,,,JB_1205
4,0da8fe4902237d224b17c5f0ad7586472161ddc315062133a0f57d3666d9661d,I don't know the answer,what_letter_in_the_latin_alphabet_corresponds_to_the_greek_letter_alpha_fill_01.wav,filler_other,NA,NA,NA,a,,,,,,
4,0da8fe4902237d224b17c5f0ad7586472161ddc315062133a0f57d3666d9661d,I’m good — skip to the next question,what_letter_in_the_latin_alphabet_corresponds_to_the_greek_letter_alpha_fill_01.wav,filler_other,NA,NA,NA,a,s,secsame,,,,JB_1205
4,0da8fe4902237d224b17c5f0ad7586472161ddc315062133a0f57d3666d9661d,NA,what_letter_in_the_latin_alphabet_corresponds_to_the_greek_letter_alpha_fill_01.wav,filler_other,NA,NA,NA,a,,,,,,
4,0da8fe4902237d224b17c5f0ad7586472161ddc315062133a0f57d3666d9661d,"The question needs to be CORRECTED (Select this if you spot an error, even if you don’t know the answer).",in_what_country_would_you_find_landmarks_like_the_pyramids_of_giza_and_great_sphinx_fill_24.wav,filler_other,NA,NA,NA,Egypt,y,first,otherfill,,pronunication of 'Sphynx',JB_1205
4,0da8fe4902237d224b17c5f0ad7586472161ddc315062133a0f57d3666d9661d,"""finks"" should be ""Sphinx""; Egypt",in_what_country_would_you_find_landmarks_like_the_pyramids_of_giza_and_great_sphinx_fill_24.wav,filler_other,NA,NA,NA,Egypt,,,,,,
4,0da8fe4902237d224b17c5f0ad7586472161ddc315062133a0f57d3666d9661d,I’m good — skip to the next question,in_what_country_would_you_find_landmarks_like_the_pyramids_of_giza_and_great_sphinx_fill_24.wav,filler_other,NA,NA,NA,Egypt,s,secsame,,,,JB_1205
4,0da8fe4902237d224b17c5f0ad7586472161ddc315062133a0f57d3666d9661d,NA,in_what_country_would_you_find_landmarks_like_the_pyramids_of_giza_and_great_sphinx_fill_24.wav,filler_other,NA,NA,NA,Egypt,,,,,,
4,0da8fe4902237d224b17c5f0ad7586472161ddc315062133a0f57d3666d9661d,"The question needs to be CORRECTED (Select this if you spot an error, even if you don’t know the answer).",what_city_have_people_rust_to_tour_to_see_where_the_us_government_makes_business_targ_14_D.wav,target,both_err,make vs. other verb,/ʃ/ --> /s/; rushed/rust,Washington D.C.,y,first,np,,,JB_1205
4,0da8fe4902237d224b17c5f0ad7586472161ddc315062133a0f57d3666d9661d,"""makes"" should be ""does""; I don't know the answer",what_city_have_people_rust_to_tour_to_see_where_the_us_government_makes_business_targ_14_D.wav,target,both_err,make vs. other verb,/ʃ/ --> /s/; rushed/rust,Washington D.C.,,,,,,
4,0da8fe4902237d224b17c5f0ad7586472161ddc315062133a0f57d3666d9661d,"The question needs to be CORRECTED (Select this if you spot an error, even if you don’t know the answer).",what_city_have_people_rust_to_tour_to_see_where_the_us_government_makes_business_targ_14_D.wav,target,both_err,make vs. other verb,/ʃ/ --> /s/; rushed/rust,Washington D.C.,y,secdiff,both,,"noticed non-phon on first attempt, phon on second",JB_1205
4,0da8fe4902237d224b17c5f0ad7586472161ddc315062133a0f57d3666d9661d,"""ruthh ta"" should be ""rushed to""; ""makes"" should be ""does""; Washington D.C.",what_city_have_people_rust_to_tour_to_see_where_the_us_government_makes_business_targ_14_D.wav,target,both_err,make vs. other verb,/ʃ/ --> /s/; rushed/rust,Washington D.C.,,,,,,
4,0da8fe4902237d224b17c5f0ad7586472161ddc315062133a0f57d3666d9661d,The question does NOT need any corrections.,what_company_created_the_macbook_a_device_full_of_features_to_help_students_do_homework_targ_23_A.wav,target,correct,make vs. other verb,/ʊ/ --> /u/; full/fool,Apple,nans,first,,a,,JB_1205
4,0da8fe4902237d224b17c5f0ad7586472161ddc315062133a0f57d3666d9661d,Apple,what_company_created_the_macbook_a_device_full_of_features_to_help_students_do_homework_targ_23_A.wav,target,correct,make vs. other verb,/ʊ/ --> /u/; full/fool,Apple,,,,,,
4,0da8fe4902237d224b17c5f0ad7586472161ddc315062133a0f57d3666d9661d,I’m good — skip to the next question,what_company_created_the_macbook_a_device_full_of_features_to_help_students_do_homework_targ_23_A.wav,target,correct,make vs. other verb,/ʊ/ --> /u/; full/fool,Apple,s,secsame,,,,JB_1205
4,0da8fe4902237d224b17c5f0ad7586472161ddc315062133a0f57d3666d9661d,NA,what_company_created_the_macbook_a_device_full_of_features_to_help_students_do_homework_targ_23_A.wav,target,correct,make vs. other verb,/ʊ/ --> /u/; full/fool,Apple,,,,,,
4,0da8fe4902237d224b17c5f0ad7586472161ddc315062133a0f57d3666d9661d,The question does NOT need any corrections.,what_colors_can_be_on_a_traffic_light_which_often_senses_when_cars_pull_up_targ_11_A.wav,target,correct,have vs. be,/ʊ/ --> /u/; pulls/pools,green,nans,first,,a,,JB_1205
4,0da8fe4902237d224b17c5f0ad7586472161ddc315062133a0f57d3666d9661d,"Red, Yellow, and Green",what_colors_can_be_on_a_traffic_light_which_often_senses_when_cars_pull_up_targ_11_A.wav,target,correct,have vs. be,/ʊ/ --> /u/; pulls/pools,green,,,,,,
4,0da8fe4902237d224b17c5f0ad7586472161ddc315062133a0f57d3666d9661d,I’m good — skip to the next question,what_colors_can_be_on_a_traffic_light_which_often_senses_when_cars_pull_up_targ_11_A.wav,target,correct,have vs. be,/ʊ/ --> /u/; pulls/pools,green,s,secsame,,,,JB_1205
4,0da8fe4902237d224b17c5f0ad7586472161ddc315062133a0f57d3666d9661d,NA,what_colors_can_be_on_a_traffic_light_which_often_senses_when_cars_pull_up_targ_11_A.wav,target,correct,have vs. be,/ʊ/ --> /u/; pulls/pools,green,,,,,,
4,0da8fe4902237d224b17c5f0ad7586472161ddc315062133a0f57d3666d9661d,The question does NOT need any corrections.,what_popular_us_chain_provides_a_happy_meal_toy_or_plus_when_kids_are_hungry_targ_20_B.wav,target,phon_err,have vs. be,/ʃ/ --> /s/; plush/plus,McDonald's,nans,first,,a,,JB_1205
4,0da8fe4902237d224b17c5f0ad7586472161ddc315062133a0f57d3666d9661d,McDonald's,what_popular_us_chain_provides_a_happy_meal_toy_or_plus_when_kids_are_hungry_targ_20_B.wav,target,phon_err,have vs. be,/ʃ/ --> /s/; plush/plus,McDonald's,,,,,,
4,0da8fe4902237d224b17c5f0ad7586472161ddc315062133a0f57d3666d9661d,I’m good — skip to the next question,what_popular_us_chain_provides_a_happy_meal_toy_or_plus_when_kids_are_hungry_targ_20_B.wav,target,phon_err,have vs. be,/ʃ/ --> /s/; plush/plus,McDonald's,s,secsame,,,,JB_1205
4,0da8fe4902237d224b17c5f0ad7586472161ddc315062133a0f57d3666d9661d,NA,what_popular_us_chain_provides_a_happy_meal_toy_or_plus_when_kids_are_hungry_targ_20_B.wav,target,phon_err,have vs. be,/ʃ/ --> /s/; plush/plus,McDonald's,,,,,,
4,0da8fe4902237d224b17c5f0ad7586472161ddc315062133a0f57d3666d9661d,"The question needs to be CORRECTED (Select this if you spot an error, even if you don’t know the answer).",what_organ_is_often_associated_with_being_eaten_by_rotting_flesh_monsters_also_known_as_zombies_fill_02.wav,filler_other,NA,NA,NA,the brain,y,first,otherfill,,related to factual content,JB_1205
4,0da8fe4902237d224b17c5f0ad7586472161ddc315062133a0f57d3666d9661d,"""rotten flesh"" should be ""rotten flesh-eating""; I don't know the answer",what_organ_is_often_associated_with_being_eaten_by_rotting_flesh_monsters_also_known_as_zombies_fill_02.wav,filler_other,NA,NA,NA,the brain,,,,,,
4,0da8fe4902237d224b17c5f0ad7586472161ddc315062133a0f57d3666d9661d,I’m good — skip to the next question,what_organ_is_often_associated_with_being_eaten_by_rotting_flesh_monsters_also_known_as_zombies_fill_02.wav,filler_other,NA,NA,NA,the brain,s,secsame,,,,JB_1205
4,0da8fe4902237d224b17c5f0ad7586472161ddc315062133a0f57d3666d9661d,NA,what_organ_is_often_associated_with_being_eaten_by_rotting_flesh_monsters_also_known_as_zombies_fill_02.wav,filler_other,NA,NA,NA,the brain,,,,,,
4,0da8fe4902237d224b17c5f0ad7586472161ddc315062133a0f57d3666d9661d,The question does NOT need any corrections.,which_season_do_we_associate_with_thanksgiving_the_beginning_of_school_and_leaves_turning_brown_fill_19.wav,filler_other,NA,NA,NA,Fall,nans,first,,a,,JB_1205
4,0da8fe4902237d224b17c5f0ad7586472161ddc315062133a0f57d3666d9661d,Fall,which_season_do_we_associate_with_thanksgiving_the_beginning_of_school_and_leaves_turning_brown_fill_19.wav,filler_other,NA,NA,NA,Fall,,,,,,
4,0da8fe4902237d224b17c5f0ad7586472161ddc315062133a0f57d3666d9661d,I’m good — skip to the next question,which_season_do_we_associate_with_thanksgiving_the_beginning_of_school_and_leaves_turning_brown_fill_19.wav,filler_other,NA,NA,NA,Fall,s,secsame,,,,JB_1205
4,0da8fe4902237d224b17c5f0ad7586472161ddc315062133a0f57d3666d9661d,NA,which_season_do_we_associate_with_thanksgiving_the_beginning_of_school_and_leaves_turning_brown_fill_19.wav,filler_other,NA,NA,NA,Fall,,,,,,
4,0da8fe4902237d224b17c5f0ad7586472161ddc315062133a0f57d3666d9661d,"The question needs to be CORRECTED (Select this if you spot an error, even if you don’t know the answer).",because_it_is_important_to_honor_the_iris_saint_what_holiday_occurs_on_march_17th_targ_08_B.wav,target,phon_err,expletive 'it' dropping,/ʃ/ --> /s/; Irish/iris,St. Patrick's Day,y,first,p,,,JB_1205
4,0da8fe4902237d224b17c5f0ad7586472161ddc315062133a0f57d3666d9661d,"""iris"" should be ""Irish""; St. Patrick's Day",because_it_is_important_to_honor_the_iris_saint_what_holiday_occurs_on_march_17th_targ_08_B.wav,target,phon_err,expletive 'it' dropping,/ʃ/ --> /s/; Irish/iris,St. Patrick's Day,,,,,,
4,0da8fe4902237d224b17c5f0ad7586472161ddc315062133a0f57d3666d9661d,I’m good — skip to the next question,because_it_is_important_to_honor_the_iris_saint_what_holiday_occurs_on_march_17th_targ_08_B.wav,target,phon_err,expletive 'it' dropping,/ʃ/ --> /s/; Irish/iris,St. Patrick's Day,s,secsame,,,,JB_1205
4,0da8fe4902237d224b17c5f0ad7586472161ddc315062133a0f57d3666d9661d,NA,because_it_is_important_to_honor_the_iris_saint_what_holiday_occurs_on_march_17th_targ_08_B.wav,target,phon_err,expletive 'it' dropping,/ʃ/ --> /s/; Irish/iris,St. Patrick's Day,,,,,,
4,0da8fe4902237d224b17c5f0ad7586472161ddc315062133a0f57d3666d9661d,"The question does NOT need any corrections, but I don't know the answer/ I don't understand what the question is asking.",what_novel_has_the_quote_i’m_late_i’m_late_for_a_very_important_date_fill_13.wav,filler_other,NA,NA,NA,Alice in Wonderland,nun,first,,,,JB_1205
4,0da8fe4902237d224b17c5f0ad7586472161ddc315062133a0f57d3666d9661d,NA,what_novel_has_the_quote_i’m_late_i’m_late_for_a_very_important_date_fill_13.wav,filler_other,NA,NA,NA,Alice in Wonderland,,,,,,
4,0da8fe4902237d224b17c5f0ad7586472161ddc315062133a0f57d3666d9661d,I’m good — skip to the next question,what_novel_has_the_quote_i’m_late_i’m_late_for_a_very_important_date_fill_13.wav,filler_other,NA,NA,NA,Alice in Wonderland,s,secsame,,,,JB_1205
4,0da8fe4902237d224b17c5f0ad7586472161ddc315062133a0f57d3666d9661d,NA,what_novel_has_the_quote_i’m_late_i’m_late_for_a_very_important_date_fill_13.wav,filler_other,NA,NA,NA,Alice in Wonderland,,,,,,
4,0da8fe4902237d224b17c5f0ad7586472161ddc315062133a0f57d3666d9661d,"The question needs to be CORRECTED (Select this if you spot an error, even if you don’t know the answer).",if_laundry_service_will_come_in_five_days_and_todays_thursday_when_are_they_making_laundry_next_targ_09_C.wav,target,non_phon_err,make vs. other verb,/k/ --> /g/; come/gum,Tuesday,y,first,np,,,JB_1205
4,0da8fe4902237d224b17c5f0ad7586472161ddc315062133a0f57d3666d9661d,"""making"" should be ""doing""; Tuesday",if_laundry_service_will_come_in_five_days_and_todays_thursday_when_are_they_making_laundry_next_targ_09_C.wav,target,non_phon_err,make vs. other verb,/k/ --> /g/; come/gum,Tuesday,,,,,,
4,0da8fe4902237d224b17c5f0ad7586472161ddc315062133a0f57d3666d9661d,I’m good — skip to the next question,if_laundry_service_will_come_in_five_days_and_todays_thursday_when_are_they_making_laundry_next_targ_09_C.wav,target,non_phon_err,make vs. other verb,/k/ --> /g/; come/gum,Tuesday,s,secsame,,,,JB_1205
4,0da8fe4902237d224b17c5f0ad7586472161ddc315062133a0f57d3666d9661d,NA,if_laundry_service_will_come_in_five_days_and_todays_thursday_when_are_they_making_laundry_next_targ_09_C.wav,target,non_phon_err,make vs. other verb,/k/ --> /g/; come/gum,Tuesday,,,,,,
4,0da8fe4902237d224b17c5f0ad7586472161ddc315062133a0f57d3666d9661d,"The question needs to be CORRECTED (Select this if you spot an error, even if you don’t know the answer).",what_holiday_occurs_at_the_end_of_october_and_features_trick-or-treating_pumpkins_and_haunted_houses_fill_07.wav,filler_other,NA,NA,NA,Halloween,y,first,otherfill,,pronunciation of 'pumpkins',JB_1205
4,0da8fe4902237d224b17c5f0ad7586472161ddc315062133a0f57d3666d9661d,"""pump kings"" should be ""pumpkins""; Halloween",what_holiday_occurs_at_the_end_of_october_and_features_trick-or-treating_pumpkins_and_haunted_houses_fill_07.wav,filler_other,NA,NA,NA,Halloween,,,,,,
4,0da8fe4902237d224b17c5f0ad7586472161ddc315062133a0f57d3666d9661d,I’m good — skip to the next question,what_holiday_occurs_at_the_end_of_october_and_features_trick-or-treating_pumpkins_and_haunted_houses_fill_07.wav,filler_other,NA,NA,NA,Halloween,s,secsame,,,,JB_1205
4,0da8fe4902237d224b17c5f0ad7586472161ddc315062133a0f57d3666d9661d,NA,what_holiday_occurs_at_the_end_of_october_and_features_trick-or-treating_pumpkins_and_haunted_houses_fill_07.wav,filler_other,NA,NA,NA,Halloween,,,,,,
4,0da8fe4902237d224b17c5f0ad7586472161ddc315062133a0f57d3666d9661d,"The question needs to be CORRECTED (Select this if you spot an error, even if you don’t know the answer).",what_musician_won_grammys_for_their_album_thriller_which_features_the_hit_song_beat_it_fill_20.wav,filler_other,NA,NA,NA,Michael Jackson,y,first,otherfill,,related to pronunciation of 'Beat It',JB_1205
4,0da8fe4902237d224b17c5f0ad7586472161ddc315062133a0f57d3666d9661d,"""bill it"" should be ""Beat It""; Michael Jackson",what_musician_won_grammys_for_their_album_thriller_which_features_the_hit_song_beat_it_fill_20.wav,filler_other,NA,NA,NA,Michael Jackson,,,,,,
4,0da8fe4902237d224b17c5f0ad7586472161ddc315062133a0f57d3666d9661d,I’m good — skip to the next question,what_musician_won_grammys_for_their_album_thriller_which_features_the_hit_song_beat_it_fill_20.wav,filler_other,NA,NA,NA,Michael Jackson,s,secsame,,,,JB_1205
4,0da8fe4902237d224b17c5f0ad7586472161ddc315062133a0f57d3666d9661d,NA,what_musician_won_grammys_for_their_album_thriller_which_features_the_hit_song_beat_it_fill_20.wav,filler_other,NA,NA,NA,Michael Jackson,,,,,,
4,0da8fe4902237d224b17c5f0ad7586472161ddc315062133a0f57d3666d9661d,The question does NOT need any corrections.,what_colors_make_up_a_traditional_candy_cane_which_people_enjoy_eating_during_christmas_targ_15_A.wav,target,correct,infinitive vs. participle,/k/ --> /g/; cane/gain,red and white,nans,first,,a,,JB_1205
4,0da8fe4902237d224b17c5f0ad7586472161ddc315062133a0f57d3666d9661d,white and red,what_colors_make_up_a_traditional_candy_cane_which_people_enjoy_eating_during_christmas_targ_15_A.wav,target,correct,infinitive vs. participle,/k/ --> /g/; cane/gain,red and white,,,,,,
4,0da8fe4902237d224b17c5f0ad7586472161ddc315062133a0f57d3666d9661d,I’m good — skip to the next question,what_colors_make_up_a_traditional_candy_cane_which_people_enjoy_eating_during_christmas_targ_15_A.wav,target,correct,infinitive vs. participle,/k/ --> /g/; cane/gain,red and white,s,secsame,,,,JB_1205
4,0da8fe4902237d224b17c5f0ad7586472161ddc315062133a0f57d3666d9661d,NA,what_colors_make_up_a_traditional_candy_cane_which_people_enjoy_eating_during_christmas_targ_15_A.wav,target,correct,infinitive vs. participle,/k/ --> /g/; cane/gain,red and white,,,,,,
4,0da8fe4902237d224b17c5f0ad7586472161ddc315062133a0f57d3666d9661d,"The question needs to be CORRECTED (Select this if you spot an error, even if you don’t know the answer).",what_term_refers_to_armored_men_who_enjoyed_to_carry_medieval_swords_that_class_in_combat_targ_02_D.wav,target,both_err,infinitive vs. participle,/ʃ/ --> /s/; clash/class,knights,y,first,p,,,JB_1205
4,0da8fe4902237d224b17c5f0ad7586472161ddc315062133a0f57d3666d9661d,"""class"" should be ""clash""; Knights",what_term_refers_to_armored_men_who_enjoyed_to_carry_medieval_swords_that_class_in_combat_targ_02_D.wav,target,both_err,infinitive vs. participle,/ʃ/ --> /s/; clash/class,knights,,,,,,
4,0da8fe4902237d224b17c5f0ad7586472161ddc315062133a0f57d3666d9661d,I’m good — skip to the next question,what_term_refers_to_armored_men_who_enjoyed_to_carry_medieval_swords_that_class_in_combat_targ_02_D.wav,target,both_err,infinitive vs. participle,/ʃ/ --> /s/; clash/class,knights,s,secsame,,,,JB_1205
4,0da8fe4902237d224b17c5f0ad7586472161ddc315062133a0f57d3666d9661d,NA,what_term_refers_to_armored_men_who_enjoyed_to_carry_medieval_swords_that_class_in_combat_targ_02_D.wav,target,both_err,infinitive vs. participle,/ʃ/ --> /s/; clash/class,knights,,,,,,
4,0da8fe4902237d224b17c5f0ad7586472161ddc315062133a0f57d3666d9661d,The question does NOT need any corrections.,which_fast_food_chain_offers_foot-long_sandwiches_and_has_the_slogan_eat_fresh_fill_11.wav,filler_other,NA,NA,NA,Subway,nans,first,,a,,JB_1205
4,0da8fe4902237d224b17c5f0ad7586472161ddc315062133a0f57d3666d9661d,Subway,which_fast_food_chain_offers_foot-long_sandwiches_and_has_the_slogan_eat_fresh_fill_11.wav,filler_other,NA,NA,NA,Subway,,,,,,
4,0da8fe4902237d224b17c5f0ad7586472161ddc315062133a0f57d3666d9661d,I’m good — skip to the next question,which_fast_food_chain_offers_foot-long_sandwiches_and_has_the_slogan_eat_fresh_fill_11.wav,filler_other,NA,NA,NA,Subway,s,secsame,,,,JB_1205
4,0da8fe4902237d224b17c5f0ad7586472161ddc315062133a0f57d3666d9661d,NA,which_fast_food_chain_offers_foot-long_sandwiches_and_has_the_slogan_eat_fresh_fill_11.wav,filler_other,NA,NA,NA,Subway,,,,,,
4,0da8fe4902237d224b17c5f0ad7586472161ddc315062133a0f57d3666d9661d,"The question does NOT need any corrections, but I don't know the answer/ I don't understand what the question is asking.",which_british_celebrity_judge_often_harshly_critiqued_contestants_on_the_nationwide_singing_contest_american_idol_fill_03.wav,filler_other,NA,NA,NA,Simon Cowell,nun,first,,,,JB_1205
4,0da8fe4902237d224b17c5f0ad7586472161ddc315062133a0f57d3666d9661d,NA,which_british_celebrity_judge_often_harshly_critiqued_contestants_on_the_nationwide_singing_contest_american_idol_fill_03.wav,filler_other,NA,NA,NA,Simon Cowell,,,,,,
4,0da8fe4902237d224b17c5f0ad7586472161ddc315062133a0f57d3666d9661d,I’m good — skip to the next question,which_british_celebrity_judge_often_harshly_critiqued_contestants_on_the_nationwide_singing_contest_american_idol_fill_03.wav,filler_other,NA,NA,NA,Simon Cowell,s,secsame,,,,JB_1205
4,0da8fe4902237d224b17c5f0ad7586472161ddc315062133a0f57d3666d9661d,NA,which_british_celebrity_judge_often_harshly_critiqued_contestants_on_the_nationwide_singing_contest_american_idol_fill_03.wav,filler_other,NA,NA,NA,Simon Cowell,,,,,,
4,0da8fe4902237d224b17c5f0ad7586472161ddc315062133a0f57d3666d9661d,The question does NOT need any corrections.,what_us_holiday_is_often_celebrated_with_fireworks_and_hotdogs_to_honor_americas_freedom_fill_17.wav,filler_other,NA,NA,NA,Independence Day,nans,first,,a,,JB_1205
4,0da8fe4902237d224b17c5f0ad7586472161ddc315062133a0f57d3666d9661d,Independence Day,what_us_holiday_is_often_celebrated_with_fireworks_and_hotdogs_to_honor_americas_freedom_fill_17.wav,filler_other,NA,NA,NA,Independence Day,,,,,,
4,0da8fe4902237d224b17c5f0ad7586472161ddc315062133a0f57d3666d9661d,I’m good — skip to the next question,what_us_holiday_is_often_celebrated_with_fireworks_and_hotdogs_to_honor_americas_freedom_fill_17.wav,filler_other,NA,NA,NA,Independence Day,s,secsame,,,,JB_1205
4,0da8fe4902237d224b17c5f0ad7586472161ddc315062133a0f57d3666d9661d,NA,what_us_holiday_is_often_celebrated_with_fireworks_and_hotdogs_to_honor_americas_freedom_fill_17.wav,filler_other,NA,NA,NA,Independence Day,,,,,,
4,0da8fe4902237d224b17c5f0ad7586472161ddc315062133a0f57d3666d9661d,The question does NOT need any corrections.,which_oscar-winning_movie_features_tom_hanks_saying_life_is_like_a_box_of_chocolates_fill_12.wav,filler_other,NA,NA,NA,Forrest Gump,nans,first,,a,,JB_1205
4,0da8fe4902237d224b17c5f0ad7586472161ddc315062133a0f57d3666d9661d,Forest Gump,which_oscar-winning_movie_features_tom_hanks_saying_life_is_like_a_box_of_chocolates_fill_12.wav,filler_other,NA,NA,NA,Forrest Gump,,,,,,
4,0da8fe4902237d224b17c5f0ad7586472161ddc315062133a0f57d3666d9661d,I’m good — skip to the next question,which_oscar-winning_movie_features_tom_hanks_saying_life_is_like_a_box_of_chocolates_fill_12.wav,filler_other,NA,NA,NA,Forrest Gump,s,secsame,,,,JB_1205
4,0da8fe4902237d224b17c5f0ad7586472161ddc315062133a0f57d3666d9661d,NA,which_oscar-winning_movie_features_tom_hanks_saying_life_is_like_a_box_of_chocolates_fill_12.wav,filler_other,NA,NA,NA,Forrest Gump,,,,,,
4,0da8fe4902237d224b17c5f0ad7586472161ddc315062133a0f57d3666d9661d,The question does NOT need any corrections.,where_do_people_get_drivers_licenses_since_it_is_required_as_ballad_id_to_drive_targ_16_B.wav,target,phon_err,expletive 'it' dropping,/v/ --> /b/; valid/ballad,DMV,nans,first,,a,,JB_1205
4,0da8fe4902237d224b17c5f0ad7586472161ddc315062133a0f57d3666d9661d,DMV,where_do_people_get_drivers_licenses_since_it_is_required_as_ballad_id_to_drive_targ_16_B.wav,target,phon_err,expletive 'it' dropping,/v/ --> /b/; valid/ballad,DMV,,,,,,
4,0da8fe4902237d224b17c5f0ad7586472161ddc315062133a0f57d3666d9661d,I’m good — skip to the next question,where_do_people_get_drivers_licenses_since_it_is_required_as_ballad_id_to_drive_targ_16_B.wav,target,phon_err,expletive 'it' dropping,/v/ --> /b/; valid/ballad,DMV,s,secsame,,,,JB_1205
4,0da8fe4902237d224b17c5f0ad7586472161ddc315062133a0f57d3666d9661d,NA,where_do_people_get_drivers_licenses_since_it_is_required_as_ballad_id_to_drive_targ_16_B.wav,target,phon_err,expletive 'it' dropping,/v/ --> /b/; valid/ballad,DMV,,,,,,
4,0da8fe4902237d224b17c5f0ad7586472161ddc315062133a0f57d3666d9661d,"The question needs to be CORRECTED (Select this if you spot an error, even if you don’t know the answer).",which_cartoon_dog_solves_mysteries_with_the_group_fred_daphne_velma_and_shaggy_fill_10.wav,filler_other,NA,NA,NA,Scooby-Doo,y,first,otherfill,,pronunciation of 'Vilma',JB_1205
4,0da8fe4902237d224b17c5f0ad7586472161ddc315062133a0f57d3666d9661d,"""vilma"" should be ""wilma""; Scooby Doo",which_cartoon_dog_solves_mysteries_with_the_group_fred_daphne_velma_and_shaggy_fill_10.wav,filler_other,NA,NA,NA,Scooby-Doo,,,,,,
4,0da8fe4902237d224b17c5f0ad7586472161ddc315062133a0f57d3666d9661d,I’m good — skip to the next question,which_cartoon_dog_solves_mysteries_with_the_group_fred_daphne_velma_and_shaggy_fill_10.wav,filler_other,NA,NA,NA,Scooby-Doo,s,secsame,,,,JB_1205
4,0da8fe4902237d224b17c5f0ad7586472161ddc315062133a0f57d3666d9661d,NA,which_cartoon_dog_solves_mysteries_with_the_group_fred_daphne_velma_and_shaggy_fill_10.wav,filler_other,NA,NA,NA,Scooby-Doo,,,,,,
4,0da8fe4902237d224b17c5f0ad7586472161ddc315062133a0f57d3666d9661d,"The question needs to be CORRECTED (Select this if you spot an error, even if you don’t know the answer).",what_supplies_you_need_to_knit_a_scarf_targ_13_C.wav,target,non_phon_err,no aux verbs in questions (lack of do support),/ɪ/ --> /i/; knit/neat,needles and yarn,y,first,p,,reports target phon error to non-phon error stimulus,JB_1205
4,0da8fe4902237d224b17c5f0ad7586472161ddc315062133a0f57d3666d9661d,"""neet"" should be ""knit""; yarn",what_supplies_you_need_to_knit_a_scarf_targ_13_C.wav,target,non_phon_err,no aux verbs in questions (lack of do support),/ɪ/ --> /i/; knit/neat,needles and yarn,,,,,,
4,0da8fe4902237d224b17c5f0ad7586472161ddc315062133a0f57d3666d9661d,I’m good — skip to the next question,what_supplies_you_need_to_knit_a_scarf_targ_13_C.wav,target,non_phon_err,no aux verbs in questions (lack of do support),/ɪ/ --> /i/; knit/neat,needles and yarn,s,secsame,,,,JB_1205
4,0da8fe4902237d224b17c5f0ad7586472161ddc315062133a0f57d3666d9661d,NA,what_supplies_you_need_to_knit_a_scarf_targ_13_C.wav,target,non_phon_err,no aux verbs in questions (lack of do support),/ɪ/ --> /i/; knit/neat,needles and yarn,,,,,,
4,0da8fe4902237d224b17c5f0ad7586472161ddc315062133a0f57d3666d9661d,"The question does NOT need any corrections, but I don't know the answer/ I don't understand what the question is asking.",in_the_famous_dr_seuss_book_what_orange_and_yellow_character_speaks_for_the_trees_fill_23.wav,filler_other,NA,NA,NA,the Lorax,nun,first,,,,JB_1205
4,0da8fe4902237d224b17c5f0ad7586472161ddc315062133a0f57d3666d9661d,NA,in_the_famous_dr_seuss_book_what_orange_and_yellow_character_speaks_for_the_trees_fill_23.wav,filler_other,NA,NA,NA,the Lorax,,,,,,
4,0da8fe4902237d224b17c5f0ad7586472161ddc315062133a0f57d3666d9661d,I’m good — skip to the next question,in_the_famous_dr_seuss_book_what_orange_and_yellow_character_speaks_for_the_trees_fill_23.wav,filler_other,NA,NA,NA,the Lorax,s,secsame,,,,JB_1205
4,0da8fe4902237d224b17c5f0ad7586472161ddc315062133a0f57d3666d9661d,NA,in_the_famous_dr_seuss_book_what_orange_and_yellow_character_speaks_for_the_trees_fill_23.wav,filler_other,NA,NA,NA,the Lorax,,,,,,
4,0da8fe4902237d224b17c5f0ad7586472161ddc315062133a0f57d3666d9661d,"The question needs to be CORRECTED (Select this if you spot an error, even if you don’t know the answer).",when_you_have_hot_what_device_measures_body_temperature_in_boat_celsius_and_fahrenheit_targ_18_D.wav,target,both_err,have vs. be,/θ/ --> /t/; both/boat,thermometer,y,first,np,,,JB_1205
4,0da8fe4902237d224b17c5f0ad7586472161ddc315062133a0f57d3666d9661d,"""have"" should be ""are""; thermometer",when_you_have_hot_what_device_measures_body_temperature_in_boat_celsius_and_fahrenheit_targ_18_D.wav,target,both_err,have vs. be,/θ/ --> /t/; both/boat,thermometer,,,,,,
4,0da8fe4902237d224b17c5f0ad7586472161ddc315062133a0f57d3666d9661d,I’m good — skip to the next question,when_you_have_hot_what_device_measures_body_temperature_in_boat_celsius_and_fahrenheit_targ_18_D.wav,target,both_err,have vs. be,/θ/ --> /t/; both/boat,thermometer,s,secsame,,,,JB_1205
4,0da8fe4902237d224b17c5f0ad7586472161ddc315062133a0f57d3666d9661d,NA,when_you_have_hot_what_device_measures_body_temperature_in_boat_celsius_and_fahrenheit_targ_18_D.wav,target,both_err,have vs. be,/θ/ --> /t/; both/boat,thermometer,,,,,,
4,0da8fe4902237d224b17c5f0ad7586472161ddc315062133a0f57d3666d9661d,The question does NOT need any corrections.,if_i_consider_leaving_work_after_the_fort_hour_how_many_minutes_would_that_be_targ_24_B.wav,target,phon_err,infinitive vs. participle,/θ/ --> /t/; fourth/fort,two hundred and forty,nans,first,,a,,JB_1205
4,0da8fe4902237d224b17c5f0ad7586472161ddc315062133a0f57d3666d9661d,240 minutes,if_i_consider_leaving_work_after_the_fort_hour_how_many_minutes_would_that_be_targ_24_B.wav,target,phon_err,infinitive vs. participle,/θ/ --> /t/; fourth/fort,two hundred and forty,,,,,,
4,0da8fe4902237d224b17c5f0ad7586472161ddc315062133a0f57d3666d9661d,I’m good — skip to the next question,if_i_consider_leaving_work_after_the_fort_hour_how_many_minutes_would_that_be_targ_24_B.wav,target,phon_err,infinitive vs. participle,/θ/ --> /t/; fourth/fort,two hundred and forty,s,secsame,,,,JB_1205
4,0da8fe4902237d224b17c5f0ad7586472161ddc315062133a0f57d3666d9661d,NA,if_i_consider_leaving_work_after_the_fort_hour_how_many_minutes_would_that_be_targ_24_B.wav,target,phon_err,infinitive vs. participle,/θ/ --> /t/; fourth/fort,two hundred and forty,,,,,,
4,0da8fe4902237d224b17c5f0ad7586472161ddc315062133a0f57d3666d9661d,"The question needs to be CORRECTED (Select this if you spot an error, even if you don’t know the answer).",which_tropical_fruit_that_grows_on_palm_trees_is_used_for_oils_and_milks_fill_18.wav,filler_other,NA,NA,NA,coconuts,y,first,otherfill,,says it should be 'oil' and 'milk' instead of 'oils' and 'milks',JB_1205
4,0da8fe4902237d224b17c5f0ad7586472161ddc315062133a0f57d3666d9661d,"""oils"" should be ""oil""; ""milks"" should be ""milk""; coconut",which_tropical_fruit_that_grows_on_palm_trees_is_used_for_oils_and_milks_fill_18.wav,filler_other,NA,NA,NA,coconuts,,,,,,
4,0da8fe4902237d224b17c5f0ad7586472161ddc315062133a0f57d3666d9661d,I’m good — skip to the next question,which_tropical_fruit_that_grows_on_palm_trees_is_used_for_oils_and_milks_fill_18.wav,filler_other,NA,NA,NA,coconuts,s,secsame,,,,JB_1205
4,0da8fe4902237d224b17c5f0ad7586472161ddc315062133a0f57d3666d9661d,NA,which_tropical_fruit_that_grows_on_palm_trees_is_used_for_oils_and_milks_fill_18.wav,filler_other,NA,NA,NA,coconuts,,,,,,
4,0da8fe4902237d224b17c5f0ad7586472161ddc315062133a0f57d3666d9661d,"The question needs to be CORRECTED (Select this if you spot an error, even if you don’t know the answer).",if_a_janitor_hardworking_cleaned_a_bent_in_five_minutes_how_many_seconds_is_that_targ_22_D.wav,target,both_err,adj/noun order,/v/ --> /b/; vent/bent,eight,y,first,np,,also notes problem with pronunciation of 'janitor',JB_1205
4,0da8fe4902237d224b17c5f0ad7586472161ddc315062133a0f57d3666d9661d,"""hanitor"" should be ""janitor""; ""janitor hard working"" should be ""hard working janitor""; 300 seconds",if_a_janitor_hardworking_cleaned_a_bent_in_five_minutes_how_many_seconds_is_that_targ_22_D.wav,target,both_err,adj/noun order,/v/ --> /b/; vent/bent,eight,,,,,,
4,0da8fe4902237d224b17c5f0ad7586472161ddc315062133a0f57d3666d9661d,I’m good — skip to the next question,if_a_janitor_hardworking_cleaned_a_bent_in_five_minutes_how_many_seconds_is_that_targ_22_D.wav,target,both_err,adj/noun order,/v/ --> /b/; vent/bent,eight,s,secsame,,,,JB_1205
4,0da8fe4902237d224b17c5f0ad7586472161ddc315062133a0f57d3666d9661d,NA,if_a_janitor_hardworking_cleaned_a_bent_in_five_minutes_how_many_seconds_is_that_targ_22_D.wav,target,both_err,adj/noun order,/v/ --> /b/; vent/bent,eight,,,,,,
5,160c3f8234e4ce92ace3ff33d5d6f3d268f95c2410afe2d5ed815984b664aeed,"The question does NOT need any corrections, but I don't know the answer/ I don't understand what the question is asking.",what_is_the_largest_plant_in_the_solar_system_fill_31.wav,att_check_err,NA,NA,NA,Jupiter (planet),nun,first,acheckf,,attention check failed (4/8 correct),JB_1204
5,160c3f8234e4ce92ace3ff33d5d6f3d268f95c2410afe2d5ed815984b664aeed,na,what_is_the_largest_plant_in_the_solar_system_fill_31.wav,att_check_err,NA,NA,NA,Jupiter (planet),,,,,,
5,160c3f8234e4ce92ace3ff33d5d6f3d268f95c2410afe2d5ed815984b664aeed,"The question does NOT need any corrections, but I don't know the answer/ I don't understand what the question is asking.",what_is_the_largest_plant_in_the_solar_system_fill_31.wav,att_check_err,NA,NA,NA,Jupiter (planet),nun,secsame,,,,JB_1204
5,160c3f8234e4ce92ace3ff33d5d6f3d268f95c2410afe2d5ed815984b664aeed,na,what_is_the_largest_plant_in_the_solar_system_fill_31.wav,att_check_err,NA,NA,NA,Jupiter (planet),,,,,,
5,160c3f8234e4ce92ace3ff33d5d6f3d268f95c2410afe2d5ed815984b664aeed,"The question does NOT need any corrections, but I don't know the answer/ I don't understand what the question is asking.",what_color_is_a_typical_school_bus_fill_28.wav,att_check_good,NA,NA,NA,yellow,nun,first,,,,JB_1204
5,160c3f8234e4ce92ace3ff33d5d6f3d268f95c2410afe2d5ed815984b664aeed,na,what_color_is_a_typical_school_bus_fill_28.wav,att_check_good,NA,NA,NA,yellow,,,,,,
5,160c3f8234e4ce92ace3ff33d5d6f3d268f95c2410afe2d5ed815984b664aeed,The question does NOT need any corrections.,what_color_is_a_typical_school_bus_fill_28.wav,att_check_good,NA,NA,NA,yellow,nans,secdiff,,a,,JB_1204
5,160c3f8234e4ce92ace3ff33d5d6f3d268f95c2410afe2d5ed815984b664aeed,yellow,what_color_is_a_typical_school_bus_fill_28.wav,att_check_good,NA,NA,NA,yellow,,,,,,
5,160c3f8234e4ce92ace3ff33d5d6f3d268f95c2410afe2d5ed815984b664aeed,The question does NOT need any corrections.,what_day_of_the_week_comes_after_monday_fill_27.wav,att_check_good,NA,NA,NA,Tuesday,nans,first,,a,,JB_1204
5,160c3f8234e4ce92ace3ff33d5d6f3d268f95c2410afe2d5ed815984b664aeed,Tuesday,what_day_of_the_week_comes_after_monday_fill_27.wav,att_check_good,NA,NA,NA,Tuesday,,,,,,
5,160c3f8234e4ce92ace3ff33d5d6f3d268f95c2410afe2d5ed815984b664aeed,The question does NOT need any corrections.,what_day_of_the_week_comes_after_monday_fill_27.wav,att_check_good,NA,NA,NA,Tuesday,nans,secsame,,,,JB_1204
5,160c3f8234e4ce92ace3ff33d5d6f3d268f95c2410afe2d5ed815984b664aeed,Tuesday,what_day_of_the_week_comes_after_monday_fill_27.wav,att_check_good,NA,NA,NA,Tuesday,,,,,,
5,160c3f8234e4ce92ace3ff33d5d6f3d268f95c2410afe2d5ed815984b664aeed,"The question does NOT need any corrections, but I don't know the answer/ I don't understand what the question is asking.",how_many_embers_were_in_the_beatles_the_british_rock_band_fill_32.wav,att_check_err,NA,NA,NA,four (members),nun,first,acheckf,,,JB_1204
5,160c3f8234e4ce92ace3ff33d5d6f3d268f95c2410afe2d5ed815984b664aeed,na,how_many_embers_were_in_the_beatles_the_british_rock_band_fill_32.wav,att_check_err,NA,NA,NA,four (members),,,,,,
5,160c3f8234e4ce92ace3ff33d5d6f3d268f95c2410afe2d5ed815984b664aeed,"The question does NOT need any corrections, but I don't know the answer/ I don't understand what the question is asking.",how_many_embers_were_in_the_beatles_the_british_rock_band_fill_32.wav,att_check_err,NA,NA,NA,four (members),nun,secsame,,,,JB_1204
5,160c3f8234e4ce92ace3ff33d5d6f3d268f95c2410afe2d5ed815984b664aeed,na,how_many_embers_were_in_the_beatles_the_british_rock_band_fill_32.wav,att_check_err,NA,NA,NA,four (members),,,,,,
5,160c3f8234e4ce92ace3ff33d5d6f3d268f95c2410afe2d5ed815984b664aeed,"The question needs to be CORRECTED (Select this if you spot an error, even if you don’t know the answer).",in_the_cycle_of_seasons_what_season_comes_after_dinter_fill_29.wav,att_check_err,NA,NA,NA,"Spring (Winter, sound sub that's not related)",y,first,acheckp,,,JB_1204
5,160c3f8234e4ce92ace3ff33d5d6f3d268f95c2410afe2d5ed815984b664aeed,Whats deenter,in_the_cycle_of_seasons_what_season_comes_after_dinter_fill_29.wav,att_check_err,NA,NA,NA,"Spring (Winter, sound sub that's not related)",,,,,,
5,160c3f8234e4ce92ace3ff33d5d6f3d268f95c2410afe2d5ed815984b664aeed,"The question needs to be CORRECTED (Select this if you spot an error, even if you don’t know the answer).",in_the_cycle_of_seasons_what_season_comes_after_dinter_fill_29.wav,att_check_err,NA,NA,NA,"Spring (Winter, sound sub that's not related)",y,secsame,,,,JB_1204
5,160c3f8234e4ce92ace3ff33d5d6f3d268f95c2410afe2d5ed815984b664aeed,Again whats deenter,in_the_cycle_of_seasons_what_season_comes_after_dinter_fill_29.wav,att_check_err,NA,NA,NA,"Spring (Winter, sound sub that's not related)",,,,,,
5,160c3f8234e4ce92ace3ff33d5d6f3d268f95c2410afe2d5ed815984b664aeed,"The question needs to be CORRECTED (Select this if you spot an error, even if you don’t know the answer).",what_insect_undergoes_a_process_of_change_to_turn_into_a_butterfy_fill_30.wav,att_check_err,NA,NA,NA,caterpillar (butterfly),y,first,acheckf,,,JB_1204
5,160c3f8234e4ce92ace3ff33d5d6f3d268f95c2410afe2d5ed815984b664aeed,Sounded like she said pro ses instead of process. and answer is caterpillar,what_insect_undergoes_a_process_of_change_to_turn_into_a_butterfy_fill_30.wav,att_check_err,NA,NA,NA,caterpillar (butterfly),,,,,,
5,160c3f8234e4ce92ace3ff33d5d6f3d268f95c2410afe2d5ed815984b664aeed,"The question needs to be CORRECTED (Select this if you spot an error, even if you don’t know the answer).",what_insect_undergoes_a_process_of_change_to_turn_into_a_butterfy_fill_30.wav,att_check_err,NA,NA,NA,caterpillar (butterfly),y,secsame,,,,JB_1204
5,160c3f8234e4ce92ace3ff33d5d6f3d268f95c2410afe2d5ed815984b664aeed,Sounded like pro ses instead of process and answer is caterpillar,what_insect_undergoes_a_process_of_change_to_turn_into_a_butterfy_fill_30.wav,att_check_err,NA,NA,NA,caterpillar (butterfly),,,,,,
5,160c3f8234e4ce92ace3ff33d5d6f3d268f95c2410afe2d5ed815984b664aeed,The question does NOT need any corrections.,how_many_legs_does_a_dog_normally_have_fill_25.wav,att_check_good,NA,NA,NA,four,nans,first,,a,,JB_1204
5,160c3f8234e4ce92ace3ff33d5d6f3d268f95c2410afe2d5ed815984b664aeed,Four,how_many_legs_does_a_dog_normally_have_fill_25.wav,att_check_good,NA,NA,NA,four,,,,,,
5,160c3f8234e4ce92ace3ff33d5d6f3d268f95c2410afe2d5ed815984b664aeed,The question does NOT need any corrections.,how_many_legs_does_a_dog_normally_have_fill_25.wav,att_check_good,NA,NA,NA,four,nans,secsame,,,,JB_1204
5,160c3f8234e4ce92ace3ff33d5d6f3d268f95c2410afe2d5ed815984b664aeed,Four,how_many_legs_does_a_dog_normally_have_fill_25.wav,att_check_good,NA,NA,NA,four,,,,,,
5,160c3f8234e4ce92ace3ff33d5d6f3d268f95c2410afe2d5ed815984b664aeed,"The question does NOT need any corrections, but I don't know the answer/ I don't understand what the question is asking.",what_state_is_los_angeles_located_in_fill_26.wav,att_check_good,NA,NA,NA,California,nun,first,,,,JB_1204
5,160c3f8234e4ce92ace3ff33d5d6f3d268f95c2410afe2d5ed815984b664aeed,na,what_state_is_los_angeles_located_in_fill_26.wav,att_check_good,NA,NA,NA,California,,,,,,
5,160c3f8234e4ce92ace3ff33d5d6f3d268f95c2410afe2d5ed815984b664aeed,I’m good — skip to the next question,what_state_is_los_angeles_located_in_fill_26.wav,att_check_good,NA,NA,NA,California,s,secsame,,,,JB_1204
5,160c3f8234e4ce92ace3ff33d5d6f3d268f95c2410afe2d5ed815984b664aeed,NA,what_state_is_los_angeles_located_in_fill_26.wav,att_check_good,NA,NA,NA,California,,,,,,
5,160c3f8234e4ce92ace3ff33d5d6f3d268f95c2410afe2d5ed815984b664aeed,"The question needs to be CORRECTED (Select this if you spot an error, even if you don’t know the answer).",what_company_created_the_macbook_a_device_fool_of_features_to_help_students_make_homework_targ_23_D.wav,target,both_err,make vs. other verb,/ʊ/ --> /u/; full/fool,Apple,y,first,,,,
5,160c3f8234e4ce92ace3ff33d5d6f3d268f95c2410afe2d5ed815984b664aeed,Sounded like she should of said Macbook instead of marcbook,what_company_created_the_macbook_a_device_fool_of_features_to_help_students_make_homework_targ_23_D.wav,target,both_err,make vs. other verb,/ʊ/ --> /u/; full/fool,Apple,,,,,,
5,160c3f8234e4ce92ace3ff33d5d6f3d268f95c2410afe2d5ed815984b664aeed,"The question needs to be CORRECTED (Select this if you spot an error, even if you don’t know the answer).",what_company_created_the_macbook_a_device_fool_of_features_to_help_students_make_homework_targ_23_D.wav,target,both_err,make vs. other verb,/ʊ/ --> /u/; full/fool,Apple,y,secsame,,,,
5,160c3f8234e4ce92ace3ff33d5d6f3d268f95c2410afe2d5ed815984b664aeed,Still sounded like she said markbook instead of Macbook,what_company_created_the_macbook_a_device_fool_of_features_to_help_students_make_homework_targ_23_D.wav,target,both_err,make vs. other verb,/ʊ/ --> /u/; full/fool,Apple,,,,,,
5,160c3f8234e4ce92ace3ff33d5d6f3d268f95c2410afe2d5ed815984b664aeed,"The question does NOT need any corrections, but I don't know the answer/ I don't understand what the question is asking.",if_a_janitor_hardworking_cleaned_a_vent_in_five_minutes_how_many_seconds_is_that_targ_22_C.wav,target,non_phon_err,adj/noun order,/v/ --> /b/; vent/bent,eight,nun,first,,,,
5,160c3f8234e4ce92ace3ff33d5d6f3d268f95c2410afe2d5ed815984b664aeed,na,if_a_janitor_hardworking_cleaned_a_vent_in_five_minutes_how_many_seconds_is_that_targ_22_C.wav,target,non_phon_err,adj/noun order,/v/ --> /b/; vent/bent,eight,,,,,,
5,160c3f8234e4ce92ace3ff33d5d6f3d268f95c2410afe2d5ed815984b664aeed,"The question does NOT need any corrections, but I don't know the answer/ I don't understand what the question is asking.",if_a_janitor_hardworking_cleaned_a_vent_in_five_minutes_how_many_seconds_is_that_targ_22_C.wav,target,non_phon_err,adj/noun order,/v/ --> /b/; vent/bent,eight,nun,secsame,,,,
5,160c3f8234e4ce92ace3ff33d5d6f3d268f95c2410afe2d5ed815984b664aeed,na,if_a_janitor_hardworking_cleaned_a_vent_in_five_minutes_how_many_seconds_is_that_targ_22_C.wav,target,non_phon_err,adj/noun order,/v/ --> /b/; vent/bent,eight,,,,,,
5,160c3f8234e4ce92ace3ff33d5d6f3d268f95c2410afe2d5ed815984b664aeed,"The question needs to be CORRECTED (Select this if you spot an error, even if you don’t know the answer).",in_the_lion_king_who_does_nala_talk_to_and_is_laying_in_a_got_after_theyve_reunited_targ_21_B.wav,target,phon_err,no aux verbs in questions (lack of do support),/k/ --> /g/; cot/got,Simba,y,first,,,,
5,160c3f8234e4ce92ace3ff33d5d6f3d268f95c2410afe2d5ed815984b664aeed,She breathed heavy when saying who,in_the_lion_king_who_does_nala_talk_to_and_is_laying_in_a_got_after_theyve_reunited_targ_21_B.wav,target,phon_err,no aux verbs in questions (lack of do support),/k/ --> /g/; cot/got,Simba,,,,,,
5,160c3f8234e4ce92ace3ff33d5d6f3d268f95c2410afe2d5ed815984b664aeed,"The question needs to be CORRECTED (Select this if you spot an error, even if you don’t know the answer).",in_the_lion_king_who_does_nala_talk_to_and_is_laying_in_a_got_after_theyve_reunited_targ_21_B.wav,target,phon_err,no aux verbs in questions (lack of do support),/k/ --> /g/; cot/got,Simba,y,secsame,,,,
5,160c3f8234e4ce92ace3ff33d5d6f3d268f95c2410afe2d5ed815984b664aeed,She breathed heavy saying who and kinda stuttered while saying to.,in_the_lion_king_who_does_nala_talk_to_and_is_laying_in_a_got_after_theyve_reunited_targ_21_B.wav,target,phon_err,no aux verbs in questions (lack of do support),/k/ --> /g/; cot/got,Simba,,,,,,
5,160c3f8234e4ce92ace3ff33d5d6f3d268f95c2410afe2d5ed815984b664aeed,The question does NOT need any corrections.,which_oscar-winning_movie_features_tom_hanks_saying_life_is_like_a_box_of_chocolates_fill_12.wav,filler_other,NA,NA,NA,Forrest Gump,nans,first,,,,
5,160c3f8234e4ce92ace3ff33d5d6f3d268f95c2410afe2d5ed815984b664aeed,Forest Gump,which_oscar-winning_movie_features_tom_hanks_saying_life_is_like_a_box_of_chocolates_fill_12.wav,filler_other,NA,NA,NA,Forrest Gump,,,,,,
5,160c3f8234e4ce92ace3ff33d5d6f3d268f95c2410afe2d5ed815984b664aeed,The question does NOT need any corrections.,which_oscar-winning_movie_features_tom_hanks_saying_life_is_like_a_box_of_chocolates_fill_12.wav,filler_other,NA,NA,NA,Forrest Gump,nans,secsame,,,,
5,160c3f8234e4ce92ace3ff33d5d6f3d268f95c2410afe2d5ed815984b664aeed,Forest Gump,which_oscar-winning_movie_features_tom_hanks_saying_life_is_like_a_box_of_chocolates_fill_12.wav,filler_other,NA,NA,NA,Forrest Gump,,,,,,
5,160c3f8234e4ce92ace3ff33d5d6f3d268f95c2410afe2d5ed815984b664aeed,The question does NOT need any corrections.,in_what_country_would_you_find_landmarks_like_the_pyramids_of_giza_and_great_sphinx_fill_24.wav,filler_other,NA,NA,NA,Egypt,nans,first,,,,
5,160c3f8234e4ce92ace3ff33d5d6f3d268f95c2410afe2d5ed815984b664aeed,Egypt,in_what_country_would_you_find_landmarks_like_the_pyramids_of_giza_and_great_sphinx_fill_24.wav,filler_other,NA,NA,NA,Egypt,,,,,,
5,160c3f8234e4ce92ace3ff33d5d6f3d268f95c2410afe2d5ed815984b664aeed,The question does NOT need any corrections.,in_what_country_would_you_find_landmarks_like_the_pyramids_of_giza_and_great_sphinx_fill_24.wav,filler_other,NA,NA,NA,Egypt,nans,secsame,,,,
5,160c3f8234e4ce92ace3ff33d5d6f3d268f95c2410afe2d5ed815984b664aeed,Egypt,in_what_country_would_you_find_landmarks_like_the_pyramids_of_giza_and_great_sphinx_fill_24.wav,filler_other,NA,NA,NA,Egypt,,,,,,
5,160c3f8234e4ce92ace3ff33d5d6f3d268f95c2410afe2d5ed815984b664aeed,"The question does NOT need any corrections, but I don't know the answer/ I don't understand what the question is asking.",what_animal_is_typically_white_with_black_spots_and_says_moo_fill_21.wav,filler_other,NA,NA,NA,a cow,nun,first,,,,
5,160c3f8234e4ce92ace3ff33d5d6f3d268f95c2410afe2d5ed815984b664aeed,She mumbled towords the end. Couldnt understand,what_animal_is_typically_white_with_black_spots_and_says_moo_fill_21.wav,filler_other,NA,NA,NA,a cow,,,,,,
5,160c3f8234e4ce92ace3ff33d5d6f3d268f95c2410afe2d5ed815984b664aeed,"The question needs to be CORRECTED (Select this if you spot an error, even if you don’t know the answer).",what_animal_is_typically_white_with_black_spots_and_says_moo_fill_21.wav,filler_other,NA,NA,NA,a cow,y,secdiff,,,,
5,160c3f8234e4ce92ace3ff33d5d6f3d268f95c2410afe2d5ed815984b664aeed,Couldnt understand the end of the sentence.,what_animal_is_typically_white_with_black_spots_and_says_moo_fill_21.wav,filler_other,NA,NA,NA,a cow,,,,,,
5,160c3f8234e4ce92ace3ff33d5d6f3d268f95c2410afe2d5ed815984b664aeed,"The question needs to be CORRECTED (Select this if you spot an error, even if you don’t know the answer).",what_musician_won_grammys_for_their_album_thriller_which_features_the_hit_song_beat_it_fill_20.wav,filler_other,NA,NA,NA,Michael Jackson,y,first,,,,
5,160c3f8234e4ce92ace3ff33d5d6f3d268f95c2410afe2d5ed815984b664aeed,Sounded like mushishion instead of musician,what_musician_won_grammys_for_their_album_thriller_which_features_the_hit_song_beat_it_fill_20.wav,filler_other,NA,NA,NA,Michael Jackson,,,,,,
5,160c3f8234e4ce92ace3ff33d5d6f3d268f95c2410afe2d5ed815984b664aeed,"The question needs to be CORRECTED (Select this if you spot an error, even if you don’t know the answer).",what_musician_won_grammys_for_their_album_thriller_which_features_the_hit_song_beat_it_fill_20.wav,filler_other,NA,NA,NA,Michael Jackson,y,secsame,,,,
5,160c3f8234e4ce92ace3ff33d5d6f3d268f95c2410afe2d5ed815984b664aeed,Sounded like mishision instead of musician,what_musician_won_grammys_for_their_album_thriller_which_features_the_hit_song_beat_it_fill_20.wav,filler_other,NA,NA,NA,Michael Jackson,,,,,,
5,160c3f8234e4ce92ace3ff33d5d6f3d268f95c2410afe2d5ed815984b664aeed,"The question does NOT need any corrections, but I don't know the answer/ I don't understand what the question is asking.",which_scottish_actor_first_played_james_bond_wearing_guilts_to_red_carpets_when_he_had_32_years_old_targ_03_D.wav,target,both_err,have vs. be,/k/ --> /g/; kilt/guilt,Sean Connery,nun,first,,,,
5,160c3f8234e4ce92ace3ff33d5d6f3d268f95c2410afe2d5ed815984b664aeed,na,which_scottish_actor_first_played_james_bond_wearing_guilts_to_red_carpets_when_he_had_32_years_old_targ_03_D.wav,target,both_err,have vs. be,/k/ --> /g/; kilt/guilt,Sean Connery,,,,,,
5,160c3f8234e4ce92ace3ff33d5d6f3d268f95c2410afe2d5ed815984b664aeed,"The question needs to be CORRECTED (Select this if you spot an error, even if you don’t know the answer).",which_scottish_actor_first_played_james_bond_wearing_guilts_to_red_carpets_when_he_had_32_years_old_targ_03_D.wav,target,both_err,have vs. be,/k/ --> /g/; kilt/guilt,Sean Connery,y,secdiff,,,,
5,160c3f8234e4ce92ace3ff33d5d6f3d268f95c2410afe2d5ed815984b664aeed,she spoke a little fast and had too much emphasis on the h in who,which_scottish_actor_first_played_james_bond_wearing_guilts_to_red_carpets_when_he_had_32_years_old_targ_03_D.wav,target,both_err,have vs. be,/k/ --> /g/; kilt/guilt,Sean Connery,,,,,,
5,160c3f8234e4ce92ace3ff33d5d6f3d268f95c2410afe2d5ed815984b664aeed,"The question does NOT need any corrections, but I don't know the answer/ I don't understand what the question is asking.",what_organ_is_often_associated_with_being_eaten_by_rotting_flesh_monsters_also_known_as_zombies_fill_02.wav,filler_other,NA,NA,NA,the brain,nun,first,,,,
5,160c3f8234e4ce92ace3ff33d5d6f3d268f95c2410afe2d5ed815984b664aeed,na,what_organ_is_often_associated_with_being_eaten_by_rotting_flesh_monsters_also_known_as_zombies_fill_02.wav,filler_other,NA,NA,NA,the brain,,,,,,
5,160c3f8234e4ce92ace3ff33d5d6f3d268f95c2410afe2d5ed815984b664aeed,"The question needs to be CORRECTED (Select this if you spot an error, even if you don’t know the answer).",what_organ_is_often_associated_with_being_eaten_by_rotting_flesh_monsters_also_known_as_zombies_fill_02.wav,filler_other,NA,NA,NA,the brain,y,secdiff,,,,
5,160c3f8234e4ce92ace3ff33d5d6f3d268f95c2410afe2d5ed815984b664aeed,sounded like arigon instead of origin,what_organ_is_often_associated_with_being_eaten_by_rotting_flesh_monsters_also_known_as_zombies_fill_02.wav,filler_other,NA,NA,NA,the brain,,,,,,
5,160c3f8234e4ce92ace3ff33d5d6f3d268f95c2410afe2d5ed815984b664aeed,"The question does NOT need any corrections, but I don't know the answer/ I don't understand what the question is asking.",which_british_celebrity_judge_often_harshly_critiqued_contestants_on_the_nationwide_singing_contest_american_idol_fill_03.wav,filler_other,NA,NA,NA,Simon Cowell,nun,first,,,,
5,160c3f8234e4ce92ace3ff33d5d6f3d268f95c2410afe2d5ed815984b664aeed,na,which_british_celebrity_judge_often_harshly_critiqued_contestants_on_the_nationwide_singing_contest_american_idol_fill_03.wav,filler_other,NA,NA,NA,Simon Cowell,,,,,,
5,160c3f8234e4ce92ace3ff33d5d6f3d268f95c2410afe2d5ed815984b664aeed,"The question needs to be CORRECTED (Select this if you spot an error, even if you don’t know the answer).",which_british_celebrity_judge_often_harshly_critiqued_contestants_on_the_nationwide_singing_contest_american_idol_fill_03.wav,filler_other,NA,NA,NA,Simon Cowell,y,secdiff,,,,
5,160c3f8234e4ce92ace3ff33d5d6f3d268f95c2410afe2d5ed815984b664aeed,she said critiqued weird,which_british_celebrity_judge_often_harshly_critiqued_contestants_on_the_nationwide_singing_contest_american_idol_fill_03.wav,filler_other,NA,NA,NA,Simon Cowell,,,,,,
5,160c3f8234e4ce92ace3ff33d5d6f3d268f95c2410afe2d5ed815984b664aeed,"The question does NOT need any corrections, but I don't know the answer/ I don't understand what the question is asking.",which_soft_pastry_made_with_a_certain_spice_is_often_spiral-shaped_and_topped_with_icing_fill_16.wav,filler_other,NA,NA,NA,cinnamon roll,nun,first,,,,
5,160c3f8234e4ce92ace3ff33d5d6f3d268f95c2410afe2d5ed815984b664aeed,na,which_soft_pastry_made_with_a_certain_spice_is_often_spiral-shaped_and_topped_with_icing_fill_16.wav,filler_other,NA,NA,NA,cinnamon roll,,,,,,
5,160c3f8234e4ce92ace3ff33d5d6f3d268f95c2410afe2d5ed815984b664aeed,"The question does NOT need any corrections, but I don't know the answer/ I don't understand what the question is asking.",which_soft_pastry_made_with_a_certain_spice_is_often_spiral-shaped_and_topped_with_icing_fill_16.wav,filler_other,NA,NA,NA,cinnamon roll,nun,secsame,,,,
5,160c3f8234e4ce92ace3ff33d5d6f3d268f95c2410afe2d5ed815984b664aeed,na,which_soft_pastry_made_with_a_certain_spice_is_often_spiral-shaped_and_topped_with_icing_fill_16.wav,filler_other,NA,NA,NA,cinnamon roll,,,,,,
5,160c3f8234e4ce92ace3ff33d5d6f3d268f95c2410afe2d5ed815984b664aeed,The question does NOT need any corrections.,what_holiday_occurs_at_the_end_of_october_and_features_trick-or-treating_pumpkins_and_haunted_houses_fill_07.wav,filler_other,NA,NA,NA,Halloween,nans,first,,,,
5,160c3f8234e4ce92ace3ff33d5d6f3d268f95c2410afe2d5ed815984b664aeed,Halloween,what_holiday_occurs_at_the_end_of_october_and_features_trick-or-treating_pumpkins_and_haunted_houses_fill_07.wav,filler_other,NA,NA,NA,Halloween,,,,,,
5,160c3f8234e4ce92ace3ff33d5d6f3d268f95c2410afe2d5ed815984b664aeed,"The question needs to be CORRECTED (Select this if you spot an error, even if you don’t know the answer).",what_holiday_occurs_at_the_end_of_october_and_features_trick-or-treating_pumpkins_and_haunted_houses_fill_07.wav,filler_other,NA,NA,NA,Halloween,y,secdiff,,,,
5,160c3f8234e4ce92ace3ff33d5d6f3d268f95c2410afe2d5ed815984b664aeed,sounded like acures not appears,what_holiday_occurs_at_the_end_of_october_and_features_trick-or-treating_pumpkins_and_haunted_houses_fill_07.wav,filler_other,NA,NA,NA,Halloween,,,,,,
5,160c3f8234e4ce92ace3ff33d5d6f3d268f95c2410afe2d5ed815984b664aeed,The question does NOT need any corrections.,what_us_holiday_is_often_celebrated_with_fireworks_and_hotdogs_to_honor_americas_freedom_fill_17.wav,filler_other,NA,NA,NA,Independence Day,nans,first,,,,
5,160c3f8234e4ce92ace3ff33d5d6f3d268f95c2410afe2d5ed815984b664aeed,Fourth of July,what_us_holiday_is_often_celebrated_with_fireworks_and_hotdogs_to_honor_americas_freedom_fill_17.wav,filler_other,NA,NA,NA,Independence Day,,,,,,
5,160c3f8234e4ce92ace3ff33d5d6f3d268f95c2410afe2d5ed815984b664aeed,The question does NOT need any corrections.,what_us_holiday_is_often_celebrated_with_fireworks_and_hotdogs_to_honor_americas_freedom_fill_17.wav,filler_other,NA,NA,NA,Independence Day,nans,secsame,,,,
5,160c3f8234e4ce92ace3ff33d5d6f3d268f95c2410afe2d5ed815984b664aeed,Forth of July,what_us_holiday_is_often_celebrated_with_fireworks_and_hotdogs_to_honor_americas_freedom_fill_17.wav,filler_other,NA,NA,NA,Independence Day,,,,,,
5,160c3f8234e4ce92ace3ff33d5d6f3d268f95c2410afe2d5ed815984b664aeed,The question does NOT need any corrections.,where_do_people_get_drivers_licenses_since_it_is_required_as_valid_id_to_drive_targ_16_A.wav,target,correct,expletive 'it' dropping,/v/ --> /b/; valid/ballad,DMV,nans,first,,,,
5,160c3f8234e4ce92ace3ff33d5d6f3d268f95c2410afe2d5ed815984b664aeed,DMV,where_do_people_get_drivers_licenses_since_it_is_required_as_valid_id_to_drive_targ_16_A.wav,target,correct,expletive 'it' dropping,/v/ --> /b/; valid/ballad,DMV,,,,,,
5,160c3f8234e4ce92ace3ff33d5d6f3d268f95c2410afe2d5ed815984b664aeed,The question does NOT need any corrections.,where_do_people_get_drivers_licenses_since_it_is_required_as_valid_id_to_drive_targ_16_A.wav,target,correct,expletive 'it' dropping,/v/ --> /b/; valid/ballad,DMV,nans,secsame,,,,
5,160c3f8234e4ce92ace3ff33d5d6f3d268f95c2410afe2d5ed815984b664aeed,DMV,where_do_people_get_drivers_licenses_since_it_is_required_as_valid_id_to_drive_targ_16_A.wav,target,correct,expletive 'it' dropping,/v/ --> /b/; valid/ballad,DMV,,,,,,
5,160c3f8234e4ce92ace3ff33d5d6f3d268f95c2410afe2d5ed815984b664aeed,"The question does NOT need any corrections, but I don't know the answer/ I don't understand what the question is asking.",what_did_neil_armstrong_say_during_his_very_first_steps_on_the_moon_targ_04_A.wav,target,correct,no aux verbs in questions (lack of do support),/v/ --> /b/; very/berry,"""That's one small step for man, one giant leap for mankind.""",nun,first,,,,
5,160c3f8234e4ce92ace3ff33d5d6f3d268f95c2410afe2d5ed815984b664aeed,NA,what_did_neil_armstrong_say_during_his_very_first_steps_on_the_moon_targ_04_A.wav,target,correct,no aux verbs in questions (lack of do support),/v/ --> /b/; very/berry,"""That's one small step for man, one giant leap for mankind.""",,,,,,
5,160c3f8234e4ce92ace3ff33d5d6f3d268f95c2410afe2d5ed815984b664aeed,"The question needs to be CORRECTED (Select this if you spot an error, even if you don’t know the answer).",what_did_neil_armstrong_say_during_his_very_first_steps_on_the_moon_targ_04_A.wav,target,correct,no aux verbs in questions (lack of do support),/v/ --> /b/; very/berry,"""That's one small step for man, one giant leap for mankind.""",y,secdiff,,,,
5,160c3f8234e4ce92ace3ff33d5d6f3d268f95c2410afe2d5ed815984b664aeed,sounded like meil Armstrong instead of Neil Armstrong,what_did_neil_armstrong_say_during_his_very_first_steps_on_the_moon_targ_04_A.wav,target,correct,no aux verbs in questions (lack of do support),/v/ --> /b/; very/berry,"""That's one small step for man, one giant leap for mankind.""",,,,,,
5,160c3f8234e4ce92ace3ff33d5d6f3d268f95c2410afe2d5ed815984b664aeed,The question does NOT need any corrections.,who_did_americans_vote_for_to_be_their_first_president_who_avoided_to_serve_three_terms_targ_10_C.wav,target,non_phon_err,infinitive vs. participle,/v/ --> /b/; vote/boat,George Washington,nans,first,,,,
5,160c3f8234e4ce92ace3ff33d5d6f3d268f95c2410afe2d5ed815984b664aeed,na,who_did_americans_vote_for_to_be_their_first_president_who_avoided_to_serve_three_terms_targ_10_C.wav,target,non_phon_err,infinitive vs. participle,/v/ --> /b/; vote/boat,George Washington,,,,,,
5,160c3f8234e4ce92ace3ff33d5d6f3d268f95c2410afe2d5ed815984b664aeed,"The question does NOT need any corrections, but I don't know the answer/ I don't understand what the question is asking.",who_did_americans_vote_for_to_be_their_first_president_who_avoided_to_serve_three_terms_targ_10_C.wav,target,non_phon_err,infinitive vs. participle,/v/ --> /b/; vote/boat,George Washington,nun,secdiff,,,,
5,160c3f8234e4ce92ace3ff33d5d6f3d268f95c2410afe2d5ed815984b664aeed,na,who_did_americans_vote_for_to_be_their_first_president_who_avoided_to_serve_three_terms_targ_10_C.wav,target,non_phon_err,infinitive vs. participle,/v/ --> /b/; vote/boat,George Washington,,,,,,
5,160c3f8234e4ce92ace3ff33d5d6f3d268f95c2410afe2d5ed815984b664aeed,"The question needs to be CORRECTED (Select this if you spot an error, even if you don’t know the answer).",what_term_refers_to_armored_men_who_enjoyed_to_carry_medieval_swords_that_clash_in_combat_targ_02_C.wav,target,non_phon_err,infinitive vs. participle,/ʃ/ --> /s/; clash/class,knights,y,first,,,,
5,160c3f8234e4ce92ace3ff33d5d6f3d268f95c2410afe2d5ed815984b664aeed,couldn't understand most of what she said,what_term_refers_to_armored_men_who_enjoyed_to_carry_medieval_swords_that_clash_in_combat_targ_02_C.wav,target,non_phon_err,infinitive vs. participle,/ʃ/ --> /s/; clash/class,knights,,,,,,
5,160c3f8234e4ce92ace3ff33d5d6f3d268f95c2410afe2d5ed815984b664aeed,I’m good — skip to the next question,what_term_refers_to_armored_men_who_enjoyed_to_carry_medieval_swords_that_clash_in_combat_targ_02_C.wav,target,non_phon_err,infinitive vs. participle,/ʃ/ --> /s/; clash/class,knights,s,secsame,,,,
5,160c3f8234e4ce92ace3ff33d5d6f3d268f95c2410afe2d5ed815984b664aeed,NA,what_term_refers_to_armored_men_who_enjoyed_to_carry_medieval_swords_that_clash_in_combat_targ_02_C.wav,target,non_phon_err,infinitive vs. participle,/ʃ/ --> /s/; clash/class,knights,,,,,,
5,160c3f8234e4ce92ace3ff33d5d6f3d268f95c2410afe2d5ed815984b664aeed,"The question does NOT need any corrections, but I don't know the answer/ I don't understand what the question is asking.",what_colors_make_up_a_traditional_candy_gain_which_people_enjoy_to_eat_during_christmas_targ_15_D.wav,target,both_err,infinitive vs. participle,/k/ --> /g/; cane/gain,red and white,nun,first,,,,
5,160c3f8234e4ce92ace3ff33d5d6f3d268f95c2410afe2d5ed815984b664aeed,na,what_colors_make_up_a_traditional_candy_gain_which_people_enjoy_to_eat_during_christmas_targ_15_D.wav,target,both_err,infinitive vs. participle,/k/ --> /g/; cane/gain,red and white,,,,,,
5,160c3f8234e4ce92ace3ff33d5d6f3d268f95c2410afe2d5ed815984b664aeed,"The question needs to be CORRECTED (Select this if you spot an error, even if you don’t know the answer).",what_colors_make_up_a_traditional_candy_gain_which_people_enjoy_to_eat_during_christmas_targ_15_D.wav,target,both_err,infinitive vs. participle,/k/ --> /g/; cane/gain,red and white,y,secdiff,,,,
5,160c3f8234e4ce92ace3ff33d5d6f3d268f95c2410afe2d5ed815984b664aeed,sounded like candi not candy,what_colors_make_up_a_traditional_candy_gain_which_people_enjoy_to_eat_during_christmas_targ_15_D.wav,target,both_err,infinitive vs. participle,/k/ --> /g/; cane/gain,red and white,,,,,,
5,160c3f8234e4ce92ace3ff33d5d6f3d268f95c2410afe2d5ed815984b664aeed,"The question does NOT need any corrections, but I don't know the answer/ I don't understand what the question is asking.",what_city_have_people_rushed_to_tour_to_see_where_the_us_government_makes_business_targ_14_C.wav,target,non_phon_err,make vs. other verb,/ʃ/ --> /s/; rushed/rust,Washington D.C.,nun,first,,,,
5,160c3f8234e4ce92ace3ff33d5d6f3d268f95c2410afe2d5ed815984b664aeed,na,what_city_have_people_rushed_to_tour_to_see_where_the_us_government_makes_business_targ_14_C.wav,target,non_phon_err,make vs. other verb,/ʃ/ --> /s/; rushed/rust,Washington D.C.,,,,,,
5,160c3f8234e4ce92ace3ff33d5d6f3d268f95c2410afe2d5ed815984b664aeed,"The question needs to be CORRECTED (Select this if you spot an error, even if you don’t know the answer).",what_city_have_people_rushed_to_tour_to_see_where_the_us_government_makes_business_targ_14_C.wav,target,non_phon_err,make vs. other verb,/ʃ/ --> /s/; rushed/rust,Washington D.C.,y,secdiff,,,,
5,160c3f8234e4ce92ace3ff33d5d6f3d268f95c2410afe2d5ed815984b664aeed,The ending of the sentence could of been worded better,what_city_have_people_rushed_to_tour_to_see_where_the_us_government_makes_business_targ_14_C.wav,target,non_phon_err,make vs. other verb,/ʃ/ --> /s/; rushed/rust,Washington D.C.,,,,,,
5,160c3f8234e4ce92ace3ff33d5d6f3d268f95c2410afe2d5ed815984b664aeed,"The question needs to be CORRECTED (Select this if you spot an error, even if you don’t know the answer).",in_the_famous_dr_seuss_book_what_orange_and_yellow_character_speaks_for_the_trees_fill_23.wav,filler_other,NA,NA,NA,the Lorax,y,first,,,,
5,160c3f8234e4ce92ace3ff33d5d6f3d268f95c2410afe2d5ed815984b664aeed,sounded like soos instead of Dr Sues,in_the_famous_dr_seuss_book_what_orange_and_yellow_character_speaks_for_the_trees_fill_23.wav,filler_other,NA,NA,NA,the Lorax,,,,,,
5,160c3f8234e4ce92ace3ff33d5d6f3d268f95c2410afe2d5ed815984b664aeed,"The question needs to be CORRECTED (Select this if you spot an error, even if you don’t know the answer).",in_the_famous_dr_seuss_book_what_orange_and_yellow_character_speaks_for_the_trees_fill_23.wav,filler_other,NA,NA,NA,the Lorax,y,secsame,,,,
5,160c3f8234e4ce92ace3ff33d5d6f3d268f95c2410afe2d5ed815984b664aeed,Again sounded like soos instead of Dr Sues,in_the_famous_dr_seuss_book_what_orange_and_yellow_character_speaks_for_the_trees_fill_23.wav,filler_other,NA,NA,NA,the Lorax,,,,,,
5,160c3f8234e4ce92ace3ff33d5d6f3d268f95c2410afe2d5ed815984b664aeed,"The question needs to be CORRECTED (Select this if you spot an error, even if you don’t know the answer).",because_it_is_important_to_honor_the_irish_saint_what_holiday_occurs_on_march_17th_targ_08_A.wav,target,correct,expletive 'it' dropping,/ʃ/ --> /s/; Irish/iris,St. Patrick's Day,y,first,,,,
5,160c3f8234e4ce92ace3ff33d5d6f3d268f95c2410afe2d5ed815984b664aeed,Sounded like orner instead of honor,because_it_is_important_to_honor_the_irish_saint_what_holiday_occurs_on_march_17th_targ_08_A.wav,target,correct,expletive 'it' dropping,/ʃ/ --> /s/; Irish/iris,St. Patrick's Day,,,,,,
5,160c3f8234e4ce92ace3ff33d5d6f3d268f95c2410afe2d5ed815984b664aeed,"The question needs to be CORRECTED (Select this if you spot an error, even if you don’t know the answer).",because_it_is_important_to_honor_the_irish_saint_what_holiday_occurs_on_march_17th_targ_08_A.wav,target,correct,expletive 'it' dropping,/ʃ/ --> /s/; Irish/iris,St. Patrick's Day,y,secsame,,,,
5,160c3f8234e4ce92ace3ff33d5d6f3d268f95c2410afe2d5ed815984b664aeed,Sounded like ornered instead of honored,because_it_is_important_to_honor_the_irish_saint_what_holiday_occurs_on_march_17th_targ_08_A.wav,target,correct,expletive 'it' dropping,/ʃ/ --> /s/; Irish/iris,St. Patrick's Day,,,,,,
5,160c3f8234e4ce92ace3ff33d5d6f3d268f95c2410afe2d5ed815984b664aeed,"The question does NOT need any corrections, but I don't know the answer/ I don't understand what the question is asking.",what_popular_us_chain_provides_a_happy_meal_toy_or_plush_when_kids_are_hungry_targ_20_A.wav,target,correct,have vs. be,/ʃ/ --> /s/; plush/plus,McDonald's,nun,first,,,,
5,160c3f8234e4ce92ace3ff33d5d6f3d268f95c2410afe2d5ed815984b664aeed,na,what_popular_us_chain_provides_a_happy_meal_toy_or_plush_when_kids_are_hungry_targ_20_A.wav,target,correct,have vs. be,/ʃ/ --> /s/; plush/plus,McDonald's,,,,,,
5,160c3f8234e4ce92ace3ff33d5d6f3d268f95c2410afe2d5ed815984b664aeed,"The question needs to be CORRECTED (Select this if you spot an error, even if you don’t know the answer).",what_popular_us_chain_provides_a_happy_meal_toy_or_plush_when_kids_are_hungry_targ_20_A.wav,target,correct,have vs. be,/ʃ/ --> /s/; plush/plus,McDonald's,y,secdiff,,,,
5,160c3f8234e4ce92ace3ff33d5d6f3d268f95c2410afe2d5ed815984b664aeed,sounded like she said pupular instead of popular,what_popular_us_chain_provides_a_happy_meal_toy_or_plush_when_kids_are_hungry_targ_20_A.wav,target,correct,have vs. be,/ʃ/ --> /s/; plush/plus,McDonald's,,,,,,
5,160c3f8234e4ce92ace3ff33d5d6f3d268f95c2410afe2d5ed815984b664aeed,"The question does NOT need any corrections, but I don't know the answer/ I don't understand what the question is asking.",if_youre_on_a_path_from_california_to_hawaii_which_ocean_do_you_go_through_targ_12_A.wav,target,correct,no aux verbs in questions (lack of do support),/θ/ --> /t/; path/pat,Pacific Ocean,nun,first,,,,
5,160c3f8234e4ce92ace3ff33d5d6f3d268f95c2410afe2d5ed815984b664aeed,na,if_youre_on_a_path_from_california_to_hawaii_which_ocean_do_you_go_through_targ_12_A.wav,target,correct,no aux verbs in questions (lack of do support),/θ/ --> /t/; path/pat,Pacific Ocean,,,,,,
5,160c3f8234e4ce92ace3ff33d5d6f3d268f95c2410afe2d5ed815984b664aeed,"The question needs to be CORRECTED (Select this if you spot an error, even if you don’t know the answer).",if_youre_on_a_path_from_california_to_hawaii_which_ocean_do_you_go_through_targ_12_A.wav,target,correct,no aux verbs in questions (lack of do support),/θ/ --> /t/; path/pat,Pacific Ocean,y,secdiff,,,,
5,160c3f8234e4ce92ace3ff33d5d6f3d268f95c2410afe2d5ed815984b664aeed,sounded like paf when it should of sounded like path,if_youre_on_a_path_from_california_to_hawaii_which_ocean_do_you_go_through_targ_12_A.wav,target,correct,no aux verbs in questions (lack of do support),/θ/ --> /t/; path/pat,Pacific Ocean,,,,,,
5,160c3f8234e4ce92ace3ff33d5d6f3d268f95c2410afe2d5ed815984b664aeed,The question does NOT need any corrections.,which_cartoon_dog_solves_mysteries_with_the_group_fred_daphne_velma_and_shaggy_fill_10.wav,filler_other,NA,NA,NA,Scooby-Doo,nans,first,,,,
5,160c3f8234e4ce92ace3ff33d5d6f3d268f95c2410afe2d5ed815984b664aeed,Scooby Doo,which_cartoon_dog_solves_mysteries_with_the_group_fred_daphne_velma_and_shaggy_fill_10.wav,filler_other,NA,NA,NA,Scooby-Doo,,,,,,
5,160c3f8234e4ce92ace3ff33d5d6f3d268f95c2410afe2d5ed815984b664aeed,The question does NOT need any corrections.,which_cartoon_dog_solves_mysteries_with_the_group_fred_daphne_velma_and_shaggy_fill_10.wav,filler_other,NA,NA,NA,Scooby-Doo,nans,secsame,,,,
5,160c3f8234e4ce92ace3ff33d5d6f3d268f95c2410afe2d5ed815984b664aeed,Scooby Doo,which_cartoon_dog_solves_mysteries_with_the_group_fred_daphne_velma_and_shaggy_fill_10.wav,filler_other,NA,NA,NA,Scooby-Doo,,,,,,
5,160c3f8234e4ce92ace3ff33d5d6f3d268f95c2410afe2d5ed815984b664aeed,"The question needs to be CORRECTED (Select this if you spot an error, even if you don’t know the answer).",when_you_have_hot_what_device_measures_body_temperature_in_both_celsius_and_fahrenheit_targ_18_C.wav,target,non_phon_err,have vs. be,/θ/ --> /t/; both/boat,thermometer,y,first,,,,
5,160c3f8234e4ce92ace3ff33d5d6f3d268f95c2410afe2d5ed815984b664aeed,She pronounced Fahrenheit wrong,when_you_have_hot_what_device_measures_body_temperature_in_both_celsius_and_fahrenheit_targ_18_C.wav,target,non_phon_err,have vs. be,/θ/ --> /t/; both/boat,thermometer,,,,,,
5,160c3f8234e4ce92ace3ff33d5d6f3d268f95c2410afe2d5ed815984b664aeed,"The question needs to be CORRECTED (Select this if you spot an error, even if you don’t know the answer).",when_you_have_hot_what_device_measures_body_temperature_in_both_celsius_and_fahrenheit_targ_18_C.wav,target,non_phon_err,have vs. be,/θ/ --> /t/; both/boat,thermometer,y,secsame,,,,
5,160c3f8234e4ce92ace3ff33d5d6f3d268f95c2410afe2d5ed815984b664aeed,She said wat instead of what and also pronounced Fahrenheit wrong,when_you_have_hot_what_device_measures_body_temperature_in_both_celsius_and_fahrenheit_targ_18_C.wav,target,non_phon_err,have vs. be,/θ/ --> /t/; both/boat,thermometer,,,,,,
5,160c3f8234e4ce92ace3ff33d5d6f3d268f95c2410afe2d5ed815984b664aeed,"The question does NOT need any corrections, but I don't know the answer/ I don't understand what the question is asking.",what_kind_of_weather_cooed_cooled_occur_when_it_is_raining_and_below_freezing_targ_05_B.wav,target,phon_err,expletive 'it' dropping,/ʊ/ --> /u/; could/cooed,snow,nun,first,,,,
5,160c3f8234e4ce92ace3ff33d5d6f3d268f95c2410afe2d5ed815984b664aeed,na,what_kind_of_weather_cooed_cooled_occur_when_it_is_raining_and_below_freezing_targ_05_B.wav,target,phon_err,expletive 'it' dropping,/ʊ/ --> /u/; could/cooed,snow,,,,,,
5,160c3f8234e4ce92ace3ff33d5d6f3d268f95c2410afe2d5ed815984b664aeed,"The question needs to be CORRECTED (Select this if you spot an error, even if you don’t know the answer).",what_kind_of_weather_cooed_cooled_occur_when_it_is_raining_and_below_freezing_targ_05_B.wav,target,phon_err,expletive 'it' dropping,/ʊ/ --> /u/; could/cooed,snow,y,secdiff,,,,
5,160c3f8234e4ce92ace3ff33d5d6f3d268f95c2410afe2d5ed815984b664aeed,sounded like said accured,what_kind_of_weather_cooed_cooled_occur_when_it_is_raining_and_below_freezing_targ_05_B.wav,target,phon_err,expletive 'it' dropping,/ʊ/ --> /u/; could/cooed,snow,,,,,,
5,160c3f8234e4ce92ace3ff33d5d6f3d268f95c2410afe2d5ed815984b664aeed,"The question does NOT need any corrections, but I don't know the answer/ I don't understand what the question is asking.",who_discovered_the_law_of_universal_gravitation_which_accounts_for_why_objects_naturally_fall_downwards_fill_15.wav,filler_other,NA,NA,NA,Isaac Newton,nun,first,,,,
5,160c3f8234e4ce92ace3ff33d5d6f3d268f95c2410afe2d5ed815984b664aeed,na,who_discovered_the_law_of_universal_gravitation_which_accounts_for_why_objects_naturally_fall_downwards_fill_15.wav,filler_other,NA,NA,NA,Isaac Newton,,,,,,
5,160c3f8234e4ce92ace3ff33d5d6f3d268f95c2410afe2d5ed815984b664aeed,"The question needs to be CORRECTED (Select this if you spot an error, even if you don’t know the answer).",who_discovered_the_law_of_universal_gravitation_which_accounts_for_why_objects_naturally_fall_downwards_fill_15.wav,filler_other,NA,NA,NA,Isaac Newton,y,secdiff,,,,
5,160c3f8234e4ce92ace3ff33d5d6f3d268f95c2410afe2d5ed815984b664aeed,Didnt sound like she said level,who_discovered_the_law_of_universal_gravitation_which_accounts_for_why_objects_naturally_fall_downwards_fill_15.wav,filler_other,NA,NA,NA,Isaac Newton,,,,,,
5,160c3f8234e4ce92ace3ff33d5d6f3d268f95c2410afe2d5ed815984b664aeed,"The question needs to be CORRECTED (Select this if you spot an error, even if you don’t know the answer).",what_colors_can_have_on_a_traffic_light_which_often_senses_when_cars_pool_up_targ_11_D.wav,target,both_err,have vs. be,/ʊ/ --> /u/; pulls/pools,green,y,first,,,,
5,160c3f8234e4ce92ace3ff33d5d6f3d268f95c2410afe2d5ed815984b664aeed,She said occurs wrong,what_colors_can_have_on_a_traffic_light_which_often_senses_when_cars_pool_up_targ_11_D.wav,target,both_err,have vs. be,/ʊ/ --> /u/; pulls/pools,green,,,,,,
5,160c3f8234e4ce92ace3ff33d5d6f3d268f95c2410afe2d5ed815984b664aeed,"The question needs to be CORRECTED (Select this if you spot an error, even if you don’t know the answer).",what_colors_can_have_on_a_traffic_light_which_often_senses_when_cars_pool_up_targ_11_D.wav,target,both_err,have vs. be,/ʊ/ --> /u/; pulls/pools,green,y,secsame,,,,
5,160c3f8234e4ce92ace3ff33d5d6f3d268f95c2410afe2d5ed815984b664aeed,She said occurs wrong,what_colors_can_have_on_a_traffic_light_which_often_senses_when_cars_pool_up_targ_11_D.wav,target,both_err,have vs. be,/ʊ/ --> /u/; pulls/pools,green,,,,,,
5,160c3f8234e4ce92ace3ff33d5d6f3d268f95c2410afe2d5ed815984b664aeed,"The question does NOT need any corrections, but I don't know the answer/ I don't understand what the question is asking.",if_laundry_service_will_gum_in_five_days_and_todays_thursday_when_are_they_doing_laundry_next_targ_09_B.wav,target,phon_err,make vs. other verb,/k/ --> /g/; come/gum,Tuesday,nun,first,,,,
5,160c3f8234e4ce92ace3ff33d5d6f3d268f95c2410afe2d5ed815984b664aeed,na,if_laundry_service_will_gum_in_five_days_and_todays_thursday_when_are_they_doing_laundry_next_targ_09_B.wav,target,phon_err,make vs. other verb,/k/ --> /g/; come/gum,Tuesday,,,,,,
5,160c3f8234e4ce92ace3ff33d5d6f3d268f95c2410afe2d5ed815984b664aeed,I’m good — skip to the next question,if_laundry_service_will_gum_in_five_days_and_todays_thursday_when_are_they_doing_laundry_next_targ_09_B.wav,target,phon_err,make vs. other verb,/k/ --> /g/; come/gum,Tuesday,s,secsame,,,,
5,160c3f8234e4ce92ace3ff33d5d6f3d268f95c2410afe2d5ed815984b664aeed,NA,if_laundry_service_will_gum_in_five_days_and_todays_thursday_when_are_they_doing_laundry_next_targ_09_B.wav,target,phon_err,make vs. other verb,/k/ --> /g/; come/gum,Tuesday,,,,,,
5,160c3f8234e4ce92ace3ff33d5d6f3d268f95c2410afe2d5ed815984b664aeed,"The question needs to be CORRECTED (Select this if you spot an error, even if you don’t know the answer).",which_fast_food_chain_offers_foot-long_sandwiches_and_has_the_slogan_eat_fresh_fill_11.wav,filler_other,NA,NA,NA,Subway,y,first,,,,
5,160c3f8234e4ce92ace3ff33d5d6f3d268f95c2410afe2d5ed815984b664aeed,The last half of the sentence sounded like jiberish,which_fast_food_chain_offers_foot-long_sandwiches_and_has_the_slogan_eat_fresh_fill_11.wav,filler_other,NA,NA,NA,Subway,,,,,,
5,160c3f8234e4ce92ace3ff33d5d6f3d268f95c2410afe2d5ed815984b664aeed,"The question needs to be CORRECTED (Select this if you spot an error, even if you don’t know the answer).",which_fast_food_chain_offers_foot-long_sandwiches_and_has_the_slogan_eat_fresh_fill_11.wav,filler_other,NA,NA,NA,Subway,y,secsame,,,,
5,160c3f8234e4ce92ace3ff33d5d6f3d268f95c2410afe2d5ed815984b664aeed,Sounded like she worded foot long wrong and said logo weird. Oh the answer is Subway,which_fast_food_chain_offers_foot-long_sandwiches_and_has_the_slogan_eat_fresh_fill_11.wav,filler_other,NA,NA,NA,Subway,,,,,,
5,160c3f8234e4ce92ace3ff33d5d6f3d268f95c2410afe2d5ed815984b664aeed,"The question does NOT need any corrections, but I don't know the answer/ I don't understand what the question is asking.",which_tropical_fruit_that_grows_on_palm_trees_is_used_for_oils_and_milks_fill_18.wav,filler_other,NA,NA,NA,coconuts,nun,first,,,,
5,160c3f8234e4ce92ace3ff33d5d6f3d268f95c2410afe2d5ed815984b664aeed,na,which_tropical_fruit_that_grows_on_palm_trees_is_used_for_oils_and_milks_fill_18.wav,filler_other,NA,NA,NA,coconuts,,,,,,
5,160c3f8234e4ce92ace3ff33d5d6f3d268f95c2410afe2d5ed815984b664aeed,"The question does NOT need any corrections, but I don't know the answer/ I don't understand what the question is asking.",which_tropical_fruit_that_grows_on_palm_trees_is_used_for_oils_and_milks_fill_18.wav,filler_other,NA,NA,NA,coconuts,nun,secsame,,,,
5,160c3f8234e4ce92ace3ff33d5d6f3d268f95c2410afe2d5ed815984b664aeed,na,which_tropical_fruit_that_grows_on_palm_trees_is_used_for_oils_and_milks_fill_18.wav,filler_other,NA,NA,NA,coconuts,,,,,,
5,160c3f8234e4ce92ace3ff33d5d6f3d268f95c2410afe2d5ed815984b664aeed,"The question does NOT need any corrections, but I don't know the answer/ I don't understand what the question is asking.",which_cartoon_character_works_at_the_krusty_krab_and_is_best_friends_with_patrick_star_fill_04.wav,filler_other,NA,NA,NA,Spongebob,nun,first,,,,
5,160c3f8234e4ce92ace3ff33d5d6f3d268f95c2410afe2d5ed815984b664aeed,na,which_cartoon_character_works_at_the_krusty_krab_and_is_best_friends_with_patrick_star_fill_04.wav,filler_other,NA,NA,NA,Spongebob,,,,,,
5,160c3f8234e4ce92ace3ff33d5d6f3d268f95c2410afe2d5ed815984b664aeed,"The question needs to be CORRECTED (Select this if you spot an error, even if you don’t know the answer).",which_cartoon_character_works_at_the_krusty_krab_and_is_best_friends_with_patrick_star_fill_04.wav,filler_other,NA,NA,NA,Spongebob,y,secdiff,,,,
5,160c3f8234e4ce92ace3ff33d5d6f3d268f95c2410afe2d5ed815984b664aeed,She worded cartoon wrong,which_cartoon_character_works_at_the_krusty_krab_and_is_best_friends_with_patrick_star_fill_04.wav,filler_other,NA,NA,NA,Spongebob,,,,,,
5,160c3f8234e4ce92ace3ff33d5d6f3d268f95c2410afe2d5ed815984b664aeed,"The question needs to be CORRECTED (Select this if you spot an error, even if you don’t know the answer).",where_do_the_jolly_christmas_icons_santa_claus_and_his_wife_mrs._claus_live_fill_22.wav,filler_other,NA,NA,NA,the North Pole,y,first,,,,
5,160c3f8234e4ce92ace3ff33d5d6f3d268f95c2410afe2d5ed815984b664aeed,At the end of the sentence she said live wrong,where_do_the_jolly_christmas_icons_santa_claus_and_his_wife_mrs._claus_live_fill_22.wav,filler_other,NA,NA,NA,the North Pole,,,,,,
5,160c3f8234e4ce92ace3ff33d5d6f3d268f95c2410afe2d5ed815984b664aeed,"The question needs to be CORRECTED (Select this if you spot an error, even if you don’t know the answer).",where_do_the_jolly_christmas_icons_santa_claus_and_his_wife_mrs._claus_live_fill_22.wav,filler_other,NA,NA,NA,the North Pole,y,secsame,,,,
5,160c3f8234e4ce92ace3ff33d5d6f3d268f95c2410afe2d5ed815984b664aeed,At the end of the sentence she said lif instead of live,where_do_the_jolly_christmas_icons_santa_claus_and_his_wife_mrs._claus_live_fill_22.wav,filler_other,NA,NA,NA,the North Pole,,,,,,
5,160c3f8234e4ce92ace3ff33d5d6f3d268f95c2410afe2d5ed815984b664aeed,"The question does NOT need any corrections, but I don't know the answer/ I don't understand what the question is asking.",what_novel_has_the_quote_i’m_late_i’m_late_for_a_very_important_date_fill_13.wav,filler_other,NA,NA,NA,Alice in Wonderland,nun,first,,,,
5,160c3f8234e4ce92ace3ff33d5d6f3d268f95c2410afe2d5ed815984b664aeed,na,what_novel_has_the_quote_i’m_late_i’m_late_for_a_very_important_date_fill_13.wav,filler_other,NA,NA,NA,Alice in Wonderland,,,,,,
5,160c3f8234e4ce92ace3ff33d5d6f3d268f95c2410afe2d5ed815984b664aeed,"The question does NOT need any corrections, but I don't know the answer/ I don't understand what the question is asking.",what_novel_has_the_quote_i’m_late_i’m_late_for_a_very_important_date_fill_13.wav,filler_other,NA,NA,NA,Alice in Wonderland,nun,secsame,,,,
5,160c3f8234e4ce92ace3ff33d5d6f3d268f95c2410afe2d5ed815984b664aeed,na,what_novel_has_the_quote_i’m_late_i’m_late_for_a_very_important_date_fill_13.wav,filler_other,NA,NA,NA,Alice in Wonderland,,,,,,
5,160c3f8234e4ce92ace3ff33d5d6f3d268f95c2410afe2d5ed815984b664aeed,"The question needs to be CORRECTED (Select this if you spot an error, even if you don’t know the answer).",what_childrens_game_makes_people_seat_down_quickly_when_the_music_loud_stops_targ_07_D.wav,target,both_err,adj/noun order,/ɪ/ --> /i/; sit/seat,musical chairs,y,first,,,,
5,160c3f8234e4ce92ace3ff33d5d6f3d268f95c2410afe2d5ed815984b664aeed,She said seated wrong,what_childrens_game_makes_people_seat_down_quickly_when_the_music_loud_stops_targ_07_D.wav,target,both_err,adj/noun order,/ɪ/ --> /i/; sit/seat,musical chairs,,,,,,
5,160c3f8234e4ce92ace3ff33d5d6f3d268f95c2410afe2d5ed815984b664aeed,"The question needs to be CORRECTED (Select this if you spot an error, even if you don’t know the answer).",what_childrens_game_makes_people_seat_down_quickly_when_the_music_loud_stops_targ_07_D.wav,target,both_err,adj/noun order,/ɪ/ --> /i/; sit/seat,musical chairs,y,secsame,,,,
5,160c3f8234e4ce92ace3ff33d5d6f3d268f95c2410afe2d5ed815984b664aeed,She said seated wrong,what_childrens_game_makes_people_seat_down_quickly_when_the_music_loud_stops_targ_07_D.wav,target,both_err,adj/noun order,/ɪ/ --> /i/; sit/seat,musical chairs,,,,,,
5,160c3f8234e4ce92ace3ff33d5d6f3d268f95c2410afe2d5ed815984b664aeed,The question does NOT need any corrections.,what_mythical_creatures_have_been_said_to_drink_blood_turn_into_bats_and_hate_onions_fill_14.wav,filler_other,NA,NA,NA,vampires,nans,first,,,,
5,160c3f8234e4ce92ace3ff33d5d6f3d268f95c2410afe2d5ed815984b664aeed,Dracula,what_mythical_creatures_have_been_said_to_drink_blood_turn_into_bats_and_hate_onions_fill_14.wav,filler_other,NA,NA,NA,vampires,,,,,,
5,160c3f8234e4ce92ace3ff33d5d6f3d268f95c2410afe2d5ed815984b664aeed,The question does NOT need any corrections.,what_mythical_creatures_have_been_said_to_drink_blood_turn_into_bats_and_hate_onions_fill_14.wav,filler_other,NA,NA,NA,vampires,nans,secsame,,,,
5,160c3f8234e4ce92ace3ff33d5d6f3d268f95c2410afe2d5ed815984b664aeed,Dracula,what_mythical_creatures_have_been_said_to_drink_blood_turn_into_bats_and_hate_onions_fill_14.wav,filler_other,NA,NA,NA,vampires,,,,,,
5,160c3f8234e4ce92ace3ff33d5d6f3d268f95c2410afe2d5ed815984b664aeed,"The question does NOT need any corrections, but I don't know the answer/ I don't understand what the question is asking.",which_body_part_did_van_gogh_allegedly_cut_off_after_an_argument_with_his_friend_fill_05.wav,filler_other,NA,NA,NA,ear,nun,first,,,,
5,160c3f8234e4ce92ace3ff33d5d6f3d268f95c2410afe2d5ed815984b664aeed,na,which_body_part_did_van_gogh_allegedly_cut_off_after_an_argument_with_his_friend_fill_05.wav,filler_other,NA,NA,NA,ear,,,,,,
5,160c3f8234e4ce92ace3ff33d5d6f3d268f95c2410afe2d5ed815984b664aeed,"The question needs to be CORRECTED (Select this if you spot an error, even if you don’t know the answer).",which_body_part_did_van_gogh_allegedly_cut_off_after_an_argument_with_his_friend_fill_05.wav,filler_other,NA,NA,NA,ear,y,secdiff,,,,
5,160c3f8234e4ce92ace3ff33d5d6f3d268f95c2410afe2d5ed815984b664aeed,She said the guys name wrong,which_body_part_did_van_gogh_allegedly_cut_off_after_an_argument_with_his_friend_fill_05.wav,filler_other,NA,NA,NA,ear,,,,,,
5,160c3f8234e4ce92ace3ff33d5d6f3d268f95c2410afe2d5ed815984b664aeed,"The question does NOT need any corrections, but I don't know the answer/ I don't understand what the question is asking.",how_many_days_wooed_wooled_my_tandem_bike_be_gone_if_someone_borrows_it_for_july_targ_17_B.wav,target,phon_err,adj/noun order,/ʊ/ --> /u/; would/wooed,thirty-one days,nun,first,,,,
5,160c3f8234e4ce92ace3ff33d5d6f3d268f95c2410afe2d5ed815984b664aeed,na,how_many_days_wooed_wooled_my_tandem_bike_be_gone_if_someone_borrows_it_for_july_targ_17_B.wav,target,phon_err,adj/noun order,/ʊ/ --> /u/; would/wooed,thirty-one days,,,,,,
5,160c3f8234e4ce92ace3ff33d5d6f3d268f95c2410afe2d5ed815984b664aeed,"The question does NOT need any corrections, but I don't know the answer/ I don't understand what the question is asking.",how_many_days_wooed_wooled_my_tandem_bike_be_gone_if_someone_borrows_it_for_july_targ_17_B.wav,target,phon_err,adj/noun order,/ʊ/ --> /u/; would/wooed,thirty-one days,nun,secsame,,,,
5,160c3f8234e4ce92ace3ff33d5d6f3d268f95c2410afe2d5ed815984b664aeed,na,how_many_days_wooed_wooled_my_tandem_bike_be_gone_if_someone_borrows_it_for_july_targ_17_B.wav,target,phon_err,adj/noun order,/ʊ/ --> /u/; would/wooed,thirty-one days,,,,,,
5,160c3f8234e4ce92ace3ff33d5d6f3d268f95c2410afe2d5ed815984b664aeed,"The question does NOT need any corrections, but I don't know the answer/ I don't understand what the question is asking.",what_is_the_name_of_the_video_game_character_who_is_a_traveling_italian_plumber_fill_08.wav,filler_other,NA,NA,NA,Mario,nun,first,,,,
5,160c3f8234e4ce92ace3ff33d5d6f3d268f95c2410afe2d5ed815984b664aeed,na,what_is_the_name_of_the_video_game_character_who_is_a_traveling_italian_plumber_fill_08.wav,filler_other,NA,NA,NA,Mario,,,,,,
5,160c3f8234e4ce92ace3ff33d5d6f3d268f95c2410afe2d5ed815984b664aeed,"The question does NOT need any corrections, but I don't know the answer/ I don't understand what the question is asking.",what_is_the_name_of_the_video_game_character_who_is_a_traveling_italian_plumber_fill_08.wav,filler_other,NA,NA,NA,Mario,nun,secsame,,,,
5,160c3f8234e4ce92ace3ff33d5d6f3d268f95c2410afe2d5ed815984b664aeed,na,what_is_the_name_of_the_video_game_character_who_is_a_traveling_italian_plumber_fill_08.wav,filler_other,NA,NA,NA,Mario,,,,,,
5,160c3f8234e4ce92ace3ff33d5d6f3d268f95c2410afe2d5ed815984b664aeed,"The question needs to be CORRECTED (Select this if you spot an error, even if you don’t know the answer).",what_supplies_do_you_need_to_neat_a_scarf_targ_13_B.wav,target,phon_err,no aux verbs in questions (lack of do support),/ɪ/ --> /i/; knit/neat,needles and yarn,y,first,,,,
5,160c3f8234e4ce92ace3ff33d5d6f3d268f95c2410afe2d5ed815984b664aeed,Sounded like she said neat instead of knitting,what_supplies_do_you_need_to_neat_a_scarf_targ_13_B.wav,target,phon_err,no aux verbs in questions (lack of do support),/ɪ/ --> /i/; knit/neat,needles and yarn,,,,,,
5,160c3f8234e4ce92ace3ff33d5d6f3d268f95c2410afe2d5ed815984b664aeed,"The question needs to be CORRECTED (Select this if you spot an error, even if you don’t know the answer).",what_supplies_do_you_need_to_neat_a_scarf_targ_13_B.wav,target,phon_err,no aux verbs in questions (lack of do support),/ɪ/ --> /i/; knit/neat,needles and yarn,y,secsame,,,,
5,160c3f8234e4ce92ace3ff33d5d6f3d268f95c2410afe2d5ed815984b664aeed,Again sounded like she said neat instead of Knit,what_supplies_do_you_need_to_neat_a_scarf_targ_13_B.wav,target,phon_err,no aux verbs in questions (lack of do support),/ɪ/ --> /i/; knit/neat,needles and yarn,,,,,,
5,160c3f8234e4ce92ace3ff33d5d6f3d268f95c2410afe2d5ed815984b664aeed,"The question needs to be CORRECTED (Select this if you spot an error, even if you don’t know the answer).",what_kind_of_animal_is_mickey_mouse’s_girlfriend_minnie_who_wears_a_bow_fill_09.wav,filler_other,NA,NA,NA,mouse,y,first,,,,
5,160c3f8234e4ce92ace3ff33d5d6f3d268f95c2410afe2d5ed815984b664aeed,She said girlfriend wrong,what_kind_of_animal_is_mickey_mouse’s_girlfriend_minnie_who_wears_a_bow_fill_09.wav,filler_other,NA,NA,NA,mouse,,,,,,
5,160c3f8234e4ce92ace3ff33d5d6f3d268f95c2410afe2d5ed815984b664aeed,"The question needs to be CORRECTED (Select this if you spot an error, even if you don’t know the answer).",what_kind_of_animal_is_mickey_mouse’s_girlfriend_minnie_who_wears_a_bow_fill_09.wav,filler_other,NA,NA,NA,mouse,y,secsame,,,,
5,160c3f8234e4ce92ace3ff33d5d6f3d268f95c2410afe2d5ed815984b664aeed,again she said girlfriend wrong,what_kind_of_animal_is_mickey_mouse’s_girlfriend_minnie_who_wears_a_bow_fill_09.wav,filler_other,NA,NA,NA,mouse,,,,,,
5,160c3f8234e4ce92ace3ff33d5d6f3d268f95c2410afe2d5ed815984b664aeed,"The question does NOT need any corrections, but I don't know the answer/ I don't understand what the question is asking.",what_letter_in_the_latin_alphabet_corresponds_to_the_greek_letter_alpha_fill_01.wav,filler_other,NA,NA,NA,a,nun,first,,,,
5,160c3f8234e4ce92ace3ff33d5d6f3d268f95c2410afe2d5ed815984b664aeed,na,what_letter_in_the_latin_alphabet_corresponds_to_the_greek_letter_alpha_fill_01.wav,filler_other,NA,NA,NA,a,,,,,,
5,160c3f8234e4ce92ace3ff33d5d6f3d268f95c2410afe2d5ed815984b664aeed,"The question does NOT need any corrections, but I don't know the answer/ I don't understand what the question is asking.",what_letter_in_the_latin_alphabet_corresponds_to_the_greek_letter_alpha_fill_01.wav,filler_other,NA,NA,NA,a,nun,secsame,,,,
5,160c3f8234e4ce92ace3ff33d5d6f3d268f95c2410afe2d5ed815984b664aeed,na,what_letter_in_the_latin_alphabet_corresponds_to_the_greek_letter_alpha_fill_01.wav,filler_other,NA,NA,NA,a,,,,,,
5,160c3f8234e4ce92ace3ff33d5d6f3d268f95c2410afe2d5ed815984b664aeed,"The question does NOT need any corrections, but I don't know the answer/ I don't understand what the question is asking.",if_i_consider_leaving_work_after_the_fourth_hour_how_many_minutes_would_that_be_targ_24_A.wav,target,correct,infinitive vs. participle,/θ/ --> /t/; fourth/fort,two hundred and forty,nun,first,,,,
5,160c3f8234e4ce92ace3ff33d5d6f3d268f95c2410afe2d5ed815984b664aeed,na,if_i_consider_leaving_work_after_the_fourth_hour_how_many_minutes_would_that_be_targ_24_A.wav,target,correct,infinitive vs. participle,/θ/ --> /t/; fourth/fort,two hundred and forty,,,,,,
5,160c3f8234e4ce92ace3ff33d5d6f3d268f95c2410afe2d5ed815984b664aeed,The question does NOT need any corrections.,if_i_consider_leaving_work_after_the_fourth_hour_how_many_minutes_would_that_be_targ_24_A.wav,target,correct,infinitive vs. participle,/θ/ --> /t/; fourth/fort,two hundred and forty,nans,secdiff,,,,
5,160c3f8234e4ce92ace3ff33d5d6f3d268f95c2410afe2d5ed815984b664aeed,240 minutes,if_i_consider_leaving_work_after_the_fourth_hour_how_many_minutes_would_that_be_targ_24_A.wav,target,correct,infinitive vs. participle,/θ/ --> /t/; fourth/fort,two hundred and forty,,,,,,
5,160c3f8234e4ce92ace3ff33d5d6f3d268f95c2410afe2d5ed815984b664aeed,"The question does NOT need any corrections, but I don't know the answer/ I don't understand what the question is asking.",what_is_the_name_of_the_comic_strip_featuring_charlie_brown_and_his_dog_snoopy_fill_06.wav,filler_other,NA,NA,NA,Peanuts,nun,first,,,,
5,160c3f8234e4ce92ace3ff33d5d6f3d268f95c2410afe2d5ed815984b664aeed,na,what_is_the_name_of_the_comic_strip_featuring_charlie_brown_and_his_dog_snoopy_fill_06.wav,filler_other,NA,NA,NA,Peanuts,,,,,,
5,160c3f8234e4ce92ace3ff33d5d6f3d268f95c2410afe2d5ed815984b664aeed,"The question does NOT need any corrections, but I don't know the answer/ I don't understand what the question is asking.",what_is_the_name_of_the_comic_strip_featuring_charlie_brown_and_his_dog_snoopy_fill_06.wav,filler_other,NA,NA,NA,Peanuts,nun,secsame,,,,
5,160c3f8234e4ce92ace3ff33d5d6f3d268f95c2410afe2d5ed815984b664aeed,na,what_is_the_name_of_the_comic_strip_featuring_charlie_brown_and_his_dog_snoopy_fill_06.wav,filler_other,NA,NA,NA,Peanuts,,,,,,
5,160c3f8234e4ce92ace3ff33d5d6f3d268f95c2410afe2d5ed815984b664aeed,"The question needs to be CORRECTED (Select this if you spot an error, even if you don’t know the answer).",what_big_star_in_our_solar_system_can_steal_be_visible_when_is_cloudy_targ_19_D.wav,target,both_err,expletive 'it' dropping,/ɪ/ --> /i/; still/steal,the Sun,y,first,,,,
5,160c3f8234e4ce92ace3ff33d5d6f3d268f95c2410afe2d5ed815984b664aeed,She worded visible wrong,what_big_star_in_our_solar_system_can_steal_be_visible_when_is_cloudy_targ_19_D.wav,target,both_err,expletive 'it' dropping,/ɪ/ --> /i/; still/steal,the Sun,,,,,,
5,160c3f8234e4ce92ace3ff33d5d6f3d268f95c2410afe2d5ed815984b664aeed,"The question needs to be CORRECTED (Select this if you spot an error, even if you don’t know the answer).",what_big_star_in_our_solar_system_can_steal_be_visible_when_is_cloudy_targ_19_D.wav,target,both_err,expletive 'it' dropping,/ɪ/ --> /i/; still/steal,the Sun,y,secsame,,,,
5,160c3f8234e4ce92ace3ff33d5d6f3d268f95c2410afe2d5ed815984b664aeed,She worded visible wrong,what_big_star_in_our_solar_system_can_steal_be_visible_when_is_cloudy_targ_19_D.wav,target,both_err,expletive 'it' dropping,/ɪ/ --> /i/; still/steal,the Sun,,,,,,
5,160c3f8234e4ce92ace3ff33d5d6f3d268f95c2410afe2d5ed815984b664aeed,"The question does NOT need any corrections, but I don't know the answer/ I don't understand what the question is asking.",for_what_pink_ice_cream_flavor_wheel_companies_do_their_best_to_use_real_fruit_targ_01_B.wav,target,phon_err,make vs. other verb,/ɪ/ --> /i/; will/wheel,strawberry,nun,first,,,,
5,160c3f8234e4ce92ace3ff33d5d6f3d268f95c2410afe2d5ed815984b664aeed,na,for_what_pink_ice_cream_flavor_wheel_companies_do_their_best_to_use_real_fruit_targ_01_B.wav,target,phon_err,make vs. other verb,/ɪ/ --> /i/; will/wheel,strawberry,,,,,,
5,160c3f8234e4ce92ace3ff33d5d6f3d268f95c2410afe2d5ed815984b664aeed,I’m good — skip to the next question,for_what_pink_ice_cream_flavor_wheel_companies_do_their_best_to_use_real_fruit_targ_01_B.wav,target,phon_err,make vs. other verb,/ɪ/ --> /i/; will/wheel,strawberry,s,secsame,,,,
5,160c3f8234e4ce92ace3ff33d5d6f3d268f95c2410afe2d5ed815984b664aeed,NA,for_what_pink_ice_cream_flavor_wheel_companies_do_their_best_to_use_real_fruit_targ_01_B.wav,target,phon_err,make vs. other verb,/ɪ/ --> /i/; will/wheel,strawberry,,,,,,
5,160c3f8234e4ce92ace3ff33d5d6f3d268f95c2410afe2d5ed815984b664aeed,The question does NOT need any corrections.,which_season_do_we_associate_with_thanksgiving_the_beginning_of_school_and_leaves_turning_brown_fill_19.wav,filler_other,NA,NA,NA,Fall,nans,first,,,,
5,160c3f8234e4ce92ace3ff33d5d6f3d268f95c2410afe2d5ed815984b664aeed,fall,which_season_do_we_associate_with_thanksgiving_the_beginning_of_school_and_leaves_turning_brown_fill_19.wav,filler_other,NA,NA,NA,Fall,,,,,,
5,160c3f8234e4ce92ace3ff33d5d6f3d268f95c2410afe2d5ed815984b664aeed,The question does NOT need any corrections.,which_season_do_we_associate_with_thanksgiving_the_beginning_of_school_and_leaves_turning_brown_fill_19.wav,filler_other,NA,NA,NA,Fall,nans,secsame,,,,
5,160c3f8234e4ce92ace3ff33d5d6f3d268f95c2410afe2d5ed815984b664aeed,fall,which_season_do_we_associate_with_thanksgiving_the_beginning_of_school_and_leaves_turning_brown_fill_19.wav,filler_other,NA,NA,NA,Fall,,,,,,
5,160c3f8234e4ce92ace3ff33d5d6f3d268f95c2410afe2d5ed815984b664aeed,"The question does NOT need any corrections, but I don't know the answer/ I don't understand what the question is asking.",how_many_legs_does_a_garden_spider_canadian_whose_silk_can_make_cloth_have_targ_06_C.wav,target,non_phon_err,adj/noun order,/θ/ --> /t/; cloth/clot,eight,nun,first,,,,
5,160c3f8234e4ce92ace3ff33d5d6f3d268f95c2410afe2d5ed815984b664aeed,na,how_many_legs_does_a_garden_spider_canadian_whose_silk_can_make_cloth_have_targ_06_C.wav,target,non_phon_err,adj/noun order,/θ/ --> /t/; cloth/clot,eight,,,,,,
5,160c3f8234e4ce92ace3ff33d5d6f3d268f95c2410afe2d5ed815984b664aeed,I’m good — skip to the next question,how_many_legs_does_a_garden_spider_canadian_whose_silk_can_make_cloth_have_targ_06_C.wav,target,non_phon_err,adj/noun order,/θ/ --> /t/; cloth/clot,eight,s,secsame,,,,
5,160c3f8234e4ce92ace3ff33d5d6f3d268f95c2410afe2d5ed815984b664aeed,NA,how_many_legs_does_a_garden_spider_canadian_whose_silk_can_make_cloth_have_targ_06_C.wav,target,non_phon_err,adj/noun order,/θ/ --> /t/; cloth/clot,eight,,,,,,
6,189cf01c0e29fdfcac6a14f04394e397e95354358ee4aaf6c9be967b72f4cebc,The question does NOT need any corrections.,what_day_of_the_week_comes_after_monday_fill_27.wav,att_check_good,NA,NA,NA,Tuesday,nans,first,,a,attention check passed (8/8 correct),JB_1204
6,189cf01c0e29fdfcac6a14f04394e397e95354358ee4aaf6c9be967b72f4cebc,Tuesday,what_day_of_the_week_comes_after_monday_fill_27.wav,att_check_good,NA,NA,NA,Tuesday,,,,,,
6,189cf01c0e29fdfcac6a14f04394e397e95354358ee4aaf6c9be967b72f4cebc,I’m good — skip to the next question,what_day_of_the_week_comes_after_monday_fill_27.wav,att_check_good,NA,NA,NA,Tuesday,s,secsame,,,,JB_1204
6,189cf01c0e29fdfcac6a14f04394e397e95354358ee4aaf6c9be967b72f4cebc,NA,what_day_of_the_week_comes_after_monday_fill_27.wav,att_check_good,NA,NA,NA,Tuesday,,,,,,
6,189cf01c0e29fdfcac6a14f04394e397e95354358ee4aaf6c9be967b72f4cebc,"The question needs to be CORRECTED (Select this if you spot an error, even if you don’t know the answer).",how_many_embers_were_in_the_beatles_the_british_rock_band_fill_32.wav,att_check_err,NA,NA,NA,four (members),y,first,acheckp,,,JB_1204
6,189cf01c0e29fdfcac6a14f04394e397e95354358ee4aaf6c9be967b72f4cebc,"""Embers"" should be ""members"". Answer is 4",how_many_embers_were_in_the_beatles_the_british_rock_band_fill_32.wav,att_check_err,NA,NA,NA,four (members),,,,,,
6,189cf01c0e29fdfcac6a14f04394e397e95354358ee4aaf6c9be967b72f4cebc,I’m good — skip to the next question,how_many_embers_were_in_the_beatles_the_british_rock_band_fill_32.wav,att_check_err,NA,NA,NA,four (members),s,secsame,,,,JB_1204
6,189cf01c0e29fdfcac6a14f04394e397e95354358ee4aaf6c9be967b72f4cebc,NA,how_many_embers_were_in_the_beatles_the_british_rock_band_fill_32.wav,att_check_err,NA,NA,NA,four (members),,,,,,
6,189cf01c0e29fdfcac6a14f04394e397e95354358ee4aaf6c9be967b72f4cebc,The question does NOT need any corrections.,what_state_is_los_angeles_located_in_fill_26.wav,att_check_good,NA,NA,NA,California,nans,first,,a,,JB_1204
6,189cf01c0e29fdfcac6a14f04394e397e95354358ee4aaf6c9be967b72f4cebc,California,what_state_is_los_angeles_located_in_fill_26.wav,att_check_good,NA,NA,NA,California,,,,,,
6,189cf01c0e29fdfcac6a14f04394e397e95354358ee4aaf6c9be967b72f4cebc,I’m good — skip to the next question,what_state_is_los_angeles_located_in_fill_26.wav,att_check_good,NA,NA,NA,California,s,secsame,,,,JB_1204
6,189cf01c0e29fdfcac6a14f04394e397e95354358ee4aaf6c9be967b72f4cebc,NA,what_state_is_los_angeles_located_in_fill_26.wav,att_check_good,NA,NA,NA,California,,,,,,
6,189cf01c0e29fdfcac6a14f04394e397e95354358ee4aaf6c9be967b72f4cebc,The question does NOT need any corrections.,what_color_is_a_typical_school_bus_fill_28.wav,att_check_good,NA,NA,NA,yellow,nans,first,,a,,JB_1204
6,189cf01c0e29fdfcac6a14f04394e397e95354358ee4aaf6c9be967b72f4cebc,Yellow,what_color_is_a_typical_school_bus_fill_28.wav,att_check_good,NA,NA,NA,yellow,,,,,,
6,189cf01c0e29fdfcac6a14f04394e397e95354358ee4aaf6c9be967b72f4cebc,I’m good — skip to the next question,what_color_is_a_typical_school_bus_fill_28.wav,att_check_good,NA,NA,NA,yellow,s,secsame,,,,JB_1204
6,189cf01c0e29fdfcac6a14f04394e397e95354358ee4aaf6c9be967b72f4cebc,NA,what_color_is_a_typical_school_bus_fill_28.wav,att_check_good,NA,NA,NA,yellow,,,,,,
6,189cf01c0e29fdfcac6a14f04394e397e95354358ee4aaf6c9be967b72f4cebc,The question does NOT need any corrections.,how_many_legs_does_a_dog_normally_have_fill_25.wav,att_check_good,NA,NA,NA,four,nans,first,,a,,JB_1204
6,189cf01c0e29fdfcac6a14f04394e397e95354358ee4aaf6c9be967b72f4cebc,4,how_many_legs_does_a_dog_normally_have_fill_25.wav,att_check_good,NA,NA,NA,four,,,,,,
6,189cf01c0e29fdfcac6a14f04394e397e95354358ee4aaf6c9be967b72f4cebc,I’m good — skip to the next question,how_many_legs_does_a_dog_normally_have_fill_25.wav,att_check_good,NA,NA,NA,four,s,secsame,,,,JB_1204
6,189cf01c0e29fdfcac6a14f04394e397e95354358ee4aaf6c9be967b72f4cebc,NA,how_many_legs_does_a_dog_normally_have_fill_25.wav,att_check_good,NA,NA,NA,four,,,,,,
6,189cf01c0e29fdfcac6a14f04394e397e95354358ee4aaf6c9be967b72f4cebc,"The question needs to be CORRECTED (Select this if you spot an error, even if you don’t know the answer).",what_is_the_largest_plant_in_the_solar_system_fill_31.wav,att_check_err,NA,NA,NA,Jupiter (planet),y,first,acheckp,,,JB_1204
6,189cf01c0e29fdfcac6a14f04394e397e95354358ee4aaf6c9be967b72f4cebc,"""Plant"" should be ""planet"". Answer is Jupiter",what_is_the_largest_plant_in_the_solar_system_fill_31.wav,att_check_err,NA,NA,NA,Jupiter (planet),,,,,,
6,189cf01c0e29fdfcac6a14f04394e397e95354358ee4aaf6c9be967b72f4cebc,I’m good — skip to the next question,what_is_the_largest_plant_in_the_solar_system_fill_31.wav,att_check_err,NA,NA,NA,Jupiter (planet),s,secsame,,,,JB_1204
6,189cf01c0e29fdfcac6a14f04394e397e95354358ee4aaf6c9be967b72f4cebc,NA,what_is_the_largest_plant_in_the_solar_system_fill_31.wav,att_check_err,NA,NA,NA,Jupiter (planet),,,,,,
6,189cf01c0e29fdfcac6a14f04394e397e95354358ee4aaf6c9be967b72f4cebc,"The question needs to be CORRECTED (Select this if you spot an error, even if you don’t know the answer).",what_insect_undergoes_a_process_of_change_to_turn_into_a_butterfy_fill_30.wav,att_check_err,NA,NA,NA,caterpillar (butterfly),y,first,acheckp,,,JB_1204
6,189cf01c0e29fdfcac6a14f04394e397e95354358ee4aaf6c9be967b72f4cebc,"""Butterfly"" sounded like ""butterfy"". Answer is caterpillar",what_insect_undergoes_a_process_of_change_to_turn_into_a_butterfy_fill_30.wav,att_check_err,NA,NA,NA,caterpillar (butterfly),,,,,,
6,189cf01c0e29fdfcac6a14f04394e397e95354358ee4aaf6c9be967b72f4cebc,I’m good — skip to the next question,what_insect_undergoes_a_process_of_change_to_turn_into_a_butterfy_fill_30.wav,att_check_err,NA,NA,NA,caterpillar (butterfly),s,secsame,,,,JB_1204
6,189cf01c0e29fdfcac6a14f04394e397e95354358ee4aaf6c9be967b72f4cebc,NA,what_insect_undergoes_a_process_of_change_to_turn_into_a_butterfy_fill_30.wav,att_check_err,NA,NA,NA,caterpillar (butterfly),,,,,,
6,189cf01c0e29fdfcac6a14f04394e397e95354358ee4aaf6c9be967b72f4cebc,"The question needs to be CORRECTED (Select this if you spot an error, even if you don’t know the answer).",in_the_cycle_of_seasons_what_season_comes_after_dinter_fill_29.wav,att_check_err,NA,NA,NA,"Spring (Winter, sound sub that's not related)",y,first,acheckp,,,JB_1204
6,189cf01c0e29fdfcac6a14f04394e397e95354358ee4aaf6c9be967b72f4cebc,"""Dinter"" should be ""winter"". Answer is spring",in_the_cycle_of_seasons_what_season_comes_after_dinter_fill_29.wav,att_check_err,NA,NA,NA,"Spring (Winter, sound sub that's not related)",,,,,,
6,189cf01c0e29fdfcac6a14f04394e397e95354358ee4aaf6c9be967b72f4cebc,I’m good — skip to the next question,in_the_cycle_of_seasons_what_season_comes_after_dinter_fill_29.wav,att_check_err,NA,NA,NA,"Spring (Winter, sound sub that's not related)",s,secsame,,,,JB_1204
6,189cf01c0e29fdfcac6a14f04394e397e95354358ee4aaf6c9be967b72f4cebc,NA,in_the_cycle_of_seasons_what_season_comes_after_dinter_fill_29.wav,att_check_err,NA,NA,NA,"Spring (Winter, sound sub that's not related)",,,,,,
6,189cf01c0e29fdfcac6a14f04394e397e95354358ee4aaf6c9be967b72f4cebc,The question does NOT need any corrections.,who_discovered_the_law_of_universal_gravitation_which_accounts_for_why_objects_naturally_fall_downwards_fill_15.wav,filler_other,NA,NA,NA,Isaac Newton,nans,first,,a,,JB_1205
6,189cf01c0e29fdfcac6a14f04394e397e95354358ee4aaf6c9be967b72f4cebc,Newton,who_discovered_the_law_of_universal_gravitation_which_accounts_for_why_objects_naturally_fall_downwards_fill_15.wav,filler_other,NA,NA,NA,Isaac Newton,,,,,,
6,189cf01c0e29fdfcac6a14f04394e397e95354358ee4aaf6c9be967b72f4cebc,I’m good — skip to the next question,who_discovered_the_law_of_universal_gravitation_which_accounts_for_why_objects_naturally_fall_downwards_fill_15.wav,filler_other,NA,NA,NA,Isaac Newton,s,secsame,,,,JB_1205
6,189cf01c0e29fdfcac6a14f04394e397e95354358ee4aaf6c9be967b72f4cebc,NA,who_discovered_the_law_of_universal_gravitation_which_accounts_for_why_objects_naturally_fall_downwards_fill_15.wav,filler_other,NA,NA,NA,Isaac Newton,,,,,,
6,189cf01c0e29fdfcac6a14f04394e397e95354358ee4aaf6c9be967b72f4cebc,"The question needs to be CORRECTED (Select this if you spot an error, even if you don’t know the answer).",for_what_pink_ice_cream_flavor_will_companies_do_their_best_to_use_real_fruit_targ_01_A.wav,target,correct,make vs. other verb,/ɪ/ --> /i/; will/wheel,strawberry,y,first,othernp,,says 'which' should be used instead of 'what',JB_1205
6,189cf01c0e29fdfcac6a14f04394e397e95354358ee4aaf6c9be967b72f4cebc,"It should be ""which"" instead of ""what. Answer is strawberry",for_what_pink_ice_cream_flavor_will_companies_do_their_best_to_use_real_fruit_targ_01_A.wav,target,correct,make vs. other verb,/ɪ/ --> /i/; will/wheel,strawberry,,,,,,
6,189cf01c0e29fdfcac6a14f04394e397e95354358ee4aaf6c9be967b72f4cebc,I’m good — skip to the next question,for_what_pink_ice_cream_flavor_will_companies_do_their_best_to_use_real_fruit_targ_01_A.wav,target,correct,make vs. other verb,/ɪ/ --> /i/; will/wheel,strawberry,s,secsame,,,,JB_1205
6,189cf01c0e29fdfcac6a14f04394e397e95354358ee4aaf6c9be967b72f4cebc,NA,for_what_pink_ice_cream_flavor_will_companies_do_their_best_to_use_real_fruit_targ_01_A.wav,target,correct,make vs. other verb,/ɪ/ --> /i/; will/wheel,strawberry,,,,,,
6,189cf01c0e29fdfcac6a14f04394e397e95354358ee4aaf6c9be967b72f4cebc,The question does NOT need any corrections.,how_many_days_would_my_tandem_bike_be_gone_if_someone_borrows_it_for_july_targ_17_A.wav,target,correct,adj/noun order,/ʊ/ --> /u/; would/wooed,thirty-one days,nans,first,,a,,JB_1205
6,189cf01c0e29fdfcac6a14f04394e397e95354358ee4aaf6c9be967b72f4cebc,31 days,how_many_days_would_my_tandem_bike_be_gone_if_someone_borrows_it_for_july_targ_17_A.wav,target,correct,adj/noun order,/ʊ/ --> /u/; would/wooed,thirty-one days,,,,,,
6,189cf01c0e29fdfcac6a14f04394e397e95354358ee4aaf6c9be967b72f4cebc,I’m good — skip to the next question,how_many_days_would_my_tandem_bike_be_gone_if_someone_borrows_it_for_july_targ_17_A.wav,target,correct,adj/noun order,/ʊ/ --> /u/; would/wooed,thirty-one days,s,secsame,,,,JB_1205
6,189cf01c0e29fdfcac6a14f04394e397e95354358ee4aaf6c9be967b72f4cebc,NA,how_many_days_would_my_tandem_bike_be_gone_if_someone_borrows_it_for_july_targ_17_A.wav,target,correct,adj/noun order,/ʊ/ --> /u/; would/wooed,thirty-one days,,,,,,
6,189cf01c0e29fdfcac6a14f04394e397e95354358ee4aaf6c9be967b72f4cebc,The question does NOT need any corrections.,what_novel_has_the_quote_i’m_late_i’m_late_for_a_very_important_date_fill_13.wav,filler_other,NA,NA,NA,Alice in Wonderland,nans,first,,a,,JB_1205
6,189cf01c0e29fdfcac6a14f04394e397e95354358ee4aaf6c9be967b72f4cebc,Alice in Wonderland,what_novel_has_the_quote_i’m_late_i’m_late_for_a_very_important_date_fill_13.wav,filler_other,NA,NA,NA,Alice in Wonderland,,,,,,
6,189cf01c0e29fdfcac6a14f04394e397e95354358ee4aaf6c9be967b72f4cebc,I’m good — skip to the next question,what_novel_has_the_quote_i’m_late_i’m_late_for_a_very_important_date_fill_13.wav,filler_other,NA,NA,NA,Alice in Wonderland,s,secsame,,,,JB_1205
6,189cf01c0e29fdfcac6a14f04394e397e95354358ee4aaf6c9be967b72f4cebc,NA,what_novel_has_the_quote_i’m_late_i’m_late_for_a_very_important_date_fill_13.wav,filler_other,NA,NA,NA,Alice in Wonderland,,,,,,
6,189cf01c0e29fdfcac6a14f04394e397e95354358ee4aaf6c9be967b72f4cebc,The question does NOT need any corrections.,what_letter_in_the_latin_alphabet_corresponds_to_the_greek_letter_alpha_fill_01.wav,filler_other,NA,NA,NA,a,nans,first,,,nans' response but does not know answer,JB_1205
6,189cf01c0e29fdfcac6a14f04394e397e95354358ee4aaf6c9be967b72f4cebc,I don't know,what_letter_in_the_latin_alphabet_corresponds_to_the_greek_letter_alpha_fill_01.wav,filler_other,NA,NA,NA,a,,,,,,
6,189cf01c0e29fdfcac6a14f04394e397e95354358ee4aaf6c9be967b72f4cebc,"The question does NOT need any corrections, but I don't know the answer/ I don't understand what the question is asking.",what_letter_in_the_latin_alphabet_corresponds_to_the_greek_letter_alpha_fill_01.wav,filler_other,NA,NA,NA,a,nun,secdiff,,,,JB_1205
6,189cf01c0e29fdfcac6a14f04394e397e95354358ee4aaf6c9be967b72f4cebc,NA,what_letter_in_the_latin_alphabet_corresponds_to_the_greek_letter_alpha_fill_01.wav,filler_other,NA,NA,NA,a,,,,,,
6,189cf01c0e29fdfcac6a14f04394e397e95354358ee4aaf6c9be967b72f4cebc,"The question needs to be CORRECTED (Select this if you spot an error, even if you don’t know the answer).",which_scottish_actor_first_played_james_bond_wearing_kilts_to_red_carpets_when_he_had_32_years_old_targ_03_C.wav,target,non_phon_err,have vs. be,/k/ --> /g/; kilt/guilt,Sean Connery,y,first,np,,,JB_1205
6,189cf01c0e29fdfcac6a14f04394e397e95354358ee4aaf6c9be967b72f4cebc,"""had 32 years old"" should be ""was 32 years old"". I do not know the answer",which_scottish_actor_first_played_james_bond_wearing_kilts_to_red_carpets_when_he_had_32_years_old_targ_03_C.wav,target,non_phon_err,have vs. be,/k/ --> /g/; kilt/guilt,Sean Connery,,,,,,
6,189cf01c0e29fdfcac6a14f04394e397e95354358ee4aaf6c9be967b72f4cebc,I’m good — skip to the next question,which_scottish_actor_first_played_james_bond_wearing_kilts_to_red_carpets_when_he_had_32_years_old_targ_03_C.wav,target,non_phon_err,have vs. be,/k/ --> /g/; kilt/guilt,Sean Connery,s,secsame,,,,JB_1205
6,189cf01c0e29fdfcac6a14f04394e397e95354358ee4aaf6c9be967b72f4cebc,NA,which_scottish_actor_first_played_james_bond_wearing_kilts_to_red_carpets_when_he_had_32_years_old_targ_03_C.wav,target,non_phon_err,have vs. be,/k/ --> /g/; kilt/guilt,Sean Connery,,,,,,
6,189cf01c0e29fdfcac6a14f04394e397e95354358ee4aaf6c9be967b72f4cebc,The question does NOT need any corrections.,which_soft_pastry_made_with_a_certain_spice_is_often_spiral-shaped_and_topped_with_icing_fill_16.wav,filler_other,NA,NA,NA,cinnamon roll,nans,first,,a,,JB_1205
6,189cf01c0e29fdfcac6a14f04394e397e95354358ee4aaf6c9be967b72f4cebc,Cinnamon bun,which_soft_pastry_made_with_a_certain_spice_is_often_spiral-shaped_and_topped_with_icing_fill_16.wav,filler_other,NA,NA,NA,cinnamon roll,,,,,,
6,189cf01c0e29fdfcac6a14f04394e397e95354358ee4aaf6c9be967b72f4cebc,I’m good — skip to the next question,which_soft_pastry_made_with_a_certain_spice_is_often_spiral-shaped_and_topped_with_icing_fill_16.wav,filler_other,NA,NA,NA,cinnamon roll,s,secsame,,,,JB_1205
6,189cf01c0e29fdfcac6a14f04394e397e95354358ee4aaf6c9be967b72f4cebc,NA,which_soft_pastry_made_with_a_certain_spice_is_often_spiral-shaped_and_topped_with_icing_fill_16.wav,filler_other,NA,NA,NA,cinnamon roll,,,,,,
6,189cf01c0e29fdfcac6a14f04394e397e95354358ee4aaf6c9be967b72f4cebc,"The question does NOT need any corrections, but I don't know the answer/ I don't understand what the question is asking.",if_i_consider_to_leave_work_after_the_fort_hour_how_many_minutes_would_that_be_targ_24_D.wav,target,both_err,infinitive vs. participle,/θ/ --> /t/; fourth/fort,two hundred and forty,nun,first,,,,JB_1205
6,189cf01c0e29fdfcac6a14f04394e397e95354358ee4aaf6c9be967b72f4cebc,NA,if_i_consider_to_leave_work_after_the_fort_hour_how_many_minutes_would_that_be_targ_24_D.wav,target,both_err,infinitive vs. participle,/θ/ --> /t/; fourth/fort,two hundred and forty,,,,,,
6,189cf01c0e29fdfcac6a14f04394e397e95354358ee4aaf6c9be967b72f4cebc,"The question needs to be CORRECTED (Select this if you spot an error, even if you don’t know the answer).",if_i_consider_to_leave_work_after_the_fort_hour_how_many_minutes_would_that_be_targ_24_D.wav,target,both_err,infinitive vs. participle,/θ/ --> /t/; fourth/fort,two hundred and forty,y,secdiff,np?,,not specific but seems to be noticing the non-phon error,JB_1205
6,189cf01c0e29fdfcac6a14f04394e397e95354358ee4aaf6c9be967b72f4cebc,The beginning of the question is confusing; I can't remember the details but the use of consider is weird. Answer is 240 minutes,if_i_consider_to_leave_work_after_the_fort_hour_how_many_minutes_would_that_be_targ_24_D.wav,target,both_err,infinitive vs. participle,/θ/ --> /t/; fourth/fort,two hundred and forty,,,,,,
6,189cf01c0e29fdfcac6a14f04394e397e95354358ee4aaf6c9be967b72f4cebc,"The question needs to be CORRECTED (Select this if you spot an error, even if you don’t know the answer).",in_the_lion_king_who_does_nala_talk_to_and_is_laying_in_a_cot_after_theyve_reunited_targ_21_A.wav,target,correct,no aux verbs in questions (lack of do support),/k/ --> /g/; cot/got,Simba,y,first,other,,generally could not understand middle part of question,JB_1205
6,189cf01c0e29fdfcac6a14f04394e397e95354358ee4aaf6c9be967b72f4cebc,Answer is Simba. Could not understand the middle of the question at all,in_the_lion_king_who_does_nala_talk_to_and_is_laying_in_a_cot_after_theyve_reunited_targ_21_A.wav,target,correct,no aux verbs in questions (lack of do support),/k/ --> /g/; cot/got,Simba,,,,,,
6,189cf01c0e29fdfcac6a14f04394e397e95354358ee4aaf6c9be967b72f4cebc,I’m good — skip to the next question,in_the_lion_king_who_does_nala_talk_to_and_is_laying_in_a_cot_after_theyve_reunited_targ_21_A.wav,target,correct,no aux verbs in questions (lack of do support),/k/ --> /g/; cot/got,Simba,s,secsame,,,,JB_1205
6,189cf01c0e29fdfcac6a14f04394e397e95354358ee4aaf6c9be967b72f4cebc,NA,in_the_lion_king_who_does_nala_talk_to_and_is_laying_in_a_cot_after_theyve_reunited_targ_21_A.wav,target,correct,no aux verbs in questions (lack of do support),/k/ --> /g/; cot/got,Simba,,,,,,
6,189cf01c0e29fdfcac6a14f04394e397e95354358ee4aaf6c9be967b72f4cebc,"The question needs to be CORRECTED (Select this if you spot an error, even if you don’t know the answer).",what_popular_us_chain_provides_a_happy_meal_toy_or_plus_when_kids_have_hungry_targ_20_D.wav,target,both_err,have vs. be,/ʃ/ --> /s/; plush/plus,McDonald's,y,first,both,,,JB_1205
6,189cf01c0e29fdfcac6a14f04394e397e95354358ee4aaf6c9be967b72f4cebc,"""Plus"" should be ""plush"". ""Have hungry"" should be ""are hungry"". Answer is McDonald's",what_popular_us_chain_provides_a_happy_meal_toy_or_plus_when_kids_have_hungry_targ_20_D.wav,target,both_err,have vs. be,/ʃ/ --> /s/; plush/plus,McDonald's,,,,,,
6,189cf01c0e29fdfcac6a14f04394e397e95354358ee4aaf6c9be967b72f4cebc,I’m good — skip to the next question,what_popular_us_chain_provides_a_happy_meal_toy_or_plus_when_kids_have_hungry_targ_20_D.wav,target,both_err,have vs. be,/ʃ/ --> /s/; plush/plus,McDonald's,s,secsame,,,,JB_1205
6,189cf01c0e29fdfcac6a14f04394e397e95354358ee4aaf6c9be967b72f4cebc,NA,what_popular_us_chain_provides_a_happy_meal_toy_or_plus_when_kids_have_hungry_targ_20_D.wav,target,both_err,have vs. be,/ʃ/ --> /s/; plush/plus,McDonald's,,,,,,
6,189cf01c0e29fdfcac6a14f04394e397e95354358ee4aaf6c9be967b72f4cebc,The question does NOT need any corrections.,which_cartoon_character_works_at_the_krusty_krab_and_is_best_friends_with_patrick_star_fill_04.wav,filler_other,NA,NA,NA,Spongebob,nans,first,,a,,JB_1205
6,189cf01c0e29fdfcac6a14f04394e397e95354358ee4aaf6c9be967b72f4cebc,Spongebob Squarepants,which_cartoon_character_works_at_the_krusty_krab_and_is_best_friends_with_patrick_star_fill_04.wav,filler_other,NA,NA,NA,Spongebob,,,,,,
6,189cf01c0e29fdfcac6a14f04394e397e95354358ee4aaf6c9be967b72f4cebc,I’m good — skip to the next question,which_cartoon_character_works_at_the_krusty_krab_and_is_best_friends_with_patrick_star_fill_04.wav,filler_other,NA,NA,NA,Spongebob,s,secsame,,,,JB_1205
6,189cf01c0e29fdfcac6a14f04394e397e95354358ee4aaf6c9be967b72f4cebc,NA,which_cartoon_character_works_at_the_krusty_krab_and_is_best_friends_with_patrick_star_fill_04.wav,filler_other,NA,NA,NA,Spongebob,,,,,,
6,189cf01c0e29fdfcac6a14f04394e397e95354358ee4aaf6c9be967b72f4cebc,The question does NOT need any corrections.,which_body_part_did_van_gogh_allegedly_cut_off_after_an_argument_with_his_friend_fill_05.wav,filler_other,NA,NA,NA,ear,nans,first,,a,,JB_1205
6,189cf01c0e29fdfcac6a14f04394e397e95354358ee4aaf6c9be967b72f4cebc,Ear,which_body_part_did_van_gogh_allegedly_cut_off_after_an_argument_with_his_friend_fill_05.wav,filler_other,NA,NA,NA,ear,,,,,,
6,189cf01c0e29fdfcac6a14f04394e397e95354358ee4aaf6c9be967b72f4cebc,I’m good — skip to the next question,which_body_part_did_van_gogh_allegedly_cut_off_after_an_argument_with_his_friend_fill_05.wav,filler_other,NA,NA,NA,ear,s,secsame,,,,JB_1205
6,189cf01c0e29fdfcac6a14f04394e397e95354358ee4aaf6c9be967b72f4cebc,NA,which_body_part_did_van_gogh_allegedly_cut_off_after_an_argument_with_his_friend_fill_05.wav,filler_other,NA,NA,NA,ear,,,,,,
6,189cf01c0e29fdfcac6a14f04394e397e95354358ee4aaf6c9be967b72f4cebc,The question does NOT need any corrections.,what_is_the_name_of_the_video_game_character_who_is_a_traveling_italian_plumber_fill_08.wav,filler_other,NA,NA,NA,Mario,nans,first,,a,,JB_1205
6,189cf01c0e29fdfcac6a14f04394e397e95354358ee4aaf6c9be967b72f4cebc,Mario,what_is_the_name_of_the_video_game_character_who_is_a_traveling_italian_plumber_fill_08.wav,filler_other,NA,NA,NA,Mario,,,,,,
6,189cf01c0e29fdfcac6a14f04394e397e95354358ee4aaf6c9be967b72f4cebc,I’m good — skip to the next question,what_is_the_name_of_the_video_game_character_who_is_a_traveling_italian_plumber_fill_08.wav,filler_other,NA,NA,NA,Mario,s,secsame,,,,JB_1205
6,189cf01c0e29fdfcac6a14f04394e397e95354358ee4aaf6c9be967b72f4cebc,NA,what_is_the_name_of_the_video_game_character_who_is_a_traveling_italian_plumber_fill_08.wav,filler_other,NA,NA,NA,Mario,,,,,,
6,189cf01c0e29fdfcac6a14f04394e397e95354358ee4aaf6c9be967b72f4cebc,The question does NOT need any corrections.,in_the_famous_dr_seuss_book_what_orange_and_yellow_character_speaks_for_the_trees_fill_23.wav,filler_other,NA,NA,NA,the Lorax,nans,first,,a,,JB_1205
6,189cf01c0e29fdfcac6a14f04394e397e95354358ee4aaf6c9be967b72f4cebc,The Lorax,in_the_famous_dr_seuss_book_what_orange_and_yellow_character_speaks_for_the_trees_fill_23.wav,filler_other,NA,NA,NA,the Lorax,,,,,,
6,189cf01c0e29fdfcac6a14f04394e397e95354358ee4aaf6c9be967b72f4cebc,I’m good — skip to the next question,in_the_famous_dr_seuss_book_what_orange_and_yellow_character_speaks_for_the_trees_fill_23.wav,filler_other,NA,NA,NA,the Lorax,s,secsame,,,,JB_1205
6,189cf01c0e29fdfcac6a14f04394e397e95354358ee4aaf6c9be967b72f4cebc,NA,in_the_famous_dr_seuss_book_what_orange_and_yellow_character_speaks_for_the_trees_fill_23.wav,filler_other,NA,NA,NA,the Lorax,,,,,,
6,189cf01c0e29fdfcac6a14f04394e397e95354358ee4aaf6c9be967b72f4cebc,"The question does NOT need any corrections, but I don't know the answer/ I don't understand what the question is asking.",which_season_do_we_associate_with_thanksgiving_the_beginning_of_school_and_leaves_turning_brown_fill_19.wav,filler_other,NA,NA,NA,Fall,nun,first,,,,JB_1205
6,189cf01c0e29fdfcac6a14f04394e397e95354358ee4aaf6c9be967b72f4cebc,NA,which_season_do_we_associate_with_thanksgiving_the_beginning_of_school_and_leaves_turning_brown_fill_19.wav,filler_other,NA,NA,NA,Fall,,,,,,
6,189cf01c0e29fdfcac6a14f04394e397e95354358ee4aaf6c9be967b72f4cebc,The question does NOT need any corrections.,which_season_do_we_associate_with_thanksgiving_the_beginning_of_school_and_leaves_turning_brown_fill_19.wav,filler_other,NA,NA,NA,Fall,nans,secdiff,,a,,JB_1205
6,189cf01c0e29fdfcac6a14f04394e397e95354358ee4aaf6c9be967b72f4cebc,Fall,which_season_do_we_associate_with_thanksgiving_the_beginning_of_school_and_leaves_turning_brown_fill_19.wav,filler_other,NA,NA,NA,Fall,,,,,,
6,189cf01c0e29fdfcac6a14f04394e397e95354358ee4aaf6c9be967b72f4cebc,The question does NOT need any corrections.,which_cartoon_dog_solves_mysteries_with_the_group_fred_daphne_velma_and_shaggy_fill_10.wav,filler_other,NA,NA,NA,Scooby-Doo,nans,first,,a,,JB_1205
6,189cf01c0e29fdfcac6a14f04394e397e95354358ee4aaf6c9be967b72f4cebc,Scooby-Doo,which_cartoon_dog_solves_mysteries_with_the_group_fred_daphne_velma_and_shaggy_fill_10.wav,filler_other,NA,NA,NA,Scooby-Doo,,,,,,
6,189cf01c0e29fdfcac6a14f04394e397e95354358ee4aaf6c9be967b72f4cebc,I’m good — skip to the next question,which_cartoon_dog_solves_mysteries_with_the_group_fred_daphne_velma_and_shaggy_fill_10.wav,filler_other,NA,NA,NA,Scooby-Doo,s,secsame,,,,JB_1205
6,189cf01c0e29fdfcac6a14f04394e397e95354358ee4aaf6c9be967b72f4cebc,NA,which_cartoon_dog_solves_mysteries_with_the_group_fred_daphne_velma_and_shaggy_fill_10.wav,filler_other,NA,NA,NA,Scooby-Doo,,,,,,
6,189cf01c0e29fdfcac6a14f04394e397e95354358ee4aaf6c9be967b72f4cebc,The question does NOT need any corrections.,which_oscar-winning_movie_features_tom_hanks_saying_life_is_like_a_box_of_chocolates_fill_12.wav,filler_other,NA,NA,NA,Forrest Gump,nans,first,,a,,JB_1205
6,189cf01c0e29fdfcac6a14f04394e397e95354358ee4aaf6c9be967b72f4cebc,Forrest Gump,which_oscar-winning_movie_features_tom_hanks_saying_life_is_like_a_box_of_chocolates_fill_12.wav,filler_other,NA,NA,NA,Forrest Gump,,,,,,
6,189cf01c0e29fdfcac6a14f04394e397e95354358ee4aaf6c9be967b72f4cebc,I’m good — skip to the next question,which_oscar-winning_movie_features_tom_hanks_saying_life_is_like_a_box_of_chocolates_fill_12.wav,filler_other,NA,NA,NA,Forrest Gump,s,secsame,,,,JB_1205
6,189cf01c0e29fdfcac6a14f04394e397e95354358ee4aaf6c9be967b72f4cebc,NA,which_oscar-winning_movie_features_tom_hanks_saying_life_is_like_a_box_of_chocolates_fill_12.wav,filler_other,NA,NA,NA,Forrest Gump,,,,,,
6,189cf01c0e29fdfcac6a14f04394e397e95354358ee4aaf6c9be967b72f4cebc,"The question needs to be CORRECTED (Select this if you spot an error, even if you don’t know the answer).",what_supplies_do_you_need_to_knit_a_scarf_targ_13_A.wav,target,correct,no aux verbs in questions (lack of do support),/ɪ/ --> /i/; knit/neat,needles and yarn,y,first,p,,notices phon error for correct stimulus version,JB_1205
6,189cf01c0e29fdfcac6a14f04394e397e95354358ee4aaf6c9be967b72f4cebc,"""knit"" sounds like ""need"". Yarn, knitting needles",what_supplies_do_you_need_to_knit_a_scarf_targ_13_A.wav,target,correct,no aux verbs in questions (lack of do support),/ɪ/ --> /i/; knit/neat,needles and yarn,,,,,,
6,189cf01c0e29fdfcac6a14f04394e397e95354358ee4aaf6c9be967b72f4cebc,I’m good — skip to the next question,what_supplies_do_you_need_to_knit_a_scarf_targ_13_A.wav,target,correct,no aux verbs in questions (lack of do support),/ɪ/ --> /i/; knit/neat,needles and yarn,s,secsame,,,,JB_1205
6,189cf01c0e29fdfcac6a14f04394e397e95354358ee4aaf6c9be967b72f4cebc,NA,what_supplies_do_you_need_to_knit_a_scarf_targ_13_A.wav,target,correct,no aux verbs in questions (lack of do support),/ɪ/ --> /i/; knit/neat,needles and yarn,,,,,,
6,189cf01c0e29fdfcac6a14f04394e397e95354358ee4aaf6c9be967b72f4cebc,"The question needs to be CORRECTED (Select this if you spot an error, even if you don’t know the answer).",what_company_created_the_macbook_a_device_full_of_features_to_help_students_make_homework_targ_23_C.wav,target,non_phon_err,make vs. other verb,/ʊ/ --> /u/; full/fool,Apple,y,first,np,,,JB_1205
6,189cf01c0e29fdfcac6a14f04394e397e95354358ee4aaf6c9be967b72f4cebc,"""Make homework"" should be ""do homework"". Answer is Apple",what_company_created_the_macbook_a_device_full_of_features_to_help_students_make_homework_targ_23_C.wav,target,non_phon_err,make vs. other verb,/ʊ/ --> /u/; full/fool,Apple,,,,,,
6,189cf01c0e29fdfcac6a14f04394e397e95354358ee4aaf6c9be967b72f4cebc,I’m good — skip to the next question,what_company_created_the_macbook_a_device_full_of_features_to_help_students_make_homework_targ_23_C.wav,target,non_phon_err,make vs. other verb,/ʊ/ --> /u/; full/fool,Apple,s,secsame,,,,JB_1205
6,189cf01c0e29fdfcac6a14f04394e397e95354358ee4aaf6c9be967b72f4cebc,NA,what_company_created_the_macbook_a_device_full_of_features_to_help_students_make_homework_targ_23_C.wav,target,non_phon_err,make vs. other verb,/ʊ/ --> /u/; full/fool,Apple,,,,,,
6,189cf01c0e29fdfcac6a14f04394e397e95354358ee4aaf6c9be967b72f4cebc,The question does NOT need any corrections.,where_do_people_get_drivers_licenses_since_is_required_as_ballad_id_to_drive_targ_16_D.wav,target,both_err,expletive 'it' dropping,/v/ --> /b/; valid/ballad,DMV,nans,first,,a,,JB_1205
6,189cf01c0e29fdfcac6a14f04394e397e95354358ee4aaf6c9be967b72f4cebc,DMV,where_do_people_get_drivers_licenses_since_is_required_as_ballad_id_to_drive_targ_16_D.wav,target,both_err,expletive 'it' dropping,/v/ --> /b/; valid/ballad,DMV,,,,,,
6,189cf01c0e29fdfcac6a14f04394e397e95354358ee4aaf6c9be967b72f4cebc,I’m good — skip to the next question,where_do_people_get_drivers_licenses_since_is_required_as_ballad_id_to_drive_targ_16_D.wav,target,both_err,expletive 'it' dropping,/v/ --> /b/; valid/ballad,DMV,s,secsame,,,,JB_1205
6,189cf01c0e29fdfcac6a14f04394e397e95354358ee4aaf6c9be967b72f4cebc,NA,where_do_people_get_drivers_licenses_since_is_required_as_ballad_id_to_drive_targ_16_D.wav,target,both_err,expletive 'it' dropping,/v/ --> /b/; valid/ballad,DMV,,,,,,
6,189cf01c0e29fdfcac6a14f04394e397e95354358ee4aaf6c9be967b72f4cebc,The question does NOT need any corrections.,what_kind_of_weather_could_occur_when_it_is_raining_and_below_freezing_targ_05_A.wav,target,correct,expletive 'it' dropping,/ʊ/ --> /u/; could/cooed,snow,nans,first,,a,,JB_1205
6,189cf01c0e29fdfcac6a14f04394e397e95354358ee4aaf6c9be967b72f4cebc,Snow,what_kind_of_weather_could_occur_when_it_is_raining_and_below_freezing_targ_05_A.wav,target,correct,expletive 'it' dropping,/ʊ/ --> /u/; could/cooed,snow,,,,,,
6,189cf01c0e29fdfcac6a14f04394e397e95354358ee4aaf6c9be967b72f4cebc,"The question needs to be CORRECTED (Select this if you spot an error, even if you don’t know the answer).",what_kind_of_weather_could_occur_when_it_is_raining_and_below_freezing_targ_05_A.wav,target,correct,expletive 'it' dropping,/ʊ/ --> /u/; could/cooed,snow,y,secdiff,otherp,,says 'occur' is pronounced incorrectly,JB_1205
6,189cf01c0e29fdfcac6a14f04394e397e95354358ee4aaf6c9be967b72f4cebc,"""Occur"" sounds like ""ocure""",what_kind_of_weather_could_occur_when_it_is_raining_and_below_freezing_targ_05_A.wav,target,correct,expletive 'it' dropping,/ʊ/ --> /u/; could/cooed,snow,,,,,,
6,189cf01c0e29fdfcac6a14f04394e397e95354358ee4aaf6c9be967b72f4cebc,The question does NOT need any corrections.,what_animal_is_typically_white_with_black_spots_and_says_moo_fill_21.wav,filler_other,NA,NA,NA,a cow,nans,first,,a,,JB_1205
6,189cf01c0e29fdfcac6a14f04394e397e95354358ee4aaf6c9be967b72f4cebc,Cow,what_animal_is_typically_white_with_black_spots_and_says_moo_fill_21.wav,filler_other,NA,NA,NA,a cow,,,,,,
6,189cf01c0e29fdfcac6a14f04394e397e95354358ee4aaf6c9be967b72f4cebc,I’m good — skip to the next question,what_animal_is_typically_white_with_black_spots_and_says_moo_fill_21.wav,filler_other,NA,NA,NA,a cow,s,secsame,,,,JB_1205
6,189cf01c0e29fdfcac6a14f04394e397e95354358ee4aaf6c9be967b72f4cebc,NA,what_animal_is_typically_white_with_black_spots_and_says_moo_fill_21.wav,filler_other,NA,NA,NA,a cow,,,,,,
6,189cf01c0e29fdfcac6a14f04394e397e95354358ee4aaf6c9be967b72f4cebc,The question does NOT need any corrections.,what_kind_of_animal_is_mickey_mouse’s_girlfriend_minnie_who_wears_a_bow_fill_09.wav,filler_other,NA,NA,NA,mouse,nans,first,,a,,JB_1205
6,189cf01c0e29fdfcac6a14f04394e397e95354358ee4aaf6c9be967b72f4cebc,Mouse,what_kind_of_animal_is_mickey_mouse’s_girlfriend_minnie_who_wears_a_bow_fill_09.wav,filler_other,NA,NA,NA,mouse,,,,,,
6,189cf01c0e29fdfcac6a14f04394e397e95354358ee4aaf6c9be967b72f4cebc,I’m good — skip to the next question,what_kind_of_animal_is_mickey_mouse’s_girlfriend_minnie_who_wears_a_bow_fill_09.wav,filler_other,NA,NA,NA,mouse,s,secsame,,,,JB_1205
6,189cf01c0e29fdfcac6a14f04394e397e95354358ee4aaf6c9be967b72f4cebc,NA,what_kind_of_animal_is_mickey_mouse’s_girlfriend_minnie_who_wears_a_bow_fill_09.wav,filler_other,NA,NA,NA,mouse,,,,,,
6,189cf01c0e29fdfcac6a14f04394e397e95354358ee4aaf6c9be967b72f4cebc,The question does NOT need any corrections.,what_colors_make_up_a_traditional_candy_cane_which_people_enjoy_to_eat_during_christmas_targ_15_C.wav,target,non_phon_err,infinitive vs. participle,/k/ --> /g/; cane/gain,red and white,nans,first,,a,,JB_1205
6,189cf01c0e29fdfcac6a14f04394e397e95354358ee4aaf6c9be967b72f4cebc,Red and white,what_colors_make_up_a_traditional_candy_cane_which_people_enjoy_to_eat_during_christmas_targ_15_C.wav,target,non_phon_err,infinitive vs. participle,/k/ --> /g/; cane/gain,red and white,,,,,,
6,189cf01c0e29fdfcac6a14f04394e397e95354358ee4aaf6c9be967b72f4cebc,"The question needs to be CORRECTED (Select this if you spot an error, even if you don’t know the answer).",what_colors_make_up_a_traditional_candy_cane_which_people_enjoy_to_eat_during_christmas_targ_15_C.wav,target,non_phon_err,infinitive vs. participle,/k/ --> /g/; cane/gain,red and white,y,secdiff,np,,,JB_1205
6,189cf01c0e29fdfcac6a14f04394e397e95354358ee4aaf6c9be967b72f4cebc,"""To eat"" should be ""eating"". Answer is red and white",what_colors_make_up_a_traditional_candy_cane_which_people_enjoy_to_eat_during_christmas_targ_15_C.wav,target,non_phon_err,infinitive vs. participle,/k/ --> /g/; cane/gain,red and white,,,,,,
6,189cf01c0e29fdfcac6a14f04394e397e95354358ee4aaf6c9be967b72f4cebc,The question does NOT need any corrections.,which_tropical_fruit_that_grows_on_palm_trees_is_used_for_oils_and_milks_fill_18.wav,filler_other,NA,NA,NA,coconuts,nans,first,,a,,JB_1205
6,189cf01c0e29fdfcac6a14f04394e397e95354358ee4aaf6c9be967b72f4cebc,Coconut,which_tropical_fruit_that_grows_on_palm_trees_is_used_for_oils_and_milks_fill_18.wav,filler_other,NA,NA,NA,coconuts,,,,,,
6,189cf01c0e29fdfcac6a14f04394e397e95354358ee4aaf6c9be967b72f4cebc,I’m good — skip to the next question,which_tropical_fruit_that_grows_on_palm_trees_is_used_for_oils_and_milks_fill_18.wav,filler_other,NA,NA,NA,coconuts,s,secsame,,,,JB_1205
6,189cf01c0e29fdfcac6a14f04394e397e95354358ee4aaf6c9be967b72f4cebc,NA,which_tropical_fruit_that_grows_on_palm_trees_is_used_for_oils_and_milks_fill_18.wav,filler_other,NA,NA,NA,coconuts,,,,,,
6,189cf01c0e29fdfcac6a14f04394e397e95354358ee4aaf6c9be967b72f4cebc,"The question needs to be CORRECTED (Select this if you spot an error, even if you don’t know the answer).",because_is_important_to_honor_the_iris_saint_what_holiday_occurs_on_march_17th_targ_08_D.wav,target,both_err,expletive 'it' dropping,/ʃ/ --> /s/; Irish/iris,St. Patrick's Day,y,first,p,,,JB_1205
6,189cf01c0e29fdfcac6a14f04394e397e95354358ee4aaf6c9be967b72f4cebc,"""Irish"" sounded like ""iris"". Answer is St. Patrick's Day",because_is_important_to_honor_the_iris_saint_what_holiday_occurs_on_march_17th_targ_08_D.wav,target,both_err,expletive 'it' dropping,/ʃ/ --> /s/; Irish/iris,St. Patrick's Day,,,,,,
6,189cf01c0e29fdfcac6a14f04394e397e95354358ee4aaf6c9be967b72f4cebc,I’m good — skip to the next question,because_is_important_to_honor_the_iris_saint_what_holiday_occurs_on_march_17th_targ_08_D.wav,target,both_err,expletive 'it' dropping,/ʃ/ --> /s/; Irish/iris,St. Patrick's Day,s,secsame,,,,JB_1205
6,189cf01c0e29fdfcac6a14f04394e397e95354358ee4aaf6c9be967b72f4cebc,NA,because_is_important_to_honor_the_iris_saint_what_holiday_occurs_on_march_17th_targ_08_D.wav,target,both_err,expletive 'it' dropping,/ʃ/ --> /s/; Irish/iris,St. Patrick's Day,,,,,,
6,189cf01c0e29fdfcac6a14f04394e397e95354358ee4aaf6c9be967b72f4cebc,The question does NOT need any corrections.,if_a_hardworking_janitor_cleaned_a_vent_in_five_minutes_how_many_seconds_is_that_targ_22_B.wav,target,phon_err,adj/noun order,/v/ --> /b/; vent/bent,eight,nans,first,,a,,JB_1205
6,189cf01c0e29fdfcac6a14f04394e397e95354358ee4aaf6c9be967b72f4cebc,300 seconds,if_a_hardworking_janitor_cleaned_a_vent_in_five_minutes_how_many_seconds_is_that_targ_22_B.wav,target,phon_err,adj/noun order,/v/ --> /b/; vent/bent,eight,,,,,,
6,189cf01c0e29fdfcac6a14f04394e397e95354358ee4aaf6c9be967b72f4cebc,"The question needs to be CORRECTED (Select this if you spot an error, even if you don’t know the answer).",if_a_hardworking_janitor_cleaned_a_vent_in_five_minutes_how_many_seconds_is_that_targ_22_B.wav,target,phon_err,adj/noun order,/v/ --> /b/; vent/bent,eight,y,secdiff,otherp,,refers to pronunciation of 'hardworking',JB_1205
6,189cf01c0e29fdfcac6a14f04394e397e95354358ee4aaf6c9be967b72f4cebc,"""hard-working"" sounded like ""har working"". Answer is 300 seconds",if_a_hardworking_janitor_cleaned_a_vent_in_five_minutes_how_many_seconds_is_that_targ_22_B.wav,target,phon_err,adj/noun order,/v/ --> /b/; vent/bent,eight,,,,,,
6,189cf01c0e29fdfcac6a14f04394e397e95354358ee4aaf6c9be967b72f4cebc,"The question needs to be CORRECTED (Select this if you spot an error, even if you don’t know the answer).",what_city_have_people_rust_to_tour_to_see_where_the_us_government_does_business_targ_14_B.wav,target,phon_err,make vs. other verb,/ʃ/ --> /s/; rushed/rust,Washington D.C.,y,first,othernp,,says 'have' should be 'do' which may signal noticing of phon error,JB_1205
6,189cf01c0e29fdfcac6a14f04394e397e95354358ee4aaf6c9be967b72f4cebc,"""Have"" should be ""do"". Answer is Washington D.C.",what_city_have_people_rust_to_tour_to_see_where_the_us_government_does_business_targ_14_B.wav,target,phon_err,make vs. other verb,/ʃ/ --> /s/; rushed/rust,Washington D.C.,,,,,,
6,189cf01c0e29fdfcac6a14f04394e397e95354358ee4aaf6c9be967b72f4cebc,I’m good — skip to the next question,what_city_have_people_rust_to_tour_to_see_where_the_us_government_does_business_targ_14_B.wav,target,phon_err,make vs. other verb,/ʃ/ --> /s/; rushed/rust,Washington D.C.,s,secsame,,,,JB_1205
6,189cf01c0e29fdfcac6a14f04394e397e95354358ee4aaf6c9be967b72f4cebc,NA,what_city_have_people_rust_to_tour_to_see_where_the_us_government_does_business_targ_14_B.wav,target,phon_err,make vs. other verb,/ʃ/ --> /s/; rushed/rust,Washington D.C.,,,,,,
6,189cf01c0e29fdfcac6a14f04394e397e95354358ee4aaf6c9be967b72f4cebc,The question does NOT need any corrections.,where_do_the_jolly_christmas_icons_santa_claus_and_his_wife_mrs._claus_live_fill_22.wav,filler_other,NA,NA,NA,the North Pole,nans,first,,a,,JB_1205
6,189cf01c0e29fdfcac6a14f04394e397e95354358ee4aaf6c9be967b72f4cebc,The North Pole,where_do_the_jolly_christmas_icons_santa_claus_and_his_wife_mrs._claus_live_fill_22.wav,filler_other,NA,NA,NA,the North Pole,,,,,,
6,189cf01c0e29fdfcac6a14f04394e397e95354358ee4aaf6c9be967b72f4cebc,I’m good — skip to the next question,where_do_the_jolly_christmas_icons_santa_claus_and_his_wife_mrs._claus_live_fill_22.wav,filler_other,NA,NA,NA,the North Pole,s,secsame,,,,JB_1205
6,189cf01c0e29fdfcac6a14f04394e397e95354358ee4aaf6c9be967b72f4cebc,NA,where_do_the_jolly_christmas_icons_santa_claus_and_his_wife_mrs._claus_live_fill_22.wav,filler_other,NA,NA,NA,the North Pole,,,,,,
6,189cf01c0e29fdfcac6a14f04394e397e95354358ee4aaf6c9be967b72f4cebc,The question does NOT need any corrections.,who_did_americans_boat_for_to_be_their_first_president_who_avoided_serving_three_terms_targ_10_B.wav,target,phon_err,infinitive vs. participle,/v/ --> /b/; vote/boat,George Washington,nans,first,,a,,JB_1205
6,189cf01c0e29fdfcac6a14f04394e397e95354358ee4aaf6c9be967b72f4cebc,George Washington,who_did_americans_boat_for_to_be_their_first_president_who_avoided_serving_three_terms_targ_10_B.wav,target,phon_err,infinitive vs. participle,/v/ --> /b/; vote/boat,George Washington,,,,,,
6,189cf01c0e29fdfcac6a14f04394e397e95354358ee4aaf6c9be967b72f4cebc,I’m good — skip to the next question,who_did_americans_boat_for_to_be_their_first_president_who_avoided_serving_three_terms_targ_10_B.wav,target,phon_err,infinitive vs. participle,/v/ --> /b/; vote/boat,George Washington,s,secsame,,,,JB_1205
6,189cf01c0e29fdfcac6a14f04394e397e95354358ee4aaf6c9be967b72f4cebc,NA,who_did_americans_boat_for_to_be_their_first_president_who_avoided_serving_three_terms_targ_10_B.wav,target,phon_err,infinitive vs. participle,/v/ --> /b/; vote/boat,George Washington,,,,,,
6,189cf01c0e29fdfcac6a14f04394e397e95354358ee4aaf6c9be967b72f4cebc,"The question needs to be CORRECTED (Select this if you spot an error, even if you don’t know the answer).",what_neil_armstrong_say_during_his_berry_first_steps_on_the_moon_targ_04_D.wav,target,both_err,no aux verbs in questions (lack of do support),/v/ --> /b/; very/berry,"""That's one small step for man, one giant leap for mankind.""",y,first,np,,,JB_1205
6,189cf01c0e29fdfcac6a14f04394e397e95354358ee4aaf6c9be967b72f4cebc,"Missing ""did"". Answer is ""one small step for man, one giant leap for mankind""",what_neil_armstrong_say_during_his_berry_first_steps_on_the_moon_targ_04_D.wav,target,both_err,no aux verbs in questions (lack of do support),/v/ --> /b/; very/berry,"""That's one small step for man, one giant leap for mankind.""",,,,,,
6,189cf01c0e29fdfcac6a14f04394e397e95354358ee4aaf6c9be967b72f4cebc,I’m good — skip to the next question,what_neil_armstrong_say_during_his_berry_first_steps_on_the_moon_targ_04_D.wav,target,both_err,no aux verbs in questions (lack of do support),/v/ --> /b/; very/berry,"""That's one small step for man, one giant leap for mankind.""",s,secsame,,,,JB_1205
6,189cf01c0e29fdfcac6a14f04394e397e95354358ee4aaf6c9be967b72f4cebc,NA,what_neil_armstrong_say_during_his_berry_first_steps_on_the_moon_targ_04_D.wav,target,both_err,no aux verbs in questions (lack of do support),/v/ --> /b/; very/berry,"""That's one small step for man, one giant leap for mankind.""",,,,,,
6,189cf01c0e29fdfcac6a14f04394e397e95354358ee4aaf6c9be967b72f4cebc,The question does NOT need any corrections.,which_british_celebrity_judge_often_harshly_critiqued_contestants_on_the_nationwide_singing_contest_american_idol_fill_03.wav,filler_other,NA,NA,NA,Simon Cowell,nans,first,,a,,JB_1205
6,189cf01c0e29fdfcac6a14f04394e397e95354358ee4aaf6c9be967b72f4cebc,Simon Cowell,which_british_celebrity_judge_often_harshly_critiqued_contestants_on_the_nationwide_singing_contest_american_idol_fill_03.wav,filler_other,NA,NA,NA,Simon Cowell,,,,,,
6,189cf01c0e29fdfcac6a14f04394e397e95354358ee4aaf6c9be967b72f4cebc,"The question needs to be CORRECTED (Select this if you spot an error, even if you don’t know the answer).",which_british_celebrity_judge_often_harshly_critiqued_contestants_on_the_nationwide_singing_contest_american_idol_fill_03.wav,filler_other,NA,NA,NA,Simon Cowell,y,secdiff,otherfill,,says 'critique' should be 'critiques' - likely did not hear 'critiqued',JB_1205
6,189cf01c0e29fdfcac6a14f04394e397e95354358ee4aaf6c9be967b72f4cebc,"""Critique"" should be ""critiques"". Answer is Simon Cowell",which_british_celebrity_judge_often_harshly_critiqued_contestants_on_the_nationwide_singing_contest_american_idol_fill_03.wav,filler_other,NA,NA,NA,Simon Cowell,,,,,,
6,189cf01c0e29fdfcac6a14f04394e397e95354358ee4aaf6c9be967b72f4cebc,"The question needs to be CORRECTED (Select this if you spot an error, even if you don’t know the answer).",what_term_refers_to_armored_men_who_enjoyed_carrying_medieval_swords_that_class_in_combat_targ_02_B.wav,target,phon_err,infinitive vs. participle,/ʃ/ --> /s/; clash/class,knights,y,first,p,,,JB_1205
6,189cf01c0e29fdfcac6a14f04394e397e95354358ee4aaf6c9be967b72f4cebc,"""Class"" should be ""clash"". Answer is knight",what_term_refers_to_armored_men_who_enjoyed_carrying_medieval_swords_that_class_in_combat_targ_02_B.wav,target,phon_err,infinitive vs. participle,/ʃ/ --> /s/; clash/class,knights,,,,,,
6,189cf01c0e29fdfcac6a14f04394e397e95354358ee4aaf6c9be967b72f4cebc,I’m good — skip to the next question,what_term_refers_to_armored_men_who_enjoyed_carrying_medieval_swords_that_class_in_combat_targ_02_B.wav,target,phon_err,infinitive vs. participle,/ʃ/ --> /s/; clash/class,knights,s,secsame,,,,JB_1205
6,189cf01c0e29fdfcac6a14f04394e397e95354358ee4aaf6c9be967b72f4cebc,NA,what_term_refers_to_armored_men_who_enjoyed_carrying_medieval_swords_that_class_in_combat_targ_02_B.wav,target,phon_err,infinitive vs. participle,/ʃ/ --> /s/; clash/class,knights,,,,,,
6,189cf01c0e29fdfcac6a14f04394e397e95354358ee4aaf6c9be967b72f4cebc,The question does NOT need any corrections.,if_laundry_service_will_come_in_five_days_and_todays_thursday_when_are_they_doing_laundry_next_targ_09_A.wav,target,correct,make vs. other verb,/k/ --> /g/; come/gum,Tuesday,nans,first,,a,,JB_1205
6,189cf01c0e29fdfcac6a14f04394e397e95354358ee4aaf6c9be967b72f4cebc,Tuesday,if_laundry_service_will_come_in_five_days_and_todays_thursday_when_are_they_doing_laundry_next_targ_09_A.wav,target,correct,make vs. other verb,/k/ --> /g/; come/gum,Tuesday,,,,,,
6,189cf01c0e29fdfcac6a14f04394e397e95354358ee4aaf6c9be967b72f4cebc,I’m good — skip to the next question,if_laundry_service_will_come_in_five_days_and_todays_thursday_when_are_they_doing_laundry_next_targ_09_A.wav,target,correct,make vs. other verb,/k/ --> /g/; come/gum,Tuesday,s,secsame,,,,JB_1205
6,189cf01c0e29fdfcac6a14f04394e397e95354358ee4aaf6c9be967b72f4cebc,NA,if_laundry_service_will_come_in_five_days_and_todays_thursday_when_are_they_doing_laundry_next_targ_09_A.wav,target,correct,make vs. other verb,/k/ --> /g/; come/gum,Tuesday,,,,,,
6,189cf01c0e29fdfcac6a14f04394e397e95354358ee4aaf6c9be967b72f4cebc,The question does NOT need any corrections.,what_us_holiday_is_often_celebrated_with_fireworks_and_hotdogs_to_honor_americas_freedom_fill_17.wav,filler_other,NA,NA,NA,Independence Day,nans,first,,a,,JB_1205
6,189cf01c0e29fdfcac6a14f04394e397e95354358ee4aaf6c9be967b72f4cebc,4th of July (Independence Day),what_us_holiday_is_often_celebrated_with_fireworks_and_hotdogs_to_honor_americas_freedom_fill_17.wav,filler_other,NA,NA,NA,Independence Day,,,,,,
6,189cf01c0e29fdfcac6a14f04394e397e95354358ee4aaf6c9be967b72f4cebc,I’m good — skip to the next question,what_us_holiday_is_often_celebrated_with_fireworks_and_hotdogs_to_honor_americas_freedom_fill_17.wav,filler_other,NA,NA,NA,Independence Day,s,secsame,,,,JB_1205
6,189cf01c0e29fdfcac6a14f04394e397e95354358ee4aaf6c9be967b72f4cebc,NA,what_us_holiday_is_often_celebrated_with_fireworks_and_hotdogs_to_honor_americas_freedom_fill_17.wav,filler_other,NA,NA,NA,Independence Day,,,,,,
6,189cf01c0e29fdfcac6a14f04394e397e95354358ee4aaf6c9be967b72f4cebc,The question does NOT need any corrections.,which_fast_food_chain_offers_foot-long_sandwiches_and_has_the_slogan_eat_fresh_fill_11.wav,filler_other,NA,NA,NA,Subway,nans,first,,a,,JB_1205
6,189cf01c0e29fdfcac6a14f04394e397e95354358ee4aaf6c9be967b72f4cebc,Subway,which_fast_food_chain_offers_foot-long_sandwiches_and_has_the_slogan_eat_fresh_fill_11.wav,filler_other,NA,NA,NA,Subway,,,,,,
6,189cf01c0e29fdfcac6a14f04394e397e95354358ee4aaf6c9be967b72f4cebc,I’m good — skip to the next question,which_fast_food_chain_offers_foot-long_sandwiches_and_has_the_slogan_eat_fresh_fill_11.wav,filler_other,NA,NA,NA,Subway,s,secsame,,,,JB_1205
6,189cf01c0e29fdfcac6a14f04394e397e95354358ee4aaf6c9be967b72f4cebc,NA,which_fast_food_chain_offers_foot-long_sandwiches_and_has_the_slogan_eat_fresh_fill_11.wav,filler_other,NA,NA,NA,Subway,,,,,,
6,189cf01c0e29fdfcac6a14f04394e397e95354358ee4aaf6c9be967b72f4cebc,The question does NOT need any corrections.,what_mythical_creatures_have_been_said_to_drink_blood_turn_into_bats_and_hate_onions_fill_14.wav,filler_other,NA,NA,NA,vampires,nans,first,,a,,JB_1205
6,189cf01c0e29fdfcac6a14f04394e397e95354358ee4aaf6c9be967b72f4cebc,Vampires,what_mythical_creatures_have_been_said_to_drink_blood_turn_into_bats_and_hate_onions_fill_14.wav,filler_other,NA,NA,NA,vampires,,,,,,
6,189cf01c0e29fdfcac6a14f04394e397e95354358ee4aaf6c9be967b72f4cebc,I’m good — skip to the next question,what_mythical_creatures_have_been_said_to_drink_blood_turn_into_bats_and_hate_onions_fill_14.wav,filler_other,NA,NA,NA,vampires,s,secsame,,,,JB_1205
6,189cf01c0e29fdfcac6a14f04394e397e95354358ee4aaf6c9be967b72f4cebc,NA,what_mythical_creatures_have_been_said_to_drink_blood_turn_into_bats_and_hate_onions_fill_14.wav,filler_other,NA,NA,NA,vampires,,,,,,
6,189cf01c0e29fdfcac6a14f04394e397e95354358ee4aaf6c9be967b72f4cebc,The question does NOT need any corrections.,what_is_the_name_of_the_comic_strip_featuring_charlie_brown_and_his_dog_snoopy_fill_06.wav,filler_other,NA,NA,NA,Peanuts,nans,first,,a,,JB_1205
6,189cf01c0e29fdfcac6a14f04394e397e95354358ee4aaf6c9be967b72f4cebc,Peanuts,what_is_the_name_of_the_comic_strip_featuring_charlie_brown_and_his_dog_snoopy_fill_06.wav,filler_other,NA,NA,NA,Peanuts,,,,,,
6,189cf01c0e29fdfcac6a14f04394e397e95354358ee4aaf6c9be967b72f4cebc,I’m good — skip to the next question,what_is_the_name_of_the_comic_strip_featuring_charlie_brown_and_his_dog_snoopy_fill_06.wav,filler_other,NA,NA,NA,Peanuts,s,secsame,,,,JB_1205
6,189cf01c0e29fdfcac6a14f04394e397e95354358ee4aaf6c9be967b72f4cebc,NA,what_is_the_name_of_the_comic_strip_featuring_charlie_brown_and_his_dog_snoopy_fill_06.wav,filler_other,NA,NA,NA,Peanuts,,,,,,
6,189cf01c0e29fdfcac6a14f04394e397e95354358ee4aaf6c9be967b72f4cebc,"The question needs to be CORRECTED (Select this if you spot an error, even if you don’t know the answer).",what_colors_can_have_on_a_traffic_light_which_often_senses_when_cars_pull_up_targ_11_C.wav,target,non_phon_err,have vs. be,/ʊ/ --> /u/; pulls/pools,green,y,first,np,,,JB_1205
6,189cf01c0e29fdfcac6a14f04394e397e95354358ee4aaf6c9be967b72f4cebc,"""can have"" should be ""are"". Answer is red, yellow, and green",what_colors_can_have_on_a_traffic_light_which_often_senses_when_cars_pull_up_targ_11_C.wav,target,non_phon_err,have vs. be,/ʊ/ --> /u/; pulls/pools,green,,,,,,
6,189cf01c0e29fdfcac6a14f04394e397e95354358ee4aaf6c9be967b72f4cebc,I’m good — skip to the next question,what_colors_can_have_on_a_traffic_light_which_often_senses_when_cars_pull_up_targ_11_C.wav,target,non_phon_err,have vs. be,/ʊ/ --> /u/; pulls/pools,green,s,secsame,,,,JB_1205
6,189cf01c0e29fdfcac6a14f04394e397e95354358ee4aaf6c9be967b72f4cebc,NA,what_colors_can_have_on_a_traffic_light_which_often_senses_when_cars_pull_up_targ_11_C.wav,target,non_phon_err,have vs. be,/ʊ/ --> /u/; pulls/pools,green,,,,,,
6,189cf01c0e29fdfcac6a14f04394e397e95354358ee4aaf6c9be967b72f4cebc,"The question needs to be CORRECTED (Select this if you spot an error, even if you don’t know the answer).",what_musician_won_grammys_for_their_album_thriller_which_features_the_hit_song_beat_it_fill_20.wav,filler_other,NA,NA,NA,Michael Jackson,y,first,otherfill,,mentions issue with pronunciation of 'musician',JB_1205
6,189cf01c0e29fdfcac6a14f04394e397e95354358ee4aaf6c9be967b72f4cebc,"The word ""musician"" sounded weird. Answer is Michael Jackson",what_musician_won_grammys_for_their_album_thriller_which_features_the_hit_song_beat_it_fill_20.wav,filler_other,NA,NA,NA,Michael Jackson,,,,,,
6,189cf01c0e29fdfcac6a14f04394e397e95354358ee4aaf6c9be967b72f4cebc,I’m good — skip to the next question,what_musician_won_grammys_for_their_album_thriller_which_features_the_hit_song_beat_it_fill_20.wav,filler_other,NA,NA,NA,Michael Jackson,s,secsame,,,,JB_1205
6,189cf01c0e29fdfcac6a14f04394e397e95354358ee4aaf6c9be967b72f4cebc,NA,what_musician_won_grammys_for_their_album_thriller_which_features_the_hit_song_beat_it_fill_20.wav,filler_other,NA,NA,NA,Michael Jackson,,,,,,
6,189cf01c0e29fdfcac6a14f04394e397e95354358ee4aaf6c9be967b72f4cebc,The question does NOT need any corrections.,if_youre_on_a_pat_from_california_to_hawaii_which_ocean_you_go_through_targ_12_D.wav,target,both_err,no aux verbs in questions (lack of do support),/θ/ --> /t/; path/pat,Pacific Ocean,nans,first,,a,,JB_1205
6,189cf01c0e29fdfcac6a14f04394e397e95354358ee4aaf6c9be967b72f4cebc,Pacific,if_youre_on_a_pat_from_california_to_hawaii_which_ocean_you_go_through_targ_12_D.wav,target,both_err,no aux verbs in questions (lack of do support),/θ/ --> /t/; path/pat,Pacific Ocean,,,,,,
6,189cf01c0e29fdfcac6a14f04394e397e95354358ee4aaf6c9be967b72f4cebc,"The question needs to be CORRECTED (Select this if you spot an error, even if you don’t know the answer).",if_youre_on_a_pat_from_california_to_hawaii_which_ocean_you_go_through_targ_12_D.wav,target,both_err,no aux verbs in questions (lack of do support),/θ/ --> /t/; path/pat,Pacific Ocean,y,secdiff,p,,,JB_1205
6,189cf01c0e29fdfcac6a14f04394e397e95354358ee4aaf6c9be967b72f4cebc,"""Pat"" should be ""boat. Answer is Pacific",if_youre_on_a_pat_from_california_to_hawaii_which_ocean_you_go_through_targ_12_D.wav,target,both_err,no aux verbs in questions (lack of do support),/θ/ --> /t/; path/pat,Pacific Ocean,,,,,,
6,189cf01c0e29fdfcac6a14f04394e397e95354358ee4aaf6c9be967b72f4cebc,The question does NOT need any corrections.,what_big_star_in_our_solar_system_can_still_be_visible_when_is_cloudy_targ_19_C.wav,target,non_phon_err,expletive 'it' dropping,/ɪ/ --> /i/; still/steal,the Sun,nans,first,,a,,JB_1205
6,189cf01c0e29fdfcac6a14f04394e397e95354358ee4aaf6c9be967b72f4cebc,Sun,what_big_star_in_our_solar_system_can_still_be_visible_when_is_cloudy_targ_19_C.wav,target,non_phon_err,expletive 'it' dropping,/ɪ/ --> /i/; still/steal,the Sun,,,,,,
6,189cf01c0e29fdfcac6a14f04394e397e95354358ee4aaf6c9be967b72f4cebc,I’m good — skip to the next question,what_big_star_in_our_solar_system_can_still_be_visible_when_is_cloudy_targ_19_C.wav,target,non_phon_err,expletive 'it' dropping,/ɪ/ --> /i/; still/steal,the Sun,s,secsame,,,,JB_1205
6,189cf01c0e29fdfcac6a14f04394e397e95354358ee4aaf6c9be967b72f4cebc,NA,what_big_star_in_our_solar_system_can_still_be_visible_when_is_cloudy_targ_19_C.wav,target,non_phon_err,expletive 'it' dropping,/ɪ/ --> /i/; still/steal,the Sun,,,,,,
6,189cf01c0e29fdfcac6a14f04394e397e95354358ee4aaf6c9be967b72f4cebc,"The question needs to be CORRECTED (Select this if you spot an error, even if you don’t know the answer).",what_childrens_game_makes_people_sit_down_quickly_when_the_music_loud_stops_targ_07_C.wav,target,non_phon_err,adj/noun order,/ɪ/ --> /i/; sit/seat,musical chairs,y,first,np,,,JB_1205
6,189cf01c0e29fdfcac6a14f04394e397e95354358ee4aaf6c9be967b72f4cebc,"The word ""loud"" is unnecessary. Answer is musical chairs",what_childrens_game_makes_people_sit_down_quickly_when_the_music_loud_stops_targ_07_C.wav,target,non_phon_err,adj/noun order,/ɪ/ --> /i/; sit/seat,musical chairs,,,,,,
6,189cf01c0e29fdfcac6a14f04394e397e95354358ee4aaf6c9be967b72f4cebc,I’m good — skip to the next question,what_childrens_game_makes_people_sit_down_quickly_when_the_music_loud_stops_targ_07_C.wav,target,non_phon_err,adj/noun order,/ɪ/ --> /i/; sit/seat,musical chairs,s,secsame,,,,JB_1205
6,189cf01c0e29fdfcac6a14f04394e397e95354358ee4aaf6c9be967b72f4cebc,NA,what_childrens_game_makes_people_sit_down_quickly_when_the_music_loud_stops_targ_07_C.wav,target,non_phon_err,adj/noun order,/ɪ/ --> /i/; sit/seat,musical chairs,,,,,,
6,189cf01c0e29fdfcac6a14f04394e397e95354358ee4aaf6c9be967b72f4cebc,"The question needs to be CORRECTED (Select this if you spot an error, even if you don’t know the answer).",when_you_are_hot_what_device_measures_body_temperature_in_boat_celsius_and_fahrenheit_targ_18_B.wav,target,phon_err,have vs. be,/θ/ --> /t/; both/boat,thermometer,y,first,p,,,JB_1205
6,189cf01c0e29fdfcac6a14f04394e397e95354358ee4aaf6c9be967b72f4cebc,"""Both"" sound like ""bot"". Answer is thermometer",when_you_are_hot_what_device_measures_body_temperature_in_boat_celsius_and_fahrenheit_targ_18_B.wav,target,phon_err,have vs. be,/θ/ --> /t/; both/boat,thermometer,,,,,,
6,189cf01c0e29fdfcac6a14f04394e397e95354358ee4aaf6c9be967b72f4cebc,I’m good — skip to the next question,when_you_are_hot_what_device_measures_body_temperature_in_boat_celsius_and_fahrenheit_targ_18_B.wav,target,phon_err,have vs. be,/θ/ --> /t/; both/boat,thermometer,s,secsame,,,,JB_1205
6,189cf01c0e29fdfcac6a14f04394e397e95354358ee4aaf6c9be967b72f4cebc,NA,when_you_are_hot_what_device_measures_body_temperature_in_boat_celsius_and_fahrenheit_targ_18_B.wav,target,phon_err,have vs. be,/θ/ --> /t/; both/boat,thermometer,,,,,,
6,189cf01c0e29fdfcac6a14f04394e397e95354358ee4aaf6c9be967b72f4cebc,"The question needs to be CORRECTED (Select this if you spot an error, even if you don’t know the answer).",what_holiday_occurs_at_the_end_of_october_and_features_trick-or-treating_pumpkins_and_haunted_houses_fill_07.wav,filler_other,NA,NA,NA,Halloween,y,first,otherfill,,mentions mispronunciation of 'pumpkins',JB_1205
6,189cf01c0e29fdfcac6a14f04394e397e95354358ee4aaf6c9be967b72f4cebc,"""Pumpkins"" sounded like ""pumpkings."" Answer is Halloween",what_holiday_occurs_at_the_end_of_october_and_features_trick-or-treating_pumpkins_and_haunted_houses_fill_07.wav,filler_other,NA,NA,NA,Halloween,,,,,,
6,189cf01c0e29fdfcac6a14f04394e397e95354358ee4aaf6c9be967b72f4cebc,I’m good — skip to the next question,what_holiday_occurs_at_the_end_of_october_and_features_trick-or-treating_pumpkins_and_haunted_houses_fill_07.wav,filler_other,NA,NA,NA,Halloween,s,secsame,,,,JB_1205
6,189cf01c0e29fdfcac6a14f04394e397e95354358ee4aaf6c9be967b72f4cebc,NA,what_holiday_occurs_at_the_end_of_october_and_features_trick-or-treating_pumpkins_and_haunted_houses_fill_07.wav,filler_other,NA,NA,NA,Halloween,,,,,,
6,189cf01c0e29fdfcac6a14f04394e397e95354358ee4aaf6c9be967b72f4cebc,"The question needs to be CORRECTED (Select this if you spot an error, even if you don’t know the answer).",how_many_legs_does_a_canadian_garden_spider_whose_silk_can_make_clot_have_targ_06_B.wav,target,phon_err,adj/noun order,/θ/ --> /t/; cloth/clot,eight,y,first,p,,,JB_1205
6,189cf01c0e29fdfcac6a14f04394e397e95354358ee4aaf6c9be967b72f4cebc,"""Cloth"" sounded like ""clot"". ""Legs"" sounded like ""lakes"". Answer is 8",how_many_legs_does_a_canadian_garden_spider_whose_silk_can_make_clot_have_targ_06_B.wav,target,phon_err,adj/noun order,/θ/ --> /t/; cloth/clot,eight,,,,,,
6,189cf01c0e29fdfcac6a14f04394e397e95354358ee4aaf6c9be967b72f4cebc,I’m good — skip to the next question,how_many_legs_does_a_canadian_garden_spider_whose_silk_can_make_clot_have_targ_06_B.wav,target,phon_err,adj/noun order,/θ/ --> /t/; cloth/clot,eight,s,secsame,,,,JB_1205
6,189cf01c0e29fdfcac6a14f04394e397e95354358ee4aaf6c9be967b72f4cebc,NA,how_many_legs_does_a_canadian_garden_spider_whose_silk_can_make_clot_have_targ_06_B.wav,target,phon_err,adj/noun order,/θ/ --> /t/; cloth/clot,eight,,,,,,
6,189cf01c0e29fdfcac6a14f04394e397e95354358ee4aaf6c9be967b72f4cebc,The question does NOT need any corrections.,in_what_country_would_you_find_landmarks_like_the_pyramids_of_giza_and_great_sphinx_fill_24.wav,filler_other,NA,NA,NA,Egypt,nans,first,,a,,JB_1205
6,189cf01c0e29fdfcac6a14f04394e397e95354358ee4aaf6c9be967b72f4cebc,Egypt,in_what_country_would_you_find_landmarks_like_the_pyramids_of_giza_and_great_sphinx_fill_24.wav,filler_other,NA,NA,NA,Egypt,,,,,,
6,189cf01c0e29fdfcac6a14f04394e397e95354358ee4aaf6c9be967b72f4cebc,"The question needs to be CORRECTED (Select this if you spot an error, even if you don’t know the answer).",in_what_country_would_you_find_landmarks_like_the_pyramids_of_giza_and_great_sphinx_fill_24.wav,filler_other,NA,NA,NA,Egypt,y,secdiff,,,,JB_1205
6,189cf01c0e29fdfcac6a14f04394e397e95354358ee4aaf6c9be967b72f4cebc,"""Phinx"" should be ""Sphinx"". Answer is Egypt",in_what_country_would_you_find_landmarks_like_the_pyramids_of_giza_and_great_sphinx_fill_24.wav,filler_other,NA,NA,NA,Egypt,,,,,,
6,189cf01c0e29fdfcac6a14f04394e397e95354358ee4aaf6c9be967b72f4cebc,The question does NOT need any corrections.,what_organ_is_often_associated_with_being_eaten_by_rotting_flesh_monsters_also_known_as_zombies_fill_02.wav,filler_other,NA,NA,NA,the brain,nans,first,,a,,JB_1205
6,189cf01c0e29fdfcac6a14f04394e397e95354358ee4aaf6c9be967b72f4cebc,Brains,what_organ_is_often_associated_with_being_eaten_by_rotting_flesh_monsters_also_known_as_zombies_fill_02.wav,filler_other,NA,NA,NA,the brain,,,,,,
6,189cf01c0e29fdfcac6a14f04394e397e95354358ee4aaf6c9be967b72f4cebc,I’m good — skip to the next question,what_organ_is_often_associated_with_being_eaten_by_rotting_flesh_monsters_also_known_as_zombies_fill_02.wav,filler_other,NA,NA,NA,the brain,s,secsame,,,,JB_1205
6,189cf01c0e29fdfcac6a14f04394e397e95354358ee4aaf6c9be967b72f4cebc,NA,what_organ_is_often_associated_with_being_eaten_by_rotting_flesh_monsters_also_known_as_zombies_fill_02.wav,filler_other,NA,NA,NA,the brain,,,,,,
7,18a4bfae17cab24544ae347e9d8cbdb95bb95d496d218b424bccc3c2ad1e09c7,The question does NOT need any corrections.,what_state_is_los_angeles_located_in_fill_26.wav,att_check_good,NA,NA,NA,California,nans,first,,a,attention check passed (6/8 correct),JB_1204
7,18a4bfae17cab24544ae347e9d8cbdb95bb95d496d218b424bccc3c2ad1e09c7,California,what_state_is_los_angeles_located_in_fill_26.wav,att_check_good,NA,NA,NA,California,,,,,,
7,18a4bfae17cab24544ae347e9d8cbdb95bb95d496d218b424bccc3c2ad1e09c7,I’m good — skip to the next question,what_state_is_los_angeles_located_in_fill_26.wav,att_check_good,NA,NA,NA,California,s,secsame,,,,JB_1204
7,18a4bfae17cab24544ae347e9d8cbdb95bb95d496d218b424bccc3c2ad1e09c7,NA,what_state_is_los_angeles_located_in_fill_26.wav,att_check_good,NA,NA,NA,California,,,,,,
7,18a4bfae17cab24544ae347e9d8cbdb95bb95d496d218b424bccc3c2ad1e09c7,"The question does NOT need any corrections, but I don't know the answer/ I don't understand what the question is asking.",what_is_the_largest_plant_in_the_solar_system_fill_31.wav,att_check_err,NA,NA,NA,Jupiter (planet),nun,first,acheckf,,,JB_1204
7,18a4bfae17cab24544ae347e9d8cbdb95bb95d496d218b424bccc3c2ad1e09c7,na,what_is_the_largest_plant_in_the_solar_system_fill_31.wav,att_check_err,NA,NA,NA,Jupiter (planet),,,,,,
7,18a4bfae17cab24544ae347e9d8cbdb95bb95d496d218b424bccc3c2ad1e09c7,I’m good — skip to the next question,what_is_the_largest_plant_in_the_solar_system_fill_31.wav,att_check_err,NA,NA,NA,Jupiter (planet),s,secsame,,,,JB_1204
7,18a4bfae17cab24544ae347e9d8cbdb95bb95d496d218b424bccc3c2ad1e09c7,NA,what_is_the_largest_plant_in_the_solar_system_fill_31.wav,att_check_err,NA,NA,NA,Jupiter (planet),,,,,,
7,18a4bfae17cab24544ae347e9d8cbdb95bb95d496d218b424bccc3c2ad1e09c7,The question does NOT need any corrections.,what_day_of_the_week_comes_after_monday_fill_27.wav,att_check_good,NA,NA,NA,Tuesday,nans,first,,a,,JB_1204
7,18a4bfae17cab24544ae347e9d8cbdb95bb95d496d218b424bccc3c2ad1e09c7,Tuesday,what_day_of_the_week_comes_after_monday_fill_27.wav,att_check_good,NA,NA,NA,Tuesday,,,,,,
7,18a4bfae17cab24544ae347e9d8cbdb95bb95d496d218b424bccc3c2ad1e09c7,I’m good — skip to the next question,what_day_of_the_week_comes_after_monday_fill_27.wav,att_check_good,NA,NA,NA,Tuesday,s,secsame,,,,JB_1204
7,18a4bfae17cab24544ae347e9d8cbdb95bb95d496d218b424bccc3c2ad1e09c7,NA,what_day_of_the_week_comes_after_monday_fill_27.wav,att_check_good,NA,NA,NA,Tuesday,,,,,,
7,18a4bfae17cab24544ae347e9d8cbdb95bb95d496d218b424bccc3c2ad1e09c7,"The question needs to be CORRECTED (Select this if you spot an error, even if you don’t know the answer).",what_insect_undergoes_a_process_of_change_to_turn_into_a_butterfy_fill_30.wav,att_check_err,NA,NA,NA,caterpillar (butterfly),y,first,acheckf,,,JB_1204
7,18a4bfae17cab24544ae347e9d8cbdb95bb95d496d218b424bccc3c2ad1e09c7,process-caterpillar,what_insect_undergoes_a_process_of_change_to_turn_into_a_butterfy_fill_30.wav,att_check_err,NA,NA,NA,caterpillar (butterfly),,,,,,
7,18a4bfae17cab24544ae347e9d8cbdb95bb95d496d218b424bccc3c2ad1e09c7,I’m good — skip to the next question,what_insect_undergoes_a_process_of_change_to_turn_into_a_butterfy_fill_30.wav,att_check_err,NA,NA,NA,caterpillar (butterfly),s,secsame,,,,JB_1204
7,18a4bfae17cab24544ae347e9d8cbdb95bb95d496d218b424bccc3c2ad1e09c7,NA,what_insect_undergoes_a_process_of_change_to_turn_into_a_butterfy_fill_30.wav,att_check_err,NA,NA,NA,caterpillar (butterfly),,,,,,
7,18a4bfae17cab24544ae347e9d8cbdb95bb95d496d218b424bccc3c2ad1e09c7,"The question needs to be CORRECTED (Select this if you spot an error, even if you don’t know the answer).",how_many_embers_were_in_the_beatles_the_british_rock_band_fill_32.wav,att_check_err,NA,NA,NA,four (members),y,first,acheckp,,,JB_1204
7,18a4bfae17cab24544ae347e9d8cbdb95bb95d496d218b424bccc3c2ad1e09c7,embers needs to be members dont know the answer,how_many_embers_were_in_the_beatles_the_british_rock_band_fill_32.wav,att_check_err,NA,NA,NA,four (members),,,,,,
7,18a4bfae17cab24544ae347e9d8cbdb95bb95d496d218b424bccc3c2ad1e09c7,I’m good — skip to the next question,how_many_embers_were_in_the_beatles_the_british_rock_band_fill_32.wav,att_check_err,NA,NA,NA,four (members),s,secsame,,,,JB_1204
7,18a4bfae17cab24544ae347e9d8cbdb95bb95d496d218b424bccc3c2ad1e09c7,NA,how_many_embers_were_in_the_beatles_the_british_rock_band_fill_32.wav,att_check_err,NA,NA,NA,four (members),,,,,,
7,18a4bfae17cab24544ae347e9d8cbdb95bb95d496d218b424bccc3c2ad1e09c7,"The question does NOT need any corrections, but I don't know the answer/ I don't understand what the question is asking.",what_color_is_a_typical_school_bus_fill_28.wav,att_check_good,NA,NA,NA,yellow,nun,first,,,,JB_1204
7,18a4bfae17cab24544ae347e9d8cbdb95bb95d496d218b424bccc3c2ad1e09c7,na,what_color_is_a_typical_school_bus_fill_28.wav,att_check_good,NA,NA,NA,yellow,,,,,,
7,18a4bfae17cab24544ae347e9d8cbdb95bb95d496d218b424bccc3c2ad1e09c7,The question does NOT need any corrections.,what_color_is_a_typical_school_bus_fill_28.wav,att_check_good,NA,NA,NA,yellow,nans,secdiff,,w,"not target answer, but will accept for attention check purposes",JB_1204
7,18a4bfae17cab24544ae347e9d8cbdb95bb95d496d218b424bccc3c2ad1e09c7,orange,what_color_is_a_typical_school_bus_fill_28.wav,att_check_good,NA,NA,NA,yellow,,,,,,
7,18a4bfae17cab24544ae347e9d8cbdb95bb95d496d218b424bccc3c2ad1e09c7,"The question needs to be CORRECTED (Select this if you spot an error, even if you don’t know the answer).",how_many_legs_does_a_dog_normally_have_fill_25.wav,att_check_good,NA,NA,NA,four,y,first,,a,,JB_1204
7,18a4bfae17cab24544ae347e9d8cbdb95bb95d496d218b424bccc3c2ad1e09c7,legs-4,how_many_legs_does_a_dog_normally_have_fill_25.wav,att_check_good,NA,NA,NA,four,,,,,,
7,18a4bfae17cab24544ae347e9d8cbdb95bb95d496d218b424bccc3c2ad1e09c7,I’m good — skip to the next question,how_many_legs_does_a_dog_normally_have_fill_25.wav,att_check_good,NA,NA,NA,four,s,secsame,,,,JB_1204
7,18a4bfae17cab24544ae347e9d8cbdb95bb95d496d218b424bccc3c2ad1e09c7,NA,how_many_legs_does_a_dog_normally_have_fill_25.wav,att_check_good,NA,NA,NA,four,,,,,,
7,18a4bfae17cab24544ae347e9d8cbdb95bb95d496d218b424bccc3c2ad1e09c7,"The question needs to be CORRECTED (Select this if you spot an error, even if you don’t know the answer).",in_the_cycle_of_seasons_what_season_comes_after_dinter_fill_29.wav,att_check_err,NA,NA,NA,"Spring (Winter, sound sub that's not related)",y,first,acheckp,,,JB_1204
7,18a4bfae17cab24544ae347e9d8cbdb95bb95d496d218b424bccc3c2ad1e09c7,dinter is winter-spring,in_the_cycle_of_seasons_what_season_comes_after_dinter_fill_29.wav,att_check_err,NA,NA,NA,"Spring (Winter, sound sub that's not related)",,,,,,
7,18a4bfae17cab24544ae347e9d8cbdb95bb95d496d218b424bccc3c2ad1e09c7,I’m good — skip to the next question,in_the_cycle_of_seasons_what_season_comes_after_dinter_fill_29.wav,att_check_err,NA,NA,NA,"Spring (Winter, sound sub that's not related)",s,secsame,,,,JB_1204
7,18a4bfae17cab24544ae347e9d8cbdb95bb95d496d218b424bccc3c2ad1e09c7,NA,in_the_cycle_of_seasons_what_season_comes_after_dinter_fill_29.wav,att_check_err,NA,NA,NA,"Spring (Winter, sound sub that's not related)",,,,,,
7,18a4bfae17cab24544ae347e9d8cbdb95bb95d496d218b424bccc3c2ad1e09c7,"The question needs to be CORRECTED (Select this if you spot an error, even if you don’t know the answer).",what_popular_us_chain_provides_a_happy_meal_toy_or_plus_when_kids_are_hungry_targ_20_B.wav,target,phon_err,have vs. be,/ʃ/ --> /s/; plush/plus,McDonald's,y,first,other,,unsure what is being reported,JB_1205
7,18a4bfae17cab24544ae347e9d8cbdb95bb95d496d218b424bccc3c2ad1e09c7,fastfood,what_popular_us_chain_provides_a_happy_meal_toy_or_plus_when_kids_are_hungry_targ_20_B.wav,target,phon_err,have vs. be,/ʃ/ --> /s/; plush/plus,McDonald's,,,,,,
7,18a4bfae17cab24544ae347e9d8cbdb95bb95d496d218b424bccc3c2ad1e09c7,"The question needs to be CORRECTED (Select this if you spot an error, even if you don’t know the answer).",what_popular_us_chain_provides_a_happy_meal_toy_or_plus_when_kids_are_hungry_targ_20_B.wav,target,phon_err,have vs. be,/ʃ/ --> /s/; plush/plus,McDonald's,y,secidff,othernp,,says 'popular' is mispronounced,JB_1205
7,18a4bfae17cab24544ae347e9d8cbdb95bb95d496d218b424bccc3c2ad1e09c7,popular sounds like poplar- Mcdonalds,what_popular_us_chain_provides_a_happy_meal_toy_or_plus_when_kids_are_hungry_targ_20_B.wav,target,phon_err,have vs. be,/ʃ/ --> /s/; plush/plus,McDonald's,,,,,,
7,18a4bfae17cab24544ae347e9d8cbdb95bb95d496d218b424bccc3c2ad1e09c7,"The question needs to be CORRECTED (Select this if you spot an error, even if you don’t know the answer).",if_a_janitor_hardworking_cleaned_a_bent_in_five_minutes_how_many_seconds_is_that_targ_22_D.wav,target,both_err,adj/noun order,/v/ --> /b/; vent/bent,eight,y,first,otherwrong,,should be 'nun',JB_1205
7,18a4bfae17cab24544ae347e9d8cbdb95bb95d496d218b424bccc3c2ad1e09c7,dont know the answer,if_a_janitor_hardworking_cleaned_a_bent_in_five_minutes_how_many_seconds_is_that_targ_22_D.wav,target,both_err,adj/noun order,/v/ --> /b/; vent/bent,eight,,,,,,
7,18a4bfae17cab24544ae347e9d8cbdb95bb95d496d218b424bccc3c2ad1e09c7,I’m good — skip to the next question,if_a_janitor_hardworking_cleaned_a_bent_in_five_minutes_how_many_seconds_is_that_targ_22_D.wav,target,both_err,adj/noun order,/v/ --> /b/; vent/bent,eight,s,secsame,,,,JB_1205
7,18a4bfae17cab24544ae347e9d8cbdb95bb95d496d218b424bccc3c2ad1e09c7,NA,if_a_janitor_hardworking_cleaned_a_bent_in_five_minutes_how_many_seconds_is_that_targ_22_D.wav,target,both_err,adj/noun order,/v/ --> /b/; vent/bent,eight,,,,,,
7,18a4bfae17cab24544ae347e9d8cbdb95bb95d496d218b424bccc3c2ad1e09c7,"The question does NOT need any corrections, but I don't know the answer/ I don't understand what the question is asking.",how_many_legs_does_a_garden_spider_canadian_whose_silk_can_make_clot_have_targ_06_D.wav,target,both_err,adj/noun order,/θ/ --> /t/; cloth/clot,eight,nun,first,,,,JB_1205
7,18a4bfae17cab24544ae347e9d8cbdb95bb95d496d218b424bccc3c2ad1e09c7,na,how_many_legs_does_a_garden_spider_canadian_whose_silk_can_make_clot_have_targ_06_D.wav,target,both_err,adj/noun order,/θ/ --> /t/; cloth/clot,eight,,,,,,
7,18a4bfae17cab24544ae347e9d8cbdb95bb95d496d218b424bccc3c2ad1e09c7,I’m good — skip to the next question,how_many_legs_does_a_garden_spider_canadian_whose_silk_can_make_clot_have_targ_06_D.wav,target,both_err,adj/noun order,/θ/ --> /t/; cloth/clot,eight,s,secsame,,,,JB_1205
7,18a4bfae17cab24544ae347e9d8cbdb95bb95d496d218b424bccc3c2ad1e09c7,NA,how_many_legs_does_a_garden_spider_canadian_whose_silk_can_make_clot_have_targ_06_D.wav,target,both_err,adj/noun order,/θ/ --> /t/; cloth/clot,eight,,,,,,
7,18a4bfae17cab24544ae347e9d8cbdb95bb95d496d218b424bccc3c2ad1e09c7,"The question does NOT need any corrections, but I don't know the answer/ I don't understand what the question is asking.",what_is_the_name_of_the_video_game_character_who_is_a_traveling_italian_plumber_fill_08.wav,filler_other,NA,NA,NA,Mario,nun,first,,,,JB_1205
7,18a4bfae17cab24544ae347e9d8cbdb95bb95d496d218b424bccc3c2ad1e09c7,na,what_is_the_name_of_the_video_game_character_who_is_a_traveling_italian_plumber_fill_08.wav,filler_other,NA,NA,NA,Mario,,,,,,
7,18a4bfae17cab24544ae347e9d8cbdb95bb95d496d218b424bccc3c2ad1e09c7,I’m good — skip to the next question,what_is_the_name_of_the_video_game_character_who_is_a_traveling_italian_plumber_fill_08.wav,filler_other,NA,NA,NA,Mario,s,secsame,,,,JB_1205
7,18a4bfae17cab24544ae347e9d8cbdb95bb95d496d218b424bccc3c2ad1e09c7,NA,what_is_the_name_of_the_video_game_character_who_is_a_traveling_italian_plumber_fill_08.wav,filler_other,NA,NA,NA,Mario,,,,,,
7,18a4bfae17cab24544ae347e9d8cbdb95bb95d496d218b424bccc3c2ad1e09c7,The question does NOT need any corrections.,what_musician_won_grammys_for_their_album_thriller_which_features_the_hit_song_beat_it_fill_20.wav,filler_other,NA,NA,NA,Michael Jackson,nans,first,,a,,JB_1205
7,18a4bfae17cab24544ae347e9d8cbdb95bb95d496d218b424bccc3c2ad1e09c7,Michael Jackson,what_musician_won_grammys_for_their_album_thriller_which_features_the_hit_song_beat_it_fill_20.wav,filler_other,NA,NA,NA,Michael Jackson,,,,,,
7,18a4bfae17cab24544ae347e9d8cbdb95bb95d496d218b424bccc3c2ad1e09c7,I’m good — skip to the next question,what_musician_won_grammys_for_their_album_thriller_which_features_the_hit_song_beat_it_fill_20.wav,filler_other,NA,NA,NA,Michael Jackson,s,secsame,,,,JB_1205
7,18a4bfae17cab24544ae347e9d8cbdb95bb95d496d218b424bccc3c2ad1e09c7,NA,what_musician_won_grammys_for_their_album_thriller_which_features_the_hit_song_beat_it_fill_20.wav,filler_other,NA,NA,NA,Michael Jackson,,,,,,
7,18a4bfae17cab24544ae347e9d8cbdb95bb95d496d218b424bccc3c2ad1e09c7,The question does NOT need any corrections.,what_mythical_creatures_have_been_said_to_drink_blood_turn_into_bats_and_hate_onions_fill_14.wav,filler_other,NA,NA,NA,vampires,nans,first,,a,,JB_1205
7,18a4bfae17cab24544ae347e9d8cbdb95bb95d496d218b424bccc3c2ad1e09c7,vampires,what_mythical_creatures_have_been_said_to_drink_blood_turn_into_bats_and_hate_onions_fill_14.wav,filler_other,NA,NA,NA,vampires,,,,,,
7,18a4bfae17cab24544ae347e9d8cbdb95bb95d496d218b424bccc3c2ad1e09c7,I’m good — skip to the next question,what_mythical_creatures_have_been_said_to_drink_blood_turn_into_bats_and_hate_onions_fill_14.wav,filler_other,NA,NA,NA,vampires,s,secsame,,,,JB_1205
7,18a4bfae17cab24544ae347e9d8cbdb95bb95d496d218b424bccc3c2ad1e09c7,NA,what_mythical_creatures_have_been_said_to_drink_blood_turn_into_bats_and_hate_onions_fill_14.wav,filler_other,NA,NA,NA,vampires,,,,,,
7,18a4bfae17cab24544ae347e9d8cbdb95bb95d496d218b424bccc3c2ad1e09c7,"The question does NOT need any corrections, but I don't know the answer/ I don't understand what the question is asking.",if_i_consider_leaving_work_after_the_fort_hour_how_many_minutes_would_that_be_targ_24_B.wav,target,phon_err,infinitive vs. participle,/θ/ --> /t/; fourth/fort,two hundred and forty,nun,first,,,,JB_1205
7,18a4bfae17cab24544ae347e9d8cbdb95bb95d496d218b424bccc3c2ad1e09c7,na,if_i_consider_leaving_work_after_the_fort_hour_how_many_minutes_would_that_be_targ_24_B.wav,target,phon_err,infinitive vs. participle,/θ/ --> /t/; fourth/fort,two hundred and forty,,,,,,
7,18a4bfae17cab24544ae347e9d8cbdb95bb95d496d218b424bccc3c2ad1e09c7,I’m good — skip to the next question,if_i_consider_leaving_work_after_the_fort_hour_how_many_minutes_would_that_be_targ_24_B.wav,target,phon_err,infinitive vs. participle,/θ/ --> /t/; fourth/fort,two hundred and forty,s,secsame,,,,JB_1205
7,18a4bfae17cab24544ae347e9d8cbdb95bb95d496d218b424bccc3c2ad1e09c7,NA,if_i_consider_leaving_work_after_the_fort_hour_how_many_minutes_would_that_be_targ_24_B.wav,target,phon_err,infinitive vs. participle,/θ/ --> /t/; fourth/fort,two hundred and forty,,,,,,
7,18a4bfae17cab24544ae347e9d8cbdb95bb95d496d218b424bccc3c2ad1e09c7,"The question does NOT need any corrections, but I don't know the answer/ I don't understand what the question is asking.",which_body_part_did_van_gogh_allegedly_cut_off_after_an_argument_with_his_friend_fill_05.wav,filler_other,NA,NA,NA,ear,nun,first,,,,JB_1205
7,18a4bfae17cab24544ae347e9d8cbdb95bb95d496d218b424bccc3c2ad1e09c7,na,which_body_part_did_van_gogh_allegedly_cut_off_after_an_argument_with_his_friend_fill_05.wav,filler_other,NA,NA,NA,ear,,,,,,
7,18a4bfae17cab24544ae347e9d8cbdb95bb95d496d218b424bccc3c2ad1e09c7,The question does NOT need any corrections.,which_body_part_did_van_gogh_allegedly_cut_off_after_an_argument_with_his_friend_fill_05.wav,filler_other,NA,NA,NA,ear,nans,secdiff,,a,,JB_1205
7,18a4bfae17cab24544ae347e9d8cbdb95bb95d496d218b424bccc3c2ad1e09c7,ear,which_body_part_did_van_gogh_allegedly_cut_off_after_an_argument_with_his_friend_fill_05.wav,filler_other,NA,NA,NA,ear,,,,,,
7,18a4bfae17cab24544ae347e9d8cbdb95bb95d496d218b424bccc3c2ad1e09c7,The question does NOT need any corrections.,if_laundry_service_will_come_in_five_days_and_todays_thursday_when_are_they_making_laundry_next_targ_09_C.wav,target,non_phon_err,make vs. other verb,/k/ --> /g/; come/gum,Tuesday,nans,first,,a,,JB_1205
7,18a4bfae17cab24544ae347e9d8cbdb95bb95d496d218b424bccc3c2ad1e09c7,Friday,if_laundry_service_will_come_in_five_days_and_todays_thursday_when_are_they_making_laundry_next_targ_09_C.wav,target,non_phon_err,make vs. other verb,/k/ --> /g/; come/gum,Tuesday,,,,,,
7,18a4bfae17cab24544ae347e9d8cbdb95bb95d496d218b424bccc3c2ad1e09c7,The question does NOT need any corrections.,if_laundry_service_will_come_in_five_days_and_todays_thursday_when_are_they_making_laundry_next_targ_09_C.wav,target,non_phon_err,make vs. other verb,/k/ --> /g/; come/gum,Tuesday,nans,secsame,,corrected,,JB_1205
7,18a4bfae17cab24544ae347e9d8cbdb95bb95d496d218b424bccc3c2ad1e09c7,Tuesday,if_laundry_service_will_come_in_five_days_and_todays_thursday_when_are_they_making_laundry_next_targ_09_C.wav,target,non_phon_err,make vs. other verb,/k/ --> /g/; come/gum,Tuesday,,,,,,
7,18a4bfae17cab24544ae347e9d8cbdb95bb95d496d218b424bccc3c2ad1e09c7,The question does NOT need any corrections.,which_cartoon_dog_solves_mysteries_with_the_group_fred_daphne_velma_and_shaggy_fill_10.wav,filler_other,NA,NA,NA,Scooby-Doo,nans,first,,a,,JB_1205
7,18a4bfae17cab24544ae347e9d8cbdb95bb95d496d218b424bccc3c2ad1e09c7,scoobydoo,which_cartoon_dog_solves_mysteries_with_the_group_fred_daphne_velma_and_shaggy_fill_10.wav,filler_other,NA,NA,NA,Scooby-Doo,,,,,,
7,18a4bfae17cab24544ae347e9d8cbdb95bb95d496d218b424bccc3c2ad1e09c7,I’m good — skip to the next question,which_cartoon_dog_solves_mysteries_with_the_group_fred_daphne_velma_and_shaggy_fill_10.wav,filler_other,NA,NA,NA,Scooby-Doo,s,secsame,,,,JB_1205
7,18a4bfae17cab24544ae347e9d8cbdb95bb95d496d218b424bccc3c2ad1e09c7,NA,which_cartoon_dog_solves_mysteries_with_the_group_fred_daphne_velma_and_shaggy_fill_10.wav,filler_other,NA,NA,NA,Scooby-Doo,,,,,,
7,18a4bfae17cab24544ae347e9d8cbdb95bb95d496d218b424bccc3c2ad1e09c7,The question does NOT need any corrections.,what_childrens_game_makes_people_sit_down_quickly_when_the_loud_music_stops_targ_07_A.wav,target,correct,adj/noun order,/ɪ/ --> /i/; sit/seat,musical chairs,nans,first,,a,,JB_1205
7,18a4bfae17cab24544ae347e9d8cbdb95bb95d496d218b424bccc3c2ad1e09c7,musical chairs,what_childrens_game_makes_people_sit_down_quickly_when_the_loud_music_stops_targ_07_A.wav,target,correct,adj/noun order,/ɪ/ --> /i/; sit/seat,musical chairs,,,,,,
7,18a4bfae17cab24544ae347e9d8cbdb95bb95d496d218b424bccc3c2ad1e09c7,I’m good — skip to the next question,what_childrens_game_makes_people_sit_down_quickly_when_the_loud_music_stops_targ_07_A.wav,target,correct,adj/noun order,/ɪ/ --> /i/; sit/seat,musical chairs,s,secsame,,,,JB_1205
7,18a4bfae17cab24544ae347e9d8cbdb95bb95d496d218b424bccc3c2ad1e09c7,NA,what_childrens_game_makes_people_sit_down_quickly_when_the_loud_music_stops_targ_07_A.wav,target,correct,adj/noun order,/ɪ/ --> /i/; sit/seat,musical chairs,,,,,,
7,18a4bfae17cab24544ae347e9d8cbdb95bb95d496d218b424bccc3c2ad1e09c7,"The question does NOT need any corrections, but I don't know the answer/ I don't understand what the question is asking.",who_discovered_the_law_of_universal_gravitation_which_accounts_for_why_objects_naturally_fall_downwards_fill_15.wav,filler_other,NA,NA,NA,Isaac Newton,nun,first,,,,JB_1205
7,18a4bfae17cab24544ae347e9d8cbdb95bb95d496d218b424bccc3c2ad1e09c7,na,who_discovered_the_law_of_universal_gravitation_which_accounts_for_why_objects_naturally_fall_downwards_fill_15.wav,filler_other,NA,NA,NA,Isaac Newton,,,,,,
7,18a4bfae17cab24544ae347e9d8cbdb95bb95d496d218b424bccc3c2ad1e09c7,"The question needs to be CORRECTED (Select this if you spot an error, even if you don’t know the answer).",who_discovered_the_law_of_universal_gravitation_which_accounts_for_why_objects_naturally_fall_downwards_fill_15.wav,filler_other,NA,NA,NA,Isaac Newton,y,secdiff,otherwrong,,should be 'nun',JB_1205
7,18a4bfae17cab24544ae347e9d8cbdb95bb95d496d218b424bccc3c2ad1e09c7,law dont know the answer,who_discovered_the_law_of_universal_gravitation_which_accounts_for_why_objects_naturally_fall_downwards_fill_15.wav,filler_other,NA,NA,NA,Isaac Newton,,,,,,
7,18a4bfae17cab24544ae347e9d8cbdb95bb95d496d218b424bccc3c2ad1e09c7,"The question needs to be CORRECTED (Select this if you spot an error, even if you don’t know the answer).",in_the_lion_king_who_nala_talk_to_and_is_laying_in_a_cot_after_theyve_reunited_targ_21_C.wav,target,non_phon_err,no aux verbs in questions (lack of do support),/k/ --> /g/; cot/got,Simba,y,first,otherwrong,,should be 'nun',JB_1205
7,18a4bfae17cab24544ae347e9d8cbdb95bb95d496d218b424bccc3c2ad1e09c7,dont know the answer,in_the_lion_king_who_nala_talk_to_and_is_laying_in_a_cot_after_theyve_reunited_targ_21_C.wav,target,non_phon_err,no aux verbs in questions (lack of do support),/k/ --> /g/; cot/got,Simba,,,,,,
7,18a4bfae17cab24544ae347e9d8cbdb95bb95d496d218b424bccc3c2ad1e09c7,I’m good — skip to the next question,in_the_lion_king_who_nala_talk_to_and_is_laying_in_a_cot_after_theyve_reunited_targ_21_C.wav,target,non_phon_err,no aux verbs in questions (lack of do support),/k/ --> /g/; cot/got,Simba,s,secsame,,,,JB_1205
7,18a4bfae17cab24544ae347e9d8cbdb95bb95d496d218b424bccc3c2ad1e09c7,NA,in_the_lion_king_who_nala_talk_to_and_is_laying_in_a_cot_after_theyve_reunited_targ_21_C.wav,target,non_phon_err,no aux verbs in questions (lack of do support),/k/ --> /g/; cot/got,Simba,,,,,,
7,18a4bfae17cab24544ae347e9d8cbdb95bb95d496d218b424bccc3c2ad1e09c7,The question does NOT need any corrections.,what_kind_of_weather_could_occur_when_is_raining_and_below_freezing_targ_05_C.wav,target,non_phon_err,expletive 'it' dropping,/ʊ/ --> /u/; could/cooed,snow,nans,first,,a,,JB_1205
7,18a4bfae17cab24544ae347e9d8cbdb95bb95d496d218b424bccc3c2ad1e09c7,snow,what_kind_of_weather_could_occur_when_is_raining_and_below_freezing_targ_05_C.wav,target,non_phon_err,expletive 'it' dropping,/ʊ/ --> /u/; could/cooed,snow,,,,,,
7,18a4bfae17cab24544ae347e9d8cbdb95bb95d496d218b424bccc3c2ad1e09c7,I’m good — skip to the next question,what_kind_of_weather_could_occur_when_is_raining_and_below_freezing_targ_05_C.wav,target,non_phon_err,expletive 'it' dropping,/ʊ/ --> /u/; could/cooed,snow,s,secsame,,,,JB_1205
7,18a4bfae17cab24544ae347e9d8cbdb95bb95d496d218b424bccc3c2ad1e09c7,NA,what_kind_of_weather_could_occur_when_is_raining_and_below_freezing_targ_05_C.wav,target,non_phon_err,expletive 'it' dropping,/ʊ/ --> /u/; could/cooed,snow,,,,,,
7,18a4bfae17cab24544ae347e9d8cbdb95bb95d496d218b424bccc3c2ad1e09c7,The question does NOT need any corrections.,because_it_is_important_to_honor_the_iris_saint_what_holiday_occurs_on_march_17th_targ_08_B.wav,target,phon_err,expletive 'it' dropping,/ʃ/ --> /s/; Irish/iris,St. Patrick's Day,nans,first,,a,,JB_1205
7,18a4bfae17cab24544ae347e9d8cbdb95bb95d496d218b424bccc3c2ad1e09c7,St. Patricks day,because_it_is_important_to_honor_the_iris_saint_what_holiday_occurs_on_march_17th_targ_08_B.wav,target,phon_err,expletive 'it' dropping,/ʃ/ --> /s/; Irish/iris,St. Patrick's Day,,,,,,
7,18a4bfae17cab24544ae347e9d8cbdb95bb95d496d218b424bccc3c2ad1e09c7,I’m good — skip to the next question,because_it_is_important_to_honor_the_iris_saint_what_holiday_occurs_on_march_17th_targ_08_B.wav,target,phon_err,expletive 'it' dropping,/ʃ/ --> /s/; Irish/iris,St. Patrick's Day,s,secsame,,,,JB_1205
7,18a4bfae17cab24544ae347e9d8cbdb95bb95d496d218b424bccc3c2ad1e09c7,NA,because_it_is_important_to_honor_the_iris_saint_what_holiday_occurs_on_march_17th_targ_08_B.wav,target,phon_err,expletive 'it' dropping,/ʃ/ --> /s/; Irish/iris,St. Patrick's Day,,,,,,
7,18a4bfae17cab24544ae347e9d8cbdb95bb95d496d218b424bccc3c2ad1e09c7,The question does NOT need any corrections.,what_us_holiday_is_often_celebrated_with_fireworks_and_hotdogs_to_honor_americas_freedom_fill_17.wav,filler_other,NA,NA,NA,Independence Day,nans,first,,a,,JB_1205
7,18a4bfae17cab24544ae347e9d8cbdb95bb95d496d218b424bccc3c2ad1e09c7,Independence day,what_us_holiday_is_often_celebrated_with_fireworks_and_hotdogs_to_honor_americas_freedom_fill_17.wav,filler_other,NA,NA,NA,Independence Day,,,,,,
7,18a4bfae17cab24544ae347e9d8cbdb95bb95d496d218b424bccc3c2ad1e09c7,I’m good — skip to the next question,what_us_holiday_is_often_celebrated_with_fireworks_and_hotdogs_to_honor_americas_freedom_fill_17.wav,filler_other,NA,NA,NA,Independence Day,s,secsame,,,,JB_1205
7,18a4bfae17cab24544ae347e9d8cbdb95bb95d496d218b424bccc3c2ad1e09c7,NA,what_us_holiday_is_often_celebrated_with_fireworks_and_hotdogs_to_honor_americas_freedom_fill_17.wav,filler_other,NA,NA,NA,Independence Day,,,,,,
7,18a4bfae17cab24544ae347e9d8cbdb95bb95d496d218b424bccc3c2ad1e09c7,The question does NOT need any corrections.,which_cartoon_character_works_at_the_krusty_krab_and_is_best_friends_with_patrick_star_fill_04.wav,filler_other,NA,NA,NA,Spongebob,nans,first,,a,,JB_1205
7,18a4bfae17cab24544ae347e9d8cbdb95bb95d496d218b424bccc3c2ad1e09c7,spongebob,which_cartoon_character_works_at_the_krusty_krab_and_is_best_friends_with_patrick_star_fill_04.wav,filler_other,NA,NA,NA,Spongebob,,,,,,
7,18a4bfae17cab24544ae347e9d8cbdb95bb95d496d218b424bccc3c2ad1e09c7,I’m good — skip to the next question,which_cartoon_character_works_at_the_krusty_krab_and_is_best_friends_with_patrick_star_fill_04.wav,filler_other,NA,NA,NA,Spongebob,s,secsame,,,,JB_1205
7,18a4bfae17cab24544ae347e9d8cbdb95bb95d496d218b424bccc3c2ad1e09c7,NA,which_cartoon_character_works_at_the_krusty_krab_and_is_best_friends_with_patrick_star_fill_04.wav,filler_other,NA,NA,NA,Spongebob,,,,,,
7,18a4bfae17cab24544ae347e9d8cbdb95bb95d496d218b424bccc3c2ad1e09c7,The question does NOT need any corrections.,what_company_created_the_macbook_a_device_full_of_features_to_help_students_do_homework_targ_23_A.wav,target,correct,make vs. other verb,/ʊ/ --> /u/; full/fool,Apple,nans,first,,a,,JB_1205
7,18a4bfae17cab24544ae347e9d8cbdb95bb95d496d218b424bccc3c2ad1e09c7,Apple,what_company_created_the_macbook_a_device_full_of_features_to_help_students_do_homework_targ_23_A.wav,target,correct,make vs. other verb,/ʊ/ --> /u/; full/fool,Apple,,,,,,
7,18a4bfae17cab24544ae347e9d8cbdb95bb95d496d218b424bccc3c2ad1e09c7,I’m good — skip to the next question,what_company_created_the_macbook_a_device_full_of_features_to_help_students_do_homework_targ_23_A.wav,target,correct,make vs. other verb,/ʊ/ --> /u/; full/fool,Apple,s,secsame,,,,JB_1205
7,18a4bfae17cab24544ae347e9d8cbdb95bb95d496d218b424bccc3c2ad1e09c7,NA,what_company_created_the_macbook_a_device_full_of_features_to_help_students_do_homework_targ_23_A.wav,target,correct,make vs. other verb,/ʊ/ --> /u/; full/fool,Apple,,,,,,
7,18a4bfae17cab24544ae347e9d8cbdb95bb95d496d218b424bccc3c2ad1e09c7,"The question does NOT need any corrections, but I don't know the answer/ I don't understand what the question is asking.",what_animal_is_typically_white_with_black_spots_and_says_moo_fill_21.wav,filler_other,NA,NA,NA,a cow,nun,first,,,,JB_1205
7,18a4bfae17cab24544ae347e9d8cbdb95bb95d496d218b424bccc3c2ad1e09c7,na,what_animal_is_typically_white_with_black_spots_and_says_moo_fill_21.wav,filler_other,NA,NA,NA,a cow,,,,,,
7,18a4bfae17cab24544ae347e9d8cbdb95bb95d496d218b424bccc3c2ad1e09c7,The question does NOT need any corrections.,what_animal_is_typically_white_with_black_spots_and_says_moo_fill_21.wav,filler_other,NA,NA,NA,a cow,nans,secdiff,,a,,JB_1205
7,18a4bfae17cab24544ae347e9d8cbdb95bb95d496d218b424bccc3c2ad1e09c7,cow,what_animal_is_typically_white_with_black_spots_and_says_moo_fill_21.wav,filler_other,NA,NA,NA,a cow,,,,,,
7,18a4bfae17cab24544ae347e9d8cbdb95bb95d496d218b424bccc3c2ad1e09c7,"The question needs to be CORRECTED (Select this if you spot an error, even if you don’t know the answer).",what_supplies_you_need_to_knit_a_scarf_targ_13_C.wav,target,non_phon_err,no aux verbs in questions (lack of do support),/ɪ/ --> /i/; knit/neat,needles and yarn,y,first,p?,,might be noticing phon error - difficult to tell,JB_1205
7,18a4bfae17cab24544ae347e9d8cbdb95bb95d496d218b424bccc3c2ad1e09c7,as need as need dont know the answer,what_supplies_you_need_to_knit_a_scarf_targ_13_C.wav,target,non_phon_err,no aux verbs in questions (lack of do support),/ɪ/ --> /i/; knit/neat,needles and yarn,,,,,,
7,18a4bfae17cab24544ae347e9d8cbdb95bb95d496d218b424bccc3c2ad1e09c7,I’m good — skip to the next question,what_supplies_you_need_to_knit_a_scarf_targ_13_C.wav,target,non_phon_err,no aux verbs in questions (lack of do support),/ɪ/ --> /i/; knit/neat,needles and yarn,s,secsame,,,,JB_1205
7,18a4bfae17cab24544ae347e9d8cbdb95bb95d496d218b424bccc3c2ad1e09c7,NA,what_supplies_you_need_to_knit_a_scarf_targ_13_C.wav,target,non_phon_err,no aux verbs in questions (lack of do support),/ɪ/ --> /i/; knit/neat,needles and yarn,,,,,,
7,18a4bfae17cab24544ae347e9d8cbdb95bb95d496d218b424bccc3c2ad1e09c7,"The question does NOT need any corrections, but I don't know the answer/ I don't understand what the question is asking.",which_scottish_actor_first_played_james_bond_wearing_kilts_to_red_carpets_when_he_was_32_years_old_targ_03_A.wav,target,correct,have vs. be,/k/ --> /g/; kilt/guilt,Sean Connery,nun,first,,,,JB_1205
7,18a4bfae17cab24544ae347e9d8cbdb95bb95d496d218b424bccc3c2ad1e09c7,na,which_scottish_actor_first_played_james_bond_wearing_kilts_to_red_carpets_when_he_was_32_years_old_targ_03_A.wav,target,correct,have vs. be,/k/ --> /g/; kilt/guilt,Sean Connery,,,,,,
7,18a4bfae17cab24544ae347e9d8cbdb95bb95d496d218b424bccc3c2ad1e09c7,I’m good — skip to the next question,which_scottish_actor_first_played_james_bond_wearing_kilts_to_red_carpets_when_he_was_32_years_old_targ_03_A.wav,target,correct,have vs. be,/k/ --> /g/; kilt/guilt,Sean Connery,s,secsame,,,,JB_1205
7,18a4bfae17cab24544ae347e9d8cbdb95bb95d496d218b424bccc3c2ad1e09c7,NA,which_scottish_actor_first_played_james_bond_wearing_kilts_to_red_carpets_when_he_was_32_years_old_targ_03_A.wav,target,correct,have vs. be,/k/ --> /g/; kilt/guilt,Sean Connery,,,,,,
7,18a4bfae17cab24544ae347e9d8cbdb95bb95d496d218b424bccc3c2ad1e09c7,The question does NOT need any corrections.,what_colors_make_up_a_traditional_candy_cane_which_people_enjoy_eating_during_christmas_targ_15_A.wav,target,correct,infinitive vs. participle,/k/ --> /g/; cane/gain,red and white,nans,first,,a,,JB_1205
7,18a4bfae17cab24544ae347e9d8cbdb95bb95d496d218b424bccc3c2ad1e09c7,peppermint,what_colors_make_up_a_traditional_candy_cane_which_people_enjoy_eating_during_christmas_targ_15_A.wav,target,correct,infinitive vs. participle,/k/ --> /g/; cane/gain,red and white,,,,,,
7,18a4bfae17cab24544ae347e9d8cbdb95bb95d496d218b424bccc3c2ad1e09c7,The question does NOT need any corrections.,what_colors_make_up_a_traditional_candy_cane_which_people_enjoy_eating_during_christmas_targ_15_A.wav,target,correct,infinitive vs. participle,/k/ --> /g/; cane/gain,red and white,nans,secsame,,corrected,,JB_1205
7,18a4bfae17cab24544ae347e9d8cbdb95bb95d496d218b424bccc3c2ad1e09c7,red and white,what_colors_make_up_a_traditional_candy_cane_which_people_enjoy_eating_during_christmas_targ_15_A.wav,target,correct,infinitive vs. participle,/k/ --> /g/; cane/gain,red and white,,,,,,
7,18a4bfae17cab24544ae347e9d8cbdb95bb95d496d218b424bccc3c2ad1e09c7,"The question does NOT need any corrections, but I don't know the answer/ I don't understand what the question is asking.",what_organ_is_often_associated_with_being_eaten_by_rotting_flesh_monsters_also_known_as_zombies_fill_02.wav,filler_other,NA,NA,NA,the brain,nun,first,,,,JB_1205
7,18a4bfae17cab24544ae347e9d8cbdb95bb95d496d218b424bccc3c2ad1e09c7,na,what_organ_is_often_associated_with_being_eaten_by_rotting_flesh_monsters_also_known_as_zombies_fill_02.wav,filler_other,NA,NA,NA,the brain,,,,,,
7,18a4bfae17cab24544ae347e9d8cbdb95bb95d496d218b424bccc3c2ad1e09c7,The question does NOT need any corrections.,what_organ_is_often_associated_with_being_eaten_by_rotting_flesh_monsters_also_known_as_zombies_fill_02.wav,filler_other,NA,NA,NA,the brain,nans,secdiff,,w,,JB_1205
7,18a4bfae17cab24544ae347e9d8cbdb95bb95d496d218b424bccc3c2ad1e09c7,heart,what_organ_is_often_associated_with_being_eaten_by_rotting_flesh_monsters_also_known_as_zombies_fill_02.wav,filler_other,NA,NA,NA,the brain,,,,,,
7,18a4bfae17cab24544ae347e9d8cbdb95bb95d496d218b424bccc3c2ad1e09c7,The question does NOT need any corrections.,which_fast_food_chain_offers_foot-long_sandwiches_and_has_the_slogan_eat_fresh_fill_11.wav,filler_other,NA,NA,NA,Subway,nans,first,,,,JB_1205
7,18a4bfae17cab24544ae347e9d8cbdb95bb95d496d218b424bccc3c2ad1e09c7,dont know the answer,which_fast_food_chain_offers_foot-long_sandwiches_and_has_the_slogan_eat_fresh_fill_11.wav,filler_other,NA,NA,NA,Subway,,,,,,
7,18a4bfae17cab24544ae347e9d8cbdb95bb95d496d218b424bccc3c2ad1e09c7,The question does NOT need any corrections.,which_fast_food_chain_offers_foot-long_sandwiches_and_has_the_slogan_eat_fresh_fill_11.wav,filler_other,NA,NA,NA,Subway,nans,secsame,,a,,JB_1205
7,18a4bfae17cab24544ae347e9d8cbdb95bb95d496d218b424bccc3c2ad1e09c7,subway,which_fast_food_chain_offers_foot-long_sandwiches_and_has_the_slogan_eat_fresh_fill_11.wav,filler_other,NA,NA,NA,Subway,,,,,,
7,18a4bfae17cab24544ae347e9d8cbdb95bb95d496d218b424bccc3c2ad1e09c7,The question does NOT need any corrections.,what_kind_of_animal_is_mickey_mouse’s_girlfriend_minnie_who_wears_a_bow_fill_09.wav,filler_other,NA,NA,NA,mouse,nans,first,,a,,JB_1205
7,18a4bfae17cab24544ae347e9d8cbdb95bb95d496d218b424bccc3c2ad1e09c7,mouse,what_kind_of_animal_is_mickey_mouse’s_girlfriend_minnie_who_wears_a_bow_fill_09.wav,filler_other,NA,NA,NA,mouse,,,,,,
7,18a4bfae17cab24544ae347e9d8cbdb95bb95d496d218b424bccc3c2ad1e09c7,I’m good — skip to the next question,what_kind_of_animal_is_mickey_mouse’s_girlfriend_minnie_who_wears_a_bow_fill_09.wav,filler_other,NA,NA,NA,mouse,s,secsame,,,,JB_1205
7,18a4bfae17cab24544ae347e9d8cbdb95bb95d496d218b424bccc3c2ad1e09c7,NA,what_kind_of_animal_is_mickey_mouse’s_girlfriend_minnie_who_wears_a_bow_fill_09.wav,filler_other,NA,NA,NA,mouse,,,,,,
7,18a4bfae17cab24544ae347e9d8cbdb95bb95d496d218b424bccc3c2ad1e09c7,"The question does NOT need any corrections, but I don't know the answer/ I don't understand what the question is asking.",what_is_the_name_of_the_comic_strip_featuring_charlie_brown_and_his_dog_snoopy_fill_06.wav,filler_other,NA,NA,NA,Peanuts,nun,first,,,,JB_1205
7,18a4bfae17cab24544ae347e9d8cbdb95bb95d496d218b424bccc3c2ad1e09c7,na,what_is_the_name_of_the_comic_strip_featuring_charlie_brown_and_his_dog_snoopy_fill_06.wav,filler_other,NA,NA,NA,Peanuts,,,,,,
7,18a4bfae17cab24544ae347e9d8cbdb95bb95d496d218b424bccc3c2ad1e09c7,I’m good — skip to the next question,what_is_the_name_of_the_comic_strip_featuring_charlie_brown_and_his_dog_snoopy_fill_06.wav,filler_other,NA,NA,NA,Peanuts,s,secsame,,,,JB_1205
7,18a4bfae17cab24544ae347e9d8cbdb95bb95d496d218b424bccc3c2ad1e09c7,NA,what_is_the_name_of_the_comic_strip_featuring_charlie_brown_and_his_dog_snoopy_fill_06.wav,filler_other,NA,NA,NA,Peanuts,,,,,,
7,18a4bfae17cab24544ae347e9d8cbdb95bb95d496d218b424bccc3c2ad1e09c7,The question does NOT need any corrections.,which_tropical_fruit_that_grows_on_palm_trees_is_used_for_oils_and_milks_fill_18.wav,filler_other,NA,NA,NA,coconuts,nans,first,,a,,JB_1205
7,18a4bfae17cab24544ae347e9d8cbdb95bb95d496d218b424bccc3c2ad1e09c7,coconut,which_tropical_fruit_that_grows_on_palm_trees_is_used_for_oils_and_milks_fill_18.wav,filler_other,NA,NA,NA,coconuts,,,,,,
7,18a4bfae17cab24544ae347e9d8cbdb95bb95d496d218b424bccc3c2ad1e09c7,I’m good — skip to the next question,which_tropical_fruit_that_grows_on_palm_trees_is_used_for_oils_and_milks_fill_18.wav,filler_other,NA,NA,NA,coconuts,s,secsame,,,,JB_1205
7,18a4bfae17cab24544ae347e9d8cbdb95bb95d496d218b424bccc3c2ad1e09c7,NA,which_tropical_fruit_that_grows_on_palm_trees_is_used_for_oils_and_milks_fill_18.wav,filler_other,NA,NA,NA,coconuts,,,,,,
7,18a4bfae17cab24544ae347e9d8cbdb95bb95d496d218b424bccc3c2ad1e09c7,"The question does NOT need any corrections, but I don't know the answer/ I don't understand what the question is asking.",what_city_have_people_rust_to_tour_to_see_where_the_us_government_makes_business_targ_14_D.wav,target,both_err,make vs. other verb,/ʃ/ --> /s/; rushed/rust,Washington D.C.,nun,first,,,,JB_1205
7,18a4bfae17cab24544ae347e9d8cbdb95bb95d496d218b424bccc3c2ad1e09c7,na,what_city_have_people_rust_to_tour_to_see_where_the_us_government_makes_business_targ_14_D.wav,target,both_err,make vs. other verb,/ʃ/ --> /s/; rushed/rust,Washington D.C.,,,,,,
7,18a4bfae17cab24544ae347e9d8cbdb95bb95d496d218b424bccc3c2ad1e09c7,"The question needs to be CORRECTED (Select this if you spot an error, even if you don’t know the answer).",what_city_have_people_rust_to_tour_to_see_where_the_us_government_makes_business_targ_14_D.wav,target,both_err,make vs. other verb,/ʃ/ --> /s/; rushed/rust,Washington D.C.,y,secdiff,otherwrong,,should be 'nun',JB_1205
7,18a4bfae17cab24544ae347e9d8cbdb95bb95d496d218b424bccc3c2ad1e09c7,dont know the answer,what_city_have_people_rust_to_tour_to_see_where_the_us_government_makes_business_targ_14_D.wav,target,both_err,make vs. other verb,/ʃ/ --> /s/; rushed/rust,Washington D.C.,,,,,,
7,18a4bfae17cab24544ae347e9d8cbdb95bb95d496d218b424bccc3c2ad1e09c7,"The question does NOT need any corrections, but I don't know the answer/ I don't understand what the question is asking.",what_letter_in_the_latin_alphabet_corresponds_to_the_greek_letter_alpha_fill_01.wav,filler_other,NA,NA,NA,a,nun,first,,,,JB_1205
7,18a4bfae17cab24544ae347e9d8cbdb95bb95d496d218b424bccc3c2ad1e09c7,na,what_letter_in_the_latin_alphabet_corresponds_to_the_greek_letter_alpha_fill_01.wav,filler_other,NA,NA,NA,a,,,,,,
7,18a4bfae17cab24544ae347e9d8cbdb95bb95d496d218b424bccc3c2ad1e09c7,I’m good — skip to the next question,what_letter_in_the_latin_alphabet_corresponds_to_the_greek_letter_alpha_fill_01.wav,filler_other,NA,NA,NA,a,s,secsame,,,,JB_1205
7,18a4bfae17cab24544ae347e9d8cbdb95bb95d496d218b424bccc3c2ad1e09c7,NA,what_letter_in_the_latin_alphabet_corresponds_to_the_greek_letter_alpha_fill_01.wav,filler_other,NA,NA,NA,a,,,,,,
7,18a4bfae17cab24544ae347e9d8cbdb95bb95d496d218b424bccc3c2ad1e09c7,"The question needs to be CORRECTED (Select this if you spot an error, even if you don’t know the answer).",when_you_have_hot_what_device_measures_body_temperature_in_boat_celsius_and_fahrenheit_targ_18_D.wav,target,both_err,have vs. be,/θ/ --> /t/; both/boat,thermometer,y,first,othernp,,perhaps thinks 'hot' should be 'heart'?,JB_1205
7,18a4bfae17cab24544ae347e9d8cbdb95bb95d496d218b424bccc3c2ad1e09c7,heart dont know answer,when_you_have_hot_what_device_measures_body_temperature_in_boat_celsius_and_fahrenheit_targ_18_D.wav,target,both_err,have vs. be,/θ/ --> /t/; both/boat,thermometer,,,,,,
7,18a4bfae17cab24544ae347e9d8cbdb95bb95d496d218b424bccc3c2ad1e09c7,I’m good — skip to the next question,when_you_have_hot_what_device_measures_body_temperature_in_boat_celsius_and_fahrenheit_targ_18_D.wav,target,both_err,have vs. be,/θ/ --> /t/; both/boat,thermometer,s,secsame,,,,JB_1205
7,18a4bfae17cab24544ae347e9d8cbdb95bb95d496d218b424bccc3c2ad1e09c7,NA,when_you_have_hot_what_device_measures_body_temperature_in_boat_celsius_and_fahrenheit_targ_18_D.wav,target,both_err,have vs. be,/θ/ --> /t/; both/boat,thermometer,,,,,,
7,18a4bfae17cab24544ae347e9d8cbdb95bb95d496d218b424bccc3c2ad1e09c7,"The question does NOT need any corrections, but I don't know the answer/ I don't understand what the question is asking.",what_term_refers_to_armored_men_who_enjoyed_to_carry_medieval_swords_that_class_in_combat_targ_02_D.wav,target,both_err,infinitive vs. participle,/ʃ/ --> /s/; clash/class,knights,nun,first,,,,JB_1205
7,18a4bfae17cab24544ae347e9d8cbdb95bb95d496d218b424bccc3c2ad1e09c7,na,what_term_refers_to_armored_men_who_enjoyed_to_carry_medieval_swords_that_class_in_combat_targ_02_D.wav,target,both_err,infinitive vs. participle,/ʃ/ --> /s/; clash/class,knights,,,,,,
7,18a4bfae17cab24544ae347e9d8cbdb95bb95d496d218b424bccc3c2ad1e09c7,I’m good — skip to the next question,what_term_refers_to_armored_men_who_enjoyed_to_carry_medieval_swords_that_class_in_combat_targ_02_D.wav,target,both_err,infinitive vs. participle,/ʃ/ --> /s/; clash/class,knights,s,secsame,,,,JB_1205
7,18a4bfae17cab24544ae347e9d8cbdb95bb95d496d218b424bccc3c2ad1e09c7,NA,what_term_refers_to_armored_men_who_enjoyed_to_carry_medieval_swords_that_class_in_combat_targ_02_D.wav,target,both_err,infinitive vs. participle,/ʃ/ --> /s/; clash/class,knights,,,,,,
7,18a4bfae17cab24544ae347e9d8cbdb95bb95d496d218b424bccc3c2ad1e09c7,"The question does NOT need any corrections, but I don't know the answer/ I don't understand what the question is asking.",what_novel_has_the_quote_i’m_late_i’m_late_for_a_very_important_date_fill_13.wav,filler_other,NA,NA,NA,Alice in Wonderland,nun,first,,,,JB_1205
7,18a4bfae17cab24544ae347e9d8cbdb95bb95d496d218b424bccc3c2ad1e09c7,na,what_novel_has_the_quote_i’m_late_i’m_late_for_a_very_important_date_fill_13.wav,filler_other,NA,NA,NA,Alice in Wonderland,,,,,,
7,18a4bfae17cab24544ae347e9d8cbdb95bb95d496d218b424bccc3c2ad1e09c7,I’m good — skip to the next question,what_novel_has_the_quote_i’m_late_i’m_late_for_a_very_important_date_fill_13.wav,filler_other,NA,NA,NA,Alice in Wonderland,s,secsame,,,,JB_1205
7,18a4bfae17cab24544ae347e9d8cbdb95bb95d496d218b424bccc3c2ad1e09c7,NA,what_novel_has_the_quote_i’m_late_i’m_late_for_a_very_important_date_fill_13.wav,filler_other,NA,NA,NA,Alice in Wonderland,,,,,,
7,18a4bfae17cab24544ae347e9d8cbdb95bb95d496d218b424bccc3c2ad1e09c7,The question does NOT need any corrections.,which_oscar-winning_movie_features_tom_hanks_saying_life_is_like_a_box_of_chocolates_fill_12.wav,filler_other,NA,NA,NA,Forrest Gump,nans,first,,a,,JB_1205
7,18a4bfae17cab24544ae347e9d8cbdb95bb95d496d218b424bccc3c2ad1e09c7,Forrest Gump,which_oscar-winning_movie_features_tom_hanks_saying_life_is_like_a_box_of_chocolates_fill_12.wav,filler_other,NA,NA,NA,Forrest Gump,,,,,,
7,18a4bfae17cab24544ae347e9d8cbdb95bb95d496d218b424bccc3c2ad1e09c7,I’m good — skip to the next question,which_oscar-winning_movie_features_tom_hanks_saying_life_is_like_a_box_of_chocolates_fill_12.wav,filler_other,NA,NA,NA,Forrest Gump,s,secsame,,,,JB_1205
7,18a4bfae17cab24544ae347e9d8cbdb95bb95d496d218b424bccc3c2ad1e09c7,NA,which_oscar-winning_movie_features_tom_hanks_saying_life_is_like_a_box_of_chocolates_fill_12.wav,filler_other,NA,NA,NA,Forrest Gump,,,,,,
7,18a4bfae17cab24544ae347e9d8cbdb95bb95d496d218b424bccc3c2ad1e09c7,The question does NOT need any corrections.,which_british_celebrity_judge_often_harshly_critiqued_contestants_on_the_nationwide_singing_contest_american_idol_fill_03.wav,filler_other,NA,NA,NA,Simon Cowell,nans,first,,a,,JB_1205
7,18a4bfae17cab24544ae347e9d8cbdb95bb95d496d218b424bccc3c2ad1e09c7,Simon Cowell,which_british_celebrity_judge_often_harshly_critiqued_contestants_on_the_nationwide_singing_contest_american_idol_fill_03.wav,filler_other,NA,NA,NA,Simon Cowell,,,,,,
7,18a4bfae17cab24544ae347e9d8cbdb95bb95d496d218b424bccc3c2ad1e09c7,I’m good — skip to the next question,which_british_celebrity_judge_often_harshly_critiqued_contestants_on_the_nationwide_singing_contest_american_idol_fill_03.wav,filler_other,NA,NA,NA,Simon Cowell,s,secsame,,,,JB_1205
7,18a4bfae17cab24544ae347e9d8cbdb95bb95d496d218b424bccc3c2ad1e09c7,NA,which_british_celebrity_judge_often_harshly_critiqued_contestants_on_the_nationwide_singing_contest_american_idol_fill_03.wav,filler_other,NA,NA,NA,Simon Cowell,,,,,,
7,18a4bfae17cab24544ae347e9d8cbdb95bb95d496d218b424bccc3c2ad1e09c7,"The question does NOT need any corrections, but I don't know the answer/ I don't understand what the question is asking.",in_the_famous_dr_seuss_book_what_orange_and_yellow_character_speaks_for_the_trees_fill_23.wav,filler_other,NA,NA,NA,the Lorax,nun,first,,,,JB_1205
7,18a4bfae17cab24544ae347e9d8cbdb95bb95d496d218b424bccc3c2ad1e09c7,na,in_the_famous_dr_seuss_book_what_orange_and_yellow_character_speaks_for_the_trees_fill_23.wav,filler_other,NA,NA,NA,the Lorax,,,,,,
7,18a4bfae17cab24544ae347e9d8cbdb95bb95d496d218b424bccc3c2ad1e09c7,I’m good — skip to the next question,in_the_famous_dr_seuss_book_what_orange_and_yellow_character_speaks_for_the_trees_fill_23.wav,filler_other,NA,NA,NA,the Lorax,s,secsame,,,,JB_1205
7,18a4bfae17cab24544ae347e9d8cbdb95bb95d496d218b424bccc3c2ad1e09c7,NA,in_the_famous_dr_seuss_book_what_orange_and_yellow_character_speaks_for_the_trees_fill_23.wav,filler_other,NA,NA,NA,the Lorax,,,,,,
7,18a4bfae17cab24544ae347e9d8cbdb95bb95d496d218b424bccc3c2ad1e09c7,"The question does NOT need any corrections, but I don't know the answer/ I don't understand what the question is asking.",what_big_star_in_our_solar_system_can_still_be_visible_when_it_is_cloudy_targ_19_A.wav,target,correct,expletive 'it' dropping,/ɪ/ --> /i/; still/steal,the Sun,nun,first,,,,JB_1205
7,18a4bfae17cab24544ae347e9d8cbdb95bb95d496d218b424bccc3c2ad1e09c7,na,what_big_star_in_our_solar_system_can_still_be_visible_when_it_is_cloudy_targ_19_A.wav,target,correct,expletive 'it' dropping,/ɪ/ --> /i/; still/steal,the Sun,,,,,,
7,18a4bfae17cab24544ae347e9d8cbdb95bb95d496d218b424bccc3c2ad1e09c7,I’m good — skip to the next question,what_big_star_in_our_solar_system_can_still_be_visible_when_it_is_cloudy_targ_19_A.wav,target,correct,expletive 'it' dropping,/ɪ/ --> /i/; still/steal,the Sun,s,secsame,,,,JB_1205
7,18a4bfae17cab24544ae347e9d8cbdb95bb95d496d218b424bccc3c2ad1e09c7,NA,what_big_star_in_our_solar_system_can_still_be_visible_when_it_is_cloudy_targ_19_A.wav,target,correct,expletive 'it' dropping,/ɪ/ --> /i/; still/steal,the Sun,,,,,,
7,18a4bfae17cab24544ae347e9d8cbdb95bb95d496d218b424bccc3c2ad1e09c7,"The question does NOT need any corrections, but I don't know the answer/ I don't understand what the question is asking.",in_what_country_would_you_find_landmarks_like_the_pyramids_of_giza_and_great_sphinx_fill_24.wav,filler_other,NA,NA,NA,Egypt,nun,first,,,,JB_1205
7,18a4bfae17cab24544ae347e9d8cbdb95bb95d496d218b424bccc3c2ad1e09c7,na,in_what_country_would_you_find_landmarks_like_the_pyramids_of_giza_and_great_sphinx_fill_24.wav,filler_other,NA,NA,NA,Egypt,,,,,,
7,18a4bfae17cab24544ae347e9d8cbdb95bb95d496d218b424bccc3c2ad1e09c7,I’m good — skip to the next question,in_what_country_would_you_find_landmarks_like_the_pyramids_of_giza_and_great_sphinx_fill_24.wav,filler_other,NA,NA,NA,Egypt,s,secsame,,,,JB_1205
7,18a4bfae17cab24544ae347e9d8cbdb95bb95d496d218b424bccc3c2ad1e09c7,NA,in_what_country_would_you_find_landmarks_like_the_pyramids_of_giza_and_great_sphinx_fill_24.wav,filler_other,NA,NA,NA,Egypt,,,,,,
7,18a4bfae17cab24544ae347e9d8cbdb95bb95d496d218b424bccc3c2ad1e09c7,"The question does NOT need any corrections, but I don't know the answer/ I don't understand what the question is asking.",how_many_days_would_my_bike_tandem_be_gone_if_someone_borrows_it_for_july_targ_17_C.wav,target,non_phon_err,adj/noun order,/ʊ/ --> /u/; would/wooed,thirty-one days,nun,first,,,,JB_1205
7,18a4bfae17cab24544ae347e9d8cbdb95bb95d496d218b424bccc3c2ad1e09c7,na,how_many_days_would_my_bike_tandem_be_gone_if_someone_borrows_it_for_july_targ_17_C.wav,target,non_phon_err,adj/noun order,/ʊ/ --> /u/; would/wooed,thirty-one days,,,,,,
7,18a4bfae17cab24544ae347e9d8cbdb95bb95d496d218b424bccc3c2ad1e09c7,I’m good — skip to the next question,how_many_days_would_my_bike_tandem_be_gone_if_someone_borrows_it_for_july_targ_17_C.wav,target,non_phon_err,adj/noun order,/ʊ/ --> /u/; would/wooed,thirty-one days,s,secsame,,,,JB_1205
7,18a4bfae17cab24544ae347e9d8cbdb95bb95d496d218b424bccc3c2ad1e09c7,NA,how_many_days_would_my_bike_tandem_be_gone_if_someone_borrows_it_for_july_targ_17_C.wav,target,non_phon_err,adj/noun order,/ʊ/ --> /u/; would/wooed,thirty-one days,,,,,,
7,18a4bfae17cab24544ae347e9d8cbdb95bb95d496d218b424bccc3c2ad1e09c7,The question does NOT need any corrections.,who_did_americans_boat_for_to_be_their_first_president_who_avoided_to_serve_three_terms_targ_10_D.wav,target,both_err,infinitive vs. participle,/v/ --> /b/; vote/boat,George Washington,nans,first,,w,,JB_1205
7,18a4bfae17cab24544ae347e9d8cbdb95bb95d496d218b424bccc3c2ad1e09c7,Roosevelt,who_did_americans_boat_for_to_be_their_first_president_who_avoided_to_serve_three_terms_targ_10_D.wav,target,both_err,infinitive vs. participle,/v/ --> /b/; vote/boat,George Washington,,,,,,
7,18a4bfae17cab24544ae347e9d8cbdb95bb95d496d218b424bccc3c2ad1e09c7,I’m good — skip to the next question,who_did_americans_boat_for_to_be_their_first_president_who_avoided_to_serve_three_terms_targ_10_D.wav,target,both_err,infinitive vs. participle,/v/ --> /b/; vote/boat,George Washington,s,secsame,,,,JB_1205
7,18a4bfae17cab24544ae347e9d8cbdb95bb95d496d218b424bccc3c2ad1e09c7,NA,who_did_americans_boat_for_to_be_their_first_president_who_avoided_to_serve_three_terms_targ_10_D.wav,target,both_err,infinitive vs. participle,/v/ --> /b/; vote/boat,George Washington,,,,,,
7,18a4bfae17cab24544ae347e9d8cbdb95bb95d496d218b424bccc3c2ad1e09c7,The question does NOT need any corrections.,for_what_pink_ice_cream_flavor_will_companies_make_their_best_to_use_real_fruit_targ_01_C.wav,target,non_phon_err,make vs. other verb,/ɪ/ --> /i/; will/wheel,strawberry,nans,first,,a,,JB_1205
7,18a4bfae17cab24544ae347e9d8cbdb95bb95d496d218b424bccc3c2ad1e09c7,Strawberry,for_what_pink_ice_cream_flavor_will_companies_make_their_best_to_use_real_fruit_targ_01_C.wav,target,non_phon_err,make vs. other verb,/ɪ/ --> /i/; will/wheel,strawberry,,,,,,
7,18a4bfae17cab24544ae347e9d8cbdb95bb95d496d218b424bccc3c2ad1e09c7,I’m good — skip to the next question,for_what_pink_ice_cream_flavor_will_companies_make_their_best_to_use_real_fruit_targ_01_C.wav,target,non_phon_err,make vs. other verb,/ɪ/ --> /i/; will/wheel,strawberry,s,secsame,,,,JB_1205
7,18a4bfae17cab24544ae347e9d8cbdb95bb95d496d218b424bccc3c2ad1e09c7,NA,for_what_pink_ice_cream_flavor_will_companies_make_their_best_to_use_real_fruit_targ_01_C.wav,target,non_phon_err,make vs. other verb,/ɪ/ --> /i/; will/wheel,strawberry,,,,,,
7,18a4bfae17cab24544ae347e9d8cbdb95bb95d496d218b424bccc3c2ad1e09c7,The question does NOT need any corrections.,which_season_do_we_associate_with_thanksgiving_the_beginning_of_school_and_leaves_turning_brown_fill_19.wav,filler_other,NA,NA,NA,Fall,nans,first,,a,,JB_1205
7,18a4bfae17cab24544ae347e9d8cbdb95bb95d496d218b424bccc3c2ad1e09c7,Fall,which_season_do_we_associate_with_thanksgiving_the_beginning_of_school_and_leaves_turning_brown_fill_19.wav,filler_other,NA,NA,NA,Fall,,,,,,
7,18a4bfae17cab24544ae347e9d8cbdb95bb95d496d218b424bccc3c2ad1e09c7,I’m good — skip to the next question,which_season_do_we_associate_with_thanksgiving_the_beginning_of_school_and_leaves_turning_brown_fill_19.wav,filler_other,NA,NA,NA,Fall,s,secsame,,,,JB_1205
7,18a4bfae17cab24544ae347e9d8cbdb95bb95d496d218b424bccc3c2ad1e09c7,NA,which_season_do_we_associate_with_thanksgiving_the_beginning_of_school_and_leaves_turning_brown_fill_19.wav,filler_other,NA,NA,NA,Fall,,,,,,
7,18a4bfae17cab24544ae347e9d8cbdb95bb95d496d218b424bccc3c2ad1e09c7,"The question does NOT need any corrections, but I don't know the answer/ I don't understand what the question is asking.",where_do_people_get_drivers_licenses_since_it_is_required_as_ballad_id_to_drive_targ_16_B.wav,target,phon_err,expletive 'it' dropping,/v/ --> /b/; valid/ballad,DMV,nun,first,,,,JB_1205
7,18a4bfae17cab24544ae347e9d8cbdb95bb95d496d218b424bccc3c2ad1e09c7,na,where_do_people_get_drivers_licenses_since_it_is_required_as_ballad_id_to_drive_targ_16_B.wav,target,phon_err,expletive 'it' dropping,/v/ --> /b/; valid/ballad,DMV,,,,,,
7,18a4bfae17cab24544ae347e9d8cbdb95bb95d496d218b424bccc3c2ad1e09c7,"The question does NOT need any corrections, but I don't know the answer/ I don't understand what the question is asking.",where_do_people_get_drivers_licenses_since_it_is_required_as_ballad_id_to_drive_targ_16_B.wav,target,phon_err,expletive 'it' dropping,/v/ --> /b/; valid/ballad,DMV,nun,secsame,,,,JB_1205
7,18a4bfae17cab24544ae347e9d8cbdb95bb95d496d218b424bccc3c2ad1e09c7,DMV,where_do_people_get_drivers_licenses_since_it_is_required_as_ballad_id_to_drive_targ_16_B.wav,target,phon_err,expletive 'it' dropping,/v/ --> /b/; valid/ballad,DMV,,,,,,
7,18a4bfae17cab24544ae347e9d8cbdb95bb95d496d218b424bccc3c2ad1e09c7,"The question does NOT need any corrections, but I don't know the answer/ I don't understand what the question is asking.",where_do_the_jolly_christmas_icons_santa_claus_and_his_wife_mrs._claus_live_fill_22.wav,filler_other,NA,NA,NA,the North Pole,nun,first,,,,JB_1205
7,18a4bfae17cab24544ae347e9d8cbdb95bb95d496d218b424bccc3c2ad1e09c7,na,where_do_the_jolly_christmas_icons_santa_claus_and_his_wife_mrs._claus_live_fill_22.wav,filler_other,NA,NA,NA,the North Pole,,,,,,
7,18a4bfae17cab24544ae347e9d8cbdb95bb95d496d218b424bccc3c2ad1e09c7,The question does NOT need any corrections.,where_do_the_jolly_christmas_icons_santa_claus_and_his_wife_mrs._claus_live_fill_22.wav,filler_other,NA,NA,NA,the North Pole,nans,secdiff,,a,,JB_1205
7,18a4bfae17cab24544ae347e9d8cbdb95bb95d496d218b424bccc3c2ad1e09c7,North Pole,where_do_the_jolly_christmas_icons_santa_claus_and_his_wife_mrs._claus_live_fill_22.wav,filler_other,NA,NA,NA,the North Pole,,,,,,
7,18a4bfae17cab24544ae347e9d8cbdb95bb95d496d218b424bccc3c2ad1e09c7,The question does NOT need any corrections.,what_holiday_occurs_at_the_end_of_october_and_features_trick-or-treating_pumpkins_and_haunted_houses_fill_07.wav,filler_other,NA,NA,NA,Halloween,nans,first,,,,JB_1205
7,18a4bfae17cab24544ae347e9d8cbdb95bb95d496d218b424bccc3c2ad1e09c7,Halloween,what_holiday_occurs_at_the_end_of_october_and_features_trick-or-treating_pumpkins_and_haunted_houses_fill_07.wav,filler_other,NA,NA,NA,Halloween,,,,,,
7,18a4bfae17cab24544ae347e9d8cbdb95bb95d496d218b424bccc3c2ad1e09c7,I’m good — skip to the next question,what_holiday_occurs_at_the_end_of_october_and_features_trick-or-treating_pumpkins_and_haunted_houses_fill_07.wav,filler_other,NA,NA,NA,Halloween,s,secsame,,,,JB_1205
7,18a4bfae17cab24544ae347e9d8cbdb95bb95d496d218b424bccc3c2ad1e09c7,NA,what_holiday_occurs_at_the_end_of_october_and_features_trick-or-treating_pumpkins_and_haunted_houses_fill_07.wav,filler_other,NA,NA,NA,Halloween,,,,,,
7,18a4bfae17cab24544ae347e9d8cbdb95bb95d496d218b424bccc3c2ad1e09c7,"The question does NOT need any corrections, but I don't know the answer/ I don't understand what the question is asking.",what_did_neil_armstrong_say_during_his_berry_first_steps_on_the_moon_targ_04_B.wav,target,phon_err,no aux verbs in questions (lack of do support),/v/ --> /b/; very/berry,"""That's one small step for man, one giant leap for mankind.""",nun,first,,,,JB_1205
7,18a4bfae17cab24544ae347e9d8cbdb95bb95d496d218b424bccc3c2ad1e09c7,na,what_did_neil_armstrong_say_during_his_berry_first_steps_on_the_moon_targ_04_B.wav,target,phon_err,no aux verbs in questions (lack of do support),/v/ --> /b/; very/berry,"""That's one small step for man, one giant leap for mankind.""",,,,,,
7,18a4bfae17cab24544ae347e9d8cbdb95bb95d496d218b424bccc3c2ad1e09c7,"The question needs to be CORRECTED (Select this if you spot an error, even if you don’t know the answer).",what_did_neil_armstrong_say_during_his_berry_first_steps_on_the_moon_targ_04_B.wav,target,phon_err,no aux verbs in questions (lack of do support),/v/ --> /b/; very/berry,"""That's one small step for man, one giant leap for mankind.""",y,secdiff,,,,JB_1205
7,18a4bfae17cab24544ae347e9d8cbdb95bb95d496d218b424bccc3c2ad1e09c7,nail is Neil-dont know answer,what_did_neil_armstrong_say_during_his_berry_first_steps_on_the_moon_targ_04_B.wav,target,phon_err,no aux verbs in questions (lack of do support),/v/ --> /b/; very/berry,"""That's one small step for man, one giant leap for mankind.""",,,,,,
7,18a4bfae17cab24544ae347e9d8cbdb95bb95d496d218b424bccc3c2ad1e09c7,"The question does NOT need any corrections, but I don't know the answer/ I don't understand what the question is asking.",if_youre_on_a_pat_from_california_to_hawaii_which_ocean_do_you_go_through_targ_12_B.wav,target,phon_err,no aux verbs in questions (lack of do support),/θ/ --> /t/; path/pat,Pacific Ocean,nun,first,,,,JB_1205
7,18a4bfae17cab24544ae347e9d8cbdb95bb95d496d218b424bccc3c2ad1e09c7,na,if_youre_on_a_pat_from_california_to_hawaii_which_ocean_do_you_go_through_targ_12_B.wav,target,phon_err,no aux verbs in questions (lack of do support),/θ/ --> /t/; path/pat,Pacific Ocean,,,,,,
7,18a4bfae17cab24544ae347e9d8cbdb95bb95d496d218b424bccc3c2ad1e09c7,I’m good — skip to the next question,if_youre_on_a_pat_from_california_to_hawaii_which_ocean_do_you_go_through_targ_12_B.wav,target,phon_err,no aux verbs in questions (lack of do support),/θ/ --> /t/; path/pat,Pacific Ocean,s,secsame,,,,JB_1205
7,18a4bfae17cab24544ae347e9d8cbdb95bb95d496d218b424bccc3c2ad1e09c7,NA,if_youre_on_a_pat_from_california_to_hawaii_which_ocean_do_you_go_through_targ_12_B.wav,target,phon_err,no aux verbs in questions (lack of do support),/θ/ --> /t/; path/pat,Pacific Ocean,,,,,,
7,18a4bfae17cab24544ae347e9d8cbdb95bb95d496d218b424bccc3c2ad1e09c7,"The question does NOT need any corrections, but I don't know the answer/ I don't understand what the question is asking.",what_colors_can_be_on_a_traffic_light_which_often_senses_when_cars_pull_up_targ_11_A.wav,target,correct,have vs. be,/ʊ/ --> /u/; pulls/pools,green,nun,first,,,,JB_1205
7,18a4bfae17cab24544ae347e9d8cbdb95bb95d496d218b424bccc3c2ad1e09c7,na,what_colors_can_be_on_a_traffic_light_which_often_senses_when_cars_pull_up_targ_11_A.wav,target,correct,have vs. be,/ʊ/ --> /u/; pulls/pools,green,,,,,,
7,18a4bfae17cab24544ae347e9d8cbdb95bb95d496d218b424bccc3c2ad1e09c7,I’m good — skip to the next question,what_colors_can_be_on_a_traffic_light_which_often_senses_when_cars_pull_up_targ_11_A.wav,target,correct,have vs. be,/ʊ/ --> /u/; pulls/pools,green,s,secsame,,,,JB_1205
7,18a4bfae17cab24544ae347e9d8cbdb95bb95d496d218b424bccc3c2ad1e09c7,NA,what_colors_can_be_on_a_traffic_light_which_often_senses_when_cars_pull_up_targ_11_A.wav,target,correct,have vs. be,/ʊ/ --> /u/; pulls/pools,green,,,,,,
7,18a4bfae17cab24544ae347e9d8cbdb95bb95d496d218b424bccc3c2ad1e09c7,"The question does NOT need any corrections, but I don't know the answer/ I don't understand what the question is asking.",which_soft_pastry_made_with_a_certain_spice_is_often_spiral-shaped_and_topped_with_icing_fill_16.wav,filler_other,NA,NA,NA,cinnamon roll,nun,first,,,,JB_1205
7,18a4bfae17cab24544ae347e9d8cbdb95bb95d496d218b424bccc3c2ad1e09c7,na,which_soft_pastry_made_with_a_certain_spice_is_often_spiral-shaped_and_topped_with_icing_fill_16.wav,filler_other,NA,NA,NA,cinnamon roll,,,,,,
7,18a4bfae17cab24544ae347e9d8cbdb95bb95d496d218b424bccc3c2ad1e09c7,The question does NOT need any corrections.,which_soft_pastry_made_with_a_certain_spice_is_often_spiral-shaped_and_topped_with_icing_fill_16.wav,filler_other,NA,NA,NA,cinnamon roll,nans,secdiff,,a,,JB_1205
7,18a4bfae17cab24544ae347e9d8cbdb95bb95d496d218b424bccc3c2ad1e09c7,cinnamon roll,which_soft_pastry_made_with_a_certain_spice_is_often_spiral-shaped_and_topped_with_icing_fill_16.wav,filler_other,NA,NA,NA,cinnamon roll,,,,,,
8,1c1a7f64e7f4447e57fbd8d14bffc7b87cb3ea6b8ecc56da492de37af51306d6,"The question needs to be CORRECTED (Select this if you spot an error, even if you don’t know the answer).",how_many_embers_were_in_the_beatles_the_british_rock_band_fill_32.wav,att_check_err,NA,NA,NA,four (members),y,first,,,attention check passed (7/8 correct),JB_1204
8,1c1a7f64e7f4447e57fbd8d14bffc7b87cb3ea6b8ecc56da492de37af51306d6,I think I hear numbers instead of members.,how_many_embers_were_in_the_beatles_the_british_rock_band_fill_32.wav,att_check_err,NA,NA,NA,four (members),,,,,,
8,1c1a7f64e7f4447e57fbd8d14bffc7b87cb3ea6b8ecc56da492de37af51306d6,"The question needs to be CORRECTED (Select this if you spot an error, even if you don’t know the answer).",how_many_embers_were_in_the_beatles_the_british_rock_band_fill_32.wav,att_check_err,NA,NA,NA,four (members),y,secsame,acheckp,,,JB_1204
8,1c1a7f64e7f4447e57fbd8d14bffc7b87cb3ea6b8ecc56da492de37af51306d6,Embers needs to be members.,how_many_embers_were_in_the_beatles_the_british_rock_band_fill_32.wav,att_check_err,NA,NA,NA,four (members),,,,,,
8,1c1a7f64e7f4447e57fbd8d14bffc7b87cb3ea6b8ecc56da492de37af51306d6,"The question needs to be CORRECTED (Select this if you spot an error, even if you don’t know the answer).",how_many_legs_does_a_dog_normally_have_fill_25.wav,att_check_good,NA,NA,NA,four,y,first,,,,JB_1204
8,1c1a7f64e7f4447e57fbd8d14bffc7b87cb3ea6b8ecc56da492de37af51306d6,I heard 'licks' instead of 'legs'. Answer is four.,how_many_legs_does_a_dog_normally_have_fill_25.wav,att_check_good,NA,NA,NA,four,,,,,,
8,1c1a7f64e7f4447e57fbd8d14bffc7b87cb3ea6b8ecc56da492de37af51306d6,I’m good — skip to the next question,how_many_legs_does_a_dog_normally_have_fill_25.wav,att_check_good,NA,NA,NA,four,s,secsame,,,,JB_1204
8,1c1a7f64e7f4447e57fbd8d14bffc7b87cb3ea6b8ecc56da492de37af51306d6,NA,how_many_legs_does_a_dog_normally_have_fill_25.wav,att_check_good,NA,NA,NA,four,,,,,,
8,1c1a7f64e7f4447e57fbd8d14bffc7b87cb3ea6b8ecc56da492de37af51306d6,"The question needs to be CORRECTED (Select this if you spot an error, even if you don’t know the answer).",in_the_cycle_of_seasons_what_season_comes_after_dinter_fill_29.wav,att_check_err,NA,NA,NA,"Spring (Winter, sound sub that's not related)",y,first,acheckp,,,JB_1204
8,1c1a7f64e7f4447e57fbd8d14bffc7b87cb3ea6b8ecc56da492de37af51306d6,I heard 'dinter' instead of 'winter'. Answer is spring.,in_the_cycle_of_seasons_what_season_comes_after_dinter_fill_29.wav,att_check_err,NA,NA,NA,"Spring (Winter, sound sub that's not related)",,,,,,
8,1c1a7f64e7f4447e57fbd8d14bffc7b87cb3ea6b8ecc56da492de37af51306d6,I’m good — skip to the next question,in_the_cycle_of_seasons_what_season_comes_after_dinter_fill_29.wav,att_check_err,NA,NA,NA,"Spring (Winter, sound sub that's not related)",s,secsame,,,,JB_1204
8,1c1a7f64e7f4447e57fbd8d14bffc7b87cb3ea6b8ecc56da492de37af51306d6,NA,in_the_cycle_of_seasons_what_season_comes_after_dinter_fill_29.wav,att_check_err,NA,NA,NA,"Spring (Winter, sound sub that's not related)",,,,,,
8,1c1a7f64e7f4447e57fbd8d14bffc7b87cb3ea6b8ecc56da492de37af51306d6,The question does NOT need any corrections.,what_color_is_a_typical_school_bus_fill_28.wav,att_check_good,NA,NA,NA,yellow,nans,first,,a,,JB_1204
8,1c1a7f64e7f4447e57fbd8d14bffc7b87cb3ea6b8ecc56da492de37af51306d6,Answer is Yellow,what_color_is_a_typical_school_bus_fill_28.wav,att_check_good,NA,NA,NA,yellow,,,,,,
8,1c1a7f64e7f4447e57fbd8d14bffc7b87cb3ea6b8ecc56da492de37af51306d6,I’m good — skip to the next question,what_color_is_a_typical_school_bus_fill_28.wav,att_check_good,NA,NA,NA,yellow,s,secsame,,,,JB_1204
8,1c1a7f64e7f4447e57fbd8d14bffc7b87cb3ea6b8ecc56da492de37af51306d6,NA,what_color_is_a_typical_school_bus_fill_28.wav,att_check_good,NA,NA,NA,yellow,,,,,,
8,1c1a7f64e7f4447e57fbd8d14bffc7b87cb3ea6b8ecc56da492de37af51306d6,The question does NOT need any corrections.,what_insect_undergoes_a_process_of_change_to_turn_into_a_butterfy_fill_30.wav,att_check_err,NA,NA,NA,caterpillar (butterfly),nans,first,acheckf,,,JB_1204
8,1c1a7f64e7f4447e57fbd8d14bffc7b87cb3ea6b8ecc56da492de37af51306d6,Answer is caterpillar.,what_insect_undergoes_a_process_of_change_to_turn_into_a_butterfy_fill_30.wav,att_check_err,NA,NA,NA,caterpillar (butterfly),,,,,,
8,1c1a7f64e7f4447e57fbd8d14bffc7b87cb3ea6b8ecc56da492de37af51306d6,I’m good — skip to the next question,what_insect_undergoes_a_process_of_change_to_turn_into_a_butterfy_fill_30.wav,att_check_err,NA,NA,NA,caterpillar (butterfly),s,secsame,,,,JB_1204
8,1c1a7f64e7f4447e57fbd8d14bffc7b87cb3ea6b8ecc56da492de37af51306d6,NA,what_insect_undergoes_a_process_of_change_to_turn_into_a_butterfy_fill_30.wav,att_check_err,NA,NA,NA,caterpillar (butterfly),,,,,,
8,1c1a7f64e7f4447e57fbd8d14bffc7b87cb3ea6b8ecc56da492de37af51306d6,The question does NOT need any corrections.,what_day_of_the_week_comes_after_monday_fill_27.wav,att_check_good,NA,NA,NA,Tuesday,nans,first,,a,,JB_1204
8,1c1a7f64e7f4447e57fbd8d14bffc7b87cb3ea6b8ecc56da492de37af51306d6,Tuesday,what_day_of_the_week_comes_after_monday_fill_27.wav,att_check_good,NA,NA,NA,Tuesday,,,,,,
8,1c1a7f64e7f4447e57fbd8d14bffc7b87cb3ea6b8ecc56da492de37af51306d6,I’m good — skip to the next question,what_day_of_the_week_comes_after_monday_fill_27.wav,att_check_good,NA,NA,NA,Tuesday,s,secsame,,,,JB_1204
8,1c1a7f64e7f4447e57fbd8d14bffc7b87cb3ea6b8ecc56da492de37af51306d6,NA,what_day_of_the_week_comes_after_monday_fill_27.wav,att_check_good,NA,NA,NA,Tuesday,,,,,,
8,1c1a7f64e7f4447e57fbd8d14bffc7b87cb3ea6b8ecc56da492de37af51306d6,"The question needs to be CORRECTED (Select this if you spot an error, even if you don’t know the answer).",what_is_the_largest_plant_in_the_solar_system_fill_31.wav,att_check_err,NA,NA,NA,Jupiter (planet),y,first,acheckp,,,JB_1204
8,1c1a7f64e7f4447e57fbd8d14bffc7b87cb3ea6b8ecc56da492de37af51306d6,plant' should be planet. Answer is Jupiter.,what_is_the_largest_plant_in_the_solar_system_fill_31.wav,att_check_err,NA,NA,NA,Jupiter (planet),,,,,,
8,1c1a7f64e7f4447e57fbd8d14bffc7b87cb3ea6b8ecc56da492de37af51306d6,I’m good — skip to the next question,what_is_the_largest_plant_in_the_solar_system_fill_31.wav,att_check_err,NA,NA,NA,Jupiter (planet),s,secsame,,,,JB_1204
8,1c1a7f64e7f4447e57fbd8d14bffc7b87cb3ea6b8ecc56da492de37af51306d6,NA,what_is_the_largest_plant_in_the_solar_system_fill_31.wav,att_check_err,NA,NA,NA,Jupiter (planet),,,,,,
8,1c1a7f64e7f4447e57fbd8d14bffc7b87cb3ea6b8ecc56da492de37af51306d6,The question does NOT need any corrections.,what_state_is_los_angeles_located_in_fill_26.wav,att_check_good,NA,NA,NA,California,nans,first,,a,,JB_1204
8,1c1a7f64e7f4447e57fbd8d14bffc7b87cb3ea6b8ecc56da492de37af51306d6,The state of California.,what_state_is_los_angeles_located_in_fill_26.wav,att_check_good,NA,NA,NA,California,,,,,,
8,1c1a7f64e7f4447e57fbd8d14bffc7b87cb3ea6b8ecc56da492de37af51306d6,I’m good — skip to the next question,what_state_is_los_angeles_located_in_fill_26.wav,att_check_good,NA,NA,NA,California,s,secsame,,,,JB_1204
8,1c1a7f64e7f4447e57fbd8d14bffc7b87cb3ea6b8ecc56da492de37af51306d6,NA,what_state_is_los_angeles_located_in_fill_26.wav,att_check_good,NA,NA,NA,California,,,,,,
8,1c1a7f64e7f4447e57fbd8d14bffc7b87cb3ea6b8ecc56da492de37af51306d6,The question does NOT need any corrections.,which_oscar-winning_movie_features_tom_hanks_saying_life_is_like_a_box_of_chocolates_fill_12.wav,filler_other,NA,NA,NA,Forrest Gump,nans,first,,a,,JB_1205
8,1c1a7f64e7f4447e57fbd8d14bffc7b87cb3ea6b8ecc56da492de37af51306d6,Forrest Gump,which_oscar-winning_movie_features_tom_hanks_saying_life_is_like_a_box_of_chocolates_fill_12.wav,filler_other,NA,NA,NA,Forrest Gump,,,,,,
8,1c1a7f64e7f4447e57fbd8d14bffc7b87cb3ea6b8ecc56da492de37af51306d6,I’m good — skip to the next question,which_oscar-winning_movie_features_tom_hanks_saying_life_is_like_a_box_of_chocolates_fill_12.wav,filler_other,NA,NA,NA,Forrest Gump,s,secsame,,,,JB_1205
8,1c1a7f64e7f4447e57fbd8d14bffc7b87cb3ea6b8ecc56da492de37af51306d6,NA,which_oscar-winning_movie_features_tom_hanks_saying_life_is_like_a_box_of_chocolates_fill_12.wav,filler_other,NA,NA,NA,Forrest Gump,,,,,,
8,1c1a7f64e7f4447e57fbd8d14bffc7b87cb3ea6b8ecc56da492de37af51306d6,The question does NOT need any corrections.,what_organ_is_often_associated_with_being_eaten_by_rotting_flesh_monsters_also_known_as_zombies_fill_02.wav,filler_other,NA,NA,NA,the brain,nans,first,,a,,JB_1205
8,1c1a7f64e7f4447e57fbd8d14bffc7b87cb3ea6b8ecc56da492de37af51306d6,Brain,what_organ_is_often_associated_with_being_eaten_by_rotting_flesh_monsters_also_known_as_zombies_fill_02.wav,filler_other,NA,NA,NA,the brain,,,,,,
8,1c1a7f64e7f4447e57fbd8d14bffc7b87cb3ea6b8ecc56da492de37af51306d6,I’m good — skip to the next question,what_organ_is_often_associated_with_being_eaten_by_rotting_flesh_monsters_also_known_as_zombies_fill_02.wav,filler_other,NA,NA,NA,the brain,s,secsame,,,,JB_1205
8,1c1a7f64e7f4447e57fbd8d14bffc7b87cb3ea6b8ecc56da492de37af51306d6,NA,what_organ_is_often_associated_with_being_eaten_by_rotting_flesh_monsters_also_known_as_zombies_fill_02.wav,filler_other,NA,NA,NA,the brain,,,,,,
8,1c1a7f64e7f4447e57fbd8d14bffc7b87cb3ea6b8ecc56da492de37af51306d6,"The question needs to be CORRECTED (Select this if you spot an error, even if you don’t know the answer).",what_colors_make_up_a_traditional_candy_gain_which_people_enjoy_eating_during_christmas_targ_15_B.wav,target,phon_err,infinitive vs. participle,/k/ --> /g/; cane/gain,red and white,y,first,otherp,,says 'candy' is pronounced 'camdy',JB_1205
8,1c1a7f64e7f4447e57fbd8d14bffc7b87cb3ea6b8ecc56da492de37af51306d6,camdy needs to be candy. Red and White are the colors.,what_colors_make_up_a_traditional_candy_gain_which_people_enjoy_eating_during_christmas_targ_15_B.wav,target,phon_err,infinitive vs. participle,/k/ --> /g/; cane/gain,red and white,,,,,,
8,1c1a7f64e7f4447e57fbd8d14bffc7b87cb3ea6b8ecc56da492de37af51306d6,"The question needs to be CORRECTED (Select this if you spot an error, even if you don’t know the answer).",what_colors_make_up_a_traditional_candy_gain_which_people_enjoy_eating_during_christmas_targ_15_B.wav,target,phon_err,infinitive vs. participle,/k/ --> /g/; cane/gain,red and white,y,secsame,otherp,,,JB_1205
8,1c1a7f64e7f4447e57fbd8d14bffc7b87cb3ea6b8ecc56da492de37af51306d6,camdy needs to be candy There's a stutter or pause before the word eating. Colors are White and Red.,what_colors_make_up_a_traditional_candy_gain_which_people_enjoy_eating_during_christmas_targ_15_B.wav,target,phon_err,infinitive vs. participle,/k/ --> /g/; cane/gain,red and white,,,,,,
8,1c1a7f64e7f4447e57fbd8d14bffc7b87cb3ea6b8ecc56da492de37af51306d6,"The question does NOT need any corrections, but I don't know the answer/ I don't understand what the question is asking.",what_kind_of_animal_is_mickey_mouse’s_girlfriend_minnie_who_wears_a_bow_fill_09.wav,filler_other,NA,NA,NA,mouse,nun,first,,,,JB_1205
8,1c1a7f64e7f4447e57fbd8d14bffc7b87cb3ea6b8ecc56da492de37af51306d6,N/A,what_kind_of_animal_is_mickey_mouse’s_girlfriend_minnie_who_wears_a_bow_fill_09.wav,filler_other,NA,NA,NA,mouse,,,,,,
8,1c1a7f64e7f4447e57fbd8d14bffc7b87cb3ea6b8ecc56da492de37af51306d6,The question does NOT need any corrections.,what_kind_of_animal_is_mickey_mouse’s_girlfriend_minnie_who_wears_a_bow_fill_09.wav,filler_other,NA,NA,NA,mouse,nans,secdiff,,a,,JB_1205
8,1c1a7f64e7f4447e57fbd8d14bffc7b87cb3ea6b8ecc56da492de37af51306d6,Mouse,what_kind_of_animal_is_mickey_mouse’s_girlfriend_minnie_who_wears_a_bow_fill_09.wav,filler_other,NA,NA,NA,mouse,,,,,,
8,1c1a7f64e7f4447e57fbd8d14bffc7b87cb3ea6b8ecc56da492de37af51306d6,The question does NOT need any corrections.,which_fast_food_chain_offers_foot-long_sandwiches_and_has_the_slogan_eat_fresh_fill_11.wav,filler_other,NA,NA,NA,Subway,nans,first,,a,,JB_1205
8,1c1a7f64e7f4447e57fbd8d14bffc7b87cb3ea6b8ecc56da492de37af51306d6,Subway,which_fast_food_chain_offers_foot-long_sandwiches_and_has_the_slogan_eat_fresh_fill_11.wav,filler_other,NA,NA,NA,Subway,,,,,,
8,1c1a7f64e7f4447e57fbd8d14bffc7b87cb3ea6b8ecc56da492de37af51306d6,I’m good — skip to the next question,which_fast_food_chain_offers_foot-long_sandwiches_and_has_the_slogan_eat_fresh_fill_11.wav,filler_other,NA,NA,NA,Subway,s,secsame,,,,JB_1205
8,1c1a7f64e7f4447e57fbd8d14bffc7b87cb3ea6b8ecc56da492de37af51306d6,NA,which_fast_food_chain_offers_foot-long_sandwiches_and_has_the_slogan_eat_fresh_fill_11.wav,filler_other,NA,NA,NA,Subway,,,,,,
8,1c1a7f64e7f4447e57fbd8d14bffc7b87cb3ea6b8ecc56da492de37af51306d6,"The question needs to be CORRECTED (Select this if you spot an error, even if you don’t know the answer).",what_big_star_in_our_solar_system_can_steal_be_visible_when_it_is_cloudy_targ_19_B.wav,target,phon_err,expletive 'it' dropping,/ɪ/ --> /i/; still/steal,the Sun,y,first,otherirr,,reports sentence as overall nonsensical ,JB_1205
8,1c1a7f64e7f4447e57fbd8d14bffc7b87cb3ea6b8ecc56da492de37af51306d6,The sentence is nonsensical to me.,what_big_star_in_our_solar_system_can_steal_be_visible_when_it_is_cloudy_targ_19_B.wav,target,phon_err,expletive 'it' dropping,/ɪ/ --> /i/; still/steal,the Sun,,,,,,
8,1c1a7f64e7f4447e57fbd8d14bffc7b87cb3ea6b8ecc56da492de37af51306d6,"The question needs to be CORRECTED (Select this if you spot an error, even if you don’t know the answer).",what_big_star_in_our_solar_system_can_steal_be_visible_when_it_is_cloudy_targ_19_B.wav,target,phon_err,expletive 'it' dropping,/ɪ/ --> /i/; still/steal,the Sun,y,secsame,otherirr,,,JB_1205
8,1c1a7f64e7f4447e57fbd8d14bffc7b87cb3ea6b8ecc56da492de37af51306d6,The sentence is nonsensical and I don't know how to correct it.,what_big_star_in_our_solar_system_can_steal_be_visible_when_it_is_cloudy_targ_19_B.wav,target,phon_err,expletive 'it' dropping,/ɪ/ --> /i/; still/steal,the Sun,,,,,,
8,1c1a7f64e7f4447e57fbd8d14bffc7b87cb3ea6b8ecc56da492de37af51306d6,"The question needs to be CORRECTED (Select this if you spot an error, even if you don’t know the answer).",if_i_consider_to_leave_work_after_the_fourth_hour_how_many_minutes_would_that_be_targ_24_C.wav,target,non_phon_err,infinitive vs. participle,/θ/ --> /t/; fourth/fort,two hundred and forty,y,first,np?,,"potentially noticing non-phon error, but not specific enough to know for sure",JB_1205
8,1c1a7f64e7f4447e57fbd8d14bffc7b87cb3ea6b8ecc56da492de37af51306d6,Consider should be considered.,if_i_consider_to_leave_work_after_the_fourth_hour_how_many_minutes_would_that_be_targ_24_C.wav,target,non_phon_err,infinitive vs. participle,/θ/ --> /t/; fourth/fort,two hundred and forty,,,,,,
8,1c1a7f64e7f4447e57fbd8d14bffc7b87cb3ea6b8ecc56da492de37af51306d6,"The question needs to be CORRECTED (Select this if you spot an error, even if you don’t know the answer).",if_i_consider_to_leave_work_after_the_fourth_hour_how_many_minutes_would_that_be_targ_24_C.wav,target,non_phon_err,infinitive vs. participle,/θ/ --> /t/; fourth/fort,two hundred and forty,y,secsame,np?,,,JB_1205
8,1c1a7f64e7f4447e57fbd8d14bffc7b87cb3ea6b8ecc56da492de37af51306d6,consider needs to be considered.,if_i_consider_to_leave_work_after_the_fourth_hour_how_many_minutes_would_that_be_targ_24_C.wav,target,non_phon_err,infinitive vs. participle,/θ/ --> /t/; fourth/fort,two hundred and forty,,,,,,
8,1c1a7f64e7f4447e57fbd8d14bffc7b87cb3ea6b8ecc56da492de37af51306d6,"The question needs to be CORRECTED (Select this if you spot an error, even if you don’t know the answer).",what_neil_armstrong_say_during_his_very_first_steps_on_the_moon_targ_04_C.wav,target,non_phon_err,no aux verbs in questions (lack of do support),/v/ --> /b/; very/berry,"""That's one small step for man, one giant leap for mankind.""",y,first,np,,,JB_1205
8,1c1a7f64e7f4447e57fbd8d14bffc7b87cb3ea6b8ecc56da492de37af51306d6,Should be 'What did Niel...',what_neil_armstrong_say_during_his_very_first_steps_on_the_moon_targ_04_C.wav,target,non_phon_err,no aux verbs in questions (lack of do support),/v/ --> /b/; very/berry,"""That's one small step for man, one giant leap for mankind.""",,,,,,
8,1c1a7f64e7f4447e57fbd8d14bffc7b87cb3ea6b8ecc56da492de37af51306d6,I’m good — skip to the next question,what_neil_armstrong_say_during_his_very_first_steps_on_the_moon_targ_04_C.wav,target,non_phon_err,no aux verbs in questions (lack of do support),/v/ --> /b/; very/berry,"""That's one small step for man, one giant leap for mankind.""",s,secsame,,,,JB_1205
8,1c1a7f64e7f4447e57fbd8d14bffc7b87cb3ea6b8ecc56da492de37af51306d6,NA,what_neil_armstrong_say_during_his_very_first_steps_on_the_moon_targ_04_C.wav,target,non_phon_err,no aux verbs in questions (lack of do support),/v/ --> /b/; very/berry,"""That's one small step for man, one giant leap for mankind.""",,,,,,
8,1c1a7f64e7f4447e57fbd8d14bffc7b87cb3ea6b8ecc56da492de37af51306d6,"The question needs to be CORRECTED (Select this if you spot an error, even if you don’t know the answer).",which_season_do_we_associate_with_thanksgiving_the_beginning_of_school_and_leaves_turning_brown_fill_19.wav,filler_other,NA,NA,NA,Fall,y,first,otherfill,,,JB_1205
8,1c1a7f64e7f4447e57fbd8d14bffc7b87cb3ea6b8ecc56da492de37af51306d6,I heard an error. Can't remember it.,which_season_do_we_associate_with_thanksgiving_the_beginning_of_school_and_leaves_turning_brown_fill_19.wav,filler_other,NA,NA,NA,Fall,,,,,,
8,1c1a7f64e7f4447e57fbd8d14bffc7b87cb3ea6b8ecc56da492de37af51306d6,"The question needs to be CORRECTED (Select this if you spot an error, even if you don’t know the answer).",which_season_do_we_associate_with_thanksgiving_the_beginning_of_school_and_leaves_turning_brown_fill_19.wav,filler_other,NA,NA,NA,Fall,y,secdiff,otherfill,,reports mispronunciation of 'season',JB_1205
8,1c1a7f64e7f4447e57fbd8d14bffc7b87cb3ea6b8ecc56da492de37af51306d6,It should be the word 'season'. It sounded off in the audio. Answer is Autumn.,which_season_do_we_associate_with_thanksgiving_the_beginning_of_school_and_leaves_turning_brown_fill_19.wav,filler_other,NA,NA,NA,Fall,,,,,,
8,1c1a7f64e7f4447e57fbd8d14bffc7b87cb3ea6b8ecc56da492de37af51306d6,The question does NOT need any corrections.,what_term_refers_to_armored_men_who_enjoyed_carrying_medieval_swords_that_clash_in_combat_targ_02_A.wav,target,correct,infinitive vs. participle,/ʃ/ --> /s/; clash/class,knights,nans,first,,a,,JB_1205
8,1c1a7f64e7f4447e57fbd8d14bffc7b87cb3ea6b8ecc56da492de37af51306d6,Knight,what_term_refers_to_armored_men_who_enjoyed_carrying_medieval_swords_that_clash_in_combat_targ_02_A.wav,target,correct,infinitive vs. participle,/ʃ/ --> /s/; clash/class,knights,,,,,,
8,1c1a7f64e7f4447e57fbd8d14bffc7b87cb3ea6b8ecc56da492de37af51306d6,I’m good — skip to the next question,what_term_refers_to_armored_men_who_enjoyed_carrying_medieval_swords_that_clash_in_combat_targ_02_A.wav,target,correct,infinitive vs. participle,/ʃ/ --> /s/; clash/class,knights,s,secsame,,,,JB_1205
8,1c1a7f64e7f4447e57fbd8d14bffc7b87cb3ea6b8ecc56da492de37af51306d6,NA,what_term_refers_to_armored_men_who_enjoyed_carrying_medieval_swords_that_clash_in_combat_targ_02_A.wav,target,correct,infinitive vs. participle,/ʃ/ --> /s/; clash/class,knights,,,,,,
8,1c1a7f64e7f4447e57fbd8d14bffc7b87cb3ea6b8ecc56da492de37af51306d6,"The question needs to be CORRECTED (Select this if you spot an error, even if you don’t know the answer).",in_the_famous_dr_seuss_book_what_orange_and_yellow_character_speaks_for_the_trees_fill_23.wav,filler_other,NA,NA,NA,the Lorax,y,first,otherfill,,reports mispronunciation of 'Seuss',JB_1205
8,1c1a7f64e7f4447e57fbd8d14bffc7b87cb3ea6b8ecc56da492de37af51306d6,I hears zues instead of Seuss.,in_the_famous_dr_seuss_book_what_orange_and_yellow_character_speaks_for_the_trees_fill_23.wav,filler_other,NA,NA,NA,the Lorax,,,,,,
8,1c1a7f64e7f4447e57fbd8d14bffc7b87cb3ea6b8ecc56da492de37af51306d6,I’m good — skip to the next question,in_the_famous_dr_seuss_book_what_orange_and_yellow_character_speaks_for_the_trees_fill_23.wav,filler_other,NA,NA,NA,the Lorax,s,secsame,,,,JB_1205
8,1c1a7f64e7f4447e57fbd8d14bffc7b87cb3ea6b8ecc56da492de37af51306d6,NA,in_the_famous_dr_seuss_book_what_orange_and_yellow_character_speaks_for_the_trees_fill_23.wav,filler_other,NA,NA,NA,the Lorax,,,,,,
8,1c1a7f64e7f4447e57fbd8d14bffc7b87cb3ea6b8ecc56da492de37af51306d6,The question does NOT need any corrections.,what_is_the_name_of_the_video_game_character_who_is_a_traveling_italian_plumber_fill_08.wav,filler_other,NA,NA,NA,Mario,nans,first,,a,,JB_1205
8,1c1a7f64e7f4447e57fbd8d14bffc7b87cb3ea6b8ecc56da492de37af51306d6,Mario,what_is_the_name_of_the_video_game_character_who_is_a_traveling_italian_plumber_fill_08.wav,filler_other,NA,NA,NA,Mario,,,,,,
8,1c1a7f64e7f4447e57fbd8d14bffc7b87cb3ea6b8ecc56da492de37af51306d6,I’m good — skip to the next question,what_is_the_name_of_the_video_game_character_who_is_a_traveling_italian_plumber_fill_08.wav,filler_other,NA,NA,NA,Mario,s,secsame,,,,JB_1205
8,1c1a7f64e7f4447e57fbd8d14bffc7b87cb3ea6b8ecc56da492de37af51306d6,NA,what_is_the_name_of_the_video_game_character_who_is_a_traveling_italian_plumber_fill_08.wav,filler_other,NA,NA,NA,Mario,,,,,,
8,1c1a7f64e7f4447e57fbd8d14bffc7b87cb3ea6b8ecc56da492de37af51306d6,"The question needs to be CORRECTED (Select this if you spot an error, even if you don’t know the answer).",what_supplies_you_need_to_neat_a_scarf_targ_13_D.wav,target,both_err,no aux verbs in questions (lack of do support),/ɪ/ --> /i/; knit/neat,needles and yarn,y,first,p,,,JB_1205
8,1c1a7f64e7f4447e57fbd8d14bffc7b87cb3ea6b8ecc56da492de37af51306d6,There was a repetition in the audio.,what_supplies_you_need_to_neat_a_scarf_targ_13_D.wav,target,both_err,no aux verbs in questions (lack of do support),/ɪ/ --> /i/; knit/neat,needles and yarn,,,,,,
8,1c1a7f64e7f4447e57fbd8d14bffc7b87cb3ea6b8ecc56da492de37af51306d6,"The question needs to be CORRECTED (Select this if you spot an error, even if you don’t know the answer).",what_supplies_you_need_to_neat_a_scarf_targ_13_D.wav,target,both_err,no aux verbs in questions (lack of do support),/ɪ/ --> /i/; knit/neat,needles and yarn,y,secdiff,both,,,JB_1205
8,1c1a7f64e7f4447e57fbd8d14bffc7b87cb3ea6b8ecc56da492de37af51306d6,do need' is repeated twice. It also should be 'do you need'. Answer is yarn and knitting needles.,what_supplies_you_need_to_neat_a_scarf_targ_13_D.wav,target,both_err,no aux verbs in questions (lack of do support),/ɪ/ --> /i/; knit/neat,needles and yarn,,,,,,
8,1c1a7f64e7f4447e57fbd8d14bffc7b87cb3ea6b8ecc56da492de37af51306d6,The question does NOT need any corrections.,what_us_holiday_is_often_celebrated_with_fireworks_and_hotdogs_to_honor_americas_freedom_fill_17.wav,filler_other,NA,NA,NA,Independence Day,nans,first,,a,,JB_1205
8,1c1a7f64e7f4447e57fbd8d14bffc7b87cb3ea6b8ecc56da492de37af51306d6,July 4th.,what_us_holiday_is_often_celebrated_with_fireworks_and_hotdogs_to_honor_americas_freedom_fill_17.wav,filler_other,NA,NA,NA,Independence Day,,,,,,
8,1c1a7f64e7f4447e57fbd8d14bffc7b87cb3ea6b8ecc56da492de37af51306d6,The question does NOT need any corrections.,what_us_holiday_is_often_celebrated_with_fireworks_and_hotdogs_to_honor_americas_freedom_fill_17.wav,filler_other,NA,NA,NA,Independence Day,nans,secsame,,twice,different phrases for same holiday,JB_1205
8,1c1a7f64e7f4447e57fbd8d14bffc7b87cb3ea6b8ecc56da492de37af51306d6,Independence Day.,what_us_holiday_is_often_celebrated_with_fireworks_and_hotdogs_to_honor_americas_freedom_fill_17.wav,filler_other,NA,NA,NA,Independence Day,,,,,,
8,1c1a7f64e7f4447e57fbd8d14bffc7b87cb3ea6b8ecc56da492de37af51306d6,"The question needs to be CORRECTED (Select this if you spot an error, even if you don’t know the answer).",how_many_days_wooed_wooled_my_bike_tandem_be_gone_if_someone_borrows_it_for_july_targ_17_D.wav,target,both_err,adj/noun order,/ʊ/ --> /u/; would/wooed,thirty-one days,y,first,other,,not specific,JB_1205
8,1c1a7f64e7f4447e57fbd8d14bffc7b87cb3ea6b8ecc56da492de37af51306d6,"I heard an error, but can't pinpoint it. But it should state,' How many days would my bike be gone if someone borrowed it in July.'",how_many_days_wooed_wooled_my_bike_tandem_be_gone_if_someone_borrows_it_for_july_targ_17_D.wav,target,both_err,adj/noun order,/ʊ/ --> /u/; would/wooed,thirty-one days,,,,,,
8,1c1a7f64e7f4447e57fbd8d14bffc7b87cb3ea6b8ecc56da492de37af51306d6,"The question needs to be CORRECTED (Select this if you spot an error, even if you don’t know the answer).",how_many_days_wooed_wooled_my_bike_tandem_be_gone_if_someone_borrows_it_for_july_targ_17_D.wav,target,both_err,adj/noun order,/ʊ/ --> /u/; would/wooed,thirty-one days,y,secdiff,np,,,JB_1205
8,1c1a7f64e7f4447e57fbd8d14bffc7b87cb3ea6b8ecc56da492de37af51306d6,I heard the word 'tandem' which doesn't make sense. Answer is 31 days.,how_many_days_wooed_wooled_my_bike_tandem_be_gone_if_someone_borrows_it_for_july_targ_17_D.wav,target,both_err,adj/noun order,/ʊ/ --> /u/; would/wooed,thirty-one days,,,,,,
8,1c1a7f64e7f4447e57fbd8d14bffc7b87cb3ea6b8ecc56da492de37af51306d6,The question does NOT need any corrections.,what_letter_in_the_latin_alphabet_corresponds_to_the_greek_letter_alpha_fill_01.wav,filler_other,NA,NA,NA,a,nans,first,,a,,JB_1205
8,1c1a7f64e7f4447e57fbd8d14bffc7b87cb3ea6b8ecc56da492de37af51306d6,Answer is the letter A.,what_letter_in_the_latin_alphabet_corresponds_to_the_greek_letter_alpha_fill_01.wav,filler_other,NA,NA,NA,a,,,,,,
8,1c1a7f64e7f4447e57fbd8d14bffc7b87cb3ea6b8ecc56da492de37af51306d6,I’m good — skip to the next question,what_letter_in_the_latin_alphabet_corresponds_to_the_greek_letter_alpha_fill_01.wav,filler_other,NA,NA,NA,a,s,secsame,,,,JB_1205
8,1c1a7f64e7f4447e57fbd8d14bffc7b87cb3ea6b8ecc56da492de37af51306d6,NA,what_letter_in_the_latin_alphabet_corresponds_to_the_greek_letter_alpha_fill_01.wav,filler_other,NA,NA,NA,a,,,,,,
8,1c1a7f64e7f4447e57fbd8d14bffc7b87cb3ea6b8ecc56da492de37af51306d6,"The question needs to be CORRECTED (Select this if you spot an error, even if you don’t know the answer).",which_cartoon_character_works_at_the_krusty_krab_and_is_best_friends_with_patrick_star_fill_04.wav,filler_other,NA,NA,NA,Spongebob,y,first,otherfill,,reports mispronunciation of 'cartoon',JB_1205
8,1c1a7f64e7f4447e57fbd8d14bffc7b87cb3ea6b8ecc56da492de37af51306d6,carton' needs to be 'cartoon'. Answer is Sponge Bob.,which_cartoon_character_works_at_the_krusty_krab_and_is_best_friends_with_patrick_star_fill_04.wav,filler_other,NA,NA,NA,Spongebob,,,,,,
8,1c1a7f64e7f4447e57fbd8d14bffc7b87cb3ea6b8ecc56da492de37af51306d6,I’m good — skip to the next question,which_cartoon_character_works_at_the_krusty_krab_and_is_best_friends_with_patrick_star_fill_04.wav,filler_other,NA,NA,NA,Spongebob,s,secsame,,,,JB_1205
8,1c1a7f64e7f4447e57fbd8d14bffc7b87cb3ea6b8ecc56da492de37af51306d6,NA,which_cartoon_character_works_at_the_krusty_krab_and_is_best_friends_with_patrick_star_fill_04.wav,filler_other,NA,NA,NA,Spongebob,,,,,,
8,1c1a7f64e7f4447e57fbd8d14bffc7b87cb3ea6b8ecc56da492de37af51306d6,"The question needs to be CORRECTED (Select this if you spot an error, even if you don’t know the answer).",which_british_celebrity_judge_often_harshly_critiqued_contestants_on_the_nationwide_singing_contest_american_idol_fill_03.wav,filler_other,NA,NA,NA,Simon Cowell,y,first,other,,says 'critique' should be 'critiques' - likely did not hear 'critiqued',JB_1205
8,1c1a7f64e7f4447e57fbd8d14bffc7b87cb3ea6b8ecc56da492de37af51306d6,critique' should be 'critiques'. Answer is Simon Cowell.,which_british_celebrity_judge_often_harshly_critiqued_contestants_on_the_nationwide_singing_contest_american_idol_fill_03.wav,filler_other,NA,NA,NA,Simon Cowell,,,,,,
8,1c1a7f64e7f4447e57fbd8d14bffc7b87cb3ea6b8ecc56da492de37af51306d6,I’m good — skip to the next question,which_british_celebrity_judge_often_harshly_critiqued_contestants_on_the_nationwide_singing_contest_american_idol_fill_03.wav,filler_other,NA,NA,NA,Simon Cowell,s,secsame,,,,JB_1205
8,1c1a7f64e7f4447e57fbd8d14bffc7b87cb3ea6b8ecc56da492de37af51306d6,NA,which_british_celebrity_judge_often_harshly_critiqued_contestants_on_the_nationwide_singing_contest_american_idol_fill_03.wav,filler_other,NA,NA,NA,Simon Cowell,,,,,,
8,1c1a7f64e7f4447e57fbd8d14bffc7b87cb3ea6b8ecc56da492de37af51306d6,"The question needs to be CORRECTED (Select this if you spot an error, even if you don’t know the answer).",what_popular_us_chain_provides_a_happy_meal_toy_or_plush_when_kids_have_hungry_targ_20_C.wav,target,non_phon_err,have vs. be,/ʃ/ --> /s/; plush/plus,McDonald's,y,first,np,,,JB_1205
8,1c1a7f64e7f4447e57fbd8d14bffc7b87cb3ea6b8ecc56da492de37af51306d6,have' needs to be 'are',what_popular_us_chain_provides_a_happy_meal_toy_or_plush_when_kids_have_hungry_targ_20_C.wav,target,non_phon_err,have vs. be,/ʃ/ --> /s/; plush/plus,McDonald's,,,,,,
8,1c1a7f64e7f4447e57fbd8d14bffc7b87cb3ea6b8ecc56da492de37af51306d6,"The question needs to be CORRECTED (Select this if you spot an error, even if you don’t know the answer).",what_popular_us_chain_provides_a_happy_meal_toy_or_plush_when_kids_have_hungry_targ_20_C.wav,target,non_phon_err,have vs. be,/ʃ/ --> /s/; plush/plus,McDonald's,y,secsame,np,,,JB_1205
8,1c1a7f64e7f4447e57fbd8d14bffc7b87cb3ea6b8ecc56da492de37af51306d6,"The first part of the sentence is wrong. It should state, 'What US fast food chain...' 'have' needs to be 'are'. Answer is McDonalds.",what_popular_us_chain_provides_a_happy_meal_toy_or_plush_when_kids_have_hungry_targ_20_C.wav,target,non_phon_err,have vs. be,/ʃ/ --> /s/; plush/plus,McDonald's,,,,,,
8,1c1a7f64e7f4447e57fbd8d14bffc7b87cb3ea6b8ecc56da492de37af51306d6,The question does NOT need any corrections.,who_discovered_the_law_of_universal_gravitation_which_accounts_for_why_objects_naturally_fall_downwards_fill_15.wav,filler_other,NA,NA,NA,Isaac Newton,nans,first,,a,,JB_1205
8,1c1a7f64e7f4447e57fbd8d14bffc7b87cb3ea6b8ecc56da492de37af51306d6,Sir Isaac Newton,who_discovered_the_law_of_universal_gravitation_which_accounts_for_why_objects_naturally_fall_downwards_fill_15.wav,filler_other,NA,NA,NA,Isaac Newton,,,,,,
8,1c1a7f64e7f4447e57fbd8d14bffc7b87cb3ea6b8ecc56da492de37af51306d6,I’m good — skip to the next question,who_discovered_the_law_of_universal_gravitation_which_accounts_for_why_objects_naturally_fall_downwards_fill_15.wav,filler_other,NA,NA,NA,Isaac Newton,s,secsame,,,,JB_1205
8,1c1a7f64e7f4447e57fbd8d14bffc7b87cb3ea6b8ecc56da492de37af51306d6,NA,who_discovered_the_law_of_universal_gravitation_which_accounts_for_why_objects_naturally_fall_downwards_fill_15.wav,filler_other,NA,NA,NA,Isaac Newton,,,,,,
8,1c1a7f64e7f4447e57fbd8d14bffc7b87cb3ea6b8ecc56da492de37af51306d6,"The question does NOT need any corrections, but I don't know the answer/ I don't understand what the question is asking.",in_the_lion_king_who_nala_talk_to_and_is_laying_in_a_got_after_theyve_reunited_targ_21_D.wav,target,both_err,no aux verbs in questions (lack of do support),/k/ --> /g/; cot/got,Simba,nun,first,,,,JB_1205
8,1c1a7f64e7f4447e57fbd8d14bffc7b87cb3ea6b8ecc56da492de37af51306d6,N/A,in_the_lion_king_who_nala_talk_to_and_is_laying_in_a_got_after_theyve_reunited_targ_21_D.wav,target,both_err,no aux verbs in questions (lack of do support),/k/ --> /g/; cot/got,Simba,,,,,,
8,1c1a7f64e7f4447e57fbd8d14bffc7b87cb3ea6b8ecc56da492de37af51306d6,"The question needs to be CORRECTED (Select this if you spot an error, even if you don’t know the answer).",in_the_lion_king_who_nala_talk_to_and_is_laying_in_a_got_after_theyve_reunited_targ_21_D.wav,target,both_err,no aux verbs in questions (lack of do support),/k/ --> /g/; cot/got,Simba,y,secdiff,,,,JB_1205
8,1c1a7f64e7f4447e57fbd8d14bffc7b87cb3ea6b8ecc56da492de37af51306d6,"It should say, 'who did' at the begining of the sentence.",in_the_lion_king_who_nala_talk_to_and_is_laying_in_a_got_after_theyve_reunited_targ_21_D.wav,target,both_err,no aux verbs in questions (lack of do support),/k/ --> /g/; cot/got,Simba,,,,,,
8,1c1a7f64e7f4447e57fbd8d14bffc7b87cb3ea6b8ecc56da492de37af51306d6,The question does NOT need any corrections.,which_body_part_did_van_gogh_allegedly_cut_off_after_an_argument_with_his_friend_fill_05.wav,filler_other,NA,NA,NA,ear,nans,first,,a,,JB_1205
8,1c1a7f64e7f4447e57fbd8d14bffc7b87cb3ea6b8ecc56da492de37af51306d6,His ear.,which_body_part_did_van_gogh_allegedly_cut_off_after_an_argument_with_his_friend_fill_05.wav,filler_other,NA,NA,NA,ear,,,,,,
8,1c1a7f64e7f4447e57fbd8d14bffc7b87cb3ea6b8ecc56da492de37af51306d6,"The question needs to be CORRECTED (Select this if you spot an error, even if you don’t know the answer).",which_body_part_did_van_gogh_allegedly_cut_off_after_an_argument_with_his_friend_fill_05.wav,filler_other,NA,NA,NA,ear,y,secdiff,,,,JB_1205
8,1c1a7f64e7f4447e57fbd8d14bffc7b87cb3ea6b8ecc56da492de37af51306d6,vody' should be 'body'. Answer is ear.,which_body_part_did_van_gogh_allegedly_cut_off_after_an_argument_with_his_friend_fill_05.wav,filler_other,NA,NA,NA,ear,,,,,,
8,1c1a7f64e7f4447e57fbd8d14bffc7b87cb3ea6b8ecc56da492de37af51306d6,The question does NOT need any corrections.,what_is_the_name_of_the_comic_strip_featuring_charlie_brown_and_his_dog_snoopy_fill_06.wav,filler_other,NA,NA,NA,Peanuts,nans,first,,a,,JB_1205
8,1c1a7f64e7f4447e57fbd8d14bffc7b87cb3ea6b8ecc56da492de37af51306d6,Answer is Peanuts.,what_is_the_name_of_the_comic_strip_featuring_charlie_brown_and_his_dog_snoopy_fill_06.wav,filler_other,NA,NA,NA,Peanuts,,,,,,
8,1c1a7f64e7f4447e57fbd8d14bffc7b87cb3ea6b8ecc56da492de37af51306d6,I’m good — skip to the next question,what_is_the_name_of_the_comic_strip_featuring_charlie_brown_and_his_dog_snoopy_fill_06.wav,filler_other,NA,NA,NA,Peanuts,s,secsame,,,,JB_1205
8,1c1a7f64e7f4447e57fbd8d14bffc7b87cb3ea6b8ecc56da492de37af51306d6,NA,what_is_the_name_of_the_comic_strip_featuring_charlie_brown_and_his_dog_snoopy_fill_06.wav,filler_other,NA,NA,NA,Peanuts,,,,,,
8,1c1a7f64e7f4447e57fbd8d14bffc7b87cb3ea6b8ecc56da492de37af51306d6,The question does NOT need any corrections.,what_holiday_occurs_at_the_end_of_october_and_features_trick-or-treating_pumpkins_and_haunted_houses_fill_07.wav,filler_other,NA,NA,NA,Halloween,nans,first,,a,,JB_1205
8,1c1a7f64e7f4447e57fbd8d14bffc7b87cb3ea6b8ecc56da492de37af51306d6,Answer is Halloween.,what_holiday_occurs_at_the_end_of_october_and_features_trick-or-treating_pumpkins_and_haunted_houses_fill_07.wav,filler_other,NA,NA,NA,Halloween,,,,,,
8,1c1a7f64e7f4447e57fbd8d14bffc7b87cb3ea6b8ecc56da492de37af51306d6,"The question needs to be CORRECTED (Select this if you spot an error, even if you don’t know the answer).",what_holiday_occurs_at_the_end_of_october_and_features_trick-or-treating_pumpkins_and_haunted_houses_fill_07.wav,filler_other,NA,NA,NA,Halloween,y,secdiff,otherfill,,reports mispronunciation of 'occurs',JB_1205
8,1c1a7f64e7f4447e57fbd8d14bffc7b87cb3ea6b8ecc56da492de37af51306d6,acures' should be 'occurs'. Answer is Halloween.,what_holiday_occurs_at_the_end_of_october_and_features_trick-or-treating_pumpkins_and_haunted_houses_fill_07.wav,filler_other,NA,NA,NA,Halloween,,,,,,
8,1c1a7f64e7f4447e57fbd8d14bffc7b87cb3ea6b8ecc56da492de37af51306d6,"The question needs to be CORRECTED (Select this if you spot an error, even if you don’t know the answer).",what_novel_has_the_quote_i’m_late_i’m_late_for_a_very_important_date_fill_13.wav,filler_other,NA,NA,NA,Alice in Wonderland,y,first,otherfill,,reports 'I'm late' being repeated twice,JB_1205
8,1c1a7f64e7f4447e57fbd8d14bffc7b87cb3ea6b8ecc56da492de37af51306d6,I'm late' is repeated twice.,what_novel_has_the_quote_i’m_late_i’m_late_for_a_very_important_date_fill_13.wav,filler_other,NA,NA,NA,Alice in Wonderland,,,,,,
8,1c1a7f64e7f4447e57fbd8d14bffc7b87cb3ea6b8ecc56da492de37af51306d6,The question does NOT need any corrections.,what_novel_has_the_quote_i’m_late_i’m_late_for_a_very_important_date_fill_13.wav,filler_other,NA,NA,NA,Alice in Wonderland,nans,secdiff,,a,,JB_1205
8,1c1a7f64e7f4447e57fbd8d14bffc7b87cb3ea6b8ecc56da492de37af51306d6,"Not 100% sure, but I think that's from Alice in Wonderland.",what_novel_has_the_quote_i’m_late_i’m_late_for_a_very_important_date_fill_13.wav,filler_other,NA,NA,NA,Alice in Wonderland,,,,,,
8,1c1a7f64e7f4447e57fbd8d14bffc7b87cb3ea6b8ecc56da492de37af51306d6,"The question does NOT need any corrections, but I don't know the answer/ I don't understand what the question is asking.",how_many_legs_does_a_canadian_garden_spider_whose_silk_can_make_cloth_have_targ_06_A.wav,target,correct,adj/noun order,/θ/ --> /t/; cloth/clot,eight,nun,first,,,,JB_1205
8,1c1a7f64e7f4447e57fbd8d14bffc7b87cb3ea6b8ecc56da492de37af51306d6,N/A,how_many_legs_does_a_canadian_garden_spider_whose_silk_can_make_cloth_have_targ_06_A.wav,target,correct,adj/noun order,/θ/ --> /t/; cloth/clot,eight,,,,,,
8,1c1a7f64e7f4447e57fbd8d14bffc7b87cb3ea6b8ecc56da492de37af51306d6,The question does NOT need any corrections.,how_many_legs_does_a_canadian_garden_spider_whose_silk_can_make_cloth_have_targ_06_A.wav,target,correct,adj/noun order,/θ/ --> /t/; cloth/clot,eight,nans,secdiff,,a,,JB_1205
8,1c1a7f64e7f4447e57fbd8d14bffc7b87cb3ea6b8ecc56da492de37af51306d6,Eight legs.,how_many_legs_does_a_canadian_garden_spider_whose_silk_can_make_cloth_have_targ_06_A.wav,target,correct,adj/noun order,/θ/ --> /t/; cloth/clot,eight,,,,,,
8,1c1a7f64e7f4447e57fbd8d14bffc7b87cb3ea6b8ecc56da492de37af51306d6,"The question needs to be CORRECTED (Select this if you spot an error, even if you don’t know the answer).",what_kind_of_weather_cooed_cooled_occur_when_is_raining_and_below_freezing_targ_05_D.wav,target,both_err,expletive 'it' dropping,/ʊ/ --> /u/; could/cooed,snow,y,first,p,,,JB_1205
8,1c1a7f64e7f4447e57fbd8d14bffc7b87cb3ea6b8ecc56da492de37af51306d6,I heard 'cold' instead of 'could'.,what_kind_of_weather_cooed_cooled_occur_when_is_raining_and_below_freezing_targ_05_D.wav,target,both_err,expletive 'it' dropping,/ʊ/ --> /u/; could/cooed,snow,,,,,,
8,1c1a7f64e7f4447e57fbd8d14bffc7b87cb3ea6b8ecc56da492de37af51306d6,"The question needs to be CORRECTED (Select this if you spot an error, even if you don’t know the answer).",what_kind_of_weather_cooed_cooled_occur_when_is_raining_and_below_freezing_targ_05_D.wav,target,both_err,expletive 'it' dropping,/ʊ/ --> /u/; could/cooed,snow,y,secsame,p,,,JB_1205
8,1c1a7f64e7f4447e57fbd8d14bffc7b87cb3ea6b8ecc56da492de37af51306d6,Cold' needs to be 'could'. Answer is freezing rain or sleet.,what_kind_of_weather_cooed_cooled_occur_when_is_raining_and_below_freezing_targ_05_D.wav,target,both_err,expletive 'it' dropping,/ʊ/ --> /u/; could/cooed,snow,,,,,,
8,1c1a7f64e7f4447e57fbd8d14bffc7b87cb3ea6b8ecc56da492de37af51306d6,"The question does NOT need any corrections, but I don't know the answer/ I don't understand what the question is asking.",if_a_hardworking_janitor_cleaned_a_vent_in_five_minutes_how_many_seconds_is_that_targ_22_A.wav,target,correct,adj/noun order,/v/ --> /b/; vent/bent,eight,nun,first,,,,JB_1205
8,1c1a7f64e7f4447e57fbd8d14bffc7b87cb3ea6b8ecc56da492de37af51306d6,N/A,if_a_hardworking_janitor_cleaned_a_vent_in_five_minutes_how_many_seconds_is_that_targ_22_A.wav,target,correct,adj/noun order,/v/ --> /b/; vent/bent,eight,,,,,,
8,1c1a7f64e7f4447e57fbd8d14bffc7b87cb3ea6b8ecc56da492de37af51306d6,"The question needs to be CORRECTED (Select this if you spot an error, even if you don’t know the answer).",if_a_hardworking_janitor_cleaned_a_vent_in_five_minutes_how_many_seconds_is_that_targ_22_A.wav,target,correct,adj/noun order,/v/ --> /b/; vent/bent,eight,y,secdiff,other,,thought 'vent' was 'event' and corrected accordingly,JB_1205
8,1c1a7f64e7f4447e57fbd8d14bffc7b87cb3ea6b8ecc56da492de37af51306d6,"The sentence should read, 'If a hard working janitor cleaned after an event in five minutes, how many seconds is that?'",if_a_hardworking_janitor_cleaned_a_vent_in_five_minutes_how_many_seconds_is_that_targ_22_A.wav,target,correct,adj/noun order,/v/ --> /b/; vent/bent,eight,,,,,,
8,1c1a7f64e7f4447e57fbd8d14bffc7b87cb3ea6b8ecc56da492de37af51306d6,"The question needs to be CORRECTED (Select this if you spot an error, even if you don’t know the answer).",if_youre_on_a_path_from_california_to_hawaii_which_ocean_you_go_through_targ_12_C.wav,target,non_phon_err,no aux verbs in questions (lack of do support),/θ/ --> /t/; path/pat,Pacific Ocean,y,first,np,,,JB_1205
8,1c1a7f64e7f4447e57fbd8d14bffc7b87cb3ea6b8ecc56da492de37af51306d6,"It should be corrected to, 'which ocean do you'. Answer is Pacific Ocean.",if_youre_on_a_path_from_california_to_hawaii_which_ocean_you_go_through_targ_12_C.wav,target,non_phon_err,no aux verbs in questions (lack of do support),/θ/ --> /t/; path/pat,Pacific Ocean,,,,,,
8,1c1a7f64e7f4447e57fbd8d14bffc7b87cb3ea6b8ecc56da492de37af51306d6,I’m good — skip to the next question,if_youre_on_a_path_from_california_to_hawaii_which_ocean_you_go_through_targ_12_C.wav,target,non_phon_err,no aux verbs in questions (lack of do support),/θ/ --> /t/; path/pat,Pacific Ocean,s,secsame,,,,JB_1205
8,1c1a7f64e7f4447e57fbd8d14bffc7b87cb3ea6b8ecc56da492de37af51306d6,NA,if_youre_on_a_path_from_california_to_hawaii_which_ocean_you_go_through_targ_12_C.wav,target,non_phon_err,no aux verbs in questions (lack of do support),/θ/ --> /t/; path/pat,Pacific Ocean,,,,,,
8,1c1a7f64e7f4447e57fbd8d14bffc7b87cb3ea6b8ecc56da492de37af51306d6,The question does NOT need any corrections.,which_tropical_fruit_that_grows_on_palm_trees_is_used_for_oils_and_milks_fill_18.wav,filler_other,NA,NA,NA,coconuts,nans,first,,a,,JB_1205
8,1c1a7f64e7f4447e57fbd8d14bffc7b87cb3ea6b8ecc56da492de37af51306d6,Answer is coconut.,which_tropical_fruit_that_grows_on_palm_trees_is_used_for_oils_and_milks_fill_18.wav,filler_other,NA,NA,NA,coconuts,,,,,,
8,1c1a7f64e7f4447e57fbd8d14bffc7b87cb3ea6b8ecc56da492de37af51306d6,I’m good — skip to the next question,which_tropical_fruit_that_grows_on_palm_trees_is_used_for_oils_and_milks_fill_18.wav,filler_other,NA,NA,NA,coconuts,s,secsame,,,,JB_1205
8,1c1a7f64e7f4447e57fbd8d14bffc7b87cb3ea6b8ecc56da492de37af51306d6,NA,which_tropical_fruit_that_grows_on_palm_trees_is_used_for_oils_and_milks_fill_18.wav,filler_other,NA,NA,NA,coconuts,,,,,,
8,1c1a7f64e7f4447e57fbd8d14bffc7b87cb3ea6b8ecc56da492de37af51306d6,"The question needs to be CORRECTED (Select this if you spot an error, even if you don’t know the answer).",where_do_people_get_drivers_licenses_since_is_required_as_valid_id_to_drive_targ_16_C.wav,target,non_phon_err,expletive 'it' dropping,/v/ --> /b/; valid/ballad,DMV,y,first,np,,,JB_1205
8,1c1a7f64e7f4447e57fbd8d14bffc7b87cb3ea6b8ecc56da492de37af51306d6,"is' should be ""it's"". Answer is Department of Motor Vehicles.",where_do_people_get_drivers_licenses_since_is_required_as_valid_id_to_drive_targ_16_C.wav,target,non_phon_err,expletive 'it' dropping,/v/ --> /b/; valid/ballad,DMV,,,,,,
8,1c1a7f64e7f4447e57fbd8d14bffc7b87cb3ea6b8ecc56da492de37af51306d6,I’m good — skip to the next question,where_do_people_get_drivers_licenses_since_is_required_as_valid_id_to_drive_targ_16_C.wav,target,non_phon_err,expletive 'it' dropping,/v/ --> /b/; valid/ballad,DMV,s,secsame,,,,JB_1205
8,1c1a7f64e7f4447e57fbd8d14bffc7b87cb3ea6b8ecc56da492de37af51306d6,NA,where_do_people_get_drivers_licenses_since_is_required_as_valid_id_to_drive_targ_16_C.wav,target,non_phon_err,expletive 'it' dropping,/v/ --> /b/; valid/ballad,DMV,,,,,,
8,1c1a7f64e7f4447e57fbd8d14bffc7b87cb3ea6b8ecc56da492de37af51306d6,The question does NOT need any corrections.,which_scottish_actor_first_played_james_bond_wearing_guilts_to_red_carpets_when_he_was_32_years_old_targ_03_B.wav,target,phon_err,have vs. be,/k/ --> /g/; kilt/guilt,Sean Connery,nans,first,,a,,JB_1205
8,1c1a7f64e7f4447e57fbd8d14bffc7b87cb3ea6b8ecc56da492de37af51306d6,Sean Connery,which_scottish_actor_first_played_james_bond_wearing_guilts_to_red_carpets_when_he_was_32_years_old_targ_03_B.wav,target,phon_err,have vs. be,/k/ --> /g/; kilt/guilt,Sean Connery,,,,,,
8,1c1a7f64e7f4447e57fbd8d14bffc7b87cb3ea6b8ecc56da492de37af51306d6,"The question needs to be CORRECTED (Select this if you spot an error, even if you don’t know the answer).",which_scottish_actor_first_played_james_bond_wearing_guilts_to_red_carpets_when_he_was_32_years_old_targ_03_B.wav,target,phon_err,have vs. be,/k/ --> /g/; kilt/guilt,Sean Connery,y,secdiff,p,,,JB_1205
8,1c1a7f64e7f4447e57fbd8d14bffc7b87cb3ea6b8ecc56da492de37af51306d6,I heard 'guilts' instead of 'kilts'. Answer is Sean Connery.,which_scottish_actor_first_played_james_bond_wearing_guilts_to_red_carpets_when_he_was_32_years_old_targ_03_B.wav,target,phon_err,have vs. be,/k/ --> /g/; kilt/guilt,Sean Connery,,,,,,
8,1c1a7f64e7f4447e57fbd8d14bffc7b87cb3ea6b8ecc56da492de37af51306d6,"The question needs to be CORRECTED (Select this if you spot an error, even if you don’t know the answer).",because_is_important_to_honor_the_irish_saint_what_holiday_occurs_on_march_17th_targ_08_C.wav,target,non_phon_err,expletive 'it' dropping,/ʃ/ --> /s/; Irish/iris,St. Patrick's Day,y,first,np,,,JB_1205
8,1c1a7f64e7f4447e57fbd8d14bffc7b87cb3ea6b8ecc56da492de37af51306d6,It should be corrected to 'because it is'.,because_is_important_to_honor_the_irish_saint_what_holiday_occurs_on_march_17th_targ_08_C.wav,target,non_phon_err,expletive 'it' dropping,/ʃ/ --> /s/; Irish/iris,St. Patrick's Day,,,,,,
8,1c1a7f64e7f4447e57fbd8d14bffc7b87cb3ea6b8ecc56da492de37af51306d6,I’m good — skip to the next question,because_is_important_to_honor_the_irish_saint_what_holiday_occurs_on_march_17th_targ_08_C.wav,target,non_phon_err,expletive 'it' dropping,/ʃ/ --> /s/; Irish/iris,St. Patrick's Day,s,secsame,,,,JB_1205
8,1c1a7f64e7f4447e57fbd8d14bffc7b87cb3ea6b8ecc56da492de37af51306d6,NA,because_is_important_to_honor_the_irish_saint_what_holiday_occurs_on_march_17th_targ_08_C.wav,target,non_phon_err,expletive 'it' dropping,/ʃ/ --> /s/; Irish/iris,St. Patrick's Day,,,,,,
8,1c1a7f64e7f4447e57fbd8d14bffc7b87cb3ea6b8ecc56da492de37af51306d6,The question does NOT need any corrections.,what_childrens_game_makes_people_seat_down_quickly_when_the_loud_music_stops_targ_07_B.wav,target,phon_err,adj/noun order,/ɪ/ --> /i/; sit/seat,musical chairs,nans,first,,a,,JB_1205
8,1c1a7f64e7f4447e57fbd8d14bffc7b87cb3ea6b8ecc56da492de37af51306d6,Musical Chairs,what_childrens_game_makes_people_seat_down_quickly_when_the_loud_music_stops_targ_07_B.wav,target,phon_err,adj/noun order,/ɪ/ --> /i/; sit/seat,musical chairs,,,,,,
8,1c1a7f64e7f4447e57fbd8d14bffc7b87cb3ea6b8ecc56da492de37af51306d6,I’m good — skip to the next question,what_childrens_game_makes_people_seat_down_quickly_when_the_loud_music_stops_targ_07_B.wav,target,phon_err,adj/noun order,/ɪ/ --> /i/; sit/seat,musical chairs,s,secsame,,,,JB_1205
8,1c1a7f64e7f4447e57fbd8d14bffc7b87cb3ea6b8ecc56da492de37af51306d6,NA,what_childrens_game_makes_people_seat_down_quickly_when_the_loud_music_stops_targ_07_B.wav,target,phon_err,adj/noun order,/ɪ/ --> /i/; sit/seat,musical chairs,,,,,,
8,1c1a7f64e7f4447e57fbd8d14bffc7b87cb3ea6b8ecc56da492de37af51306d6,The question does NOT need any corrections.,what_mythical_creatures_have_been_said_to_drink_blood_turn_into_bats_and_hate_onions_fill_14.wav,filler_other,NA,NA,NA,vampires,nans,first,,a,,JB_1205
8,1c1a7f64e7f4447e57fbd8d14bffc7b87cb3ea6b8ecc56da492de37af51306d6,Vampires,what_mythical_creatures_have_been_said_to_drink_blood_turn_into_bats_and_hate_onions_fill_14.wav,filler_other,NA,NA,NA,vampires,,,,,,
8,1c1a7f64e7f4447e57fbd8d14bffc7b87cb3ea6b8ecc56da492de37af51306d6,"The question needs to be CORRECTED (Select this if you spot an error, even if you don’t know the answer).",what_mythical_creatures_have_been_said_to_drink_blood_turn_into_bats_and_hate_onions_fill_14.wav,filler_other,NA,NA,NA,vampires,y,secdiff,othernp,,heard 'turned' instead of 'turn',JB_1205
8,1c1a7f64e7f4447e57fbd8d14bffc7b87cb3ea6b8ecc56da492de37af51306d6,turned' should be corrected to 'turn'. Answer is Vampires.,what_mythical_creatures_have_been_said_to_drink_blood_turn_into_bats_and_hate_onions_fill_14.wav,filler_other,NA,NA,NA,vampires,,,,,,
8,1c1a7f64e7f4447e57fbd8d14bffc7b87cb3ea6b8ecc56da492de37af51306d6,"The question needs to be CORRECTED (Select this if you spot an error, even if you don’t know the answer).",if_laundry_service_will_gum_in_five_days_and_todays_thursday_when_are_they_making_laundry_next_targ_09_D.wav,target,both_err,make vs. other verb,/k/ --> /g/; come/gum,Tuesday,y,first,np,,hard to tell if they also notice phon error with correction,JB_1205
8,1c1a7f64e7f4447e57fbd8d14bffc7b87cb3ea6b8ecc56da492de37af51306d6,"service' should be 'services'. The last part should be, 'when will laundry services come next'.",if_laundry_service_will_gum_in_five_days_and_todays_thursday_when_are_they_making_laundry_next_targ_09_D.wav,target,both_err,make vs. other verb,/k/ --> /g/; come/gum,Tuesday,,,,,,
8,1c1a7f64e7f4447e57fbd8d14bffc7b87cb3ea6b8ecc56da492de37af51306d6,I’m good — skip to the next question,if_laundry_service_will_gum_in_five_days_and_todays_thursday_when_are_they_making_laundry_next_targ_09_D.wav,target,both_err,make vs. other verb,/k/ --> /g/; come/gum,Tuesday,s,secsame,,,,JB_1205
8,1c1a7f64e7f4447e57fbd8d14bffc7b87cb3ea6b8ecc56da492de37af51306d6,NA,if_laundry_service_will_gum_in_five_days_and_todays_thursday_when_are_they_making_laundry_next_targ_09_D.wav,target,both_err,make vs. other verb,/k/ --> /g/; come/gum,Tuesday,,,,,,
8,1c1a7f64e7f4447e57fbd8d14bffc7b87cb3ea6b8ecc56da492de37af51306d6,The question does NOT need any corrections.,what_musician_won_grammys_for_their_album_thriller_which_features_the_hit_song_beat_it_fill_20.wav,filler_other,NA,NA,NA,Michael Jackson,nans,first,,a,,JB_1205
8,1c1a7f64e7f4447e57fbd8d14bffc7b87cb3ea6b8ecc56da492de37af51306d6,Michael Jackson,what_musician_won_grammys_for_their_album_thriller_which_features_the_hit_song_beat_it_fill_20.wav,filler_other,NA,NA,NA,Michael Jackson,,,,,,
8,1c1a7f64e7f4447e57fbd8d14bffc7b87cb3ea6b8ecc56da492de37af51306d6,I’m good — skip to the next question,what_musician_won_grammys_for_their_album_thriller_which_features_the_hit_song_beat_it_fill_20.wav,filler_other,NA,NA,NA,Michael Jackson,s,secsame,,,,JB_1205
8,1c1a7f64e7f4447e57fbd8d14bffc7b87cb3ea6b8ecc56da492de37af51306d6,NA,what_musician_won_grammys_for_their_album_thriller_which_features_the_hit_song_beat_it_fill_20.wav,filler_other,NA,NA,NA,Michael Jackson,,,,,,
8,1c1a7f64e7f4447e57fbd8d14bffc7b87cb3ea6b8ecc56da492de37af51306d6,The question does NOT need any corrections.,what_company_created_the_macbook_a_device_fool_of_features_to_help_students_do_homework_targ_23_B.wav,target,phon_err,make vs. other verb,/ʊ/ --> /u/; full/fool,Apple,nans,first,,a,,JB_1205
8,1c1a7f64e7f4447e57fbd8d14bffc7b87cb3ea6b8ecc56da492de37af51306d6,Apple,what_company_created_the_macbook_a_device_fool_of_features_to_help_students_do_homework_targ_23_B.wav,target,phon_err,make vs. other verb,/ʊ/ --> /u/; full/fool,Apple,,,,,,
8,1c1a7f64e7f4447e57fbd8d14bffc7b87cb3ea6b8ecc56da492de37af51306d6,I’m good — skip to the next question,what_company_created_the_macbook_a_device_fool_of_features_to_help_students_do_homework_targ_23_B.wav,target,phon_err,make vs. other verb,/ʊ/ --> /u/; full/fool,Apple,s,secsame,,,,JB_1205
8,1c1a7f64e7f4447e57fbd8d14bffc7b87cb3ea6b8ecc56da492de37af51306d6,NA,what_company_created_the_macbook_a_device_fool_of_features_to_help_students_do_homework_targ_23_B.wav,target,phon_err,make vs. other verb,/ʊ/ --> /u/; full/fool,Apple,,,,,,
8,1c1a7f64e7f4447e57fbd8d14bffc7b87cb3ea6b8ecc56da492de37af51306d6,The question does NOT need any corrections.,what_colors_can_be_on_a_traffic_light_which_often_senses_when_cars_pool_up_targ_11_B.wav,target,phon_err,have vs. be,/ʊ/ --> /u/; pulls/pools,green,nans,first,,a,,JB_1205
8,1c1a7f64e7f4447e57fbd8d14bffc7b87cb3ea6b8ecc56da492de37af51306d6,"Red, Yellow, and Green.",what_colors_can_be_on_a_traffic_light_which_often_senses_when_cars_pool_up_targ_11_B.wav,target,phon_err,have vs. be,/ʊ/ --> /u/; pulls/pools,green,,,,,,
8,1c1a7f64e7f4447e57fbd8d14bffc7b87cb3ea6b8ecc56da492de37af51306d6,I’m good — skip to the next question,what_colors_can_be_on_a_traffic_light_which_often_senses_when_cars_pool_up_targ_11_B.wav,target,phon_err,have vs. be,/ʊ/ --> /u/; pulls/pools,green,s,secsame,,,,JB_1205
8,1c1a7f64e7f4447e57fbd8d14bffc7b87cb3ea6b8ecc56da492de37af51306d6,NA,what_colors_can_be_on_a_traffic_light_which_often_senses_when_cars_pool_up_targ_11_B.wav,target,phon_err,have vs. be,/ʊ/ --> /u/; pulls/pools,green,,,,,,
8,1c1a7f64e7f4447e57fbd8d14bffc7b87cb3ea6b8ecc56da492de37af51306d6,"The question does NOT need any corrections, but I don't know the answer/ I don't understand what the question is asking.",who_did_americans_vote_for_to_be_their_first_president_who_avoided_serving_three_terms_targ_10_A.wav,target,correct,infinitive vs. participle,/v/ --> /b/; vote/boat,George Washington,nun,first,,,,JB_1205
8,1c1a7f64e7f4447e57fbd8d14bffc7b87cb3ea6b8ecc56da492de37af51306d6,N/A,who_did_americans_vote_for_to_be_their_first_president_who_avoided_serving_three_terms_targ_10_A.wav,target,correct,infinitive vs. participle,/v/ --> /b/; vote/boat,George Washington,,,,,,
8,1c1a7f64e7f4447e57fbd8d14bffc7b87cb3ea6b8ecc56da492de37af51306d6,"The question needs to be CORRECTED (Select this if you spot an error, even if you don’t know the answer).",who_did_americans_vote_for_to_be_their_first_president_who_avoided_serving_three_terms_targ_10_A.wav,target,correct,infinitive vs. participle,/v/ --> /b/; vote/boat,George Washington,y,secdiff,p,,,JB_1205
8,1c1a7f64e7f4447e57fbd8d14bffc7b87cb3ea6b8ecc56da492de37af51306d6,The word 'vote' sounded incorrect.,who_did_americans_vote_for_to_be_their_first_president_who_avoided_serving_three_terms_targ_10_A.wav,target,correct,infinitive vs. participle,/v/ --> /b/; vote/boat,George Washington,,,,,,
8,1c1a7f64e7f4447e57fbd8d14bffc7b87cb3ea6b8ecc56da492de37af51306d6,"The question needs to be CORRECTED (Select this if you spot an error, even if you don’t know the answer).",which_soft_pastry_made_with_a_certain_spice_is_often_spiral-shaped_and_topped_with_icing_fill_16.wav,filler_other,NA,NA,NA,cinnamon roll,y,first,otherfill,,,JB_1205
8,1c1a7f64e7f4447e57fbd8d14bffc7b87cb3ea6b8ecc56da492de37af51306d6,"The first part of the sentence sounded off, can't pin down why.",which_soft_pastry_made_with_a_certain_spice_is_often_spiral-shaped_and_topped_with_icing_fill_16.wav,filler_other,NA,NA,NA,cinnamon roll,,,,,,
8,1c1a7f64e7f4447e57fbd8d14bffc7b87cb3ea6b8ecc56da492de37af51306d6,"The question needs to be CORRECTED (Select this if you spot an error, even if you don’t know the answer).",which_soft_pastry_made_with_a_certain_spice_is_often_spiral-shaped_and_topped_with_icing_fill_16.wav,filler_other,NA,NA,NA,cinnamon roll,y,secsame,otherfill,,seems to be reporting mispronunciation of 'spiral-shaped',JB_1205
8,1c1a7f64e7f4447e57fbd8d14bffc7b87cb3ea6b8ecc56da492de37af51306d6,it should be corrected to 'spiral shaped'. Answer is Cinnamon Roll.,which_soft_pastry_made_with_a_certain_spice_is_often_spiral-shaped_and_topped_with_icing_fill_16.wav,filler_other,NA,NA,NA,cinnamon roll,,,,,,
8,1c1a7f64e7f4447e57fbd8d14bffc7b87cb3ea6b8ecc56da492de37af51306d6,The question does NOT need any corrections.,where_do_the_jolly_christmas_icons_santa_claus_and_his_wife_mrs._claus_live_fill_22.wav,filler_other,NA,NA,NA,the North Pole,nans,first,,a,,JB_1205
8,1c1a7f64e7f4447e57fbd8d14bffc7b87cb3ea6b8ecc56da492de37af51306d6,The North Pole.,where_do_the_jolly_christmas_icons_santa_claus_and_his_wife_mrs._claus_live_fill_22.wav,filler_other,NA,NA,NA,the North Pole,,,,,,
8,1c1a7f64e7f4447e57fbd8d14bffc7b87cb3ea6b8ecc56da492de37af51306d6,I’m good — skip to the next question,where_do_the_jolly_christmas_icons_santa_claus_and_his_wife_mrs._claus_live_fill_22.wav,filler_other,NA,NA,NA,the North Pole,s,secsame,,,,JB_1205
8,1c1a7f64e7f4447e57fbd8d14bffc7b87cb3ea6b8ecc56da492de37af51306d6,NA,where_do_the_jolly_christmas_icons_santa_claus_and_his_wife_mrs._claus_live_fill_22.wav,filler_other,NA,NA,NA,the North Pole,,,,,,
8,1c1a7f64e7f4447e57fbd8d14bffc7b87cb3ea6b8ecc56da492de37af51306d6,The question does NOT need any corrections.,when_you_are_hot_what_device_measures_body_temperature_in_both_celsius_and_fahrenheit_targ_18_A.wav,target,correct,have vs. be,/θ/ --> /t/; both/boat,thermometer,nans,first,,a,,JB_1205
8,1c1a7f64e7f4447e57fbd8d14bffc7b87cb3ea6b8ecc56da492de37af51306d6,A thermometer.,when_you_are_hot_what_device_measures_body_temperature_in_both_celsius_and_fahrenheit_targ_18_A.wav,target,correct,have vs. be,/θ/ --> /t/; both/boat,thermometer,,,,,,
8,1c1a7f64e7f4447e57fbd8d14bffc7b87cb3ea6b8ecc56da492de37af51306d6,"The question needs to be CORRECTED (Select this if you spot an error, even if you don’t know the answer).",when_you_are_hot_what_device_measures_body_temperature_in_both_celsius_and_fahrenheit_targ_18_A.wav,target,correct,have vs. be,/θ/ --> /t/; both/boat,thermometer,y,secdiff,other,,reports it should be 'your body temperature' and that 'Fahrenheit' is mispronounced,JB_1205
8,1c1a7f64e7f4447e57fbd8d14bffc7b87cb3ea6b8ecc56da492de37af51306d6,should be 'your body temperature'. I also heard 'foreinhight' instead of 'fahrenheit'. Answer is Thermometer.,when_you_are_hot_what_device_measures_body_temperature_in_both_celsius_and_fahrenheit_targ_18_A.wav,target,correct,have vs. be,/θ/ --> /t/; both/boat,thermometer,,,,,,
8,1c1a7f64e7f4447e57fbd8d14bffc7b87cb3ea6b8ecc56da492de37af51306d6,The question does NOT need any corrections.,in_what_country_would_you_find_landmarks_like_the_pyramids_of_giza_and_great_sphinx_fill_24.wav,filler_other,NA,NA,NA,Egypt,nans,first,,a,,JB_1205
8,1c1a7f64e7f4447e57fbd8d14bffc7b87cb3ea6b8ecc56da492de37af51306d6,Egypt.,in_what_country_would_you_find_landmarks_like_the_pyramids_of_giza_and_great_sphinx_fill_24.wav,filler_other,NA,NA,NA,Egypt,,,,,,
8,1c1a7f64e7f4447e57fbd8d14bffc7b87cb3ea6b8ecc56da492de37af51306d6,I’m good — skip to the next question,in_what_country_would_you_find_landmarks_like_the_pyramids_of_giza_and_great_sphinx_fill_24.wav,filler_other,NA,NA,NA,Egypt,s,secsame,,,,JB_1205
8,1c1a7f64e7f4447e57fbd8d14bffc7b87cb3ea6b8ecc56da492de37af51306d6,NA,in_what_country_would_you_find_landmarks_like_the_pyramids_of_giza_and_great_sphinx_fill_24.wav,filler_other,NA,NA,NA,Egypt,,,,,,
8,1c1a7f64e7f4447e57fbd8d14bffc7b87cb3ea6b8ecc56da492de37af51306d6,The question does NOT need any corrections.,which_cartoon_dog_solves_mysteries_with_the_group_fred_daphne_velma_and_shaggy_fill_10.wav,filler_other,NA,NA,NA,Scooby-Doo,nans,first,,a,,JB_1205
8,1c1a7f64e7f4447e57fbd8d14bffc7b87cb3ea6b8ecc56da492de37af51306d6,Scooby Doo,which_cartoon_dog_solves_mysteries_with_the_group_fred_daphne_velma_and_shaggy_fill_10.wav,filler_other,NA,NA,NA,Scooby-Doo,,,,,,
8,1c1a7f64e7f4447e57fbd8d14bffc7b87cb3ea6b8ecc56da492de37af51306d6,I’m good — skip to the next question,which_cartoon_dog_solves_mysteries_with_the_group_fred_daphne_velma_and_shaggy_fill_10.wav,filler_other,NA,NA,NA,Scooby-Doo,s,secsame,,,,JB_1205
8,1c1a7f64e7f4447e57fbd8d14bffc7b87cb3ea6b8ecc56da492de37af51306d6,NA,which_cartoon_dog_solves_mysteries_with_the_group_fred_daphne_velma_and_shaggy_fill_10.wav,filler_other,NA,NA,NA,Scooby-Doo,,,,,,
8,1c1a7f64e7f4447e57fbd8d14bffc7b87cb3ea6b8ecc56da492de37af51306d6,The question does NOT need any corrections.,what_animal_is_typically_white_with_black_spots_and_says_moo_fill_21.wav,filler_other,NA,NA,NA,a cow,nans,first,,a,,JB_1205
8,1c1a7f64e7f4447e57fbd8d14bffc7b87cb3ea6b8ecc56da492de37af51306d6,A cow.,what_animal_is_typically_white_with_black_spots_and_says_moo_fill_21.wav,filler_other,NA,NA,NA,a cow,,,,,,
8,1c1a7f64e7f4447e57fbd8d14bffc7b87cb3ea6b8ecc56da492de37af51306d6,I’m good — skip to the next question,what_animal_is_typically_white_with_black_spots_and_says_moo_fill_21.wav,filler_other,NA,NA,NA,a cow,s,secsame,,,,JB_1205
8,1c1a7f64e7f4447e57fbd8d14bffc7b87cb3ea6b8ecc56da492de37af51306d6,NA,what_animal_is_typically_white_with_black_spots_and_says_moo_fill_21.wav,filler_other,NA,NA,NA,a cow,,,,,,
8,1c1a7f64e7f4447e57fbd8d14bffc7b87cb3ea6b8ecc56da492de37af51306d6,"The question needs to be CORRECTED (Select this if you spot an error, even if you don’t know the answer).",for_what_pink_ice_cream_flavor_wheel_companies_make_their_best_to_use_real_fruit_targ_01_D.wav,target,both_err,make vs. other verb,/ɪ/ --> /i/; will/wheel,strawberry,y,first,np,,,JB_1205
8,1c1a7f64e7f4447e57fbd8d14bffc7b87cb3ea6b8ecc56da492de37af51306d6,"I heard, 'make their best to use real fruit'. That is an error.",for_what_pink_ice_cream_flavor_wheel_companies_make_their_best_to_use_real_fruit_targ_01_D.wav,target,both_err,make vs. other verb,/ɪ/ --> /i/; will/wheel,strawberry,,,,,,
8,1c1a7f64e7f4447e57fbd8d14bffc7b87cb3ea6b8ecc56da492de37af51306d6,I’m good — skip to the next question,for_what_pink_ice_cream_flavor_wheel_companies_make_their_best_to_use_real_fruit_targ_01_D.wav,target,both_err,make vs. other verb,/ɪ/ --> /i/; will/wheel,strawberry,s,secsame,,,,JB_1205
8,1c1a7f64e7f4447e57fbd8d14bffc7b87cb3ea6b8ecc56da492de37af51306d6,NA,for_what_pink_ice_cream_flavor_wheel_companies_make_their_best_to_use_real_fruit_targ_01_D.wav,target,both_err,make vs. other verb,/ɪ/ --> /i/; will/wheel,strawberry,,,,,,
8,1c1a7f64e7f4447e57fbd8d14bffc7b87cb3ea6b8ecc56da492de37af51306d6,"The question needs to be CORRECTED (Select this if you spot an error, even if you don’t know the answer).",what_city_have_people_rushed_to_tour_to_see_where_the_us_government_does_business_targ_14_A.wav,target,correct,make vs. other verb,/ʃ/ --> /s/; rushed/rust,Washington D.C.,y,first,othernp,,says 'cities' should be 'city' and 'have' should be 'has',JB_1205
8,1c1a7f64e7f4447e57fbd8d14bffc7b87cb3ea6b8ecc56da492de37af51306d6,I heard 'cities' instead of 'city'.,what_city_have_people_rushed_to_tour_to_see_where_the_us_government_does_business_targ_14_A.wav,target,correct,make vs. other verb,/ʃ/ --> /s/; rushed/rust,Washington D.C.,,,,,,
8,1c1a7f64e7f4447e57fbd8d14bffc7b87cb3ea6b8ecc56da492de37af51306d6,"The question needs to be CORRECTED (Select this if you spot an error, even if you don’t know the answer).",what_city_have_people_rushed_to_tour_to_see_where_the_us_government_does_business_targ_14_A.wav,target,correct,make vs. other verb,/ʃ/ --> /s/; rushed/rust,Washington D.C.,y,secsame,,,,JB_1205
8,1c1a7f64e7f4447e57fbd8d14bffc7b87cb3ea6b8ecc56da492de37af51306d6,have' should be 'has'.,what_city_have_people_rushed_to_tour_to_see_where_the_us_government_does_business_targ_14_A.wav,target,correct,make vs. other verb,/ʃ/ --> /s/; rushed/rust,Washington D.C.,,,,,,
9,2b59454ffbb3a7af796a6fc9347d05282e36dc003a795fbfa255e48c90d5b188,"The question does NOT need any corrections, but I don't know the answer/ I don't understand what the question is asking.",how_many_legs_does_a_dog_normally_have_fill_25.wav,att_check_good,NA,NA,NA,four,nun,first,,,attention check passed (7/8 correct),JB_1204
9,2b59454ffbb3a7af796a6fc9347d05282e36dc003a795fbfa255e48c90d5b188,NA,how_many_legs_does_a_dog_normally_have_fill_25.wav,att_check_good,NA,NA,NA,four,,,,,,
9,2b59454ffbb3a7af796a6fc9347d05282e36dc003a795fbfa255e48c90d5b188,"The question needs to be CORRECTED (Select this if you spot an error, even if you don’t know the answer).",how_many_legs_does_a_dog_normally_have_fill_25.wav,att_check_good,NA,NA,NA,four,y,secdiff,,a,irrelevant phonological error reported,JB_1204
9,2b59454ffbb3a7af796a6fc9347d05282e36dc003a795fbfa255e48c90d5b188,"""Legs"" sounds too much like ""licks""; the answer is 4.",how_many_legs_does_a_dog_normally_have_fill_25.wav,att_check_good,NA,NA,NA,four,,,,,,
9,2b59454ffbb3a7af796a6fc9347d05282e36dc003a795fbfa255e48c90d5b188,"The question needs to be CORRECTED (Select this if you spot an error, even if you don’t know the answer).",how_many_embers_were_in_the_beatles_the_british_rock_band_fill_32.wav,att_check_err,NA,NA,NA,four (members),y,first,,,,JB_1204
9,2b59454ffbb3a7af796a6fc9347d05282e36dc003a795fbfa255e48c90d5b188,"""Beatles"" sounds too much like ""Bittles""; the answer is 4.",how_many_embers_were_in_the_beatles_the_british_rock_band_fill_32.wav,att_check_err,NA,NA,NA,four (members),,,,,,
9,2b59454ffbb3a7af796a6fc9347d05282e36dc003a795fbfa255e48c90d5b188,"The question needs to be CORRECTED (Select this if you spot an error, even if you don’t know the answer).",how_many_embers_were_in_the_beatles_the_british_rock_band_fill_32.wav,att_check_err,NA,NA,NA,four (members),y,secsame,acheckp,,,JB_1204
9,2b59454ffbb3a7af796a6fc9347d05282e36dc003a795fbfa255e48c90d5b188,"""Embers"" instead of ""members"", and ""Beatles"" sounds too much like ""Bittles""; the answer is 4.",how_many_embers_were_in_the_beatles_the_british_rock_band_fill_32.wav,att_check_err,NA,NA,NA,four (members),,,,,,
9,2b59454ffbb3a7af796a6fc9347d05282e36dc003a795fbfa255e48c90d5b188,The question does NOT need any corrections.,what_state_is_los_angeles_located_in_fill_26.wav,att_check_good,NA,NA,NA,California,nans,first,,a,,JB_1204
9,2b59454ffbb3a7af796a6fc9347d05282e36dc003a795fbfa255e48c90d5b188,California,what_state_is_los_angeles_located_in_fill_26.wav,att_check_good,NA,NA,NA,California,,,,,,
9,2b59454ffbb3a7af796a6fc9347d05282e36dc003a795fbfa255e48c90d5b188,I’m good — skip to the next question,what_state_is_los_angeles_located_in_fill_26.wav,att_check_good,NA,NA,NA,California,s,secsame,,,,JB_1204
9,2b59454ffbb3a7af796a6fc9347d05282e36dc003a795fbfa255e48c90d5b188,NA,what_state_is_los_angeles_located_in_fill_26.wav,att_check_good,NA,NA,NA,California,,,,,,
9,2b59454ffbb3a7af796a6fc9347d05282e36dc003a795fbfa255e48c90d5b188,The question does NOT need any corrections.,what_day_of_the_week_comes_after_monday_fill_27.wav,att_check_good,NA,NA,NA,Tuesday,nans,first,,a,,JB_1204
9,2b59454ffbb3a7af796a6fc9347d05282e36dc003a795fbfa255e48c90d5b188,Tuesday,what_day_of_the_week_comes_after_monday_fill_27.wav,att_check_good,NA,NA,NA,Tuesday,,,,,,
9,2b59454ffbb3a7af796a6fc9347d05282e36dc003a795fbfa255e48c90d5b188,I’m good — skip to the next question,what_day_of_the_week_comes_after_monday_fill_27.wav,att_check_good,NA,NA,NA,Tuesday,s,secsame,,,,JB_1204
9,2b59454ffbb3a7af796a6fc9347d05282e36dc003a795fbfa255e48c90d5b188,NA,what_day_of_the_week_comes_after_monday_fill_27.wav,att_check_good,NA,NA,NA,Tuesday,,,,,,
9,2b59454ffbb3a7af796a6fc9347d05282e36dc003a795fbfa255e48c90d5b188,The question does NOT need any corrections.,what_color_is_a_typical_school_bus_fill_28.wav,att_check_good,NA,NA,NA,yellow,nans,first,,a,,JB_1204
9,2b59454ffbb3a7af796a6fc9347d05282e36dc003a795fbfa255e48c90d5b188,Yellow,what_color_is_a_typical_school_bus_fill_28.wav,att_check_good,NA,NA,NA,yellow,,,,,,
9,2b59454ffbb3a7af796a6fc9347d05282e36dc003a795fbfa255e48c90d5b188,I’m good — skip to the next question,what_color_is_a_typical_school_bus_fill_28.wav,att_check_good,NA,NA,NA,yellow,s,secsame,,,,JB_1204
9,2b59454ffbb3a7af796a6fc9347d05282e36dc003a795fbfa255e48c90d5b188,NA,what_color_is_a_typical_school_bus_fill_28.wav,att_check_good,NA,NA,NA,yellow,,,,,,
9,2b59454ffbb3a7af796a6fc9347d05282e36dc003a795fbfa255e48c90d5b188,"The question needs to be CORRECTED (Select this if you spot an error, even if you don’t know the answer).",what_insect_undergoes_a_process_of_change_to_turn_into_a_butterfy_fill_30.wav,att_check_err,NA,NA,NA,caterpillar (butterfly),y,first,acheckp,,,JB_1204
9,2b59454ffbb3a7af796a6fc9347d05282e36dc003a795fbfa255e48c90d5b188,"""Butterfie"" instead of ""Butterfly""; the answer is a caterpillar.",what_insect_undergoes_a_process_of_change_to_turn_into_a_butterfy_fill_30.wav,att_check_err,NA,NA,NA,caterpillar (butterfly),,,,,,
9,2b59454ffbb3a7af796a6fc9347d05282e36dc003a795fbfa255e48c90d5b188,I’m good — skip to the next question,what_insect_undergoes_a_process_of_change_to_turn_into_a_butterfy_fill_30.wav,att_check_err,NA,NA,NA,caterpillar (butterfly),s,secsame,,,,JB_1204
9,2b59454ffbb3a7af796a6fc9347d05282e36dc003a795fbfa255e48c90d5b188,NA,what_insect_undergoes_a_process_of_change_to_turn_into_a_butterfy_fill_30.wav,att_check_err,NA,NA,NA,caterpillar (butterfly),,,,,,
9,2b59454ffbb3a7af796a6fc9347d05282e36dc003a795fbfa255e48c90d5b188,"The question needs to be CORRECTED (Select this if you spot an error, even if you don’t know the answer).",in_the_cycle_of_seasons_what_season_comes_after_dinter_fill_29.wav,att_check_err,NA,NA,NA,"Spring (Winter, sound sub that's not related)",y,first,acheckp,,,JB_1204
9,2b59454ffbb3a7af796a6fc9347d05282e36dc003a795fbfa255e48c90d5b188,"""Dinter"" instead of ""Winter""; the answer is Spring.",in_the_cycle_of_seasons_what_season_comes_after_dinter_fill_29.wav,att_check_err,NA,NA,NA,"Spring (Winter, sound sub that's not related)",,,,,,
9,2b59454ffbb3a7af796a6fc9347d05282e36dc003a795fbfa255e48c90d5b188,I’m good — skip to the next question,in_the_cycle_of_seasons_what_season_comes_after_dinter_fill_29.wav,att_check_err,NA,NA,NA,"Spring (Winter, sound sub that's not related)",s,secsame,,,,JB_1204
9,2b59454ffbb3a7af796a6fc9347d05282e36dc003a795fbfa255e48c90d5b188,NA,in_the_cycle_of_seasons_what_season_comes_after_dinter_fill_29.wav,att_check_err,NA,NA,NA,"Spring (Winter, sound sub that's not related)",,,,,,
9,2b59454ffbb3a7af796a6fc9347d05282e36dc003a795fbfa255e48c90d5b188,"The question does NOT need any corrections, but I don't know the answer/ I don't understand what the question is asking.",what_is_the_largest_plant_in_the_solar_system_fill_31.wav,att_check_err,NA,NA,NA,Jupiter (planet),nun,first,acheckf,,,JB_1204
9,2b59454ffbb3a7af796a6fc9347d05282e36dc003a795fbfa255e48c90d5b188,NA,what_is_the_largest_plant_in_the_solar_system_fill_31.wav,att_check_err,NA,NA,NA,Jupiter (planet),,,,,,
9,2b59454ffbb3a7af796a6fc9347d05282e36dc003a795fbfa255e48c90d5b188,I’m good — skip to the next question,what_is_the_largest_plant_in_the_solar_system_fill_31.wav,att_check_err,NA,NA,NA,Jupiter (planet),s,secsame,,,,JB_1204
9,2b59454ffbb3a7af796a6fc9347d05282e36dc003a795fbfa255e48c90d5b188,NA,what_is_the_largest_plant_in_the_solar_system_fill_31.wav,att_check_err,NA,NA,NA,Jupiter (planet),,,,,,
9,2b59454ffbb3a7af796a6fc9347d05282e36dc003a795fbfa255e48c90d5b188,The question does NOT need any corrections.,for_what_pink_ice_cream_flavor_will_companies_do_their_best_to_use_real_fruit_targ_01_A.wav,target,correct,make vs. other verb,/ɪ/ --> /i/; will/wheel,strawberry,nans,first,,a,,JB_1205
9,2b59454ffbb3a7af796a6fc9347d05282e36dc003a795fbfa255e48c90d5b188,Strawberry,for_what_pink_ice_cream_flavor_will_companies_do_their_best_to_use_real_fruit_targ_01_A.wav,target,correct,make vs. other verb,/ɪ/ --> /i/; will/wheel,strawberry,,,,,,
9,2b59454ffbb3a7af796a6fc9347d05282e36dc003a795fbfa255e48c90d5b188,I’m good — skip to the next question,for_what_pink_ice_cream_flavor_will_companies_do_their_best_to_use_real_fruit_targ_01_A.wav,target,correct,make vs. other verb,/ɪ/ --> /i/; will/wheel,strawberry,s,secsame,,,,JB_1205
9,2b59454ffbb3a7af796a6fc9347d05282e36dc003a795fbfa255e48c90d5b188,NA,for_what_pink_ice_cream_flavor_will_companies_do_their_best_to_use_real_fruit_targ_01_A.wav,target,correct,make vs. other verb,/ɪ/ --> /i/; will/wheel,strawberry,,,,,,
9,2b59454ffbb3a7af796a6fc9347d05282e36dc003a795fbfa255e48c90d5b188,"The question does NOT need any corrections, but I don't know the answer/ I don't understand what the question is asking.",what_city_have_people_rust_to_tour_to_see_where_the_us_government_does_business_targ_14_B.wav,target,phon_err,make vs. other verb,/ʃ/ --> /s/; rushed/rust,Washington D.C.,nun,first,,,,JB_1205
9,2b59454ffbb3a7af796a6fc9347d05282e36dc003a795fbfa255e48c90d5b188,NA,what_city_have_people_rust_to_tour_to_see_where_the_us_government_does_business_targ_14_B.wav,target,phon_err,make vs. other verb,/ʃ/ --> /s/; rushed/rust,Washington D.C.,,,,,,
9,2b59454ffbb3a7af796a6fc9347d05282e36dc003a795fbfa255e48c90d5b188,"The question needs to be CORRECTED (Select this if you spot an error, even if you don’t know the answer).",what_city_have_people_rust_to_tour_to_see_where_the_us_government_does_business_targ_14_B.wav,target,phon_err,make vs. other verb,/ʃ/ --> /s/; rushed/rust,Washington D.C.,y,secdiff,p,,seems to notice phonological error in addition to general difficulty understanding the sentence,JB_1205
9,2b59454ffbb3a7af796a6fc9347d05282e36dc003a795fbfa255e48c90d5b188,"The whole sentence is confusingly worded, but I think the speaker said ""rast"" instead of ""has"" at one point; the answer is Washington DC.",what_city_have_people_rust_to_tour_to_see_where_the_us_government_does_business_targ_14_B.wav,target,phon_err,make vs. other verb,/ʃ/ --> /s/; rushed/rust,Washington D.C.,,,,,,
9,2b59454ffbb3a7af796a6fc9347d05282e36dc003a795fbfa255e48c90d5b188,The question does NOT need any corrections.,what_is_the_name_of_the_comic_strip_featuring_charlie_brown_and_his_dog_snoopy_fill_06.wav,filler_other,NA,NA,NA,Peanuts,nans,first,,a,,JB_1205
9,2b59454ffbb3a7af796a6fc9347d05282e36dc003a795fbfa255e48c90d5b188,Peanuts,what_is_the_name_of_the_comic_strip_featuring_charlie_brown_and_his_dog_snoopy_fill_06.wav,filler_other,NA,NA,NA,Peanuts,,,,,,
9,2b59454ffbb3a7af796a6fc9347d05282e36dc003a795fbfa255e48c90d5b188,I’m good — skip to the next question,what_is_the_name_of_the_comic_strip_featuring_charlie_brown_and_his_dog_snoopy_fill_06.wav,filler_other,NA,NA,NA,Peanuts,s,secsame,,,,JB_1205
9,2b59454ffbb3a7af796a6fc9347d05282e36dc003a795fbfa255e48c90d5b188,NA,what_is_the_name_of_the_comic_strip_featuring_charlie_brown_and_his_dog_snoopy_fill_06.wav,filler_other,NA,NA,NA,Peanuts,,,,,,
9,2b59454ffbb3a7af796a6fc9347d05282e36dc003a795fbfa255e48c90d5b188,The question does NOT need any corrections.,what_is_the_name_of_the_video_game_character_who_is_a_traveling_italian_plumber_fill_08.wav,filler_other,NA,NA,NA,Mario,nans,first,,a,,JB_1205
9,2b59454ffbb3a7af796a6fc9347d05282e36dc003a795fbfa255e48c90d5b188,Mario Mario,what_is_the_name_of_the_video_game_character_who_is_a_traveling_italian_plumber_fill_08.wav,filler_other,NA,NA,NA,Mario,,,,,,
9,2b59454ffbb3a7af796a6fc9347d05282e36dc003a795fbfa255e48c90d5b188,I’m good — skip to the next question,what_is_the_name_of_the_video_game_character_who_is_a_traveling_italian_plumber_fill_08.wav,filler_other,NA,NA,NA,Mario,s,secsame,,,,JB_1205
9,2b59454ffbb3a7af796a6fc9347d05282e36dc003a795fbfa255e48c90d5b188,NA,what_is_the_name_of_the_video_game_character_who_is_a_traveling_italian_plumber_fill_08.wav,filler_other,NA,NA,NA,Mario,,,,,,
9,2b59454ffbb3a7af796a6fc9347d05282e36dc003a795fbfa255e48c90d5b188,The question does NOT need any corrections.,where_do_the_jolly_christmas_icons_santa_claus_and_his_wife_mrs._claus_live_fill_22.wav,filler_other,NA,NA,NA,the North Pole,nans,first,,a,,JB_1205
9,2b59454ffbb3a7af796a6fc9347d05282e36dc003a795fbfa255e48c90d5b188,The North Pole,where_do_the_jolly_christmas_icons_santa_claus_and_his_wife_mrs._claus_live_fill_22.wav,filler_other,NA,NA,NA,the North Pole,,,,,,
9,2b59454ffbb3a7af796a6fc9347d05282e36dc003a795fbfa255e48c90d5b188,"The question needs to be CORRECTED (Select this if you spot an error, even if you don’t know the answer).",where_do_the_jolly_christmas_icons_santa_claus_and_his_wife_mrs._claus_live_fill_22.wav,filler_other,NA,NA,NA,the North Pole,y,secdiff,otherfill,,says it should be 'did' instead of 'does',JB_1205
9,2b59454ffbb3a7af796a6fc9347d05282e36dc003a795fbfa255e48c90d5b188,"""Did"" instead of ""Does""; the answer is The North Pole.",where_do_the_jolly_christmas_icons_santa_claus_and_his_wife_mrs._claus_live_fill_22.wav,filler_other,NA,NA,NA,the North Pole,,,,,,
9,2b59454ffbb3a7af796a6fc9347d05282e36dc003a795fbfa255e48c90d5b188,The question does NOT need any corrections.,what_kind_of_animal_is_mickey_mouse’s_girlfriend_minnie_who_wears_a_bow_fill_09.wav,filler_other,NA,NA,NA,mouse,nans,first,,a,,JB_1205
9,2b59454ffbb3a7af796a6fc9347d05282e36dc003a795fbfa255e48c90d5b188,A mouse,what_kind_of_animal_is_mickey_mouse’s_girlfriend_minnie_who_wears_a_bow_fill_09.wav,filler_other,NA,NA,NA,mouse,,,,,,
9,2b59454ffbb3a7af796a6fc9347d05282e36dc003a795fbfa255e48c90d5b188,I’m good — skip to the next question,what_kind_of_animal_is_mickey_mouse’s_girlfriend_minnie_who_wears_a_bow_fill_09.wav,filler_other,NA,NA,NA,mouse,s,secsame,,,,JB_1205
9,2b59454ffbb3a7af796a6fc9347d05282e36dc003a795fbfa255e48c90d5b188,NA,what_kind_of_animal_is_mickey_mouse’s_girlfriend_minnie_who_wears_a_bow_fill_09.wav,filler_other,NA,NA,NA,mouse,,,,,,
9,2b59454ffbb3a7af796a6fc9347d05282e36dc003a795fbfa255e48c90d5b188,The question does NOT need any corrections.,which_tropical_fruit_that_grows_on_palm_trees_is_used_for_oils_and_milks_fill_18.wav,filler_other,NA,NA,NA,coconuts,nans,first,,a,,JB_1205
9,2b59454ffbb3a7af796a6fc9347d05282e36dc003a795fbfa255e48c90d5b188,Coconut,which_tropical_fruit_that_grows_on_palm_trees_is_used_for_oils_and_milks_fill_18.wav,filler_other,NA,NA,NA,coconuts,,,,,,
9,2b59454ffbb3a7af796a6fc9347d05282e36dc003a795fbfa255e48c90d5b188,"The question needs to be CORRECTED (Select this if you spot an error, even if you don’t know the answer).",which_tropical_fruit_that_grows_on_palm_trees_is_used_for_oils_and_milks_fill_18.wav,filler_other,NA,NA,NA,coconuts,y,secdiff,otherfill,,says 'that' should be 'which',JB_1205
9,2b59454ffbb3a7af796a6fc9347d05282e36dc003a795fbfa255e48c90d5b188,"""That"" instead of ""which""; the answer is coconuts.",which_tropical_fruit_that_grows_on_palm_trees_is_used_for_oils_and_milks_fill_18.wav,filler_other,NA,NA,NA,coconuts,,,,,,
9,2b59454ffbb3a7af796a6fc9347d05282e36dc003a795fbfa255e48c90d5b188,"The question needs to be CORRECTED (Select this if you spot an error, even if you don’t know the answer).",what_term_refers_to_armored_men_who_enjoyed_carrying_medieval_swords_that_class_in_combat_targ_02_B.wav,target,phon_err,infinitive vs. participle,/ʃ/ --> /s/; clash/class,knights,y,first,p,,,JB_1205
9,2b59454ffbb3a7af796a6fc9347d05282e36dc003a795fbfa255e48c90d5b188,"""Class"" instead of ""clash""; the answer is knights.",what_term_refers_to_armored_men_who_enjoyed_carrying_medieval_swords_that_class_in_combat_targ_02_B.wav,target,phon_err,infinitive vs. participle,/ʃ/ --> /s/; clash/class,knights,,,,,,
9,2b59454ffbb3a7af796a6fc9347d05282e36dc003a795fbfa255e48c90d5b188,I’m good — skip to the next question,what_term_refers_to_armored_men_who_enjoyed_carrying_medieval_swords_that_class_in_combat_targ_02_B.wav,target,phon_err,infinitive vs. participle,/ʃ/ --> /s/; clash/class,knights,s,secsame,,,,JB_1205
9,2b59454ffbb3a7af796a6fc9347d05282e36dc003a795fbfa255e48c90d5b188,NA,what_term_refers_to_armored_men_who_enjoyed_carrying_medieval_swords_that_class_in_combat_targ_02_B.wav,target,phon_err,infinitive vs. participle,/ʃ/ --> /s/; clash/class,knights,,,,,,
9,2b59454ffbb3a7af796a6fc9347d05282e36dc003a795fbfa255e48c90d5b188,"The question does NOT need any corrections, but I don't know the answer/ I don't understand what the question is asking.",in_the_lion_king_who_does_nala_talk_to_and_is_laying_in_a_cot_after_theyve_reunited_targ_21_A.wav,target,correct,no aux verbs in questions (lack of do support),/k/ --> /g/; cot/got,Simba,nun,first,,,,JB_1205
9,2b59454ffbb3a7af796a6fc9347d05282e36dc003a795fbfa255e48c90d5b188,NA,in_the_lion_king_who_does_nala_talk_to_and_is_laying_in_a_cot_after_theyve_reunited_targ_21_A.wav,target,correct,no aux verbs in questions (lack of do support),/k/ --> /g/; cot/got,Simba,,,,,,
9,2b59454ffbb3a7af796a6fc9347d05282e36dc003a795fbfa255e48c90d5b188,I’m good — skip to the next question,in_the_lion_king_who_does_nala_talk_to_and_is_laying_in_a_cot_after_theyve_reunited_targ_21_A.wav,target,correct,no aux verbs in questions (lack of do support),/k/ --> /g/; cot/got,Simba,s,secsame,,,,JB_1205
9,2b59454ffbb3a7af796a6fc9347d05282e36dc003a795fbfa255e48c90d5b188,NA,in_the_lion_king_who_does_nala_talk_to_and_is_laying_in_a_cot_after_theyve_reunited_targ_21_A.wav,target,correct,no aux verbs in questions (lack of do support),/k/ --> /g/; cot/got,Simba,,,,,,
9,2b59454ffbb3a7af796a6fc9347d05282e36dc003a795fbfa255e48c90d5b188,"The question needs to be CORRECTED (Select this if you spot an error, even if you don’t know the answer).",in_the_famous_dr_seuss_book_what_orange_and_yellow_character_speaks_for_the_trees_fill_23.wav,filler_other,NA,NA,NA,the Lorax,y,first,otherfill,,reports mispronunciation of 'yellow',JB_1205
9,2b59454ffbb3a7af796a6fc9347d05282e36dc003a795fbfa255e48c90d5b188,"""Jello"" instead of ""yellow""; the answer is the Lorax.",in_the_famous_dr_seuss_book_what_orange_and_yellow_character_speaks_for_the_trees_fill_23.wav,filler_other,NA,NA,NA,the Lorax,,,,,,
9,2b59454ffbb3a7af796a6fc9347d05282e36dc003a795fbfa255e48c90d5b188,I’m good — skip to the next question,in_the_famous_dr_seuss_book_what_orange_and_yellow_character_speaks_for_the_trees_fill_23.wav,filler_other,NA,NA,NA,the Lorax,s,secsame,,,,JB_1205
9,2b59454ffbb3a7af796a6fc9347d05282e36dc003a795fbfa255e48c90d5b188,NA,in_the_famous_dr_seuss_book_what_orange_and_yellow_character_speaks_for_the_trees_fill_23.wav,filler_other,NA,NA,NA,the Lorax,,,,,,
9,2b59454ffbb3a7af796a6fc9347d05282e36dc003a795fbfa255e48c90d5b188,"The question needs to be CORRECTED (Select this if you spot an error, even if you don’t know the answer).",what_mythical_creatures_have_been_said_to_drink_blood_turn_into_bats_and_hate_onions_fill_14.wav,filler_other,NA,NA,NA,vampires,y,first,otherfill,,related to factual content,JB_1205
9,2b59454ffbb3a7af796a6fc9347d05282e36dc003a795fbfa255e48c90d5b188,"""Onions"" instead of ""garlic""; the answer is vampires.",what_mythical_creatures_have_been_said_to_drink_blood_turn_into_bats_and_hate_onions_fill_14.wav,filler_other,NA,NA,NA,vampires,,,,,,
9,2b59454ffbb3a7af796a6fc9347d05282e36dc003a795fbfa255e48c90d5b188,I’m good — skip to the next question,what_mythical_creatures_have_been_said_to_drink_blood_turn_into_bats_and_hate_onions_fill_14.wav,filler_other,NA,NA,NA,vampires,s,secsame,,,,JB_1205
9,2b59454ffbb3a7af796a6fc9347d05282e36dc003a795fbfa255e48c90d5b188,NA,what_mythical_creatures_have_been_said_to_drink_blood_turn_into_bats_and_hate_onions_fill_14.wav,filler_other,NA,NA,NA,vampires,,,,,,
9,2b59454ffbb3a7af796a6fc9347d05282e36dc003a795fbfa255e48c90d5b188,"The question needs to be CORRECTED (Select this if you spot an error, even if you don’t know the answer).",who_did_americans_boat_for_to_be_their_first_president_who_avoided_serving_three_terms_targ_10_B.wav,target,phon_err,infinitive vs. participle,/v/ --> /b/; vote/boat,George Washington,y,first,p,,also reports 'avoided' being mispronounced,JB_1205
9,2b59454ffbb3a7af796a6fc9347d05282e36dc003a795fbfa255e48c90d5b188,"""Boat"" instead of ""vote"", ""aboided"" instead of ""avoided""; the answer is Donald Trump.",who_did_americans_boat_for_to_be_their_first_president_who_avoided_serving_three_terms_targ_10_B.wav,target,phon_err,infinitive vs. participle,/v/ --> /b/; vote/boat,George Washington,,,,,,
9,2b59454ffbb3a7af796a6fc9347d05282e36dc003a795fbfa255e48c90d5b188,I’m good — skip to the next question,who_did_americans_boat_for_to_be_their_first_president_who_avoided_serving_three_terms_targ_10_B.wav,target,phon_err,infinitive vs. participle,/v/ --> /b/; vote/boat,George Washington,s,secsame,,,,JB_1205
9,2b59454ffbb3a7af796a6fc9347d05282e36dc003a795fbfa255e48c90d5b188,NA,who_did_americans_boat_for_to_be_their_first_president_who_avoided_serving_three_terms_targ_10_B.wav,target,phon_err,infinitive vs. participle,/v/ --> /b/; vote/boat,George Washington,,,,,,
9,2b59454ffbb3a7af796a6fc9347d05282e36dc003a795fbfa255e48c90d5b188,The question does NOT need any corrections.,in_what_country_would_you_find_landmarks_like_the_pyramids_of_giza_and_great_sphinx_fill_24.wav,filler_other,NA,NA,NA,Egypt,nans,first,,a,,JB_1205
9,2b59454ffbb3a7af796a6fc9347d05282e36dc003a795fbfa255e48c90d5b188,Egypt,in_what_country_would_you_find_landmarks_like_the_pyramids_of_giza_and_great_sphinx_fill_24.wav,filler_other,NA,NA,NA,Egypt,,,,,,
9,2b59454ffbb3a7af796a6fc9347d05282e36dc003a795fbfa255e48c90d5b188,I’m good — skip to the next question,in_what_country_would_you_find_landmarks_like_the_pyramids_of_giza_and_great_sphinx_fill_24.wav,filler_other,NA,NA,NA,Egypt,s,secsame,,,,JB_1205
9,2b59454ffbb3a7af796a6fc9347d05282e36dc003a795fbfa255e48c90d5b188,NA,in_what_country_would_you_find_landmarks_like_the_pyramids_of_giza_and_great_sphinx_fill_24.wav,filler_other,NA,NA,NA,Egypt,,,,,,
9,2b59454ffbb3a7af796a6fc9347d05282e36dc003a795fbfa255e48c90d5b188,The question does NOT need any corrections.,which_body_part_did_van_gogh_allegedly_cut_off_after_an_argument_with_his_friend_fill_05.wav,filler_other,NA,NA,NA,ear,nans,first,,a,,JB_1205
9,2b59454ffbb3a7af796a6fc9347d05282e36dc003a795fbfa255e48c90d5b188,His ear,which_body_part_did_van_gogh_allegedly_cut_off_after_an_argument_with_his_friend_fill_05.wav,filler_other,NA,NA,NA,ear,,,,,,
9,2b59454ffbb3a7af796a6fc9347d05282e36dc003a795fbfa255e48c90d5b188,I’m good — skip to the next question,which_body_part_did_van_gogh_allegedly_cut_off_after_an_argument_with_his_friend_fill_05.wav,filler_other,NA,NA,NA,ear,s,secsame,,,,JB_1205
9,2b59454ffbb3a7af796a6fc9347d05282e36dc003a795fbfa255e48c90d5b188,NA,which_body_part_did_van_gogh_allegedly_cut_off_after_an_argument_with_his_friend_fill_05.wav,filler_other,NA,NA,NA,ear,,,,,,
9,2b59454ffbb3a7af796a6fc9347d05282e36dc003a795fbfa255e48c90d5b188,The question does NOT need any corrections.,how_many_days_would_my_tandem_bike_be_gone_if_someone_borrows_it_for_july_targ_17_A.wav,target,correct,adj/noun order,/ʊ/ --> /u/; would/wooed,thirty-one days,nans,first,,a,,JB_1205
9,2b59454ffbb3a7af796a6fc9347d05282e36dc003a795fbfa255e48c90d5b188,31 days,how_many_days_would_my_tandem_bike_be_gone_if_someone_borrows_it_for_july_targ_17_A.wav,target,correct,adj/noun order,/ʊ/ --> /u/; would/wooed,thirty-one days,,,,,,
9,2b59454ffbb3a7af796a6fc9347d05282e36dc003a795fbfa255e48c90d5b188,I’m good — skip to the next question,how_many_days_would_my_tandem_bike_be_gone_if_someone_borrows_it_for_july_targ_17_A.wav,target,correct,adj/noun order,/ʊ/ --> /u/; would/wooed,thirty-one days,s,secsame,,,,JB_1205
9,2b59454ffbb3a7af796a6fc9347d05282e36dc003a795fbfa255e48c90d5b188,NA,how_many_days_would_my_tandem_bike_be_gone_if_someone_borrows_it_for_july_targ_17_A.wav,target,correct,adj/noun order,/ʊ/ --> /u/; would/wooed,thirty-one days,,,,,,
9,2b59454ffbb3a7af796a6fc9347d05282e36dc003a795fbfa255e48c90d5b188,"The question needs to be CORRECTED (Select this if you spot an error, even if you don’t know the answer).",what_kind_of_weather_could_occur_when_it_is_raining_and_below_freezing_targ_05_A.wav,target,correct,expletive 'it' dropping,/ʊ/ --> /u/; could/cooed,snow,y,first,otherp,,reports mispronunciation of 'occur',JB_1205
9,2b59454ffbb3a7af796a6fc9347d05282e36dc003a795fbfa255e48c90d5b188,"""Occure"" instead of ""occur""; the answer is snow.",what_kind_of_weather_could_occur_when_it_is_raining_and_below_freezing_targ_05_A.wav,target,correct,expletive 'it' dropping,/ʊ/ --> /u/; could/cooed,snow,,,,,,
9,2b59454ffbb3a7af796a6fc9347d05282e36dc003a795fbfa255e48c90d5b188,I’m good — skip to the next question,what_kind_of_weather_could_occur_when_it_is_raining_and_below_freezing_targ_05_A.wav,target,correct,expletive 'it' dropping,/ʊ/ --> /u/; could/cooed,snow,s,secsame,,,,JB_1205
9,2b59454ffbb3a7af796a6fc9347d05282e36dc003a795fbfa255e48c90d5b188,NA,what_kind_of_weather_could_occur_when_it_is_raining_and_below_freezing_targ_05_A.wav,target,correct,expletive 'it' dropping,/ʊ/ --> /u/; could/cooed,snow,,,,,,
9,2b59454ffbb3a7af796a6fc9347d05282e36dc003a795fbfa255e48c90d5b188,"The question needs to be CORRECTED (Select this if you spot an error, even if you don’t know the answer).",if_a_hardworking_janitor_cleaned_a_vent_in_five_minutes_how_many_seconds_is_that_targ_22_B.wav,target,phon_err,adj/noun order,/v/ --> /b/; vent/bent,eight,y,first,p,,,JB_1205
9,2b59454ffbb3a7af796a6fc9347d05282e36dc003a795fbfa255e48c90d5b188,"""Bent"" instead of ""vent""; the answer is 300 seconds.",if_a_hardworking_janitor_cleaned_a_vent_in_five_minutes_how_many_seconds_is_that_targ_22_B.wav,target,phon_err,adj/noun order,/v/ --> /b/; vent/bent,eight,,,,,,
9,2b59454ffbb3a7af796a6fc9347d05282e36dc003a795fbfa255e48c90d5b188,I’m good — skip to the next question,if_a_hardworking_janitor_cleaned_a_vent_in_five_minutes_how_many_seconds_is_that_targ_22_B.wav,target,phon_err,adj/noun order,/v/ --> /b/; vent/bent,eight,s,secsame,,,,JB_1205
9,2b59454ffbb3a7af796a6fc9347d05282e36dc003a795fbfa255e48c90d5b188,NA,if_a_hardworking_janitor_cleaned_a_vent_in_five_minutes_how_many_seconds_is_that_targ_22_B.wav,target,phon_err,adj/noun order,/v/ --> /b/; vent/bent,eight,,,,,,
9,2b59454ffbb3a7af796a6fc9347d05282e36dc003a795fbfa255e48c90d5b188,The question does NOT need any corrections.,what_animal_is_typically_white_with_black_spots_and_says_moo_fill_21.wav,filler_other,NA,NA,NA,a cow,nans,first,,a,,JB_1205
9,2b59454ffbb3a7af796a6fc9347d05282e36dc003a795fbfa255e48c90d5b188,A cow,what_animal_is_typically_white_with_black_spots_and_says_moo_fill_21.wav,filler_other,NA,NA,NA,a cow,,,,,,
9,2b59454ffbb3a7af796a6fc9347d05282e36dc003a795fbfa255e48c90d5b188,I’m good — skip to the next question,what_animal_is_typically_white_with_black_spots_and_says_moo_fill_21.wav,filler_other,NA,NA,NA,a cow,s,secsame,,,,JB_1205
9,2b59454ffbb3a7af796a6fc9347d05282e36dc003a795fbfa255e48c90d5b188,NA,what_animal_is_typically_white_with_black_spots_and_says_moo_fill_21.wav,filler_other,NA,NA,NA,a cow,,,,,,
9,2b59454ffbb3a7af796a6fc9347d05282e36dc003a795fbfa255e48c90d5b188,"The question needs to be CORRECTED (Select this if you spot an error, even if you don’t know the answer).",which_scottish_actor_first_played_james_bond_wearing_kilts_to_red_carpets_when_he_had_32_years_old_targ_03_C.wav,target,non_phon_err,have vs. be,/k/ --> /g/; kilt/guilt,Sean Connery,y,first,np,,"noticed other error as well, but not specific",JB_1205
9,2b59454ffbb3a7af796a6fc9347d05282e36dc003a795fbfa255e48c90d5b188,"""Has"" instead of ""was""; I don't know the answer.",which_scottish_actor_first_played_james_bond_wearing_kilts_to_red_carpets_when_he_had_32_years_old_targ_03_C.wav,target,non_phon_err,have vs. be,/k/ --> /g/; kilt/guilt,Sean Connery,,,,,,
9,2b59454ffbb3a7af796a6fc9347d05282e36dc003a795fbfa255e48c90d5b188,"The question needs to be CORRECTED (Select this if you spot an error, even if you don’t know the answer).",which_scottish_actor_first_played_james_bond_wearing_kilts_to_red_carpets_when_he_had_32_years_old_targ_03_C.wav,target,non_phon_err,have vs. be,/k/ --> /g/; kilt/guilt,Sean Connery,y,secdiff,other,,,JB_1205
9,2b59454ffbb3a7af796a6fc9347d05282e36dc003a795fbfa255e48c90d5b188,"There was another odd word at the beginning, but I couldn't make out what it was or what it was supposed to be, but ""has"" instead of ""was"" for the actor's age; I don't know the answer.",which_scottish_actor_first_played_james_bond_wearing_kilts_to_red_carpets_when_he_had_32_years_old_targ_03_C.wav,target,non_phon_err,have vs. be,/k/ --> /g/; kilt/guilt,Sean Connery,,,,,,
9,2b59454ffbb3a7af796a6fc9347d05282e36dc003a795fbfa255e48c90d5b188,"The question needs to be CORRECTED (Select this if you spot an error, even if you don’t know the answer).",what_holiday_occurs_at_the_end_of_october_and_features_trick-or-treating_pumpkins_and_haunted_houses_fill_07.wav,filler_other,NA,NA,NA,Halloween,y,first,otherfill,,reports mispronunciation of 'pumpkins' and 'occurs',JB_1205
9,2b59454ffbb3a7af796a6fc9347d05282e36dc003a795fbfa255e48c90d5b188,"""Occures"" instead of ""occurs""; the answer is Halloween.",what_holiday_occurs_at_the_end_of_october_and_features_trick-or-treating_pumpkins_and_haunted_houses_fill_07.wav,filler_other,NA,NA,NA,Halloween,,,,,,
9,2b59454ffbb3a7af796a6fc9347d05282e36dc003a795fbfa255e48c90d5b188,"The question needs to be CORRECTED (Select this if you spot an error, even if you don’t know the answer).",what_holiday_occurs_at_the_end_of_october_and_features_trick-or-treating_pumpkins_and_haunted_houses_fill_07.wav,filler_other,NA,NA,NA,Halloween,y,secsame,otherfill,,,JB_1205
9,2b59454ffbb3a7af796a6fc9347d05282e36dc003a795fbfa255e48c90d5b188,"""Occures"" instead of ""occurs"", and ""pumpkings"" instead of ""pumpkins""; the answer is Halloween.",what_holiday_occurs_at_the_end_of_october_and_features_trick-or-treating_pumpkins_and_haunted_houses_fill_07.wav,filler_other,NA,NA,NA,Halloween,,,,,,
9,2b59454ffbb3a7af796a6fc9347d05282e36dc003a795fbfa255e48c90d5b188,"The question needs to be CORRECTED (Select this if you spot an error, even if you don’t know the answer).",which_cartoon_character_works_at_the_krusty_krab_and_is_best_friends_with_patrick_star_fill_04.wav,filler_other,NA,NA,NA,Spongebob,y,first,otherfill,,reports mispronunciation of 'cartoon',JB_1205
9,2b59454ffbb3a7af796a6fc9347d05282e36dc003a795fbfa255e48c90d5b188,"""Cartom"" instead of ""cartoon""; the answer is Spongebob Squarepants.",which_cartoon_character_works_at_the_krusty_krab_and_is_best_friends_with_patrick_star_fill_04.wav,filler_other,NA,NA,NA,Spongebob,,,,,,
9,2b59454ffbb3a7af796a6fc9347d05282e36dc003a795fbfa255e48c90d5b188,I’m good — skip to the next question,which_cartoon_character_works_at_the_krusty_krab_and_is_best_friends_with_patrick_star_fill_04.wav,filler_other,NA,NA,NA,Spongebob,s,secsame,,,,JB_1205
9,2b59454ffbb3a7af796a6fc9347d05282e36dc003a795fbfa255e48c90d5b188,NA,which_cartoon_character_works_at_the_krusty_krab_and_is_best_friends_with_patrick_star_fill_04.wav,filler_other,NA,NA,NA,Spongebob,,,,,,
9,2b59454ffbb3a7af796a6fc9347d05282e36dc003a795fbfa255e48c90d5b188,"The question needs to be CORRECTED (Select this if you spot an error, even if you don’t know the answer).",what_neil_armstrong_say_during_his_berry_first_steps_on_the_moon_targ_04_D.wav,target,both_err,no aux verbs in questions (lack of do support),/v/ --> /b/; very/berry,"""That's one small step for man, one giant leap for mankind.""",y,first,np,,,JB_1205
9,2b59454ffbb3a7af796a6fc9347d05282e36dc003a795fbfa255e48c90d5b188,"Grammatically it should be ""what *did* Neil Armstrong say"", instead of ""what Neil Armstrong say""; the answer is 'That's one small step for man, one giant leap for mankind'.",what_neil_armstrong_say_during_his_berry_first_steps_on_the_moon_targ_04_D.wav,target,both_err,no aux verbs in questions (lack of do support),/v/ --> /b/; very/berry,"""That's one small step for man, one giant leap for mankind.""",,,,,,
9,2b59454ffbb3a7af796a6fc9347d05282e36dc003a795fbfa255e48c90d5b188,I’m good — skip to the next question,what_neil_armstrong_say_during_his_berry_first_steps_on_the_moon_targ_04_D.wav,target,both_err,no aux verbs in questions (lack of do support),/v/ --> /b/; very/berry,"""That's one small step for man, one giant leap for mankind.""",s,secsame,,,,JB_1205
9,2b59454ffbb3a7af796a6fc9347d05282e36dc003a795fbfa255e48c90d5b188,NA,what_neil_armstrong_say_during_his_berry_first_steps_on_the_moon_targ_04_D.wav,target,both_err,no aux verbs in questions (lack of do support),/v/ --> /b/; very/berry,"""That's one small step for man, one giant leap for mankind.""",,,,,,
9,2b59454ffbb3a7af796a6fc9347d05282e36dc003a795fbfa255e48c90d5b188,The question does NOT need any corrections.,if_i_consider_to_leave_work_after_the_fort_hour_how_many_minutes_would_that_be_targ_24_D.wav,target,both_err,infinitive vs. participle,/θ/ --> /t/; fourth/fort,two hundred and forty,nans,first,,a,,JB_1205
9,2b59454ffbb3a7af796a6fc9347d05282e36dc003a795fbfa255e48c90d5b188,240 minutes,if_i_consider_to_leave_work_after_the_fort_hour_how_many_minutes_would_that_be_targ_24_D.wav,target,both_err,infinitive vs. participle,/θ/ --> /t/; fourth/fort,two hundred and forty,,,,,,
9,2b59454ffbb3a7af796a6fc9347d05282e36dc003a795fbfa255e48c90d5b188,"The question needs to be CORRECTED (Select this if you spot an error, even if you don’t know the answer).",if_i_consider_to_leave_work_after_the_fort_hour_how_many_minutes_would_that_be_targ_24_D.wav,target,both_err,infinitive vs. participle,/θ/ --> /t/; fourth/fort,two hundred and forty,y,secdiff,p,,,JB_1205
9,2b59454ffbb3a7af796a6fc9347d05282e36dc003a795fbfa255e48c90d5b188,"""Fort"" instead of ""Fourth""; the answer is 240 minutes.",if_i_consider_to_leave_work_after_the_fort_hour_how_many_minutes_would_that_be_targ_24_D.wav,target,both_err,infinitive vs. participle,/θ/ --> /t/; fourth/fort,two hundred and forty,,,,,,
9,2b59454ffbb3a7af796a6fc9347d05282e36dc003a795fbfa255e48c90d5b188,"The question needs to be CORRECTED (Select this if you spot an error, even if you don’t know the answer).",when_you_are_hot_what_device_measures_body_temperature_in_boat_celsius_and_fahrenheit_targ_18_B.wav,target,phon_err,have vs. be,/θ/ --> /t/; both/boat,thermometer,y,first,otherp,,seems to think that 'hot' is supposed to be 'hurt' resulting in a perceived mispronunciation,JB_1205
9,2b59454ffbb3a7af796a6fc9347d05282e36dc003a795fbfa255e48c90d5b188,"""Hud"" instead of ""hurt""; I'm not sure what the answer is.",when_you_are_hot_what_device_measures_body_temperature_in_boat_celsius_and_fahrenheit_targ_18_B.wav,target,phon_err,have vs. be,/θ/ --> /t/; both/boat,thermometer,,,,,,
9,2b59454ffbb3a7af796a6fc9347d05282e36dc003a795fbfa255e48c90d5b188,"The question needs to be CORRECTED (Select this if you spot an error, even if you don’t know the answer).",when_you_are_hot_what_device_measures_body_temperature_in_boat_celsius_and_fahrenheit_targ_18_B.wav,target,phon_err,have vs. be,/θ/ --> /t/; both/boat,thermometer,y,secsame,otherp,,,JB_1205
9,2b59454ffbb3a7af796a6fc9347d05282e36dc003a795fbfa255e48c90d5b188,"""Hud"" instead of ""hurt""; the answer is a thermometer.",when_you_are_hot_what_device_measures_body_temperature_in_boat_celsius_and_fahrenheit_targ_18_B.wav,target,phon_err,have vs. be,/θ/ --> /t/; both/boat,thermometer,,,,,,
9,2b59454ffbb3a7af796a6fc9347d05282e36dc003a795fbfa255e48c90d5b188,The question does NOT need any corrections.,what_letter_in_the_latin_alphabet_corresponds_to_the_greek_letter_alpha_fill_01.wav,filler_other,NA,NA,NA,a,nans,first,,a,,JB_1205
9,2b59454ffbb3a7af796a6fc9347d05282e36dc003a795fbfa255e48c90d5b188,A,what_letter_in_the_latin_alphabet_corresponds_to_the_greek_letter_alpha_fill_01.wav,filler_other,NA,NA,NA,a,,,,,,
9,2b59454ffbb3a7af796a6fc9347d05282e36dc003a795fbfa255e48c90d5b188,I’m good — skip to the next question,what_letter_in_the_latin_alphabet_corresponds_to_the_greek_letter_alpha_fill_01.wav,filler_other,NA,NA,NA,a,s,secsame,,,,JB_1205
9,2b59454ffbb3a7af796a6fc9347d05282e36dc003a795fbfa255e48c90d5b188,NA,what_letter_in_the_latin_alphabet_corresponds_to_the_greek_letter_alpha_fill_01.wav,filler_other,NA,NA,NA,a,,,,,,
9,2b59454ffbb3a7af796a6fc9347d05282e36dc003a795fbfa255e48c90d5b188,The question does NOT need any corrections.,what_us_holiday_is_often_celebrated_with_fireworks_and_hotdogs_to_honor_americas_freedom_fill_17.wav,filler_other,NA,NA,NA,Independence Day,nans,first,,a,,JB_1205
9,2b59454ffbb3a7af796a6fc9347d05282e36dc003a795fbfa255e48c90d5b188,The Fourth of July,what_us_holiday_is_often_celebrated_with_fireworks_and_hotdogs_to_honor_americas_freedom_fill_17.wav,filler_other,NA,NA,NA,Independence Day,,,,,,
9,2b59454ffbb3a7af796a6fc9347d05282e36dc003a795fbfa255e48c90d5b188,I’m good — skip to the next question,what_us_holiday_is_often_celebrated_with_fireworks_and_hotdogs_to_honor_americas_freedom_fill_17.wav,filler_other,NA,NA,NA,Independence Day,s,secsame,,,,JB_1205
9,2b59454ffbb3a7af796a6fc9347d05282e36dc003a795fbfa255e48c90d5b188,NA,what_us_holiday_is_often_celebrated_with_fireworks_and_hotdogs_to_honor_americas_freedom_fill_17.wav,filler_other,NA,NA,NA,Independence Day,,,,,,
9,2b59454ffbb3a7af796a6fc9347d05282e36dc003a795fbfa255e48c90d5b188,The question does NOT need any corrections.,which_british_celebrity_judge_often_harshly_critiqued_contestants_on_the_nationwide_singing_contest_american_idol_fill_03.wav,filler_other,NA,NA,NA,Simon Cowell,nans,first,,a,,JB_1205
9,2b59454ffbb3a7af796a6fc9347d05282e36dc003a795fbfa255e48c90d5b188,Simon Powell,which_british_celebrity_judge_often_harshly_critiqued_contestants_on_the_nationwide_singing_contest_american_idol_fill_03.wav,filler_other,NA,NA,NA,Simon Cowell,,,,,,
9,2b59454ffbb3a7af796a6fc9347d05282e36dc003a795fbfa255e48c90d5b188,I’m good — skip to the next question,which_british_celebrity_judge_often_harshly_critiqued_contestants_on_the_nationwide_singing_contest_american_idol_fill_03.wav,filler_other,NA,NA,NA,Simon Cowell,s,secsame,,,,JB_1205
9,2b59454ffbb3a7af796a6fc9347d05282e36dc003a795fbfa255e48c90d5b188,NA,which_british_celebrity_judge_often_harshly_critiqued_contestants_on_the_nationwide_singing_contest_american_idol_fill_03.wav,filler_other,NA,NA,NA,Simon Cowell,,,,,,
9,2b59454ffbb3a7af796a6fc9347d05282e36dc003a795fbfa255e48c90d5b188,"The question needs to be CORRECTED (Select this if you spot an error, even if you don’t know the answer).",which_fast_food_chain_offers_foot-long_sandwiches_and_has_the_slogan_eat_fresh_fill_11.wav,filler_other,NA,NA,NA,Subway,y,first,otherfill,,reports mispronunciation of 'offers',JB_1205
9,2b59454ffbb3a7af796a6fc9347d05282e36dc003a795fbfa255e48c90d5b188,"""Off furs"" instead of ""offers""; the answer is Subway.",which_fast_food_chain_offers_foot-long_sandwiches_and_has_the_slogan_eat_fresh_fill_11.wav,filler_other,NA,NA,NA,Subway,,,,,,
9,2b59454ffbb3a7af796a6fc9347d05282e36dc003a795fbfa255e48c90d5b188,I’m good — skip to the next question,which_fast_food_chain_offers_foot-long_sandwiches_and_has_the_slogan_eat_fresh_fill_11.wav,filler_other,NA,NA,NA,Subway,s,secsame,,,,JB_1205
9,2b59454ffbb3a7af796a6fc9347d05282e36dc003a795fbfa255e48c90d5b188,NA,which_fast_food_chain_offers_foot-long_sandwiches_and_has_the_slogan_eat_fresh_fill_11.wav,filler_other,NA,NA,NA,Subway,,,,,,
9,2b59454ffbb3a7af796a6fc9347d05282e36dc003a795fbfa255e48c90d5b188,"The question needs to be CORRECTED (Select this if you spot an error, even if you don’t know the answer).",if_youre_on_a_pat_from_california_to_hawaii_which_ocean_you_go_through_targ_12_D.wav,target,both_err,no aux verbs in questions (lack of do support),/θ/ --> /t/; path/pat,Pacific Ocean,y,first,p,,"phon error reported on first attempt, non-phon error reported on second attempt",JB_1205
9,2b59454ffbb3a7af796a6fc9347d05282e36dc003a795fbfa255e48c90d5b188,"Grammatically it should be ""which ocean *would* you go through""; the answer is the Pacific Ocean.",if_youre_on_a_pat_from_california_to_hawaii_which_ocean_you_go_through_targ_12_D.wav,target,both_err,no aux verbs in questions (lack of do support),/θ/ --> /t/; path/pat,Pacific Ocean,,,,,,
9,2b59454ffbb3a7af796a6fc9347d05282e36dc003a795fbfa255e48c90d5b188,"The question needs to be CORRECTED (Select this if you spot an error, even if you don’t know the answer).",if_youre_on_a_pat_from_california_to_hawaii_which_ocean_you_go_through_targ_12_D.wav,target,both_err,no aux verbs in questions (lack of do support),/θ/ --> /t/; path/pat,Pacific Ocean,y,secdiff,np,,,JB_1205
9,2b59454ffbb3a7af796a6fc9347d05282e36dc003a795fbfa255e48c90d5b188,"""Pat"" instead of ""path"", and grammatically, it should be ""which ocean *would* you go through""; the answer is the Pacific Ocean.",if_youre_on_a_pat_from_california_to_hawaii_which_ocean_you_go_through_targ_12_D.wav,target,both_err,no aux verbs in questions (lack of do support),/θ/ --> /t/; path/pat,Pacific Ocean,,,,,,
9,2b59454ffbb3a7af796a6fc9347d05282e36dc003a795fbfa255e48c90d5b188,"The question does NOT need any corrections, but I don't know the answer/ I don't understand what the question is asking.",because_is_important_to_honor_the_iris_saint_what_holiday_occurs_on_march_17th_targ_08_D.wav,target,both_err,expletive 'it' dropping,/ʃ/ --> /s/; Irish/iris,St. Patrick's Day,nun,first,,,,JB_1205
9,2b59454ffbb3a7af796a6fc9347d05282e36dc003a795fbfa255e48c90d5b188,NA,because_is_important_to_honor_the_iris_saint_what_holiday_occurs_on_march_17th_targ_08_D.wav,target,both_err,expletive 'it' dropping,/ʃ/ --> /s/; Irish/iris,St. Patrick's Day,,,,,,
9,2b59454ffbb3a7af796a6fc9347d05282e36dc003a795fbfa255e48c90d5b188,"The question needs to be CORRECTED (Select this if you spot an error, even if you don’t know the answer).",because_is_important_to_honor_the_iris_saint_what_holiday_occurs_on_march_17th_targ_08_D.wav,target,both_err,expletive 'it' dropping,/ʃ/ --> /s/; Irish/iris,St. Patrick's Day,y,secdiff,p,,,JB_1205
9,2b59454ffbb3a7af796a6fc9347d05282e36dc003a795fbfa255e48c90d5b188,"""Iris"" instead of ""Irish""; I don't know the answer.",because_is_important_to_honor_the_iris_saint_what_holiday_occurs_on_march_17th_targ_08_D.wav,target,both_err,expletive 'it' dropping,/ʃ/ --> /s/; Irish/iris,St. Patrick's Day,,,,,,
9,2b59454ffbb3a7af796a6fc9347d05282e36dc003a795fbfa255e48c90d5b188,The question does NOT need any corrections.,which_cartoon_dog_solves_mysteries_with_the_group_fred_daphne_velma_and_shaggy_fill_10.wav,filler_other,NA,NA,NA,Scooby-Doo,nans,first,,a,,JB_1205
9,2b59454ffbb3a7af796a6fc9347d05282e36dc003a795fbfa255e48c90d5b188,Scooby Doo,which_cartoon_dog_solves_mysteries_with_the_group_fred_daphne_velma_and_shaggy_fill_10.wav,filler_other,NA,NA,NA,Scooby-Doo,,,,,,
9,2b59454ffbb3a7af796a6fc9347d05282e36dc003a795fbfa255e48c90d5b188,I’m good — skip to the next question,which_cartoon_dog_solves_mysteries_with_the_group_fred_daphne_velma_and_shaggy_fill_10.wav,filler_other,NA,NA,NA,Scooby-Doo,s,secsame,,,,JB_1205
9,2b59454ffbb3a7af796a6fc9347d05282e36dc003a795fbfa255e48c90d5b188,NA,which_cartoon_dog_solves_mysteries_with_the_group_fred_daphne_velma_and_shaggy_fill_10.wav,filler_other,NA,NA,NA,Scooby-Doo,,,,,,
9,2b59454ffbb3a7af796a6fc9347d05282e36dc003a795fbfa255e48c90d5b188,"The question needs to be CORRECTED (Select this if you spot an error, even if you don’t know the answer).",which_oscar-winning_movie_features_tom_hanks_saying_life_is_like_a_box_of_chocolates_fill_12.wav,filler_other,NA,NA,NA,Forrest Gump,y,first,otherfill,,reports mispronunciation of 'Tom',JB_1205
9,2b59454ffbb3a7af796a6fc9347d05282e36dc003a795fbfa255e48c90d5b188,"""Dom"" instead of ""Tom""; the answer is Forrest Gump.",which_oscar-winning_movie_features_tom_hanks_saying_life_is_like_a_box_of_chocolates_fill_12.wav,filler_other,NA,NA,NA,Forrest Gump,,,,,,
9,2b59454ffbb3a7af796a6fc9347d05282e36dc003a795fbfa255e48c90d5b188,I’m good — skip to the next question,which_oscar-winning_movie_features_tom_hanks_saying_life_is_like_a_box_of_chocolates_fill_12.wav,filler_other,NA,NA,NA,Forrest Gump,s,secsame,,,,JB_1205
9,2b59454ffbb3a7af796a6fc9347d05282e36dc003a795fbfa255e48c90d5b188,NA,which_oscar-winning_movie_features_tom_hanks_saying_life_is_like_a_box_of_chocolates_fill_12.wav,filler_other,NA,NA,NA,Forrest Gump,,,,,,
9,2b59454ffbb3a7af796a6fc9347d05282e36dc003a795fbfa255e48c90d5b188,"The question needs to be CORRECTED (Select this if you spot an error, even if you don’t know the answer).",how_many_legs_does_a_canadian_garden_spider_whose_silk_can_make_clot_have_targ_06_B.wav,target,phon_err,adj/noun order,/θ/ --> /t/; cloth/clot,eight,y,first,p,,,JB_1205
9,2b59454ffbb3a7af796a6fc9347d05282e36dc003a795fbfa255e48c90d5b188,"""Clot"" instead of ""cloth""; the answer is eight.",how_many_legs_does_a_canadian_garden_spider_whose_silk_can_make_clot_have_targ_06_B.wav,target,phon_err,adj/noun order,/θ/ --> /t/; cloth/clot,eight,,,,,,
9,2b59454ffbb3a7af796a6fc9347d05282e36dc003a795fbfa255e48c90d5b188,I’m good — skip to the next question,how_many_legs_does_a_canadian_garden_spider_whose_silk_can_make_clot_have_targ_06_B.wav,target,phon_err,adj/noun order,/θ/ --> /t/; cloth/clot,eight,s,secsame,,,,JB_1205
9,2b59454ffbb3a7af796a6fc9347d05282e36dc003a795fbfa255e48c90d5b188,NA,how_many_legs_does_a_canadian_garden_spider_whose_silk_can_make_clot_have_targ_06_B.wav,target,phon_err,adj/noun order,/θ/ --> /t/; cloth/clot,eight,,,,,,
9,2b59454ffbb3a7af796a6fc9347d05282e36dc003a795fbfa255e48c90d5b188,"The question needs to be CORRECTED (Select this if you spot an error, even if you don’t know the answer).",what_childrens_game_makes_people_sit_down_quickly_when_the_music_loud_stops_targ_07_C.wav,target,non_phon_err,adj/noun order,/ɪ/ --> /i/; sit/seat,musical chairs,y,first,np,,,JB_1205
9,2b59454ffbb3a7af796a6fc9347d05282e36dc003a795fbfa255e48c90d5b188,"""Loud"" instead of ""suddenly""; the answer is Musical Chairs.",what_childrens_game_makes_people_sit_down_quickly_when_the_music_loud_stops_targ_07_C.wav,target,non_phon_err,adj/noun order,/ɪ/ --> /i/; sit/seat,musical chairs,,,,,,
9,2b59454ffbb3a7af796a6fc9347d05282e36dc003a795fbfa255e48c90d5b188,I’m good — skip to the next question,what_childrens_game_makes_people_sit_down_quickly_when_the_music_loud_stops_targ_07_C.wav,target,non_phon_err,adj/noun order,/ɪ/ --> /i/; sit/seat,musical chairs,s,secsame,,,,JB_1205
9,2b59454ffbb3a7af796a6fc9347d05282e36dc003a795fbfa255e48c90d5b188,NA,what_childrens_game_makes_people_sit_down_quickly_when_the_music_loud_stops_targ_07_C.wav,target,non_phon_err,adj/noun order,/ɪ/ --> /i/; sit/seat,musical chairs,,,,,,
9,2b59454ffbb3a7af796a6fc9347d05282e36dc003a795fbfa255e48c90d5b188,"The question does NOT need any corrections, but I don't know the answer/ I don't understand what the question is asking.",what_big_star_in_our_solar_system_can_still_be_visible_when_is_cloudy_targ_19_C.wav,target,non_phon_err,expletive 'it' dropping,/ɪ/ --> /i/; still/steal,the Sun,nun,first,,,,JB_1205
9,2b59454ffbb3a7af796a6fc9347d05282e36dc003a795fbfa255e48c90d5b188,NA,what_big_star_in_our_solar_system_can_still_be_visible_when_is_cloudy_targ_19_C.wav,target,non_phon_err,expletive 'it' dropping,/ɪ/ --> /i/; still/steal,the Sun,,,,,,
9,2b59454ffbb3a7af796a6fc9347d05282e36dc003a795fbfa255e48c90d5b188,The question does NOT need any corrections.,what_big_star_in_our_solar_system_can_still_be_visible_when_is_cloudy_targ_19_C.wav,target,non_phon_err,expletive 'it' dropping,/ɪ/ --> /i/; still/steal,the Sun,nans,secdiff,,a,,JB_1205
9,2b59454ffbb3a7af796a6fc9347d05282e36dc003a795fbfa255e48c90d5b188,The Sun,what_big_star_in_our_solar_system_can_still_be_visible_when_is_cloudy_targ_19_C.wav,target,non_phon_err,expletive 'it' dropping,/ɪ/ --> /i/; still/steal,the Sun,,,,,,
9,2b59454ffbb3a7af796a6fc9347d05282e36dc003a795fbfa255e48c90d5b188,"The question needs to be CORRECTED (Select this if you spot an error, even if you don’t know the answer).",what_colors_make_up_a_traditional_candy_cane_which_people_enjoy_to_eat_during_christmas_targ_15_C.wav,target,non_phon_err,infinitive vs. participle,/k/ --> /g/; cane/gain,red and white,y,first,np,,,JB_1205
9,2b59454ffbb3a7af796a6fc9347d05282e36dc003a795fbfa255e48c90d5b188,"""To eat"" instead of ""eating""; the answer is Candy Cane.",what_colors_make_up_a_traditional_candy_cane_which_people_enjoy_to_eat_during_christmas_targ_15_C.wav,target,non_phon_err,infinitive vs. participle,/k/ --> /g/; cane/gain,red and white,,,,,,
9,2b59454ffbb3a7af796a6fc9347d05282e36dc003a795fbfa255e48c90d5b188,I’m good — skip to the next question,what_colors_make_up_a_traditional_candy_cane_which_people_enjoy_to_eat_during_christmas_targ_15_C.wav,target,non_phon_err,infinitive vs. participle,/k/ --> /g/; cane/gain,red and white,s,secsame,,,,JB_1205
9,2b59454ffbb3a7af796a6fc9347d05282e36dc003a795fbfa255e48c90d5b188,NA,what_colors_make_up_a_traditional_candy_cane_which_people_enjoy_to_eat_during_christmas_targ_15_C.wav,target,non_phon_err,infinitive vs. participle,/k/ --> /g/; cane/gain,red and white,,,,,,
9,2b59454ffbb3a7af796a6fc9347d05282e36dc003a795fbfa255e48c90d5b188,"The question needs to be CORRECTED (Select this if you spot an error, even if you don’t know the answer).",what_popular_us_chain_provides_a_happy_meal_toy_or_plus_when_kids_have_hungry_targ_20_D.wav,target,both_err,have vs. be,/ʃ/ --> /s/; plush/plus,McDonald's,y,first,np,,"non-phon error reported on first attempt, phon error reported on second attempt",JB_1205
9,2b59454ffbb3a7af796a6fc9347d05282e36dc003a795fbfa255e48c90d5b188,"""Have"" instead of ""are""; the answer is McDonalds.",what_popular_us_chain_provides_a_happy_meal_toy_or_plus_when_kids_have_hungry_targ_20_D.wav,target,both_err,have vs. be,/ʃ/ --> /s/; plush/plus,McDonald's,,,,,,
9,2b59454ffbb3a7af796a6fc9347d05282e36dc003a795fbfa255e48c90d5b188,"The question needs to be CORRECTED (Select this if you spot an error, even if you don’t know the answer).",what_popular_us_chain_provides_a_happy_meal_toy_or_plus_when_kids_have_hungry_targ_20_D.wav,target,both_err,have vs. be,/ʃ/ --> /s/; plush/plus,McDonald's,y,secdiff,both,,,JB_1205
9,2b59454ffbb3a7af796a6fc9347d05282e36dc003a795fbfa255e48c90d5b188,"""Plus"" instead of ""plush"", ""has"" instead of ""are""; the answer is McDonalds.",what_popular_us_chain_provides_a_happy_meal_toy_or_plus_when_kids_have_hungry_targ_20_D.wav,target,both_err,have vs. be,/ʃ/ --> /s/; plush/plus,McDonald's,,,,,,
9,2b59454ffbb3a7af796a6fc9347d05282e36dc003a795fbfa255e48c90d5b188,The question does NOT need any corrections.,if_laundry_service_will_come_in_five_days_and_todays_thursday_when_are_they_doing_laundry_next_targ_09_A.wav,target,correct,make vs. other verb,/k/ --> /g/; come/gum,Tuesday,nans,first,,a,,JB_1205
9,2b59454ffbb3a7af796a6fc9347d05282e36dc003a795fbfa255e48c90d5b188,Tuesday,if_laundry_service_will_come_in_five_days_and_todays_thursday_when_are_they_doing_laundry_next_targ_09_A.wav,target,correct,make vs. other verb,/k/ --> /g/; come/gum,Tuesday,,,,,,
9,2b59454ffbb3a7af796a6fc9347d05282e36dc003a795fbfa255e48c90d5b188,I’m good — skip to the next question,if_laundry_service_will_come_in_five_days_and_todays_thursday_when_are_they_doing_laundry_next_targ_09_A.wav,target,correct,make vs. other verb,/k/ --> /g/; come/gum,Tuesday,s,secsame,,,,JB_1205
9,2b59454ffbb3a7af796a6fc9347d05282e36dc003a795fbfa255e48c90d5b188,NA,if_laundry_service_will_come_in_five_days_and_todays_thursday_when_are_they_doing_laundry_next_targ_09_A.wav,target,correct,make vs. other verb,/k/ --> /g/; come/gum,Tuesday,,,,,,
9,2b59454ffbb3a7af796a6fc9347d05282e36dc003a795fbfa255e48c90d5b188,"The question needs to be CORRECTED (Select this if you spot an error, even if you don’t know the answer).",which_soft_pastry_made_with_a_certain_spice_is_often_spiral-shaped_and_topped_with_icing_fill_16.wav,filler_other,NA,NA,NA,cinnamon roll,y,first,otherfill,,reports mispronunciation of 'soft',JB_1205
9,2b59454ffbb3a7af796a6fc9347d05282e36dc003a795fbfa255e48c90d5b188,"""Sock"" instead of ""soft""; the answer is a cinnamon roll.",which_soft_pastry_made_with_a_certain_spice_is_often_spiral-shaped_and_topped_with_icing_fill_16.wav,filler_other,NA,NA,NA,cinnamon roll,,,,,,
9,2b59454ffbb3a7af796a6fc9347d05282e36dc003a795fbfa255e48c90d5b188,I’m good — skip to the next question,which_soft_pastry_made_with_a_certain_spice_is_often_spiral-shaped_and_topped_with_icing_fill_16.wav,filler_other,NA,NA,NA,cinnamon roll,s,secsame,,,,JB_1205
9,2b59454ffbb3a7af796a6fc9347d05282e36dc003a795fbfa255e48c90d5b188,NA,which_soft_pastry_made_with_a_certain_spice_is_often_spiral-shaped_and_topped_with_icing_fill_16.wav,filler_other,NA,NA,NA,cinnamon roll,,,,,,
9,2b59454ffbb3a7af796a6fc9347d05282e36dc003a795fbfa255e48c90d5b188,The question does NOT need any corrections.,who_discovered_the_law_of_universal_gravitation_which_accounts_for_why_objects_naturally_fall_downwards_fill_15.wav,filler_other,NA,NA,NA,Isaac Newton,nans,first,,a,,JB_1205
9,2b59454ffbb3a7af796a6fc9347d05282e36dc003a795fbfa255e48c90d5b188,Isaac Newton,who_discovered_the_law_of_universal_gravitation_which_accounts_for_why_objects_naturally_fall_downwards_fill_15.wav,filler_other,NA,NA,NA,Isaac Newton,,,,,,
9,2b59454ffbb3a7af796a6fc9347d05282e36dc003a795fbfa255e48c90d5b188,I’m good — skip to the next question,who_discovered_the_law_of_universal_gravitation_which_accounts_for_why_objects_naturally_fall_downwards_fill_15.wav,filler_other,NA,NA,NA,Isaac Newton,s,secsame,,,,JB_1205
9,2b59454ffbb3a7af796a6fc9347d05282e36dc003a795fbfa255e48c90d5b188,NA,who_discovered_the_law_of_universal_gravitation_which_accounts_for_why_objects_naturally_fall_downwards_fill_15.wav,filler_other,NA,NA,NA,Isaac Newton,,,,,,
9,2b59454ffbb3a7af796a6fc9347d05282e36dc003a795fbfa255e48c90d5b188,"The question needs to be CORRECTED (Select this if you spot an error, even if you don’t know the answer).",what_musician_won_grammys_for_their_album_thriller_which_features_the_hit_song_beat_it_fill_20.wav,filler_other,NA,NA,NA,Michael Jackson,y,first,otherfill,,reports mispronunciation of 'Beat It',JB_1205
9,2b59454ffbb3a7af796a6fc9347d05282e36dc003a795fbfa255e48c90d5b188,"""Bill It"" instead of ""Beat It""; the answer is Michael Jackson.",what_musician_won_grammys_for_their_album_thriller_which_features_the_hit_song_beat_it_fill_20.wav,filler_other,NA,NA,NA,Michael Jackson,,,,,,
9,2b59454ffbb3a7af796a6fc9347d05282e36dc003a795fbfa255e48c90d5b188,I’m good — skip to the next question,what_musician_won_grammys_for_their_album_thriller_which_features_the_hit_song_beat_it_fill_20.wav,filler_other,NA,NA,NA,Michael Jackson,s,secsame,,,,JB_1205
9,2b59454ffbb3a7af796a6fc9347d05282e36dc003a795fbfa255e48c90d5b188,NA,what_musician_won_grammys_for_their_album_thriller_which_features_the_hit_song_beat_it_fill_20.wav,filler_other,NA,NA,NA,Michael Jackson,,,,,,
9,2b59454ffbb3a7af796a6fc9347d05282e36dc003a795fbfa255e48c90d5b188,"The question needs to be CORRECTED (Select this if you spot an error, even if you don’t know the answer).",where_do_people_get_drivers_licenses_since_is_required_as_ballad_id_to_drive_targ_16_D.wav,target,both_err,expletive 'it' dropping,/v/ --> /b/; valid/ballad,DMV,y,first,p,,,JB_1205
9,2b59454ffbb3a7af796a6fc9347d05282e36dc003a795fbfa255e48c90d5b188,"""Ballad"" instead of ""valid""; the DPS office.",where_do_people_get_drivers_licenses_since_is_required_as_ballad_id_to_drive_targ_16_D.wav,target,both_err,expletive 'it' dropping,/v/ --> /b/; valid/ballad,DMV,,,,,,
9,2b59454ffbb3a7af796a6fc9347d05282e36dc003a795fbfa255e48c90d5b188,I’m good — skip to the next question,where_do_people_get_drivers_licenses_since_is_required_as_ballad_id_to_drive_targ_16_D.wav,target,both_err,expletive 'it' dropping,/v/ --> /b/; valid/ballad,DMV,s,secsame,,,,JB_1205
9,2b59454ffbb3a7af796a6fc9347d05282e36dc003a795fbfa255e48c90d5b188,NA,where_do_people_get_drivers_licenses_since_is_required_as_ballad_id_to_drive_targ_16_D.wav,target,both_err,expletive 'it' dropping,/v/ --> /b/; valid/ballad,DMV,,,,,,
9,2b59454ffbb3a7af796a6fc9347d05282e36dc003a795fbfa255e48c90d5b188,"The question needs to be CORRECTED (Select this if you spot an error, even if you don’t know the answer).",which_season_do_we_associate_with_thanksgiving_the_beginning_of_school_and_leaves_turning_brown_fill_19.wav,filler_other,NA,NA,NA,Fall,y,first,otherfill,,reports mispronunciation of 'season',JB_1205
9,2b59454ffbb3a7af796a6fc9347d05282e36dc003a795fbfa255e48c90d5b188,"""Seson"" instead of ""Season""; the answer is Autumn.",which_season_do_we_associate_with_thanksgiving_the_beginning_of_school_and_leaves_turning_brown_fill_19.wav,filler_other,NA,NA,NA,Fall,,,,,,
9,2b59454ffbb3a7af796a6fc9347d05282e36dc003a795fbfa255e48c90d5b188,I’m good — skip to the next question,which_season_do_we_associate_with_thanksgiving_the_beginning_of_school_and_leaves_turning_brown_fill_19.wav,filler_other,NA,NA,NA,Fall,s,secsame,,,,JB_1205
9,2b59454ffbb3a7af796a6fc9347d05282e36dc003a795fbfa255e48c90d5b188,NA,which_season_do_we_associate_with_thanksgiving_the_beginning_of_school_and_leaves_turning_brown_fill_19.wav,filler_other,NA,NA,NA,Fall,,,,,,
9,2b59454ffbb3a7af796a6fc9347d05282e36dc003a795fbfa255e48c90d5b188,"The question does NOT need any corrections, but I don't know the answer/ I don't understand what the question is asking.",what_colors_can_have_on_a_traffic_light_which_often_senses_when_cars_pull_up_targ_11_C.wav,target,non_phon_err,have vs. be,/ʊ/ --> /u/; pulls/pools,green,nun,first,,,,JB_1205
9,2b59454ffbb3a7af796a6fc9347d05282e36dc003a795fbfa255e48c90d5b188,NA,what_colors_can_have_on_a_traffic_light_which_often_senses_when_cars_pull_up_targ_11_C.wav,target,non_phon_err,have vs. be,/ʊ/ --> /u/; pulls/pools,green,,,,,,
9,2b59454ffbb3a7af796a6fc9347d05282e36dc003a795fbfa255e48c90d5b188,"The question needs to be CORRECTED (Select this if you spot an error, even if you don’t know the answer).",what_colors_can_have_on_a_traffic_light_which_often_senses_when_cars_pull_up_targ_11_C.wav,target,non_phon_err,have vs. be,/ʊ/ --> /u/; pulls/pools,green,y,secdiff,np,,,JB_1205
9,2b59454ffbb3a7af796a6fc9347d05282e36dc003a795fbfa255e48c90d5b188,"""Have"" instead of ""be""; the answers are red, yellow, and green.",what_colors_can_have_on_a_traffic_light_which_often_senses_when_cars_pull_up_targ_11_C.wav,target,non_phon_err,have vs. be,/ʊ/ --> /u/; pulls/pools,green,,,,,,
9,2b59454ffbb3a7af796a6fc9347d05282e36dc003a795fbfa255e48c90d5b188,The question does NOT need any corrections.,what_novel_has_the_quote_i’m_late_i’m_late_for_a_very_important_date_fill_13.wav,filler_other,NA,NA,NA,Alice in Wonderland,nans,first,,,,JB_1205
9,2b59454ffbb3a7af796a6fc9347d05282e36dc003a795fbfa255e48c90d5b188,Alice in Wonderland,what_novel_has_the_quote_i’m_late_i’m_late_for_a_very_important_date_fill_13.wav,filler_other,NA,NA,NA,Alice in Wonderland,,,,,,
9,2b59454ffbb3a7af796a6fc9347d05282e36dc003a795fbfa255e48c90d5b188,I’m good — skip to the next question,what_novel_has_the_quote_i’m_late_i’m_late_for_a_very_important_date_fill_13.wav,filler_other,NA,NA,NA,Alice in Wonderland,s,secsame,,,,JB_1205
9,2b59454ffbb3a7af796a6fc9347d05282e36dc003a795fbfa255e48c90d5b188,NA,what_novel_has_the_quote_i’m_late_i’m_late_for_a_very_important_date_fill_13.wav,filler_other,NA,NA,NA,Alice in Wonderland,,,,,,
9,2b59454ffbb3a7af796a6fc9347d05282e36dc003a795fbfa255e48c90d5b188,"The question needs to be CORRECTED (Select this if you spot an error, even if you don’t know the answer).",what_supplies_do_you_need_to_knit_a_scarf_targ_13_A.wav,target,correct,no aux verbs in questions (lack of do support),/ɪ/ --> /i/; knit/neat,needles and yarn,y,first,p,,reports phon error despite being correct stimulus,JB_1205
9,2b59454ffbb3a7af796a6fc9347d05282e36dc003a795fbfa255e48c90d5b188,"""Need"" instead of ""Knit""; the answer is wool/yarn.",what_supplies_do_you_need_to_knit_a_scarf_targ_13_A.wav,target,correct,no aux verbs in questions (lack of do support),/ɪ/ --> /i/; knit/neat,needles and yarn,,,,,,
9,2b59454ffbb3a7af796a6fc9347d05282e36dc003a795fbfa255e48c90d5b188,I’m good — skip to the next question,what_supplies_do_you_need_to_knit_a_scarf_targ_13_A.wav,target,correct,no aux verbs in questions (lack of do support),/ɪ/ --> /i/; knit/neat,needles and yarn,s,secsame,,,,JB_1205
9,2b59454ffbb3a7af796a6fc9347d05282e36dc003a795fbfa255e48c90d5b188,NA,what_supplies_do_you_need_to_knit_a_scarf_targ_13_A.wav,target,correct,no aux verbs in questions (lack of do support),/ɪ/ --> /i/; knit/neat,needles and yarn,,,,,,
9,2b59454ffbb3a7af796a6fc9347d05282e36dc003a795fbfa255e48c90d5b188,The question does NOT need any corrections.,what_organ_is_often_associated_with_being_eaten_by_rotting_flesh_monsters_also_known_as_zombies_fill_02.wav,filler_other,NA,NA,NA,the brain,nans,first,,a,,JB_1205
9,2b59454ffbb3a7af796a6fc9347d05282e36dc003a795fbfa255e48c90d5b188,Brains,what_organ_is_often_associated_with_being_eaten_by_rotting_flesh_monsters_also_known_as_zombies_fill_02.wav,filler_other,NA,NA,NA,the brain,,,,,,
9,2b59454ffbb3a7af796a6fc9347d05282e36dc003a795fbfa255e48c90d5b188,I’m good — skip to the next question,what_organ_is_often_associated_with_being_eaten_by_rotting_flesh_monsters_also_known_as_zombies_fill_02.wav,filler_other,NA,NA,NA,the brain,s,secsame,,,,JB_1205
9,2b59454ffbb3a7af796a6fc9347d05282e36dc003a795fbfa255e48c90d5b188,NA,what_organ_is_often_associated_with_being_eaten_by_rotting_flesh_monsters_also_known_as_zombies_fill_02.wav,filler_other,NA,NA,NA,the brain,,,,,,
9,2b59454ffbb3a7af796a6fc9347d05282e36dc003a795fbfa255e48c90d5b188,"The question needs to be CORRECTED (Select this if you spot an error, even if you don’t know the answer).",what_company_created_the_macbook_a_device_full_of_features_to_help_students_make_homework_targ_23_C.wav,target,non_phon_err,make vs. other verb,/ʊ/ --> /u/; full/fool,Apple,y,first,np,,,JB_1205
9,2b59454ffbb3a7af796a6fc9347d05282e36dc003a795fbfa255e48c90d5b188,"""Make"" instead of ""do""; the answer is Apple.",what_company_created_the_macbook_a_device_full_of_features_to_help_students_make_homework_targ_23_C.wav,target,non_phon_err,make vs. other verb,/ʊ/ --> /u/; full/fool,Apple,,,,,,
9,2b59454ffbb3a7af796a6fc9347d05282e36dc003a795fbfa255e48c90d5b188,I’m good — skip to the next question,what_company_created_the_macbook_a_device_full_of_features_to_help_students_make_homework_targ_23_C.wav,target,non_phon_err,make vs. other verb,/ʊ/ --> /u/; full/fool,Apple,s,secsame,,,,JB_1205
9,2b59454ffbb3a7af796a6fc9347d05282e36dc003a795fbfa255e48c90d5b188,NA,what_company_created_the_macbook_a_device_full_of_features_to_help_students_make_homework_targ_23_C.wav,target,non_phon_err,make vs. other verb,/ʊ/ --> /u/; full/fool,Apple,,,,,,
10,363e4e879486381394ae27b8400723d6c9c4718b242eb87fd3a5aefbada21a69,The question does NOT need any corrections.,what_color_is_a_typical_school_bus_fill_28.wav,att_check_good,NA,NA,NA,yellow,nans,first,,a,attention check passed (8/8 correct),JB_1204
10,363e4e879486381394ae27b8400723d6c9c4718b242eb87fd3a5aefbada21a69,Yellow,what_color_is_a_typical_school_bus_fill_28.wav,att_check_good,NA,NA,NA,yellow,,,,,,
10,363e4e879486381394ae27b8400723d6c9c4718b242eb87fd3a5aefbada21a69,I’m good — skip to the next question,what_color_is_a_typical_school_bus_fill_28.wav,att_check_good,NA,NA,NA,yellow,s,secsame,,,,JB_1204
10,363e4e879486381394ae27b8400723d6c9c4718b242eb87fd3a5aefbada21a69,NA,what_color_is_a_typical_school_bus_fill_28.wav,att_check_good,NA,NA,NA,yellow,,,,,,
10,363e4e879486381394ae27b8400723d6c9c4718b242eb87fd3a5aefbada21a69,The question does NOT need any corrections.,what_state_is_los_angeles_located_in_fill_26.wav,att_check_good,NA,NA,NA,California,nans,first,,a,,JB_1204
10,363e4e879486381394ae27b8400723d6c9c4718b242eb87fd3a5aefbada21a69,California,what_state_is_los_angeles_located_in_fill_26.wav,att_check_good,NA,NA,NA,California,,,,,,
10,363e4e879486381394ae27b8400723d6c9c4718b242eb87fd3a5aefbada21a69,I’m good — skip to the next question,what_state_is_los_angeles_located_in_fill_26.wav,att_check_good,NA,NA,NA,California,s,secsame,,,,JB_1204
10,363e4e879486381394ae27b8400723d6c9c4718b242eb87fd3a5aefbada21a69,NA,what_state_is_los_angeles_located_in_fill_26.wav,att_check_good,NA,NA,NA,California,,,,,,
10,363e4e879486381394ae27b8400723d6c9c4718b242eb87fd3a5aefbada21a69,"The question needs to be CORRECTED (Select this if you spot an error, even if you don’t know the answer).",how_many_embers_were_in_the_beatles_the_british_rock_band_fill_32.wav,att_check_err,NA,NA,NA,four (members),y,first,acheckp,,,JB_1204
10,363e4e879486381394ae27b8400723d6c9c4718b242eb87fd3a5aefbada21a69,Heard 'embers' which should be 'members'; Heard 'The bittles' which should be 'The Beatles'; 4,how_many_embers_were_in_the_beatles_the_british_rock_band_fill_32.wav,att_check_err,NA,NA,NA,four (members),,,,,,
10,363e4e879486381394ae27b8400723d6c9c4718b242eb87fd3a5aefbada21a69,I’m good — skip to the next question,how_many_embers_were_in_the_beatles_the_british_rock_band_fill_32.wav,att_check_err,NA,NA,NA,four (members),s,secsame,,,,JB_1204
10,363e4e879486381394ae27b8400723d6c9c4718b242eb87fd3a5aefbada21a69,NA,how_many_embers_were_in_the_beatles_the_british_rock_band_fill_32.wav,att_check_err,NA,NA,NA,four (members),,,,,,
10,363e4e879486381394ae27b8400723d6c9c4718b242eb87fd3a5aefbada21a69,"The question needs to be CORRECTED (Select this if you spot an error, even if you don’t know the answer).",what_insect_undergoes_a_process_of_change_to_turn_into_a_butterfy_fill_30.wav,att_check_err,NA,NA,NA,caterpillar (butterfly),y,first,acheckp,,,JB_1204
10,363e4e879486381394ae27b8400723d6c9c4718b242eb87fd3a5aefbada21a69,Heard 'butterfy' which should be 'butterfly'; Caterpillar,what_insect_undergoes_a_process_of_change_to_turn_into_a_butterfy_fill_30.wav,att_check_err,NA,NA,NA,caterpillar (butterfly),,,,,,
10,363e4e879486381394ae27b8400723d6c9c4718b242eb87fd3a5aefbada21a69,I’m good — skip to the next question,what_insect_undergoes_a_process_of_change_to_turn_into_a_butterfy_fill_30.wav,att_check_err,NA,NA,NA,caterpillar (butterfly),s,secsame,,,,JB_1204
10,363e4e879486381394ae27b8400723d6c9c4718b242eb87fd3a5aefbada21a69,NA,what_insect_undergoes_a_process_of_change_to_turn_into_a_butterfy_fill_30.wav,att_check_err,NA,NA,NA,caterpillar (butterfly),,,,,,
10,363e4e879486381394ae27b8400723d6c9c4718b242eb87fd3a5aefbada21a69,"The question needs to be CORRECTED (Select this if you spot an error, even if you don’t know the answer).",what_is_the_largest_plant_in_the_solar_system_fill_31.wav,att_check_err,NA,NA,NA,Jupiter (planet),y,first,acheckp,,,JB_1204
10,363e4e879486381394ae27b8400723d6c9c4718b242eb87fd3a5aefbada21a69,Heard 'plant' which should be 'planet',what_is_the_largest_plant_in_the_solar_system_fill_31.wav,att_check_err,NA,NA,NA,Jupiter (planet),,,,,,
10,363e4e879486381394ae27b8400723d6c9c4718b242eb87fd3a5aefbada21a69,I’m good — skip to the next question,what_is_the_largest_plant_in_the_solar_system_fill_31.wav,att_check_err,NA,NA,NA,Jupiter (planet),s,secsame,,,,JB_1204
10,363e4e879486381394ae27b8400723d6c9c4718b242eb87fd3a5aefbada21a69,NA,what_is_the_largest_plant_in_the_solar_system_fill_31.wav,att_check_err,NA,NA,NA,Jupiter (planet),,,,,,
10,363e4e879486381394ae27b8400723d6c9c4718b242eb87fd3a5aefbada21a69,"The question needs to be CORRECTED (Select this if you spot an error, even if you don’t know the answer).",in_the_cycle_of_seasons_what_season_comes_after_dinter_fill_29.wav,att_check_err,NA,NA,NA,"Spring (Winter, sound sub that's not related)",y,first,acheckp,,,JB_1204
10,363e4e879486381394ae27b8400723d6c9c4718b242eb87fd3a5aefbada21a69,Heard 'dinter' which should be 'winter'; Spring,in_the_cycle_of_seasons_what_season_comes_after_dinter_fill_29.wav,att_check_err,NA,NA,NA,"Spring (Winter, sound sub that's not related)",,,,,,
10,363e4e879486381394ae27b8400723d6c9c4718b242eb87fd3a5aefbada21a69,I’m good — skip to the next question,in_the_cycle_of_seasons_what_season_comes_after_dinter_fill_29.wav,att_check_err,NA,NA,NA,"Spring (Winter, sound sub that's not related)",s,secsame,,,,JB_1204
10,363e4e879486381394ae27b8400723d6c9c4718b242eb87fd3a5aefbada21a69,NA,in_the_cycle_of_seasons_what_season_comes_after_dinter_fill_29.wav,att_check_err,NA,NA,NA,"Spring (Winter, sound sub that's not related)",,,,,,
10,363e4e879486381394ae27b8400723d6c9c4718b242eb87fd3a5aefbada21a69,The question does NOT need any corrections.,how_many_legs_does_a_dog_normally_have_fill_25.wav,att_check_good,NA,NA,NA,four,nans,first,,a,,JB_1204
10,363e4e879486381394ae27b8400723d6c9c4718b242eb87fd3a5aefbada21a69,Four,how_many_legs_does_a_dog_normally_have_fill_25.wav,att_check_good,NA,NA,NA,four,,,,,,
10,363e4e879486381394ae27b8400723d6c9c4718b242eb87fd3a5aefbada21a69,I’m good — skip to the next question,how_many_legs_does_a_dog_normally_have_fill_25.wav,att_check_good,NA,NA,NA,four,s,secsame,,,,JB_1204
10,363e4e879486381394ae27b8400723d6c9c4718b242eb87fd3a5aefbada21a69,NA,how_many_legs_does_a_dog_normally_have_fill_25.wav,att_check_good,NA,NA,NA,four,,,,,,
10,363e4e879486381394ae27b8400723d6c9c4718b242eb87fd3a5aefbada21a69,The question does NOT need any corrections.,what_day_of_the_week_comes_after_monday_fill_27.wav,att_check_good,NA,NA,NA,Tuesday,nans,first,,a,,JB_1204
10,363e4e879486381394ae27b8400723d6c9c4718b242eb87fd3a5aefbada21a69,Tuesday,what_day_of_the_week_comes_after_monday_fill_27.wav,att_check_good,NA,NA,NA,Tuesday,,,,,,
10,363e4e879486381394ae27b8400723d6c9c4718b242eb87fd3a5aefbada21a69,I’m good — skip to the next question,what_day_of_the_week_comes_after_monday_fill_27.wav,att_check_good,NA,NA,NA,Tuesday,s,secsame,,,,JB_1204
10,363e4e879486381394ae27b8400723d6c9c4718b242eb87fd3a5aefbada21a69,NA,what_day_of_the_week_comes_after_monday_fill_27.wav,att_check_good,NA,NA,NA,Tuesday,,,,,,
10,363e4e879486381394ae27b8400723d6c9c4718b242eb87fd3a5aefbada21a69,The question does NOT need any corrections.,which_fast_food_chain_offers_foot-long_sandwiches_and_has_the_slogan_eat_fresh_fill_11.wav,filler_other,NA,NA,NA,Subway,nans,first,,a,,JB_1205
10,363e4e879486381394ae27b8400723d6c9c4718b242eb87fd3a5aefbada21a69,Subway,which_fast_food_chain_offers_foot-long_sandwiches_and_has_the_slogan_eat_fresh_fill_11.wav,filler_other,NA,NA,NA,Subway,,,,,,
10,363e4e879486381394ae27b8400723d6c9c4718b242eb87fd3a5aefbada21a69,I’m good — skip to the next question,which_fast_food_chain_offers_foot-long_sandwiches_and_has_the_slogan_eat_fresh_fill_11.wav,filler_other,NA,NA,NA,Subway,s,secsame,,,,JB_1205
10,363e4e879486381394ae27b8400723d6c9c4718b242eb87fd3a5aefbada21a69,NA,which_fast_food_chain_offers_foot-long_sandwiches_and_has_the_slogan_eat_fresh_fill_11.wav,filler_other,NA,NA,NA,Subway,,,,,,
10,363e4e879486381394ae27b8400723d6c9c4718b242eb87fd3a5aefbada21a69,"The question does NOT need any corrections, but I don't know the answer/ I don't understand what the question is asking.",if_i_consider_to_leave_work_after_the_fourth_hour_how_many_minutes_would_that_be_targ_24_C.wav,target,non_phon_err,infinitive vs. participle,/θ/ --> /t/; fourth/fort,two hundred and forty,nun,first,,,,JB_1205
10,363e4e879486381394ae27b8400723d6c9c4718b242eb87fd3a5aefbada21a69,NA,if_i_consider_to_leave_work_after_the_fourth_hour_how_many_minutes_would_that_be_targ_24_C.wav,target,non_phon_err,infinitive vs. participle,/θ/ --> /t/; fourth/fort,two hundred and forty,,,,,,
10,363e4e879486381394ae27b8400723d6c9c4718b242eb87fd3a5aefbada21a69,I’m good — skip to the next question,if_i_consider_to_leave_work_after_the_fourth_hour_how_many_minutes_would_that_be_targ_24_C.wav,target,non_phon_err,infinitive vs. participle,/θ/ --> /t/; fourth/fort,two hundred and forty,s,secsame,,,,JB_1205
10,363e4e879486381394ae27b8400723d6c9c4718b242eb87fd3a5aefbada21a69,NA,if_i_consider_to_leave_work_after_the_fourth_hour_how_many_minutes_would_that_be_targ_24_C.wav,target,non_phon_err,infinitive vs. participle,/θ/ --> /t/; fourth/fort,two hundred and forty,,,,,,
10,363e4e879486381394ae27b8400723d6c9c4718b242eb87fd3a5aefbada21a69,"The question needs to be CORRECTED (Select this if you spot an error, even if you don’t know the answer).",in_the_lion_king_who_nala_talk_to_and_is_laying_in_a_got_after_theyve_reunited_targ_21_D.wav,target,both_err,no aux verbs in questions (lack of do support),/k/ --> /g/; cot/got,Simba,y,first,np,,"reports non-phon error on first attempt, reports both on second attempt",JB_1205
10,363e4e879486381394ae27b8400723d6c9c4718b242eb87fd3a5aefbada21a69,Who' should be 'who does'; Simba,in_the_lion_king_who_nala_talk_to_and_is_laying_in_a_got_after_theyve_reunited_targ_21_D.wav,target,both_err,no aux verbs in questions (lack of do support),/k/ --> /g/; cot/got,Simba,,,,,,
10,363e4e879486381394ae27b8400723d6c9c4718b242eb87fd3a5aefbada21a69,"The question needs to be CORRECTED (Select this if you spot an error, even if you don’t know the answer).",in_the_lion_king_who_nala_talk_to_and_is_laying_in_a_got_after_theyve_reunited_targ_21_D.wav,target,both_err,no aux verbs in questions (lack of do support),/k/ --> /g/; cot/got,Simba,y,secdiff,both,,,JB_1205
10,363e4e879486381394ae27b8400723d6c9c4718b242eb87fd3a5aefbada21a69,Who' should be 'who does'; Heard 'laying in a got' should be 'laying in a cot'; Simba,in_the_lion_king_who_nala_talk_to_and_is_laying_in_a_got_after_theyve_reunited_targ_21_D.wav,target,both_err,no aux verbs in questions (lack of do support),/k/ --> /g/; cot/got,Simba,,,,,,
10,363e4e879486381394ae27b8400723d6c9c4718b242eb87fd3a5aefbada21a69,"The question needs to be CORRECTED (Select this if you spot an error, even if you don’t know the answer).",what_kind_of_weather_cooed_cooled_occur_when_is_raining_and_below_freezing_targ_05_D.wav,target,both_err,expletive 'it' dropping,/ʊ/ --> /u/; could/cooed,snow,y,first,otherp,,reports mispronunciation of 'occurs',JB_1205
10,363e4e879486381394ae27b8400723d6c9c4718b242eb87fd3a5aefbada21a69,Heard 'ocure' and should be 'occur'; Hail,what_kind_of_weather_cooed_cooled_occur_when_is_raining_and_below_freezing_targ_05_D.wav,target,both_err,expletive 'it' dropping,/ʊ/ --> /u/; could/cooed,snow,,,,,,
10,363e4e879486381394ae27b8400723d6c9c4718b242eb87fd3a5aefbada21a69,"The question needs to be CORRECTED (Select this if you spot an error, even if you don’t know the answer).",what_kind_of_weather_cooed_cooled_occur_when_is_raining_and_below_freezing_targ_05_D.wav,target,both_err,expletive 'it' dropping,/ʊ/ --> /u/; could/cooed,snow,y,secsame,otherp,,,JB_1205
10,363e4e879486381394ae27b8400723d6c9c4718b242eb87fd3a5aefbada21a69,Heard 'ocure' should be 'occur'; Hail,what_kind_of_weather_cooed_cooled_occur_when_is_raining_and_below_freezing_targ_05_D.wav,target,both_err,expletive 'it' dropping,/ʊ/ --> /u/; could/cooed,snow,,,,,,
10,363e4e879486381394ae27b8400723d6c9c4718b242eb87fd3a5aefbada21a69,The question does NOT need any corrections.,what_kind_of_animal_is_mickey_mouse’s_girlfriend_minnie_who_wears_a_bow_fill_09.wav,filler_other,NA,NA,NA,mouse,nans,first,,a,,JB_1205
10,363e4e879486381394ae27b8400723d6c9c4718b242eb87fd3a5aefbada21a69,Mouse,what_kind_of_animal_is_mickey_mouse’s_girlfriend_minnie_who_wears_a_bow_fill_09.wav,filler_other,NA,NA,NA,mouse,,,,,,
10,363e4e879486381394ae27b8400723d6c9c4718b242eb87fd3a5aefbada21a69,I’m good — skip to the next question,what_kind_of_animal_is_mickey_mouse’s_girlfriend_minnie_who_wears_a_bow_fill_09.wav,filler_other,NA,NA,NA,mouse,s,secsame,,,,JB_1205
10,363e4e879486381394ae27b8400723d6c9c4718b242eb87fd3a5aefbada21a69,NA,what_kind_of_animal_is_mickey_mouse’s_girlfriend_minnie_who_wears_a_bow_fill_09.wav,filler_other,NA,NA,NA,mouse,,,,,,
10,363e4e879486381394ae27b8400723d6c9c4718b242eb87fd3a5aefbada21a69,The question does NOT need any corrections.,where_do_the_jolly_christmas_icons_santa_claus_and_his_wife_mrs._claus_live_fill_22.wav,filler_other,NA,NA,NA,the North Pole,nans,first,,a,,JB_1205
10,363e4e879486381394ae27b8400723d6c9c4718b242eb87fd3a5aefbada21a69,North Pole,where_do_the_jolly_christmas_icons_santa_claus_and_his_wife_mrs._claus_live_fill_22.wav,filler_other,NA,NA,NA,the North Pole,,,,,,
10,363e4e879486381394ae27b8400723d6c9c4718b242eb87fd3a5aefbada21a69,I’m good — skip to the next question,where_do_the_jolly_christmas_icons_santa_claus_and_his_wife_mrs._claus_live_fill_22.wav,filler_other,NA,NA,NA,the North Pole,s,secsame,,,,JB_1205
10,363e4e879486381394ae27b8400723d6c9c4718b242eb87fd3a5aefbada21a69,NA,where_do_the_jolly_christmas_icons_santa_claus_and_his_wife_mrs._claus_live_fill_22.wav,filler_other,NA,NA,NA,the North Pole,,,,,,
10,363e4e879486381394ae27b8400723d6c9c4718b242eb87fd3a5aefbada21a69,The question does NOT need any corrections.,what_is_the_name_of_the_video_game_character_who_is_a_traveling_italian_plumber_fill_08.wav,filler_other,NA,NA,NA,Mario,nans,first,,a,,JB_1205
10,363e4e879486381394ae27b8400723d6c9c4718b242eb87fd3a5aefbada21a69,Mario,what_is_the_name_of_the_video_game_character_who_is_a_traveling_italian_plumber_fill_08.wav,filler_other,NA,NA,NA,Mario,,,,,,
10,363e4e879486381394ae27b8400723d6c9c4718b242eb87fd3a5aefbada21a69,I’m good — skip to the next question,what_is_the_name_of_the_video_game_character_who_is_a_traveling_italian_plumber_fill_08.wav,filler_other,NA,NA,NA,Mario,s,secsame,,,,JB_1205
10,363e4e879486381394ae27b8400723d6c9c4718b242eb87fd3a5aefbada21a69,NA,what_is_the_name_of_the_video_game_character_who_is_a_traveling_italian_plumber_fill_08.wav,filler_other,NA,NA,NA,Mario,,,,,,
10,363e4e879486381394ae27b8400723d6c9c4718b242eb87fd3a5aefbada21a69,"The question needs to be CORRECTED (Select this if you spot an error, even if you don’t know the answer).",which_tropical_fruit_that_grows_on_palm_trees_is_used_for_oils_and_milks_fill_18.wav,filler_other,NA,NA,NA,coconuts,y,first,otherfill,,says it should be 'milk' instead of 'milks',JB_1205
10,363e4e879486381394ae27b8400723d6c9c4718b242eb87fd3a5aefbada21a69,Heard 'milks' and should be 'milk'; Coconut,which_tropical_fruit_that_grows_on_palm_trees_is_used_for_oils_and_milks_fill_18.wav,filler_other,NA,NA,NA,coconuts,,,,,,
10,363e4e879486381394ae27b8400723d6c9c4718b242eb87fd3a5aefbada21a69,I’m good — skip to the next question,which_tropical_fruit_that_grows_on_palm_trees_is_used_for_oils_and_milks_fill_18.wav,filler_other,NA,NA,NA,coconuts,s,secsame,,,,JB_1205
10,363e4e879486381394ae27b8400723d6c9c4718b242eb87fd3a5aefbada21a69,NA,which_tropical_fruit_that_grows_on_palm_trees_is_used_for_oils_and_milks_fill_18.wav,filler_other,NA,NA,NA,coconuts,,,,,,
10,363e4e879486381394ae27b8400723d6c9c4718b242eb87fd3a5aefbada21a69,"The question needs to be CORRECTED (Select this if you spot an error, even if you don’t know the answer).",who_discovered_the_law_of_universal_gravitation_which_accounts_for_why_objects_naturally_fall_downwards_fill_15.wav,filler_other,NA,NA,NA,Isaac Newton,y,first,otherfill,,reports mispronunciation of 'law',JB_1205
10,363e4e879486381394ae27b8400723d6c9c4718b242eb87fd3a5aefbada21a69,Heard 'laow' instead of 'law'; Isaac Newton,who_discovered_the_law_of_universal_gravitation_which_accounts_for_why_objects_naturally_fall_downwards_fill_15.wav,filler_other,NA,NA,NA,Isaac Newton,,,,,,
10,363e4e879486381394ae27b8400723d6c9c4718b242eb87fd3a5aefbada21a69,I’m good — skip to the next question,who_discovered_the_law_of_universal_gravitation_which_accounts_for_why_objects_naturally_fall_downwards_fill_15.wav,filler_other,NA,NA,NA,Isaac Newton,s,secsame,,,,JB_1205
10,363e4e879486381394ae27b8400723d6c9c4718b242eb87fd3a5aefbada21a69,NA,who_discovered_the_law_of_universal_gravitation_which_accounts_for_why_objects_naturally_fall_downwards_fill_15.wav,filler_other,NA,NA,NA,Isaac Newton,,,,,,
10,363e4e879486381394ae27b8400723d6c9c4718b242eb87fd3a5aefbada21a69,The question does NOT need any corrections.,in_the_famous_dr_seuss_book_what_orange_and_yellow_character_speaks_for_the_trees_fill_23.wav,filler_other,NA,NA,NA,the Lorax,nans,first,,a,,JB_1205
10,363e4e879486381394ae27b8400723d6c9c4718b242eb87fd3a5aefbada21a69,The Lorax,in_the_famous_dr_seuss_book_what_orange_and_yellow_character_speaks_for_the_trees_fill_23.wav,filler_other,NA,NA,NA,the Lorax,,,,,,
10,363e4e879486381394ae27b8400723d6c9c4718b242eb87fd3a5aefbada21a69,I’m good — skip to the next question,in_the_famous_dr_seuss_book_what_orange_and_yellow_character_speaks_for_the_trees_fill_23.wav,filler_other,NA,NA,NA,the Lorax,s,secsame,,,,JB_1205
10,363e4e879486381394ae27b8400723d6c9c4718b242eb87fd3a5aefbada21a69,NA,in_the_famous_dr_seuss_book_what_orange_and_yellow_character_speaks_for_the_trees_fill_23.wav,filler_other,NA,NA,NA,the Lorax,,,,,,
10,363e4e879486381394ae27b8400723d6c9c4718b242eb87fd3a5aefbada21a69,"The question does NOT need any corrections, but I don't know the answer/ I don't understand what the question is asking.",for_what_pink_ice_cream_flavor_wheel_companies_make_their_best_to_use_real_fruit_targ_01_D.wav,target,both_err,make vs. other verb,/ɪ/ --> /i/; will/wheel,strawberry,nun,first,,,,JB_1205
10,363e4e879486381394ae27b8400723d6c9c4718b242eb87fd3a5aefbada21a69,NA,for_what_pink_ice_cream_flavor_wheel_companies_make_their_best_to_use_real_fruit_targ_01_D.wav,target,both_err,make vs. other verb,/ɪ/ --> /i/; will/wheel,strawberry,,,,,,
10,363e4e879486381394ae27b8400723d6c9c4718b242eb87fd3a5aefbada21a69,The question does NOT need any corrections.,for_what_pink_ice_cream_flavor_wheel_companies_make_their_best_to_use_real_fruit_targ_01_D.wav,target,both_err,make vs. other verb,/ɪ/ --> /i/; will/wheel,strawberry,nans,secdiff,,a,,JB_1205
10,363e4e879486381394ae27b8400723d6c9c4718b242eb87fd3a5aefbada21a69,Strawberry,for_what_pink_ice_cream_flavor_wheel_companies_make_their_best_to_use_real_fruit_targ_01_D.wav,target,both_err,make vs. other verb,/ɪ/ --> /i/; will/wheel,strawberry,,,,,,
10,363e4e879486381394ae27b8400723d6c9c4718b242eb87fd3a5aefbada21a69,The question does NOT need any corrections.,which_body_part_did_van_gogh_allegedly_cut_off_after_an_argument_with_his_friend_fill_05.wav,filler_other,NA,NA,NA,ear,nans,first,,a,,JB_1205
10,363e4e879486381394ae27b8400723d6c9c4718b242eb87fd3a5aefbada21a69,Ear,which_body_part_did_van_gogh_allegedly_cut_off_after_an_argument_with_his_friend_fill_05.wav,filler_other,NA,NA,NA,ear,,,,,,
10,363e4e879486381394ae27b8400723d6c9c4718b242eb87fd3a5aefbada21a69,I’m good — skip to the next question,which_body_part_did_van_gogh_allegedly_cut_off_after_an_argument_with_his_friend_fill_05.wav,filler_other,NA,NA,NA,ear,s,secsame,,,,JB_1205
10,363e4e879486381394ae27b8400723d6c9c4718b242eb87fd3a5aefbada21a69,NA,which_body_part_did_van_gogh_allegedly_cut_off_after_an_argument_with_his_friend_fill_05.wav,filler_other,NA,NA,NA,ear,,,,,,
10,363e4e879486381394ae27b8400723d6c9c4718b242eb87fd3a5aefbada21a69,"The question needs to be CORRECTED (Select this if you spot an error, even if you don’t know the answer).",which_scottish_actor_first_played_james_bond_wearing_guilts_to_red_carpets_when_he_was_32_years_old_targ_03_B.wav,target,phon_err,have vs. be,/k/ --> /g/; kilt/guilt,Sean Connery,y,first,p,,,JB_1205
10,363e4e879486381394ae27b8400723d6c9c4718b242eb87fd3a5aefbada21a69,Heard 'gilts' and should be 'kilts'; Pierce Brosnan,which_scottish_actor_first_played_james_bond_wearing_guilts_to_red_carpets_when_he_was_32_years_old_targ_03_B.wav,target,phon_err,have vs. be,/k/ --> /g/; kilt/guilt,Sean Connery,,,,,,
10,363e4e879486381394ae27b8400723d6c9c4718b242eb87fd3a5aefbada21a69,I’m good — skip to the next question,which_scottish_actor_first_played_james_bond_wearing_guilts_to_red_carpets_when_he_was_32_years_old_targ_03_B.wav,target,phon_err,have vs. be,/k/ --> /g/; kilt/guilt,Sean Connery,s,secsame,,,,JB_1205
10,363e4e879486381394ae27b8400723d6c9c4718b242eb87fd3a5aefbada21a69,NA,which_scottish_actor_first_played_james_bond_wearing_guilts_to_red_carpets_when_he_was_32_years_old_targ_03_B.wav,target,phon_err,have vs. be,/k/ --> /g/; kilt/guilt,Sean Connery,,,,,,
10,363e4e879486381394ae27b8400723d6c9c4718b242eb87fd3a5aefbada21a69,The question does NOT need any corrections.,which_soft_pastry_made_with_a_certain_spice_is_often_spiral-shaped_and_topped_with_icing_fill_16.wav,filler_other,NA,NA,NA,cinnamon roll,nans,first,,a,,JB_1205
10,363e4e879486381394ae27b8400723d6c9c4718b242eb87fd3a5aefbada21a69,Cinnamon bun,which_soft_pastry_made_with_a_certain_spice_is_often_spiral-shaped_and_topped_with_icing_fill_16.wav,filler_other,NA,NA,NA,cinnamon roll,,,,,,
10,363e4e879486381394ae27b8400723d6c9c4718b242eb87fd3a5aefbada21a69,I’m good — skip to the next question,which_soft_pastry_made_with_a_certain_spice_is_often_spiral-shaped_and_topped_with_icing_fill_16.wav,filler_other,NA,NA,NA,cinnamon roll,s,secsame,,,,JB_1205
10,363e4e879486381394ae27b8400723d6c9c4718b242eb87fd3a5aefbada21a69,NA,which_soft_pastry_made_with_a_certain_spice_is_often_spiral-shaped_and_topped_with_icing_fill_16.wav,filler_other,NA,NA,NA,cinnamon roll,,,,,,
10,363e4e879486381394ae27b8400723d6c9c4718b242eb87fd3a5aefbada21a69,"The question does NOT need any corrections, but I don't know the answer/ I don't understand what the question is asking.",if_a_hardworking_janitor_cleaned_a_vent_in_five_minutes_how_many_seconds_is_that_targ_22_A.wav,target,correct,adj/noun order,/v/ --> /b/; vent/bent,eight,nun,first,,,,JB_1205
10,363e4e879486381394ae27b8400723d6c9c4718b242eb87fd3a5aefbada21a69,NA,if_a_hardworking_janitor_cleaned_a_vent_in_five_minutes_how_many_seconds_is_that_targ_22_A.wav,target,correct,adj/noun order,/v/ --> /b/; vent/bent,eight,,,,,,
10,363e4e879486381394ae27b8400723d6c9c4718b242eb87fd3a5aefbada21a69,I’m good — skip to the next question,if_a_hardworking_janitor_cleaned_a_vent_in_five_minutes_how_many_seconds_is_that_targ_22_A.wav,target,correct,adj/noun order,/v/ --> /b/; vent/bent,eight,s,secsame,,,,JB_1205
10,363e4e879486381394ae27b8400723d6c9c4718b242eb87fd3a5aefbada21a69,NA,if_a_hardworking_janitor_cleaned_a_vent_in_five_minutes_how_many_seconds_is_that_targ_22_A.wav,target,correct,adj/noun order,/v/ --> /b/; vent/bent,eight,,,,,,
10,363e4e879486381394ae27b8400723d6c9c4718b242eb87fd3a5aefbada21a69,The question does NOT need any corrections.,when_you_are_hot_what_device_measures_body_temperature_in_both_celsius_and_fahrenheit_targ_18_A.wav,target,correct,have vs. be,/θ/ --> /t/; both/boat,thermometer,nans,first,,a,,JB_1205
10,363e4e879486381394ae27b8400723d6c9c4718b242eb87fd3a5aefbada21a69,Thermometer,when_you_are_hot_what_device_measures_body_temperature_in_both_celsius_and_fahrenheit_targ_18_A.wav,target,correct,have vs. be,/θ/ --> /t/; both/boat,thermometer,,,,,,
10,363e4e879486381394ae27b8400723d6c9c4718b242eb87fd3a5aefbada21a69,I’m good — skip to the next question,when_you_are_hot_what_device_measures_body_temperature_in_both_celsius_and_fahrenheit_targ_18_A.wav,target,correct,have vs. be,/θ/ --> /t/; both/boat,thermometer,s,secsame,,,,JB_1205
10,363e4e879486381394ae27b8400723d6c9c4718b242eb87fd3a5aefbada21a69,NA,when_you_are_hot_what_device_measures_body_temperature_in_both_celsius_and_fahrenheit_targ_18_A.wav,target,correct,have vs. be,/θ/ --> /t/; both/boat,thermometer,,,,,,
10,363e4e879486381394ae27b8400723d6c9c4718b242eb87fd3a5aefbada21a69,"The question needs to be CORRECTED (Select this if you spot an error, even if you don’t know the answer).",what_colors_make_up_a_traditional_candy_gain_which_people_enjoy_eating_during_christmas_targ_15_B.wav,target,phon_err,infinitive vs. participle,/k/ --> /g/; cane/gain,red and white,y,first,p,,,JB_1205
10,363e4e879486381394ae27b8400723d6c9c4718b242eb87fd3a5aefbada21a69,Heard 'candy gane' which should be 'candy cane'; Red and white,what_colors_make_up_a_traditional_candy_gain_which_people_enjoy_eating_during_christmas_targ_15_B.wav,target,phon_err,infinitive vs. participle,/k/ --> /g/; cane/gain,red and white,,,,,,
10,363e4e879486381394ae27b8400723d6c9c4718b242eb87fd3a5aefbada21a69,"The question needs to be CORRECTED (Select this if you spot an error, even if you don’t know the answer).",what_colors_make_up_a_traditional_candy_gain_which_people_enjoy_eating_during_christmas_targ_15_B.wav,target,phon_err,infinitive vs. participle,/k/ --> /g/; cane/gain,red and white,y,secsame,p,,,JB_1205
10,363e4e879486381394ae27b8400723d6c9c4718b242eb87fd3a5aefbada21a69,Heard 'candy gane' which should be 'candy cane'; Short correction attempt on the word 'eating'; Red and white,what_colors_make_up_a_traditional_candy_gain_which_people_enjoy_eating_during_christmas_targ_15_B.wav,target,phon_err,infinitive vs. participle,/k/ --> /g/; cane/gain,red and white,,,,,,
10,363e4e879486381394ae27b8400723d6c9c4718b242eb87fd3a5aefbada21a69,The question does NOT need any corrections.,what_city_have_people_rushed_to_tour_to_see_where_the_us_government_does_business_targ_14_A.wav,target,correct,make vs. other verb,/ʃ/ --> /s/; rushed/rust,Washington D.C.,nans,first,,a,,JB_1205
10,363e4e879486381394ae27b8400723d6c9c4718b242eb87fd3a5aefbada21a69,"Washington, DC",what_city_have_people_rushed_to_tour_to_see_where_the_us_government_does_business_targ_14_A.wav,target,correct,make vs. other verb,/ʃ/ --> /s/; rushed/rust,Washington D.C.,,,,,,
10,363e4e879486381394ae27b8400723d6c9c4718b242eb87fd3a5aefbada21a69,I’m good — skip to the next question,what_city_have_people_rushed_to_tour_to_see_where_the_us_government_does_business_targ_14_A.wav,target,correct,make vs. other verb,/ʃ/ --> /s/; rushed/rust,Washington D.C.,s,secsame,,,,JB_1205
10,363e4e879486381394ae27b8400723d6c9c4718b242eb87fd3a5aefbada21a69,NA,what_city_have_people_rushed_to_tour_to_see_where_the_us_government_does_business_targ_14_A.wav,target,correct,make vs. other verb,/ʃ/ --> /s/; rushed/rust,Washington D.C.,,,,,,
10,363e4e879486381394ae27b8400723d6c9c4718b242eb87fd3a5aefbada21a69,"The question needs to be CORRECTED (Select this if you spot an error, even if you don’t know the answer).",where_do_people_get_drivers_licenses_since_is_required_as_valid_id_to_drive_targ_16_C.wav,target,non_phon_err,expletive 'it' dropping,/v/ --> /b/; valid/ballad,DMV,y,first,np,,"reports non-phon error on first attempt, reports both on second (despite this being a non-phon error only stimulus)",JB_1205
10,363e4e879486381394ae27b8400723d6c9c4718b242eb87fd3a5aefbada21a69,Heard 'is' and should be 'it's'; DMV,where_do_people_get_drivers_licenses_since_is_required_as_valid_id_to_drive_targ_16_C.wav,target,non_phon_err,expletive 'it' dropping,/v/ --> /b/; valid/ballad,DMV,,,,,,
10,363e4e879486381394ae27b8400723d6c9c4718b242eb87fd3a5aefbada21a69,"The question needs to be CORRECTED (Select this if you spot an error, even if you don’t know the answer).",where_do_people_get_drivers_licenses_since_is_required_as_valid_id_to_drive_targ_16_C.wav,target,non_phon_err,expletive 'it' dropping,/v/ --> /b/; valid/ballad,DMV,y,secdiff,both,,,JB_1205
10,363e4e879486381394ae27b8400723d6c9c4718b242eb87fd3a5aefbada21a69,Heard 'is' which should be 'it's'; Heard 'balid' which should be 'valid'; DMV,where_do_people_get_drivers_licenses_since_is_required_as_valid_id_to_drive_targ_16_C.wav,target,non_phon_err,expletive 'it' dropping,/v/ --> /b/; valid/ballad,DMV,,,,,,
10,363e4e879486381394ae27b8400723d6c9c4718b242eb87fd3a5aefbada21a69,"The question needs to be CORRECTED (Select this if you spot an error, even if you don’t know the answer).",what_holiday_occurs_at_the_end_of_october_and_features_trick-or-treating_pumpkins_and_haunted_houses_fill_07.wav,filler_other,NA,NA,NA,Halloween,y,first,otherfill,,reports mispronunciation of 'occurs',JB_1205
10,363e4e879486381394ae27b8400723d6c9c4718b242eb87fd3a5aefbada21a69,Heard 'ocures' which should be 'occurs'; Heard 'pumpkings' which should be 'pumpkins'; Halloween,what_holiday_occurs_at_the_end_of_october_and_features_trick-or-treating_pumpkins_and_haunted_houses_fill_07.wav,filler_other,NA,NA,NA,Halloween,,,,,,
10,363e4e879486381394ae27b8400723d6c9c4718b242eb87fd3a5aefbada21a69,I’m good — skip to the next question,what_holiday_occurs_at_the_end_of_october_and_features_trick-or-treating_pumpkins_and_haunted_houses_fill_07.wav,filler_other,NA,NA,NA,Halloween,s,secsame,,,,JB_1205
10,363e4e879486381394ae27b8400723d6c9c4718b242eb87fd3a5aefbada21a69,NA,what_holiday_occurs_at_the_end_of_october_and_features_trick-or-treating_pumpkins_and_haunted_houses_fill_07.wav,filler_other,NA,NA,NA,Halloween,,,,,,
10,363e4e879486381394ae27b8400723d6c9c4718b242eb87fd3a5aefbada21a69,"The question needs to be CORRECTED (Select this if you spot an error, even if you don’t know the answer).",what_big_star_in_our_solar_system_can_steal_be_visible_when_it_is_cloudy_targ_19_B.wav,target,phon_err,expletive 'it' dropping,/ɪ/ --> /i/; still/steal,the Sun,y,first,otherp,,reports multiple non-target phon errors,JB_1205
10,363e4e879486381394ae27b8400723d6c9c4718b242eb87fd3a5aefbada21a69,Heard 'sar' which should be 'star'; Heard 'bisible' which should be 'visible'; Heard 'clowy' which should be 'cloudy'; Sun,what_big_star_in_our_solar_system_can_steal_be_visible_when_it_is_cloudy_targ_19_B.wav,target,phon_err,expletive 'it' dropping,/ɪ/ --> /i/; still/steal,the Sun,,,,,,
10,363e4e879486381394ae27b8400723d6c9c4718b242eb87fd3a5aefbada21a69,I’m good — skip to the next question,what_big_star_in_our_solar_system_can_steal_be_visible_when_it_is_cloudy_targ_19_B.wav,target,phon_err,expletive 'it' dropping,/ɪ/ --> /i/; still/steal,the Sun,s,secsame,,,,JB_1205
10,363e4e879486381394ae27b8400723d6c9c4718b242eb87fd3a5aefbada21a69,NA,what_big_star_in_our_solar_system_can_steal_be_visible_when_it_is_cloudy_targ_19_B.wav,target,phon_err,expletive 'it' dropping,/ɪ/ --> /i/; still/steal,the Sun,,,,,,
10,363e4e879486381394ae27b8400723d6c9c4718b242eb87fd3a5aefbada21a69,"The question needs to be CORRECTED (Select this if you spot an error, even if you don’t know the answer).",what_popular_us_chain_provides_a_happy_meal_toy_or_plush_when_kids_have_hungry_targ_20_C.wav,target,non_phon_err,have vs. be,/ʃ/ --> /s/; plush/plus,McDonald's,y,first,np,,,JB_1205
10,363e4e879486381394ae27b8400723d6c9c4718b242eb87fd3a5aefbada21a69,Heard 'have hungry' which should be 'are hungry'; McDonalds,what_popular_us_chain_provides_a_happy_meal_toy_or_plush_when_kids_have_hungry_targ_20_C.wav,target,non_phon_err,have vs. be,/ʃ/ --> /s/; plush/plus,McDonald's,,,,,,
10,363e4e879486381394ae27b8400723d6c9c4718b242eb87fd3a5aefbada21a69,I’m good — skip to the next question,what_popular_us_chain_provides_a_happy_meal_toy_or_plush_when_kids_have_hungry_targ_20_C.wav,target,non_phon_err,have vs. be,/ʃ/ --> /s/; plush/plus,McDonald's,s,secsame,,,,JB_1205
10,363e4e879486381394ae27b8400723d6c9c4718b242eb87fd3a5aefbada21a69,NA,what_popular_us_chain_provides_a_happy_meal_toy_or_plush_when_kids_have_hungry_targ_20_C.wav,target,non_phon_err,have vs. be,/ʃ/ --> /s/; plush/plus,McDonald's,,,,,,
10,363e4e879486381394ae27b8400723d6c9c4718b242eb87fd3a5aefbada21a69,"The question needs to be CORRECTED (Select this if you spot an error, even if you don’t know the answer).",what_mythical_creatures_have_been_said_to_drink_blood_turn_into_bats_and_hate_onions_fill_14.wav,filler_other,NA,NA,NA,vampires,y,first,otherfill,,reports mispronunciation of 'said',JB_1205
10,363e4e879486381394ae27b8400723d6c9c4718b242eb87fd3a5aefbada21a69,Heard 'set' which should be 'said'; Vampires,what_mythical_creatures_have_been_said_to_drink_blood_turn_into_bats_and_hate_onions_fill_14.wav,filler_other,NA,NA,NA,vampires,,,,,,
10,363e4e879486381394ae27b8400723d6c9c4718b242eb87fd3a5aefbada21a69,I’m good — skip to the next question,what_mythical_creatures_have_been_said_to_drink_blood_turn_into_bats_and_hate_onions_fill_14.wav,filler_other,NA,NA,NA,vampires,s,secsame,,,,JB_1205
10,363e4e879486381394ae27b8400723d6c9c4718b242eb87fd3a5aefbada21a69,NA,what_mythical_creatures_have_been_said_to_drink_blood_turn_into_bats_and_hate_onions_fill_14.wav,filler_other,NA,NA,NA,vampires,,,,,,
10,363e4e879486381394ae27b8400723d6c9c4718b242eb87fd3a5aefbada21a69,"The question does NOT need any corrections, but I don't know the answer/ I don't understand what the question is asking.",who_did_americans_vote_for_to_be_their_first_president_who_avoided_serving_three_terms_targ_10_A.wav,target,correct,infinitive vs. participle,/v/ --> /b/; vote/boat,George Washington,nun,first,,,,JB_1205
10,363e4e879486381394ae27b8400723d6c9c4718b242eb87fd3a5aefbada21a69,NA,who_did_americans_vote_for_to_be_their_first_president_who_avoided_serving_three_terms_targ_10_A.wav,target,correct,infinitive vs. participle,/v/ --> /b/; vote/boat,George Washington,,,,,,
10,363e4e879486381394ae27b8400723d6c9c4718b242eb87fd3a5aefbada21a69,"The question needs to be CORRECTED (Select this if you spot an error, even if you don’t know the answer).",who_did_americans_vote_for_to_be_their_first_president_who_avoided_serving_three_terms_targ_10_A.wav,target,correct,infinitive vs. participle,/v/ --> /b/; vote/boat,George Washington,y,secdiff,p,,reports phonological error despite 'correct' stimulus,JB_1205
10,363e4e879486381394ae27b8400723d6c9c4718b242eb87fd3a5aefbada21a69,Heard 'bote' which should be 'vote',who_did_americans_vote_for_to_be_their_first_president_who_avoided_serving_three_terms_targ_10_A.wav,target,correct,infinitive vs. participle,/v/ --> /b/; vote/boat,George Washington,,,,,,
10,363e4e879486381394ae27b8400723d6c9c4718b242eb87fd3a5aefbada21a69,"The question needs to be CORRECTED (Select this if you spot an error, even if you don’t know the answer).",if_laundry_service_will_gum_in_five_days_and_todays_thursday_when_are_they_making_laundry_next_targ_09_D.wav,target,both_err,make vs. other verb,/k/ --> /g/; come/gum,Tuesday,y,first,p,,,JB_1205
10,363e4e879486381394ae27b8400723d6c9c4718b242eb87fd3a5aefbada21a69,Heard 'gome' which should be 'come',if_laundry_service_will_gum_in_five_days_and_todays_thursday_when_are_they_making_laundry_next_targ_09_D.wav,target,both_err,make vs. other verb,/k/ --> /g/; come/gum,Tuesday,,,,,,
10,363e4e879486381394ae27b8400723d6c9c4718b242eb87fd3a5aefbada21a69,"The question needs to be CORRECTED (Select this if you spot an error, even if you don’t know the answer).",if_laundry_service_will_gum_in_five_days_and_todays_thursday_when_are_they_making_laundry_next_targ_09_D.wav,target,both_err,make vs. other verb,/k/ --> /g/; come/gum,Tuesday,y,secsame,p,,,JB_1205
10,363e4e879486381394ae27b8400723d6c9c4718b242eb87fd3a5aefbada21a69,Heard 'gome' which should be 'come'; Tuesday,if_laundry_service_will_gum_in_five_days_and_todays_thursday_when_are_they_making_laundry_next_targ_09_D.wav,target,both_err,make vs. other verb,/k/ --> /g/; come/gum,Tuesday,,,,,,
10,363e4e879486381394ae27b8400723d6c9c4718b242eb87fd3a5aefbada21a69,The question does NOT need any corrections.,which_oscar-winning_movie_features_tom_hanks_saying_life_is_like_a_box_of_chocolates_fill_12.wav,filler_other,NA,NA,NA,Forrest Gump,nans,first,,a,,JB_1205
10,363e4e879486381394ae27b8400723d6c9c4718b242eb87fd3a5aefbada21a69,Forrest Gump,which_oscar-winning_movie_features_tom_hanks_saying_life_is_like_a_box_of_chocolates_fill_12.wav,filler_other,NA,NA,NA,Forrest Gump,,,,,,
10,363e4e879486381394ae27b8400723d6c9c4718b242eb87fd3a5aefbada21a69,I’m good — skip to the next question,which_oscar-winning_movie_features_tom_hanks_saying_life_is_like_a_box_of_chocolates_fill_12.wav,filler_other,NA,NA,NA,Forrest Gump,s,secsame,,,,JB_1205
10,363e4e879486381394ae27b8400723d6c9c4718b242eb87fd3a5aefbada21a69,NA,which_oscar-winning_movie_features_tom_hanks_saying_life_is_like_a_box_of_chocolates_fill_12.wav,filler_other,NA,NA,NA,Forrest Gump,,,,,,
10,363e4e879486381394ae27b8400723d6c9c4718b242eb87fd3a5aefbada21a69,The question does NOT need any corrections.,what_colors_can_be_on_a_traffic_light_which_often_senses_when_cars_pool_up_targ_11_B.wav,target,phon_err,have vs. be,/ʊ/ --> /u/; pulls/pools,green,nans,first,,a,,JB_1205
10,363e4e879486381394ae27b8400723d6c9c4718b242eb87fd3a5aefbada21a69,"Red, yellow, green",what_colors_can_be_on_a_traffic_light_which_often_senses_when_cars_pool_up_targ_11_B.wav,target,phon_err,have vs. be,/ʊ/ --> /u/; pulls/pools,green,,,,,,
10,363e4e879486381394ae27b8400723d6c9c4718b242eb87fd3a5aefbada21a69,I’m good — skip to the next question,what_colors_can_be_on_a_traffic_light_which_often_senses_when_cars_pool_up_targ_11_B.wav,target,phon_err,have vs. be,/ʊ/ --> /u/; pulls/pools,green,s,secsame,,,,JB_1205
10,363e4e879486381394ae27b8400723d6c9c4718b242eb87fd3a5aefbada21a69,NA,what_colors_can_be_on_a_traffic_light_which_often_senses_when_cars_pool_up_targ_11_B.wav,target,phon_err,have vs. be,/ʊ/ --> /u/; pulls/pools,green,,,,,,
10,363e4e879486381394ae27b8400723d6c9c4718b242eb87fd3a5aefbada21a69,"The question needs to be CORRECTED (Select this if you spot an error, even if you don’t know the answer).",what_supplies_you_need_to_neat_a_scarf_targ_13_D.wav,target,both_err,no aux verbs in questions (lack of do support),/ɪ/ --> /i/; knit/neat,needles and yarn,y,first,p,,,JB_1205
10,363e4e879486381394ae27b8400723d6c9c4718b242eb87fd3a5aefbada21a69,"Heard 'you need to need' which should be 'you need to knit'; Yarn, knitting needle",what_supplies_you_need_to_neat_a_scarf_targ_13_D.wav,target,both_err,no aux verbs in questions (lack of do support),/ɪ/ --> /i/; knit/neat,needles and yarn,,,,,,
10,363e4e879486381394ae27b8400723d6c9c4718b242eb87fd3a5aefbada21a69,I’m good — skip to the next question,what_supplies_you_need_to_neat_a_scarf_targ_13_D.wav,target,both_err,no aux verbs in questions (lack of do support),/ɪ/ --> /i/; knit/neat,needles and yarn,s,secsame,,,,JB_1205
10,363e4e879486381394ae27b8400723d6c9c4718b242eb87fd3a5aefbada21a69,NA,what_supplies_you_need_to_neat_a_scarf_targ_13_D.wav,target,both_err,no aux verbs in questions (lack of do support),/ɪ/ --> /i/; knit/neat,needles and yarn,,,,,,
10,363e4e879486381394ae27b8400723d6c9c4718b242eb87fd3a5aefbada21a69,"The question needs to be CORRECTED (Select this if you spot an error, even if you don’t know the answer).",if_youre_on_a_path_from_california_to_hawaii_which_ocean_you_go_through_targ_12_C.wav,target,non_phon_err,no aux verbs in questions (lack of do support),/θ/ --> /t/; path/pat,Pacific Ocean,y,first,np,,,JB_1205
10,363e4e879486381394ae27b8400723d6c9c4718b242eb87fd3a5aefbada21a69,Heard 'which ocean you go through' which should be 'which ocean do you go through',if_youre_on_a_path_from_california_to_hawaii_which_ocean_you_go_through_targ_12_C.wav,target,non_phon_err,no aux verbs in questions (lack of do support),/θ/ --> /t/; path/pat,Pacific Ocean,,,,,,
10,363e4e879486381394ae27b8400723d6c9c4718b242eb87fd3a5aefbada21a69,I’m good — skip to the next question,if_youre_on_a_path_from_california_to_hawaii_which_ocean_you_go_through_targ_12_C.wav,target,non_phon_err,no aux verbs in questions (lack of do support),/θ/ --> /t/; path/pat,Pacific Ocean,s,secsame,,,,JB_1205
10,363e4e879486381394ae27b8400723d6c9c4718b242eb87fd3a5aefbada21a69,NA,if_youre_on_a_path_from_california_to_hawaii_which_ocean_you_go_through_targ_12_C.wav,target,non_phon_err,no aux verbs in questions (lack of do support),/θ/ --> /t/; path/pat,Pacific Ocean,,,,,,
10,363e4e879486381394ae27b8400723d6c9c4718b242eb87fd3a5aefbada21a69,"The question needs to be CORRECTED (Select this if you spot an error, even if you don’t know the answer).",what_neil_armstrong_say_during_his_very_first_steps_on_the_moon_targ_04_C.wav,target,non_phon_err,no aux verbs in questions (lack of do support),/v/ --> /b/; very/berry,"""That's one small step for man, one giant leap for mankind.""",y,first,otherp,,reports mispronunciation of 'Neil',JB_1205
10,363e4e879486381394ae27b8400723d6c9c4718b242eb87fd3a5aefbada21a69,Heard 'what Nail Armstrong say' which should be 'what did Neil Armstrong say',what_neil_armstrong_say_during_his_very_first_steps_on_the_moon_targ_04_C.wav,target,non_phon_err,no aux verbs in questions (lack of do support),/v/ --> /b/; very/berry,"""That's one small step for man, one giant leap for mankind.""",,,,,,
10,363e4e879486381394ae27b8400723d6c9c4718b242eb87fd3a5aefbada21a69,I’m good — skip to the next question,what_neil_armstrong_say_during_his_very_first_steps_on_the_moon_targ_04_C.wav,target,non_phon_err,no aux verbs in questions (lack of do support),/v/ --> /b/; very/berry,"""That's one small step for man, one giant leap for mankind.""",s,secsame,,,,JB_1205
10,363e4e879486381394ae27b8400723d6c9c4718b242eb87fd3a5aefbada21a69,NA,what_neil_armstrong_say_during_his_very_first_steps_on_the_moon_targ_04_C.wav,target,non_phon_err,no aux verbs in questions (lack of do support),/v/ --> /b/; very/berry,"""That's one small step for man, one giant leap for mankind.""",,,,,,
10,363e4e879486381394ae27b8400723d6c9c4718b242eb87fd3a5aefbada21a69,The question does NOT need any corrections.,what_is_the_name_of_the_comic_strip_featuring_charlie_brown_and_his_dog_snoopy_fill_06.wav,filler_other,NA,NA,NA,Peanuts,nans,first,,a,,JB_1205
10,363e4e879486381394ae27b8400723d6c9c4718b242eb87fd3a5aefbada21a69,Peanuts,what_is_the_name_of_the_comic_strip_featuring_charlie_brown_and_his_dog_snoopy_fill_06.wav,filler_other,NA,NA,NA,Peanuts,,,,,,
10,363e4e879486381394ae27b8400723d6c9c4718b242eb87fd3a5aefbada21a69,I’m good — skip to the next question,what_is_the_name_of_the_comic_strip_featuring_charlie_brown_and_his_dog_snoopy_fill_06.wav,filler_other,NA,NA,NA,Peanuts,s,secsame,,,,JB_1205
10,363e4e879486381394ae27b8400723d6c9c4718b242eb87fd3a5aefbada21a69,NA,what_is_the_name_of_the_comic_strip_featuring_charlie_brown_and_his_dog_snoopy_fill_06.wav,filler_other,NA,NA,NA,Peanuts,,,,,,
10,363e4e879486381394ae27b8400723d6c9c4718b242eb87fd3a5aefbada21a69,"The question needs to be CORRECTED (Select this if you spot an error, even if you don’t know the answer).",what_organ_is_often_associated_with_being_eaten_by_rotting_flesh_monsters_also_known_as_zombies_fill_02.wav,filler_other,NA,NA,NA,the brain,y,first,otherfill,,reports mispronunciation of 'zombies',JB_1205
10,363e4e879486381394ae27b8400723d6c9c4718b242eb87fd3a5aefbada21a69,Heard 'sombies' which should be 'zombies'; Brain,what_organ_is_often_associated_with_being_eaten_by_rotting_flesh_monsters_also_known_as_zombies_fill_02.wav,filler_other,NA,NA,NA,the brain,,,,,,
10,363e4e879486381394ae27b8400723d6c9c4718b242eb87fd3a5aefbada21a69,I’m good — skip to the next question,what_organ_is_often_associated_with_being_eaten_by_rotting_flesh_monsters_also_known_as_zombies_fill_02.wav,filler_other,NA,NA,NA,the brain,s,secsame,,,,JB_1205
10,363e4e879486381394ae27b8400723d6c9c4718b242eb87fd3a5aefbada21a69,NA,what_organ_is_often_associated_with_being_eaten_by_rotting_flesh_monsters_also_known_as_zombies_fill_02.wav,filler_other,NA,NA,NA,the brain,,,,,,
10,363e4e879486381394ae27b8400723d6c9c4718b242eb87fd3a5aefbada21a69,"The question needs to be CORRECTED (Select this if you spot an error, even if you don’t know the answer).",which_cartoon_dog_solves_mysteries_with_the_group_fred_daphne_velma_and_shaggy_fill_10.wav,filler_other,NA,NA,NA,Scooby-Doo,y,first,otherfill,,reports mispronunciation of 'Zelma',JB_1205
10,363e4e879486381394ae27b8400723d6c9c4718b242eb87fd3a5aefbada21a69,Heard 'Thelma' which should be 'Velma'; Scooby-Doo,which_cartoon_dog_solves_mysteries_with_the_group_fred_daphne_velma_and_shaggy_fill_10.wav,filler_other,NA,NA,NA,Scooby-Doo,,,,,,
10,363e4e879486381394ae27b8400723d6c9c4718b242eb87fd3a5aefbada21a69,I’m good — skip to the next question,which_cartoon_dog_solves_mysteries_with_the_group_fred_daphne_velma_and_shaggy_fill_10.wav,filler_other,NA,NA,NA,Scooby-Doo,s,secsame,,,,JB_1205
10,363e4e879486381394ae27b8400723d6c9c4718b242eb87fd3a5aefbada21a69,NA,which_cartoon_dog_solves_mysteries_with_the_group_fred_daphne_velma_and_shaggy_fill_10.wav,filler_other,NA,NA,NA,Scooby-Doo,,,,,,
10,363e4e879486381394ae27b8400723d6c9c4718b242eb87fd3a5aefbada21a69,The question does NOT need any corrections.,what_company_created_the_macbook_a_device_fool_of_features_to_help_students_do_homework_targ_23_B.wav,target,phon_err,make vs. other verb,/ʊ/ --> /u/; full/fool,Apple,nans,first,,a,,JB_1205
10,363e4e879486381394ae27b8400723d6c9c4718b242eb87fd3a5aefbada21a69,Apple,what_company_created_the_macbook_a_device_fool_of_features_to_help_students_do_homework_targ_23_B.wav,target,phon_err,make vs. other verb,/ʊ/ --> /u/; full/fool,Apple,,,,,,
10,363e4e879486381394ae27b8400723d6c9c4718b242eb87fd3a5aefbada21a69,I’m good — skip to the next question,what_company_created_the_macbook_a_device_fool_of_features_to_help_students_do_homework_targ_23_B.wav,target,phon_err,make vs. other verb,/ʊ/ --> /u/; full/fool,Apple,s,secsame,,,,JB_1205
10,363e4e879486381394ae27b8400723d6c9c4718b242eb87fd3a5aefbada21a69,NA,what_company_created_the_macbook_a_device_fool_of_features_to_help_students_do_homework_targ_23_B.wav,target,phon_err,make vs. other verb,/ʊ/ --> /u/; full/fool,Apple,,,,,,
10,363e4e879486381394ae27b8400723d6c9c4718b242eb87fd3a5aefbada21a69,The question does NOT need any corrections.,which_cartoon_character_works_at_the_krusty_krab_and_is_best_friends_with_patrick_star_fill_04.wav,filler_other,NA,NA,NA,Spongebob,nans,first,,a,,JB_1205
10,363e4e879486381394ae27b8400723d6c9c4718b242eb87fd3a5aefbada21a69,Spongebob Squarepants,which_cartoon_character_works_at_the_krusty_krab_and_is_best_friends_with_patrick_star_fill_04.wav,filler_other,NA,NA,NA,Spongebob,,,,,,
10,363e4e879486381394ae27b8400723d6c9c4718b242eb87fd3a5aefbada21a69,I’m good — skip to the next question,which_cartoon_character_works_at_the_krusty_krab_and_is_best_friends_with_patrick_star_fill_04.wav,filler_other,NA,NA,NA,Spongebob,s,secsame,,,,JB_1205
10,363e4e879486381394ae27b8400723d6c9c4718b242eb87fd3a5aefbada21a69,NA,which_cartoon_character_works_at_the_krusty_krab_and_is_best_friends_with_patrick_star_fill_04.wav,filler_other,NA,NA,NA,Spongebob,,,,,,
10,363e4e879486381394ae27b8400723d6c9c4718b242eb87fd3a5aefbada21a69,"The question needs to be CORRECTED (Select this if you spot an error, even if you don’t know the answer).",what_childrens_game_makes_people_seat_down_quickly_when_the_loud_music_stops_targ_07_B.wav,target,phon_err,adj/noun order,/ɪ/ --> /i/; sit/seat,musical chairs,y,first,p,,,JB_1205
10,363e4e879486381394ae27b8400723d6c9c4718b242eb87fd3a5aefbada21a69,Heard 'seat' which should be 'sit'; Musical chairs,what_childrens_game_makes_people_seat_down_quickly_when_the_loud_music_stops_targ_07_B.wav,target,phon_err,adj/noun order,/ɪ/ --> /i/; sit/seat,musical chairs,,,,,,
10,363e4e879486381394ae27b8400723d6c9c4718b242eb87fd3a5aefbada21a69,I’m good — skip to the next question,what_childrens_game_makes_people_seat_down_quickly_when_the_loud_music_stops_targ_07_B.wav,target,phon_err,adj/noun order,/ɪ/ --> /i/; sit/seat,musical chairs,s,secsame,,,,JB_1205
10,363e4e879486381394ae27b8400723d6c9c4718b242eb87fd3a5aefbada21a69,NA,what_childrens_game_makes_people_seat_down_quickly_when_the_loud_music_stops_targ_07_B.wav,target,phon_err,adj/noun order,/ɪ/ --> /i/; sit/seat,musical chairs,,,,,,
10,363e4e879486381394ae27b8400723d6c9c4718b242eb87fd3a5aefbada21a69,The question does NOT need any corrections.,what_musician_won_grammys_for_their_album_thriller_which_features_the_hit_song_beat_it_fill_20.wav,filler_other,NA,NA,NA,Michael Jackson,nans,first,,a,,JB_1205
10,363e4e879486381394ae27b8400723d6c9c4718b242eb87fd3a5aefbada21a69,Michael Jackson,what_musician_won_grammys_for_their_album_thriller_which_features_the_hit_song_beat_it_fill_20.wav,filler_other,NA,NA,NA,Michael Jackson,,,,,,
10,363e4e879486381394ae27b8400723d6c9c4718b242eb87fd3a5aefbada21a69,"The question needs to be CORRECTED (Select this if you spot an error, even if you don’t know the answer).",what_musician_won_grammys_for_their_album_thriller_which_features_the_hit_song_beat_it_fill_20.wav,filler_other,NA,NA,NA,Michael Jackson,y,secdiff,otherfill,,reports mispronunciation of 'musician',JB_1205
10,363e4e879486381394ae27b8400723d6c9c4718b242eb87fd3a5aefbada21a69,Musician' sounded a little garbled; Heard 'Friller' which should be 'Thriller'; Heard 'Bit It' which should be 'Beat It'; Michael Jackson,what_musician_won_grammys_for_their_album_thriller_which_features_the_hit_song_beat_it_fill_20.wav,filler_other,NA,NA,NA,Michael Jackson,,,,,,
10,363e4e879486381394ae27b8400723d6c9c4718b242eb87fd3a5aefbada21a69,"The question does NOT need any corrections, but I don't know the answer/ I don't understand what the question is asking.",how_many_days_wooed_wooled_my_bike_tandem_be_gone_if_someone_borrows_it_for_july_targ_17_D.wav,target,both_err,adj/noun order,/ʊ/ --> /u/; would/wooed,thirty-one days,nun,first,,,,JB_1205
10,363e4e879486381394ae27b8400723d6c9c4718b242eb87fd3a5aefbada21a69,NA,how_many_days_wooed_wooled_my_bike_tandem_be_gone_if_someone_borrows_it_for_july_targ_17_D.wav,target,both_err,adj/noun order,/ʊ/ --> /u/; would/wooed,thirty-one days,,,,,,
10,363e4e879486381394ae27b8400723d6c9c4718b242eb87fd3a5aefbada21a69,I’m good — skip to the next question,how_many_days_wooed_wooled_my_bike_tandem_be_gone_if_someone_borrows_it_for_july_targ_17_D.wav,target,both_err,adj/noun order,/ʊ/ --> /u/; would/wooed,thirty-one days,s,secsame,,,,JB_1205
10,363e4e879486381394ae27b8400723d6c9c4718b242eb87fd3a5aefbada21a69,NA,how_many_days_wooed_wooled_my_bike_tandem_be_gone_if_someone_borrows_it_for_july_targ_17_D.wav,target,both_err,adj/noun order,/ʊ/ --> /u/; would/wooed,thirty-one days,,,,,,
10,363e4e879486381394ae27b8400723d6c9c4718b242eb87fd3a5aefbada21a69,The question does NOT need any corrections.,which_season_do_we_associate_with_thanksgiving_the_beginning_of_school_and_leaves_turning_brown_fill_19.wav,filler_other,NA,NA,NA,Fall,nans,first,,a,,JB_1205
10,363e4e879486381394ae27b8400723d6c9c4718b242eb87fd3a5aefbada21a69,Fall,which_season_do_we_associate_with_thanksgiving_the_beginning_of_school_and_leaves_turning_brown_fill_19.wav,filler_other,NA,NA,NA,Fall,,,,,,
10,363e4e879486381394ae27b8400723d6c9c4718b242eb87fd3a5aefbada21a69,I’m good — skip to the next question,which_season_do_we_associate_with_thanksgiving_the_beginning_of_school_and_leaves_turning_brown_fill_19.wav,filler_other,NA,NA,NA,Fall,s,secsame,,,,JB_1205
10,363e4e879486381394ae27b8400723d6c9c4718b242eb87fd3a5aefbada21a69,NA,which_season_do_we_associate_with_thanksgiving_the_beginning_of_school_and_leaves_turning_brown_fill_19.wav,filler_other,NA,NA,NA,Fall,,,,,,
10,363e4e879486381394ae27b8400723d6c9c4718b242eb87fd3a5aefbada21a69,"The question needs to be CORRECTED (Select this if you spot an error, even if you don’t know the answer).",in_what_country_would_you_find_landmarks_like_the_pyramids_of_giza_and_great_sphinx_fill_24.wav,filler_other,NA,NA,NA,Egypt,y,first,otherfill,,reports mispronunication of 'Sphynx',JB_1205
10,363e4e879486381394ae27b8400723d6c9c4718b242eb87fd3a5aefbada21a69,Heard 'phinx' which should be 'sphinx'; Egypt,in_what_country_would_you_find_landmarks_like_the_pyramids_of_giza_and_great_sphinx_fill_24.wav,filler_other,NA,NA,NA,Egypt,,,,,,
10,363e4e879486381394ae27b8400723d6c9c4718b242eb87fd3a5aefbada21a69,I’m good — skip to the next question,in_what_country_would_you_find_landmarks_like_the_pyramids_of_giza_and_great_sphinx_fill_24.wav,filler_other,NA,NA,NA,Egypt,s,secsame,,,,JB_1205
10,363e4e879486381394ae27b8400723d6c9c4718b242eb87fd3a5aefbada21a69,NA,in_what_country_would_you_find_landmarks_like_the_pyramids_of_giza_and_great_sphinx_fill_24.wav,filler_other,NA,NA,NA,Egypt,,,,,,
10,363e4e879486381394ae27b8400723d6c9c4718b242eb87fd3a5aefbada21a69,The question does NOT need any corrections.,what_animal_is_typically_white_with_black_spots_and_says_moo_fill_21.wav,filler_other,NA,NA,NA,a cow,nans,first,,a,,JB_1205
10,363e4e879486381394ae27b8400723d6c9c4718b242eb87fd3a5aefbada21a69,Cow,what_animal_is_typically_white_with_black_spots_and_says_moo_fill_21.wav,filler_other,NA,NA,NA,a cow,,,,,,
10,363e4e879486381394ae27b8400723d6c9c4718b242eb87fd3a5aefbada21a69,I’m good — skip to the next question,what_animal_is_typically_white_with_black_spots_and_says_moo_fill_21.wav,filler_other,NA,NA,NA,a cow,s,secsame,,,,JB_1205
10,363e4e879486381394ae27b8400723d6c9c4718b242eb87fd3a5aefbada21a69,NA,what_animal_is_typically_white_with_black_spots_and_says_moo_fill_21.wav,filler_other,NA,NA,NA,a cow,,,,,,
10,363e4e879486381394ae27b8400723d6c9c4718b242eb87fd3a5aefbada21a69,"The question does NOT need any corrections, but I don't know the answer/ I don't understand what the question is asking.",what_letter_in_the_latin_alphabet_corresponds_to_the_greek_letter_alpha_fill_01.wav,filler_other,NA,NA,NA,a,nun,first,,,,JB_1205
10,363e4e879486381394ae27b8400723d6c9c4718b242eb87fd3a5aefbada21a69,NA,what_letter_in_the_latin_alphabet_corresponds_to_the_greek_letter_alpha_fill_01.wav,filler_other,NA,NA,NA,a,,,,,,
10,363e4e879486381394ae27b8400723d6c9c4718b242eb87fd3a5aefbada21a69,I’m good — skip to the next question,what_letter_in_the_latin_alphabet_corresponds_to_the_greek_letter_alpha_fill_01.wav,filler_other,NA,NA,NA,a,s,secsame,,,,JB_1205
10,363e4e879486381394ae27b8400723d6c9c4718b242eb87fd3a5aefbada21a69,NA,what_letter_in_the_latin_alphabet_corresponds_to_the_greek_letter_alpha_fill_01.wav,filler_other,NA,NA,NA,a,,,,,,
10,363e4e879486381394ae27b8400723d6c9c4718b242eb87fd3a5aefbada21a69,The question does NOT need any corrections.,what_us_holiday_is_often_celebrated_with_fireworks_and_hotdogs_to_honor_americas_freedom_fill_17.wav,filler_other,NA,NA,NA,Independence Day,nans,first,,a,,JB_1205
10,363e4e879486381394ae27b8400723d6c9c4718b242eb87fd3a5aefbada21a69,Independence Day,what_us_holiday_is_often_celebrated_with_fireworks_and_hotdogs_to_honor_americas_freedom_fill_17.wav,filler_other,NA,NA,NA,Independence Day,,,,,,
10,363e4e879486381394ae27b8400723d6c9c4718b242eb87fd3a5aefbada21a69,I’m good — skip to the next question,what_us_holiday_is_often_celebrated_with_fireworks_and_hotdogs_to_honor_americas_freedom_fill_17.wav,filler_other,NA,NA,NA,Independence Day,s,secsame,,,,JB_1205
10,363e4e879486381394ae27b8400723d6c9c4718b242eb87fd3a5aefbada21a69,NA,what_us_holiday_is_often_celebrated_with_fireworks_and_hotdogs_to_honor_americas_freedom_fill_17.wav,filler_other,NA,NA,NA,Independence Day,,,,,,
10,363e4e879486381394ae27b8400723d6c9c4718b242eb87fd3a5aefbada21a69,"The question does NOT need any corrections, but I don't know the answer/ I don't understand what the question is asking.",how_many_legs_does_a_canadian_garden_spider_whose_silk_can_make_cloth_have_targ_06_A.wav,target,correct,adj/noun order,/θ/ --> /t/; cloth/clot,eight,nun,first,,,,JB_1205
10,363e4e879486381394ae27b8400723d6c9c4718b242eb87fd3a5aefbada21a69,NA,how_many_legs_does_a_canadian_garden_spider_whose_silk_can_make_cloth_have_targ_06_A.wav,target,correct,adj/noun order,/θ/ --> /t/; cloth/clot,eight,,,,,,
10,363e4e879486381394ae27b8400723d6c9c4718b242eb87fd3a5aefbada21a69,I’m good — skip to the next question,how_many_legs_does_a_canadian_garden_spider_whose_silk_can_make_cloth_have_targ_06_A.wav,target,correct,adj/noun order,/θ/ --> /t/; cloth/clot,eight,s,secsame,,,,JB_1205
10,363e4e879486381394ae27b8400723d6c9c4718b242eb87fd3a5aefbada21a69,NA,how_many_legs_does_a_canadian_garden_spider_whose_silk_can_make_cloth_have_targ_06_A.wav,target,correct,adj/noun order,/θ/ --> /t/; cloth/clot,eight,,,,,,
10,363e4e879486381394ae27b8400723d6c9c4718b242eb87fd3a5aefbada21a69,The question does NOT need any corrections.,what_novel_has_the_quote_i’m_late_i’m_late_for_a_very_important_date_fill_13.wav,filler_other,NA,NA,NA,Alice in Wonderland,nans,first,,a,,JB_1205
10,363e4e879486381394ae27b8400723d6c9c4718b242eb87fd3a5aefbada21a69,Alice in Wonderland,what_novel_has_the_quote_i’m_late_i’m_late_for_a_very_important_date_fill_13.wav,filler_other,NA,NA,NA,Alice in Wonderland,,,,,,
10,363e4e879486381394ae27b8400723d6c9c4718b242eb87fd3a5aefbada21a69,I’m good — skip to the next question,what_novel_has_the_quote_i’m_late_i’m_late_for_a_very_important_date_fill_13.wav,filler_other,NA,NA,NA,Alice in Wonderland,s,secsame,,,,JB_1205
10,363e4e879486381394ae27b8400723d6c9c4718b242eb87fd3a5aefbada21a69,NA,what_novel_has_the_quote_i’m_late_i’m_late_for_a_very_important_date_fill_13.wav,filler_other,NA,NA,NA,Alice in Wonderland,,,,,,
10,363e4e879486381394ae27b8400723d6c9c4718b242eb87fd3a5aefbada21a69,The question does NOT need any corrections.,which_british_celebrity_judge_often_harshly_critiqued_contestants_on_the_nationwide_singing_contest_american_idol_fill_03.wav,filler_other,NA,NA,NA,Simon Cowell,nans,first,,a,,JB_1205
10,363e4e879486381394ae27b8400723d6c9c4718b242eb87fd3a5aefbada21a69,Simon Cowell,which_british_celebrity_judge_often_harshly_critiqued_contestants_on_the_nationwide_singing_contest_american_idol_fill_03.wav,filler_other,NA,NA,NA,Simon Cowell,,,,,,
10,363e4e879486381394ae27b8400723d6c9c4718b242eb87fd3a5aefbada21a69,I’m good — skip to the next question,which_british_celebrity_judge_often_harshly_critiqued_contestants_on_the_nationwide_singing_contest_american_idol_fill_03.wav,filler_other,NA,NA,NA,Simon Cowell,s,secsame,,,,JB_1205
10,363e4e879486381394ae27b8400723d6c9c4718b242eb87fd3a5aefbada21a69,NA,which_british_celebrity_judge_often_harshly_critiqued_contestants_on_the_nationwide_singing_contest_american_idol_fill_03.wav,filler_other,NA,NA,NA,Simon Cowell,,,,,,
10,363e4e879486381394ae27b8400723d6c9c4718b242eb87fd3a5aefbada21a69,The question does NOT need any corrections.,what_term_refers_to_armored_men_who_enjoyed_carrying_medieval_swords_that_clash_in_combat_targ_02_A.wav,target,correct,infinitive vs. participle,/ʃ/ --> /s/; clash/class,knights,nans,first,,a,,JB_1205
10,363e4e879486381394ae27b8400723d6c9c4718b242eb87fd3a5aefbada21a69,Knights,what_term_refers_to_armored_men_who_enjoyed_carrying_medieval_swords_that_clash_in_combat_targ_02_A.wav,target,correct,infinitive vs. participle,/ʃ/ --> /s/; clash/class,knights,,,,,,
10,363e4e879486381394ae27b8400723d6c9c4718b242eb87fd3a5aefbada21a69,I’m good — skip to the next question,what_term_refers_to_armored_men_who_enjoyed_carrying_medieval_swords_that_clash_in_combat_targ_02_A.wav,target,correct,infinitive vs. participle,/ʃ/ --> /s/; clash/class,knights,s,secsame,,,,JB_1205
10,363e4e879486381394ae27b8400723d6c9c4718b242eb87fd3a5aefbada21a69,NA,what_term_refers_to_armored_men_who_enjoyed_carrying_medieval_swords_that_clash_in_combat_targ_02_A.wav,target,correct,infinitive vs. participle,/ʃ/ --> /s/; clash/class,knights,,,,,,
10,363e4e879486381394ae27b8400723d6c9c4718b242eb87fd3a5aefbada21a69,"The question needs to be CORRECTED (Select this if you spot an error, even if you don’t know the answer).",because_is_important_to_honor_the_irish_saint_what_holiday_occurs_on_march_17th_targ_08_C.wav,target,non_phon_err,expletive 'it' dropping,/ʃ/ --> /s/; Irish/iris,St. Patrick's Day,y,first,np,,,JB_1205
10,363e4e879486381394ae27b8400723d6c9c4718b242eb87fd3a5aefbada21a69,Heard 'is' which should be 'it's'; St. Patrick's Day,because_is_important_to_honor_the_irish_saint_what_holiday_occurs_on_march_17th_targ_08_C.wav,target,non_phon_err,expletive 'it' dropping,/ʃ/ --> /s/; Irish/iris,St. Patrick's Day,,,,,,
10,363e4e879486381394ae27b8400723d6c9c4718b242eb87fd3a5aefbada21a69,I’m good — skip to the next question,because_is_important_to_honor_the_irish_saint_what_holiday_occurs_on_march_17th_targ_08_C.wav,target,non_phon_err,expletive 'it' dropping,/ʃ/ --> /s/; Irish/iris,St. Patrick's Day,s,secsame,,,,JB_1205
10,363e4e879486381394ae27b8400723d6c9c4718b242eb87fd3a5aefbada21a69,NA,because_is_important_to_honor_the_irish_saint_what_holiday_occurs_on_march_17th_targ_08_C.wav,target,non_phon_err,expletive 'it' dropping,/ʃ/ --> /s/; Irish/iris,St. Patrick's Day,,,,,,
11,36479fac13494ff570c1bf8b573b0ce0a2c96b63991ab7ff2293d4200995a5ee,"The question needs to be CORRECTED (Select this if you spot an error, even if you don’t know the answer).",in_the_cycle_of_seasons_what_season_comes_after_dinter_fill_29.wav,att_check_err,NA,NA,NA,"Spring (Winter, sound sub that's not related)",y,first,acheckp,,attention check passed (8/8 correct),JB_1204
11,36479fac13494ff570c1bf8b573b0ce0a2c96b63991ab7ff2293d4200995a5ee,"Spring
 

 I heard 'dinter' when it should be 'winter'",in_the_cycle_of_seasons_what_season_comes_after_dinter_fill_29.wav,att_check_err,NA,NA,NA,"Spring (Winter, sound sub that's not related)",,,,,,
11,36479fac13494ff570c1bf8b573b0ce0a2c96b63991ab7ff2293d4200995a5ee,I’m good — skip to the next question,in_the_cycle_of_seasons_what_season_comes_after_dinter_fill_29.wav,att_check_err,NA,NA,NA,"Spring (Winter, sound sub that's not related)",s,secsame,,,,JB_1204
11,36479fac13494ff570c1bf8b573b0ce0a2c96b63991ab7ff2293d4200995a5ee,NA,in_the_cycle_of_seasons_what_season_comes_after_dinter_fill_29.wav,att_check_err,NA,NA,NA,"Spring (Winter, sound sub that's not related)",,,,,,
11,36479fac13494ff570c1bf8b573b0ce0a2c96b63991ab7ff2293d4200995a5ee,The question does NOT need any corrections.,how_many_legs_does_a_dog_normally_have_fill_25.wav,att_check_good,NA,NA,NA,four,nans,first,,a,,JB_1204
11,36479fac13494ff570c1bf8b573b0ce0a2c96b63991ab7ff2293d4200995a5ee,Four,how_many_legs_does_a_dog_normally_have_fill_25.wav,att_check_good,NA,NA,NA,four,,,,,,
11,36479fac13494ff570c1bf8b573b0ce0a2c96b63991ab7ff2293d4200995a5ee,I’m good — skip to the next question,how_many_legs_does_a_dog_normally_have_fill_25.wav,att_check_good,NA,NA,NA,four,s,secsame,,,,JB_1204
11,36479fac13494ff570c1bf8b573b0ce0a2c96b63991ab7ff2293d4200995a5ee,NA,how_many_legs_does_a_dog_normally_have_fill_25.wav,att_check_good,NA,NA,NA,four,,,,,,
11,36479fac13494ff570c1bf8b573b0ce0a2c96b63991ab7ff2293d4200995a5ee,The question does NOT need any corrections.,what_day_of_the_week_comes_after_monday_fill_27.wav,att_check_good,NA,NA,NA,Tuesday,nans,first,,a,,JB_1204
11,36479fac13494ff570c1bf8b573b0ce0a2c96b63991ab7ff2293d4200995a5ee,Tuesday,what_day_of_the_week_comes_after_monday_fill_27.wav,att_check_good,NA,NA,NA,Tuesday,,,,,,
11,36479fac13494ff570c1bf8b573b0ce0a2c96b63991ab7ff2293d4200995a5ee,I’m good — skip to the next question,what_day_of_the_week_comes_after_monday_fill_27.wav,att_check_good,NA,NA,NA,Tuesday,s,secsame,,,,JB_1204
11,36479fac13494ff570c1bf8b573b0ce0a2c96b63991ab7ff2293d4200995a5ee,NA,what_day_of_the_week_comes_after_monday_fill_27.wav,att_check_good,NA,NA,NA,Tuesday,,,,,,
11,36479fac13494ff570c1bf8b573b0ce0a2c96b63991ab7ff2293d4200995a5ee,The question does NOT need any corrections.,what_state_is_los_angeles_located_in_fill_26.wav,att_check_good,NA,NA,NA,California,nans,first,,a,,JB_1204
11,36479fac13494ff570c1bf8b573b0ce0a2c96b63991ab7ff2293d4200995a5ee,California,what_state_is_los_angeles_located_in_fill_26.wav,att_check_good,NA,NA,NA,California,,,,,,
11,36479fac13494ff570c1bf8b573b0ce0a2c96b63991ab7ff2293d4200995a5ee,I’m good — skip to the next question,what_state_is_los_angeles_located_in_fill_26.wav,att_check_good,NA,NA,NA,California,s,secsame,,,,JB_1204
11,36479fac13494ff570c1bf8b573b0ce0a2c96b63991ab7ff2293d4200995a5ee,NA,what_state_is_los_angeles_located_in_fill_26.wav,att_check_good,NA,NA,NA,California,,,,,,
11,36479fac13494ff570c1bf8b573b0ce0a2c96b63991ab7ff2293d4200995a5ee,"The question needs to be CORRECTED (Select this if you spot an error, even if you don’t know the answer).",how_many_embers_were_in_the_beatles_the_british_rock_band_fill_32.wav,att_check_err,NA,NA,NA,four (members),y,first,acheckp,,counting as pass for noticing 'members' being mispronounced,JB_1204
11,36479fac13494ff570c1bf8b573b0ce0a2c96b63991ab7ff2293d4200995a5ee,"Four
 

 'members' is unclear and 'Beatles' sounds like 'Bittles""",how_many_embers_were_in_the_beatles_the_british_rock_band_fill_32.wav,att_check_err,NA,NA,NA,four (members),,,,,,
11,36479fac13494ff570c1bf8b573b0ce0a2c96b63991ab7ff2293d4200995a5ee,I’m good — skip to the next question,how_many_embers_were_in_the_beatles_the_british_rock_band_fill_32.wav,att_check_err,NA,NA,NA,four (members),s,secsame,,,,JB_1204
11,36479fac13494ff570c1bf8b573b0ce0a2c96b63991ab7ff2293d4200995a5ee,NA,how_many_embers_were_in_the_beatles_the_british_rock_band_fill_32.wav,att_check_err,NA,NA,NA,four (members),,,,,,
11,36479fac13494ff570c1bf8b573b0ce0a2c96b63991ab7ff2293d4200995a5ee,"The question needs to be CORRECTED (Select this if you spot an error, even if you don’t know the answer).",what_is_the_largest_plant_in_the_solar_system_fill_31.wav,att_check_err,NA,NA,NA,Jupiter (planet),y,first,acheckp,,,JB_1204
11,36479fac13494ff570c1bf8b573b0ce0a2c96b63991ab7ff2293d4200995a5ee,"Jupiter
 

 'Plant' should be 'planet'",what_is_the_largest_plant_in_the_solar_system_fill_31.wav,att_check_err,NA,NA,NA,Jupiter (planet),,,,,,
11,36479fac13494ff570c1bf8b573b0ce0a2c96b63991ab7ff2293d4200995a5ee,I’m good — skip to the next question,what_is_the_largest_plant_in_the_solar_system_fill_31.wav,att_check_err,NA,NA,NA,Jupiter (planet),s,secsame,,,,JB_1204
11,36479fac13494ff570c1bf8b573b0ce0a2c96b63991ab7ff2293d4200995a5ee,NA,what_is_the_largest_plant_in_the_solar_system_fill_31.wav,att_check_err,NA,NA,NA,Jupiter (planet),,,,,,
11,36479fac13494ff570c1bf8b573b0ce0a2c96b63991ab7ff2293d4200995a5ee,The question does NOT need any corrections.,what_color_is_a_typical_school_bus_fill_28.wav,att_check_good,NA,NA,NA,yellow,nans,first,,a,,JB_1204
11,36479fac13494ff570c1bf8b573b0ce0a2c96b63991ab7ff2293d4200995a5ee,Yellow,what_color_is_a_typical_school_bus_fill_28.wav,att_check_good,NA,NA,NA,yellow,,,,,,
11,36479fac13494ff570c1bf8b573b0ce0a2c96b63991ab7ff2293d4200995a5ee,The question does NOT need any corrections.,what_color_is_a_typical_school_bus_fill_28.wav,att_check_good,NA,NA,NA,yellow,nans,secsame,,,,JB_1204
11,36479fac13494ff570c1bf8b573b0ce0a2c96b63991ab7ff2293d4200995a5ee,NA,what_color_is_a_typical_school_bus_fill_28.wav,att_check_good,NA,NA,NA,yellow,,,,,,
11,36479fac13494ff570c1bf8b573b0ce0a2c96b63991ab7ff2293d4200995a5ee,"The question needs to be CORRECTED (Select this if you spot an error, even if you don’t know the answer).",what_insect_undergoes_a_process_of_change_to_turn_into_a_butterfy_fill_30.wav,att_check_err,NA,NA,NA,caterpillar (butterfly),y,first,acheckp,,,JB_1204
11,36479fac13494ff570c1bf8b573b0ce0a2c96b63991ab7ff2293d4200995a5ee,"Caterpillar
 

 'butterfly' sounds like 'butterfie""",what_insect_undergoes_a_process_of_change_to_turn_into_a_butterfy_fill_30.wav,att_check_err,NA,NA,NA,caterpillar (butterfly),,,,,,
11,36479fac13494ff570c1bf8b573b0ce0a2c96b63991ab7ff2293d4200995a5ee,I’m good — skip to the next question,what_insect_undergoes_a_process_of_change_to_turn_into_a_butterfy_fill_30.wav,att_check_err,NA,NA,NA,caterpillar (butterfly),s,secsame,,,,JB_1204
11,36479fac13494ff570c1bf8b573b0ce0a2c96b63991ab7ff2293d4200995a5ee,NA,what_insect_undergoes_a_process_of_change_to_turn_into_a_butterfy_fill_30.wav,att_check_err,NA,NA,NA,caterpillar (butterfly),,,,,,
11,36479fac13494ff570c1bf8b573b0ce0a2c96b63991ab7ff2293d4200995a5ee,The question does NOT need any corrections.,what_letter_in_the_latin_alphabet_corresponds_to_the_greek_letter_alpha_fill_01.wav,filler_other,NA,NA,NA,a,nans,first,,a,,JB_1205
11,36479fac13494ff570c1bf8b573b0ce0a2c96b63991ab7ff2293d4200995a5ee,A,what_letter_in_the_latin_alphabet_corresponds_to_the_greek_letter_alpha_fill_01.wav,filler_other,NA,NA,NA,a,,,,,,
11,36479fac13494ff570c1bf8b573b0ce0a2c96b63991ab7ff2293d4200995a5ee,I’m good — skip to the next question,what_letter_in_the_latin_alphabet_corresponds_to_the_greek_letter_alpha_fill_01.wav,filler_other,NA,NA,NA,a,s,secsame,,,,JB_1205
11,36479fac13494ff570c1bf8b573b0ce0a2c96b63991ab7ff2293d4200995a5ee,NA,what_letter_in_the_latin_alphabet_corresponds_to_the_greek_letter_alpha_fill_01.wav,filler_other,NA,NA,NA,a,,,,,,
11,36479fac13494ff570c1bf8b573b0ce0a2c96b63991ab7ff2293d4200995a5ee,"The question needs to be CORRECTED (Select this if you spot an error, even if you don’t know the answer).",if_youre_on_a_path_from_california_to_hawaii_which_ocean_you_go_through_targ_12_C.wav,target,non_phon_err,no aux verbs in questions (lack of do support),/θ/ --> /t/; path/pat,Pacific Ocean,y,first,np,,,JB_1205
11,36479fac13494ff570c1bf8b573b0ce0a2c96b63991ab7ff2293d4200995a5ee,"Pacific
 

 'what ocean you go through' should be 'what ocean would you go through'",if_youre_on_a_path_from_california_to_hawaii_which_ocean_you_go_through_targ_12_C.wav,target,non_phon_err,no aux verbs in questions (lack of do support),/θ/ --> /t/; path/pat,Pacific Ocean,,,,,,
11,36479fac13494ff570c1bf8b573b0ce0a2c96b63991ab7ff2293d4200995a5ee,I’m good — skip to the next question,if_youre_on_a_path_from_california_to_hawaii_which_ocean_you_go_through_targ_12_C.wav,target,non_phon_err,no aux verbs in questions (lack of do support),/θ/ --> /t/; path/pat,Pacific Ocean,s,secsame,,,,JB_1205
11,36479fac13494ff570c1bf8b573b0ce0a2c96b63991ab7ff2293d4200995a5ee,NA,if_youre_on_a_path_from_california_to_hawaii_which_ocean_you_go_through_targ_12_C.wav,target,non_phon_err,no aux verbs in questions (lack of do support),/θ/ --> /t/; path/pat,Pacific Ocean,,,,,,
11,36479fac13494ff570c1bf8b573b0ce0a2c96b63991ab7ff2293d4200995a5ee,"The question needs to be CORRECTED (Select this if you spot an error, even if you don’t know the answer).",what_popular_us_chain_provides_a_happy_meal_toy_or_plush_when_kids_have_hungry_targ_20_C.wav,target,non_phon_err,have vs. be,/ʃ/ --> /s/; plush/plus,McDonald's,y,first,np,,,JB_1205
11,36479fac13494ff570c1bf8b573b0ce0a2c96b63991ab7ff2293d4200995a5ee,"McDonalds
 

 'when kids have hungry' should be 'when kids are hungry'",what_popular_us_chain_provides_a_happy_meal_toy_or_plush_when_kids_have_hungry_targ_20_C.wav,target,non_phon_err,have vs. be,/ʃ/ --> /s/; plush/plus,McDonald's,,,,,,
11,36479fac13494ff570c1bf8b573b0ce0a2c96b63991ab7ff2293d4200995a5ee,I’m good — skip to the next question,what_popular_us_chain_provides_a_happy_meal_toy_or_plush_when_kids_have_hungry_targ_20_C.wav,target,non_phon_err,have vs. be,/ʃ/ --> /s/; plush/plus,McDonald's,s,secsame,,,,JB_1205
11,36479fac13494ff570c1bf8b573b0ce0a2c96b63991ab7ff2293d4200995a5ee,NA,what_popular_us_chain_provides_a_happy_meal_toy_or_plush_when_kids_have_hungry_targ_20_C.wav,target,non_phon_err,have vs. be,/ʃ/ --> /s/; plush/plus,McDonald's,,,,,,
11,36479fac13494ff570c1bf8b573b0ce0a2c96b63991ab7ff2293d4200995a5ee,The question does NOT need any corrections.,what_is_the_name_of_the_video_game_character_who_is_a_traveling_italian_plumber_fill_08.wav,filler_other,NA,NA,NA,Mario,nans,first,,a,,JB_1205
11,36479fac13494ff570c1bf8b573b0ce0a2c96b63991ab7ff2293d4200995a5ee,Mario,what_is_the_name_of_the_video_game_character_who_is_a_traveling_italian_plumber_fill_08.wav,filler_other,NA,NA,NA,Mario,,,,,,
11,36479fac13494ff570c1bf8b573b0ce0a2c96b63991ab7ff2293d4200995a5ee,The question does NOT need any corrections.,what_is_the_name_of_the_video_game_character_who_is_a_traveling_italian_plumber_fill_08.wav,filler_other,NA,NA,NA,Mario,nans,secsame,,twice,,JB_1205
11,36479fac13494ff570c1bf8b573b0ce0a2c96b63991ab7ff2293d4200995a5ee,Mario,what_is_the_name_of_the_video_game_character_who_is_a_traveling_italian_plumber_fill_08.wav,filler_other,NA,NA,NA,Mario,,,,,,
11,36479fac13494ff570c1bf8b573b0ce0a2c96b63991ab7ff2293d4200995a5ee,The question does NOT need any corrections.,which_cartoon_dog_solves_mysteries_with_the_group_fred_daphne_velma_and_shaggy_fill_10.wav,filler_other,NA,NA,NA,Scooby-Doo,nans,first,,a,,JB_1205
11,36479fac13494ff570c1bf8b573b0ce0a2c96b63991ab7ff2293d4200995a5ee,Scooby Doo,which_cartoon_dog_solves_mysteries_with_the_group_fred_daphne_velma_and_shaggy_fill_10.wav,filler_other,NA,NA,NA,Scooby-Doo,,,,,,
11,36479fac13494ff570c1bf8b573b0ce0a2c96b63991ab7ff2293d4200995a5ee,I’m good — skip to the next question,which_cartoon_dog_solves_mysteries_with_the_group_fred_daphne_velma_and_shaggy_fill_10.wav,filler_other,NA,NA,NA,Scooby-Doo,s,secsame,,,,JB_1205
11,36479fac13494ff570c1bf8b573b0ce0a2c96b63991ab7ff2293d4200995a5ee,NA,which_cartoon_dog_solves_mysteries_with_the_group_fred_daphne_velma_and_shaggy_fill_10.wav,filler_other,NA,NA,NA,Scooby-Doo,,,,,,
11,36479fac13494ff570c1bf8b573b0ce0a2c96b63991ab7ff2293d4200995a5ee,"The question needs to be CORRECTED (Select this if you spot an error, even if you don’t know the answer).",if_i_consider_to_leave_work_after_the_fourth_hour_how_many_minutes_would_that_be_targ_24_C.wav,target,non_phon_err,infinitive vs. participle,/θ/ --> /t/; fourth/fort,two hundred and forty,y,first,np,,,JB_1205
11,36479fac13494ff570c1bf8b573b0ce0a2c96b63991ab7ff2293d4200995a5ee,"Not sure
 

 'considered' should be 'decided'",if_i_consider_to_leave_work_after_the_fourth_hour_how_many_minutes_would_that_be_targ_24_C.wav,target,non_phon_err,infinitive vs. participle,/θ/ --> /t/; fourth/fort,two hundred and forty,,,,,,
11,36479fac13494ff570c1bf8b573b0ce0a2c96b63991ab7ff2293d4200995a5ee,"The question needs to be CORRECTED (Select this if you spot an error, even if you don’t know the answer).",if_i_consider_to_leave_work_after_the_fourth_hour_how_many_minutes_would_that_be_targ_24_C.wav,target,non_phon_err,infinitive vs. participle,/θ/ --> /t/; fourth/fort,two hundred and forty,y,secsame,np,,,JB_1205
11,36479fac13494ff570c1bf8b573b0ce0a2c96b63991ab7ff2293d4200995a5ee,"240 minutes
 

 'consider' should be 'decide'",if_i_consider_to_leave_work_after_the_fourth_hour_how_many_minutes_would_that_be_targ_24_C.wav,target,non_phon_err,infinitive vs. participle,/θ/ --> /t/; fourth/fort,two hundred and forty,,,,,,
11,36479fac13494ff570c1bf8b573b0ce0a2c96b63991ab7ff2293d4200995a5ee,The question does NOT need any corrections.,which_fast_food_chain_offers_foot-long_sandwiches_and_has_the_slogan_eat_fresh_fill_11.wav,filler_other,NA,NA,NA,Subway,nans,first,,a,,JB_1205
11,36479fac13494ff570c1bf8b573b0ce0a2c96b63991ab7ff2293d4200995a5ee,Subway,which_fast_food_chain_offers_foot-long_sandwiches_and_has_the_slogan_eat_fresh_fill_11.wav,filler_other,NA,NA,NA,Subway,,,,,,
11,36479fac13494ff570c1bf8b573b0ce0a2c96b63991ab7ff2293d4200995a5ee,I’m good — skip to the next question,which_fast_food_chain_offers_foot-long_sandwiches_and_has_the_slogan_eat_fresh_fill_11.wav,filler_other,NA,NA,NA,Subway,s,secsame,,,,JB_1205
11,36479fac13494ff570c1bf8b573b0ce0a2c96b63991ab7ff2293d4200995a5ee,NA,which_fast_food_chain_offers_foot-long_sandwiches_and_has_the_slogan_eat_fresh_fill_11.wav,filler_other,NA,NA,NA,Subway,,,,,,
11,36479fac13494ff570c1bf8b573b0ce0a2c96b63991ab7ff2293d4200995a5ee,The question does NOT need any corrections.,what_is_the_name_of_the_comic_strip_featuring_charlie_brown_and_his_dog_snoopy_fill_06.wav,filler_other,NA,NA,NA,Peanuts,nans,first,,a,,JB_1205
11,36479fac13494ff570c1bf8b573b0ce0a2c96b63991ab7ff2293d4200995a5ee,Peanuts,what_is_the_name_of_the_comic_strip_featuring_charlie_brown_and_his_dog_snoopy_fill_06.wav,filler_other,NA,NA,NA,Peanuts,,,,,,
11,36479fac13494ff570c1bf8b573b0ce0a2c96b63991ab7ff2293d4200995a5ee,I’m good — skip to the next question,what_is_the_name_of_the_comic_strip_featuring_charlie_brown_and_his_dog_snoopy_fill_06.wav,filler_other,NA,NA,NA,Peanuts,s,secsame,,,,JB_1205
11,36479fac13494ff570c1bf8b573b0ce0a2c96b63991ab7ff2293d4200995a5ee,NA,what_is_the_name_of_the_comic_strip_featuring_charlie_brown_and_his_dog_snoopy_fill_06.wav,filler_other,NA,NA,NA,Peanuts,,,,,,
11,36479fac13494ff570c1bf8b573b0ce0a2c96b63991ab7ff2293d4200995a5ee,"The question needs to be CORRECTED (Select this if you spot an error, even if you don’t know the answer).",which_season_do_we_associate_with_thanksgiving_the_beginning_of_school_and_leaves_turning_brown_fill_19.wav,filler_other,NA,NA,NA,Fall,y,first,otherfill,,reports mispronunciation of 'season',JB_1205
11,36479fac13494ff570c1bf8b573b0ce0a2c96b63991ab7ff2293d4200995a5ee,"Fall
 

 'season' is unclear",which_season_do_we_associate_with_thanksgiving_the_beginning_of_school_and_leaves_turning_brown_fill_19.wav,filler_other,NA,NA,NA,Fall,,,,,,
11,36479fac13494ff570c1bf8b573b0ce0a2c96b63991ab7ff2293d4200995a5ee,I’m good — skip to the next question,which_season_do_we_associate_with_thanksgiving_the_beginning_of_school_and_leaves_turning_brown_fill_19.wav,filler_other,NA,NA,NA,Fall,s,secsame,,,,JB_1205
11,36479fac13494ff570c1bf8b573b0ce0a2c96b63991ab7ff2293d4200995a5ee,NA,which_season_do_we_associate_with_thanksgiving_the_beginning_of_school_and_leaves_turning_brown_fill_19.wav,filler_other,NA,NA,NA,Fall,,,,,,
11,36479fac13494ff570c1bf8b573b0ce0a2c96b63991ab7ff2293d4200995a5ee,"The question needs to be CORRECTED (Select this if you spot an error, even if you don’t know the answer).",what_supplies_you_need_to_neat_a_scarf_targ_13_D.wav,target,both_err,no aux verbs in questions (lack of do support),/ɪ/ --> /i/; knit/neat,needles and yarn,y,first,p,,,JB_1205
11,36479fac13494ff570c1bf8b573b0ce0a2c96b63991ab7ff2293d4200995a5ee,"Yarn and knitting needles
 

 'knit' sounds like 'knead'",what_supplies_you_need_to_neat_a_scarf_targ_13_D.wav,target,both_err,no aux verbs in questions (lack of do support),/ɪ/ --> /i/; knit/neat,needles and yarn,,,,,,
11,36479fac13494ff570c1bf8b573b0ce0a2c96b63991ab7ff2293d4200995a5ee,I’m good — skip to the next question,what_supplies_you_need_to_neat_a_scarf_targ_13_D.wav,target,both_err,no aux verbs in questions (lack of do support),/ɪ/ --> /i/; knit/neat,needles and yarn,s,secsame,,,,JB_1205
11,36479fac13494ff570c1bf8b573b0ce0a2c96b63991ab7ff2293d4200995a5ee,NA,what_supplies_you_need_to_neat_a_scarf_targ_13_D.wav,target,both_err,no aux verbs in questions (lack of do support),/ɪ/ --> /i/; knit/neat,needles and yarn,,,,,,
11,36479fac13494ff570c1bf8b573b0ce0a2c96b63991ab7ff2293d4200995a5ee,"The question needs to be CORRECTED (Select this if you spot an error, even if you don’t know the answer).",how_many_days_wooed_wooled_my_bike_tandem_be_gone_if_someone_borrows_it_for_july_targ_17_D.wav,target,both_err,adj/noun order,/ʊ/ --> /u/; would/wooed,thirty-one days,y,first,other,,reports generally being unable to understand a portion of the sentence,JB_1205
11,36479fac13494ff570c1bf8b573b0ce0a2c96b63991ab7ff2293d4200995a5ee,"I don't know
 

 Last half of the question was unclear",how_many_days_wooed_wooled_my_bike_tandem_be_gone_if_someone_borrows_it_for_july_targ_17_D.wav,target,both_err,adj/noun order,/ʊ/ --> /u/; would/wooed,thirty-one days,,,,,,
11,36479fac13494ff570c1bf8b573b0ce0a2c96b63991ab7ff2293d4200995a5ee,"The question needs to be CORRECTED (Select this if you spot an error, even if you don’t know the answer).",how_many_days_wooed_wooled_my_bike_tandem_be_gone_if_someone_borrows_it_for_july_targ_17_D.wav,target,both_err,adj/noun order,/ʊ/ --> /u/; would/wooed,thirty-one days,y,secsame,other,,,JB_1205
11,36479fac13494ff570c1bf8b573b0ce0a2c96b63991ab7ff2293d4200995a5ee,"Could not understand what was said between 'would' and 'borrows it 4th of July""",how_many_days_wooed_wooled_my_bike_tandem_be_gone_if_someone_borrows_it_for_july_targ_17_D.wav,target,both_err,adj/noun order,/ʊ/ --> /u/; would/wooed,thirty-one days,,,,,,
11,36479fac13494ff570c1bf8b573b0ce0a2c96b63991ab7ff2293d4200995a5ee,The question does NOT need any corrections.,what_animal_is_typically_white_with_black_spots_and_says_moo_fill_21.wav,filler_other,NA,NA,NA,a cow,nans,first,,a,,JB_1205
11,36479fac13494ff570c1bf8b573b0ce0a2c96b63991ab7ff2293d4200995a5ee,Cow,what_animal_is_typically_white_with_black_spots_and_says_moo_fill_21.wav,filler_other,NA,NA,NA,a cow,,,,,,
11,36479fac13494ff570c1bf8b573b0ce0a2c96b63991ab7ff2293d4200995a5ee,I’m good — skip to the next question,what_animal_is_typically_white_with_black_spots_and_says_moo_fill_21.wav,filler_other,NA,NA,NA,a cow,s,secsame,,,,JB_1205
11,36479fac13494ff570c1bf8b573b0ce0a2c96b63991ab7ff2293d4200995a5ee,NA,what_animal_is_typically_white_with_black_spots_and_says_moo_fill_21.wav,filler_other,NA,NA,NA,a cow,,,,,,
11,36479fac13494ff570c1bf8b573b0ce0a2c96b63991ab7ff2293d4200995a5ee,The question does NOT need any corrections.,where_do_people_get_drivers_licenses_since_is_required_as_valid_id_to_drive_targ_16_C.wav,target,non_phon_err,expletive 'it' dropping,/v/ --> /b/; valid/ballad,DMV,nans,first,,w,maybe a regional difference?,JB_1205
11,36479fac13494ff570c1bf8b573b0ce0a2c96b63991ab7ff2293d4200995a5ee,DOL,where_do_people_get_drivers_licenses_since_is_required_as_valid_id_to_drive_targ_16_C.wav,target,non_phon_err,expletive 'it' dropping,/v/ --> /b/; valid/ballad,DMV,,,,,,
11,36479fac13494ff570c1bf8b573b0ce0a2c96b63991ab7ff2293d4200995a5ee,"The question needs to be CORRECTED (Select this if you spot an error, even if you don’t know the answer).",where_do_people_get_drivers_licenses_since_is_required_as_valid_id_to_drive_targ_16_C.wav,target,non_phon_err,expletive 'it' dropping,/v/ --> /b/; valid/ballad,DMV,y,secdiff,othernp,,,JB_1205
11,36479fac13494ff570c1bf8b573b0ce0a2c96b63991ab7ff2293d4200995a5ee,Where do people get valid drivers licenses since it is required as valid ID to drive' doesn't make sense,where_do_people_get_drivers_licenses_since_is_required_as_valid_id_to_drive_targ_16_C.wav,target,non_phon_err,expletive 'it' dropping,/v/ --> /b/; valid/ballad,DMV,,,,,,
11,36479fac13494ff570c1bf8b573b0ce0a2c96b63991ab7ff2293d4200995a5ee,The question does NOT need any corrections.,what_mythical_creatures_have_been_said_to_drink_blood_turn_into_bats_and_hate_onions_fill_14.wav,filler_other,NA,NA,NA,vampires,nans,first,,a,,JB_1205
11,36479fac13494ff570c1bf8b573b0ce0a2c96b63991ab7ff2293d4200995a5ee,Vampires,what_mythical_creatures_have_been_said_to_drink_blood_turn_into_bats_and_hate_onions_fill_14.wav,filler_other,NA,NA,NA,vampires,,,,,,
11,36479fac13494ff570c1bf8b573b0ce0a2c96b63991ab7ff2293d4200995a5ee,"The question needs to be CORRECTED (Select this if you spot an error, even if you don’t know the answer).",what_mythical_creatures_have_been_said_to_drink_blood_turn_into_bats_and_hate_onions_fill_14.wav,filler_other,NA,NA,NA,vampires,y,secdiff,otherfill,,reports mispronunciation of 'turn',JB_1205
11,36479fac13494ff570c1bf8b573b0ce0a2c96b63991ab7ff2293d4200995a5ee,"Vampires
 

 'Turn' sounds like 'turned'",what_mythical_creatures_have_been_said_to_drink_blood_turn_into_bats_and_hate_onions_fill_14.wav,filler_other,NA,NA,NA,vampires,,,,,,
11,36479fac13494ff570c1bf8b573b0ce0a2c96b63991ab7ff2293d4200995a5ee,"The question needs to be CORRECTED (Select this if you spot an error, even if you don’t know the answer).",if_laundry_service_will_gum_in_five_days_and_todays_thursday_when_are_they_making_laundry_next_targ_09_D.wav,target,both_err,make vs. other verb,/k/ --> /g/; come/gum,Tuesday,y,first,other,,"reports generally incorrect grammar, and that 'come' should be 'comes'",JB_1205
11,36479fac13494ff570c1bf8b573b0ce0a2c96b63991ab7ff2293d4200995a5ee,"Improper grammar, unknown how to correct",if_laundry_service_will_gum_in_five_days_and_todays_thursday_when_are_they_making_laundry_next_targ_09_D.wav,target,both_err,make vs. other verb,/k/ --> /g/; come/gum,Tuesday,,,,,,
11,36479fac13494ff570c1bf8b573b0ce0a2c96b63991ab7ff2293d4200995a5ee,"The question needs to be CORRECTED (Select this if you spot an error, even if you don’t know the answer).",if_laundry_service_will_gum_in_five_days_and_todays_thursday_when_are_they_making_laundry_next_targ_09_D.wav,target,both_err,make vs. other verb,/k/ --> /g/; come/gum,Tuesday,y,secdiff,othernp,,reporst that 'come' should be 'comes',JB_1205
11,36479fac13494ff570c1bf8b573b0ce0a2c96b63991ab7ff2293d4200995a5ee,Come' should be 'comes',if_laundry_service_will_gum_in_five_days_and_todays_thursday_when_are_they_making_laundry_next_targ_09_D.wav,target,both_err,make vs. other verb,/k/ --> /g/; come/gum,Tuesday,,,,,,
11,36479fac13494ff570c1bf8b573b0ce0a2c96b63991ab7ff2293d4200995a5ee,"The question needs to be CORRECTED (Select this if you spot an error, even if you don’t know the answer).",what_big_star_in_our_solar_system_can_steal_be_visible_when_it_is_cloudy_targ_19_B.wav,target,phon_err,expletive 'it' dropping,/ɪ/ --> /i/; still/steal,the Sun,y,first,otherp,,reports multiple phon errors but not target phon error,JB_1205
11,36479fac13494ff570c1bf8b573b0ce0a2c96b63991ab7ff2293d4200995a5ee,"The Sun
 

 'visible' sounds like 'bisible' and 'cloudy' sounds like 'clowee""",what_big_star_in_our_solar_system_can_steal_be_visible_when_it_is_cloudy_targ_19_B.wav,target,phon_err,expletive 'it' dropping,/ɪ/ --> /i/; still/steal,the Sun,,,,,,
11,36479fac13494ff570c1bf8b573b0ce0a2c96b63991ab7ff2293d4200995a5ee,I’m good — skip to the next question,what_big_star_in_our_solar_system_can_steal_be_visible_when_it_is_cloudy_targ_19_B.wav,target,phon_err,expletive 'it' dropping,/ɪ/ --> /i/; still/steal,the Sun,s,secsame,,,,JB_1205
11,36479fac13494ff570c1bf8b573b0ce0a2c96b63991ab7ff2293d4200995a5ee,NA,what_big_star_in_our_solar_system_can_steal_be_visible_when_it_is_cloudy_targ_19_B.wav,target,phon_err,expletive 'it' dropping,/ɪ/ --> /i/; still/steal,the Sun,,,,,,
11,36479fac13494ff570c1bf8b573b0ce0a2c96b63991ab7ff2293d4200995a5ee,"The question needs to be CORRECTED (Select this if you spot an error, even if you don’t know the answer).",who_did_americans_vote_for_to_be_their_first_president_who_avoided_serving_three_terms_targ_10_A.wav,target,correct,infinitive vs. participle,/v/ --> /b/; vote/boat,George Washington,y,first,otherp,,,JB_1205
11,36479fac13494ff570c1bf8b573b0ce0a2c96b63991ab7ff2293d4200995a5ee,who avoided' doesn't sound correct,who_did_americans_vote_for_to_be_their_first_president_who_avoided_serving_three_terms_targ_10_A.wav,target,correct,infinitive vs. participle,/v/ --> /b/; vote/boat,George Washington,,,,,,
11,36479fac13494ff570c1bf8b573b0ce0a2c96b63991ab7ff2293d4200995a5ee,"The question needs to be CORRECTED (Select this if you spot an error, even if you don’t know the answer).",who_did_americans_vote_for_to_be_their_first_president_who_avoided_serving_three_terms_targ_10_A.wav,target,correct,infinitive vs. participle,/v/ --> /b/; vote/boat,George Washington,y,secdiff,p,,reports 'avoided' and 'vote' being mispronounced despite this being the correct stimulus,JB_1205
11,36479fac13494ff570c1bf8b573b0ce0a2c96b63991ab7ff2293d4200995a5ee,avoided' is unclear and 'vote' sounds like 'boat',who_did_americans_vote_for_to_be_their_first_president_who_avoided_serving_three_terms_targ_10_A.wav,target,correct,infinitive vs. participle,/v/ --> /b/; vote/boat,George Washington,,,,,,
11,36479fac13494ff570c1bf8b573b0ce0a2c96b63991ab7ff2293d4200995a5ee,"The question needs to be CORRECTED (Select this if you spot an error, even if you don’t know the answer).",in_the_lion_king_who_nala_talk_to_and_is_laying_in_a_got_after_theyve_reunited_targ_21_D.wav,target,both_err,no aux verbs in questions (lack of do support),/k/ --> /g/; cot/got,Simba,y,first,otherp,,"unrelated phon error, seems to generally misunderstand sentence",JB_1205
11,36479fac13494ff570c1bf8b573b0ce0a2c96b63991ab7ff2293d4200995a5ee,"Simba
 

 'hug' sounds like 'hook'",in_the_lion_king_who_nala_talk_to_and_is_laying_in_a_got_after_theyve_reunited_targ_21_D.wav,target,both_err,no aux verbs in questions (lack of do support),/k/ --> /g/; cot/got,Simba,,,,,,
11,36479fac13494ff570c1bf8b573b0ce0a2c96b63991ab7ff2293d4200995a5ee,"The question needs to be CORRECTED (Select this if you spot an error, even if you don’t know the answer).",in_the_lion_king_who_nala_talk_to_and_is_laying_in_a_got_after_theyve_reunited_targ_21_D.wav,target,both_err,no aux verbs in questions (lack of do support),/k/ --> /g/; cot/got,Simba,y,secsame,,,,JB_1205
11,36479fac13494ff570c1bf8b573b0ce0a2c96b63991ab7ff2293d4200995a5ee,"Simba
 

 'took to aslanen after they've reunited' is what I heard",in_the_lion_king_who_nala_talk_to_and_is_laying_in_a_got_after_theyve_reunited_targ_21_D.wav,target,both_err,no aux verbs in questions (lack of do support),/k/ --> /g/; cot/got,Simba,,,,,,
11,36479fac13494ff570c1bf8b573b0ce0a2c96b63991ab7ff2293d4200995a5ee,"The question needs to be CORRECTED (Select this if you spot an error, even if you don’t know the answer).",what_neil_armstrong_say_during_his_very_first_steps_on_the_moon_targ_04_C.wav,target,non_phon_err,no aux verbs in questions (lack of do support),/v/ --> /b/; very/berry,"""That's one small step for man, one giant leap for mankind.""",y,first,np,,,JB_1205
11,36479fac13494ff570c1bf8b573b0ce0a2c96b63991ab7ff2293d4200995a5ee,"One small step for man, one giant leap for mankind.'
 

 It should be 'what words did Neil Armstrong...'",what_neil_armstrong_say_during_his_very_first_steps_on_the_moon_targ_04_C.wav,target,non_phon_err,no aux verbs in questions (lack of do support),/v/ --> /b/; very/berry,"""That's one small step for man, one giant leap for mankind.""",,,,,,
11,36479fac13494ff570c1bf8b573b0ce0a2c96b63991ab7ff2293d4200995a5ee,"The question needs to be CORRECTED (Select this if you spot an error, even if you don’t know the answer).",what_neil_armstrong_say_during_his_very_first_steps_on_the_moon_targ_04_C.wav,target,non_phon_err,no aux verbs in questions (lack of do support),/v/ --> /b/; very/berry,"""That's one small step for man, one giant leap for mankind.""",y,secsame,np,,,JB_1205
11,36479fac13494ff570c1bf8b573b0ce0a2c96b63991ab7ff2293d4200995a5ee,"One small step for man, one giant leap for mankind.'
 

 Need to add 'did' between 'what' and 'Neil Armstrong'",what_neil_armstrong_say_during_his_very_first_steps_on_the_moon_targ_04_C.wav,target,non_phon_err,no aux verbs in questions (lack of do support),/v/ --> /b/; very/berry,"""That's one small step for man, one giant leap for mankind.""",,,,,,
11,36479fac13494ff570c1bf8b573b0ce0a2c96b63991ab7ff2293d4200995a5ee,The question does NOT need any corrections.,what_novel_has_the_quote_i’m_late_i’m_late_for_a_very_important_date_fill_13.wav,filler_other,NA,NA,NA,Alice in Wonderland,nans,first,,a,,JB_1205
11,36479fac13494ff570c1bf8b573b0ce0a2c96b63991ab7ff2293d4200995a5ee,Alice In Wonderland,what_novel_has_the_quote_i’m_late_i’m_late_for_a_very_important_date_fill_13.wav,filler_other,NA,NA,NA,Alice in Wonderland,,,,,,
11,36479fac13494ff570c1bf8b573b0ce0a2c96b63991ab7ff2293d4200995a5ee,The question does NOT need any corrections.,what_novel_has_the_quote_i’m_late_i’m_late_for_a_very_important_date_fill_13.wav,filler_other,NA,NA,NA,Alice in Wonderland,nans,secsame,,twice,,JB_1205
11,36479fac13494ff570c1bf8b573b0ce0a2c96b63991ab7ff2293d4200995a5ee,Alice In Wonderland,what_novel_has_the_quote_i’m_late_i’m_late_for_a_very_important_date_fill_13.wav,filler_other,NA,NA,NA,Alice in Wonderland,,,,,,
11,36479fac13494ff570c1bf8b573b0ce0a2c96b63991ab7ff2293d4200995a5ee,"The question needs to be CORRECTED (Select this if you spot an error, even if you don’t know the answer).",which_soft_pastry_made_with_a_certain_spice_is_often_spiral-shaped_and_topped_with_icing_fill_16.wav,filler_other,NA,NA,NA,cinnamon roll,y,first,otherfill,,reports mispronunciation of 'soft',JB_1205
11,36479fac13494ff570c1bf8b573b0ce0a2c96b63991ab7ff2293d4200995a5ee,"Cinnamon Rolls
 

 'soft' is unclear",which_soft_pastry_made_with_a_certain_spice_is_often_spiral-shaped_and_topped_with_icing_fill_16.wav,filler_other,NA,NA,NA,cinnamon roll,,,,,,
11,36479fac13494ff570c1bf8b573b0ce0a2c96b63991ab7ff2293d4200995a5ee,I’m good — skip to the next question,which_soft_pastry_made_with_a_certain_spice_is_often_spiral-shaped_and_topped_with_icing_fill_16.wav,filler_other,NA,NA,NA,cinnamon roll,s,secsame,,,,JB_1205
11,36479fac13494ff570c1bf8b573b0ce0a2c96b63991ab7ff2293d4200995a5ee,NA,which_soft_pastry_made_with_a_certain_spice_is_often_spiral-shaped_and_topped_with_icing_fill_16.wav,filler_other,NA,NA,NA,cinnamon roll,,,,,,
11,36479fac13494ff570c1bf8b573b0ce0a2c96b63991ab7ff2293d4200995a5ee,The question does NOT need any corrections.,what_company_created_the_macbook_a_device_fool_of_features_to_help_students_do_homework_targ_23_B.wav,target,phon_err,make vs. other verb,/ʊ/ --> /u/; full/fool,Apple,nans,first,,a,,JB_1205
11,36479fac13494ff570c1bf8b573b0ce0a2c96b63991ab7ff2293d4200995a5ee,Apple,what_company_created_the_macbook_a_device_fool_of_features_to_help_students_do_homework_targ_23_B.wav,target,phon_err,make vs. other verb,/ʊ/ --> /u/; full/fool,Apple,,,,,,
11,36479fac13494ff570c1bf8b573b0ce0a2c96b63991ab7ff2293d4200995a5ee,I’m good — skip to the next question,what_company_created_the_macbook_a_device_fool_of_features_to_help_students_do_homework_targ_23_B.wav,target,phon_err,make vs. other verb,/ʊ/ --> /u/; full/fool,Apple,s,secsame,,,,JB_1205
11,36479fac13494ff570c1bf8b573b0ce0a2c96b63991ab7ff2293d4200995a5ee,NA,what_company_created_the_macbook_a_device_fool_of_features_to_help_students_do_homework_targ_23_B.wav,target,phon_err,make vs. other verb,/ʊ/ --> /u/; full/fool,Apple,,,,,,
11,36479fac13494ff570c1bf8b573b0ce0a2c96b63991ab7ff2293d4200995a5ee,The question does NOT need any corrections.,when_you_are_hot_what_device_measures_body_temperature_in_both_celsius_and_fahrenheit_targ_18_A.wav,target,correct,have vs. be,/θ/ --> /t/; both/boat,thermometer,nans,first,,a,,JB_1205
11,36479fac13494ff570c1bf8b573b0ce0a2c96b63991ab7ff2293d4200995a5ee,Thermometer,when_you_are_hot_what_device_measures_body_temperature_in_both_celsius_and_fahrenheit_targ_18_A.wav,target,correct,have vs. be,/θ/ --> /t/; both/boat,thermometer,,,,,,
11,36479fac13494ff570c1bf8b573b0ce0a2c96b63991ab7ff2293d4200995a5ee,I’m good — skip to the next question,when_you_are_hot_what_device_measures_body_temperature_in_both_celsius_and_fahrenheit_targ_18_A.wav,target,correct,have vs. be,/θ/ --> /t/; both/boat,thermometer,s,secsame,,,,JB_1205
11,36479fac13494ff570c1bf8b573b0ce0a2c96b63991ab7ff2293d4200995a5ee,NA,when_you_are_hot_what_device_measures_body_temperature_in_both_celsius_and_fahrenheit_targ_18_A.wav,target,correct,have vs. be,/θ/ --> /t/; both/boat,thermometer,,,,,,
11,36479fac13494ff570c1bf8b573b0ce0a2c96b63991ab7ff2293d4200995a5ee,The question does NOT need any corrections.,which_body_part_did_van_gogh_allegedly_cut_off_after_an_argument_with_his_friend_fill_05.wav,filler_other,NA,NA,NA,ear,nans,first,,a,,JB_1205
11,36479fac13494ff570c1bf8b573b0ce0a2c96b63991ab7ff2293d4200995a5ee,His ear,which_body_part_did_van_gogh_allegedly_cut_off_after_an_argument_with_his_friend_fill_05.wav,filler_other,NA,NA,NA,ear,,,,,,
11,36479fac13494ff570c1bf8b573b0ce0a2c96b63991ab7ff2293d4200995a5ee,I’m good — skip to the next question,which_body_part_did_van_gogh_allegedly_cut_off_after_an_argument_with_his_friend_fill_05.wav,filler_other,NA,NA,NA,ear,s,secsame,,,,JB_1205
11,36479fac13494ff570c1bf8b573b0ce0a2c96b63991ab7ff2293d4200995a5ee,NA,which_body_part_did_van_gogh_allegedly_cut_off_after_an_argument_with_his_friend_fill_05.wav,filler_other,NA,NA,NA,ear,,,,,,
11,36479fac13494ff570c1bf8b573b0ce0a2c96b63991ab7ff2293d4200995a5ee,"The question needs to be CORRECTED (Select this if you spot an error, even if you don’t know the answer).",what_colors_make_up_a_traditional_candy_gain_which_people_enjoy_eating_during_christmas_targ_15_B.wav,target,phon_err,infinitive vs. participle,/k/ --> /g/; cane/gain,red and white,y,first,p,,also reports pause after 'which',JB_1205
11,36479fac13494ff570c1bf8b573b0ce0a2c96b63991ab7ff2293d4200995a5ee,"Red and white
 

 'cane' sounds like 'gain'",what_colors_make_up_a_traditional_candy_gain_which_people_enjoy_eating_during_christmas_targ_15_B.wav,target,phon_err,infinitive vs. participle,/k/ --> /g/; cane/gain,red and white,,,,,,
11,36479fac13494ff570c1bf8b573b0ce0a2c96b63991ab7ff2293d4200995a5ee,"The question needs to be CORRECTED (Select this if you spot an error, even if you don’t know the answer).",what_colors_make_up_a_traditional_candy_gain_which_people_enjoy_eating_during_christmas_targ_15_B.wav,target,phon_err,infinitive vs. participle,/k/ --> /g/; cane/gain,red and white,y,secsame,p,,,JB_1205
11,36479fac13494ff570c1bf8b573b0ce0a2c96b63991ab7ff2293d4200995a5ee,"Red and white
 

 'cane' ounds like 'gain' and there is a pause after 'which'",what_colors_make_up_a_traditional_candy_gain_which_people_enjoy_eating_during_christmas_targ_15_B.wav,target,phon_err,infinitive vs. participle,/k/ --> /g/; cane/gain,red and white,,,,,,
11,36479fac13494ff570c1bf8b573b0ce0a2c96b63991ab7ff2293d4200995a5ee,"The question needs to be CORRECTED (Select this if you spot an error, even if you don’t know the answer).",which_scottish_actor_first_played_james_bond_wearing_guilts_to_red_carpets_when_he_was_32_years_old_targ_03_B.wav,target,phon_err,have vs. be,/k/ --> /g/; kilt/guilt,Sean Connery,y,first,p?,,seems to have perceived 'guilt' as 'gold' but doesn't explicitly mention error,JB_1205
11,36479fac13494ff570c1bf8b573b0ce0a2c96b63991ab7ff2293d4200995a5ee,Could not understand what was said after 'gold',which_scottish_actor_first_played_james_bond_wearing_guilts_to_red_carpets_when_he_was_32_years_old_targ_03_B.wav,target,phon_err,have vs. be,/k/ --> /g/; kilt/guilt,Sean Connery,,,,,,
11,36479fac13494ff570c1bf8b573b0ce0a2c96b63991ab7ff2293d4200995a5ee,I’m good — skip to the next question,which_scottish_actor_first_played_james_bond_wearing_guilts_to_red_carpets_when_he_was_32_years_old_targ_03_B.wav,target,phon_err,have vs. be,/k/ --> /g/; kilt/guilt,Sean Connery,s,secsame,,,,JB_1205
11,36479fac13494ff570c1bf8b573b0ce0a2c96b63991ab7ff2293d4200995a5ee,NA,which_scottish_actor_first_played_james_bond_wearing_guilts_to_red_carpets_when_he_was_32_years_old_targ_03_B.wav,target,phon_err,have vs. be,/k/ --> /g/; kilt/guilt,Sean Connery,,,,,,
11,36479fac13494ff570c1bf8b573b0ce0a2c96b63991ab7ff2293d4200995a5ee,"The question needs to be CORRECTED (Select this if you spot an error, even if you don’t know the answer).",what_city_have_people_rushed_to_tour_to_see_where_the_us_government_does_business_targ_14_A.wav,target,correct,make vs. other verb,/ʃ/ --> /s/; rushed/rust,Washington D.C.,y,first,other,,unsure what error is being reported,JB_1205
11,36479fac13494ff570c1bf8b573b0ce0a2c96b63991ab7ff2293d4200995a5ee,"Washington DC
 

 'What city have people rushed to see where the government does business' is what was heard",what_city_have_people_rushed_to_tour_to_see_where_the_us_government_does_business_targ_14_A.wav,target,correct,make vs. other verb,/ʃ/ --> /s/; rushed/rust,Washington D.C.,,,,,,
11,36479fac13494ff570c1bf8b573b0ce0a2c96b63991ab7ff2293d4200995a5ee,"The question needs to be CORRECTED (Select this if you spot an error, even if you don’t know the answer).",what_city_have_people_rushed_to_tour_to_see_where_the_us_government_does_business_targ_14_A.wav,target,correct,make vs. other verb,/ʃ/ --> /s/; rushed/rust,Washington D.C.,y,secsame,other,,,JB_1205
11,36479fac13494ff570c1bf8b573b0ce0a2c96b63991ab7ff2293d4200995a5ee,What city have people rushed to tour to see where the government does business',what_city_have_people_rushed_to_tour_to_see_where_the_us_government_does_business_targ_14_A.wav,target,correct,make vs. other verb,/ʃ/ --> /s/; rushed/rust,Washington D.C.,,,,,,
11,36479fac13494ff570c1bf8b573b0ce0a2c96b63991ab7ff2293d4200995a5ee,The question does NOT need any corrections.,which_cartoon_character_works_at_the_krusty_krab_and_is_best_friends_with_patrick_star_fill_04.wav,filler_other,NA,NA,NA,Spongebob,nans,first,,a,,JB_1205
11,36479fac13494ff570c1bf8b573b0ce0a2c96b63991ab7ff2293d4200995a5ee,Spongebob Squarepants,which_cartoon_character_works_at_the_krusty_krab_and_is_best_friends_with_patrick_star_fill_04.wav,filler_other,NA,NA,NA,Spongebob,,,,,,
11,36479fac13494ff570c1bf8b573b0ce0a2c96b63991ab7ff2293d4200995a5ee,I’m good — skip to the next question,which_cartoon_character_works_at_the_krusty_krab_and_is_best_friends_with_patrick_star_fill_04.wav,filler_other,NA,NA,NA,Spongebob,s,secsame,,,,JB_1205
11,36479fac13494ff570c1bf8b573b0ce0a2c96b63991ab7ff2293d4200995a5ee,NA,which_cartoon_character_works_at_the_krusty_krab_and_is_best_friends_with_patrick_star_fill_04.wav,filler_other,NA,NA,NA,Spongebob,,,,,,
11,36479fac13494ff570c1bf8b573b0ce0a2c96b63991ab7ff2293d4200995a5ee,The question does NOT need any corrections.,what_term_refers_to_armored_men_who_enjoyed_carrying_medieval_swords_that_clash_in_combat_targ_02_A.wav,target,correct,infinitive vs. participle,/ʃ/ --> /s/; clash/class,knights,nans,first,,a,,JB_1205
11,36479fac13494ff570c1bf8b573b0ce0a2c96b63991ab7ff2293d4200995a5ee,Knight,what_term_refers_to_armored_men_who_enjoyed_carrying_medieval_swords_that_clash_in_combat_targ_02_A.wav,target,correct,infinitive vs. participle,/ʃ/ --> /s/; clash/class,knights,,,,,,
11,36479fac13494ff570c1bf8b573b0ce0a2c96b63991ab7ff2293d4200995a5ee,I’m good — skip to the next question,what_term_refers_to_armored_men_who_enjoyed_carrying_medieval_swords_that_clash_in_combat_targ_02_A.wav,target,correct,infinitive vs. participle,/ʃ/ --> /s/; clash/class,knights,s,secsame,,,,JB_1205
11,36479fac13494ff570c1bf8b573b0ce0a2c96b63991ab7ff2293d4200995a5ee,NA,what_term_refers_to_armored_men_who_enjoyed_carrying_medieval_swords_that_clash_in_combat_targ_02_A.wav,target,correct,infinitive vs. participle,/ʃ/ --> /s/; clash/class,knights,,,,,,
11,36479fac13494ff570c1bf8b573b0ce0a2c96b63991ab7ff2293d4200995a5ee,The question does NOT need any corrections.,what_kind_of_animal_is_mickey_mouse’s_girlfriend_minnie_who_wears_a_bow_fill_09.wav,filler_other,NA,NA,NA,mouse,nans,first,,a,,JB_1205
11,36479fac13494ff570c1bf8b573b0ce0a2c96b63991ab7ff2293d4200995a5ee,Mouse,what_kind_of_animal_is_mickey_mouse’s_girlfriend_minnie_who_wears_a_bow_fill_09.wav,filler_other,NA,NA,NA,mouse,,,,,,
11,36479fac13494ff570c1bf8b573b0ce0a2c96b63991ab7ff2293d4200995a5ee,I’m good — skip to the next question,what_kind_of_animal_is_mickey_mouse’s_girlfriend_minnie_who_wears_a_bow_fill_09.wav,filler_other,NA,NA,NA,mouse,s,secsame,,,,JB_1205
11,36479fac13494ff570c1bf8b573b0ce0a2c96b63991ab7ff2293d4200995a5ee,NA,what_kind_of_animal_is_mickey_mouse’s_girlfriend_minnie_who_wears_a_bow_fill_09.wav,filler_other,NA,NA,NA,mouse,,,,,,
11,36479fac13494ff570c1bf8b573b0ce0a2c96b63991ab7ff2293d4200995a5ee,The question does NOT need any corrections.,which_tropical_fruit_that_grows_on_palm_trees_is_used_for_oils_and_milks_fill_18.wav,filler_other,NA,NA,NA,coconuts,nans,first,,a,,JB_1205
11,36479fac13494ff570c1bf8b573b0ce0a2c96b63991ab7ff2293d4200995a5ee,Coconut,which_tropical_fruit_that_grows_on_palm_trees_is_used_for_oils_and_milks_fill_18.wav,filler_other,NA,NA,NA,coconuts,,,,,,
11,36479fac13494ff570c1bf8b573b0ce0a2c96b63991ab7ff2293d4200995a5ee,I’m good — skip to the next question,which_tropical_fruit_that_grows_on_palm_trees_is_used_for_oils_and_milks_fill_18.wav,filler_other,NA,NA,NA,coconuts,s,secsame,,,,JB_1205
11,36479fac13494ff570c1bf8b573b0ce0a2c96b63991ab7ff2293d4200995a5ee,NA,which_tropical_fruit_that_grows_on_palm_trees_is_used_for_oils_and_milks_fill_18.wav,filler_other,NA,NA,NA,coconuts,,,,,,
11,36479fac13494ff570c1bf8b573b0ce0a2c96b63991ab7ff2293d4200995a5ee,"The question needs to be CORRECTED (Select this if you spot an error, even if you don’t know the answer).",because_is_important_to_honor_the_irish_saint_what_holiday_occurs_on_march_17th_targ_08_C.wav,target,non_phon_err,expletive 'it' dropping,/ʃ/ --> /s/; Irish/iris,St. Patrick's Day,y,first,np,,,JB_1205
11,36479fac13494ff570c1bf8b573b0ce0a2c96b63991ab7ff2293d4200995a5ee,"St Patricks Day
 

 'is' sounds like 'its'",because_is_important_to_honor_the_irish_saint_what_holiday_occurs_on_march_17th_targ_08_C.wav,target,non_phon_err,expletive 'it' dropping,/ʃ/ --> /s/; Irish/iris,St. Patrick's Day,,,,,,
11,36479fac13494ff570c1bf8b573b0ce0a2c96b63991ab7ff2293d4200995a5ee,I’m good — skip to the next question,because_is_important_to_honor_the_irish_saint_what_holiday_occurs_on_march_17th_targ_08_C.wav,target,non_phon_err,expletive 'it' dropping,/ʃ/ --> /s/; Irish/iris,St. Patrick's Day,s,secsame,,,,JB_1205
11,36479fac13494ff570c1bf8b573b0ce0a2c96b63991ab7ff2293d4200995a5ee,NA,because_is_important_to_honor_the_irish_saint_what_holiday_occurs_on_march_17th_targ_08_C.wav,target,non_phon_err,expletive 'it' dropping,/ʃ/ --> /s/; Irish/iris,St. Patrick's Day,,,,,,
11,36479fac13494ff570c1bf8b573b0ce0a2c96b63991ab7ff2293d4200995a5ee,The question does NOT need any corrections.,what_us_holiday_is_often_celebrated_with_fireworks_and_hotdogs_to_honor_americas_freedom_fill_17.wav,filler_other,NA,NA,NA,Independence Day,nans,first,,a,,JB_1205
11,36479fac13494ff570c1bf8b573b0ce0a2c96b63991ab7ff2293d4200995a5ee,Fourth of July,what_us_holiday_is_often_celebrated_with_fireworks_and_hotdogs_to_honor_americas_freedom_fill_17.wav,filler_other,NA,NA,NA,Independence Day,,,,,,
11,36479fac13494ff570c1bf8b573b0ce0a2c96b63991ab7ff2293d4200995a5ee,I’m good — skip to the next question,what_us_holiday_is_often_celebrated_with_fireworks_and_hotdogs_to_honor_americas_freedom_fill_17.wav,filler_other,NA,NA,NA,Independence Day,s,secsame,,,,JB_1205
11,36479fac13494ff570c1bf8b573b0ce0a2c96b63991ab7ff2293d4200995a5ee,NA,what_us_holiday_is_often_celebrated_with_fireworks_and_hotdogs_to_honor_americas_freedom_fill_17.wav,filler_other,NA,NA,NA,Independence Day,,,,,,
11,36479fac13494ff570c1bf8b573b0ce0a2c96b63991ab7ff2293d4200995a5ee,"The question needs to be CORRECTED (Select this if you spot an error, even if you don’t know the answer).",how_many_legs_does_a_canadian_garden_spider_whose_silk_can_make_cloth_have_targ_06_A.wav,target,correct,adj/noun order,/θ/ --> /t/; cloth/clot,eight,y,first,otherp,,reports mispronunciation of 'have',JB_1205
11,36479fac13494ff570c1bf8b573b0ce0a2c96b63991ab7ff2293d4200995a5ee,"Eight
 

 'Have' sounds like 'half'",how_many_legs_does_a_canadian_garden_spider_whose_silk_can_make_cloth_have_targ_06_A.wav,target,correct,adj/noun order,/θ/ --> /t/; cloth/clot,eight,,,,,,
11,36479fac13494ff570c1bf8b573b0ce0a2c96b63991ab7ff2293d4200995a5ee,I’m good — skip to the next question,how_many_legs_does_a_canadian_garden_spider_whose_silk_can_make_cloth_have_targ_06_A.wav,target,correct,adj/noun order,/θ/ --> /t/; cloth/clot,eight,s,secsame,,,,JB_1205
11,36479fac13494ff570c1bf8b573b0ce0a2c96b63991ab7ff2293d4200995a5ee,NA,how_many_legs_does_a_canadian_garden_spider_whose_silk_can_make_cloth_have_targ_06_A.wav,target,correct,adj/noun order,/θ/ --> /t/; cloth/clot,eight,,,,,,
11,36479fac13494ff570c1bf8b573b0ce0a2c96b63991ab7ff2293d4200995a5ee,"The question needs to be CORRECTED (Select this if you spot an error, even if you don’t know the answer).",what_organ_is_often_associated_with_being_eaten_by_rotting_flesh_monsters_also_known_as_zombies_fill_02.wav,filler_other,NA,NA,NA,the brain,y,first,otherfill,,reports mispronunciation of 'zombies',JB_1205
11,36479fac13494ff570c1bf8b573b0ce0a2c96b63991ab7ff2293d4200995a5ee,"Brain
 

 'Zombies' sounds like 'sombies'",what_organ_is_often_associated_with_being_eaten_by_rotting_flesh_monsters_also_known_as_zombies_fill_02.wav,filler_other,NA,NA,NA,the brain,,,,,,
11,36479fac13494ff570c1bf8b573b0ce0a2c96b63991ab7ff2293d4200995a5ee,I’m good — skip to the next question,what_organ_is_often_associated_with_being_eaten_by_rotting_flesh_monsters_also_known_as_zombies_fill_02.wav,filler_other,NA,NA,NA,the brain,s,secsame,,,,JB_1205
11,36479fac13494ff570c1bf8b573b0ce0a2c96b63991ab7ff2293d4200995a5ee,NA,what_organ_is_often_associated_with_being_eaten_by_rotting_flesh_monsters_also_known_as_zombies_fill_02.wav,filler_other,NA,NA,NA,the brain,,,,,,
11,36479fac13494ff570c1bf8b573b0ce0a2c96b63991ab7ff2293d4200995a5ee,"The question needs to be CORRECTED (Select this if you spot an error, even if you don’t know the answer).",in_what_country_would_you_find_landmarks_like_the_pyramids_of_giza_and_great_sphinx_fill_24.wav,filler_other,NA,NA,NA,Egypt,y,first,otherfill,,reports mispronunciation of 'Sphynx',JB_1205
11,36479fac13494ff570c1bf8b573b0ce0a2c96b63991ab7ff2293d4200995a5ee,"Egypt
 

 'Sphynx' sounds like 'pinks'",in_what_country_would_you_find_landmarks_like_the_pyramids_of_giza_and_great_sphinx_fill_24.wav,filler_other,NA,NA,NA,Egypt,,,,,,
11,36479fac13494ff570c1bf8b573b0ce0a2c96b63991ab7ff2293d4200995a5ee,I’m good — skip to the next question,in_what_country_would_you_find_landmarks_like_the_pyramids_of_giza_and_great_sphinx_fill_24.wav,filler_other,NA,NA,NA,Egypt,s,secsame,,,,JB_1205
11,36479fac13494ff570c1bf8b573b0ce0a2c96b63991ab7ff2293d4200995a5ee,NA,in_what_country_would_you_find_landmarks_like_the_pyramids_of_giza_and_great_sphinx_fill_24.wav,filler_other,NA,NA,NA,Egypt,,,,,,
11,36479fac13494ff570c1bf8b573b0ce0a2c96b63991ab7ff2293d4200995a5ee,The question does NOT need any corrections.,which_oscar-winning_movie_features_tom_hanks_saying_life_is_like_a_box_of_chocolates_fill_12.wav,filler_other,NA,NA,NA,Forrest Gump,nans,first,,a,,JB_1205
11,36479fac13494ff570c1bf8b573b0ce0a2c96b63991ab7ff2293d4200995a5ee,Forest Gump,which_oscar-winning_movie_features_tom_hanks_saying_life_is_like_a_box_of_chocolates_fill_12.wav,filler_other,NA,NA,NA,Forrest Gump,,,,,,
11,36479fac13494ff570c1bf8b573b0ce0a2c96b63991ab7ff2293d4200995a5ee,I’m good — skip to the next question,which_oscar-winning_movie_features_tom_hanks_saying_life_is_like_a_box_of_chocolates_fill_12.wav,filler_other,NA,NA,NA,Forrest Gump,s,secsame,,,,JB_1205
11,36479fac13494ff570c1bf8b573b0ce0a2c96b63991ab7ff2293d4200995a5ee,NA,which_oscar-winning_movie_features_tom_hanks_saying_life_is_like_a_box_of_chocolates_fill_12.wav,filler_other,NA,NA,NA,Forrest Gump,,,,,,
11,36479fac13494ff570c1bf8b573b0ce0a2c96b63991ab7ff2293d4200995a5ee,The question does NOT need any corrections.,in_the_famous_dr_seuss_book_what_orange_and_yellow_character_speaks_for_the_trees_fill_23.wav,filler_other,NA,NA,NA,the Lorax,nans,first,,a,,JB_1205
11,36479fac13494ff570c1bf8b573b0ce0a2c96b63991ab7ff2293d4200995a5ee,The Lorax,in_the_famous_dr_seuss_book_what_orange_and_yellow_character_speaks_for_the_trees_fill_23.wav,filler_other,NA,NA,NA,the Lorax,,,,,,
11,36479fac13494ff570c1bf8b573b0ce0a2c96b63991ab7ff2293d4200995a5ee,I’m good — skip to the next question,in_the_famous_dr_seuss_book_what_orange_and_yellow_character_speaks_for_the_trees_fill_23.wav,filler_other,NA,NA,NA,the Lorax,s,secsame,,,,JB_1205
11,36479fac13494ff570c1bf8b573b0ce0a2c96b63991ab7ff2293d4200995a5ee,NA,in_the_famous_dr_seuss_book_what_orange_and_yellow_character_speaks_for_the_trees_fill_23.wav,filler_other,NA,NA,NA,the Lorax,,,,,,
11,36479fac13494ff570c1bf8b573b0ce0a2c96b63991ab7ff2293d4200995a5ee,"The question needs to be CORRECTED (Select this if you spot an error, even if you don’t know the answer).",what_holiday_occurs_at_the_end_of_october_and_features_trick-or-treating_pumpkins_and_haunted_houses_fill_07.wav,filler_other,NA,NA,NA,Halloween,y,first,otherfill,,reports mispronunciation of 'occurs',JB_1205
11,36479fac13494ff570c1bf8b573b0ce0a2c96b63991ab7ff2293d4200995a5ee,"Halloween
 

 'occurs' sounds like 'oh cures'",what_holiday_occurs_at_the_end_of_october_and_features_trick-or-treating_pumpkins_and_haunted_houses_fill_07.wav,filler_other,NA,NA,NA,Halloween,,,,,,
11,36479fac13494ff570c1bf8b573b0ce0a2c96b63991ab7ff2293d4200995a5ee,I’m good — skip to the next question,what_holiday_occurs_at_the_end_of_october_and_features_trick-or-treating_pumpkins_and_haunted_houses_fill_07.wav,filler_other,NA,NA,NA,Halloween,s,secsame,,,,JB_1205
11,36479fac13494ff570c1bf8b573b0ce0a2c96b63991ab7ff2293d4200995a5ee,NA,what_holiday_occurs_at_the_end_of_october_and_features_trick-or-treating_pumpkins_and_haunted_houses_fill_07.wav,filler_other,NA,NA,NA,Halloween,,,,,,
11,36479fac13494ff570c1bf8b573b0ce0a2c96b63991ab7ff2293d4200995a5ee,"The question needs to be CORRECTED (Select this if you spot an error, even if you don’t know the answer).",who_discovered_the_law_of_universal_gravitation_which_accounts_for_why_objects_naturally_fall_downwards_fill_15.wav,filler_other,NA,NA,NA,Isaac Newton,y,first,otherfill,,reports mispronunciation of 'law',JB_1205
11,36479fac13494ff570c1bf8b573b0ce0a2c96b63991ab7ff2293d4200995a5ee,"Newton
 

 'law' sounds like 'low'",who_discovered_the_law_of_universal_gravitation_which_accounts_for_why_objects_naturally_fall_downwards_fill_15.wav,filler_other,NA,NA,NA,Isaac Newton,,,,,,
11,36479fac13494ff570c1bf8b573b0ce0a2c96b63991ab7ff2293d4200995a5ee,I’m good — skip to the next question,who_discovered_the_law_of_universal_gravitation_which_accounts_for_why_objects_naturally_fall_downwards_fill_15.wav,filler_other,NA,NA,NA,Isaac Newton,s,secsame,,,,JB_1205
11,36479fac13494ff570c1bf8b573b0ce0a2c96b63991ab7ff2293d4200995a5ee,NA,who_discovered_the_law_of_universal_gravitation_which_accounts_for_why_objects_naturally_fall_downwards_fill_15.wav,filler_other,NA,NA,NA,Isaac Newton,,,,,,
11,36479fac13494ff570c1bf8b573b0ce0a2c96b63991ab7ff2293d4200995a5ee,The question does NOT need any corrections.,where_do_the_jolly_christmas_icons_santa_claus_and_his_wife_mrs._claus_live_fill_22.wav,filler_other,NA,NA,NA,the North Pole,nans,first,,a,,JB_1205
11,36479fac13494ff570c1bf8b573b0ce0a2c96b63991ab7ff2293d4200995a5ee,The North Pole,where_do_the_jolly_christmas_icons_santa_claus_and_his_wife_mrs._claus_live_fill_22.wav,filler_other,NA,NA,NA,the North Pole,,,,,,
11,36479fac13494ff570c1bf8b573b0ce0a2c96b63991ab7ff2293d4200995a5ee,I’m good — skip to the next question,where_do_the_jolly_christmas_icons_santa_claus_and_his_wife_mrs._claus_live_fill_22.wav,filler_other,NA,NA,NA,the North Pole,s,secsame,,,,JB_1205
11,36479fac13494ff570c1bf8b573b0ce0a2c96b63991ab7ff2293d4200995a5ee,NA,where_do_the_jolly_christmas_icons_santa_claus_and_his_wife_mrs._claus_live_fill_22.wav,filler_other,NA,NA,NA,the North Pole,,,,,,
11,36479fac13494ff570c1bf8b573b0ce0a2c96b63991ab7ff2293d4200995a5ee,The question does NOT need any corrections.,for_what_pink_ice_cream_flavor_wheel_companies_make_their_best_to_use_real_fruit_targ_01_D.wav,target,both_err,make vs. other verb,/ɪ/ --> /i/; will/wheel,strawberry,nans,first,,a,,JB_1205
11,36479fac13494ff570c1bf8b573b0ce0a2c96b63991ab7ff2293d4200995a5ee,Strawberry,for_what_pink_ice_cream_flavor_wheel_companies_make_their_best_to_use_real_fruit_targ_01_D.wav,target,both_err,make vs. other verb,/ɪ/ --> /i/; will/wheel,strawberry,,,,,,
11,36479fac13494ff570c1bf8b573b0ce0a2c96b63991ab7ff2293d4200995a5ee,"The question needs to be CORRECTED (Select this if you spot an error, even if you don’t know the answer).",for_what_pink_ice_cream_flavor_wheel_companies_make_their_best_to_use_real_fruit_targ_01_D.wav,target,both_err,make vs. other verb,/ɪ/ --> /i/; will/wheel,strawberry,y,secdiff,otherfill,,reports general issue with grammar - not specific,JB_1205
11,36479fac13494ff570c1bf8b573b0ce0a2c96b63991ab7ff2293d4200995a5ee,"Strawberry
 

 Improper grammar used",for_what_pink_ice_cream_flavor_wheel_companies_make_their_best_to_use_real_fruit_targ_01_D.wav,target,both_err,make vs. other verb,/ɪ/ --> /i/; will/wheel,strawberry,,,,,,
11,36479fac13494ff570c1bf8b573b0ce0a2c96b63991ab7ff2293d4200995a5ee,The question does NOT need any corrections.,which_british_celebrity_judge_often_harshly_critiqued_contestants_on_the_nationwide_singing_contest_american_idol_fill_03.wav,filler_other,NA,NA,NA,Simon Cowell,nans,first,,a,,JB_1205
11,36479fac13494ff570c1bf8b573b0ce0a2c96b63991ab7ff2293d4200995a5ee,Simon Cowell,which_british_celebrity_judge_often_harshly_critiqued_contestants_on_the_nationwide_singing_contest_american_idol_fill_03.wav,filler_other,NA,NA,NA,Simon Cowell,,,,,,
11,36479fac13494ff570c1bf8b573b0ce0a2c96b63991ab7ff2293d4200995a5ee,"The question needs to be CORRECTED (Select this if you spot an error, even if you don’t know the answer).",which_british_celebrity_judge_often_harshly_critiqued_contestants_on_the_nationwide_singing_contest_american_idol_fill_03.wav,filler_other,NA,NA,NA,Simon Cowell,y,secdiff,otherfill,,says 'critics' should be 'critiques',JB_1205
11,36479fac13494ff570c1bf8b573b0ce0a2c96b63991ab7ff2293d4200995a5ee,"Simon Cowell
 

 'critcs' should be 'critiques'",which_british_celebrity_judge_often_harshly_critiqued_contestants_on_the_nationwide_singing_contest_american_idol_fill_03.wav,filler_other,NA,NA,NA,Simon Cowell,,,,,,
11,36479fac13494ff570c1bf8b573b0ce0a2c96b63991ab7ff2293d4200995a5ee,"The question needs to be CORRECTED (Select this if you spot an error, even if you don’t know the answer).",if_a_hardworking_janitor_cleaned_a_vent_in_five_minutes_how_many_seconds_is_that_targ_22_A.wav,target,correct,adj/noun order,/v/ --> /b/; vent/bent,eight,y,first,othernp,,seems to misunderstand 'a vent' ,JB_1205
11,36479fac13494ff570c1bf8b573b0ce0a2c96b63991ab7ff2293d4200995a5ee,"300 seconds
 

 'have cleaned up' is improper grammar.",if_a_hardworking_janitor_cleaned_a_vent_in_five_minutes_how_many_seconds_is_that_targ_22_A.wav,target,correct,adj/noun order,/v/ --> /b/; vent/bent,eight,,,,,,
11,36479fac13494ff570c1bf8b573b0ce0a2c96b63991ab7ff2293d4200995a5ee,"The question needs to be CORRECTED (Select this if you spot an error, even if you don’t know the answer).",if_a_hardworking_janitor_cleaned_a_vent_in_five_minutes_how_many_seconds_is_that_targ_22_A.wav,target,correct,adj/noun order,/v/ --> /b/; vent/bent,eight,y,secdiff,othernp,,,JB_1205
11,36479fac13494ff570c1bf8b573b0ce0a2c96b63991ab7ff2293d4200995a5ee,"300 seconds
 

 'cleaned event in five minutes' is improper",if_a_hardworking_janitor_cleaned_a_vent_in_five_minutes_how_many_seconds_is_that_targ_22_A.wav,target,correct,adj/noun order,/v/ --> /b/; vent/bent,eight,,,,,,
11,36479fac13494ff570c1bf8b573b0ce0a2c96b63991ab7ff2293d4200995a5ee,"The question needs to be CORRECTED (Select this if you spot an error, even if you don’t know the answer).",what_childrens_game_makes_people_seat_down_quickly_when_the_loud_music_stops_targ_07_B.wav,target,phon_err,adj/noun order,/ɪ/ --> /i/; sit/seat,musical chairs,y,first,p,,,JB_1205
11,36479fac13494ff570c1bf8b573b0ce0a2c96b63991ab7ff2293d4200995a5ee,"Musical Chairs
 

 'Sit' sounds like 'seat'",what_childrens_game_makes_people_seat_down_quickly_when_the_loud_music_stops_targ_07_B.wav,target,phon_err,adj/noun order,/ɪ/ --> /i/; sit/seat,musical chairs,,,,,,
11,36479fac13494ff570c1bf8b573b0ce0a2c96b63991ab7ff2293d4200995a5ee,I’m good — skip to the next question,what_childrens_game_makes_people_seat_down_quickly_when_the_loud_music_stops_targ_07_B.wav,target,phon_err,adj/noun order,/ɪ/ --> /i/; sit/seat,musical chairs,s,secsame,,,,JB_1205
11,36479fac13494ff570c1bf8b573b0ce0a2c96b63991ab7ff2293d4200995a5ee,NA,what_childrens_game_makes_people_seat_down_quickly_when_the_loud_music_stops_targ_07_B.wav,target,phon_err,adj/noun order,/ɪ/ --> /i/; sit/seat,musical chairs,,,,,,
11,36479fac13494ff570c1bf8b573b0ce0a2c96b63991ab7ff2293d4200995a5ee,"The question needs to be CORRECTED (Select this if you spot an error, even if you don’t know the answer).",what_kind_of_weather_cooed_cooled_occur_when_is_raining_and_below_freezing_targ_05_D.wav,target,both_err,expletive 'it' dropping,/ʊ/ --> /u/; could/cooed,snow,y,first,p,,,JB_1205
11,36479fac13494ff570c1bf8b573b0ce0a2c96b63991ab7ff2293d4200995a5ee,Could' is not pronounced correctly,what_kind_of_weather_cooed_cooled_occur_when_is_raining_and_below_freezing_targ_05_D.wav,target,both_err,expletive 'it' dropping,/ʊ/ --> /u/; could/cooed,snow,,,,,,
11,36479fac13494ff570c1bf8b573b0ce0a2c96b63991ab7ff2293d4200995a5ee,"The question needs to be CORRECTED (Select this if you spot an error, even if you don’t know the answer).",what_kind_of_weather_cooed_cooled_occur_when_is_raining_and_below_freezing_targ_05_D.wav,target,both_err,expletive 'it' dropping,/ʊ/ --> /u/; could/cooed,snow,y,secsame,p,,,JB_1205
11,36479fac13494ff570c1bf8b573b0ce0a2c96b63991ab7ff2293d4200995a5ee,"Snow or hail
 

 'Could' is pronounced incorrectly",what_kind_of_weather_cooed_cooled_occur_when_is_raining_and_below_freezing_targ_05_D.wav,target,both_err,expletive 'it' dropping,/ʊ/ --> /u/; could/cooed,snow,,,,,,
11,36479fac13494ff570c1bf8b573b0ce0a2c96b63991ab7ff2293d4200995a5ee,The question does NOT need any corrections.,what_colors_can_be_on_a_traffic_light_which_often_senses_when_cars_pool_up_targ_11_B.wav,target,phon_err,have vs. be,/ʊ/ --> /u/; pulls/pools,green,nans,first,,a,,JB_1205
11,36479fac13494ff570c1bf8b573b0ce0a2c96b63991ab7ff2293d4200995a5ee,"Red, yellow, green",what_colors_can_be_on_a_traffic_light_which_often_senses_when_cars_pool_up_targ_11_B.wav,target,phon_err,have vs. be,/ʊ/ --> /u/; pulls/pools,green,,,,,,
11,36479fac13494ff570c1bf8b573b0ce0a2c96b63991ab7ff2293d4200995a5ee,I’m good — skip to the next question,what_colors_can_be_on_a_traffic_light_which_often_senses_when_cars_pool_up_targ_11_B.wav,target,phon_err,have vs. be,/ʊ/ --> /u/; pulls/pools,green,s,secsame,,,,JB_1205
11,36479fac13494ff570c1bf8b573b0ce0a2c96b63991ab7ff2293d4200995a5ee,NA,what_colors_can_be_on_a_traffic_light_which_often_senses_when_cars_pool_up_targ_11_B.wav,target,phon_err,have vs. be,/ʊ/ --> /u/; pulls/pools,green,,,,,,
11,36479fac13494ff570c1bf8b573b0ce0a2c96b63991ab7ff2293d4200995a5ee,"The question needs to be CORRECTED (Select this if you spot an error, even if you don’t know the answer).",what_musician_won_grammys_for_their_album_thriller_which_features_the_hit_song_beat_it_fill_20.wav,filler_other,NA,NA,NA,Michael Jackson,y,first,otherfill,,says 'thriller' was mispronounced,JB_1205
11,36479fac13494ff570c1bf8b573b0ce0a2c96b63991ab7ff2293d4200995a5ee,"Michael Jackson
 

 'Thriller' sounds like 'Feeler'",what_musician_won_grammys_for_their_album_thriller_which_features_the_hit_song_beat_it_fill_20.wav,filler_other,NA,NA,NA,Michael Jackson,,,,,,
11,36479fac13494ff570c1bf8b573b0ce0a2c96b63991ab7ff2293d4200995a5ee,I’m good — skip to the next question,what_musician_won_grammys_for_their_album_thriller_which_features_the_hit_song_beat_it_fill_20.wav,filler_other,NA,NA,NA,Michael Jackson,s,secsame,,,,JB_1205
11,36479fac13494ff570c1bf8b573b0ce0a2c96b63991ab7ff2293d4200995a5ee,NA,what_musician_won_grammys_for_their_album_thriller_which_features_the_hit_song_beat_it_fill_20.wav,filler_other,NA,NA,NA,Michael Jackson,,,,,,
12,377ab5db2d6d747ea8f4a967e46d437e0c972e65b402d60226afce6f8c37105a,The question does NOT need any corrections.,what_color_is_a_typical_school_bus_fill_28.wav,att_check_good,NA,NA,NA,yellow,nans,first,,a,attention check passed (7/8 correct),JB_1204
12,377ab5db2d6d747ea8f4a967e46d437e0c972e65b402d60226afce6f8c37105a,Yellow,what_color_is_a_typical_school_bus_fill_28.wav,att_check_good,NA,NA,NA,yellow,,,,,,
12,377ab5db2d6d747ea8f4a967e46d437e0c972e65b402d60226afce6f8c37105a,I’m good — skip to the next question,what_color_is_a_typical_school_bus_fill_28.wav,att_check_good,NA,NA,NA,yellow,s,secsame,,,,JB_1204
12,377ab5db2d6d747ea8f4a967e46d437e0c972e65b402d60226afce6f8c37105a,NA,what_color_is_a_typical_school_bus_fill_28.wav,att_check_good,NA,NA,NA,yellow,,,,,,
12,377ab5db2d6d747ea8f4a967e46d437e0c972e65b402d60226afce6f8c37105a,"The question needs to be CORRECTED (Select this if you spot an error, even if you don’t know the answer).",in_the_cycle_of_seasons_what_season_comes_after_dinter_fill_29.wav,att_check_err,NA,NA,NA,"Spring (Winter, sound sub that's not related)",y,first,acheckp,,,JB_1204
12,377ab5db2d6d747ea8f4a967e46d437e0c972e65b402d60226afce6f8c37105a,"""Winter"" sounds like ""denter""; Spring",in_the_cycle_of_seasons_what_season_comes_after_dinter_fill_29.wav,att_check_err,NA,NA,NA,"Spring (Winter, sound sub that's not related)",,,,,,
12,377ab5db2d6d747ea8f4a967e46d437e0c972e65b402d60226afce6f8c37105a,I’m good — skip to the next question,in_the_cycle_of_seasons_what_season_comes_after_dinter_fill_29.wav,att_check_err,NA,NA,NA,"Spring (Winter, sound sub that's not related)",s,secsame,,,,JB_1204
12,377ab5db2d6d747ea8f4a967e46d437e0c972e65b402d60226afce6f8c37105a,NA,in_the_cycle_of_seasons_what_season_comes_after_dinter_fill_29.wav,att_check_err,NA,NA,NA,"Spring (Winter, sound sub that's not related)",,,,,,
12,377ab5db2d6d747ea8f4a967e46d437e0c972e65b402d60226afce6f8c37105a,"The question needs to be CORRECTED (Select this if you spot an error, even if you don’t know the answer).",how_many_embers_were_in_the_beatles_the_british_rock_band_fill_32.wav,att_check_err,NA,NA,NA,four (members),y,first,acheckp,,,JB_1204
12,377ab5db2d6d747ea8f4a967e46d437e0c972e65b402d60226afce6f8c37105a,"""Members"" sounds like ""embers""; ""Beetles"" sounds like ""Brittles""; 4",how_many_embers_were_in_the_beatles_the_british_rock_band_fill_32.wav,att_check_err,NA,NA,NA,four (members),,,,,,
12,377ab5db2d6d747ea8f4a967e46d437e0c972e65b402d60226afce6f8c37105a,I’m good — skip to the next question,how_many_embers_were_in_the_beatles_the_british_rock_band_fill_32.wav,att_check_err,NA,NA,NA,four (members),s,secsame,,,,JB_1204
12,377ab5db2d6d747ea8f4a967e46d437e0c972e65b402d60226afce6f8c37105a,NA,how_many_embers_were_in_the_beatles_the_british_rock_band_fill_32.wav,att_check_err,NA,NA,NA,four (members),,,,,,
12,377ab5db2d6d747ea8f4a967e46d437e0c972e65b402d60226afce6f8c37105a,The question does NOT need any corrections.,what_state_is_los_angeles_located_in_fill_26.wav,att_check_good,NA,NA,NA,California,nans,first,,a,,JB_1204
12,377ab5db2d6d747ea8f4a967e46d437e0c972e65b402d60226afce6f8c37105a,California,what_state_is_los_angeles_located_in_fill_26.wav,att_check_good,NA,NA,NA,California,,,,,,
12,377ab5db2d6d747ea8f4a967e46d437e0c972e65b402d60226afce6f8c37105a,I’m good — skip to the next question,what_state_is_los_angeles_located_in_fill_26.wav,att_check_good,NA,NA,NA,California,s,secsame,,,,JB_1204
12,377ab5db2d6d747ea8f4a967e46d437e0c972e65b402d60226afce6f8c37105a,NA,what_state_is_los_angeles_located_in_fill_26.wav,att_check_good,NA,NA,NA,California,,,,,,
12,377ab5db2d6d747ea8f4a967e46d437e0c972e65b402d60226afce6f8c37105a,"The question needs to be CORRECTED (Select this if you spot an error, even if you don’t know the answer).",what_is_the_largest_plant_in_the_solar_system_fill_31.wav,att_check_err,NA,NA,NA,Jupiter (planet),y,first,acheckp,,,JB_1204
12,377ab5db2d6d747ea8f4a967e46d437e0c972e65b402d60226afce6f8c37105a,"""Planet"" sounds like ""Plant""; Jupiter",what_is_the_largest_plant_in_the_solar_system_fill_31.wav,att_check_err,NA,NA,NA,Jupiter (planet),,,,,,
12,377ab5db2d6d747ea8f4a967e46d437e0c972e65b402d60226afce6f8c37105a,I’m good — skip to the next question,what_is_the_largest_plant_in_the_solar_system_fill_31.wav,att_check_err,NA,NA,NA,Jupiter (planet),s,secsame,,,,JB_1204
12,377ab5db2d6d747ea8f4a967e46d437e0c972e65b402d60226afce6f8c37105a,NA,what_is_the_largest_plant_in_the_solar_system_fill_31.wav,att_check_err,NA,NA,NA,Jupiter (planet),,,,,,
12,377ab5db2d6d747ea8f4a967e46d437e0c972e65b402d60226afce6f8c37105a,The question does NOT need any corrections.,what_insect_undergoes_a_process_of_change_to_turn_into_a_butterfy_fill_30.wav,att_check_err,NA,NA,NA,caterpillar (butterfly),nans,first,acheckf,,,JB_1204
12,377ab5db2d6d747ea8f4a967e46d437e0c972e65b402d60226afce6f8c37105a,Catepillar,what_insect_undergoes_a_process_of_change_to_turn_into_a_butterfy_fill_30.wav,att_check_err,NA,NA,NA,caterpillar (butterfly),,,,,,
12,377ab5db2d6d747ea8f4a967e46d437e0c972e65b402d60226afce6f8c37105a,The question does NOT need any corrections.,what_insect_undergoes_a_process_of_change_to_turn_into_a_butterfy_fill_30.wav,att_check_err,NA,NA,NA,caterpillar (butterfly),nans,secsame,,,,JB_1204
12,377ab5db2d6d747ea8f4a967e46d437e0c972e65b402d60226afce6f8c37105a,Caterpillar,what_insect_undergoes_a_process_of_change_to_turn_into_a_butterfy_fill_30.wav,att_check_err,NA,NA,NA,caterpillar (butterfly),,,,,,
12,377ab5db2d6d747ea8f4a967e46d437e0c972e65b402d60226afce6f8c37105a,The question does NOT need any corrections.,how_many_legs_does_a_dog_normally_have_fill_25.wav,att_check_good,NA,NA,NA,four,nans,first,,a,,JB_1204
12,377ab5db2d6d747ea8f4a967e46d437e0c972e65b402d60226afce6f8c37105a,4,how_many_legs_does_a_dog_normally_have_fill_25.wav,att_check_good,NA,NA,NA,four,,,,,,
12,377ab5db2d6d747ea8f4a967e46d437e0c972e65b402d60226afce6f8c37105a,I’m good — skip to the next question,how_many_legs_does_a_dog_normally_have_fill_25.wav,att_check_good,NA,NA,NA,four,s,secsame,,,,JB_1204
12,377ab5db2d6d747ea8f4a967e46d437e0c972e65b402d60226afce6f8c37105a,NA,how_many_legs_does_a_dog_normally_have_fill_25.wav,att_check_good,NA,NA,NA,four,,,,,,
12,377ab5db2d6d747ea8f4a967e46d437e0c972e65b402d60226afce6f8c37105a,The question does NOT need any corrections.,what_day_of_the_week_comes_after_monday_fill_27.wav,att_check_good,NA,NA,NA,Tuesday,nans,first,,a,,JB_1204
12,377ab5db2d6d747ea8f4a967e46d437e0c972e65b402d60226afce6f8c37105a,Tuesday,what_day_of_the_week_comes_after_monday_fill_27.wav,att_check_good,NA,NA,NA,Tuesday,,,,,,
12,377ab5db2d6d747ea8f4a967e46d437e0c972e65b402d60226afce6f8c37105a,I’m good — skip to the next question,what_day_of_the_week_comes_after_monday_fill_27.wav,att_check_good,NA,NA,NA,Tuesday,s,secsame,,,,JB_1204
12,377ab5db2d6d747ea8f4a967e46d437e0c972e65b402d60226afce6f8c37105a,NA,what_day_of_the_week_comes_after_monday_fill_27.wav,att_check_good,NA,NA,NA,Tuesday,,,,,,
12,377ab5db2d6d747ea8f4a967e46d437e0c972e65b402d60226afce6f8c37105a,"The question needs to be CORRECTED (Select this if you spot an error, even if you don’t know the answer).",what_popular_us_chain_provides_a_happy_meal_toy_or_plus_when_kids_have_hungry_targ_20_D.wav,target,both_err,have vs. be,/ʃ/ --> /s/; plush/plus,McDonald's,y,first,otherp,,,JB_1205
12,377ab5db2d6d747ea8f4a967e46d437e0c972e65b402d60226afce6f8c37105a,"""popular"" sounds like ""purple""; McDonald's",what_popular_us_chain_provides_a_happy_meal_toy_or_plus_when_kids_have_hungry_targ_20_D.wav,target,both_err,have vs. be,/ʃ/ --> /s/; plush/plus,McDonald's,,,,,,
12,377ab5db2d6d747ea8f4a967e46d437e0c972e65b402d60226afce6f8c37105a,"The question needs to be CORRECTED (Select this if you spot an error, even if you don’t know the answer).",what_popular_us_chain_provides_a_happy_meal_toy_or_plus_when_kids_have_hungry_targ_20_D.wav,target,both_err,have vs. be,/ʃ/ --> /s/; plush/plus,McDonald's,y,secdiff,p,,also reports mispronunciation of 'popular',JB_1205
12,377ab5db2d6d747ea8f4a967e46d437e0c972e65b402d60226afce6f8c37105a,"""Popular"" sounds like ""purple""; ""prize"" sounds like ""plus""; McDonald's",what_popular_us_chain_provides_a_happy_meal_toy_or_plus_when_kids_have_hungry_targ_20_D.wav,target,both_err,have vs. be,/ʃ/ --> /s/; plush/plus,McDonald's,,,,,,
12,377ab5db2d6d747ea8f4a967e46d437e0c972e65b402d60226afce6f8c37105a,The question does NOT need any corrections.,what_supplies_do_you_need_to_knit_a_scarf_targ_13_A.wav,target,correct,no aux verbs in questions (lack of do support),/ɪ/ --> /i/; knit/neat,needles and yarn,nans,first,,a,,JB_1205
12,377ab5db2d6d747ea8f4a967e46d437e0c972e65b402d60226afce6f8c37105a,Yarn and knitting needles,what_supplies_do_you_need_to_knit_a_scarf_targ_13_A.wav,target,correct,no aux verbs in questions (lack of do support),/ɪ/ --> /i/; knit/neat,needles and yarn,,,,,,
12,377ab5db2d6d747ea8f4a967e46d437e0c972e65b402d60226afce6f8c37105a,"The question needs to be CORRECTED (Select this if you spot an error, even if you don’t know the answer).",what_supplies_do_you_need_to_knit_a_scarf_targ_13_A.wav,target,correct,no aux verbs in questions (lack of do support),/ɪ/ --> /i/; knit/neat,needles and yarn,y,secdiff,p,,seems to report target phonological error despite being 'correct' stimulus,JB_1205
12,377ab5db2d6d747ea8f4a967e46d437e0c972e65b402d60226afce6f8c37105a,"""need"" sounds like ""knit""; yarn and knitting needles",what_supplies_do_you_need_to_knit_a_scarf_targ_13_A.wav,target,correct,no aux verbs in questions (lack of do support),/ɪ/ --> /i/; knit/neat,needles and yarn,,,,,,
12,377ab5db2d6d747ea8f4a967e46d437e0c972e65b402d60226afce6f8c37105a,The question does NOT need any corrections.,what_colors_make_up_a_traditional_candy_cane_which_people_enjoy_to_eat_during_christmas_targ_15_C.wav,target,non_phon_err,infinitive vs. participle,/k/ --> /g/; cane/gain,red and white,nans,first,,a,,JB_1205
12,377ab5db2d6d747ea8f4a967e46d437e0c972e65b402d60226afce6f8c37105a,red and white,what_colors_make_up_a_traditional_candy_cane_which_people_enjoy_to_eat_during_christmas_targ_15_C.wav,target,non_phon_err,infinitive vs. participle,/k/ --> /g/; cane/gain,red and white,,,,,,
12,377ab5db2d6d747ea8f4a967e46d437e0c972e65b402d60226afce6f8c37105a,I’m good — skip to the next question,what_colors_make_up_a_traditional_candy_cane_which_people_enjoy_to_eat_during_christmas_targ_15_C.wav,target,non_phon_err,infinitive vs. participle,/k/ --> /g/; cane/gain,red and white,s,secsame,,,,JB_1205
12,377ab5db2d6d747ea8f4a967e46d437e0c972e65b402d60226afce6f8c37105a,NA,what_colors_make_up_a_traditional_candy_cane_which_people_enjoy_to_eat_during_christmas_targ_15_C.wav,target,non_phon_err,infinitive vs. participle,/k/ --> /g/; cane/gain,red and white,,,,,,
12,377ab5db2d6d747ea8f4a967e46d437e0c972e65b402d60226afce6f8c37105a,The question does NOT need any corrections.,what_city_have_people_rust_to_tour_to_see_where_the_us_government_does_business_targ_14_B.wav,target,phon_err,make vs. other verb,/ʃ/ --> /s/; rushed/rust,Washington D.C.,nans,first,,a,,JB_1205
12,377ab5db2d6d747ea8f4a967e46d437e0c972e65b402d60226afce6f8c37105a,Washington DC,what_city_have_people_rust_to_tour_to_see_where_the_us_government_does_business_targ_14_B.wav,target,phon_err,make vs. other verb,/ʃ/ --> /s/; rushed/rust,Washington D.C.,,,,,,
12,377ab5db2d6d747ea8f4a967e46d437e0c972e65b402d60226afce6f8c37105a,"The question needs to be CORRECTED (Select this if you spot an error, even if you don’t know the answer).",what_city_have_people_rust_to_tour_to_see_where_the_us_government_does_business_targ_14_B.wav,target,phon_err,make vs. other verb,/ʃ/ --> /s/; rushed/rust,Washington D.C.,y,secdiff,other,,generally finds something to not sound right - not specific,JB_1205
12,377ab5db2d6d747ea8f4a967e46d437e0c972e65b402d60226afce6f8c37105a,"I can't make out what needs to be corrected in the beginning, but something doesn't sound right; Washington DC",what_city_have_people_rust_to_tour_to_see_where_the_us_government_does_business_targ_14_B.wav,target,phon_err,make vs. other verb,/ʃ/ --> /s/; rushed/rust,Washington D.C.,,,,,,
12,377ab5db2d6d747ea8f4a967e46d437e0c972e65b402d60226afce6f8c37105a,The question does NOT need any corrections.,what_novel_has_the_quote_i’m_late_i’m_late_for_a_very_important_date_fill_13.wav,filler_other,NA,NA,NA,Alice in Wonderland,nans,first,,a,,JB_1205
12,377ab5db2d6d747ea8f4a967e46d437e0c972e65b402d60226afce6f8c37105a,The Rabbit in Alice and the Wonderland,what_novel_has_the_quote_i’m_late_i’m_late_for_a_very_important_date_fill_13.wav,filler_other,NA,NA,NA,Alice in Wonderland,,,,,,
12,377ab5db2d6d747ea8f4a967e46d437e0c972e65b402d60226afce6f8c37105a,I’m good — skip to the next question,what_novel_has_the_quote_i’m_late_i’m_late_for_a_very_important_date_fill_13.wav,filler_other,NA,NA,NA,Alice in Wonderland,s,secsame,,,,JB_1205
12,377ab5db2d6d747ea8f4a967e46d437e0c972e65b402d60226afce6f8c37105a,NA,what_novel_has_the_quote_i’m_late_i’m_late_for_a_very_important_date_fill_13.wav,filler_other,NA,NA,NA,Alice in Wonderland,,,,,,
12,377ab5db2d6d747ea8f4a967e46d437e0c972e65b402d60226afce6f8c37105a,"The question needs to be CORRECTED (Select this if you spot an error, even if you don’t know the answer).",if_i_consider_to_leave_work_after_the_fort_hour_how_many_minutes_would_that_be_targ_24_D.wav,target,both_err,infinitive vs. participle,/θ/ --> /t/; fourth/fort,two hundred and forty,y,first,np?,,,JB_1205
12,377ab5db2d6d747ea8f4a967e46d437e0c972e65b402d60226afce6f8c37105a,"""consider"" should be ""considered""; I don't know the answer",if_i_consider_to_leave_work_after_the_fort_hour_how_many_minutes_would_that_be_targ_24_D.wav,target,both_err,infinitive vs. participle,/θ/ --> /t/; fourth/fort,two hundred and forty,,,,,,
12,377ab5db2d6d747ea8f4a967e46d437e0c972e65b402d60226afce6f8c37105a,"The question needs to be CORRECTED (Select this if you spot an error, even if you don’t know the answer).",if_i_consider_to_leave_work_after_the_fort_hour_how_many_minutes_would_that_be_targ_24_D.wav,target,both_err,infinitive vs. participle,/θ/ --> /t/; fourth/fort,two hundred and forty,y,secdiff,both?,,saying 'consider' should be 'considered' might reflect recognition of non-phon error,JB_1205
12,377ab5db2d6d747ea8f4a967e46d437e0c972e65b402d60226afce6f8c37105a,"""Fourth"" sounds like ""fort""; ""Consider"" should be ""considered""; I don't know the answer",if_i_consider_to_leave_work_after_the_fort_hour_how_many_minutes_would_that_be_targ_24_D.wav,target,both_err,infinitive vs. participle,/θ/ --> /t/; fourth/fort,two hundred and forty,,,,,,
12,377ab5db2d6d747ea8f4a967e46d437e0c972e65b402d60226afce6f8c37105a,"The question needs to be CORRECTED (Select this if you spot an error, even if you don’t know the answer).",which_scottish_actor_first_played_james_bond_wearing_kilts_to_red_carpets_when_he_had_32_years_old_targ_03_C.wav,target,non_phon_err,have vs. be,/k/ --> /g/; kilt/guilt,Sean Connery,y,first,np,,,JB_1205
12,377ab5db2d6d747ea8f4a967e46d437e0c972e65b402d60226afce6f8c37105a,"""had"" should be ""was""; I don't know the answer",which_scottish_actor_first_played_james_bond_wearing_kilts_to_red_carpets_when_he_had_32_years_old_targ_03_C.wav,target,non_phon_err,have vs. be,/k/ --> /g/; kilt/guilt,Sean Connery,,,,,,
12,377ab5db2d6d747ea8f4a967e46d437e0c972e65b402d60226afce6f8c37105a,"The question needs to be CORRECTED (Select this if you spot an error, even if you don’t know the answer).",which_scottish_actor_first_played_james_bond_wearing_kilts_to_red_carpets_when_he_had_32_years_old_targ_03_C.wav,target,non_phon_err,have vs. be,/k/ --> /g/; kilt/guilt,Sean Connery,y,secsame,otherp,,reports mispronunciation of 'Scottish',JB_1205
12,377ab5db2d6d747ea8f4a967e46d437e0c972e65b402d60226afce6f8c37105a,"""Scottish"" sounds like ""cot""; ""had"" should be ""was"", I don't know the answer",which_scottish_actor_first_played_james_bond_wearing_kilts_to_red_carpets_when_he_had_32_years_old_targ_03_C.wav,target,non_phon_err,have vs. be,/k/ --> /g/; kilt/guilt,Sean Connery,,,,,,
12,377ab5db2d6d747ea8f4a967e46d437e0c972e65b402d60226afce6f8c37105a,"The question needs to be CORRECTED (Select this if you spot an error, even if you don’t know the answer).",which_cartoon_dog_solves_mysteries_with_the_group_fred_daphne_velma_and_shaggy_fill_10.wav,filler_other,NA,NA,NA,Scooby-Doo,y,first,otherfill,,reports mispronunciation of 'dog',JB_1205
12,377ab5db2d6d747ea8f4a967e46d437e0c972e65b402d60226afce6f8c37105a,"""dog"" sounds like ""duck""; Scooby Doo",which_cartoon_dog_solves_mysteries_with_the_group_fred_daphne_velma_and_shaggy_fill_10.wav,filler_other,NA,NA,NA,Scooby-Doo,,,,,,
12,377ab5db2d6d747ea8f4a967e46d437e0c972e65b402d60226afce6f8c37105a,The question does NOT need any corrections.,which_cartoon_dog_solves_mysteries_with_the_group_fred_daphne_velma_and_shaggy_fill_10.wav,filler_other,NA,NA,NA,Scooby-Doo,nans,secdiff,,a,,JB_1205
12,377ab5db2d6d747ea8f4a967e46d437e0c972e65b402d60226afce6f8c37105a,Scooby Doo,which_cartoon_dog_solves_mysteries_with_the_group_fred_daphne_velma_and_shaggy_fill_10.wav,filler_other,NA,NA,NA,Scooby-Doo,,,,,,
12,377ab5db2d6d747ea8f4a967e46d437e0c972e65b402d60226afce6f8c37105a,"The question does NOT need any corrections, but I don't know the answer/ I don't understand what the question is asking.",what_letter_in_the_latin_alphabet_corresponds_to_the_greek_letter_alpha_fill_01.wav,filler_other,NA,NA,NA,a,nun,first,,,,JB_1205
12,377ab5db2d6d747ea8f4a967e46d437e0c972e65b402d60226afce6f8c37105a,NA,what_letter_in_the_latin_alphabet_corresponds_to_the_greek_letter_alpha_fill_01.wav,filler_other,NA,NA,NA,a,,,,,,
12,377ab5db2d6d747ea8f4a967e46d437e0c972e65b402d60226afce6f8c37105a,"The question does NOT need any corrections, but I don't know the answer/ I don't understand what the question is asking.",what_letter_in_the_latin_alphabet_corresponds_to_the_greek_letter_alpha_fill_01.wav,filler_other,NA,NA,NA,a,nun,secsame,,,,JB_1205
12,377ab5db2d6d747ea8f4a967e46d437e0c972e65b402d60226afce6f8c37105a,NA,what_letter_in_the_latin_alphabet_corresponds_to_the_greek_letter_alpha_fill_01.wav,filler_other,NA,NA,NA,a,,,,,,
12,377ab5db2d6d747ea8f4a967e46d437e0c972e65b402d60226afce6f8c37105a,The question does NOT need any corrections.,what_neil_armstrong_say_during_his_berry_first_steps_on_the_moon_targ_04_D.wav,target,both_err,no aux verbs in questions (lack of do support),/v/ --> /b/; very/berry,"""That's one small step for man, one giant leap for mankind.""",nans,first,,a,,JB_1205
12,377ab5db2d6d747ea8f4a967e46d437e0c972e65b402d60226afce6f8c37105a,"""That's one small step for man, one giant leap for mankind.""",what_neil_armstrong_say_during_his_berry_first_steps_on_the_moon_targ_04_D.wav,target,both_err,no aux verbs in questions (lack of do support),/v/ --> /b/; very/berry,"""That's one small step for man, one giant leap for mankind.""",,,,,,
12,377ab5db2d6d747ea8f4a967e46d437e0c972e65b402d60226afce6f8c37105a,The question does NOT need any corrections.,what_neil_armstrong_say_during_his_berry_first_steps_on_the_moon_targ_04_D.wav,target,both_err,no aux verbs in questions (lack of do support),/v/ --> /b/; very/berry,"""That's one small step for man, one giant leap for mankind.""",nans,secsame,,,,JB_1205
12,377ab5db2d6d747ea8f4a967e46d437e0c972e65b402d60226afce6f8c37105a,"""That's one small step for man, and one big leap for mankind.""",what_neil_armstrong_say_during_his_berry_first_steps_on_the_moon_targ_04_D.wav,target,both_err,no aux verbs in questions (lack of do support),/v/ --> /b/; very/berry,"""That's one small step for man, one giant leap for mankind.""",,,,,,
12,377ab5db2d6d747ea8f4a967e46d437e0c972e65b402d60226afce6f8c37105a,"The question does NOT need any corrections, but I don't know the answer/ I don't understand what the question is asking.",what_big_star_in_our_solar_system_can_still_be_visible_when_is_cloudy_targ_19_C.wav,target,non_phon_err,expletive 'it' dropping,/ɪ/ --> /i/; still/steal,the Sun,nun,first,,,,JB_1205
12,377ab5db2d6d747ea8f4a967e46d437e0c972e65b402d60226afce6f8c37105a,NA,what_big_star_in_our_solar_system_can_still_be_visible_when_is_cloudy_targ_19_C.wav,target,non_phon_err,expletive 'it' dropping,/ɪ/ --> /i/; still/steal,the Sun,,,,,,
12,377ab5db2d6d747ea8f4a967e46d437e0c972e65b402d60226afce6f8c37105a,"The question does NOT need any corrections, but I don't know the answer/ I don't understand what the question is asking.",what_big_star_in_our_solar_system_can_still_be_visible_when_is_cloudy_targ_19_C.wav,target,non_phon_err,expletive 'it' dropping,/ɪ/ --> /i/; still/steal,the Sun,nun,secsame,,,,JB_1205
12,377ab5db2d6d747ea8f4a967e46d437e0c972e65b402d60226afce6f8c37105a,NA,what_big_star_in_our_solar_system_can_still_be_visible_when_is_cloudy_targ_19_C.wav,target,non_phon_err,expletive 'it' dropping,/ɪ/ --> /i/; still/steal,the Sun,,,,,,
12,377ab5db2d6d747ea8f4a967e46d437e0c972e65b402d60226afce6f8c37105a,"The question needs to be CORRECTED (Select this if you spot an error, even if you don’t know the answer).",because_is_important_to_honor_the_iris_saint_what_holiday_occurs_on_march_17th_targ_08_D.wav,target,both_err,expletive 'it' dropping,/ʃ/ --> /s/; Irish/iris,St. Patrick's Day,y,first,otherp,,reports mispronunciation of 'because',JB_1205
12,377ab5db2d6d747ea8f4a967e46d437e0c972e65b402d60226afce6f8c37105a,"""Because"" sounds like ""the cause""; Saint Patrick's Day",because_is_important_to_honor_the_iris_saint_what_holiday_occurs_on_march_17th_targ_08_D.wav,target,both_err,expletive 'it' dropping,/ʃ/ --> /s/; Irish/iris,St. Patrick's Day,,,,,,
12,377ab5db2d6d747ea8f4a967e46d437e0c972e65b402d60226afce6f8c37105a,"The question needs to be CORRECTED (Select this if you spot an error, even if you don’t know the answer).",because_is_important_to_honor_the_iris_saint_what_holiday_occurs_on_march_17th_targ_08_D.wav,target,both_err,expletive 'it' dropping,/ʃ/ --> /s/; Irish/iris,St. Patrick's Day,y,secsame,p,,,JB_1205
12,377ab5db2d6d747ea8f4a967e46d437e0c972e65b402d60226afce6f8c37105a,"""Irish"" sounds like ""iris""; ""Because"" sounds like ""the cause""; Saint Patrick's Day",because_is_important_to_honor_the_iris_saint_what_holiday_occurs_on_march_17th_targ_08_D.wav,target,both_err,expletive 'it' dropping,/ʃ/ --> /s/; Irish/iris,St. Patrick's Day,,,,,,
12,377ab5db2d6d747ea8f4a967e46d437e0c972e65b402d60226afce6f8c37105a,"The question needs to be CORRECTED (Select this if you spot an error, even if you don’t know the answer).",what_mythical_creatures_have_been_said_to_drink_blood_turn_into_bats_and_hate_onions_fill_14.wav,filler_other,NA,NA,NA,vampires,y,first,otherfill,,reports general difficulty understanding and mispronunciation of 'said',JB_1205
12,377ab5db2d6d747ea8f4a967e46d437e0c972e65b402d60226afce6f8c37105a,"I couldn't make out the correction, but something doesn't sound right in the middle; Vampires",what_mythical_creatures_have_been_said_to_drink_blood_turn_into_bats_and_hate_onions_fill_14.wav,filler_other,NA,NA,NA,vampires,,,,,,
12,377ab5db2d6d747ea8f4a967e46d437e0c972e65b402d60226afce6f8c37105a,"The question needs to be CORRECTED (Select this if you spot an error, even if you don’t know the answer).",what_mythical_creatures_have_been_said_to_drink_blood_turn_into_bats_and_hate_onions_fill_14.wav,filler_other,NA,NA,NA,vampires,y,secsame,otherfill,,,JB_1205
12,377ab5db2d6d747ea8f4a967e46d437e0c972e65b402d60226afce6f8c37105a,"""Said"" sounds like ""sip""; Vampires",what_mythical_creatures_have_been_said_to_drink_blood_turn_into_bats_and_hate_onions_fill_14.wav,filler_other,NA,NA,NA,vampires,,,,,,
12,377ab5db2d6d747ea8f4a967e46d437e0c972e65b402d60226afce6f8c37105a,The question does NOT need any corrections.,for_what_pink_ice_cream_flavor_will_companies_do_their_best_to_use_real_fruit_targ_01_A.wav,target,correct,make vs. other verb,/ɪ/ --> /i/; will/wheel,strawberry,nans,first,,a,,JB_1205
12,377ab5db2d6d747ea8f4a967e46d437e0c972e65b402d60226afce6f8c37105a,Strawberry,for_what_pink_ice_cream_flavor_will_companies_do_their_best_to_use_real_fruit_targ_01_A.wav,target,correct,make vs. other verb,/ɪ/ --> /i/; will/wheel,strawberry,,,,,,
12,377ab5db2d6d747ea8f4a967e46d437e0c972e65b402d60226afce6f8c37105a,I’m good — skip to the next question,for_what_pink_ice_cream_flavor_will_companies_do_their_best_to_use_real_fruit_targ_01_A.wav,target,correct,make vs. other verb,/ɪ/ --> /i/; will/wheel,strawberry,s,secsame,,,,JB_1205
12,377ab5db2d6d747ea8f4a967e46d437e0c972e65b402d60226afce6f8c37105a,NA,for_what_pink_ice_cream_flavor_will_companies_do_their_best_to_use_real_fruit_targ_01_A.wav,target,correct,make vs. other verb,/ɪ/ --> /i/; will/wheel,strawberry,,,,,,
12,377ab5db2d6d747ea8f4a967e46d437e0c972e65b402d60226afce6f8c37105a,The question does NOT need any corrections.,which_british_celebrity_judge_often_harshly_critiqued_contestants_on_the_nationwide_singing_contest_american_idol_fill_03.wav,filler_other,NA,NA,NA,Simon Cowell,nans,first,,a,,JB_1205
12,377ab5db2d6d747ea8f4a967e46d437e0c972e65b402d60226afce6f8c37105a,Simon Cowell,which_british_celebrity_judge_often_harshly_critiqued_contestants_on_the_nationwide_singing_contest_american_idol_fill_03.wav,filler_other,NA,NA,NA,Simon Cowell,,,,,,
12,377ab5db2d6d747ea8f4a967e46d437e0c972e65b402d60226afce6f8c37105a,I’m good — skip to the next question,which_british_celebrity_judge_often_harshly_critiqued_contestants_on_the_nationwide_singing_contest_american_idol_fill_03.wav,filler_other,NA,NA,NA,Simon Cowell,s,secsame,,,,JB_1205
12,377ab5db2d6d747ea8f4a967e46d437e0c972e65b402d60226afce6f8c37105a,NA,which_british_celebrity_judge_often_harshly_critiqued_contestants_on_the_nationwide_singing_contest_american_idol_fill_03.wav,filler_other,NA,NA,NA,Simon Cowell,,,,,,
12,377ab5db2d6d747ea8f4a967e46d437e0c972e65b402d60226afce6f8c37105a,The question does NOT need any corrections.,which_cartoon_character_works_at_the_krusty_krab_and_is_best_friends_with_patrick_star_fill_04.wav,filler_other,NA,NA,NA,Spongebob,nans,first,,a,,JB_1205
12,377ab5db2d6d747ea8f4a967e46d437e0c972e65b402d60226afce6f8c37105a,Spongebob,which_cartoon_character_works_at_the_krusty_krab_and_is_best_friends_with_patrick_star_fill_04.wav,filler_other,NA,NA,NA,Spongebob,,,,,,
12,377ab5db2d6d747ea8f4a967e46d437e0c972e65b402d60226afce6f8c37105a,I’m good — skip to the next question,which_cartoon_character_works_at_the_krusty_krab_and_is_best_friends_with_patrick_star_fill_04.wav,filler_other,NA,NA,NA,Spongebob,s,secsame,,,,JB_1205
12,377ab5db2d6d747ea8f4a967e46d437e0c972e65b402d60226afce6f8c37105a,NA,which_cartoon_character_works_at_the_krusty_krab_and_is_best_friends_with_patrick_star_fill_04.wav,filler_other,NA,NA,NA,Spongebob,,,,,,
12,377ab5db2d6d747ea8f4a967e46d437e0c972e65b402d60226afce6f8c37105a,"The question does NOT need any corrections, but I don't know the answer/ I don't understand what the question is asking.",what_animal_is_typically_white_with_black_spots_and_says_moo_fill_21.wav,filler_other,NA,NA,NA,a cow,nun,first,,,,JB_1205
12,377ab5db2d6d747ea8f4a967e46d437e0c972e65b402d60226afce6f8c37105a,NA,what_animal_is_typically_white_with_black_spots_and_says_moo_fill_21.wav,filler_other,NA,NA,NA,a cow,,,,,,
12,377ab5db2d6d747ea8f4a967e46d437e0c972e65b402d60226afce6f8c37105a,"The question needs to be CORRECTED (Select this if you spot an error, even if you don’t know the answer).",what_animal_is_typically_white_with_black_spots_and_says_moo_fill_21.wav,filler_other,NA,NA,NA,a cow,y,secdiff,otherfill,,reports mispronunciation of 'mole',JB_1205
12,377ab5db2d6d747ea8f4a967e46d437e0c972e65b402d60226afce6f8c37105a,"""Moo"" sounds like ""mole""; Cow",what_animal_is_typically_white_with_black_spots_and_says_moo_fill_21.wav,filler_other,NA,NA,NA,a cow,,,,,,
12,377ab5db2d6d747ea8f4a967e46d437e0c972e65b402d60226afce6f8c37105a,The question does NOT need any corrections.,what_us_holiday_is_often_celebrated_with_fireworks_and_hotdogs_to_honor_americas_freedom_fill_17.wav,filler_other,NA,NA,NA,Independence Day,nans,first,,a,,JB_1205
12,377ab5db2d6d747ea8f4a967e46d437e0c972e65b402d60226afce6f8c37105a,Independence Day (July 4th),what_us_holiday_is_often_celebrated_with_fireworks_and_hotdogs_to_honor_americas_freedom_fill_17.wav,filler_other,NA,NA,NA,Independence Day,,,,,,
12,377ab5db2d6d747ea8f4a967e46d437e0c972e65b402d60226afce6f8c37105a,"The question needs to be CORRECTED (Select this if you spot an error, even if you don’t know the answer).",what_us_holiday_is_often_celebrated_with_fireworks_and_hotdogs_to_honor_americas_freedom_fill_17.wav,filler_other,NA,NA,NA,Independence Day,y,secdiff,otherfill,,reports mispronunciation of 'US',JB_1205
12,377ab5db2d6d747ea8f4a967e46d437e0c972e65b402d60226afce6f8c37105a,"""US"" sounds like ""years""; Independence Day (July 4th)",what_us_holiday_is_often_celebrated_with_fireworks_and_hotdogs_to_honor_americas_freedom_fill_17.wav,filler_other,NA,NA,NA,Independence Day,,,,,,
12,377ab5db2d6d747ea8f4a967e46d437e0c972e65b402d60226afce6f8c37105a,"The question needs to be CORRECTED (Select this if you spot an error, even if you don’t know the answer).",which_tropical_fruit_that_grows_on_palm_trees_is_used_for_oils_and_milks_fill_18.wav,filler_other,NA,NA,NA,coconuts,y,first,otherfill,,reports general difficulty understanding and mispronunciation of 'oils',JB_1205
12,377ab5db2d6d747ea8f4a967e46d437e0c972e65b402d60226afce6f8c37105a,I didn't understand the 3rd to the last word; Coconut,which_tropical_fruit_that_grows_on_palm_trees_is_used_for_oils_and_milks_fill_18.wav,filler_other,NA,NA,NA,coconuts,,,,,,
12,377ab5db2d6d747ea8f4a967e46d437e0c972e65b402d60226afce6f8c37105a,"The question needs to be CORRECTED (Select this if you spot an error, even if you don’t know the answer).",which_tropical_fruit_that_grows_on_palm_trees_is_used_for_oils_and_milks_fill_18.wav,filler_other,NA,NA,NA,coconuts,y,secsame,otherfill,,,JB_1205
12,377ab5db2d6d747ea8f4a967e46d437e0c972e65b402d60226afce6f8c37105a,"""Oils"" sounds like ""ols""; Coconut",which_tropical_fruit_that_grows_on_palm_trees_is_used_for_oils_and_milks_fill_18.wav,filler_other,NA,NA,NA,coconuts,,,,,,
12,377ab5db2d6d747ea8f4a967e46d437e0c972e65b402d60226afce6f8c37105a,"The question needs to be CORRECTED (Select this if you spot an error, even if you don’t know the answer).",what_childrens_game_makes_people_sit_down_quickly_when_the_music_loud_stops_targ_07_C.wav,target,non_phon_err,adj/noun order,/ɪ/ --> /i/; sit/seat,musical chairs,y,first,np,,,JB_1205
12,377ab5db2d6d747ea8f4a967e46d437e0c972e65b402d60226afce6f8c37105a,"I couldn't understand ""when the music ____ stops""; Musical Chairs",what_childrens_game_makes_people_sit_down_quickly_when_the_music_loud_stops_targ_07_C.wav,target,non_phon_err,adj/noun order,/ɪ/ --> /i/; sit/seat,musical chairs,,,,,,
12,377ab5db2d6d747ea8f4a967e46d437e0c972e65b402d60226afce6f8c37105a,"The question needs to be CORRECTED (Select this if you spot an error, even if you don’t know the answer).",what_childrens_game_makes_people_sit_down_quickly_when_the_music_loud_stops_targ_07_C.wav,target,non_phon_err,adj/noun order,/ɪ/ --> /i/; sit/seat,musical chairs,y,secsame,,,,JB_1205
12,377ab5db2d6d747ea8f4a967e46d437e0c972e65b402d60226afce6f8c37105a,"It sounds like ""loud"" before ""music stops"" but it doesn't make sense; Musical Chairs",what_childrens_game_makes_people_sit_down_quickly_when_the_music_loud_stops_targ_07_C.wav,target,non_phon_err,adj/noun order,/ɪ/ --> /i/; sit/seat,musical chairs,,,,,,
12,377ab5db2d6d747ea8f4a967e46d437e0c972e65b402d60226afce6f8c37105a,"The question does NOT need any corrections, but I don't know the answer/ I don't understand what the question is asking.",who_did_americans_boat_for_to_be_their_first_president_who_avoided_serving_three_terms_targ_10_B.wav,target,phon_err,infinitive vs. participle,/v/ --> /b/; vote/boat,George Washington,nun,first,,,,JB_1205
12,377ab5db2d6d747ea8f4a967e46d437e0c972e65b402d60226afce6f8c37105a,NA,who_did_americans_boat_for_to_be_their_first_president_who_avoided_serving_three_terms_targ_10_B.wav,target,phon_err,infinitive vs. participle,/v/ --> /b/; vote/boat,George Washington,,,,,,
12,377ab5db2d6d747ea8f4a967e46d437e0c972e65b402d60226afce6f8c37105a,"The question does NOT need any corrections, but I don't know the answer/ I don't understand what the question is asking.",who_did_americans_boat_for_to_be_their_first_president_who_avoided_serving_three_terms_targ_10_B.wav,target,phon_err,infinitive vs. participle,/v/ --> /b/; vote/boat,George Washington,nun,secsame,,,,JB_1205
12,377ab5db2d6d747ea8f4a967e46d437e0c972e65b402d60226afce6f8c37105a,NA,who_did_americans_boat_for_to_be_their_first_president_who_avoided_serving_three_terms_targ_10_B.wav,target,phon_err,infinitive vs. participle,/v/ --> /b/; vote/boat,George Washington,,,,,,
12,377ab5db2d6d747ea8f4a967e46d437e0c972e65b402d60226afce6f8c37105a,"The question does NOT need any corrections, but I don't know the answer/ I don't understand what the question is asking.",what_colors_can_have_on_a_traffic_light_which_often_senses_when_cars_pull_up_targ_11_C.wav,target,non_phon_err,have vs. be,/ʊ/ --> /u/; pulls/pools,green,nun,first,,,,JB_1205
12,377ab5db2d6d747ea8f4a967e46d437e0c972e65b402d60226afce6f8c37105a,NA,what_colors_can_have_on_a_traffic_light_which_often_senses_when_cars_pull_up_targ_11_C.wav,target,non_phon_err,have vs. be,/ʊ/ --> /u/; pulls/pools,green,,,,,,
12,377ab5db2d6d747ea8f4a967e46d437e0c972e65b402d60226afce6f8c37105a,"The question needs to be CORRECTED (Select this if you spot an error, even if you don’t know the answer).",what_colors_can_have_on_a_traffic_light_which_often_senses_when_cars_pull_up_targ_11_C.wav,target,non_phon_err,have vs. be,/ʊ/ --> /u/; pulls/pools,green,y,secdiff,other,,not specific,JB_1205
12,377ab5db2d6d747ea8f4a967e46d437e0c972e65b402d60226afce6f8c37105a,"I don't know the answer because I don't understand what's being asked. Something needs to be corrected, but I can't make out what.",what_colors_can_have_on_a_traffic_light_which_often_senses_when_cars_pull_up_targ_11_C.wav,target,non_phon_err,have vs. be,/ʊ/ --> /u/; pulls/pools,green,,,,,,
12,377ab5db2d6d747ea8f4a967e46d437e0c972e65b402d60226afce6f8c37105a,"The question needs to be CORRECTED (Select this if you spot an error, even if you don’t know the answer).",how_many_legs_does_a_canadian_garden_spider_whose_silk_can_make_clot_have_targ_06_B.wav,target,phon_err,adj/noun order,/θ/ --> /t/; cloth/clot,eight,y,first,other,,not specific,JB_1205
12,377ab5db2d6d747ea8f4a967e46d437e0c972e65b402d60226afce6f8c37105a,"I need to here it again, the end sounds like it needs a correction.; 8",how_many_legs_does_a_canadian_garden_spider_whose_silk_can_make_clot_have_targ_06_B.wav,target,phon_err,adj/noun order,/θ/ --> /t/; cloth/clot,eight,,,,,,
12,377ab5db2d6d747ea8f4a967e46d437e0c972e65b402d60226afce6f8c37105a,I’m good — skip to the next question,how_many_legs_does_a_canadian_garden_spider_whose_silk_can_make_clot_have_targ_06_B.wav,target,phon_err,adj/noun order,/θ/ --> /t/; cloth/clot,eight,s,secsame,,,,JB_1205
12,377ab5db2d6d747ea8f4a967e46d437e0c972e65b402d60226afce6f8c37105a,NA,how_many_legs_does_a_canadian_garden_spider_whose_silk_can_make_clot_have_targ_06_B.wav,target,phon_err,adj/noun order,/θ/ --> /t/; cloth/clot,eight,,,,,,
12,377ab5db2d6d747ea8f4a967e46d437e0c972e65b402d60226afce6f8c37105a,The question does NOT need any corrections.,how_many_days_would_my_tandem_bike_be_gone_if_someone_borrows_it_for_july_targ_17_A.wav,target,correct,adj/noun order,/ʊ/ --> /u/; would/wooed,thirty-one days,nans,first,,a,,JB_1205
12,377ab5db2d6d747ea8f4a967e46d437e0c972e65b402d60226afce6f8c37105a,There are 31 days in July,how_many_days_would_my_tandem_bike_be_gone_if_someone_borrows_it_for_july_targ_17_A.wav,target,correct,adj/noun order,/ʊ/ --> /u/; would/wooed,thirty-one days,,,,,,
12,377ab5db2d6d747ea8f4a967e46d437e0c972e65b402d60226afce6f8c37105a,The question does NOT need any corrections.,how_many_days_would_my_tandem_bike_be_gone_if_someone_borrows_it_for_july_targ_17_A.wav,target,correct,adj/noun order,/ʊ/ --> /u/; would/wooed,thirty-one days,nans,secsame,,twice,,JB_1205
12,377ab5db2d6d747ea8f4a967e46d437e0c972e65b402d60226afce6f8c37105a,31 days,how_many_days_would_my_tandem_bike_be_gone_if_someone_borrows_it_for_july_targ_17_A.wav,target,correct,adj/noun order,/ʊ/ --> /u/; would/wooed,thirty-one days,,,,,,
12,377ab5db2d6d747ea8f4a967e46d437e0c972e65b402d60226afce6f8c37105a,The question does NOT need any corrections.,in_the_famous_dr_seuss_book_what_orange_and_yellow_character_speaks_for_the_trees_fill_23.wav,filler_other,NA,NA,NA,the Lorax,nans,first,,a,,JB_1205
12,377ab5db2d6d747ea8f4a967e46d437e0c972e65b402d60226afce6f8c37105a,The Lorax,in_the_famous_dr_seuss_book_what_orange_and_yellow_character_speaks_for_the_trees_fill_23.wav,filler_other,NA,NA,NA,the Lorax,,,,,,
12,377ab5db2d6d747ea8f4a967e46d437e0c972e65b402d60226afce6f8c37105a,I’m good — skip to the next question,in_the_famous_dr_seuss_book_what_orange_and_yellow_character_speaks_for_the_trees_fill_23.wav,filler_other,NA,NA,NA,the Lorax,s,secsame,,,,JB_1205
12,377ab5db2d6d747ea8f4a967e46d437e0c972e65b402d60226afce6f8c37105a,NA,in_the_famous_dr_seuss_book_what_orange_and_yellow_character_speaks_for_the_trees_fill_23.wav,filler_other,NA,NA,NA,the Lorax,,,,,,
12,377ab5db2d6d747ea8f4a967e46d437e0c972e65b402d60226afce6f8c37105a,The question does NOT need any corrections.,if_youre_on_a_pat_from_california_to_hawaii_which_ocean_you_go_through_targ_12_D.wav,target,both_err,no aux verbs in questions (lack of do support),/θ/ --> /t/; path/pat,Pacific Ocean,nans,first,,a,,JB_1205
12,377ab5db2d6d747ea8f4a967e46d437e0c972e65b402d60226afce6f8c37105a,Pacific,if_youre_on_a_pat_from_california_to_hawaii_which_ocean_you_go_through_targ_12_D.wav,target,both_err,no aux verbs in questions (lack of do support),/θ/ --> /t/; path/pat,Pacific Ocean,,,,,,
12,377ab5db2d6d747ea8f4a967e46d437e0c972e65b402d60226afce6f8c37105a,"The question needs to be CORRECTED (Select this if you spot an error, even if you don’t know the answer).",if_youre_on_a_pat_from_california_to_hawaii_which_ocean_you_go_through_targ_12_D.wav,target,both_err,no aux verbs in questions (lack of do support),/θ/ --> /t/; path/pat,Pacific Ocean,y,secdiff,p?,,"unsure exactly what is being referred to, but could potentially be referring to phon error",JB_1205
12,377ab5db2d6d747ea8f4a967e46d437e0c972e65b402d60226afce6f8c37105a,"""depart"" sounds like ""an apart""; The Pacific Ocean",if_youre_on_a_pat_from_california_to_hawaii_which_ocean_you_go_through_targ_12_D.wav,target,both_err,no aux verbs in questions (lack of do support),/θ/ --> /t/; path/pat,Pacific Ocean,,,,,,
12,377ab5db2d6d747ea8f4a967e46d437e0c972e65b402d60226afce6f8c37105a,The question does NOT need any corrections.,what_is_the_name_of_the_comic_strip_featuring_charlie_brown_and_his_dog_snoopy_fill_06.wav,filler_other,NA,NA,NA,Peanuts,nans,first,,a,,JB_1205
12,377ab5db2d6d747ea8f4a967e46d437e0c972e65b402d60226afce6f8c37105a,Peanuts,what_is_the_name_of_the_comic_strip_featuring_charlie_brown_and_his_dog_snoopy_fill_06.wav,filler_other,NA,NA,NA,Peanuts,,,,,,
12,377ab5db2d6d747ea8f4a967e46d437e0c972e65b402d60226afce6f8c37105a,I’m good — skip to the next question,what_is_the_name_of_the_comic_strip_featuring_charlie_brown_and_his_dog_snoopy_fill_06.wav,filler_other,NA,NA,NA,Peanuts,s,secsame,,,,JB_1205
12,377ab5db2d6d747ea8f4a967e46d437e0c972e65b402d60226afce6f8c37105a,NA,what_is_the_name_of_the_comic_strip_featuring_charlie_brown_and_his_dog_snoopy_fill_06.wav,filler_other,NA,NA,NA,Peanuts,,,,,,
12,377ab5db2d6d747ea8f4a967e46d437e0c972e65b402d60226afce6f8c37105a,"The question needs to be CORRECTED (Select this if you spot an error, even if you don’t know the answer).",who_discovered_the_law_of_universal_gravitation_which_accounts_for_why_objects_naturally_fall_downwards_fill_15.wav,filler_other,NA,NA,NA,Isaac Newton,y,first,otherfill,,reports various mispronunciations,JB_1205
12,377ab5db2d6d747ea8f4a967e46d437e0c972e65b402d60226afce6f8c37105a,"""law"" sounds off, ""fall"" sounds like ""full"", I don't know the answer",who_discovered_the_law_of_universal_gravitation_which_accounts_for_why_objects_naturally_fall_downwards_fill_15.wav,filler_other,NA,NA,NA,Isaac Newton,,,,,,
12,377ab5db2d6d747ea8f4a967e46d437e0c972e65b402d60226afce6f8c37105a,I’m good — skip to the next question,who_discovered_the_law_of_universal_gravitation_which_accounts_for_why_objects_naturally_fall_downwards_fill_15.wav,filler_other,NA,NA,NA,Isaac Newton,s,secsame,,,,JB_1205
12,377ab5db2d6d747ea8f4a967e46d437e0c972e65b402d60226afce6f8c37105a,NA,who_discovered_the_law_of_universal_gravitation_which_accounts_for_why_objects_naturally_fall_downwards_fill_15.wav,filler_other,NA,NA,NA,Isaac Newton,,,,,,
12,377ab5db2d6d747ea8f4a967e46d437e0c972e65b402d60226afce6f8c37105a,"The question does NOT need any corrections, but I don't know the answer/ I don't understand what the question is asking.",what_term_refers_to_armored_men_who_enjoyed_carrying_medieval_swords_that_class_in_combat_targ_02_B.wav,target,phon_err,infinitive vs. participle,/ʃ/ --> /s/; clash/class,knights,nun,first,,,,JB_1205
12,377ab5db2d6d747ea8f4a967e46d437e0c972e65b402d60226afce6f8c37105a,NA,what_term_refers_to_armored_men_who_enjoyed_carrying_medieval_swords_that_class_in_combat_targ_02_B.wav,target,phon_err,infinitive vs. participle,/ʃ/ --> /s/; clash/class,knights,,,,,,
12,377ab5db2d6d747ea8f4a967e46d437e0c972e65b402d60226afce6f8c37105a,"The question needs to be CORRECTED (Select this if you spot an error, even if you don’t know the answer).",what_term_refers_to_armored_men_who_enjoyed_carrying_medieval_swords_that_class_in_combat_targ_02_B.wav,target,phon_err,infinitive vs. participle,/ʃ/ --> /s/; clash/class,knights,y,secdiff,other,,not specific,JB_1205
12,377ab5db2d6d747ea8f4a967e46d437e0c972e65b402d60226afce6f8c37105a,"I don't know what this question is asking. It sounds like there are many corrections needed, but I can't make them out.",what_term_refers_to_armored_men_who_enjoyed_carrying_medieval_swords_that_class_in_combat_targ_02_B.wav,target,phon_err,infinitive vs. participle,/ʃ/ --> /s/; clash/class,knights,,,,,,
12,377ab5db2d6d747ea8f4a967e46d437e0c972e65b402d60226afce6f8c37105a,"The question needs to be CORRECTED (Select this if you spot an error, even if you don’t know the answer).",if_laundry_service_will_come_in_five_days_and_todays_thursday_when_are_they_doing_laundry_next_targ_09_A.wav,target,correct,make vs. other verb,/k/ --> /g/; come/gum,Tuesday,y,first,otherp,,reports mispronunciation of 'laundry',JB_1205
12,377ab5db2d6d747ea8f4a967e46d437e0c972e65b402d60226afce6f8c37105a,"The first ""Laundry"" sounds like ""landery""; Tuesday",if_laundry_service_will_come_in_five_days_and_todays_thursday_when_are_they_doing_laundry_next_targ_09_A.wav,target,correct,make vs. other verb,/k/ --> /g/; come/gum,Tuesday,,,,,,
12,377ab5db2d6d747ea8f4a967e46d437e0c972e65b402d60226afce6f8c37105a,I’m good — skip to the next question,if_laundry_service_will_come_in_five_days_and_todays_thursday_when_are_they_doing_laundry_next_targ_09_A.wav,target,correct,make vs. other verb,/k/ --> /g/; come/gum,Tuesday,s,secsame,,,,JB_1205
12,377ab5db2d6d747ea8f4a967e46d437e0c972e65b402d60226afce6f8c37105a,NA,if_laundry_service_will_come_in_five_days_and_todays_thursday_when_are_they_doing_laundry_next_targ_09_A.wav,target,correct,make vs. other verb,/k/ --> /g/; come/gum,Tuesday,,,,,,
12,377ab5db2d6d747ea8f4a967e46d437e0c972e65b402d60226afce6f8c37105a,The question does NOT need any corrections.,which_fast_food_chain_offers_foot-long_sandwiches_and_has_the_slogan_eat_fresh_fill_11.wav,filler_other,NA,NA,NA,Subway,nans,first,,a,,JB_1205
12,377ab5db2d6d747ea8f4a967e46d437e0c972e65b402d60226afce6f8c37105a,Subway,which_fast_food_chain_offers_foot-long_sandwiches_and_has_the_slogan_eat_fresh_fill_11.wav,filler_other,NA,NA,NA,Subway,,,,,,
12,377ab5db2d6d747ea8f4a967e46d437e0c972e65b402d60226afce6f8c37105a,I’m good — skip to the next question,which_fast_food_chain_offers_foot-long_sandwiches_and_has_the_slogan_eat_fresh_fill_11.wav,filler_other,NA,NA,NA,Subway,s,secsame,,,,JB_1205
12,377ab5db2d6d747ea8f4a967e46d437e0c972e65b402d60226afce6f8c37105a,NA,which_fast_food_chain_offers_foot-long_sandwiches_and_has_the_slogan_eat_fresh_fill_11.wav,filler_other,NA,NA,NA,Subway,,,,,,
12,377ab5db2d6d747ea8f4a967e46d437e0c972e65b402d60226afce6f8c37105a,"The question needs to be CORRECTED (Select this if you spot an error, even if you don’t know the answer).",which_body_part_did_van_gogh_allegedly_cut_off_after_an_argument_with_his_friend_fill_05.wav,filler_other,NA,NA,NA,ear,y,first,otherp,,reports mispronunciation of 'body',JB_1205
12,377ab5db2d6d747ea8f4a967e46d437e0c972e65b402d60226afce6f8c37105a,"""Body"" sounds like ""Audi""; His ear",which_body_part_did_van_gogh_allegedly_cut_off_after_an_argument_with_his_friend_fill_05.wav,filler_other,NA,NA,NA,ear,,,,,,
12,377ab5db2d6d747ea8f4a967e46d437e0c972e65b402d60226afce6f8c37105a,I’m good — skip to the next question,which_body_part_did_van_gogh_allegedly_cut_off_after_an_argument_with_his_friend_fill_05.wav,filler_other,NA,NA,NA,ear,s,secsame,,,,JB_1205
12,377ab5db2d6d747ea8f4a967e46d437e0c972e65b402d60226afce6f8c37105a,NA,which_body_part_did_van_gogh_allegedly_cut_off_after_an_argument_with_his_friend_fill_05.wav,filler_other,NA,NA,NA,ear,,,,,,
12,377ab5db2d6d747ea8f4a967e46d437e0c972e65b402d60226afce6f8c37105a,The question does NOT need any corrections.,what_kind_of_weather_could_occur_when_it_is_raining_and_below_freezing_targ_05_A.wav,target,correct,expletive 'it' dropping,/ʊ/ --> /u/; could/cooed,snow,nans,first,,a,,JB_1205
12,377ab5db2d6d747ea8f4a967e46d437e0c972e65b402d60226afce6f8c37105a,Snow or Sleet,what_kind_of_weather_could_occur_when_it_is_raining_and_below_freezing_targ_05_A.wav,target,correct,expletive 'it' dropping,/ʊ/ --> /u/; could/cooed,snow,,,,,,
12,377ab5db2d6d747ea8f4a967e46d437e0c972e65b402d60226afce6f8c37105a,"The question needs to be CORRECTED (Select this if you spot an error, even if you don’t know the answer).",what_kind_of_weather_could_occur_when_it_is_raining_and_below_freezing_targ_05_A.wav,target,correct,expletive 'it' dropping,/ʊ/ --> /u/; could/cooed,snow,y,secdiff,otherp,,reports mispronunciation of 'occur',JB_1205
12,377ab5db2d6d747ea8f4a967e46d437e0c972e65b402d60226afce6f8c37105a,"""Occur"" sounds like ""ocure""; Sleet or Snow",what_kind_of_weather_could_occur_when_it_is_raining_and_below_freezing_targ_05_A.wav,target,correct,expletive 'it' dropping,/ʊ/ --> /u/; could/cooed,snow,,,,,,
12,377ab5db2d6d747ea8f4a967e46d437e0c972e65b402d60226afce6f8c37105a,"The question does NOT need any corrections, but I don't know the answer/ I don't understand what the question is asking.",what_company_created_the_macbook_a_device_full_of_features_to_help_students_make_homework_targ_23_C.wav,target,non_phon_err,make vs. other verb,/ʊ/ --> /u/; full/fool,Apple,nun,first,,,,JB_1205
12,377ab5db2d6d747ea8f4a967e46d437e0c972e65b402d60226afce6f8c37105a,NA,what_company_created_the_macbook_a_device_full_of_features_to_help_students_make_homework_targ_23_C.wav,target,non_phon_err,make vs. other verb,/ʊ/ --> /u/; full/fool,Apple,,,,,,
12,377ab5db2d6d747ea8f4a967e46d437e0c972e65b402d60226afce6f8c37105a,"The question needs to be CORRECTED (Select this if you spot an error, even if you don’t know the answer).",what_company_created_the_macbook_a_device_full_of_features_to_help_students_make_homework_targ_23_C.wav,target,non_phon_err,make vs. other verb,/ʊ/ --> /u/; full/fool,Apple,y,secdiff,np,,also reports non-target phon error,JB_1205
12,377ab5db2d6d747ea8f4a967e46d437e0c972e65b402d60226afce6f8c37105a,"""Make"" should be ""do""; It sounds like ""advice"" after ""Mac book"" but it doesn't fit; Apple",what_company_created_the_macbook_a_device_full_of_features_to_help_students_make_homework_targ_23_C.wav,target,non_phon_err,make vs. other verb,/ʊ/ --> /u/; full/fool,Apple,,,,,,
12,377ab5db2d6d747ea8f4a967e46d437e0c972e65b402d60226afce6f8c37105a,The question does NOT need any corrections.,what_musician_won_grammys_for_their_album_thriller_which_features_the_hit_song_beat_it_fill_20.wav,filler_other,NA,NA,NA,Michael Jackson,nans,first,,a,,JB_1205
12,377ab5db2d6d747ea8f4a967e46d437e0c972e65b402d60226afce6f8c37105a,Michael Jackson,what_musician_won_grammys_for_their_album_thriller_which_features_the_hit_song_beat_it_fill_20.wav,filler_other,NA,NA,NA,Michael Jackson,,,,,,
12,377ab5db2d6d747ea8f4a967e46d437e0c972e65b402d60226afce6f8c37105a,The question does NOT need any corrections.,what_musician_won_grammys_for_their_album_thriller_which_features_the_hit_song_beat_it_fill_20.wav,filler_other,NA,NA,NA,Michael Jackson,nans,secsame,,twice,,JB_1205
12,377ab5db2d6d747ea8f4a967e46d437e0c972e65b402d60226afce6f8c37105a,Michael Jackson,what_musician_won_grammys_for_their_album_thriller_which_features_the_hit_song_beat_it_fill_20.wav,filler_other,NA,NA,NA,Michael Jackson,,,,,,
12,377ab5db2d6d747ea8f4a967e46d437e0c972e65b402d60226afce6f8c37105a,The question does NOT need any corrections.,what_is_the_name_of_the_video_game_character_who_is_a_traveling_italian_plumber_fill_08.wav,filler_other,NA,NA,NA,Mario,nans,first,,a,,JB_1205
12,377ab5db2d6d747ea8f4a967e46d437e0c972e65b402d60226afce6f8c37105a,Mario,what_is_the_name_of_the_video_game_character_who_is_a_traveling_italian_plumber_fill_08.wav,filler_other,NA,NA,NA,Mario,,,,,,
12,377ab5db2d6d747ea8f4a967e46d437e0c972e65b402d60226afce6f8c37105a,I’m good — skip to the next question,what_is_the_name_of_the_video_game_character_who_is_a_traveling_italian_plumber_fill_08.wav,filler_other,NA,NA,NA,Mario,s,secsame,,,,JB_1205
12,377ab5db2d6d747ea8f4a967e46d437e0c972e65b402d60226afce6f8c37105a,NA,what_is_the_name_of_the_video_game_character_who_is_a_traveling_italian_plumber_fill_08.wav,filler_other,NA,NA,NA,Mario,,,,,,
12,377ab5db2d6d747ea8f4a967e46d437e0c972e65b402d60226afce6f8c37105a,The question does NOT need any corrections.,if_a_hardworking_janitor_cleaned_a_vent_in_five_minutes_how_many_seconds_is_that_targ_22_B.wav,target,phon_err,adj/noun order,/v/ --> /b/; vent/bent,eight,nans,first,,a,,JB_1205
12,377ab5db2d6d747ea8f4a967e46d437e0c972e65b402d60226afce6f8c37105a,300,if_a_hardworking_janitor_cleaned_a_vent_in_five_minutes_how_many_seconds_is_that_targ_22_B.wav,target,phon_err,adj/noun order,/v/ --> /b/; vent/bent,eight,,,,,,
12,377ab5db2d6d747ea8f4a967e46d437e0c972e65b402d60226afce6f8c37105a,I’m good — skip to the next question,if_a_hardworking_janitor_cleaned_a_vent_in_five_minutes_how_many_seconds_is_that_targ_22_B.wav,target,phon_err,adj/noun order,/v/ --> /b/; vent/bent,eight,s,secsame,,,,JB_1205
12,377ab5db2d6d747ea8f4a967e46d437e0c972e65b402d60226afce6f8c37105a,NA,if_a_hardworking_janitor_cleaned_a_vent_in_five_minutes_how_many_seconds_is_that_targ_22_B.wav,target,phon_err,adj/noun order,/v/ --> /b/; vent/bent,eight,,,,,,
12,377ab5db2d6d747ea8f4a967e46d437e0c972e65b402d60226afce6f8c37105a,The question does NOT need any corrections.,which_season_do_we_associate_with_thanksgiving_the_beginning_of_school_and_leaves_turning_brown_fill_19.wav,filler_other,NA,NA,NA,Fall,nans,first,,a,,JB_1205
12,377ab5db2d6d747ea8f4a967e46d437e0c972e65b402d60226afce6f8c37105a,Fall ( Also known as Autumn),which_season_do_we_associate_with_thanksgiving_the_beginning_of_school_and_leaves_turning_brown_fill_19.wav,filler_other,NA,NA,NA,Fall,,,,,,
12,377ab5db2d6d747ea8f4a967e46d437e0c972e65b402d60226afce6f8c37105a,I’m good — skip to the next question,which_season_do_we_associate_with_thanksgiving_the_beginning_of_school_and_leaves_turning_brown_fill_19.wav,filler_other,NA,NA,NA,Fall,s,secsame,,,,JB_1205
12,377ab5db2d6d747ea8f4a967e46d437e0c972e65b402d60226afce6f8c37105a,NA,which_season_do_we_associate_with_thanksgiving_the_beginning_of_school_and_leaves_turning_brown_fill_19.wav,filler_other,NA,NA,NA,Fall,,,,,,
12,377ab5db2d6d747ea8f4a967e46d437e0c972e65b402d60226afce6f8c37105a,"The question needs to be CORRECTED (Select this if you spot an error, even if you don’t know the answer).",which_soft_pastry_made_with_a_certain_spice_is_often_spiral-shaped_and_topped_with_icing_fill_16.wav,filler_other,NA,NA,NA,cinnamon roll,y,first,otherfill,,reports mispronunciation of 'soft',JB_1205
12,377ab5db2d6d747ea8f4a967e46d437e0c972e65b402d60226afce6f8c37105a,"""soft"" sounds like ""sucked""; cinnamon rolls",which_soft_pastry_made_with_a_certain_spice_is_often_spiral-shaped_and_topped_with_icing_fill_16.wav,filler_other,NA,NA,NA,cinnamon roll,,,,,,
12,377ab5db2d6d747ea8f4a967e46d437e0c972e65b402d60226afce6f8c37105a,I’m good — skip to the next question,which_soft_pastry_made_with_a_certain_spice_is_often_spiral-shaped_and_topped_with_icing_fill_16.wav,filler_other,NA,NA,NA,cinnamon roll,s,secsame,,,,JB_1205
12,377ab5db2d6d747ea8f4a967e46d437e0c972e65b402d60226afce6f8c37105a,NA,which_soft_pastry_made_with_a_certain_spice_is_often_spiral-shaped_and_topped_with_icing_fill_16.wav,filler_other,NA,NA,NA,cinnamon roll,,,,,,
12,377ab5db2d6d747ea8f4a967e46d437e0c972e65b402d60226afce6f8c37105a,"The question needs to be CORRECTED (Select this if you spot an error, even if you don’t know the answer).",what_kind_of_animal_is_mickey_mouse’s_girlfriend_minnie_who_wears_a_bow_fill_09.wav,filler_other,NA,NA,NA,mouse,y,first,otherfill,,reports mispronunciation of 'animal',JB_1205
12,377ab5db2d6d747ea8f4a967e46d437e0c972e65b402d60226afce6f8c37105a,"""animal"" sounds like ""fanimal""; Mouse",what_kind_of_animal_is_mickey_mouse’s_girlfriend_minnie_who_wears_a_bow_fill_09.wav,filler_other,NA,NA,NA,mouse,,,,,,
12,377ab5db2d6d747ea8f4a967e46d437e0c972e65b402d60226afce6f8c37105a,I’m good — skip to the next question,what_kind_of_animal_is_mickey_mouse’s_girlfriend_minnie_who_wears_a_bow_fill_09.wav,filler_other,NA,NA,NA,mouse,s,secsame,,,,JB_1205
12,377ab5db2d6d747ea8f4a967e46d437e0c972e65b402d60226afce6f8c37105a,NA,what_kind_of_animal_is_mickey_mouse’s_girlfriend_minnie_who_wears_a_bow_fill_09.wav,filler_other,NA,NA,NA,mouse,,,,,,
12,377ab5db2d6d747ea8f4a967e46d437e0c972e65b402d60226afce6f8c37105a,"The question needs to be CORRECTED (Select this if you spot an error, even if you don’t know the answer).",what_holiday_occurs_at_the_end_of_october_and_features_trick-or-treating_pumpkins_and_haunted_houses_fill_07.wav,filler_other,NA,NA,NA,Halloween,y,first,otherfill,,reports mispronunciation of 'holiday',JB_1205
12,377ab5db2d6d747ea8f4a967e46d437e0c972e65b402d60226afce6f8c37105a,"""Holiday"" sounds like ""Hollywood""; Halloween",what_holiday_occurs_at_the_end_of_october_and_features_trick-or-treating_pumpkins_and_haunted_houses_fill_07.wav,filler_other,NA,NA,NA,Halloween,,,,,,
12,377ab5db2d6d747ea8f4a967e46d437e0c972e65b402d60226afce6f8c37105a,The question does NOT need any corrections.,what_holiday_occurs_at_the_end_of_october_and_features_trick-or-treating_pumpkins_and_haunted_houses_fill_07.wav,filler_other,NA,NA,NA,Halloween,nans,secdiff,,a,,JB_1205
12,377ab5db2d6d747ea8f4a967e46d437e0c972e65b402d60226afce6f8c37105a,Halloween,what_holiday_occurs_at_the_end_of_october_and_features_trick-or-treating_pumpkins_and_haunted_houses_fill_07.wav,filler_other,NA,NA,NA,Halloween,,,,,,
12,377ab5db2d6d747ea8f4a967e46d437e0c972e65b402d60226afce6f8c37105a,The question does NOT need any corrections.,what_organ_is_often_associated_with_being_eaten_by_rotting_flesh_monsters_also_known_as_zombies_fill_02.wav,filler_other,NA,NA,NA,the brain,nans,first,,a,,JB_1205
12,377ab5db2d6d747ea8f4a967e46d437e0c972e65b402d60226afce6f8c37105a,Brain,what_organ_is_often_associated_with_being_eaten_by_rotting_flesh_monsters_also_known_as_zombies_fill_02.wav,filler_other,NA,NA,NA,the brain,,,,,,
12,377ab5db2d6d747ea8f4a967e46d437e0c972e65b402d60226afce6f8c37105a,I’m good — skip to the next question,what_organ_is_often_associated_with_being_eaten_by_rotting_flesh_monsters_also_known_as_zombies_fill_02.wav,filler_other,NA,NA,NA,the brain,s,secsame,,,,JB_1205
12,377ab5db2d6d747ea8f4a967e46d437e0c972e65b402d60226afce6f8c37105a,NA,what_organ_is_often_associated_with_being_eaten_by_rotting_flesh_monsters_also_known_as_zombies_fill_02.wav,filler_other,NA,NA,NA,the brain,,,,,,
12,377ab5db2d6d747ea8f4a967e46d437e0c972e65b402d60226afce6f8c37105a,The question does NOT need any corrections.,in_what_country_would_you_find_landmarks_like_the_pyramids_of_giza_and_great_sphinx_fill_24.wav,filler_other,NA,NA,NA,Egypt,nans,first,,a,,JB_1205
12,377ab5db2d6d747ea8f4a967e46d437e0c972e65b402d60226afce6f8c37105a,Eqypt,in_what_country_would_you_find_landmarks_like_the_pyramids_of_giza_and_great_sphinx_fill_24.wav,filler_other,NA,NA,NA,Egypt,,,,,,
12,377ab5db2d6d747ea8f4a967e46d437e0c972e65b402d60226afce6f8c37105a,I’m good — skip to the next question,in_what_country_would_you_find_landmarks_like_the_pyramids_of_giza_and_great_sphinx_fill_24.wav,filler_other,NA,NA,NA,Egypt,s,secsame,,,,JB_1205
12,377ab5db2d6d747ea8f4a967e46d437e0c972e65b402d60226afce6f8c37105a,NA,in_what_country_would_you_find_landmarks_like_the_pyramids_of_giza_and_great_sphinx_fill_24.wav,filler_other,NA,NA,NA,Egypt,,,,,,
12,377ab5db2d6d747ea8f4a967e46d437e0c972e65b402d60226afce6f8c37105a,"The question needs to be CORRECTED (Select this if you spot an error, even if you don’t know the answer).",where_do_people_get_drivers_licenses_since_is_required_as_ballad_id_to_drive_targ_16_D.wav,target,both_err,expletive 'it' dropping,/v/ --> /b/; valid/ballad,DMV,y,first,p,,,JB_1205
12,377ab5db2d6d747ea8f4a967e46d437e0c972e65b402d60226afce6f8c37105a,"""Valid"" sounds like 'Ballad'; DMV",where_do_people_get_drivers_licenses_since_is_required_as_ballad_id_to_drive_targ_16_D.wav,target,both_err,expletive 'it' dropping,/v/ --> /b/; valid/ballad,DMV,,,,,,
12,377ab5db2d6d747ea8f4a967e46d437e0c972e65b402d60226afce6f8c37105a,I’m good — skip to the next question,where_do_people_get_drivers_licenses_since_is_required_as_ballad_id_to_drive_targ_16_D.wav,target,both_err,expletive 'it' dropping,/v/ --> /b/; valid/ballad,DMV,s,secsame,,,,JB_1205
12,377ab5db2d6d747ea8f4a967e46d437e0c972e65b402d60226afce6f8c37105a,NA,where_do_people_get_drivers_licenses_since_is_required_as_ballad_id_to_drive_targ_16_D.wav,target,both_err,expletive 'it' dropping,/v/ --> /b/; valid/ballad,DMV,,,,,,
12,377ab5db2d6d747ea8f4a967e46d437e0c972e65b402d60226afce6f8c37105a,The question does NOT need any corrections.,when_you_are_hot_what_device_measures_body_temperature_in_boat_celsius_and_fahrenheit_targ_18_B.wav,target,phon_err,have vs. be,/θ/ --> /t/; both/boat,thermometer,nans,first,,a,,JB_1205
12,377ab5db2d6d747ea8f4a967e46d437e0c972e65b402d60226afce6f8c37105a,Thermometer,when_you_are_hot_what_device_measures_body_temperature_in_boat_celsius_and_fahrenheit_targ_18_B.wav,target,phon_err,have vs. be,/θ/ --> /t/; both/boat,thermometer,,,,,,
12,377ab5db2d6d747ea8f4a967e46d437e0c972e65b402d60226afce6f8c37105a,I’m good — skip to the next question,when_you_are_hot_what_device_measures_body_temperature_in_boat_celsius_and_fahrenheit_targ_18_B.wav,target,phon_err,have vs. be,/θ/ --> /t/; both/boat,thermometer,s,secsame,,,,JB_1205
12,377ab5db2d6d747ea8f4a967e46d437e0c972e65b402d60226afce6f8c37105a,NA,when_you_are_hot_what_device_measures_body_temperature_in_boat_celsius_and_fahrenheit_targ_18_B.wav,target,phon_err,have vs. be,/θ/ --> /t/; both/boat,thermometer,,,,,,
12,377ab5db2d6d747ea8f4a967e46d437e0c972e65b402d60226afce6f8c37105a,The question does NOT need any corrections.,which_oscar-winning_movie_features_tom_hanks_saying_life_is_like_a_box_of_chocolates_fill_12.wav,filler_other,NA,NA,NA,Forrest Gump,nans,first,,a,,JB_1205
12,377ab5db2d6d747ea8f4a967e46d437e0c972e65b402d60226afce6f8c37105a,Forrest Gump,which_oscar-winning_movie_features_tom_hanks_saying_life_is_like_a_box_of_chocolates_fill_12.wav,filler_other,NA,NA,NA,Forrest Gump,,,,,,
12,377ab5db2d6d747ea8f4a967e46d437e0c972e65b402d60226afce6f8c37105a,I’m good — skip to the next question,which_oscar-winning_movie_features_tom_hanks_saying_life_is_like_a_box_of_chocolates_fill_12.wav,filler_other,NA,NA,NA,Forrest Gump,s,secsame,,,,JB_1205
12,377ab5db2d6d747ea8f4a967e46d437e0c972e65b402d60226afce6f8c37105a,NA,which_oscar-winning_movie_features_tom_hanks_saying_life_is_like_a_box_of_chocolates_fill_12.wav,filler_other,NA,NA,NA,Forrest Gump,,,,,,
12,377ab5db2d6d747ea8f4a967e46d437e0c972e65b402d60226afce6f8c37105a,"The question does NOT need any corrections, but I don't know the answer/ I don't understand what the question is asking.",in_the_lion_king_who_does_nala_talk_to_and_is_laying_in_a_cot_after_theyve_reunited_targ_21_A.wav,target,correct,no aux verbs in questions (lack of do support),/k/ --> /g/; cot/got,Simba,nun,first,,,,JB_1205
12,377ab5db2d6d747ea8f4a967e46d437e0c972e65b402d60226afce6f8c37105a,I don't remember the answer,in_the_lion_king_who_does_nala_talk_to_and_is_laying_in_a_cot_after_theyve_reunited_targ_21_A.wav,target,correct,no aux verbs in questions (lack of do support),/k/ --> /g/; cot/got,Simba,,,,,,
12,377ab5db2d6d747ea8f4a967e46d437e0c972e65b402d60226afce6f8c37105a,I’m good — skip to the next question,in_the_lion_king_who_does_nala_talk_to_and_is_laying_in_a_cot_after_theyve_reunited_targ_21_A.wav,target,correct,no aux verbs in questions (lack of do support),/k/ --> /g/; cot/got,Simba,s,secsame,,,,JB_1205
12,377ab5db2d6d747ea8f4a967e46d437e0c972e65b402d60226afce6f8c37105a,NA,in_the_lion_king_who_does_nala_talk_to_and_is_laying_in_a_cot_after_theyve_reunited_targ_21_A.wav,target,correct,no aux verbs in questions (lack of do support),/k/ --> /g/; cot/got,Simba,,,,,,
12,377ab5db2d6d747ea8f4a967e46d437e0c972e65b402d60226afce6f8c37105a,"The question needs to be CORRECTED (Select this if you spot an error, even if you don’t know the answer).",where_do_the_jolly_christmas_icons_santa_claus_and_his_wife_mrs._claus_live_fill_22.wav,filler_other,NA,NA,NA,the North Pole,y,first,otherfill,,says 'did' should be 'does',JB_1205
12,377ab5db2d6d747ea8f4a967e46d437e0c972e65b402d60226afce6f8c37105a,"""Did"" should be ""Does""; The North Pole",where_do_the_jolly_christmas_icons_santa_claus_and_his_wife_mrs._claus_live_fill_22.wav,filler_other,NA,NA,NA,the North Pole,,,,,,
12,377ab5db2d6d747ea8f4a967e46d437e0c972e65b402d60226afce6f8c37105a,I’m good — skip to the next question,where_do_the_jolly_christmas_icons_santa_claus_and_his_wife_mrs._claus_live_fill_22.wav,filler_other,NA,NA,NA,the North Pole,s,secsame,,,,JB_1205
12,377ab5db2d6d747ea8f4a967e46d437e0c972e65b402d60226afce6f8c37105a,NA,where_do_the_jolly_christmas_icons_santa_claus_and_his_wife_mrs._claus_live_fill_22.wav,filler_other,NA,NA,NA,the North Pole,,,,,,
13,3a39d3c30173b8543c7d46d8a584c6571b9041cd6f4f36f5f1df2fb661ef135c,"The question needs to be CORRECTED (Select this if you spot an error, even if you don’t know the answer).",how_many_embers_were_in_the_beatles_the_british_rock_band_fill_32.wav,att_check_err,NA,NA,NA,four (members),y,first,acheckp,,attention check passed (8/8 correct),JB_1204
13,3a39d3c30173b8543c7d46d8a584c6571b9041cd6f4f36f5f1df2fb661ef135c,"The way she says ""The Beatles, the british rock band."" The way that part. How many members. The word members as well...either she says members or people. Whatever that word is I can't really hear it.
 

 anyway the answer is 4.",how_many_embers_were_in_the_beatles_the_british_rock_band_fill_32.wav,att_check_err,NA,NA,NA,four (members),,,,,,
13,3a39d3c30173b8543c7d46d8a584c6571b9041cd6f4f36f5f1df2fb661ef135c,I’m good — skip to the next question,how_many_embers_were_in_the_beatles_the_british_rock_band_fill_32.wav,att_check_err,NA,NA,NA,four (members),s,secsame,,,,JB_1204
13,3a39d3c30173b8543c7d46d8a584c6571b9041cd6f4f36f5f1df2fb661ef135c,NA,how_many_embers_were_in_the_beatles_the_british_rock_band_fill_32.wav,att_check_err,NA,NA,NA,four (members),,,,,,
13,3a39d3c30173b8543c7d46d8a584c6571b9041cd6f4f36f5f1df2fb661ef135c,"The question needs to be CORRECTED (Select this if you spot an error, even if you don’t know the answer).",what_insect_undergoes_a_process_of_change_to_turn_into_a_butterfy_fill_30.wav,att_check_err,NA,NA,NA,caterpillar (butterfly),y,first,acheckp,,pass for noticing mispronunciation of 'butterfly',JB_1204
13,3a39d3c30173b8543c7d46d8a584c6571b9041cd6f4f36f5f1df2fb661ef135c,the way she says the word butterfly. Its imperfect. She doesn't pronounce it right. The answer is Caterpillar.,what_insect_undergoes_a_process_of_change_to_turn_into_a_butterfy_fill_30.wav,att_check_err,NA,NA,NA,caterpillar (butterfly),,,,,,
13,3a39d3c30173b8543c7d46d8a584c6571b9041cd6f4f36f5f1df2fb661ef135c,I’m good — skip to the next question,what_insect_undergoes_a_process_of_change_to_turn_into_a_butterfy_fill_30.wav,att_check_err,NA,NA,NA,caterpillar (butterfly),s,secsame,,,,JB_1204
13,3a39d3c30173b8543c7d46d8a584c6571b9041cd6f4f36f5f1df2fb661ef135c,NA,what_insect_undergoes_a_process_of_change_to_turn_into_a_butterfy_fill_30.wav,att_check_err,NA,NA,NA,caterpillar (butterfly),,,,,,
13,3a39d3c30173b8543c7d46d8a584c6571b9041cd6f4f36f5f1df2fb661ef135c,The question does NOT need any corrections.,what_state_is_los_angeles_located_in_fill_26.wav,att_check_good,NA,NA,NA,California,nans,first,,a,,JB_1204
13,3a39d3c30173b8543c7d46d8a584c6571b9041cd6f4f36f5f1df2fb661ef135c,California,what_state_is_los_angeles_located_in_fill_26.wav,att_check_good,NA,NA,NA,California,,,,,,
13,3a39d3c30173b8543c7d46d8a584c6571b9041cd6f4f36f5f1df2fb661ef135c,I’m good — skip to the next question,what_state_is_los_angeles_located_in_fill_26.wav,att_check_good,NA,NA,NA,California,s,secsame,,,,JB_1204
13,3a39d3c30173b8543c7d46d8a584c6571b9041cd6f4f36f5f1df2fb661ef135c,NA,what_state_is_los_angeles_located_in_fill_26.wav,att_check_good,NA,NA,NA,California,,,,,,
13,3a39d3c30173b8543c7d46d8a584c6571b9041cd6f4f36f5f1df2fb661ef135c,The question does NOT need any corrections.,how_many_legs_does_a_dog_normally_have_fill_25.wav,att_check_good,NA,NA,NA,four,nans,first,,a,,JB_1204
13,3a39d3c30173b8543c7d46d8a584c6571b9041cd6f4f36f5f1df2fb661ef135c,four.,how_many_legs_does_a_dog_normally_have_fill_25.wav,att_check_good,NA,NA,NA,four,,,,,,
13,3a39d3c30173b8543c7d46d8a584c6571b9041cd6f4f36f5f1df2fb661ef135c,I’m good — skip to the next question,how_many_legs_does_a_dog_normally_have_fill_25.wav,att_check_good,NA,NA,NA,four,s,secsame,,,,JB_1204
13,3a39d3c30173b8543c7d46d8a584c6571b9041cd6f4f36f5f1df2fb661ef135c,NA,how_many_legs_does_a_dog_normally_have_fill_25.wav,att_check_good,NA,NA,NA,four,,,,,,
13,3a39d3c30173b8543c7d46d8a584c6571b9041cd6f4f36f5f1df2fb661ef135c,The question does NOT need any corrections.,what_day_of_the_week_comes_after_monday_fill_27.wav,att_check_good,NA,NA,NA,Tuesday,nans,first,,a,,JB_1204
13,3a39d3c30173b8543c7d46d8a584c6571b9041cd6f4f36f5f1df2fb661ef135c,Tuesday,what_day_of_the_week_comes_after_monday_fill_27.wav,att_check_good,NA,NA,NA,Tuesday,,,,,,
13,3a39d3c30173b8543c7d46d8a584c6571b9041cd6f4f36f5f1df2fb661ef135c,I’m good — skip to the next question,what_day_of_the_week_comes_after_monday_fill_27.wav,att_check_good,NA,NA,NA,Tuesday,s,secsame,,,,JB_1204
13,3a39d3c30173b8543c7d46d8a584c6571b9041cd6f4f36f5f1df2fb661ef135c,NA,what_day_of_the_week_comes_after_monday_fill_27.wav,att_check_good,NA,NA,NA,Tuesday,,,,,,
13,3a39d3c30173b8543c7d46d8a584c6571b9041cd6f4f36f5f1df2fb661ef135c,The question does NOT need any corrections.,what_color_is_a_typical_school_bus_fill_28.wav,att_check_good,NA,NA,NA,yellow,nans,first,,a,,JB_1204
13,3a39d3c30173b8543c7d46d8a584c6571b9041cd6f4f36f5f1df2fb661ef135c,Yellow.,what_color_is_a_typical_school_bus_fill_28.wav,att_check_good,NA,NA,NA,yellow,,,,,,
13,3a39d3c30173b8543c7d46d8a584c6571b9041cd6f4f36f5f1df2fb661ef135c,I’m good — skip to the next question,what_color_is_a_typical_school_bus_fill_28.wav,att_check_good,NA,NA,NA,yellow,s,secsame,,,,JB_1204
13,3a39d3c30173b8543c7d46d8a584c6571b9041cd6f4f36f5f1df2fb661ef135c,NA,what_color_is_a_typical_school_bus_fill_28.wav,att_check_good,NA,NA,NA,yellow,,,,,,
13,3a39d3c30173b8543c7d46d8a584c6571b9041cd6f4f36f5f1df2fb661ef135c,"The question needs to be CORRECTED (Select this if you spot an error, even if you don’t know the answer).",what_is_the_largest_plant_in_the_solar_system_fill_31.wav,att_check_err,NA,NA,NA,Jupiter (planet),y,first,acheckp,,,JB_1204
13,3a39d3c30173b8543c7d46d8a584c6571b9041cd6f4f36f5f1df2fb661ef135c,"she says plant instead of planet.
 

 i think the answer is jupiter.",what_is_the_largest_plant_in_the_solar_system_fill_31.wav,att_check_err,NA,NA,NA,Jupiter (planet),,,,,,
13,3a39d3c30173b8543c7d46d8a584c6571b9041cd6f4f36f5f1df2fb661ef135c,I’m good — skip to the next question,what_is_the_largest_plant_in_the_solar_system_fill_31.wav,att_check_err,NA,NA,NA,Jupiter (planet),s,secsame,,,,JB_1204
13,3a39d3c30173b8543c7d46d8a584c6571b9041cd6f4f36f5f1df2fb661ef135c,NA,what_is_the_largest_plant_in_the_solar_system_fill_31.wav,att_check_err,NA,NA,NA,Jupiter (planet),,,,,,
13,3a39d3c30173b8543c7d46d8a584c6571b9041cd6f4f36f5f1df2fb661ef135c,"The question needs to be CORRECTED (Select this if you spot an error, even if you don’t know the answer).",in_the_cycle_of_seasons_what_season_comes_after_dinter_fill_29.wav,att_check_err,NA,NA,NA,"Spring (Winter, sound sub that's not related)",y,first,acheckp,,,JB_1204
13,3a39d3c30173b8543c7d46d8a584c6571b9041cd6f4f36f5f1df2fb661ef135c,"she says dinter instead of winter.
 

 She needs to fix that part of it.",in_the_cycle_of_seasons_what_season_comes_after_dinter_fill_29.wav,att_check_err,NA,NA,NA,"Spring (Winter, sound sub that's not related)",,,,,,
13,3a39d3c30173b8543c7d46d8a584c6571b9041cd6f4f36f5f1df2fb661ef135c,I’m good — skip to the next question,in_the_cycle_of_seasons_what_season_comes_after_dinter_fill_29.wav,att_check_err,NA,NA,NA,"Spring (Winter, sound sub that's not related)",s,secsame,,,,JB_1204
13,3a39d3c30173b8543c7d46d8a584c6571b9041cd6f4f36f5f1df2fb661ef135c,NA,in_the_cycle_of_seasons_what_season_comes_after_dinter_fill_29.wav,att_check_err,NA,NA,NA,"Spring (Winter, sound sub that's not related)",,,,,,
13,3a39d3c30173b8543c7d46d8a584c6571b9041cd6f4f36f5f1df2fb661ef135c,"The question does NOT need any corrections, but I don't know the answer/ I don't understand what the question is asking.",in_the_famous_dr_seuss_book_what_orange_and_yellow_character_speaks_for_the_trees_fill_23.wav,filler_other,NA,NA,NA,the Lorax,nun,first,,,,JB_1205
13,3a39d3c30173b8543c7d46d8a584c6571b9041cd6f4f36f5f1df2fb661ef135c,I don't know. I was gonna say the cheshire cat but I think thats from alice and wonderland? Holy crap...Dr. Seuss did do alice in wonderland i think? I dunno.,in_the_famous_dr_seuss_book_what_orange_and_yellow_character_speaks_for_the_trees_fill_23.wav,filler_other,NA,NA,NA,the Lorax,,,,,,
13,3a39d3c30173b8543c7d46d8a584c6571b9041cd6f4f36f5f1df2fb661ef135c,"The question needs to be CORRECTED (Select this if you spot an error, even if you don’t know the answer).",in_the_famous_dr_seuss_book_what_orange_and_yellow_character_speaks_for_the_trees_fill_23.wav,filler_other,NA,NA,NA,the Lorax,y,secdiff,otherfill,,relates to factual content of question ,JB_1205
13,3a39d3c30173b8543c7d46d8a584c6571b9041cd6f4f36f5f1df2fb661ef135c,"It's not ""for the tree's. It's from the trees. And i think the answer is the cheshire cat.",in_the_famous_dr_seuss_book_what_orange_and_yellow_character_speaks_for_the_trees_fill_23.wav,filler_other,NA,NA,NA,the Lorax,,,,,,
13,3a39d3c30173b8543c7d46d8a584c6571b9041cd6f4f36f5f1df2fb661ef135c,The question does NOT need any corrections.,what_animal_is_typically_white_with_black_spots_and_says_moo_fill_21.wav,filler_other,NA,NA,NA,a cow,nans,first,,a,,JB_1205
13,3a39d3c30173b8543c7d46d8a584c6571b9041cd6f4f36f5f1df2fb661ef135c,Cow,what_animal_is_typically_white_with_black_spots_and_says_moo_fill_21.wav,filler_other,NA,NA,NA,a cow,,,,,,
13,3a39d3c30173b8543c7d46d8a584c6571b9041cd6f4f36f5f1df2fb661ef135c,I’m good — skip to the next question,what_animal_is_typically_white_with_black_spots_and_says_moo_fill_21.wav,filler_other,NA,NA,NA,a cow,s,secsame,,,,JB_1205
13,3a39d3c30173b8543c7d46d8a584c6571b9041cd6f4f36f5f1df2fb661ef135c,NA,what_animal_is_typically_white_with_black_spots_and_says_moo_fill_21.wav,filler_other,NA,NA,NA,a cow,,,,,,
13,3a39d3c30173b8543c7d46d8a584c6571b9041cd6f4f36f5f1df2fb661ef135c,The question does NOT need any corrections.,what_musician_won_grammys_for_their_album_thriller_which_features_the_hit_song_beat_it_fill_20.wav,filler_other,NA,NA,NA,Michael Jackson,nans,first,,a,,JB_1205
13,3a39d3c30173b8543c7d46d8a584c6571b9041cd6f4f36f5f1df2fb661ef135c,Michael Jackson,what_musician_won_grammys_for_their_album_thriller_which_features_the_hit_song_beat_it_fill_20.wav,filler_other,NA,NA,NA,Michael Jackson,,,,,,
13,3a39d3c30173b8543c7d46d8a584c6571b9041cd6f4f36f5f1df2fb661ef135c,"The question needs to be CORRECTED (Select this if you spot an error, even if you don’t know the answer).",what_musician_won_grammys_for_their_album_thriller_which_features_the_hit_song_beat_it_fill_20.wav,filler_other,NA,NA,NA,Michael Jackson,y,secdiff,otherfill,,reports mispronunciation of 'thriller',JB_1205
13,3a39d3c30173b8543c7d46d8a584c6571b9041cd6f4f36f5f1df2fb661ef135c,Maybe the way the woman says thriller. She could pronounce it better.,what_musician_won_grammys_for_their_album_thriller_which_features_the_hit_song_beat_it_fill_20.wav,filler_other,NA,NA,NA,Michael Jackson,,,,,,
13,3a39d3c30173b8543c7d46d8a584c6571b9041cd6f4f36f5f1df2fb661ef135c,"The question needs to be CORRECTED (Select this if you spot an error, even if you don’t know the answer).",which_scottish_actor_first_played_james_bond_wearing_guilts_to_red_carpets_when_he_was_32_years_old_targ_03_B.wav,target,phon_err,have vs. be,/k/ --> /g/; kilt/guilt,Sean Connery,y,first,p,,seems to notice phon error,JB_1205
13,3a39d3c30173b8543c7d46d8a584c6571b9041cd6f4f36f5f1df2fb661ef135c,"I don't even know what she said all the way. When she said ""goats to red carpet or coats to red carpet when he was 32 years old.
 

 I can't even understand what shes like saying
 

 and i don't know the answer.",which_scottish_actor_first_played_james_bond_wearing_guilts_to_red_carpets_when_he_was_32_years_old_targ_03_B.wav,target,phon_err,have vs. be,/k/ --> /g/; kilt/guilt,Sean Connery,,,,,,
13,3a39d3c30173b8543c7d46d8a584c6571b9041cd6f4f36f5f1df2fb661ef135c,I’m good — skip to the next question,which_scottish_actor_first_played_james_bond_wearing_guilts_to_red_carpets_when_he_was_32_years_old_targ_03_B.wav,target,phon_err,have vs. be,/k/ --> /g/; kilt/guilt,Sean Connery,s,secsame,,,,JB_1205
13,3a39d3c30173b8543c7d46d8a584c6571b9041cd6f4f36f5f1df2fb661ef135c,NA,which_scottish_actor_first_played_james_bond_wearing_guilts_to_red_carpets_when_he_was_32_years_old_targ_03_B.wav,target,phon_err,have vs. be,/k/ --> /g/; kilt/guilt,Sean Connery,,,,,,
13,3a39d3c30173b8543c7d46d8a584c6571b9041cd6f4f36f5f1df2fb661ef135c,"The question needs to be CORRECTED (Select this if you spot an error, even if you don’t know the answer).",what_colors_make_up_a_traditional_candy_gain_which_people_enjoy_eating_during_christmas_targ_15_B.wav,target,phon_err,infinitive vs. participle,/k/ --> /g/; cane/gain,red and white,y,first,p,,seems to notice phon error,JB_1205
13,3a39d3c30173b8543c7d46d8a584c6571b9041cd6f4f36f5f1df2fb661ef135c,"maybe the way she says candy cane could be a littler clearer.
 

 umm the answer is wait...i know the answer....",what_colors_make_up_a_traditional_candy_gain_which_people_enjoy_eating_during_christmas_targ_15_B.wav,target,phon_err,infinitive vs. participle,/k/ --> /g/; cane/gain,red and white,,,,,,
13,3a39d3c30173b8543c7d46d8a584c6571b9041cd6f4f36f5f1df2fb661ef135c,"The question needs to be CORRECTED (Select this if you spot an error, even if you don’t know the answer).",what_colors_make_up_a_traditional_candy_gain_which_people_enjoy_eating_during_christmas_targ_15_B.wav,target,phon_err,infinitive vs. participle,/k/ --> /g/; cane/gain,red and white,y,secsame,,,,JB_1205
13,3a39d3c30173b8543c7d46d8a584c6571b9041cd6f4f36f5f1df2fb661ef135c,"the way she says candycane.
 

 the answer is red and white.",what_colors_make_up_a_traditional_candy_gain_which_people_enjoy_eating_during_christmas_targ_15_B.wav,target,phon_err,infinitive vs. participle,/k/ --> /g/; cane/gain,red and white,,,,,,
13,3a39d3c30173b8543c7d46d8a584c6571b9041cd6f4f36f5f1df2fb661ef135c,The question does NOT need any corrections.,what_mythical_creatures_have_been_said_to_drink_blood_turn_into_bats_and_hate_onions_fill_14.wav,filler_other,NA,NA,NA,vampires,nans,first,,a,,JB_1205
13,3a39d3c30173b8543c7d46d8a584c6571b9041cd6f4f36f5f1df2fb661ef135c,Vampire.,what_mythical_creatures_have_been_said_to_drink_blood_turn_into_bats_and_hate_onions_fill_14.wav,filler_other,NA,NA,NA,vampires,,,,,,
13,3a39d3c30173b8543c7d46d8a584c6571b9041cd6f4f36f5f1df2fb661ef135c,I’m good — skip to the next question,what_mythical_creatures_have_been_said_to_drink_blood_turn_into_bats_and_hate_onions_fill_14.wav,filler_other,NA,NA,NA,vampires,s,secsame,,,,JB_1205
13,3a39d3c30173b8543c7d46d8a584c6571b9041cd6f4f36f5f1df2fb661ef135c,NA,what_mythical_creatures_have_been_said_to_drink_blood_turn_into_bats_and_hate_onions_fill_14.wav,filler_other,NA,NA,NA,vampires,,,,,,
13,3a39d3c30173b8543c7d46d8a584c6571b9041cd6f4f36f5f1df2fb661ef135c,"The question needs to be CORRECTED (Select this if you spot an error, even if you don’t know the answer).",in_the_lion_king_who_nala_talk_to_and_is_laying_in_a_got_after_theyve_reunited_targ_21_D.wav,target,both_err,no aux verbs in questions (lack of do support),/k/ --> /g/; cot/got,Simba,y,first,p?,,potentially noticing phon error when referring to 'garden',JB_1205
13,3a39d3c30173b8543c7d46d8a584c6571b9041cd6f4f36f5f1df2fb661ef135c,"the way she says nala and the word garden. She needs to pronounce all of that better.
 

 the answer is simba i think.",in_the_lion_king_who_nala_talk_to_and_is_laying_in_a_got_after_theyve_reunited_targ_21_D.wav,target,both_err,no aux verbs in questions (lack of do support),/k/ --> /g/; cot/got,Simba,,,,,,
13,3a39d3c30173b8543c7d46d8a584c6571b9041cd6f4f36f5f1df2fb661ef135c,I’m good — skip to the next question,in_the_lion_king_who_nala_talk_to_and_is_laying_in_a_got_after_theyve_reunited_targ_21_D.wav,target,both_err,no aux verbs in questions (lack of do support),/k/ --> /g/; cot/got,Simba,s,secsame,,,,JB_1205
13,3a39d3c30173b8543c7d46d8a584c6571b9041cd6f4f36f5f1df2fb661ef135c,NA,in_the_lion_king_who_nala_talk_to_and_is_laying_in_a_got_after_theyve_reunited_targ_21_D.wav,target,both_err,no aux verbs in questions (lack of do support),/k/ --> /g/; cot/got,Simba,,,,,,
13,3a39d3c30173b8543c7d46d8a584c6571b9041cd6f4f36f5f1df2fb661ef135c,"The question needs to be CORRECTED (Select this if you spot an error, even if you don’t know the answer).",what_colors_can_be_on_a_traffic_light_which_often_senses_when_cars_pool_up_targ_11_B.wav,target,phon_err,have vs. be,/ʊ/ --> /u/; pulls/pools,green,y,first,other,,not specific,JB_1205
13,3a39d3c30173b8543c7d46d8a584c6571b9041cd6f4f36f5f1df2fb661ef135c,"after she says the word ""light"" like everything after that you need to re-record, I can't really make out what shes saying.",what_colors_can_be_on_a_traffic_light_which_often_senses_when_cars_pool_up_targ_11_B.wav,target,phon_err,have vs. be,/ʊ/ --> /u/; pulls/pools,green,,,,,,
13,3a39d3c30173b8543c7d46d8a584c6571b9041cd6f4f36f5f1df2fb661ef135c,"The question needs to be CORRECTED (Select this if you spot an error, even if you don’t know the answer).",what_colors_can_be_on_a_traffic_light_which_often_senses_when_cars_pool_up_targ_11_B.wav,target,phon_err,have vs. be,/ʊ/ --> /u/; pulls/pools,green,y,secdiff,otherp,,,JB_1205
13,3a39d3c30173b8543c7d46d8a584c6571b9041cd6f4f36f5f1df2fb661ef135c,I think the answer is red but she needs to re-record the second half of the second part.,what_colors_can_be_on_a_traffic_light_which_often_senses_when_cars_pool_up_targ_11_B.wav,target,phon_err,have vs. be,/ʊ/ --> /u/; pulls/pools,green,,,,,,
13,3a39d3c30173b8543c7d46d8a584c6571b9041cd6f4f36f5f1df2fb661ef135c,"The question needs to be CORRECTED (Select this if you spot an error, even if you don’t know the answer).",what_neil_armstrong_say_during_his_very_first_steps_on_the_moon_targ_04_C.wav,target,non_phon_err,no aux verbs in questions (lack of do support),/v/ --> /b/; very/berry,"""That's one small step for man, one giant leap for mankind.""",y,first,np,,,JB_1205
13,3a39d3c30173b8543c7d46d8a584c6571b9041cd6f4f36f5f1df2fb661ef135c,"It should be ""what did neil armstrong say""
 

 not"" what neal armstrong say""
 

 i don't know the answer.",what_neil_armstrong_say_during_his_very_first_steps_on_the_moon_targ_04_C.wav,target,non_phon_err,no aux verbs in questions (lack of do support),/v/ --> /b/; very/berry,"""That's one small step for man, one giant leap for mankind.""",,,,,,
13,3a39d3c30173b8543c7d46d8a584c6571b9041cd6f4f36f5f1df2fb661ef135c,I’m good — skip to the next question,what_neil_armstrong_say_during_his_very_first_steps_on_the_moon_targ_04_C.wav,target,non_phon_err,no aux verbs in questions (lack of do support),/v/ --> /b/; very/berry,"""That's one small step for man, one giant leap for mankind.""",s,secsame,,,,JB_1205
13,3a39d3c30173b8543c7d46d8a584c6571b9041cd6f4f36f5f1df2fb661ef135c,NA,what_neil_armstrong_say_during_his_very_first_steps_on_the_moon_targ_04_C.wav,target,non_phon_err,no aux verbs in questions (lack of do support),/v/ --> /b/; very/berry,"""That's one small step for man, one giant leap for mankind.""",,,,,,
13,3a39d3c30173b8543c7d46d8a584c6571b9041cd6f4f36f5f1df2fb661ef135c,"The question needs to be CORRECTED (Select this if you spot an error, even if you don’t know the answer).",which_soft_pastry_made_with_a_certain_spice_is_often_spiral-shaped_and_topped_with_icing_fill_16.wav,filler_other,NA,NA,NA,cinnamon roll,y,first,other,,general difficulty understanding,JB_1205
13,3a39d3c30173b8543c7d46d8a584c6571b9041cd6f4f36f5f1df2fb661ef135c,She said which spiral shape is topped with icing or something. I couldn't even hear like the first part or makeout what she said in the first like 10seconds. i don't know the answer.,which_soft_pastry_made_with_a_certain_spice_is_often_spiral-shaped_and_topped_with_icing_fill_16.wav,filler_other,NA,NA,NA,cinnamon roll,,,,,,
13,3a39d3c30173b8543c7d46d8a584c6571b9041cd6f4f36f5f1df2fb661ef135c,"The question needs to be CORRECTED (Select this if you spot an error, even if you don’t know the answer).",which_soft_pastry_made_with_a_certain_spice_is_often_spiral-shaped_and_topped_with_icing_fill_16.wav,filler_other,NA,NA,NA,cinnamon roll,y,secsame,,,,JB_1205
13,3a39d3c30173b8543c7d46d8a584c6571b9041cd6f4f36f5f1df2fb661ef135c,"she says ""which something pastry is topped with certain spice and stopped with icing""
 

 i have no idea what the answer is but she needs to re-record it.",which_soft_pastry_made_with_a_certain_spice_is_often_spiral-shaped_and_topped_with_icing_fill_16.wav,filler_other,NA,NA,NA,cinnamon roll,,,,,,
13,3a39d3c30173b8543c7d46d8a584c6571b9041cd6f4f36f5f1df2fb661ef135c,"The question needs to be CORRECTED (Select this if you spot an error, even if you don’t know the answer).",if_i_consider_to_leave_work_after_the_fourth_hour_how_many_minutes_would_that_be_targ_24_C.wav,target,non_phon_err,infinitive vs. participle,/θ/ --> /t/; fourth/fort,two hundred and forty,y,first,otherp,,not specific,JB_1205
13,3a39d3c30173b8543c7d46d8a584c6571b9041cd6f4f36f5f1df2fb661ef135c,"The way she says ""if I consider to leave work after the 4th hour how many minutes would that be""
 

 she just doesn't pronounce it well after the word after.
 

 i think the answer is 20.",if_i_consider_to_leave_work_after_the_fourth_hour_how_many_minutes_would_that_be_targ_24_C.wav,target,non_phon_err,infinitive vs. participle,/θ/ --> /t/; fourth/fort,two hundred and forty,,,,,,
13,3a39d3c30173b8543c7d46d8a584c6571b9041cd6f4f36f5f1df2fb661ef135c,"The question needs to be CORRECTED (Select this if you spot an error, even if you don’t know the answer).",if_i_consider_to_leave_work_after_the_fourth_hour_how_many_minutes_would_that_be_targ_24_C.wav,target,non_phon_err,infinitive vs. participle,/θ/ --> /t/; fourth/fort,two hundred and forty,y,secdiff,otherp,,,JB_1205
13,3a39d3c30173b8543c7d46d8a584c6571b9041cd6f4f36f5f1df2fb661ef135c,"she should say ""If i'm considering leaving work after the 4th hour""
 

 she should also just rephrase the question a little bit.
 

 the answer is 20.",if_i_consider_to_leave_work_after_the_fourth_hour_how_many_minutes_would_that_be_targ_24_C.wav,target,non_phon_err,infinitive vs. participle,/θ/ --> /t/; fourth/fort,two hundred and forty,,,,,,
13,3a39d3c30173b8543c7d46d8a584c6571b9041cd6f4f36f5f1df2fb661ef135c,The question does NOT need any corrections.,which_cartoon_character_works_at_the_krusty_krab_and_is_best_friends_with_patrick_star_fill_04.wav,filler_other,NA,NA,NA,Spongebob,nans,first,,a,,JB_1205
13,3a39d3c30173b8543c7d46d8a584c6571b9041cd6f4f36f5f1df2fb661ef135c,Spongebob,which_cartoon_character_works_at_the_krusty_krab_and_is_best_friends_with_patrick_star_fill_04.wav,filler_other,NA,NA,NA,Spongebob,,,,,,
13,3a39d3c30173b8543c7d46d8a584c6571b9041cd6f4f36f5f1df2fb661ef135c,"The question needs to be CORRECTED (Select this if you spot an error, even if you don’t know the answer).",which_cartoon_character_works_at_the_krusty_krab_and_is_best_friends_with_patrick_star_fill_04.wav,filler_other,NA,NA,NA,Spongebob,y,secdiff,otherfill,,hears 'curtain' instead of 'cartoon' leading to misunderstanding,JB_1205
13,3a39d3c30173b8543c7d46d8a584c6571b9041cd6f4f36f5f1df2fb661ef135c,"she says curtain instead of certain in the first like 5 to 6 words she says.
 

 and the way she says krusty krab or whatver....maybe it's coastal cab? I don't watch the show but i think shes talking about spongebob.",which_cartoon_character_works_at_the_krusty_krab_and_is_best_friends_with_patrick_star_fill_04.wav,filler_other,NA,NA,NA,Spongebob,,,,,,
13,3a39d3c30173b8543c7d46d8a584c6571b9041cd6f4f36f5f1df2fb661ef135c,The question does NOT need any corrections.,if_laundry_service_will_gum_in_five_days_and_todays_thursday_when_are_they_making_laundry_next_targ_09_D.wav,target,both_err,make vs. other verb,/k/ --> /g/; come/gum,Tuesday,nans,first,,a,,JB_1205
13,3a39d3c30173b8543c7d46d8a584c6571b9041cd6f4f36f5f1df2fb661ef135c,tuesday.,if_laundry_service_will_gum_in_five_days_and_todays_thursday_when_are_they_making_laundry_next_targ_09_D.wav,target,both_err,make vs. other verb,/k/ --> /g/; come/gum,Tuesday,,,,,,
13,3a39d3c30173b8543c7d46d8a584c6571b9041cd6f4f36f5f1df2fb661ef135c,I’m good — skip to the next question,if_laundry_service_will_gum_in_five_days_and_todays_thursday_when_are_they_making_laundry_next_targ_09_D.wav,target,both_err,make vs. other verb,/k/ --> /g/; come/gum,Tuesday,s,secsame,,,,JB_1205
13,3a39d3c30173b8543c7d46d8a584c6571b9041cd6f4f36f5f1df2fb661ef135c,NA,if_laundry_service_will_gum_in_five_days_and_todays_thursday_when_are_they_making_laundry_next_targ_09_D.wav,target,both_err,make vs. other verb,/k/ --> /g/; come/gum,Tuesday,,,,,,
13,3a39d3c30173b8543c7d46d8a584c6571b9041cd6f4f36f5f1df2fb661ef135c,The question does NOT need any corrections.,where_do_the_jolly_christmas_icons_santa_claus_and_his_wife_mrs._claus_live_fill_22.wav,filler_other,NA,NA,NA,the North Pole,nans,first,,a,,JB_1205
13,3a39d3c30173b8543c7d46d8a584c6571b9041cd6f4f36f5f1df2fb661ef135c,The north pole.,where_do_the_jolly_christmas_icons_santa_claus_and_his_wife_mrs._claus_live_fill_22.wav,filler_other,NA,NA,NA,the North Pole,,,,,,
13,3a39d3c30173b8543c7d46d8a584c6571b9041cd6f4f36f5f1df2fb661ef135c,I’m good — skip to the next question,where_do_the_jolly_christmas_icons_santa_claus_and_his_wife_mrs._claus_live_fill_22.wav,filler_other,NA,NA,NA,the North Pole,s,secsame,,,,JB_1205
13,3a39d3c30173b8543c7d46d8a584c6571b9041cd6f4f36f5f1df2fb661ef135c,NA,where_do_the_jolly_christmas_icons_santa_claus_and_his_wife_mrs._claus_live_fill_22.wav,filler_other,NA,NA,NA,the North Pole,,,,,,
13,3a39d3c30173b8543c7d46d8a584c6571b9041cd6f4f36f5f1df2fb661ef135c,"The question does NOT need any corrections, but I don't know the answer/ I don't understand what the question is asking.",what_big_star_in_our_solar_system_can_steal_be_visible_when_it_is_cloudy_targ_19_B.wav,target,phon_err,expletive 'it' dropping,/ɪ/ --> /i/; still/steal,the Sun,nun,first,,,,JB_1205
13,3a39d3c30173b8543c7d46d8a584c6571b9041cd6f4f36f5f1df2fb661ef135c,I meant to hit 3. It does need corrections. The way she says cloudy. she says coudy and forgets the L.,what_big_star_in_our_solar_system_can_steal_be_visible_when_it_is_cloudy_targ_19_B.wav,target,phon_err,expletive 'it' dropping,/ɪ/ --> /i/; still/steal,the Sun,,,,,,
13,3a39d3c30173b8543c7d46d8a584c6571b9041cd6f4f36f5f1df2fb661ef135c,"The question needs to be CORRECTED (Select this if you spot an error, even if you don’t know the answer).",what_big_star_in_our_solar_system_can_steal_be_visible_when_it_is_cloudy_targ_19_B.wav,target,phon_err,expletive 'it' dropping,/ɪ/ --> /i/; still/steal,the Sun,y,secdiff,otherp,,notices multiple non-target phon errors,JB_1205
13,3a39d3c30173b8543c7d46d8a584c6571b9041cd6f4f36f5f1df2fb661ef135c,"the way she says visible and the way she says cloudy.
 

 she needs to re-record those two words.
 

 I dont' know the answer.",what_big_star_in_our_solar_system_can_steal_be_visible_when_it_is_cloudy_targ_19_B.wav,target,phon_err,expletive 'it' dropping,/ɪ/ --> /i/; still/steal,the Sun,,,,,,
13,3a39d3c30173b8543c7d46d8a584c6571b9041cd6f4f36f5f1df2fb661ef135c,The question does NOT need any corrections.,which_oscar-winning_movie_features_tom_hanks_saying_life_is_like_a_box_of_chocolates_fill_12.wav,filler_other,NA,NA,NA,Forrest Gump,nans,first,,a,,JB_1205
13,3a39d3c30173b8543c7d46d8a584c6571b9041cd6f4f36f5f1df2fb661ef135c,Forest Gump,which_oscar-winning_movie_features_tom_hanks_saying_life_is_like_a_box_of_chocolates_fill_12.wav,filler_other,NA,NA,NA,Forrest Gump,,,,,,
13,3a39d3c30173b8543c7d46d8a584c6571b9041cd6f4f36f5f1df2fb661ef135c,I’m good — skip to the next question,which_oscar-winning_movie_features_tom_hanks_saying_life_is_like_a_box_of_chocolates_fill_12.wav,filler_other,NA,NA,NA,Forrest Gump,s,secsame,,,,JB_1205
13,3a39d3c30173b8543c7d46d8a584c6571b9041cd6f4f36f5f1df2fb661ef135c,NA,which_oscar-winning_movie_features_tom_hanks_saying_life_is_like_a_box_of_chocolates_fill_12.wav,filler_other,NA,NA,NA,Forrest Gump,,,,,,
13,3a39d3c30173b8543c7d46d8a584c6571b9041cd6f4f36f5f1df2fb661ef135c,The question does NOT need any corrections.,what_company_created_the_macbook_a_device_fool_of_features_to_help_students_do_homework_targ_23_B.wav,target,phon_err,make vs. other verb,/ʊ/ --> /u/; full/fool,Apple,nans,first,,a,,JB_1205
13,3a39d3c30173b8543c7d46d8a584c6571b9041cd6f4f36f5f1df2fb661ef135c,Apple,what_company_created_the_macbook_a_device_fool_of_features_to_help_students_do_homework_targ_23_B.wav,target,phon_err,make vs. other verb,/ʊ/ --> /u/; full/fool,Apple,,,,,,
13,3a39d3c30173b8543c7d46d8a584c6571b9041cd6f4f36f5f1df2fb661ef135c,I’m good — skip to the next question,what_company_created_the_macbook_a_device_fool_of_features_to_help_students_do_homework_targ_23_B.wav,target,phon_err,make vs. other verb,/ʊ/ --> /u/; full/fool,Apple,s,secsame,,,,JB_1205
13,3a39d3c30173b8543c7d46d8a584c6571b9041cd6f4f36f5f1df2fb661ef135c,NA,what_company_created_the_macbook_a_device_fool_of_features_to_help_students_do_homework_targ_23_B.wav,target,phon_err,make vs. other verb,/ʊ/ --> /u/; full/fool,Apple,,,,,,
13,3a39d3c30173b8543c7d46d8a584c6571b9041cd6f4f36f5f1df2fb661ef135c,The question does NOT need any corrections.,what_childrens_game_makes_people_seat_down_quickly_when_the_loud_music_stops_targ_07_B.wav,target,phon_err,adj/noun order,/ɪ/ --> /i/; sit/seat,musical chairs,nans,first,,a,,JB_1205
13,3a39d3c30173b8543c7d46d8a584c6571b9041cd6f4f36f5f1df2fb661ef135c,Musical Chairs.,what_childrens_game_makes_people_seat_down_quickly_when_the_loud_music_stops_targ_07_B.wav,target,phon_err,adj/noun order,/ɪ/ --> /i/; sit/seat,musical chairs,,,,,,
13,3a39d3c30173b8543c7d46d8a584c6571b9041cd6f4f36f5f1df2fb661ef135c,I’m good — skip to the next question,what_childrens_game_makes_people_seat_down_quickly_when_the_loud_music_stops_targ_07_B.wav,target,phon_err,adj/noun order,/ɪ/ --> /i/; sit/seat,musical chairs,s,secsame,,,,JB_1205
13,3a39d3c30173b8543c7d46d8a584c6571b9041cd6f4f36f5f1df2fb661ef135c,NA,what_childrens_game_makes_people_seat_down_quickly_when_the_loud_music_stops_targ_07_B.wav,target,phon_err,adj/noun order,/ɪ/ --> /i/; sit/seat,musical chairs,,,,,,
13,3a39d3c30173b8543c7d46d8a584c6571b9041cd6f4f36f5f1df2fb661ef135c,"The question needs to be CORRECTED (Select this if you spot an error, even if you don’t know the answer).",what_city_have_people_rushed_to_tour_to_see_where_the_us_government_does_business_targ_14_A.wav,target,correct,make vs. other verb,/ʃ/ --> /s/; rushed/rust,Washington D.C.,y,first,other,,"not specific, general difficulty understanding",JB_1205
13,3a39d3c30173b8543c7d46d8a584c6571b9041cd6f4f36f5f1df2fb661ef135c,"The way she tried to pronounce it. What city does a tour bus need to see in order to see the U. S. Government.
 

 She needs to re-record all of this.
 

 it's just kinda choppy. The answer is Washington DC",what_city_have_people_rushed_to_tour_to_see_where_the_us_government_does_business_targ_14_A.wav,target,correct,make vs. other verb,/ʃ/ --> /s/; rushed/rust,Washington D.C.,,,,,,
13,3a39d3c30173b8543c7d46d8a584c6571b9041cd6f4f36f5f1df2fb661ef135c,I’m good — skip to the next question,what_city_have_people_rushed_to_tour_to_see_where_the_us_government_does_business_targ_14_A.wav,target,correct,make vs. other verb,/ʃ/ --> /s/; rushed/rust,Washington D.C.,s,secsame,,,,JB_1205
13,3a39d3c30173b8543c7d46d8a584c6571b9041cd6f4f36f5f1df2fb661ef135c,NA,what_city_have_people_rushed_to_tour_to_see_where_the_us_government_does_business_targ_14_A.wav,target,correct,make vs. other verb,/ʃ/ --> /s/; rushed/rust,Washington D.C.,,,,,,
13,3a39d3c30173b8543c7d46d8a584c6571b9041cd6f4f36f5f1df2fb661ef135c,"The question does NOT need any corrections, but I don't know the answer/ I don't understand what the question is asking.",what_novel_has_the_quote_i’m_late_i’m_late_for_a_very_important_date_fill_13.wav,filler_other,NA,NA,NA,Alice in Wonderland,nun,first,,,,JB_1205
13,3a39d3c30173b8543c7d46d8a584c6571b9041cd6f4f36f5f1df2fb661ef135c,I don't know the answer.,what_novel_has_the_quote_i’m_late_i’m_late_for_a_very_important_date_fill_13.wav,filler_other,NA,NA,NA,Alice in Wonderland,,,,,,
13,3a39d3c30173b8543c7d46d8a584c6571b9041cd6f4f36f5f1df2fb661ef135c,I’m good — skip to the next question,what_novel_has_the_quote_i’m_late_i’m_late_for_a_very_important_date_fill_13.wav,filler_other,NA,NA,NA,Alice in Wonderland,s,secsame,,,,JB_1205
13,3a39d3c30173b8543c7d46d8a584c6571b9041cd6f4f36f5f1df2fb661ef135c,NA,what_novel_has_the_quote_i’m_late_i’m_late_for_a_very_important_date_fill_13.wav,filler_other,NA,NA,NA,Alice in Wonderland,,,,,,
13,3a39d3c30173b8543c7d46d8a584c6571b9041cd6f4f36f5f1df2fb661ef135c,The question does NOT need any corrections.,which_fast_food_chain_offers_foot-long_sandwiches_and_has_the_slogan_eat_fresh_fill_11.wav,filler_other,NA,NA,NA,Subway,nans,first,,a,,JB_1205
13,3a39d3c30173b8543c7d46d8a584c6571b9041cd6f4f36f5f1df2fb661ef135c,Subway,which_fast_food_chain_offers_foot-long_sandwiches_and_has_the_slogan_eat_fresh_fill_11.wav,filler_other,NA,NA,NA,Subway,,,,,,
13,3a39d3c30173b8543c7d46d8a584c6571b9041cd6f4f36f5f1df2fb661ef135c,I’m good — skip to the next question,which_fast_food_chain_offers_foot-long_sandwiches_and_has_the_slogan_eat_fresh_fill_11.wav,filler_other,NA,NA,NA,Subway,s,secsame,,,,JB_1205
13,3a39d3c30173b8543c7d46d8a584c6571b9041cd6f4f36f5f1df2fb661ef135c,NA,which_fast_food_chain_offers_foot-long_sandwiches_and_has_the_slogan_eat_fresh_fill_11.wav,filler_other,NA,NA,NA,Subway,,,,,,
13,3a39d3c30173b8543c7d46d8a584c6571b9041cd6f4f36f5f1df2fb661ef135c,The question does NOT need any corrections.,which_cartoon_dog_solves_mysteries_with_the_group_fred_daphne_velma_and_shaggy_fill_10.wav,filler_other,NA,NA,NA,Scooby-Doo,nans,first,,a,,JB_1205
13,3a39d3c30173b8543c7d46d8a584c6571b9041cd6f4f36f5f1df2fb661ef135c,Scooby Doo.,which_cartoon_dog_solves_mysteries_with_the_group_fred_daphne_velma_and_shaggy_fill_10.wav,filler_other,NA,NA,NA,Scooby-Doo,,,,,,
13,3a39d3c30173b8543c7d46d8a584c6571b9041cd6f4f36f5f1df2fb661ef135c,I’m good — skip to the next question,which_cartoon_dog_solves_mysteries_with_the_group_fred_daphne_velma_and_shaggy_fill_10.wav,filler_other,NA,NA,NA,Scooby-Doo,s,secsame,,,,JB_1205
13,3a39d3c30173b8543c7d46d8a584c6571b9041cd6f4f36f5f1df2fb661ef135c,NA,which_cartoon_dog_solves_mysteries_with_the_group_fred_daphne_velma_and_shaggy_fill_10.wav,filler_other,NA,NA,NA,Scooby-Doo,,,,,,
13,3a39d3c30173b8543c7d46d8a584c6571b9041cd6f4f36f5f1df2fb661ef135c,"The question needs to be CORRECTED (Select this if you spot an error, even if you don’t know the answer).",what_term_refers_to_armored_men_who_enjoyed_carrying_medieval_swords_that_clash_in_combat_targ_02_A.wav,target,correct,infinitive vs. participle,/ʃ/ --> /s/; clash/class,knights,y,first,otherp,,refers to mispronunciation of 'term' and 'medieval men',JB_1205
13,3a39d3c30173b8543c7d46d8a584c6571b9041cd6f4f36f5f1df2fb661ef135c,"I think shes saying ""what term refers to medieval men who have swords that clash in combat.?""
 

 she just needs to re-record all of that. It's just like the way she says term and medeval men....she needs to redo that part.
 

 the answer is Knights.",what_term_refers_to_armored_men_who_enjoyed_carrying_medieval_swords_that_clash_in_combat_targ_02_A.wav,target,correct,infinitive vs. participle,/ʃ/ --> /s/; clash/class,knights,,,,,,
13,3a39d3c30173b8543c7d46d8a584c6571b9041cd6f4f36f5f1df2fb661ef135c,I’m good — skip to the next question,what_term_refers_to_armored_men_who_enjoyed_carrying_medieval_swords_that_clash_in_combat_targ_02_A.wav,target,correct,infinitive vs. participle,/ʃ/ --> /s/; clash/class,knights,s,secsame,,,,JB_1205
13,3a39d3c30173b8543c7d46d8a584c6571b9041cd6f4f36f5f1df2fb661ef135c,NA,what_term_refers_to_armored_men_who_enjoyed_carrying_medieval_swords_that_clash_in_combat_targ_02_A.wav,target,correct,infinitive vs. participle,/ʃ/ --> /s/; clash/class,knights,,,,,,
13,3a39d3c30173b8543c7d46d8a584c6571b9041cd6f4f36f5f1df2fb661ef135c,"The question needs to be CORRECTED (Select this if you spot an error, even if you don’t know the answer).",where_do_people_get_drivers_licenses_since_is_required_as_valid_id_to_drive_targ_16_C.wav,target,non_phon_err,expletive 'it' dropping,/v/ --> /b/; valid/ballad,DMV,y,first,np,,,JB_1205
13,3a39d3c30173b8543c7d46d8a584c6571b9041cd6f4f36f5f1df2fb661ef135c,"She should say ""since its required"" not ""since it required""
 

 and the answer is the DMV or DPS.",where_do_people_get_drivers_licenses_since_is_required_as_valid_id_to_drive_targ_16_C.wav,target,non_phon_err,expletive 'it' dropping,/v/ --> /b/; valid/ballad,DMV,,,,,,
13,3a39d3c30173b8543c7d46d8a584c6571b9041cd6f4f36f5f1df2fb661ef135c,I’m good — skip to the next question,where_do_people_get_drivers_licenses_since_is_required_as_valid_id_to_drive_targ_16_C.wav,target,non_phon_err,expletive 'it' dropping,/v/ --> /b/; valid/ballad,DMV,s,secsame,,,,JB_1205
13,3a39d3c30173b8543c7d46d8a584c6571b9041cd6f4f36f5f1df2fb661ef135c,NA,where_do_people_get_drivers_licenses_since_is_required_as_valid_id_to_drive_targ_16_C.wav,target,non_phon_err,expletive 'it' dropping,/v/ --> /b/; valid/ballad,DMV,,,,,,
13,3a39d3c30173b8543c7d46d8a584c6571b9041cd6f4f36f5f1df2fb661ef135c,"The question does NOT need any corrections, but I don't know the answer/ I don't understand what the question is asking.",how_many_legs_does_a_canadian_garden_spider_whose_silk_can_make_cloth_have_targ_06_A.wav,target,correct,adj/noun order,/θ/ --> /t/; cloth/clot,eight,nun,first,,,,JB_1205
13,3a39d3c30173b8543c7d46d8a584c6571b9041cd6f4f36f5f1df2fb661ef135c,I dont' know the answer.,how_many_legs_does_a_canadian_garden_spider_whose_silk_can_make_cloth_have_targ_06_A.wav,target,correct,adj/noun order,/θ/ --> /t/; cloth/clot,eight,,,,,,
13,3a39d3c30173b8543c7d46d8a584c6571b9041cd6f4f36f5f1df2fb661ef135c,I’m good — skip to the next question,how_many_legs_does_a_canadian_garden_spider_whose_silk_can_make_cloth_have_targ_06_A.wav,target,correct,adj/noun order,/θ/ --> /t/; cloth/clot,eight,s,secsame,,,,JB_1205
13,3a39d3c30173b8543c7d46d8a584c6571b9041cd6f4f36f5f1df2fb661ef135c,NA,how_many_legs_does_a_canadian_garden_spider_whose_silk_can_make_cloth_have_targ_06_A.wav,target,correct,adj/noun order,/θ/ --> /t/; cloth/clot,eight,,,,,,
13,3a39d3c30173b8543c7d46d8a584c6571b9041cd6f4f36f5f1df2fb661ef135c,"The question needs to be CORRECTED (Select this if you spot an error, even if you don’t know the answer).",how_many_days_wooed_wooled_my_bike_tandem_be_gone_if_someone_borrows_it_for_july_targ_17_D.wav,target,both_err,adj/noun order,/ʊ/ --> /u/; would/wooed,thirty-one days,y,first,p,,seems to notice phon error on first attempt and non-phon error on second attempt,JB_1205
13,3a39d3c30173b8543c7d46d8a584c6571b9041cd6f4f36f5f1df2fb661ef135c,"How many days would my bike be gone if someone borrows it in July?
 

 I think thats what she was trying to say but just the middle of it.
 

 Will or would my bike be gone.....she needs to redo that part.
 

 the answer is 31.",how_many_days_wooed_wooled_my_bike_tandem_be_gone_if_someone_borrows_it_for_july_targ_17_D.wav,target,both_err,adj/noun order,/ʊ/ --> /u/; would/wooed,thirty-one days,,,,,,
13,3a39d3c30173b8543c7d46d8a584c6571b9041cd6f4f36f5f1df2fb661ef135c,"The question needs to be CORRECTED (Select this if you spot an error, even if you don’t know the answer).",how_many_days_wooed_wooled_my_bike_tandem_be_gone_if_someone_borrows_it_for_july_targ_17_D.wav,target,both_err,adj/noun order,/ʊ/ --> /u/; would/wooed,thirty-one days,y,secdiff,np,,,JB_1205
13,3a39d3c30173b8543c7d46d8a584c6571b9041cd6f4f36f5f1df2fb661ef135c,"my bike something will be gone. 
 

 That word as well
 

 i think the answer is 31.",how_many_days_wooed_wooled_my_bike_tandem_be_gone_if_someone_borrows_it_for_july_targ_17_D.wav,target,both_err,adj/noun order,/ʊ/ --> /u/; would/wooed,thirty-one days,,,,,,
13,3a39d3c30173b8543c7d46d8a584c6571b9041cd6f4f36f5f1df2fb661ef135c,The question does NOT need any corrections.,what_is_the_name_of_the_video_game_character_who_is_a_traveling_italian_plumber_fill_08.wav,filler_other,NA,NA,NA,Mario,nans,first,,a,,JB_1205
13,3a39d3c30173b8543c7d46d8a584c6571b9041cd6f4f36f5f1df2fb661ef135c,Mario.,what_is_the_name_of_the_video_game_character_who_is_a_traveling_italian_plumber_fill_08.wav,filler_other,NA,NA,NA,Mario,,,,,,
13,3a39d3c30173b8543c7d46d8a584c6571b9041cd6f4f36f5f1df2fb661ef135c,I’m good — skip to the next question,what_is_the_name_of_the_video_game_character_who_is_a_traveling_italian_plumber_fill_08.wav,filler_other,NA,NA,NA,Mario,s,secsame,,,,JB_1205
13,3a39d3c30173b8543c7d46d8a584c6571b9041cd6f4f36f5f1df2fb661ef135c,NA,what_is_the_name_of_the_video_game_character_who_is_a_traveling_italian_plumber_fill_08.wav,filler_other,NA,NA,NA,Mario,,,,,,
13,3a39d3c30173b8543c7d46d8a584c6571b9041cd6f4f36f5f1df2fb661ef135c,The question does NOT need any corrections.,what_holiday_occurs_at_the_end_of_october_and_features_trick-or-treating_pumpkins_and_haunted_houses_fill_07.wav,filler_other,NA,NA,NA,Halloween,nans,first,,a,,JB_1205
13,3a39d3c30173b8543c7d46d8a584c6571b9041cd6f4f36f5f1df2fb661ef135c,Halloween,what_holiday_occurs_at_the_end_of_october_and_features_trick-or-treating_pumpkins_and_haunted_houses_fill_07.wav,filler_other,NA,NA,NA,Halloween,,,,,,
13,3a39d3c30173b8543c7d46d8a584c6571b9041cd6f4f36f5f1df2fb661ef135c,I’m good — skip to the next question,what_holiday_occurs_at_the_end_of_october_and_features_trick-or-treating_pumpkins_and_haunted_houses_fill_07.wav,filler_other,NA,NA,NA,Halloween,s,secsame,,,,JB_1205
13,3a39d3c30173b8543c7d46d8a584c6571b9041cd6f4f36f5f1df2fb661ef135c,NA,what_holiday_occurs_at_the_end_of_october_and_features_trick-or-treating_pumpkins_and_haunted_houses_fill_07.wav,filler_other,NA,NA,NA,Halloween,,,,,,
13,3a39d3c30173b8543c7d46d8a584c6571b9041cd6f4f36f5f1df2fb661ef135c,"The question does NOT need any corrections, but I don't know the answer/ I don't understand what the question is asking.",who_did_americans_vote_for_to_be_their_first_president_who_avoided_serving_three_terms_targ_10_A.wav,target,correct,infinitive vs. participle,/v/ --> /b/; vote/boat,George Washington,nun,first,,,,JB_1205
13,3a39d3c30173b8543c7d46d8a584c6571b9041cd6f4f36f5f1df2fb661ef135c,N/A,who_did_americans_vote_for_to_be_their_first_president_who_avoided_serving_three_terms_targ_10_A.wav,target,correct,infinitive vs. participle,/v/ --> /b/; vote/boat,George Washington,,,,,,
13,3a39d3c30173b8543c7d46d8a584c6571b9041cd6f4f36f5f1df2fb661ef135c,I’m good — skip to the next question,who_did_americans_vote_for_to_be_their_first_president_who_avoided_serving_three_terms_targ_10_A.wav,target,correct,infinitive vs. participle,/v/ --> /b/; vote/boat,George Washington,s,secsame,,,,JB_1205
13,3a39d3c30173b8543c7d46d8a584c6571b9041cd6f4f36f5f1df2fb661ef135c,NA,who_did_americans_vote_for_to_be_their_first_president_who_avoided_serving_three_terms_targ_10_A.wav,target,correct,infinitive vs. participle,/v/ --> /b/; vote/boat,George Washington,,,,,,
13,3a39d3c30173b8543c7d46d8a584c6571b9041cd6f4f36f5f1df2fb661ef135c,The question does NOT need any corrections.,for_what_pink_ice_cream_flavor_wheel_companies_make_their_best_to_use_real_fruit_targ_01_D.wav,target,both_err,make vs. other verb,/ɪ/ --> /i/; will/wheel,strawberry,nans,first,,a,,JB_1205
13,3a39d3c30173b8543c7d46d8a584c6571b9041cd6f4f36f5f1df2fb661ef135c,Strawberry,for_what_pink_ice_cream_flavor_wheel_companies_make_their_best_to_use_real_fruit_targ_01_D.wav,target,both_err,make vs. other verb,/ɪ/ --> /i/; will/wheel,strawberry,,,,,,
13,3a39d3c30173b8543c7d46d8a584c6571b9041cd6f4f36f5f1df2fb661ef135c,I’m good — skip to the next question,for_what_pink_ice_cream_flavor_wheel_companies_make_their_best_to_use_real_fruit_targ_01_D.wav,target,both_err,make vs. other verb,/ɪ/ --> /i/; will/wheel,strawberry,s,secsame,,,,JB_1205
13,3a39d3c30173b8543c7d46d8a584c6571b9041cd6f4f36f5f1df2fb661ef135c,NA,for_what_pink_ice_cream_flavor_wheel_companies_make_their_best_to_use_real_fruit_targ_01_D.wav,target,both_err,make vs. other verb,/ɪ/ --> /i/; will/wheel,strawberry,,,,,,
13,3a39d3c30173b8543c7d46d8a584c6571b9041cd6f4f36f5f1df2fb661ef135c,The question does NOT need any corrections.,if_a_hardworking_janitor_cleaned_a_vent_in_five_minutes_how_many_seconds_is_that_targ_22_A.wav,target,correct,adj/noun order,/v/ --> /b/; vent/bent,eight,nans,first,,a,,JB_1205
13,3a39d3c30173b8543c7d46d8a584c6571b9041cd6f4f36f5f1df2fb661ef135c,300 seconds.,if_a_hardworking_janitor_cleaned_a_vent_in_five_minutes_how_many_seconds_is_that_targ_22_A.wav,target,correct,adj/noun order,/v/ --> /b/; vent/bent,eight,,,,,,
13,3a39d3c30173b8543c7d46d8a584c6571b9041cd6f4f36f5f1df2fb661ef135c,I’m good — skip to the next question,if_a_hardworking_janitor_cleaned_a_vent_in_five_minutes_how_many_seconds_is_that_targ_22_A.wav,target,correct,adj/noun order,/v/ --> /b/; vent/bent,eight,s,secsame,,,,JB_1205
13,3a39d3c30173b8543c7d46d8a584c6571b9041cd6f4f36f5f1df2fb661ef135c,NA,if_a_hardworking_janitor_cleaned_a_vent_in_five_minutes_how_many_seconds_is_that_targ_22_A.wav,target,correct,adj/noun order,/v/ --> /b/; vent/bent,eight,,,,,,
13,3a39d3c30173b8543c7d46d8a584c6571b9041cd6f4f36f5f1df2fb661ef135c,"The question needs to be CORRECTED (Select this if you spot an error, even if you don’t know the answer).",which_season_do_we_associate_with_thanksgiving_the_beginning_of_school_and_leaves_turning_brown_fill_19.wav,filler_other,NA,NA,NA,Fall,y,first,otherfill,,reports various mispronunciations,JB_1205
13,3a39d3c30173b8543c7d46d8a584c6571b9041cd6f4f36f5f1df2fb661ef135c,"the way she says season. She needs to speak up louder.
 

 the answer is fall.",which_season_do_we_associate_with_thanksgiving_the_beginning_of_school_and_leaves_turning_brown_fill_19.wav,filler_other,NA,NA,NA,Fall,,,,,,
13,3a39d3c30173b8543c7d46d8a584c6571b9041cd6f4f36f5f1df2fb661ef135c,"The question needs to be CORRECTED (Select this if you spot an error, even if you don’t know the answer).",which_season_do_we_associate_with_thanksgiving_the_beginning_of_school_and_leaves_turning_brown_fill_19.wav,filler_other,NA,NA,NA,Fall,y,secdiff,otherfill,,,JB_1205
13,3a39d3c30173b8543c7d46d8a584c6571b9041cd6f4f36f5f1df2fb661ef135c,i think she says the beginning of school? or something? i dunno...she needs to record what she says after she says thanksgiving.,which_season_do_we_associate_with_thanksgiving_the_beginning_of_school_and_leaves_turning_brown_fill_19.wav,filler_other,NA,NA,NA,Fall,,,,,,
13,3a39d3c30173b8543c7d46d8a584c6571b9041cd6f4f36f5f1df2fb661ef135c,The question does NOT need any corrections.,which_tropical_fruit_that_grows_on_palm_trees_is_used_for_oils_and_milks_fill_18.wav,filler_other,NA,NA,NA,coconuts,nans,first,,a,,JB_1205
13,3a39d3c30173b8543c7d46d8a584c6571b9041cd6f4f36f5f1df2fb661ef135c,Coconuts.,which_tropical_fruit_that_grows_on_palm_trees_is_used_for_oils_and_milks_fill_18.wav,filler_other,NA,NA,NA,coconuts,,,,,,
13,3a39d3c30173b8543c7d46d8a584c6571b9041cd6f4f36f5f1df2fb661ef135c,I’m good — skip to the next question,which_tropical_fruit_that_grows_on_palm_trees_is_used_for_oils_and_milks_fill_18.wav,filler_other,NA,NA,NA,coconuts,s,secsame,,,,JB_1205
13,3a39d3c30173b8543c7d46d8a584c6571b9041cd6f4f36f5f1df2fb661ef135c,NA,which_tropical_fruit_that_grows_on_palm_trees_is_used_for_oils_and_milks_fill_18.wav,filler_other,NA,NA,NA,coconuts,,,,,,
13,3a39d3c30173b8543c7d46d8a584c6571b9041cd6f4f36f5f1df2fb661ef135c,The question does NOT need any corrections.,what_kind_of_animal_is_mickey_mouse’s_girlfriend_minnie_who_wears_a_bow_fill_09.wav,filler_other,NA,NA,NA,mouse,nans,first,,a,,JB_1205
13,3a39d3c30173b8543c7d46d8a584c6571b9041cd6f4f36f5f1df2fb661ef135c,A Mouse.,what_kind_of_animal_is_mickey_mouse’s_girlfriend_minnie_who_wears_a_bow_fill_09.wav,filler_other,NA,NA,NA,mouse,,,,,,
13,3a39d3c30173b8543c7d46d8a584c6571b9041cd6f4f36f5f1df2fb661ef135c,I’m good — skip to the next question,what_kind_of_animal_is_mickey_mouse’s_girlfriend_minnie_who_wears_a_bow_fill_09.wav,filler_other,NA,NA,NA,mouse,s,secsame,,,,JB_1205
13,3a39d3c30173b8543c7d46d8a584c6571b9041cd6f4f36f5f1df2fb661ef135c,NA,what_kind_of_animal_is_mickey_mouse’s_girlfriend_minnie_who_wears_a_bow_fill_09.wav,filler_other,NA,NA,NA,mouse,,,,,,
13,3a39d3c30173b8543c7d46d8a584c6571b9041cd6f4f36f5f1df2fb661ef135c,The question does NOT need any corrections.,who_discovered_the_law_of_universal_gravitation_which_accounts_for_why_objects_naturally_fall_downwards_fill_15.wav,filler_other,NA,NA,NA,Isaac Newton,nans,first,,a,,JB_1205
13,3a39d3c30173b8543c7d46d8a584c6571b9041cd6f4f36f5f1df2fb661ef135c,Issac Newton,who_discovered_the_law_of_universal_gravitation_which_accounts_for_why_objects_naturally_fall_downwards_fill_15.wav,filler_other,NA,NA,NA,Isaac Newton,,,,,,
13,3a39d3c30173b8543c7d46d8a584c6571b9041cd6f4f36f5f1df2fb661ef135c,"The question needs to be CORRECTED (Select this if you spot an error, even if you don’t know the answer).",who_discovered_the_law_of_universal_gravitation_which_accounts_for_why_objects_naturally_fall_downwards_fill_15.wav,filler_other,NA,NA,NA,Isaac Newton,y,secdiff,,,reports mispronunciation of 'universal gravitation',JB_1205
13,3a39d3c30173b8543c7d46d8a584c6571b9041cd6f4f36f5f1df2fb661ef135c,"the way she says ""universal gravitation""
 

 she should probably re-record that part.",who_discovered_the_law_of_universal_gravitation_which_accounts_for_why_objects_naturally_fall_downwards_fill_15.wav,filler_other,NA,NA,NA,Isaac Newton,,,,,,
13,3a39d3c30173b8543c7d46d8a584c6571b9041cd6f4f36f5f1df2fb661ef135c,The question does NOT need any corrections.,when_you_are_hot_what_device_measures_body_temperature_in_both_celsius_and_fahrenheit_targ_18_A.wav,target,correct,have vs. be,/θ/ --> /t/; both/boat,thermometer,nans,first,,w,,JB_1205
13,3a39d3c30173b8543c7d46d8a584c6571b9041cd6f4f36f5f1df2fb661ef135c,Thermostat.,when_you_are_hot_what_device_measures_body_temperature_in_both_celsius_and_fahrenheit_targ_18_A.wav,target,correct,have vs. be,/θ/ --> /t/; both/boat,thermometer,,,,,,
13,3a39d3c30173b8543c7d46d8a584c6571b9041cd6f4f36f5f1df2fb661ef135c,I’m good — skip to the next question,when_you_are_hot_what_device_measures_body_temperature_in_both_celsius_and_fahrenheit_targ_18_A.wav,target,correct,have vs. be,/θ/ --> /t/; both/boat,thermometer,s,secsame,,,,JB_1205
13,3a39d3c30173b8543c7d46d8a584c6571b9041cd6f4f36f5f1df2fb661ef135c,NA,when_you_are_hot_what_device_measures_body_temperature_in_both_celsius_and_fahrenheit_targ_18_A.wav,target,correct,have vs. be,/θ/ --> /t/; both/boat,thermometer,,,,,,
13,3a39d3c30173b8543c7d46d8a584c6571b9041cd6f4f36f5f1df2fb661ef135c,The question does NOT need any corrections.,because_is_important_to_honor_the_irish_saint_what_holiday_occurs_on_march_17th_targ_08_C.wav,target,non_phon_err,expletive 'it' dropping,/ʃ/ --> /s/; Irish/iris,St. Patrick's Day,nans,first,,a,,JB_1205
13,3a39d3c30173b8543c7d46d8a584c6571b9041cd6f4f36f5f1df2fb661ef135c,St. Patrick's Day.,because_is_important_to_honor_the_irish_saint_what_holiday_occurs_on_march_17th_targ_08_C.wav,target,non_phon_err,expletive 'it' dropping,/ʃ/ --> /s/; Irish/iris,St. Patrick's Day,,,,,,
13,3a39d3c30173b8543c7d46d8a584c6571b9041cd6f4f36f5f1df2fb661ef135c,I’m good — skip to the next question,because_is_important_to_honor_the_irish_saint_what_holiday_occurs_on_march_17th_targ_08_C.wav,target,non_phon_err,expletive 'it' dropping,/ʃ/ --> /s/; Irish/iris,St. Patrick's Day,s,secsame,,,,JB_1205
13,3a39d3c30173b8543c7d46d8a584c6571b9041cd6f4f36f5f1df2fb661ef135c,NA,because_is_important_to_honor_the_irish_saint_what_holiday_occurs_on_march_17th_targ_08_C.wav,target,non_phon_err,expletive 'it' dropping,/ʃ/ --> /s/; Irish/iris,St. Patrick's Day,,,,,,
13,3a39d3c30173b8543c7d46d8a584c6571b9041cd6f4f36f5f1df2fb661ef135c,The question does NOT need any corrections.,in_what_country_would_you_find_landmarks_like_the_pyramids_of_giza_and_great_sphinx_fill_24.wav,filler_other,NA,NA,NA,Egypt,nans,first,,a,,JB_1205
13,3a39d3c30173b8543c7d46d8a584c6571b9041cd6f4f36f5f1df2fb661ef135c,Egypt.,in_what_country_would_you_find_landmarks_like_the_pyramids_of_giza_and_great_sphinx_fill_24.wav,filler_other,NA,NA,NA,Egypt,,,,,,
13,3a39d3c30173b8543c7d46d8a584c6571b9041cd6f4f36f5f1df2fb661ef135c,"The question needs to be CORRECTED (Select this if you spot an error, even if you don’t know the answer).",in_what_country_would_you_find_landmarks_like_the_pyramids_of_giza_and_great_sphinx_fill_24.wav,filler_other,NA,NA,NA,Egypt,y,secdiff,otherfill,,reports mispronunciation of 'Sphynx',JB_1205
13,3a39d3c30173b8543c7d46d8a584c6571b9041cd6f4f36f5f1df2fb661ef135c,"The way she says Sphinx. She says Phinx. She needs an S. I don't think the S is silent.
 

 the answer is egypt.",in_what_country_would_you_find_landmarks_like_the_pyramids_of_giza_and_great_sphinx_fill_24.wav,filler_other,NA,NA,NA,Egypt,,,,,,
13,3a39d3c30173b8543c7d46d8a584c6571b9041cd6f4f36f5f1df2fb661ef135c,The question does NOT need any corrections.,what_is_the_name_of_the_comic_strip_featuring_charlie_brown_and_his_dog_snoopy_fill_06.wav,filler_other,NA,NA,NA,Peanuts,nans,first,,a,,JB_1205
13,3a39d3c30173b8543c7d46d8a584c6571b9041cd6f4f36f5f1df2fb661ef135c,Peanuts.,what_is_the_name_of_the_comic_strip_featuring_charlie_brown_and_his_dog_snoopy_fill_06.wav,filler_other,NA,NA,NA,Peanuts,,,,,,
13,3a39d3c30173b8543c7d46d8a584c6571b9041cd6f4f36f5f1df2fb661ef135c,I’m good — skip to the next question,what_is_the_name_of_the_comic_strip_featuring_charlie_brown_and_his_dog_snoopy_fill_06.wav,filler_other,NA,NA,NA,Peanuts,s,secsame,,,,JB_1205
13,3a39d3c30173b8543c7d46d8a584c6571b9041cd6f4f36f5f1df2fb661ef135c,NA,what_is_the_name_of_the_comic_strip_featuring_charlie_brown_and_his_dog_snoopy_fill_06.wav,filler_other,NA,NA,NA,Peanuts,,,,,,
13,3a39d3c30173b8543c7d46d8a584c6571b9041cd6f4f36f5f1df2fb661ef135c,The question does NOT need any corrections.,which_body_part_did_van_gogh_allegedly_cut_off_after_an_argument_with_his_friend_fill_05.wav,filler_other,NA,NA,NA,ear,nans,first,,a,,JB_1205
13,3a39d3c30173b8543c7d46d8a584c6571b9041cd6f4f36f5f1df2fb661ef135c,I think it's either His Ear or His Finger.,which_body_part_did_van_gogh_allegedly_cut_off_after_an_argument_with_his_friend_fill_05.wav,filler_other,NA,NA,NA,ear,,,,,,
13,3a39d3c30173b8543c7d46d8a584c6571b9041cd6f4f36f5f1df2fb661ef135c,I’m good — skip to the next question,which_body_part_did_van_gogh_allegedly_cut_off_after_an_argument_with_his_friend_fill_05.wav,filler_other,NA,NA,NA,ear,s,secsame,,,,JB_1205
13,3a39d3c30173b8543c7d46d8a584c6571b9041cd6f4f36f5f1df2fb661ef135c,NA,which_body_part_did_van_gogh_allegedly_cut_off_after_an_argument_with_his_friend_fill_05.wav,filler_other,NA,NA,NA,ear,,,,,,
13,3a39d3c30173b8543c7d46d8a584c6571b9041cd6f4f36f5f1df2fb661ef135c,"The question needs to be CORRECTED (Select this if you spot an error, even if you don’t know the answer).",which_british_celebrity_judge_often_harshly_critiqued_contestants_on_the_nationwide_singing_contest_american_idol_fill_03.wav,filler_other,NA,NA,NA,Simon Cowell,y,first,otherp,,reports general mispronunciation and difficulty understanding,JB_1205
13,3a39d3c30173b8543c7d46d8a584c6571b9041cd6f4f36f5f1df2fb661ef135c,I can't hear the middle ground of what the lady is saying. I'll have to listen again.,which_british_celebrity_judge_often_harshly_critiqued_contestants_on_the_nationwide_singing_contest_american_idol_fill_03.wav,filler_other,NA,NA,NA,Simon Cowell,,,,,,
13,3a39d3c30173b8543c7d46d8a584c6571b9041cd6f4f36f5f1df2fb661ef135c,"The question needs to be CORRECTED (Select this if you spot an error, even if you don’t know the answer).",which_british_celebrity_judge_often_harshly_critiqued_contestants_on_the_nationwide_singing_contest_american_idol_fill_03.wav,filler_other,NA,NA,NA,Simon Cowell,y,secsame,otherp,,,JB_1205
13,3a39d3c30173b8543c7d46d8a584c6571b9041cd6f4f36f5f1df2fb661ef135c,"She kinda needs to correct a bit of it. Just with the pronunciation..
 

 The answer is Simon Cowell.",which_british_celebrity_judge_often_harshly_critiqued_contestants_on_the_nationwide_singing_contest_american_idol_fill_03.wav,filler_other,NA,NA,NA,Simon Cowell,,,,,,
13,3a39d3c30173b8543c7d46d8a584c6571b9041cd6f4f36f5f1df2fb661ef135c,"The question needs to be CORRECTED (Select this if you spot an error, even if you don’t know the answer).",what_supplies_you_need_to_neat_a_scarf_targ_13_D.wav,target,both_err,no aux verbs in questions (lack of do support),/ɪ/ --> /i/; knit/neat,needles and yarn,y,first,otherp,,not specific in reporting mispronunciation - difficult to tell if target error is noticed,JB_1205
13,3a39d3c30173b8543c7d46d8a584c6571b9041cd6f4f36f5f1df2fb661ef135c,"The way she says ""what supplies do you need to knit a scarf""
 

 I don't know the answer but she just doesn't pronounce it very well.",what_supplies_you_need_to_neat_a_scarf_targ_13_D.wav,target,both_err,no aux verbs in questions (lack of do support),/ɪ/ --> /i/; knit/neat,needles and yarn,,,,,,
13,3a39d3c30173b8543c7d46d8a584c6571b9041cd6f4f36f5f1df2fb661ef135c,I’m good — skip to the next question,what_supplies_you_need_to_neat_a_scarf_targ_13_D.wav,target,both_err,no aux verbs in questions (lack of do support),/ɪ/ --> /i/; knit/neat,needles and yarn,s,secsame,,,,JB_1205
13,3a39d3c30173b8543c7d46d8a584c6571b9041cd6f4f36f5f1df2fb661ef135c,NA,what_supplies_you_need_to_neat_a_scarf_targ_13_D.wav,target,both_err,no aux verbs in questions (lack of do support),/ɪ/ --> /i/; knit/neat,needles and yarn,,,,,,
13,3a39d3c30173b8543c7d46d8a584c6571b9041cd6f4f36f5f1df2fb661ef135c,"The question needs to be CORRECTED (Select this if you spot an error, even if you don’t know the answer).",what_kind_of_weather_cooed_cooled_occur_when_is_raining_and_below_freezing_targ_05_D.wav,target,both_err,expletive 'it' dropping,/ʊ/ --> /u/; could/cooed,snow,y,first,other,,hard to tell which error is noticed,JB_1205
13,3a39d3c30173b8543c7d46d8a584c6571b9041cd6f4f36f5f1df2fb661ef135c,i can't really understand what she is saying i need to listen again.,what_kind_of_weather_cooed_cooled_occur_when_is_raining_and_below_freezing_targ_05_D.wav,target,both_err,expletive 'it' dropping,/ʊ/ --> /u/; could/cooed,snow,,,,,,
13,3a39d3c30173b8543c7d46d8a584c6571b9041cd6f4f36f5f1df2fb661ef135c,"The question needs to be CORRECTED (Select this if you spot an error, even if you don’t know the answer).",what_kind_of_weather_cooed_cooled_occur_when_is_raining_and_below_freezing_targ_05_D.wav,target,both_err,expletive 'it' dropping,/ʊ/ --> /u/; could/cooed,snow,y,secdiff,otherp,,hard to tell which error is noticed,JB_1205
13,3a39d3c30173b8543c7d46d8a584c6571b9041cd6f4f36f5f1df2fb661ef135c,"shes trying to say.
 

 ""what kind of weather can ago when it's raining and below freezing.""
 

  The answer is snow.
 

 She's just off on pronunciation.",what_kind_of_weather_cooed_cooled_occur_when_is_raining_and_below_freezing_targ_05_D.wav,target,both_err,expletive 'it' dropping,/ʊ/ --> /u/; could/cooed,snow,,,,,,
13,3a39d3c30173b8543c7d46d8a584c6571b9041cd6f4f36f5f1df2fb661ef135c,The question does NOT need any corrections.,what_letter_in_the_latin_alphabet_corresponds_to_the_greek_letter_alpha_fill_01.wav,filler_other,NA,NA,NA,a,nans,first,,a,,JB_1205
13,3a39d3c30173b8543c7d46d8a584c6571b9041cd6f4f36f5f1df2fb661ef135c,A,what_letter_in_the_latin_alphabet_corresponds_to_the_greek_letter_alpha_fill_01.wav,filler_other,NA,NA,NA,a,,,,,,
13,3a39d3c30173b8543c7d46d8a584c6571b9041cd6f4f36f5f1df2fb661ef135c,I’m good — skip to the next question,what_letter_in_the_latin_alphabet_corresponds_to_the_greek_letter_alpha_fill_01.wav,filler_other,NA,NA,NA,a,s,secsame,,,,JB_1205
13,3a39d3c30173b8543c7d46d8a584c6571b9041cd6f4f36f5f1df2fb661ef135c,NA,what_letter_in_the_latin_alphabet_corresponds_to_the_greek_letter_alpha_fill_01.wav,filler_other,NA,NA,NA,a,,,,,,
13,3a39d3c30173b8543c7d46d8a584c6571b9041cd6f4f36f5f1df2fb661ef135c,The question does NOT need any corrections.,what_organ_is_often_associated_with_being_eaten_by_rotting_flesh_monsters_also_known_as_zombies_fill_02.wav,filler_other,NA,NA,NA,the brain,nans,first,,a,,JB_1205
13,3a39d3c30173b8543c7d46d8a584c6571b9041cd6f4f36f5f1df2fb661ef135c,Brains,what_organ_is_often_associated_with_being_eaten_by_rotting_flesh_monsters_also_known_as_zombies_fill_02.wav,filler_other,NA,NA,NA,the brain,,,,,,
13,3a39d3c30173b8543c7d46d8a584c6571b9041cd6f4f36f5f1df2fb661ef135c,I’m good — skip to the next question,what_organ_is_often_associated_with_being_eaten_by_rotting_flesh_monsters_also_known_as_zombies_fill_02.wav,filler_other,NA,NA,NA,the brain,s,secsame,,,,JB_1205
13,3a39d3c30173b8543c7d46d8a584c6571b9041cd6f4f36f5f1df2fb661ef135c,NA,what_organ_is_often_associated_with_being_eaten_by_rotting_flesh_monsters_also_known_as_zombies_fill_02.wav,filler_other,NA,NA,NA,the brain,,,,,,
13,3a39d3c30173b8543c7d46d8a584c6571b9041cd6f4f36f5f1df2fb661ef135c,The question does NOT need any corrections.,what_popular_us_chain_provides_a_happy_meal_toy_or_plush_when_kids_have_hungry_targ_20_C.wav,target,non_phon_err,have vs. be,/ʃ/ --> /s/; plush/plus,McDonald's,nans,first,,a,,JB_1205
13,3a39d3c30173b8543c7d46d8a584c6571b9041cd6f4f36f5f1df2fb661ef135c,Mcdonalds.,what_popular_us_chain_provides_a_happy_meal_toy_or_plush_when_kids_have_hungry_targ_20_C.wav,target,non_phon_err,have vs. be,/ʃ/ --> /s/; plush/plus,McDonald's,,,,,,
13,3a39d3c30173b8543c7d46d8a584c6571b9041cd6f4f36f5f1df2fb661ef135c,"The question needs to be CORRECTED (Select this if you spot an error, even if you don’t know the answer).",what_popular_us_chain_provides_a_happy_meal_toy_or_plush_when_kids_have_hungry_targ_20_C.wav,target,non_phon_err,have vs. be,/ʃ/ --> /s/; plush/plus,McDonald's,y,secdiff,np,,,JB_1205
13,3a39d3c30173b8543c7d46d8a584c6571b9041cd6f4f36f5f1df2fb661ef135c,"She should say when ""kids are hungry"" not kids are hungry.
 

 the answer is mcdonalds.",what_popular_us_chain_provides_a_happy_meal_toy_or_plush_when_kids_have_hungry_targ_20_C.wav,target,non_phon_err,have vs. be,/ʃ/ --> /s/; plush/plus,McDonald's,,,,,,
13,3a39d3c30173b8543c7d46d8a584c6571b9041cd6f4f36f5f1df2fb661ef135c,"The question needs to be CORRECTED (Select this if you spot an error, even if you don’t know the answer).",if_youre_on_a_path_from_california_to_hawaii_which_ocean_you_go_through_targ_12_C.wav,target,non_phon_err,no aux verbs in questions (lack of do support),/θ/ --> /t/; path/pat,Pacific Ocean,y,first,np,,,JB_1205
13,3a39d3c30173b8543c7d46d8a584c6571b9041cd6f4f36f5f1df2fb661ef135c,"she's trying to say what ocean do you go through but shes says what ocean you go through.
 

 the answer is The Pacific.",if_youre_on_a_path_from_california_to_hawaii_which_ocean_you_go_through_targ_12_C.wav,target,non_phon_err,no aux verbs in questions (lack of do support),/θ/ --> /t/; path/pat,Pacific Ocean,,,,,,
13,3a39d3c30173b8543c7d46d8a584c6571b9041cd6f4f36f5f1df2fb661ef135c,I’m good — skip to the next question,if_youre_on_a_path_from_california_to_hawaii_which_ocean_you_go_through_targ_12_C.wav,target,non_phon_err,no aux verbs in questions (lack of do support),/θ/ --> /t/; path/pat,Pacific Ocean,s,secsame,,,,JB_1205
13,3a39d3c30173b8543c7d46d8a584c6571b9041cd6f4f36f5f1df2fb661ef135c,NA,if_youre_on_a_path_from_california_to_hawaii_which_ocean_you_go_through_targ_12_C.wav,target,non_phon_err,no aux verbs in questions (lack of do support),/θ/ --> /t/; path/pat,Pacific Ocean,,,,,,
13,3a39d3c30173b8543c7d46d8a584c6571b9041cd6f4f36f5f1df2fb661ef135c,The question does NOT need any corrections.,what_us_holiday_is_often_celebrated_with_fireworks_and_hotdogs_to_honor_americas_freedom_fill_17.wav,filler_other,NA,NA,NA,Independence Day,nans,first,,a,,JB_1205
13,3a39d3c30173b8543c7d46d8a584c6571b9041cd6f4f36f5f1df2fb661ef135c,July 4th.,what_us_holiday_is_often_celebrated_with_fireworks_and_hotdogs_to_honor_americas_freedom_fill_17.wav,filler_other,NA,NA,NA,Independence Day,,,,,,
13,3a39d3c30173b8543c7d46d8a584c6571b9041cd6f4f36f5f1df2fb661ef135c,I’m good — skip to the next question,what_us_holiday_is_often_celebrated_with_fireworks_and_hotdogs_to_honor_americas_freedom_fill_17.wav,filler_other,NA,NA,NA,Independence Day,s,secsame,,,,JB_1205
13,3a39d3c30173b8543c7d46d8a584c6571b9041cd6f4f36f5f1df2fb661ef135c,NA,what_us_holiday_is_often_celebrated_with_fireworks_and_hotdogs_to_honor_americas_freedom_fill_17.wav,filler_other,NA,NA,NA,Independence Day,,,,,,
14,3ecef783f6efc2180ba7cf96119ad54902bc45452b2538cc6fffe19dbf66bf3e,The question does NOT need any corrections.,what_state_is_los_angeles_located_in_fill_26.wav,att_check_good,NA,NA,NA,California,nans,first,,a,attention check passed (8/8 correct),JB_1204
14,3ecef783f6efc2180ba7cf96119ad54902bc45452b2538cc6fffe19dbf66bf3e,California,what_state_is_los_angeles_located_in_fill_26.wav,att_check_good,NA,NA,NA,California,,,,,,
14,3ecef783f6efc2180ba7cf96119ad54902bc45452b2538cc6fffe19dbf66bf3e,I’m good — skip to the next question,what_state_is_los_angeles_located_in_fill_26.wav,att_check_good,NA,NA,NA,California,s,secsame,,,,JB_1204
14,3ecef783f6efc2180ba7cf96119ad54902bc45452b2538cc6fffe19dbf66bf3e,NA,what_state_is_los_angeles_located_in_fill_26.wav,att_check_good,NA,NA,NA,California,,,,,,
14,3ecef783f6efc2180ba7cf96119ad54902bc45452b2538cc6fffe19dbf66bf3e,The question does NOT need any corrections.,what_color_is_a_typical_school_bus_fill_28.wav,att_check_good,NA,NA,NA,yellow,nans,first,,a,,JB_1204
14,3ecef783f6efc2180ba7cf96119ad54902bc45452b2538cc6fffe19dbf66bf3e,Yellow.,what_color_is_a_typical_school_bus_fill_28.wav,att_check_good,NA,NA,NA,yellow,,,,,,
14,3ecef783f6efc2180ba7cf96119ad54902bc45452b2538cc6fffe19dbf66bf3e,I’m good — skip to the next question,what_color_is_a_typical_school_bus_fill_28.wav,att_check_good,NA,NA,NA,yellow,s,secsame,,,,JB_1204
14,3ecef783f6efc2180ba7cf96119ad54902bc45452b2538cc6fffe19dbf66bf3e,NA,what_color_is_a_typical_school_bus_fill_28.wav,att_check_good,NA,NA,NA,yellow,,,,,,
14,3ecef783f6efc2180ba7cf96119ad54902bc45452b2538cc6fffe19dbf66bf3e,"The question needs to be CORRECTED (Select this if you spot an error, even if you don’t know the answer).",what_insect_undergoes_a_process_of_change_to_turn_into_a_butterfy_fill_30.wav,att_check_err,NA,NA,NA,caterpillar (butterfly),y,first,acheckp,,,JB_1204
14,3ecef783f6efc2180ba7cf96119ad54902bc45452b2538cc6fffe19dbf66bf3e,"""Butterfly"" sounded like ""butterfie."" The answer is caterpillar.",what_insect_undergoes_a_process_of_change_to_turn_into_a_butterfy_fill_30.wav,att_check_err,NA,NA,NA,caterpillar (butterfly),,,,,,
14,3ecef783f6efc2180ba7cf96119ad54902bc45452b2538cc6fffe19dbf66bf3e,I’m good — skip to the next question,what_insect_undergoes_a_process_of_change_to_turn_into_a_butterfy_fill_30.wav,att_check_err,NA,NA,NA,caterpillar (butterfly),s,secsame,,,,JB_1204
14,3ecef783f6efc2180ba7cf96119ad54902bc45452b2538cc6fffe19dbf66bf3e,NA,what_insect_undergoes_a_process_of_change_to_turn_into_a_butterfy_fill_30.wav,att_check_err,NA,NA,NA,caterpillar (butterfly),,,,,,
14,3ecef783f6efc2180ba7cf96119ad54902bc45452b2538cc6fffe19dbf66bf3e,"The question needs to be CORRECTED (Select this if you spot an error, even if you don’t know the answer).",how_many_embers_were_in_the_beatles_the_british_rock_band_fill_32.wav,att_check_err,NA,NA,NA,four (members),y,first,acheckp,,,JB_1204
14,3ecef783f6efc2180ba7cf96119ad54902bc45452b2538cc6fffe19dbf66bf3e,"""members"" sounded like ""embers."" The answer is 4.",how_many_embers_were_in_the_beatles_the_british_rock_band_fill_32.wav,att_check_err,NA,NA,NA,four (members),,,,,,
14,3ecef783f6efc2180ba7cf96119ad54902bc45452b2538cc6fffe19dbf66bf3e,I’m good — skip to the next question,how_many_embers_were_in_the_beatles_the_british_rock_band_fill_32.wav,att_check_err,NA,NA,NA,four (members),s,secsame,,,,JB_1204
14,3ecef783f6efc2180ba7cf96119ad54902bc45452b2538cc6fffe19dbf66bf3e,NA,how_many_embers_were_in_the_beatles_the_british_rock_band_fill_32.wav,att_check_err,NA,NA,NA,four (members),,,,,,
14,3ecef783f6efc2180ba7cf96119ad54902bc45452b2538cc6fffe19dbf66bf3e,The question does NOT need any corrections.,what_day_of_the_week_comes_after_monday_fill_27.wav,att_check_good,NA,NA,NA,Tuesday,nans,first,,a,,JB_1204
14,3ecef783f6efc2180ba7cf96119ad54902bc45452b2538cc6fffe19dbf66bf3e,Tuesday.,what_day_of_the_week_comes_after_monday_fill_27.wav,att_check_good,NA,NA,NA,Tuesday,,,,,,
14,3ecef783f6efc2180ba7cf96119ad54902bc45452b2538cc6fffe19dbf66bf3e,I’m good — skip to the next question,what_day_of_the_week_comes_after_monday_fill_27.wav,att_check_good,NA,NA,NA,Tuesday,s,secsame,,,,JB_1204
14,3ecef783f6efc2180ba7cf96119ad54902bc45452b2538cc6fffe19dbf66bf3e,NA,what_day_of_the_week_comes_after_monday_fill_27.wav,att_check_good,NA,NA,NA,Tuesday,,,,,,
14,3ecef783f6efc2180ba7cf96119ad54902bc45452b2538cc6fffe19dbf66bf3e,The question does NOT need any corrections.,how_many_legs_does_a_dog_normally_have_fill_25.wav,att_check_good,NA,NA,NA,four,nans,first,,a,,JB_1204
14,3ecef783f6efc2180ba7cf96119ad54902bc45452b2538cc6fffe19dbf66bf3e,4,how_many_legs_does_a_dog_normally_have_fill_25.wav,att_check_good,NA,NA,NA,four,,,,,,
14,3ecef783f6efc2180ba7cf96119ad54902bc45452b2538cc6fffe19dbf66bf3e,I’m good — skip to the next question,how_many_legs_does_a_dog_normally_have_fill_25.wav,att_check_good,NA,NA,NA,four,s,secsame,,,,JB_1204
14,3ecef783f6efc2180ba7cf96119ad54902bc45452b2538cc6fffe19dbf66bf3e,NA,how_many_legs_does_a_dog_normally_have_fill_25.wav,att_check_good,NA,NA,NA,four,,,,,,
14,3ecef783f6efc2180ba7cf96119ad54902bc45452b2538cc6fffe19dbf66bf3e,"The question needs to be CORRECTED (Select this if you spot an error, even if you don’t know the answer).",in_the_cycle_of_seasons_what_season_comes_after_dinter_fill_29.wav,att_check_err,NA,NA,NA,"Spring (Winter, sound sub that's not related)",y,first,acheckp,,,JB_1204
14,3ecef783f6efc2180ba7cf96119ad54902bc45452b2538cc6fffe19dbf66bf3e,"""winter"" didn't sound right. The answer is Spring.",in_the_cycle_of_seasons_what_season_comes_after_dinter_fill_29.wav,att_check_err,NA,NA,NA,"Spring (Winter, sound sub that's not related)",,,,,,
14,3ecef783f6efc2180ba7cf96119ad54902bc45452b2538cc6fffe19dbf66bf3e,I’m good — skip to the next question,in_the_cycle_of_seasons_what_season_comes_after_dinter_fill_29.wav,att_check_err,NA,NA,NA,"Spring (Winter, sound sub that's not related)",s,secsame,,,,JB_1204
14,3ecef783f6efc2180ba7cf96119ad54902bc45452b2538cc6fffe19dbf66bf3e,NA,in_the_cycle_of_seasons_what_season_comes_after_dinter_fill_29.wav,att_check_err,NA,NA,NA,"Spring (Winter, sound sub that's not related)",,,,,,
14,3ecef783f6efc2180ba7cf96119ad54902bc45452b2538cc6fffe19dbf66bf3e,"The question needs to be CORRECTED (Select this if you spot an error, even if you don’t know the answer).",what_is_the_largest_plant_in_the_solar_system_fill_31.wav,att_check_err,NA,NA,NA,Jupiter (planet),y,first,acheckp,,,JB_1204
14,3ecef783f6efc2180ba7cf96119ad54902bc45452b2538cc6fffe19dbf66bf3e,"""planet"" sounded like ""plant."" I don't know the answer.",what_is_the_largest_plant_in_the_solar_system_fill_31.wav,att_check_err,NA,NA,NA,Jupiter (planet),,,,,,
14,3ecef783f6efc2180ba7cf96119ad54902bc45452b2538cc6fffe19dbf66bf3e,I’m good — skip to the next question,what_is_the_largest_plant_in_the_solar_system_fill_31.wav,att_check_err,NA,NA,NA,Jupiter (planet),s,secsame,,,,JB_1204
14,3ecef783f6efc2180ba7cf96119ad54902bc45452b2538cc6fffe19dbf66bf3e,NA,what_is_the_largest_plant_in_the_solar_system_fill_31.wav,att_check_err,NA,NA,NA,Jupiter (planet),,,,,,
14,3ecef783f6efc2180ba7cf96119ad54902bc45452b2538cc6fffe19dbf66bf3e,"The question needs to be CORRECTED (Select this if you spot an error, even if you don’t know the answer).",which_season_do_we_associate_with_thanksgiving_the_beginning_of_school_and_leaves_turning_brown_fill_19.wav,filler_other,NA,NA,NA,Fall,y,first,otherfill,,general difficulty understanding,JB_1205
14,3ecef783f6efc2180ba7cf96119ad54902bc45452b2538cc6fffe19dbf66bf3e,"I couldn't understand the first 2 words. Maybe the word ""and should be replaced with the word ""or"" near the end if its a question. I don't know the answer.",which_season_do_we_associate_with_thanksgiving_the_beginning_of_school_and_leaves_turning_brown_fill_19.wav,filler_other,NA,NA,NA,Fall,,,,,,
14,3ecef783f6efc2180ba7cf96119ad54902bc45452b2538cc6fffe19dbf66bf3e,I’m good — skip to the next question,which_season_do_we_associate_with_thanksgiving_the_beginning_of_school_and_leaves_turning_brown_fill_19.wav,filler_other,NA,NA,NA,Fall,s,secsame,,,,JB_1205
14,3ecef783f6efc2180ba7cf96119ad54902bc45452b2538cc6fffe19dbf66bf3e,NA,which_season_do_we_associate_with_thanksgiving_the_beginning_of_school_and_leaves_turning_brown_fill_19.wav,filler_other,NA,NA,NA,Fall,,,,,,
14,3ecef783f6efc2180ba7cf96119ad54902bc45452b2538cc6fffe19dbf66bf3e,"The question needs to be CORRECTED (Select this if you spot an error, even if you don’t know the answer).",what_popular_us_chain_provides_a_happy_meal_toy_or_plus_when_kids_have_hungry_targ_20_D.wav,target,both_err,have vs. be,/ʃ/ --> /s/; plush/plus,McDonald's,y,first,other,,non specific error reported before target non-phon error report,JB_1205
14,3ecef783f6efc2180ba7cf96119ad54902bc45452b2538cc6fffe19dbf66bf3e,A word near the end needs to be changed. The answer is McDonalds.,what_popular_us_chain_provides_a_happy_meal_toy_or_plus_when_kids_have_hungry_targ_20_D.wav,target,both_err,have vs. be,/ʃ/ --> /s/; plush/plus,McDonald's,,,,,,
14,3ecef783f6efc2180ba7cf96119ad54902bc45452b2538cc6fffe19dbf66bf3e,"The question needs to be CORRECTED (Select this if you spot an error, even if you don’t know the answer).",what_popular_us_chain_provides_a_happy_meal_toy_or_plus_when_kids_have_hungry_targ_20_D.wav,target,both_err,have vs. be,/ʃ/ --> /s/; plush/plus,McDonald's,y,secsame,np,,,JB_1205
14,3ecef783f6efc2180ba7cf96119ad54902bc45452b2538cc6fffe19dbf66bf3e,"""when kid's are hungry"" sounds like ""when kids hap hungry"". The answer is McDonalds.",what_popular_us_chain_provides_a_happy_meal_toy_or_plus_when_kids_have_hungry_targ_20_D.wav,target,both_err,have vs. be,/ʃ/ --> /s/; plush/plus,McDonald's,,,,,,
14,3ecef783f6efc2180ba7cf96119ad54902bc45452b2538cc6fffe19dbf66bf3e,"The question needs to be CORRECTED (Select this if you spot an error, even if you don’t know the answer).",what_neil_armstrong_say_during_his_berry_first_steps_on_the_moon_targ_04_D.wav,target,both_err,no aux verbs in questions (lack of do support),/v/ --> /b/; very/berry,"""That's one small step for man, one giant leap for mankind.""",y,first,np,,,JB_1205
14,3ecef783f6efc2180ba7cf96119ad54902bc45452b2538cc6fffe19dbf66bf3e,"I only heard ""what Neil"" but it should be ""what did Neil"". I think the answer is ""One small step for man, one giant leap for mankind.""",what_neil_armstrong_say_during_his_berry_first_steps_on_the_moon_targ_04_D.wav,target,both_err,no aux verbs in questions (lack of do support),/v/ --> /b/; very/berry,"""That's one small step for man, one giant leap for mankind.""",,,,,,
14,3ecef783f6efc2180ba7cf96119ad54902bc45452b2538cc6fffe19dbf66bf3e,"The question needs to be CORRECTED (Select this if you spot an error, even if you don’t know the answer).",what_neil_armstrong_say_during_his_berry_first_steps_on_the_moon_targ_04_D.wav,target,both_err,no aux verbs in questions (lack of do support),/v/ --> /b/; very/berry,"""That's one small step for man, one giant leap for mankind.""",y,secsame,otherp,,reports mispronunciation of 'Neil',JB_1205
14,3ecef783f6efc2180ba7cf96119ad54902bc45452b2538cc6fffe19dbf66bf3e,"Neil sounded like Nail. The answer is ""one small step for man one giant leap for mankind.""",what_neil_armstrong_say_during_his_berry_first_steps_on_the_moon_targ_04_D.wav,target,both_err,no aux verbs in questions (lack of do support),/v/ --> /b/; very/berry,"""That's one small step for man, one giant leap for mankind.""",,,,,,
14,3ecef783f6efc2180ba7cf96119ad54902bc45452b2538cc6fffe19dbf66bf3e,"The question needs to be CORRECTED (Select this if you spot an error, even if you don’t know the answer).",what_colors_can_have_on_a_traffic_light_which_often_senses_when_cars_pull_up_targ_11_C.wav,target,non_phon_err,have vs. be,/ʊ/ --> /u/; pulls/pools,green,y,first,np,,,JB_1205
14,3ecef783f6efc2180ba7cf96119ad54902bc45452b2538cc6fffe19dbf66bf3e,"""What colors can have"" should be something like ""what colors can flash"". The answer is red, green, and yellow.",what_colors_can_have_on_a_traffic_light_which_often_senses_when_cars_pull_up_targ_11_C.wav,target,non_phon_err,have vs. be,/ʊ/ --> /u/; pulls/pools,green,,,,,,
14,3ecef783f6efc2180ba7cf96119ad54902bc45452b2538cc6fffe19dbf66bf3e,I’m good — skip to the next question,what_colors_can_have_on_a_traffic_light_which_often_senses_when_cars_pull_up_targ_11_C.wav,target,non_phon_err,have vs. be,/ʊ/ --> /u/; pulls/pools,green,s,secsame,,,,JB_1205
14,3ecef783f6efc2180ba7cf96119ad54902bc45452b2538cc6fffe19dbf66bf3e,NA,what_colors_can_have_on_a_traffic_light_which_often_senses_when_cars_pull_up_targ_11_C.wav,target,non_phon_err,have vs. be,/ʊ/ --> /u/; pulls/pools,green,,,,,,
14,3ecef783f6efc2180ba7cf96119ad54902bc45452b2538cc6fffe19dbf66bf3e,The question does NOT need any corrections.,which_soft_pastry_made_with_a_certain_spice_is_often_spiral-shaped_and_topped_with_icing_fill_16.wav,filler_other,NA,NA,NA,cinnamon roll,nans,first,,a,,JB_1205
14,3ecef783f6efc2180ba7cf96119ad54902bc45452b2538cc6fffe19dbf66bf3e,An eclaire.,which_soft_pastry_made_with_a_certain_spice_is_often_spiral-shaped_and_topped_with_icing_fill_16.wav,filler_other,NA,NA,NA,cinnamon roll,,,,,,
14,3ecef783f6efc2180ba7cf96119ad54902bc45452b2538cc6fffe19dbf66bf3e,The question does NOT need any corrections.,which_soft_pastry_made_with_a_certain_spice_is_often_spiral-shaped_and_topped_with_icing_fill_16.wav,filler_other,NA,NA,NA,cinnamon roll,nans,secsame,,corrected,,JB_1205
14,3ecef783f6efc2180ba7cf96119ad54902bc45452b2538cc6fffe19dbf66bf3e,A cinnamon roll.,which_soft_pastry_made_with_a_certain_spice_is_often_spiral-shaped_and_topped_with_icing_fill_16.wav,filler_other,NA,NA,NA,cinnamon roll,,,,,,
14,3ecef783f6efc2180ba7cf96119ad54902bc45452b2538cc6fffe19dbf66bf3e,"The question needs to be CORRECTED (Select this if you spot an error, even if you don’t know the answer).",what_childrens_game_makes_people_sit_down_quickly_when_the_music_loud_stops_targ_07_C.wav,target,non_phon_err,adj/noun order,/ɪ/ --> /i/; sit/seat,musical chairs,y,first,np,,,JB_1205
14,3ecef783f6efc2180ba7cf96119ad54902bc45452b2538cc6fffe19dbf66bf3e,"The word ""loud"" should be omitted. The answer is musical chairs.",what_childrens_game_makes_people_sit_down_quickly_when_the_music_loud_stops_targ_07_C.wav,target,non_phon_err,adj/noun order,/ɪ/ --> /i/; sit/seat,musical chairs,,,,,,
14,3ecef783f6efc2180ba7cf96119ad54902bc45452b2538cc6fffe19dbf66bf3e,I’m good — skip to the next question,what_childrens_game_makes_people_sit_down_quickly_when_the_music_loud_stops_targ_07_C.wav,target,non_phon_err,adj/noun order,/ɪ/ --> /i/; sit/seat,musical chairs,s,secsame,,,,JB_1205
14,3ecef783f6efc2180ba7cf96119ad54902bc45452b2538cc6fffe19dbf66bf3e,NA,what_childrens_game_makes_people_sit_down_quickly_when_the_music_loud_stops_targ_07_C.wav,target,non_phon_err,adj/noun order,/ɪ/ --> /i/; sit/seat,musical chairs,,,,,,
14,3ecef783f6efc2180ba7cf96119ad54902bc45452b2538cc6fffe19dbf66bf3e,"The question needs to be CORRECTED (Select this if you spot an error, even if you don’t know the answer).",what_colors_make_up_a_traditional_candy_cane_which_people_enjoy_to_eat_during_christmas_targ_15_C.wav,target,non_phon_err,infinitive vs. participle,/k/ --> /g/; cane/gain,red and white,y,first,np,,,JB_1205
14,3ecef783f6efc2180ba7cf96119ad54902bc45452b2538cc6fffe19dbf66bf3e,"""Enjoy to eat"" should be changed to ""enjoy eating."" The answer is candy cane.",what_colors_make_up_a_traditional_candy_cane_which_people_enjoy_to_eat_during_christmas_targ_15_C.wav,target,non_phon_err,infinitive vs. participle,/k/ --> /g/; cane/gain,red and white,,,,,,
14,3ecef783f6efc2180ba7cf96119ad54902bc45452b2538cc6fffe19dbf66bf3e,"The question needs to be CORRECTED (Select this if you spot an error, even if you don’t know the answer).",what_colors_make_up_a_traditional_candy_cane_which_people_enjoy_to_eat_during_christmas_targ_15_C.wav,target,non_phon_err,infinitive vs. participle,/k/ --> /g/; cane/gain,red and white,y,secsame,np,,,JB_1205
14,3ecef783f6efc2180ba7cf96119ad54902bc45452b2538cc6fffe19dbf66bf3e,"""Enjoy to eat"" should be changed to ""enjoy eating."" The answer is red and white.",what_colors_make_up_a_traditional_candy_cane_which_people_enjoy_to_eat_during_christmas_targ_15_C.wav,target,non_phon_err,infinitive vs. participle,/k/ --> /g/; cane/gain,red and white,,,,,,
14,3ecef783f6efc2180ba7cf96119ad54902bc45452b2538cc6fffe19dbf66bf3e,The question does NOT need any corrections.,what_is_the_name_of_the_comic_strip_featuring_charlie_brown_and_his_dog_snoopy_fill_06.wav,filler_other,NA,NA,NA,Peanuts,nans,first,,a,,JB_1205
14,3ecef783f6efc2180ba7cf96119ad54902bc45452b2538cc6fffe19dbf66bf3e,The Peanuts.,what_is_the_name_of_the_comic_strip_featuring_charlie_brown_and_his_dog_snoopy_fill_06.wav,filler_other,NA,NA,NA,Peanuts,,,,,,
14,3ecef783f6efc2180ba7cf96119ad54902bc45452b2538cc6fffe19dbf66bf3e,I’m good — skip to the next question,what_is_the_name_of_the_comic_strip_featuring_charlie_brown_and_his_dog_snoopy_fill_06.wav,filler_other,NA,NA,NA,Peanuts,s,secsame,,,,JB_1205
14,3ecef783f6efc2180ba7cf96119ad54902bc45452b2538cc6fffe19dbf66bf3e,NA,what_is_the_name_of_the_comic_strip_featuring_charlie_brown_and_his_dog_snoopy_fill_06.wav,filler_other,NA,NA,NA,Peanuts,,,,,,
14,3ecef783f6efc2180ba7cf96119ad54902bc45452b2538cc6fffe19dbf66bf3e,"The question needs to be CORRECTED (Select this if you spot an error, even if you don’t know the answer).",what_holiday_occurs_at_the_end_of_october_and_features_trick-or-treating_pumpkins_and_haunted_houses_fill_07.wav,filler_other,NA,NA,NA,Halloween,y,first,otherfill,,reports misprounciation of 'occurs',JB_1205
14,3ecef783f6efc2180ba7cf96119ad54902bc45452b2538cc6fffe19dbf66bf3e,"""Occurs"" sounded like ""Ocures."" The answer is Halloween.",what_holiday_occurs_at_the_end_of_october_and_features_trick-or-treating_pumpkins_and_haunted_houses_fill_07.wav,filler_other,NA,NA,NA,Halloween,,,,,,
14,3ecef783f6efc2180ba7cf96119ad54902bc45452b2538cc6fffe19dbf66bf3e,I’m good — skip to the next question,what_holiday_occurs_at_the_end_of_october_and_features_trick-or-treating_pumpkins_and_haunted_houses_fill_07.wav,filler_other,NA,NA,NA,Halloween,s,secsame,,,,JB_1205
14,3ecef783f6efc2180ba7cf96119ad54902bc45452b2538cc6fffe19dbf66bf3e,NA,what_holiday_occurs_at_the_end_of_october_and_features_trick-or-treating_pumpkins_and_haunted_houses_fill_07.wav,filler_other,NA,NA,NA,Halloween,,,,,,
14,3ecef783f6efc2180ba7cf96119ad54902bc45452b2538cc6fffe19dbf66bf3e,The question does NOT need any corrections.,what_animal_is_typically_white_with_black_spots_and_says_moo_fill_21.wav,filler_other,NA,NA,NA,a cow,nans,first,,a,,JB_1205
14,3ecef783f6efc2180ba7cf96119ad54902bc45452b2538cc6fffe19dbf66bf3e,Cow.,what_animal_is_typically_white_with_black_spots_and_says_moo_fill_21.wav,filler_other,NA,NA,NA,a cow,,,,,,
14,3ecef783f6efc2180ba7cf96119ad54902bc45452b2538cc6fffe19dbf66bf3e,I’m good — skip to the next question,what_animal_is_typically_white_with_black_spots_and_says_moo_fill_21.wav,filler_other,NA,NA,NA,a cow,s,secsame,,,,JB_1205
14,3ecef783f6efc2180ba7cf96119ad54902bc45452b2538cc6fffe19dbf66bf3e,NA,what_animal_is_typically_white_with_black_spots_and_says_moo_fill_21.wav,filler_other,NA,NA,NA,a cow,,,,,,
14,3ecef783f6efc2180ba7cf96119ad54902bc45452b2538cc6fffe19dbf66bf3e,"The question needs to be CORRECTED (Select this if you spot an error, even if you don’t know the answer).",if_a_hardworking_janitor_cleaned_a_vent_in_five_minutes_how_many_seconds_is_that_targ_22_B.wav,target,phon_err,adj/noun order,/v/ --> /b/; vent/bent,eight,y,first,otherp,,reports being unable to understand what comes after 'cleaned' ('a vent'),JB_1205
14,3ecef783f6efc2180ba7cf96119ad54902bc45452b2538cc6fffe19dbf66bf3e,"I couldn't understand the word after ""cleaned."" I don't know the answer.",if_a_hardworking_janitor_cleaned_a_vent_in_five_minutes_how_many_seconds_is_that_targ_22_B.wav,target,phon_err,adj/noun order,/v/ --> /b/; vent/bent,eight,,,,,,
14,3ecef783f6efc2180ba7cf96119ad54902bc45452b2538cc6fffe19dbf66bf3e,"The question needs to be CORRECTED (Select this if you spot an error, even if you don’t know the answer).",if_a_hardworking_janitor_cleaned_a_vent_in_five_minutes_how_many_seconds_is_that_targ_22_B.wav,target,phon_err,adj/noun order,/v/ --> /b/; vent/bent,eight,y,secsame,otherp,,,JB_1205
14,3ecef783f6efc2180ba7cf96119ad54902bc45452b2538cc6fffe19dbf66bf3e,"I couldn't understand the word after ""cleaned up."" I don't know the answer.",if_a_hardworking_janitor_cleaned_a_vent_in_five_minutes_how_many_seconds_is_that_targ_22_B.wav,target,phon_err,adj/noun order,/v/ --> /b/; vent/bent,eight,,,,,,
14,3ecef783f6efc2180ba7cf96119ad54902bc45452b2538cc6fffe19dbf66bf3e,"The question needs to be CORRECTED (Select this if you spot an error, even if you don’t know the answer).",which_fast_food_chain_offers_foot-long_sandwiches_and_has_the_slogan_eat_fresh_fill_11.wav,filler_other,NA,NA,NA,Subway,y,first,otherfill,,reports mispronunciation of 'slogan',JB_1205
14,3ecef783f6efc2180ba7cf96119ad54902bc45452b2538cc6fffe19dbf66bf3e,"""slogan"" didn't sound right, it sounded like ""logan."" The answer is Subway.",which_fast_food_chain_offers_foot-long_sandwiches_and_has_the_slogan_eat_fresh_fill_11.wav,filler_other,NA,NA,NA,Subway,,,,,,
14,3ecef783f6efc2180ba7cf96119ad54902bc45452b2538cc6fffe19dbf66bf3e,I’m good — skip to the next question,which_fast_food_chain_offers_foot-long_sandwiches_and_has_the_slogan_eat_fresh_fill_11.wav,filler_other,NA,NA,NA,Subway,s,secsame,,,,JB_1205
14,3ecef783f6efc2180ba7cf96119ad54902bc45452b2538cc6fffe19dbf66bf3e,NA,which_fast_food_chain_offers_foot-long_sandwiches_and_has_the_slogan_eat_fresh_fill_11.wav,filler_other,NA,NA,NA,Subway,,,,,,
14,3ecef783f6efc2180ba7cf96119ad54902bc45452b2538cc6fffe19dbf66bf3e,"The question does NOT need any corrections, but I don't know the answer/ I don't understand what the question is asking.",what_term_refers_to_armored_men_who_enjoyed_carrying_medieval_swords_that_class_in_combat_targ_02_B.wav,target,phon_err,infinitive vs. participle,/ʃ/ --> /s/; clash/class,knights,nun,first,,,,JB_1205
14,3ecef783f6efc2180ba7cf96119ad54902bc45452b2538cc6fffe19dbf66bf3e,NA,what_term_refers_to_armored_men_who_enjoyed_carrying_medieval_swords_that_class_in_combat_targ_02_B.wav,target,phon_err,infinitive vs. participle,/ʃ/ --> /s/; clash/class,knights,,,,,,
14,3ecef783f6efc2180ba7cf96119ad54902bc45452b2538cc6fffe19dbf66bf3e,"The question needs to be CORRECTED (Select this if you spot an error, even if you don’t know the answer).",what_term_refers_to_armored_men_who_enjoyed_carrying_medieval_swords_that_class_in_combat_targ_02_B.wav,target,phon_err,infinitive vs. participle,/ʃ/ --> /s/; clash/class,knights,y,secdiff,p,,,JB_1205
14,3ecef783f6efc2180ba7cf96119ad54902bc45452b2538cc6fffe19dbf66bf3e,"I think I'm hearing the word ""clash"" as ""class."" The answer is knights.",what_term_refers_to_armored_men_who_enjoyed_carrying_medieval_swords_that_class_in_combat_targ_02_B.wav,target,phon_err,infinitive vs. participle,/ʃ/ --> /s/; clash/class,knights,,,,,,
14,3ecef783f6efc2180ba7cf96119ad54902bc45452b2538cc6fffe19dbf66bf3e,The question does NOT need any corrections.,which_body_part_did_van_gogh_allegedly_cut_off_after_an_argument_with_his_friend_fill_05.wav,filler_other,NA,NA,NA,ear,nans,first,,a,,JB_1205
14,3ecef783f6efc2180ba7cf96119ad54902bc45452b2538cc6fffe19dbf66bf3e,His ear.,which_body_part_did_van_gogh_allegedly_cut_off_after_an_argument_with_his_friend_fill_05.wav,filler_other,NA,NA,NA,ear,,,,,,
14,3ecef783f6efc2180ba7cf96119ad54902bc45452b2538cc6fffe19dbf66bf3e,I’m good — skip to the next question,which_body_part_did_van_gogh_allegedly_cut_off_after_an_argument_with_his_friend_fill_05.wav,filler_other,NA,NA,NA,ear,s,secsame,,,,JB_1205
14,3ecef783f6efc2180ba7cf96119ad54902bc45452b2538cc6fffe19dbf66bf3e,NA,which_body_part_did_van_gogh_allegedly_cut_off_after_an_argument_with_his_friend_fill_05.wav,filler_other,NA,NA,NA,ear,,,,,,
14,3ecef783f6efc2180ba7cf96119ad54902bc45452b2538cc6fffe19dbf66bf3e,"The question needs to be CORRECTED (Select this if you spot an error, even if you don’t know the answer).",what_company_created_the_macbook_a_device_full_of_features_to_help_students_make_homework_targ_23_C.wav,target,non_phon_err,make vs. other verb,/ʊ/ --> /u/; full/fool,Apple,y,first,np,,,JB_1205
14,3ecef783f6efc2180ba7cf96119ad54902bc45452b2538cc6fffe19dbf66bf3e,"""make"" should be changed to ""do."" The answer is Apple.",what_company_created_the_macbook_a_device_full_of_features_to_help_students_make_homework_targ_23_C.wav,target,non_phon_err,make vs. other verb,/ʊ/ --> /u/; full/fool,Apple,,,,,,
14,3ecef783f6efc2180ba7cf96119ad54902bc45452b2538cc6fffe19dbf66bf3e,I’m good — skip to the next question,what_company_created_the_macbook_a_device_full_of_features_to_help_students_make_homework_targ_23_C.wav,target,non_phon_err,make vs. other verb,/ʊ/ --> /u/; full/fool,Apple,s,secsame,,,,JB_1205
14,3ecef783f6efc2180ba7cf96119ad54902bc45452b2538cc6fffe19dbf66bf3e,NA,what_company_created_the_macbook_a_device_full_of_features_to_help_students_make_homework_targ_23_C.wav,target,non_phon_err,make vs. other verb,/ʊ/ --> /u/; full/fool,Apple,,,,,,
14,3ecef783f6efc2180ba7cf96119ad54902bc45452b2538cc6fffe19dbf66bf3e,"The question does NOT need any corrections, but I don't know the answer/ I don't understand what the question is asking.",what_letter_in_the_latin_alphabet_corresponds_to_the_greek_letter_alpha_fill_01.wav,filler_other,NA,NA,NA,a,nun,first,,,,JB_1205
14,3ecef783f6efc2180ba7cf96119ad54902bc45452b2538cc6fffe19dbf66bf3e,NA,what_letter_in_the_latin_alphabet_corresponds_to_the_greek_letter_alpha_fill_01.wav,filler_other,NA,NA,NA,a,,,,,,
14,3ecef783f6efc2180ba7cf96119ad54902bc45452b2538cc6fffe19dbf66bf3e,I’m good — skip to the next question,what_letter_in_the_latin_alphabet_corresponds_to_the_greek_letter_alpha_fill_01.wav,filler_other,NA,NA,NA,a,s,secsame,,,,JB_1205
14,3ecef783f6efc2180ba7cf96119ad54902bc45452b2538cc6fffe19dbf66bf3e,NA,what_letter_in_the_latin_alphabet_corresponds_to_the_greek_letter_alpha_fill_01.wav,filler_other,NA,NA,NA,a,,,,,,
14,3ecef783f6efc2180ba7cf96119ad54902bc45452b2538cc6fffe19dbf66bf3e,The question does NOT need any corrections.,which_tropical_fruit_that_grows_on_palm_trees_is_used_for_oils_and_milks_fill_18.wav,filler_other,NA,NA,NA,coconuts,nans,first,,,,JB_1205
14,3ecef783f6efc2180ba7cf96119ad54902bc45452b2538cc6fffe19dbf66bf3e,Coconut.,which_tropical_fruit_that_grows_on_palm_trees_is_used_for_oils_and_milks_fill_18.wav,filler_other,NA,NA,NA,coconuts,,,,,,
14,3ecef783f6efc2180ba7cf96119ad54902bc45452b2538cc6fffe19dbf66bf3e,I’m good — skip to the next question,which_tropical_fruit_that_grows_on_palm_trees_is_used_for_oils_and_milks_fill_18.wav,filler_other,NA,NA,NA,coconuts,s,secsame,,,,JB_1205
14,3ecef783f6efc2180ba7cf96119ad54902bc45452b2538cc6fffe19dbf66bf3e,NA,which_tropical_fruit_that_grows_on_palm_trees_is_used_for_oils_and_milks_fill_18.wav,filler_other,NA,NA,NA,coconuts,,,,,,
14,3ecef783f6efc2180ba7cf96119ad54902bc45452b2538cc6fffe19dbf66bf3e,"The question needs to be CORRECTED (Select this if you spot an error, even if you don’t know the answer).",what_mythical_creatures_have_been_said_to_drink_blood_turn_into_bats_and_hate_onions_fill_14.wav,filler_other,NA,NA,NA,vampires,y,first,otherfill,,relates to factual content of sentence,JB_1205
14,3ecef783f6efc2180ba7cf96119ad54902bc45452b2538cc6fffe19dbf66bf3e,"""onions"" should be changed to ""garlic."" The answer is vampires.",what_mythical_creatures_have_been_said_to_drink_blood_turn_into_bats_and_hate_onions_fill_14.wav,filler_other,NA,NA,NA,vampires,,,,,,
14,3ecef783f6efc2180ba7cf96119ad54902bc45452b2538cc6fffe19dbf66bf3e,I’m good — skip to the next question,what_mythical_creatures_have_been_said_to_drink_blood_turn_into_bats_and_hate_onions_fill_14.wav,filler_other,NA,NA,NA,vampires,s,secsame,,,,JB_1205
14,3ecef783f6efc2180ba7cf96119ad54902bc45452b2538cc6fffe19dbf66bf3e,NA,what_mythical_creatures_have_been_said_to_drink_blood_turn_into_bats_and_hate_onions_fill_14.wav,filler_other,NA,NA,NA,vampires,,,,,,
14,3ecef783f6efc2180ba7cf96119ad54902bc45452b2538cc6fffe19dbf66bf3e,The question does NOT need any corrections.,what_us_holiday_is_often_celebrated_with_fireworks_and_hotdogs_to_honor_americas_freedom_fill_17.wav,filler_other,NA,NA,NA,Independence Day,nans,first,,a,,JB_1205
14,3ecef783f6efc2180ba7cf96119ad54902bc45452b2538cc6fffe19dbf66bf3e,The 4th of July also known as Independence Day.,what_us_holiday_is_often_celebrated_with_fireworks_and_hotdogs_to_honor_americas_freedom_fill_17.wav,filler_other,NA,NA,NA,Independence Day,,,,,,
14,3ecef783f6efc2180ba7cf96119ad54902bc45452b2538cc6fffe19dbf66bf3e,I’m good — skip to the next question,what_us_holiday_is_often_celebrated_with_fireworks_and_hotdogs_to_honor_americas_freedom_fill_17.wav,filler_other,NA,NA,NA,Independence Day,s,secsame,,,,JB_1205
14,3ecef783f6efc2180ba7cf96119ad54902bc45452b2538cc6fffe19dbf66bf3e,NA,what_us_holiday_is_often_celebrated_with_fireworks_and_hotdogs_to_honor_americas_freedom_fill_17.wav,filler_other,NA,NA,NA,Independence Day,,,,,,
14,3ecef783f6efc2180ba7cf96119ad54902bc45452b2538cc6fffe19dbf66bf3e,"The question does NOT need any corrections, but I don't know the answer/ I don't understand what the question is asking.",in_the_lion_king_who_does_nala_talk_to_and_is_laying_in_a_cot_after_theyve_reunited_targ_21_A.wav,target,correct,no aux verbs in questions (lack of do support),/k/ --> /g/; cot/got,Simba,nun,first,,,,JB_1205
14,3ecef783f6efc2180ba7cf96119ad54902bc45452b2538cc6fffe19dbf66bf3e,NA,in_the_lion_king_who_does_nala_talk_to_and_is_laying_in_a_cot_after_theyve_reunited_targ_21_A.wav,target,correct,no aux verbs in questions (lack of do support),/k/ --> /g/; cot/got,Simba,,,,,,
14,3ecef783f6efc2180ba7cf96119ad54902bc45452b2538cc6fffe19dbf66bf3e,"The question does NOT need any corrections, but I don't know the answer/ I don't understand what the question is asking.",in_the_lion_king_who_does_nala_talk_to_and_is_laying_in_a_cot_after_theyve_reunited_targ_21_A.wav,target,correct,no aux verbs in questions (lack of do support),/k/ --> /g/; cot/got,Simba,nun,secsame,,,,JB_1205
14,3ecef783f6efc2180ba7cf96119ad54902bc45452b2538cc6fffe19dbf66bf3e,NA,in_the_lion_king_who_does_nala_talk_to_and_is_laying_in_a_cot_after_theyve_reunited_targ_21_A.wav,target,correct,no aux verbs in questions (lack of do support),/k/ --> /g/; cot/got,Simba,,,,,,
14,3ecef783f6efc2180ba7cf96119ad54902bc45452b2538cc6fffe19dbf66bf3e,The question does NOT need any corrections.,what_kind_of_weather_could_occur_when_it_is_raining_and_below_freezing_targ_05_A.wav,target,correct,expletive 'it' dropping,/ʊ/ --> /u/; could/cooed,snow,nans,first,,a,,JB_1205
14,3ecef783f6efc2180ba7cf96119ad54902bc45452b2538cc6fffe19dbf66bf3e,Snow.,what_kind_of_weather_could_occur_when_it_is_raining_and_below_freezing_targ_05_A.wav,target,correct,expletive 'it' dropping,/ʊ/ --> /u/; could/cooed,snow,,,,,,
14,3ecef783f6efc2180ba7cf96119ad54902bc45452b2538cc6fffe19dbf66bf3e,"The question needs to be CORRECTED (Select this if you spot an error, even if you don’t know the answer).",what_kind_of_weather_could_occur_when_it_is_raining_and_below_freezing_targ_05_A.wav,target,correct,expletive 'it' dropping,/ʊ/ --> /u/; could/cooed,snow,y,secdiff,otherp,,reports mispronunciation of 'occurs',JB_1205
14,3ecef783f6efc2180ba7cf96119ad54902bc45452b2538cc6fffe19dbf66bf3e,"""Occur"" sounded like ""occure."" The answer is snow.",what_kind_of_weather_could_occur_when_it_is_raining_and_below_freezing_targ_05_A.wav,target,correct,expletive 'it' dropping,/ʊ/ --> /u/; could/cooed,snow,,,,,,
14,3ecef783f6efc2180ba7cf96119ad54902bc45452b2538cc6fffe19dbf66bf3e,The question does NOT need any corrections.,what_novel_has_the_quote_i’m_late_i’m_late_for_a_very_important_date_fill_13.wav,filler_other,NA,NA,NA,Alice in Wonderland,nans,first,,a,,JB_1205
14,3ecef783f6efc2180ba7cf96119ad54902bc45452b2538cc6fffe19dbf66bf3e,Alice in Wonderland.,what_novel_has_the_quote_i’m_late_i’m_late_for_a_very_important_date_fill_13.wav,filler_other,NA,NA,NA,Alice in Wonderland,,,,,,
14,3ecef783f6efc2180ba7cf96119ad54902bc45452b2538cc6fffe19dbf66bf3e,I’m good — skip to the next question,what_novel_has_the_quote_i’m_late_i’m_late_for_a_very_important_date_fill_13.wav,filler_other,NA,NA,NA,Alice in Wonderland,s,secsame,,,,JB_1205
14,3ecef783f6efc2180ba7cf96119ad54902bc45452b2538cc6fffe19dbf66bf3e,NA,what_novel_has_the_quote_i’m_late_i’m_late_for_a_very_important_date_fill_13.wav,filler_other,NA,NA,NA,Alice in Wonderland,,,,,,
14,3ecef783f6efc2180ba7cf96119ad54902bc45452b2538cc6fffe19dbf66bf3e,"The question needs to be CORRECTED (Select this if you spot an error, even if you don’t know the answer).",where_do_people_get_drivers_licenses_since_is_required_as_ballad_id_to_drive_targ_16_D.wav,target,both_err,expletive 'it' dropping,/v/ --> /b/; valid/ballad,DMV,y,first,np,,,JB_1205
14,3ecef783f6efc2180ba7cf96119ad54902bc45452b2538cc6fffe19dbf66bf3e,"""since it's"" sounded like ""since is."" Than answer is the DMV.",where_do_people_get_drivers_licenses_since_is_required_as_ballad_id_to_drive_targ_16_D.wav,target,both_err,expletive 'it' dropping,/v/ --> /b/; valid/ballad,DMV,,,,,,
14,3ecef783f6efc2180ba7cf96119ad54902bc45452b2538cc6fffe19dbf66bf3e,I’m good — skip to the next question,where_do_people_get_drivers_licenses_since_is_required_as_ballad_id_to_drive_targ_16_D.wav,target,both_err,expletive 'it' dropping,/v/ --> /b/; valid/ballad,DMV,s,secsame,,,,JB_1205
14,3ecef783f6efc2180ba7cf96119ad54902bc45452b2538cc6fffe19dbf66bf3e,NA,where_do_people_get_drivers_licenses_since_is_required_as_ballad_id_to_drive_targ_16_D.wav,target,both_err,expletive 'it' dropping,/v/ --> /b/; valid/ballad,DMV,,,,,,
14,3ecef783f6efc2180ba7cf96119ad54902bc45452b2538cc6fffe19dbf66bf3e,The question does NOT need any corrections.,how_many_legs_does_a_canadian_garden_spider_whose_silk_can_make_clot_have_targ_06_B.wav,target,phon_err,adj/noun order,/θ/ --> /t/; cloth/clot,eight,nans,first,,a,,JB_1205
14,3ecef783f6efc2180ba7cf96119ad54902bc45452b2538cc6fffe19dbf66bf3e,8,how_many_legs_does_a_canadian_garden_spider_whose_silk_can_make_clot_have_targ_06_B.wav,target,phon_err,adj/noun order,/θ/ --> /t/; cloth/clot,eight,,,,,,
14,3ecef783f6efc2180ba7cf96119ad54902bc45452b2538cc6fffe19dbf66bf3e,I’m good — skip to the next question,how_many_legs_does_a_canadian_garden_spider_whose_silk_can_make_clot_have_targ_06_B.wav,target,phon_err,adj/noun order,/θ/ --> /t/; cloth/clot,eight,s,secsame,,,,JB_1205
14,3ecef783f6efc2180ba7cf96119ad54902bc45452b2538cc6fffe19dbf66bf3e,NA,how_many_legs_does_a_canadian_garden_spider_whose_silk_can_make_clot_have_targ_06_B.wav,target,phon_err,adj/noun order,/θ/ --> /t/; cloth/clot,eight,,,,,,
14,3ecef783f6efc2180ba7cf96119ad54902bc45452b2538cc6fffe19dbf66bf3e,The question does NOT need any corrections.,what_big_star_in_our_solar_system_can_still_be_visible_when_is_cloudy_targ_19_C.wav,target,non_phon_err,expletive 'it' dropping,/ɪ/ --> /i/; still/steal,the Sun,nans,first,,a,,JB_1205
14,3ecef783f6efc2180ba7cf96119ad54902bc45452b2538cc6fffe19dbf66bf3e,The Sun.,what_big_star_in_our_solar_system_can_still_be_visible_when_is_cloudy_targ_19_C.wav,target,non_phon_err,expletive 'it' dropping,/ɪ/ --> /i/; still/steal,the Sun,,,,,,
14,3ecef783f6efc2180ba7cf96119ad54902bc45452b2538cc6fffe19dbf66bf3e,I’m good — skip to the next question,what_big_star_in_our_solar_system_can_still_be_visible_when_is_cloudy_targ_19_C.wav,target,non_phon_err,expletive 'it' dropping,/ɪ/ --> /i/; still/steal,the Sun,s,secsame,,,,JB_1205
14,3ecef783f6efc2180ba7cf96119ad54902bc45452b2538cc6fffe19dbf66bf3e,NA,what_big_star_in_our_solar_system_can_still_be_visible_when_is_cloudy_targ_19_C.wav,target,non_phon_err,expletive 'it' dropping,/ɪ/ --> /i/; still/steal,the Sun,,,,,,
14,3ecef783f6efc2180ba7cf96119ad54902bc45452b2538cc6fffe19dbf66bf3e,"The question needs to be CORRECTED (Select this if you spot an error, even if you don’t know the answer).",if_i_consider_to_leave_work_after_the_fort_hour_how_many_minutes_would_that_be_targ_24_D.wav,target,both_err,infinitive vs. participle,/θ/ --> /t/; fourth/fort,two hundred and forty,y,first,np,,,JB_1205
14,3ecef783f6efc2180ba7cf96119ad54902bc45452b2538cc6fffe19dbf66bf3e,"""consider"" should be changed to ""decide."" The answer is 240.",if_i_consider_to_leave_work_after_the_fort_hour_how_many_minutes_would_that_be_targ_24_D.wav,target,both_err,infinitive vs. participle,/θ/ --> /t/; fourth/fort,two hundred and forty,,,,,,
14,3ecef783f6efc2180ba7cf96119ad54902bc45452b2538cc6fffe19dbf66bf3e,I’m good — skip to the next question,if_i_consider_to_leave_work_after_the_fort_hour_how_many_minutes_would_that_be_targ_24_D.wav,target,both_err,infinitive vs. participle,/θ/ --> /t/; fourth/fort,two hundred and forty,s,secsame,,,,JB_1205
14,3ecef783f6efc2180ba7cf96119ad54902bc45452b2538cc6fffe19dbf66bf3e,NA,if_i_consider_to_leave_work_after_the_fort_hour_how_many_minutes_would_that_be_targ_24_D.wav,target,both_err,infinitive vs. participle,/θ/ --> /t/; fourth/fort,two hundred and forty,,,,,,
14,3ecef783f6efc2180ba7cf96119ad54902bc45452b2538cc6fffe19dbf66bf3e,The question does NOT need any corrections.,which_british_celebrity_judge_often_harshly_critiqued_contestants_on_the_nationwide_singing_contest_american_idol_fill_03.wav,filler_other,NA,NA,NA,Simon Cowell,nans,first,,a,,JB_1205
14,3ecef783f6efc2180ba7cf96119ad54902bc45452b2538cc6fffe19dbf66bf3e,Simone Cowel.,which_british_celebrity_judge_often_harshly_critiqued_contestants_on_the_nationwide_singing_contest_american_idol_fill_03.wav,filler_other,NA,NA,NA,Simon Cowell,,,,,,
14,3ecef783f6efc2180ba7cf96119ad54902bc45452b2538cc6fffe19dbf66bf3e,I’m good — skip to the next question,which_british_celebrity_judge_often_harshly_critiqued_contestants_on_the_nationwide_singing_contest_american_idol_fill_03.wav,filler_other,NA,NA,NA,Simon Cowell,s,secsame,,,,JB_1205
14,3ecef783f6efc2180ba7cf96119ad54902bc45452b2538cc6fffe19dbf66bf3e,NA,which_british_celebrity_judge_often_harshly_critiqued_contestants_on_the_nationwide_singing_contest_american_idol_fill_03.wav,filler_other,NA,NA,NA,Simon Cowell,,,,,,
14,3ecef783f6efc2180ba7cf96119ad54902bc45452b2538cc6fffe19dbf66bf3e,"The question needs to be CORRECTED (Select this if you spot an error, even if you don’t know the answer).",what_supplies_do_you_need_to_knit_a_scarf_targ_13_A.wav,target,correct,no aux verbs in questions (lack of do support),/ɪ/ --> /i/; knit/neat,needles and yarn,y,first,p,,mispronunciation of 'knit' reported despite being 'correct' stimulus,JB_1205
14,3ecef783f6efc2180ba7cf96119ad54902bc45452b2538cc6fffe19dbf66bf3e,"""knit"" sounded like ""neet."" The answer is yarn and knitting needles.",what_supplies_do_you_need_to_knit_a_scarf_targ_13_A.wav,target,correct,no aux verbs in questions (lack of do support),/ɪ/ --> /i/; knit/neat,needles and yarn,,,,,,
14,3ecef783f6efc2180ba7cf96119ad54902bc45452b2538cc6fffe19dbf66bf3e,I’m good — skip to the next question,what_supplies_do_you_need_to_knit_a_scarf_targ_13_A.wav,target,correct,no aux verbs in questions (lack of do support),/ɪ/ --> /i/; knit/neat,needles and yarn,s,secsame,,,,JB_1205
14,3ecef783f6efc2180ba7cf96119ad54902bc45452b2538cc6fffe19dbf66bf3e,NA,what_supplies_do_you_need_to_knit_a_scarf_targ_13_A.wav,target,correct,no aux verbs in questions (lack of do support),/ɪ/ --> /i/; knit/neat,needles and yarn,,,,,,
14,3ecef783f6efc2180ba7cf96119ad54902bc45452b2538cc6fffe19dbf66bf3e,The question does NOT need any corrections.,if_laundry_service_will_come_in_five_days_and_todays_thursday_when_are_they_doing_laundry_next_targ_09_A.wav,target,correct,make vs. other verb,/k/ --> /g/; come/gum,Tuesday,nans,first,,a,,JB_1205
14,3ecef783f6efc2180ba7cf96119ad54902bc45452b2538cc6fffe19dbf66bf3e,Tuesday.,if_laundry_service_will_come_in_five_days_and_todays_thursday_when_are_they_doing_laundry_next_targ_09_A.wav,target,correct,make vs. other verb,/k/ --> /g/; come/gum,Tuesday,,,,,,
14,3ecef783f6efc2180ba7cf96119ad54902bc45452b2538cc6fffe19dbf66bf3e,I’m good — skip to the next question,if_laundry_service_will_come_in_five_days_and_todays_thursday_when_are_they_doing_laundry_next_targ_09_A.wav,target,correct,make vs. other verb,/k/ --> /g/; come/gum,Tuesday,s,secsame,,,,JB_1205
14,3ecef783f6efc2180ba7cf96119ad54902bc45452b2538cc6fffe19dbf66bf3e,NA,if_laundry_service_will_come_in_five_days_and_todays_thursday_when_are_they_doing_laundry_next_targ_09_A.wav,target,correct,make vs. other verb,/k/ --> /g/; come/gum,Tuesday,,,,,,
14,3ecef783f6efc2180ba7cf96119ad54902bc45452b2538cc6fffe19dbf66bf3e,The question does NOT need any corrections.,who_discovered_the_law_of_universal_gravitation_which_accounts_for_why_objects_naturally_fall_downwards_fill_15.wav,filler_other,NA,NA,NA,Isaac Newton,nans,first,,a,,JB_1205
14,3ecef783f6efc2180ba7cf96119ad54902bc45452b2538cc6fffe19dbf66bf3e,Isaac Newton.,who_discovered_the_law_of_universal_gravitation_which_accounts_for_why_objects_naturally_fall_downwards_fill_15.wav,filler_other,NA,NA,NA,Isaac Newton,,,,,,
14,3ecef783f6efc2180ba7cf96119ad54902bc45452b2538cc6fffe19dbf66bf3e,I’m good — skip to the next question,who_discovered_the_law_of_universal_gravitation_which_accounts_for_why_objects_naturally_fall_downwards_fill_15.wav,filler_other,NA,NA,NA,Isaac Newton,s,secsame,,,,JB_1205
14,3ecef783f6efc2180ba7cf96119ad54902bc45452b2538cc6fffe19dbf66bf3e,NA,who_discovered_the_law_of_universal_gravitation_which_accounts_for_why_objects_naturally_fall_downwards_fill_15.wav,filler_other,NA,NA,NA,Isaac Newton,,,,,,
14,3ecef783f6efc2180ba7cf96119ad54902bc45452b2538cc6fffe19dbf66bf3e,The question does NOT need any corrections.,what_organ_is_often_associated_with_being_eaten_by_rotting_flesh_monsters_also_known_as_zombies_fill_02.wav,filler_other,NA,NA,NA,the brain,nans,first,,a,,JB_1205
14,3ecef783f6efc2180ba7cf96119ad54902bc45452b2538cc6fffe19dbf66bf3e,The brain.,what_organ_is_often_associated_with_being_eaten_by_rotting_flesh_monsters_also_known_as_zombies_fill_02.wav,filler_other,NA,NA,NA,the brain,,,,,,
14,3ecef783f6efc2180ba7cf96119ad54902bc45452b2538cc6fffe19dbf66bf3e,I’m good — skip to the next question,what_organ_is_often_associated_with_being_eaten_by_rotting_flesh_monsters_also_known_as_zombies_fill_02.wav,filler_other,NA,NA,NA,the brain,s,secsame,,,,JB_1205
14,3ecef783f6efc2180ba7cf96119ad54902bc45452b2538cc6fffe19dbf66bf3e,NA,what_organ_is_often_associated_with_being_eaten_by_rotting_flesh_monsters_also_known_as_zombies_fill_02.wav,filler_other,NA,NA,NA,the brain,,,,,,
14,3ecef783f6efc2180ba7cf96119ad54902bc45452b2538cc6fffe19dbf66bf3e,The question does NOT need any corrections.,what_musician_won_grammys_for_their_album_thriller_which_features_the_hit_song_beat_it_fill_20.wav,filler_other,NA,NA,NA,Michael Jackson,nans,first,,a,,JB_1205
14,3ecef783f6efc2180ba7cf96119ad54902bc45452b2538cc6fffe19dbf66bf3e,Michael Jackson.,what_musician_won_grammys_for_their_album_thriller_which_features_the_hit_song_beat_it_fill_20.wav,filler_other,NA,NA,NA,Michael Jackson,,,,,,
14,3ecef783f6efc2180ba7cf96119ad54902bc45452b2538cc6fffe19dbf66bf3e,I’m good — skip to the next question,what_musician_won_grammys_for_their_album_thriller_which_features_the_hit_song_beat_it_fill_20.wav,filler_other,NA,NA,NA,Michael Jackson,s,secsame,,,,JB_1205
14,3ecef783f6efc2180ba7cf96119ad54902bc45452b2538cc6fffe19dbf66bf3e,NA,what_musician_won_grammys_for_their_album_thriller_which_features_the_hit_song_beat_it_fill_20.wav,filler_other,NA,NA,NA,Michael Jackson,,,,,,
14,3ecef783f6efc2180ba7cf96119ad54902bc45452b2538cc6fffe19dbf66bf3e,"The question needs to be CORRECTED (Select this if you spot an error, even if you don’t know the answer).",what_is_the_name_of_the_video_game_character_who_is_a_traveling_italian_plumber_fill_08.wav,filler_other,NA,NA,NA,Mario,y,first,otherfill,,reports mispronunciation of 'character',JB_1205
14,3ecef783f6efc2180ba7cf96119ad54902bc45452b2538cc6fffe19dbf66bf3e,"""Character"" sounded like ""Carracter."" The answer is Mario.",what_is_the_name_of_the_video_game_character_who_is_a_traveling_italian_plumber_fill_08.wav,filler_other,NA,NA,NA,Mario,,,,,,
14,3ecef783f6efc2180ba7cf96119ad54902bc45452b2538cc6fffe19dbf66bf3e,I’m good — skip to the next question,what_is_the_name_of_the_video_game_character_who_is_a_traveling_italian_plumber_fill_08.wav,filler_other,NA,NA,NA,Mario,s,secsame,,,,JB_1205
14,3ecef783f6efc2180ba7cf96119ad54902bc45452b2538cc6fffe19dbf66bf3e,NA,what_is_the_name_of_the_video_game_character_who_is_a_traveling_italian_plumber_fill_08.wav,filler_other,NA,NA,NA,Mario,,,,,,
14,3ecef783f6efc2180ba7cf96119ad54902bc45452b2538cc6fffe19dbf66bf3e,The question does NOT need any corrections.,when_you_are_hot_what_device_measures_body_temperature_in_boat_celsius_and_fahrenheit_targ_18_B.wav,target,phon_err,have vs. be,/θ/ --> /t/; both/boat,thermometer,nans,first,,a,,JB_1205
14,3ecef783f6efc2180ba7cf96119ad54902bc45452b2538cc6fffe19dbf66bf3e,Thermometer.,when_you_are_hot_what_device_measures_body_temperature_in_boat_celsius_and_fahrenheit_targ_18_B.wav,target,phon_err,have vs. be,/θ/ --> /t/; both/boat,thermometer,,,,,,
14,3ecef783f6efc2180ba7cf96119ad54902bc45452b2538cc6fffe19dbf66bf3e,I’m good — skip to the next question,when_you_are_hot_what_device_measures_body_temperature_in_boat_celsius_and_fahrenheit_targ_18_B.wav,target,phon_err,have vs. be,/θ/ --> /t/; both/boat,thermometer,s,secsame,,,,JB_1205
14,3ecef783f6efc2180ba7cf96119ad54902bc45452b2538cc6fffe19dbf66bf3e,NA,when_you_are_hot_what_device_measures_body_temperature_in_boat_celsius_and_fahrenheit_targ_18_B.wav,target,phon_err,have vs. be,/θ/ --> /t/; both/boat,thermometer,,,,,,
14,3ecef783f6efc2180ba7cf96119ad54902bc45452b2538cc6fffe19dbf66bf3e,The question does NOT need any corrections.,in_what_country_would_you_find_landmarks_like_the_pyramids_of_giza_and_great_sphinx_fill_24.wav,filler_other,NA,NA,NA,Egypt,nans,first,,a,,JB_1205
14,3ecef783f6efc2180ba7cf96119ad54902bc45452b2538cc6fffe19dbf66bf3e,Egypt.,in_what_country_would_you_find_landmarks_like_the_pyramids_of_giza_and_great_sphinx_fill_24.wav,filler_other,NA,NA,NA,Egypt,,,,,,
14,3ecef783f6efc2180ba7cf96119ad54902bc45452b2538cc6fffe19dbf66bf3e,I’m good — skip to the next question,in_what_country_would_you_find_landmarks_like_the_pyramids_of_giza_and_great_sphinx_fill_24.wav,filler_other,NA,NA,NA,Egypt,s,secsame,,,,JB_1205
14,3ecef783f6efc2180ba7cf96119ad54902bc45452b2538cc6fffe19dbf66bf3e,NA,in_what_country_would_you_find_landmarks_like_the_pyramids_of_giza_and_great_sphinx_fill_24.wav,filler_other,NA,NA,NA,Egypt,,,,,,
14,3ecef783f6efc2180ba7cf96119ad54902bc45452b2538cc6fffe19dbf66bf3e,The question does NOT need any corrections.,what_kind_of_animal_is_mickey_mouse’s_girlfriend_minnie_who_wears_a_bow_fill_09.wav,filler_other,NA,NA,NA,mouse,nans,first,,a,,JB_1205
14,3ecef783f6efc2180ba7cf96119ad54902bc45452b2538cc6fffe19dbf66bf3e,Mouse.,what_kind_of_animal_is_mickey_mouse’s_girlfriend_minnie_who_wears_a_bow_fill_09.wav,filler_other,NA,NA,NA,mouse,,,,,,
14,3ecef783f6efc2180ba7cf96119ad54902bc45452b2538cc6fffe19dbf66bf3e,I’m good — skip to the next question,what_kind_of_animal_is_mickey_mouse’s_girlfriend_minnie_who_wears_a_bow_fill_09.wav,filler_other,NA,NA,NA,mouse,s,secsame,,,,JB_1205
14,3ecef783f6efc2180ba7cf96119ad54902bc45452b2538cc6fffe19dbf66bf3e,NA,what_kind_of_animal_is_mickey_mouse’s_girlfriend_minnie_who_wears_a_bow_fill_09.wav,filler_other,NA,NA,NA,mouse,,,,,,
14,3ecef783f6efc2180ba7cf96119ad54902bc45452b2538cc6fffe19dbf66bf3e,"The question needs to be CORRECTED (Select this if you spot an error, even if you don’t know the answer).",which_scottish_actor_first_played_james_bond_wearing_kilts_to_red_carpets_when_he_had_32_years_old_targ_03_C.wav,target,non_phon_err,have vs. be,/k/ --> /g/; kilt/guilt,Sean Connery,y,first,np,,,JB_1205
14,3ecef783f6efc2180ba7cf96119ad54902bc45452b2538cc6fffe19dbf66bf3e,"""had"" should be changed to ""was."" I don't know the answer.",which_scottish_actor_first_played_james_bond_wearing_kilts_to_red_carpets_when_he_had_32_years_old_targ_03_C.wav,target,non_phon_err,have vs. be,/k/ --> /g/; kilt/guilt,Sean Connery,,,,,,
14,3ecef783f6efc2180ba7cf96119ad54902bc45452b2538cc6fffe19dbf66bf3e,I’m good — skip to the next question,which_scottish_actor_first_played_james_bond_wearing_kilts_to_red_carpets_when_he_had_32_years_old_targ_03_C.wav,target,non_phon_err,have vs. be,/k/ --> /g/; kilt/guilt,Sean Connery,s,secsame,,,,JB_1205
14,3ecef783f6efc2180ba7cf96119ad54902bc45452b2538cc6fffe19dbf66bf3e,NA,which_scottish_actor_first_played_james_bond_wearing_kilts_to_red_carpets_when_he_had_32_years_old_targ_03_C.wav,target,non_phon_err,have vs. be,/k/ --> /g/; kilt/guilt,Sean Connery,,,,,,
14,3ecef783f6efc2180ba7cf96119ad54902bc45452b2538cc6fffe19dbf66bf3e,"The question does NOT need any corrections, but I don't know the answer/ I don't understand what the question is asking.",who_did_americans_boat_for_to_be_their_first_president_who_avoided_serving_three_terms_targ_10_B.wav,target,phon_err,infinitive vs. participle,/v/ --> /b/; vote/boat,George Washington,nun,first,,,,JB_1205
14,3ecef783f6efc2180ba7cf96119ad54902bc45452b2538cc6fffe19dbf66bf3e,NA,who_did_americans_boat_for_to_be_their_first_president_who_avoided_serving_three_terms_targ_10_B.wav,target,phon_err,infinitive vs. participle,/v/ --> /b/; vote/boat,George Washington,,,,,,
14,3ecef783f6efc2180ba7cf96119ad54902bc45452b2538cc6fffe19dbf66bf3e,The question does NOT need any corrections.,who_did_americans_boat_for_to_be_their_first_president_who_avoided_serving_three_terms_targ_10_B.wav,target,phon_err,infinitive vs. participle,/v/ --> /b/; vote/boat,George Washington,nans,secdiff,,a,,JB_1205
14,3ecef783f6efc2180ba7cf96119ad54902bc45452b2538cc6fffe19dbf66bf3e,George Washington.,who_did_americans_boat_for_to_be_their_first_president_who_avoided_serving_three_terms_targ_10_B.wav,target,phon_err,infinitive vs. participle,/v/ --> /b/; vote/boat,George Washington,,,,,,
14,3ecef783f6efc2180ba7cf96119ad54902bc45452b2538cc6fffe19dbf66bf3e,The question does NOT need any corrections.,which_cartoon_character_works_at_the_krusty_krab_and_is_best_friends_with_patrick_star_fill_04.wav,filler_other,NA,NA,NA,Spongebob,nans,first,,a,,JB_1205
14,3ecef783f6efc2180ba7cf96119ad54902bc45452b2538cc6fffe19dbf66bf3e,Spongebob.,which_cartoon_character_works_at_the_krusty_krab_and_is_best_friends_with_patrick_star_fill_04.wav,filler_other,NA,NA,NA,Spongebob,,,,,,
14,3ecef783f6efc2180ba7cf96119ad54902bc45452b2538cc6fffe19dbf66bf3e,"The question needs to be CORRECTED (Select this if you spot an error, even if you don’t know the answer).",which_cartoon_character_works_at_the_krusty_krab_and_is_best_friends_with_patrick_star_fill_04.wav,filler_other,NA,NA,NA,Spongebob,y,secdiff,otherfill,,reports mispronunciation of 'cartoon',JB_1205
14,3ecef783f6efc2180ba7cf96119ad54902bc45452b2538cc6fffe19dbf66bf3e,"""Cartoon"" sounded like ""carton."" The answer is Spongebob.",which_cartoon_character_works_at_the_krusty_krab_and_is_best_friends_with_patrick_star_fill_04.wav,filler_other,NA,NA,NA,Spongebob,,,,,,
14,3ecef783f6efc2180ba7cf96119ad54902bc45452b2538cc6fffe19dbf66bf3e,"The question needs to be CORRECTED (Select this if you spot an error, even if you don’t know the answer).",because_is_important_to_honor_the_iris_saint_what_holiday_occurs_on_march_17th_targ_08_D.wav,target,both_err,expletive 'it' dropping,/ʃ/ --> /s/; Irish/iris,St. Patrick's Day,y,first,p,,,JB_1205
14,3ecef783f6efc2180ba7cf96119ad54902bc45452b2538cc6fffe19dbf66bf3e,"""Irish"" sounded like ""iris."" The answer is St. Patrick's day.",because_is_important_to_honor_the_iris_saint_what_holiday_occurs_on_march_17th_targ_08_D.wav,target,both_err,expletive 'it' dropping,/ʃ/ --> /s/; Irish/iris,St. Patrick's Day,,,,,,
14,3ecef783f6efc2180ba7cf96119ad54902bc45452b2538cc6fffe19dbf66bf3e,I’m good — skip to the next question,because_is_important_to_honor_the_iris_saint_what_holiday_occurs_on_march_17th_targ_08_D.wav,target,both_err,expletive 'it' dropping,/ʃ/ --> /s/; Irish/iris,St. Patrick's Day,s,secsame,,,,JB_1205
14,3ecef783f6efc2180ba7cf96119ad54902bc45452b2538cc6fffe19dbf66bf3e,NA,because_is_important_to_honor_the_iris_saint_what_holiday_occurs_on_march_17th_targ_08_D.wav,target,both_err,expletive 'it' dropping,/ʃ/ --> /s/; Irish/iris,St. Patrick's Day,,,,,,
14,3ecef783f6efc2180ba7cf96119ad54902bc45452b2538cc6fffe19dbf66bf3e,The question does NOT need any corrections.,in_the_famous_dr_seuss_book_what_orange_and_yellow_character_speaks_for_the_trees_fill_23.wav,filler_other,NA,NA,NA,the Lorax,nans,first,,w,,JB_1205
14,3ecef783f6efc2180ba7cf96119ad54902bc45452b2538cc6fffe19dbf66bf3e,Hefalump.,in_the_famous_dr_seuss_book_what_orange_and_yellow_character_speaks_for_the_trees_fill_23.wav,filler_other,NA,NA,NA,the Lorax,,,,,,
14,3ecef783f6efc2180ba7cf96119ad54902bc45452b2538cc6fffe19dbf66bf3e,I’m good — skip to the next question,in_the_famous_dr_seuss_book_what_orange_and_yellow_character_speaks_for_the_trees_fill_23.wav,filler_other,NA,NA,NA,the Lorax,s,secsame,,,,JB_1205
14,3ecef783f6efc2180ba7cf96119ad54902bc45452b2538cc6fffe19dbf66bf3e,NA,in_the_famous_dr_seuss_book_what_orange_and_yellow_character_speaks_for_the_trees_fill_23.wav,filler_other,NA,NA,NA,the Lorax,,,,,,
14,3ecef783f6efc2180ba7cf96119ad54902bc45452b2538cc6fffe19dbf66bf3e,"The question does NOT need any corrections, but I don't know the answer/ I don't understand what the question is asking.",what_city_have_people_rust_to_tour_to_see_where_the_us_government_does_business_targ_14_B.wav,target,phon_err,make vs. other verb,/ʃ/ --> /s/; rushed/rust,Washington D.C.,nun,first,,,,JB_1205
14,3ecef783f6efc2180ba7cf96119ad54902bc45452b2538cc6fffe19dbf66bf3e,NA,what_city_have_people_rust_to_tour_to_see_where_the_us_government_does_business_targ_14_B.wav,target,phon_err,make vs. other verb,/ʃ/ --> /s/; rushed/rust,Washington D.C.,,,,,,
14,3ecef783f6efc2180ba7cf96119ad54902bc45452b2538cc6fffe19dbf66bf3e,"The question needs to be CORRECTED (Select this if you spot an error, even if you don’t know the answer).",what_city_have_people_rust_to_tour_to_see_where_the_us_government_does_business_targ_14_B.wav,target,phon_err,make vs. other verb,/ʃ/ --> /s/; rushed/rust,Washington D.C.,y,secdiff,p,,,JB_1205
14,3ecef783f6efc2180ba7cf96119ad54902bc45452b2538cc6fffe19dbf66bf3e,"""rushed"" doesn't sound right. The answer is Washington DC.",what_city_have_people_rust_to_tour_to_see_where_the_us_government_does_business_targ_14_B.wav,target,phon_err,make vs. other verb,/ʃ/ --> /s/; rushed/rust,Washington D.C.,,,,,,
14,3ecef783f6efc2180ba7cf96119ad54902bc45452b2538cc6fffe19dbf66bf3e,"The question needs to be CORRECTED (Select this if you spot an error, even if you don’t know the answer).",if_youre_on_a_pat_from_california_to_hawaii_which_ocean_you_go_through_targ_12_D.wav,target,both_err,no aux verbs in questions (lack of do support),/θ/ --> /t/; path/pat,Pacific Ocean,y,first,p?,,seems to be unable to understand 'pat' in context of sentence,JB_1205
14,3ecef783f6efc2180ba7cf96119ad54902bc45452b2538cc6fffe19dbf66bf3e,I couldn't understand the 5th word. Not sure about the answer.,if_youre_on_a_pat_from_california_to_hawaii_which_ocean_you_go_through_targ_12_D.wav,target,both_err,no aux verbs in questions (lack of do support),/θ/ --> /t/; path/pat,Pacific Ocean,,,,,,
14,3ecef783f6efc2180ba7cf96119ad54902bc45452b2538cc6fffe19dbf66bf3e,"The question needs to be CORRECTED (Select this if you spot an error, even if you don’t know the answer).",if_youre_on_a_pat_from_california_to_hawaii_which_ocean_you_go_through_targ_12_D.wav,target,both_err,no aux verbs in questions (lack of do support),/θ/ --> /t/; path/pat,Pacific Ocean,y,secsame,p?,,,JB_1205
14,3ecef783f6efc2180ba7cf96119ad54902bc45452b2538cc6fffe19dbf66bf3e,The 5th word was not understandable. The answer is the Pacific ocean.,if_youre_on_a_pat_from_california_to_hawaii_which_ocean_you_go_through_targ_12_D.wav,target,both_err,no aux verbs in questions (lack of do support),/θ/ --> /t/; path/pat,Pacific Ocean,,,,,,
14,3ecef783f6efc2180ba7cf96119ad54902bc45452b2538cc6fffe19dbf66bf3e,"The question does NOT need any corrections, but I don't know the answer/ I don't understand what the question is asking.",how_many_days_would_my_tandem_bike_be_gone_if_someone_borrows_it_for_july_targ_17_A.wav,target,correct,adj/noun order,/ʊ/ --> /u/; would/wooed,thirty-one days,nun,first,,,,JB_1205
14,3ecef783f6efc2180ba7cf96119ad54902bc45452b2538cc6fffe19dbf66bf3e,NA,how_many_days_would_my_tandem_bike_be_gone_if_someone_borrows_it_for_july_targ_17_A.wav,target,correct,adj/noun order,/ʊ/ --> /u/; would/wooed,thirty-one days,,,,,,
14,3ecef783f6efc2180ba7cf96119ad54902bc45452b2538cc6fffe19dbf66bf3e,I’m good — skip to the next question,how_many_days_would_my_tandem_bike_be_gone_if_someone_borrows_it_for_july_targ_17_A.wav,target,correct,adj/noun order,/ʊ/ --> /u/; would/wooed,thirty-one days,s,secsame,,,,JB_1205
14,3ecef783f6efc2180ba7cf96119ad54902bc45452b2538cc6fffe19dbf66bf3e,NA,how_many_days_would_my_tandem_bike_be_gone_if_someone_borrows_it_for_july_targ_17_A.wav,target,correct,adj/noun order,/ʊ/ --> /u/; would/wooed,thirty-one days,,,,,,
14,3ecef783f6efc2180ba7cf96119ad54902bc45452b2538cc6fffe19dbf66bf3e,"The question needs to be CORRECTED (Select this if you spot an error, even if you don’t know the answer).",which_cartoon_dog_solves_mysteries_with_the_group_fred_daphne_velma_and_shaggy_fill_10.wav,filler_other,NA,NA,NA,Scooby-Doo,y,first,otherfill,,not specific - unable to understand one word,JB_1205
14,3ecef783f6efc2180ba7cf96119ad54902bc45452b2538cc6fffe19dbf66bf3e,I couldn't understand one of the words near the beginning. The answer is Scooby Doo.,which_cartoon_dog_solves_mysteries_with_the_group_fred_daphne_velma_and_shaggy_fill_10.wav,filler_other,NA,NA,NA,Scooby-Doo,,,,,,
14,3ecef783f6efc2180ba7cf96119ad54902bc45452b2538cc6fffe19dbf66bf3e,The question does NOT need any corrections.,which_cartoon_dog_solves_mysteries_with_the_group_fred_daphne_velma_and_shaggy_fill_10.wav,filler_other,NA,NA,NA,Scooby-Doo,nans,secdiff,,a,,JB_1205
14,3ecef783f6efc2180ba7cf96119ad54902bc45452b2538cc6fffe19dbf66bf3e,Scooby Doo.,which_cartoon_dog_solves_mysteries_with_the_group_fred_daphne_velma_and_shaggy_fill_10.wav,filler_other,NA,NA,NA,Scooby-Doo,,,,,,
14,3ecef783f6efc2180ba7cf96119ad54902bc45452b2538cc6fffe19dbf66bf3e,"The question needs to be CORRECTED (Select this if you spot an error, even if you don’t know the answer).",where_do_the_jolly_christmas_icons_santa_claus_and_his_wife_mrs._claus_live_fill_22.wav,filler_other,NA,NA,NA,the North Pole,y,first,otherfill,,reports mispronunciation of 'live',JB_1205
14,3ecef783f6efc2180ba7cf96119ad54902bc45452b2538cc6fffe19dbf66bf3e,"""live"" sounded like ""leave."" The answer is the North Pole.",where_do_the_jolly_christmas_icons_santa_claus_and_his_wife_mrs._claus_live_fill_22.wav,filler_other,NA,NA,NA,the North Pole,,,,,,
14,3ecef783f6efc2180ba7cf96119ad54902bc45452b2538cc6fffe19dbf66bf3e,I’m good — skip to the next question,where_do_the_jolly_christmas_icons_santa_claus_and_his_wife_mrs._claus_live_fill_22.wav,filler_other,NA,NA,NA,the North Pole,s,secsame,,,,JB_1205
14,3ecef783f6efc2180ba7cf96119ad54902bc45452b2538cc6fffe19dbf66bf3e,NA,where_do_the_jolly_christmas_icons_santa_claus_and_his_wife_mrs._claus_live_fill_22.wav,filler_other,NA,NA,NA,the North Pole,,,,,,
14,3ecef783f6efc2180ba7cf96119ad54902bc45452b2538cc6fffe19dbf66bf3e,The question does NOT need any corrections.,which_oscar-winning_movie_features_tom_hanks_saying_life_is_like_a_box_of_chocolates_fill_12.wav,filler_other,NA,NA,NA,Forrest Gump,nans,first,,a,,JB_1205
14,3ecef783f6efc2180ba7cf96119ad54902bc45452b2538cc6fffe19dbf66bf3e,Forest Gump.,which_oscar-winning_movie_features_tom_hanks_saying_life_is_like_a_box_of_chocolates_fill_12.wav,filler_other,NA,NA,NA,Forrest Gump,,,,,,
14,3ecef783f6efc2180ba7cf96119ad54902bc45452b2538cc6fffe19dbf66bf3e,I’m good — skip to the next question,which_oscar-winning_movie_features_tom_hanks_saying_life_is_like_a_box_of_chocolates_fill_12.wav,filler_other,NA,NA,NA,Forrest Gump,s,secsame,,,,JB_1205
14,3ecef783f6efc2180ba7cf96119ad54902bc45452b2538cc6fffe19dbf66bf3e,NA,which_oscar-winning_movie_features_tom_hanks_saying_life_is_like_a_box_of_chocolates_fill_12.wav,filler_other,NA,NA,NA,Forrest Gump,,,,,,
14,3ecef783f6efc2180ba7cf96119ad54902bc45452b2538cc6fffe19dbf66bf3e,The question does NOT need any corrections.,for_what_pink_ice_cream_flavor_will_companies_do_their_best_to_use_real_fruit_targ_01_A.wav,target,correct,make vs. other verb,/ɪ/ --> /i/; will/wheel,strawberry,nans,first,,a,,JB_1205
14,3ecef783f6efc2180ba7cf96119ad54902bc45452b2538cc6fffe19dbf66bf3e,Strawberry.,for_what_pink_ice_cream_flavor_will_companies_do_their_best_to_use_real_fruit_targ_01_A.wav,target,correct,make vs. other verb,/ɪ/ --> /i/; will/wheel,strawberry,,,,,,
14,3ecef783f6efc2180ba7cf96119ad54902bc45452b2538cc6fffe19dbf66bf3e,I’m good — skip to the next question,for_what_pink_ice_cream_flavor_will_companies_do_their_best_to_use_real_fruit_targ_01_A.wav,target,correct,make vs. other verb,/ɪ/ --> /i/; will/wheel,strawberry,s,secsame,,,,JB_1205
14,3ecef783f6efc2180ba7cf96119ad54902bc45452b2538cc6fffe19dbf66bf3e,NA,for_what_pink_ice_cream_flavor_will_companies_do_their_best_to_use_real_fruit_targ_01_A.wav,target,correct,make vs. other verb,/ɪ/ --> /i/; will/wheel,strawberry,,,,,,
15,425668930f62daf7e24db6e26b958d18f750bcbf97d551ec702fb1f617badf38,The question does NOT need any corrections.,what_state_is_los_angeles_located_in_fill_26.wav,att_check_good,NA,NA,NA,California,nans,first,,a,attention check passed (7/8 correct),JB_1204
15,425668930f62daf7e24db6e26b958d18f750bcbf97d551ec702fb1f617badf38,California,what_state_is_los_angeles_located_in_fill_26.wav,att_check_good,NA,NA,NA,California,,,,,,
15,425668930f62daf7e24db6e26b958d18f750bcbf97d551ec702fb1f617badf38,I’m good — skip to the next question,what_state_is_los_angeles_located_in_fill_26.wav,att_check_good,NA,NA,NA,California,s,secsame,,,,JB_1204
15,425668930f62daf7e24db6e26b958d18f750bcbf97d551ec702fb1f617badf38,NA,what_state_is_los_angeles_located_in_fill_26.wav,att_check_good,NA,NA,NA,California,,,,,,
15,425668930f62daf7e24db6e26b958d18f750bcbf97d551ec702fb1f617badf38,The question does NOT need any corrections.,what_day_of_the_week_comes_after_monday_fill_27.wav,att_check_good,NA,NA,NA,Tuesday,nans,first,,a,,JB_1204
15,425668930f62daf7e24db6e26b958d18f750bcbf97d551ec702fb1f617badf38,Tuesday,what_day_of_the_week_comes_after_monday_fill_27.wav,att_check_good,NA,NA,NA,Tuesday,,,,,,
15,425668930f62daf7e24db6e26b958d18f750bcbf97d551ec702fb1f617badf38,I’m good — skip to the next question,what_day_of_the_week_comes_after_monday_fill_27.wav,att_check_good,NA,NA,NA,Tuesday,s,secsame,,,,JB_1204
15,425668930f62daf7e24db6e26b958d18f750bcbf97d551ec702fb1f617badf38,NA,what_day_of_the_week_comes_after_monday_fill_27.wav,att_check_good,NA,NA,NA,Tuesday,,,,,,
15,425668930f62daf7e24db6e26b958d18f750bcbf97d551ec702fb1f617badf38,"The question needs to be CORRECTED (Select this if you spot an error, even if you don’t know the answer).",what_is_the_largest_plant_in_the_solar_system_fill_31.wav,att_check_err,NA,NA,NA,Jupiter (planet),y,first,acheckp,,,JB_1204
15,425668930f62daf7e24db6e26b958d18f750bcbf97d551ec702fb1f617badf38,"says ""plant"" instead of ""planet"" - Jupiter",what_is_the_largest_plant_in_the_solar_system_fill_31.wav,att_check_err,NA,NA,NA,Jupiter (planet),,,,,,
15,425668930f62daf7e24db6e26b958d18f750bcbf97d551ec702fb1f617badf38,I’m good — skip to the next question,what_is_the_largest_plant_in_the_solar_system_fill_31.wav,att_check_err,NA,NA,NA,Jupiter (planet),s,secsame,,,,JB_1204
15,425668930f62daf7e24db6e26b958d18f750bcbf97d551ec702fb1f617badf38,NA,what_is_the_largest_plant_in_the_solar_system_fill_31.wav,att_check_err,NA,NA,NA,Jupiter (planet),,,,,,
15,425668930f62daf7e24db6e26b958d18f750bcbf97d551ec702fb1f617badf38,The question does NOT need any corrections.,how_many_embers_were_in_the_beatles_the_british_rock_band_fill_32.wav,att_check_err,NA,NA,NA,four (members),nans,first,acheckf,,,JB_1204
15,425668930f62daf7e24db6e26b958d18f750bcbf97d551ec702fb1f617badf38,Four,how_many_embers_were_in_the_beatles_the_british_rock_band_fill_32.wav,att_check_err,NA,NA,NA,four (members),,,,,,
15,425668930f62daf7e24db6e26b958d18f750bcbf97d551ec702fb1f617badf38,I’m good — skip to the next question,how_many_embers_were_in_the_beatles_the_british_rock_band_fill_32.wav,att_check_err,NA,NA,NA,four (members),s,secsame,,,,JB_1204
15,425668930f62daf7e24db6e26b958d18f750bcbf97d551ec702fb1f617badf38,NA,how_many_embers_were_in_the_beatles_the_british_rock_band_fill_32.wav,att_check_err,NA,NA,NA,four (members),,,,,,
15,425668930f62daf7e24db6e26b958d18f750bcbf97d551ec702fb1f617badf38,The question does NOT need any corrections.,how_many_legs_does_a_dog_normally_have_fill_25.wav,att_check_good,NA,NA,NA,four,nans,first,,a,,JB_1204
15,425668930f62daf7e24db6e26b958d18f750bcbf97d551ec702fb1f617badf38,Four,how_many_legs_does_a_dog_normally_have_fill_25.wav,att_check_good,NA,NA,NA,four,,,,,,
15,425668930f62daf7e24db6e26b958d18f750bcbf97d551ec702fb1f617badf38,The question does NOT need any corrections.,how_many_legs_does_a_dog_normally_have_fill_25.wav,att_check_good,NA,NA,NA,four,nans,secsame,,,,JB_1204
15,425668930f62daf7e24db6e26b958d18f750bcbf97d551ec702fb1f617badf38,NA,how_many_legs_does_a_dog_normally_have_fill_25.wav,att_check_good,NA,NA,NA,four,,,,,,
15,425668930f62daf7e24db6e26b958d18f750bcbf97d551ec702fb1f617badf38,"The question needs to be CORRECTED (Select this if you spot an error, even if you don’t know the answer).",what_insect_undergoes_a_process_of_change_to_turn_into_a_butterfy_fill_30.wav,att_check_err,NA,NA,NA,caterpillar (butterfly),y,first,acheckp,,,JB_1204
15,425668930f62daf7e24db6e26b958d18f750bcbf97d551ec702fb1f617badf38,"says ""butterfy"" instead of ""butterfly"" - Caterpillar",what_insect_undergoes_a_process_of_change_to_turn_into_a_butterfy_fill_30.wav,att_check_err,NA,NA,NA,caterpillar (butterfly),,,,,,
15,425668930f62daf7e24db6e26b958d18f750bcbf97d551ec702fb1f617badf38,I’m good — skip to the next question,what_insect_undergoes_a_process_of_change_to_turn_into_a_butterfy_fill_30.wav,att_check_err,NA,NA,NA,caterpillar (butterfly),s,secsame,,,,JB_1204
15,425668930f62daf7e24db6e26b958d18f750bcbf97d551ec702fb1f617badf38,NA,what_insect_undergoes_a_process_of_change_to_turn_into_a_butterfy_fill_30.wav,att_check_err,NA,NA,NA,caterpillar (butterfly),,,,,,
15,425668930f62daf7e24db6e26b958d18f750bcbf97d551ec702fb1f617badf38,"The question needs to be CORRECTED (Select this if you spot an error, even if you don’t know the answer).",in_the_cycle_of_seasons_what_season_comes_after_dinter_fill_29.wav,att_check_err,NA,NA,NA,"Spring (Winter, sound sub that's not related)",y,first,acheckp,,,JB_1204
15,425668930f62daf7e24db6e26b958d18f750bcbf97d551ec702fb1f617badf38,"says ""dinter"" instead of ""winter"" - Spring",in_the_cycle_of_seasons_what_season_comes_after_dinter_fill_29.wav,att_check_err,NA,NA,NA,"Spring (Winter, sound sub that's not related)",,,,,,
15,425668930f62daf7e24db6e26b958d18f750bcbf97d551ec702fb1f617badf38,I’m good — skip to the next question,in_the_cycle_of_seasons_what_season_comes_after_dinter_fill_29.wav,att_check_err,NA,NA,NA,"Spring (Winter, sound sub that's not related)",s,secsame,,,,JB_1204
15,425668930f62daf7e24db6e26b958d18f750bcbf97d551ec702fb1f617badf38,NA,in_the_cycle_of_seasons_what_season_comes_after_dinter_fill_29.wav,att_check_err,NA,NA,NA,"Spring (Winter, sound sub that's not related)",,,,,,
15,425668930f62daf7e24db6e26b958d18f750bcbf97d551ec702fb1f617badf38,The question does NOT need any corrections.,what_color_is_a_typical_school_bus_fill_28.wav,att_check_good,NA,NA,NA,yellow,nans,first,,a,,JB_1204
15,425668930f62daf7e24db6e26b958d18f750bcbf97d551ec702fb1f617badf38,Yellow,what_color_is_a_typical_school_bus_fill_28.wav,att_check_good,NA,NA,NA,yellow,,,,,,
15,425668930f62daf7e24db6e26b958d18f750bcbf97d551ec702fb1f617badf38,I’m good — skip to the next question,what_color_is_a_typical_school_bus_fill_28.wav,att_check_good,NA,NA,NA,yellow,s,secsame,,,,JB_1204
15,425668930f62daf7e24db6e26b958d18f750bcbf97d551ec702fb1f617badf38,NA,what_color_is_a_typical_school_bus_fill_28.wav,att_check_good,NA,NA,NA,yellow,,,,,,
15,425668930f62daf7e24db6e26b958d18f750bcbf97d551ec702fb1f617badf38,The question does NOT need any corrections.,where_do_the_jolly_christmas_icons_santa_claus_and_his_wife_mrs._claus_live_fill_22.wav,filler_other,NA,NA,NA,the North Pole,nans,first,,a,,JB_1205
15,425668930f62daf7e24db6e26b958d18f750bcbf97d551ec702fb1f617badf38,North Pole,where_do_the_jolly_christmas_icons_santa_claus_and_his_wife_mrs._claus_live_fill_22.wav,filler_other,NA,NA,NA,the North Pole,,,,,,
15,425668930f62daf7e24db6e26b958d18f750bcbf97d551ec702fb1f617badf38,The question does NOT need any corrections.,where_do_the_jolly_christmas_icons_santa_claus_and_his_wife_mrs._claus_live_fill_22.wav,filler_other,NA,NA,NA,the North Pole,nans,secsame,,twice,,JB_1205
15,425668930f62daf7e24db6e26b958d18f750bcbf97d551ec702fb1f617badf38,The North Pole,where_do_the_jolly_christmas_icons_santa_claus_and_his_wife_mrs._claus_live_fill_22.wav,filler_other,NA,NA,NA,the North Pole,,,,,,
15,425668930f62daf7e24db6e26b958d18f750bcbf97d551ec702fb1f617badf38,The question does NOT need any corrections.,which_fast_food_chain_offers_foot-long_sandwiches_and_has_the_slogan_eat_fresh_fill_11.wav,filler_other,NA,NA,NA,Subway,nans,first,,a,,JB_1205
15,425668930f62daf7e24db6e26b958d18f750bcbf97d551ec702fb1f617badf38,Subway,which_fast_food_chain_offers_foot-long_sandwiches_and_has_the_slogan_eat_fresh_fill_11.wav,filler_other,NA,NA,NA,Subway,,,,,,
15,425668930f62daf7e24db6e26b958d18f750bcbf97d551ec702fb1f617badf38,I’m good — skip to the next question,which_fast_food_chain_offers_foot-long_sandwiches_and_has_the_slogan_eat_fresh_fill_11.wav,filler_other,NA,NA,NA,Subway,s,secsame,,,,JB_1205
15,425668930f62daf7e24db6e26b958d18f750bcbf97d551ec702fb1f617badf38,Subway,which_fast_food_chain_offers_foot-long_sandwiches_and_has_the_slogan_eat_fresh_fill_11.wav,filler_other,NA,NA,NA,Subway,,,,,,
15,425668930f62daf7e24db6e26b958d18f750bcbf97d551ec702fb1f617badf38,The question does NOT need any corrections.,where_do_people_get_drivers_licenses_since_is_required_as_valid_id_to_drive_targ_16_C.wav,target,non_phon_err,expletive 'it' dropping,/v/ --> /b/; valid/ballad,DMV,nans,first,,a,,JB_1205
15,425668930f62daf7e24db6e26b958d18f750bcbf97d551ec702fb1f617badf38,Department of Motor Vehicles,where_do_people_get_drivers_licenses_since_is_required_as_valid_id_to_drive_targ_16_C.wav,target,non_phon_err,expletive 'it' dropping,/v/ --> /b/; valid/ballad,DMV,,,,,,
15,425668930f62daf7e24db6e26b958d18f750bcbf97d551ec702fb1f617badf38,"The question needs to be CORRECTED (Select this if you spot an error, even if you don’t know the answer).",where_do_people_get_drivers_licenses_since_is_required_as_valid_id_to_drive_targ_16_C.wav,target,non_phon_err,expletive 'it' dropping,/v/ --> /b/; valid/ballad,DMV,y,secdiff,p,,reports target phon error despite this being a non-phon stimulus,JB_1205
15,425668930f62daf7e24db6e26b958d18f750bcbf97d551ec702fb1f617badf38,"""valid"" sounds like ""ballot"" - Department of Motor Vehicles",where_do_people_get_drivers_licenses_since_is_required_as_valid_id_to_drive_targ_16_C.wav,target,non_phon_err,expletive 'it' dropping,/v/ --> /b/; valid/ballad,DMV,,,,,,
15,425668930f62daf7e24db6e26b958d18f750bcbf97d551ec702fb1f617badf38,The question does NOT need any corrections.,which_tropical_fruit_that_grows_on_palm_trees_is_used_for_oils_and_milks_fill_18.wav,filler_other,NA,NA,NA,coconuts,nans,first,,a,,JB_1205
15,425668930f62daf7e24db6e26b958d18f750bcbf97d551ec702fb1f617badf38,Coconut,which_tropical_fruit_that_grows_on_palm_trees_is_used_for_oils_and_milks_fill_18.wav,filler_other,NA,NA,NA,coconuts,,,,,,
15,425668930f62daf7e24db6e26b958d18f750bcbf97d551ec702fb1f617badf38,I’m good — skip to the next question,which_tropical_fruit_that_grows_on_palm_trees_is_used_for_oils_and_milks_fill_18.wav,filler_other,NA,NA,NA,coconuts,s,secsame,,,,JB_1205
15,425668930f62daf7e24db6e26b958d18f750bcbf97d551ec702fb1f617badf38,NA,which_tropical_fruit_that_grows_on_palm_trees_is_used_for_oils_and_milks_fill_18.wav,filler_other,NA,NA,NA,coconuts,,,,,,
15,425668930f62daf7e24db6e26b958d18f750bcbf97d551ec702fb1f617badf38,The question does NOT need any corrections.,which_british_celebrity_judge_often_harshly_critiqued_contestants_on_the_nationwide_singing_contest_american_idol_fill_03.wav,filler_other,NA,NA,NA,Simon Cowell,nans,first,,a,,JB_1205
15,425668930f62daf7e24db6e26b958d18f750bcbf97d551ec702fb1f617badf38,Simon Cowell,which_british_celebrity_judge_often_harshly_critiqued_contestants_on_the_nationwide_singing_contest_american_idol_fill_03.wav,filler_other,NA,NA,NA,Simon Cowell,,,,,,
15,425668930f62daf7e24db6e26b958d18f750bcbf97d551ec702fb1f617badf38,I’m good — skip to the next question,which_british_celebrity_judge_often_harshly_critiqued_contestants_on_the_nationwide_singing_contest_american_idol_fill_03.wav,filler_other,NA,NA,NA,Simon Cowell,s,secsame,,,,JB_1205
15,425668930f62daf7e24db6e26b958d18f750bcbf97d551ec702fb1f617badf38,NA,which_british_celebrity_judge_often_harshly_critiqued_contestants_on_the_nationwide_singing_contest_american_idol_fill_03.wav,filler_other,NA,NA,NA,Simon Cowell,,,,,,
15,425668930f62daf7e24db6e26b958d18f750bcbf97d551ec702fb1f617badf38,The question does NOT need any corrections.,what_organ_is_often_associated_with_being_eaten_by_rotting_flesh_monsters_also_known_as_zombies_fill_02.wav,filler_other,NA,NA,NA,the brain,nans,first,,a,,JB_1205
15,425668930f62daf7e24db6e26b958d18f750bcbf97d551ec702fb1f617badf38,The brain,what_organ_is_often_associated_with_being_eaten_by_rotting_flesh_monsters_also_known_as_zombies_fill_02.wav,filler_other,NA,NA,NA,the brain,,,,,,
15,425668930f62daf7e24db6e26b958d18f750bcbf97d551ec702fb1f617badf38,I’m good — skip to the next question,what_organ_is_often_associated_with_being_eaten_by_rotting_flesh_monsters_also_known_as_zombies_fill_02.wav,filler_other,NA,NA,NA,the brain,s,secsame,,,,JB_1205
15,425668930f62daf7e24db6e26b958d18f750bcbf97d551ec702fb1f617badf38,NA,what_organ_is_often_associated_with_being_eaten_by_rotting_flesh_monsters_also_known_as_zombies_fill_02.wav,filler_other,NA,NA,NA,the brain,,,,,,
15,425668930f62daf7e24db6e26b958d18f750bcbf97d551ec702fb1f617badf38,"The question needs to be CORRECTED (Select this if you spot an error, even if you don’t know the answer).",which_scottish_actor_first_played_james_bond_wearing_guilts_to_red_carpets_when_he_was_32_years_old_targ_03_B.wav,target,phon_err,have vs. be,/k/ --> /g/; kilt/guilt,Sean Connery,y,first,other,,not specific,JB_1205
15,425668930f62daf7e24db6e26b958d18f750bcbf97d551ec702fb1f617badf38,speaker says something indistinguishable,which_scottish_actor_first_played_james_bond_wearing_guilts_to_red_carpets_when_he_was_32_years_old_targ_03_B.wav,target,phon_err,have vs. be,/k/ --> /g/; kilt/guilt,Sean Connery,,,,,,
15,425668930f62daf7e24db6e26b958d18f750bcbf97d551ec702fb1f617badf38,"The question does NOT need any corrections, but I don't know the answer/ I don't understand what the question is asking.",which_scottish_actor_first_played_james_bond_wearing_guilts_to_red_carpets_when_he_was_32_years_old_targ_03_B.wav,target,phon_err,have vs. be,/k/ --> /g/; kilt/guilt,Sean Connery,nun,secdiff,,,,JB_1205
15,425668930f62daf7e24db6e26b958d18f750bcbf97d551ec702fb1f617badf38,I don't understand what the ? is asking,which_scottish_actor_first_played_james_bond_wearing_guilts_to_red_carpets_when_he_was_32_years_old_targ_03_B.wav,target,phon_err,have vs. be,/k/ --> /g/; kilt/guilt,Sean Connery,,,,,,
15,425668930f62daf7e24db6e26b958d18f750bcbf97d551ec702fb1f617badf38,"The question does NOT need any corrections, but I don't know the answer/ I don't understand what the question is asking.",which_season_do_we_associate_with_thanksgiving_the_beginning_of_school_and_leaves_turning_brown_fill_19.wav,filler_other,NA,NA,NA,Fall,nun,first,,,,JB_1205
15,425668930f62daf7e24db6e26b958d18f750bcbf97d551ec702fb1f617badf38,NA,which_season_do_we_associate_with_thanksgiving_the_beginning_of_school_and_leaves_turning_brown_fill_19.wav,filler_other,NA,NA,NA,Fall,,,,,,
15,425668930f62daf7e24db6e26b958d18f750bcbf97d551ec702fb1f617badf38,"The question needs to be CORRECTED (Select this if you spot an error, even if you don’t know the answer).",which_season_do_we_associate_with_thanksgiving_the_beginning_of_school_and_leaves_turning_brown_fill_19.wav,filler_other,NA,NA,NA,Fall,y,secdiff,otherfill,,reports mispronunciation of 'season',JB_1205
15,425668930f62daf7e24db6e26b958d18f750bcbf97d551ec702fb1f617badf38,"speaker says ""sassy"" instead of ""season"" - Autumn/Fall",which_season_do_we_associate_with_thanksgiving_the_beginning_of_school_and_leaves_turning_brown_fill_19.wav,filler_other,NA,NA,NA,Fall,,,,,,
15,425668930f62daf7e24db6e26b958d18f750bcbf97d551ec702fb1f617badf38,"The question needs to be CORRECTED (Select this if you spot an error, even if you don’t know the answer).",which_cartoon_character_works_at_the_krusty_krab_and_is_best_friends_with_patrick_star_fill_04.wav,filler_other,NA,NA,NA,Spongebob,y,first,otherfill,,reports mispronunciation of 'cartoon',JB_1205
15,425668930f62daf7e24db6e26b958d18f750bcbf97d551ec702fb1f617badf38,"speaker says ""carton"" instead of ""cartoon"" - Spongebob Squarepants",which_cartoon_character_works_at_the_krusty_krab_and_is_best_friends_with_patrick_star_fill_04.wav,filler_other,NA,NA,NA,Spongebob,,,,,,
15,425668930f62daf7e24db6e26b958d18f750bcbf97d551ec702fb1f617badf38,I’m good — skip to the next question,which_cartoon_character_works_at_the_krusty_krab_and_is_best_friends_with_patrick_star_fill_04.wav,filler_other,NA,NA,NA,Spongebob,s,secsame,,,,JB_1205
15,425668930f62daf7e24db6e26b958d18f750bcbf97d551ec702fb1f617badf38,NA,which_cartoon_character_works_at_the_krusty_krab_and_is_best_friends_with_patrick_star_fill_04.wav,filler_other,NA,NA,NA,Spongebob,,,,,,
15,425668930f62daf7e24db6e26b958d18f750bcbf97d551ec702fb1f617badf38,The question does NOT need any corrections.,for_what_pink_ice_cream_flavor_wheel_companies_make_their_best_to_use_real_fruit_targ_01_D.wav,target,both_err,make vs. other verb,/ɪ/ --> /i/; will/wheel,strawberry,nans,first,,a,,JB_1205
15,425668930f62daf7e24db6e26b958d18f750bcbf97d551ec702fb1f617badf38,Strawberry,for_what_pink_ice_cream_flavor_wheel_companies_make_their_best_to_use_real_fruit_targ_01_D.wav,target,both_err,make vs. other verb,/ɪ/ --> /i/; will/wheel,strawberry,,,,,,
15,425668930f62daf7e24db6e26b958d18f750bcbf97d551ec702fb1f617badf38,I’m good — skip to the next question,for_what_pink_ice_cream_flavor_wheel_companies_make_their_best_to_use_real_fruit_targ_01_D.wav,target,both_err,make vs. other verb,/ɪ/ --> /i/; will/wheel,strawberry,s,secsame,,,,JB_1205
15,425668930f62daf7e24db6e26b958d18f750bcbf97d551ec702fb1f617badf38,NA,for_what_pink_ice_cream_flavor_wheel_companies_make_their_best_to_use_real_fruit_targ_01_D.wav,target,both_err,make vs. other verb,/ɪ/ --> /i/; will/wheel,strawberry,,,,,,
15,425668930f62daf7e24db6e26b958d18f750bcbf97d551ec702fb1f617badf38,The question does NOT need any corrections.,because_is_important_to_honor_the_irish_saint_what_holiday_occurs_on_march_17th_targ_08_C.wav,target,non_phon_err,expletive 'it' dropping,/ʃ/ --> /s/; Irish/iris,St. Patrick's Day,nans,first,,a,,JB_1205
15,425668930f62daf7e24db6e26b958d18f750bcbf97d551ec702fb1f617badf38,St. Patrick's Day,because_is_important_to_honor_the_irish_saint_what_holiday_occurs_on_march_17th_targ_08_C.wav,target,non_phon_err,expletive 'it' dropping,/ʃ/ --> /s/; Irish/iris,St. Patrick's Day,,,,,,
15,425668930f62daf7e24db6e26b958d18f750bcbf97d551ec702fb1f617badf38,I’m good — skip to the next question,because_is_important_to_honor_the_irish_saint_what_holiday_occurs_on_march_17th_targ_08_C.wav,target,non_phon_err,expletive 'it' dropping,/ʃ/ --> /s/; Irish/iris,St. Patrick's Day,s,secsame,,,,JB_1205
15,425668930f62daf7e24db6e26b958d18f750bcbf97d551ec702fb1f617badf38,NA,because_is_important_to_honor_the_irish_saint_what_holiday_occurs_on_march_17th_targ_08_C.wav,target,non_phon_err,expletive 'it' dropping,/ʃ/ --> /s/; Irish/iris,St. Patrick's Day,,,,,,
15,425668930f62daf7e24db6e26b958d18f750bcbf97d551ec702fb1f617badf38,The question does NOT need any corrections.,which_body_part_did_van_gogh_allegedly_cut_off_after_an_argument_with_his_friend_fill_05.wav,filler_other,NA,NA,NA,ear,nans,first,,a,,JB_1205
15,425668930f62daf7e24db6e26b958d18f750bcbf97d551ec702fb1f617badf38,Ear,which_body_part_did_van_gogh_allegedly_cut_off_after_an_argument_with_his_friend_fill_05.wav,filler_other,NA,NA,NA,ear,,,,,,
15,425668930f62daf7e24db6e26b958d18f750bcbf97d551ec702fb1f617badf38,I’m good — skip to the next question,which_body_part_did_van_gogh_allegedly_cut_off_after_an_argument_with_his_friend_fill_05.wav,filler_other,NA,NA,NA,ear,s,secsame,,,,JB_1205
15,425668930f62daf7e24db6e26b958d18f750bcbf97d551ec702fb1f617badf38,NA,which_body_part_did_van_gogh_allegedly_cut_off_after_an_argument_with_his_friend_fill_05.wav,filler_other,NA,NA,NA,ear,,,,,,
15,425668930f62daf7e24db6e26b958d18f750bcbf97d551ec702fb1f617badf38,The question does NOT need any corrections.,what_novel_has_the_quote_i’m_late_i’m_late_for_a_very_important_date_fill_13.wav,filler_other,NA,NA,NA,Alice in Wonderland,nans,first,,a,accepting answer ,JB_1205
15,425668930f62daf7e24db6e26b958d18f750bcbf97d551ec702fb1f617badf38,Alice in Wonderland,what_novel_has_the_quote_i’m_late_i’m_late_for_a_very_important_date_fill_13.wav,filler_other,NA,NA,NA,Alice in Wonderland,,,,,,
15,425668930f62daf7e24db6e26b958d18f750bcbf97d551ec702fb1f617badf38,The question does NOT need any corrections.,what_novel_has_the_quote_i’m_late_i’m_late_for_a_very_important_date_fill_13.wav,filler_other,NA,NA,NA,Alice in Wonderland,nans,secsame,,,,JB_1205
15,425668930f62daf7e24db6e26b958d18f750bcbf97d551ec702fb1f617badf38,Through the Looking Glass,what_novel_has_the_quote_i’m_late_i’m_late_for_a_very_important_date_fill_13.wav,filler_other,NA,NA,NA,Alice in Wonderland,,,,,,
15,425668930f62daf7e24db6e26b958d18f750bcbf97d551ec702fb1f617badf38,"The question does NOT need any corrections, but I don't know the answer/ I don't understand what the question is asking.",what_term_refers_to_armored_men_who_enjoyed_carrying_medieval_swords_that_clash_in_combat_targ_02_A.wav,target,correct,infinitive vs. participle,/ʃ/ --> /s/; clash/class,knights,nun,first,,,,JB_1205
15,425668930f62daf7e24db6e26b958d18f750bcbf97d551ec702fb1f617badf38,na,what_term_refers_to_armored_men_who_enjoyed_carrying_medieval_swords_that_clash_in_combat_targ_02_A.wav,target,correct,infinitive vs. participle,/ʃ/ --> /s/; clash/class,knights,,,,,,
15,425668930f62daf7e24db6e26b958d18f750bcbf97d551ec702fb1f617badf38,The question does NOT need any corrections.,what_term_refers_to_armored_men_who_enjoyed_carrying_medieval_swords_that_clash_in_combat_targ_02_A.wav,target,correct,infinitive vs. participle,/ʃ/ --> /s/; clash/class,knights,nans,secdiff,,a,,JB_1205
15,425668930f62daf7e24db6e26b958d18f750bcbf97d551ec702fb1f617badf38,Knights,what_term_refers_to_armored_men_who_enjoyed_carrying_medieval_swords_that_clash_in_combat_targ_02_A.wav,target,correct,infinitive vs. participle,/ʃ/ --> /s/; clash/class,knights,,,,,,
15,425668930f62daf7e24db6e26b958d18f750bcbf97d551ec702fb1f617badf38,The question does NOT need any corrections.,what_animal_is_typically_white_with_black_spots_and_says_moo_fill_21.wav,filler_other,NA,NA,NA,a cow,nans,first,,a,,JB_1205
15,425668930f62daf7e24db6e26b958d18f750bcbf97d551ec702fb1f617badf38,Cow,what_animal_is_typically_white_with_black_spots_and_says_moo_fill_21.wav,filler_other,NA,NA,NA,a cow,,,,,,
15,425668930f62daf7e24db6e26b958d18f750bcbf97d551ec702fb1f617badf38,I’m good — skip to the next question,what_animal_is_typically_white_with_black_spots_and_says_moo_fill_21.wav,filler_other,NA,NA,NA,a cow,s,secsame,,,,JB_1205
15,425668930f62daf7e24db6e26b958d18f750bcbf97d551ec702fb1f617badf38,NA,what_animal_is_typically_white_with_black_spots_and_says_moo_fill_21.wav,filler_other,NA,NA,NA,a cow,,,,,,
15,425668930f62daf7e24db6e26b958d18f750bcbf97d551ec702fb1f617badf38,"The question needs to be CORRECTED (Select this if you spot an error, even if you don’t know the answer).",what_popular_us_chain_provides_a_happy_meal_toy_or_plush_when_kids_have_hungry_targ_20_C.wav,target,non_phon_err,have vs. be,/ʃ/ --> /s/; plush/plus,McDonald's,y,first,np,,,JB_1205
15,425668930f62daf7e24db6e26b958d18f750bcbf97d551ec702fb1f617badf38,"says ""have"" instead of ""are"" - McDonald's",what_popular_us_chain_provides_a_happy_meal_toy_or_plush_when_kids_have_hungry_targ_20_C.wav,target,non_phon_err,have vs. be,/ʃ/ --> /s/; plush/plus,McDonald's,,,,,,
15,425668930f62daf7e24db6e26b958d18f750bcbf97d551ec702fb1f617badf38,I’m good — skip to the next question,what_popular_us_chain_provides_a_happy_meal_toy_or_plush_when_kids_have_hungry_targ_20_C.wav,target,non_phon_err,have vs. be,/ʃ/ --> /s/; plush/plus,McDonald's,s,secsame,,,,JB_1205
15,425668930f62daf7e24db6e26b958d18f750bcbf97d551ec702fb1f617badf38,NA,what_popular_us_chain_provides_a_happy_meal_toy_or_plush_when_kids_have_hungry_targ_20_C.wav,target,non_phon_err,have vs. be,/ʃ/ --> /s/; plush/plus,McDonald's,,,,,,
15,425668930f62daf7e24db6e26b958d18f750bcbf97d551ec702fb1f617badf38,The question does NOT need any corrections.,what_childrens_game_makes_people_seat_down_quickly_when_the_loud_music_stops_targ_07_B.wav,target,phon_err,adj/noun order,/ɪ/ --> /i/; sit/seat,musical chairs,nans,first,,a,,JB_1205
15,425668930f62daf7e24db6e26b958d18f750bcbf97d551ec702fb1f617badf38,Musical Chairs,what_childrens_game_makes_people_seat_down_quickly_when_the_loud_music_stops_targ_07_B.wav,target,phon_err,adj/noun order,/ɪ/ --> /i/; sit/seat,musical chairs,,,,,,
15,425668930f62daf7e24db6e26b958d18f750bcbf97d551ec702fb1f617badf38,I’m good — skip to the next question,what_childrens_game_makes_people_seat_down_quickly_when_the_loud_music_stops_targ_07_B.wav,target,phon_err,adj/noun order,/ɪ/ --> /i/; sit/seat,musical chairs,s,secsame,,,,JB_1205
15,425668930f62daf7e24db6e26b958d18f750bcbf97d551ec702fb1f617badf38,NA,what_childrens_game_makes_people_seat_down_quickly_when_the_loud_music_stops_targ_07_B.wav,target,phon_err,adj/noun order,/ɪ/ --> /i/; sit/seat,musical chairs,,,,,,
15,425668930f62daf7e24db6e26b958d18f750bcbf97d551ec702fb1f617badf38,"The question needs to be CORRECTED (Select this if you spot an error, even if you don’t know the answer).",what_mythical_creatures_have_been_said_to_drink_blood_turn_into_bats_and_hate_onions_fill_14.wav,filler_other,NA,NA,NA,vampires,y,first,otherfill,,relates to factual content of question,JB_1205
15,425668930f62daf7e24db6e26b958d18f750bcbf97d551ec702fb1f617badf38,"should be ""garlic"" instead of ""onions"" - Vampires",what_mythical_creatures_have_been_said_to_drink_blood_turn_into_bats_and_hate_onions_fill_14.wav,filler_other,NA,NA,NA,vampires,,,,,,
15,425668930f62daf7e24db6e26b958d18f750bcbf97d551ec702fb1f617badf38,I’m good — skip to the next question,what_mythical_creatures_have_been_said_to_drink_blood_turn_into_bats_and_hate_onions_fill_14.wav,filler_other,NA,NA,NA,vampires,s,secsame,,,,JB_1205
15,425668930f62daf7e24db6e26b958d18f750bcbf97d551ec702fb1f617badf38,NA,what_mythical_creatures_have_been_said_to_drink_blood_turn_into_bats_and_hate_onions_fill_14.wav,filler_other,NA,NA,NA,vampires,,,,,,
15,425668930f62daf7e24db6e26b958d18f750bcbf97d551ec702fb1f617badf38,The question does NOT need any corrections.,how_many_legs_does_a_canadian_garden_spider_whose_silk_can_make_cloth_have_targ_06_A.wav,target,correct,adj/noun order,/θ/ --> /t/; cloth/clot,eight,nans,first,,a,,JB_1205
15,425668930f62daf7e24db6e26b958d18f750bcbf97d551ec702fb1f617badf38,Eight,how_many_legs_does_a_canadian_garden_spider_whose_silk_can_make_cloth_have_targ_06_A.wav,target,correct,adj/noun order,/θ/ --> /t/; cloth/clot,eight,,,,,,
15,425668930f62daf7e24db6e26b958d18f750bcbf97d551ec702fb1f617badf38,I’m good — skip to the next question,how_many_legs_does_a_canadian_garden_spider_whose_silk_can_make_cloth_have_targ_06_A.wav,target,correct,adj/noun order,/θ/ --> /t/; cloth/clot,eight,s,secsame,,,,JB_1205
15,425668930f62daf7e24db6e26b958d18f750bcbf97d551ec702fb1f617badf38,NA,how_many_legs_does_a_canadian_garden_spider_whose_silk_can_make_cloth_have_targ_06_A.wav,target,correct,adj/noun order,/θ/ --> /t/; cloth/clot,eight,,,,,,
15,425668930f62daf7e24db6e26b958d18f750bcbf97d551ec702fb1f617badf38,The question does NOT need any corrections.,what_is_the_name_of_the_video_game_character_who_is_a_traveling_italian_plumber_fill_08.wav,filler_other,NA,NA,NA,Mario,nans,first,,a,,JB_1205
15,425668930f62daf7e24db6e26b958d18f750bcbf97d551ec702fb1f617badf38,Super Mario,what_is_the_name_of_the_video_game_character_who_is_a_traveling_italian_plumber_fill_08.wav,filler_other,NA,NA,NA,Mario,,,,,,
15,425668930f62daf7e24db6e26b958d18f750bcbf97d551ec702fb1f617badf38,The question does NOT need any corrections.,what_is_the_name_of_the_video_game_character_who_is_a_traveling_italian_plumber_fill_08.wav,filler_other,NA,NA,NA,Mario,nans,secsame,,twice,,JB_1205
15,425668930f62daf7e24db6e26b958d18f750bcbf97d551ec702fb1f617badf38,Mario,what_is_the_name_of_the_video_game_character_who_is_a_traveling_italian_plumber_fill_08.wav,filler_other,NA,NA,NA,Mario,,,,,,
15,425668930f62daf7e24db6e26b958d18f750bcbf97d551ec702fb1f617badf38,The question does NOT need any corrections.,if_youre_on_a_path_from_california_to_hawaii_which_ocean_you_go_through_targ_12_C.wav,target,non_phon_err,no aux verbs in questions (lack of do support),/θ/ --> /t/; path/pat,Pacific Ocean,nans,first,,a,,JB_1205
15,425668930f62daf7e24db6e26b958d18f750bcbf97d551ec702fb1f617badf38,Pacific,if_youre_on_a_path_from_california_to_hawaii_which_ocean_you_go_through_targ_12_C.wav,target,non_phon_err,no aux verbs in questions (lack of do support),/θ/ --> /t/; path/pat,Pacific Ocean,,,,,,
15,425668930f62daf7e24db6e26b958d18f750bcbf97d551ec702fb1f617badf38,"The question needs to be CORRECTED (Select this if you spot an error, even if you don’t know the answer).",if_youre_on_a_path_from_california_to_hawaii_which_ocean_you_go_through_targ_12_C.wav,target,non_phon_err,no aux verbs in questions (lack of do support),/θ/ --> /t/; path/pat,Pacific Ocean,y,secdiff,np,,,JB_1205
15,425668930f62daf7e24db6e26b958d18f750bcbf97d551ec702fb1f617badf38,"misses ""do"" - Pacific",if_youre_on_a_path_from_california_to_hawaii_which_ocean_you_go_through_targ_12_C.wav,target,non_phon_err,no aux verbs in questions (lack of do support),/θ/ --> /t/; path/pat,Pacific Ocean,,,,,,
15,425668930f62daf7e24db6e26b958d18f750bcbf97d551ec702fb1f617badf38,The question does NOT need any corrections.,what_kind_of_animal_is_mickey_mouse’s_girlfriend_minnie_who_wears_a_bow_fill_09.wav,filler_other,NA,NA,NA,mouse,nans,first,,a,,JB_1205
15,425668930f62daf7e24db6e26b958d18f750bcbf97d551ec702fb1f617badf38,Mouse,what_kind_of_animal_is_mickey_mouse’s_girlfriend_minnie_who_wears_a_bow_fill_09.wav,filler_other,NA,NA,NA,mouse,,,,,,
15,425668930f62daf7e24db6e26b958d18f750bcbf97d551ec702fb1f617badf38,I’m good — skip to the next question,what_kind_of_animal_is_mickey_mouse’s_girlfriend_minnie_who_wears_a_bow_fill_09.wav,filler_other,NA,NA,NA,mouse,s,secsame,,,,JB_1205
15,425668930f62daf7e24db6e26b958d18f750bcbf97d551ec702fb1f617badf38,NA,what_kind_of_animal_is_mickey_mouse’s_girlfriend_minnie_who_wears_a_bow_fill_09.wav,filler_other,NA,NA,NA,mouse,,,,,,
15,425668930f62daf7e24db6e26b958d18f750bcbf97d551ec702fb1f617badf38,The question does NOT need any corrections.,which_oscar-winning_movie_features_tom_hanks_saying_life_is_like_a_box_of_chocolates_fill_12.wav,filler_other,NA,NA,NA,Forrest Gump,nans,first,,a,,JB_1205
15,425668930f62daf7e24db6e26b958d18f750bcbf97d551ec702fb1f617badf38,Forrest Gump,which_oscar-winning_movie_features_tom_hanks_saying_life_is_like_a_box_of_chocolates_fill_12.wav,filler_other,NA,NA,NA,Forrest Gump,,,,,,
15,425668930f62daf7e24db6e26b958d18f750bcbf97d551ec702fb1f617badf38,I’m good — skip to the next question,which_oscar-winning_movie_features_tom_hanks_saying_life_is_like_a_box_of_chocolates_fill_12.wav,filler_other,NA,NA,NA,Forrest Gump,s,secsame,,,,JB_1205
15,425668930f62daf7e24db6e26b958d18f750bcbf97d551ec702fb1f617badf38,NA,which_oscar-winning_movie_features_tom_hanks_saying_life_is_like_a_box_of_chocolates_fill_12.wav,filler_other,NA,NA,NA,Forrest Gump,,,,,,
15,425668930f62daf7e24db6e26b958d18f750bcbf97d551ec702fb1f617badf38,The question does NOT need any corrections.,in_what_country_would_you_find_landmarks_like_the_pyramids_of_giza_and_great_sphinx_fill_24.wav,filler_other,NA,NA,NA,Egypt,nans,first,,a,,JB_1205
15,425668930f62daf7e24db6e26b958d18f750bcbf97d551ec702fb1f617badf38,Egypt,in_what_country_would_you_find_landmarks_like_the_pyramids_of_giza_and_great_sphinx_fill_24.wav,filler_other,NA,NA,NA,Egypt,,,,,,
15,425668930f62daf7e24db6e26b958d18f750bcbf97d551ec702fb1f617badf38,I’m good — skip to the next question,in_what_country_would_you_find_landmarks_like_the_pyramids_of_giza_and_great_sphinx_fill_24.wav,filler_other,NA,NA,NA,Egypt,s,secsame,,,,JB_1205
15,425668930f62daf7e24db6e26b958d18f750bcbf97d551ec702fb1f617badf38,NA,in_what_country_would_you_find_landmarks_like_the_pyramids_of_giza_and_great_sphinx_fill_24.wav,filler_other,NA,NA,NA,Egypt,,,,,,
15,425668930f62daf7e24db6e26b958d18f750bcbf97d551ec702fb1f617badf38,"The question needs to be CORRECTED (Select this if you spot an error, even if you don’t know the answer).",what_neil_armstrong_say_during_his_very_first_steps_on_the_moon_targ_04_C.wav,target,non_phon_err,no aux verbs in questions (lack of do support),/v/ --> /b/; very/berry,"""That's one small step for man, one giant leap for mankind.""",y,first,otherp,,reports mispronunciation of 'Neil',JB_1205
15,425668930f62daf7e24db6e26b958d18f750bcbf97d551ec702fb1f617badf38,"says ""nail"" instead of ""Neil"" - ""That's one small step for man, one giant leap for all mankind""",what_neil_armstrong_say_during_his_very_first_steps_on_the_moon_targ_04_C.wav,target,non_phon_err,no aux verbs in questions (lack of do support),/v/ --> /b/; very/berry,"""That's one small step for man, one giant leap for mankind.""",,,,,,
15,425668930f62daf7e24db6e26b958d18f750bcbf97d551ec702fb1f617badf38,I’m good — skip to the next question,what_neil_armstrong_say_during_his_very_first_steps_on_the_moon_targ_04_C.wav,target,non_phon_err,no aux verbs in questions (lack of do support),/v/ --> /b/; very/berry,"""That's one small step for man, one giant leap for mankind.""",s,secsame,,,,JB_1205
15,425668930f62daf7e24db6e26b958d18f750bcbf97d551ec702fb1f617badf38,NA,what_neil_armstrong_say_during_his_very_first_steps_on_the_moon_targ_04_C.wav,target,non_phon_err,no aux verbs in questions (lack of do support),/v/ --> /b/; very/berry,"""That's one small step for man, one giant leap for mankind.""",,,,,,
15,425668930f62daf7e24db6e26b958d18f750bcbf97d551ec702fb1f617badf38,The question does NOT need any corrections.,what_colors_can_be_on_a_traffic_light_which_often_senses_when_cars_pool_up_targ_11_B.wav,target,phon_err,have vs. be,/ʊ/ --> /u/; pulls/pools,green,nans,first,,a,,JB_1205
15,425668930f62daf7e24db6e26b958d18f750bcbf97d551ec702fb1f617badf38,"Green, Yellow, Red",what_colors_can_be_on_a_traffic_light_which_often_senses_when_cars_pool_up_targ_11_B.wav,target,phon_err,have vs. be,/ʊ/ --> /u/; pulls/pools,green,,,,,,
15,425668930f62daf7e24db6e26b958d18f750bcbf97d551ec702fb1f617badf38,I’m good — skip to the next question,what_colors_can_be_on_a_traffic_light_which_often_senses_when_cars_pool_up_targ_11_B.wav,target,phon_err,have vs. be,/ʊ/ --> /u/; pulls/pools,green,s,secsame,,,,JB_1205
15,425668930f62daf7e24db6e26b958d18f750bcbf97d551ec702fb1f617badf38,NA,what_colors_can_be_on_a_traffic_light_which_often_senses_when_cars_pool_up_targ_11_B.wav,target,phon_err,have vs. be,/ʊ/ --> /u/; pulls/pools,green,,,,,,
15,425668930f62daf7e24db6e26b958d18f750bcbf97d551ec702fb1f617badf38,The question does NOT need any corrections.,what_musician_won_grammys_for_their_album_thriller_which_features_the_hit_song_beat_it_fill_20.wav,filler_other,NA,NA,NA,Michael Jackson,nans,first,,a,,JB_1205
15,425668930f62daf7e24db6e26b958d18f750bcbf97d551ec702fb1f617badf38,Michael Jackson,what_musician_won_grammys_for_their_album_thriller_which_features_the_hit_song_beat_it_fill_20.wav,filler_other,NA,NA,NA,Michael Jackson,,,,,,
15,425668930f62daf7e24db6e26b958d18f750bcbf97d551ec702fb1f617badf38,"The question needs to be CORRECTED (Select this if you spot an error, even if you don’t know the answer).",what_musician_won_grammys_for_their_album_thriller_which_features_the_hit_song_beat_it_fill_20.wav,filler_other,NA,NA,NA,Michael Jackson,y,secdiff,otherfill,,reports mispronunciation of 'thriller',JB_1205
15,425668930f62daf7e24db6e26b958d18f750bcbf97d551ec702fb1f617badf38,"says ""kriller"" instead of ""Thriller"" - Michael Jackson",what_musician_won_grammys_for_their_album_thriller_which_features_the_hit_song_beat_it_fill_20.wav,filler_other,NA,NA,NA,Michael Jackson,,,,,,
15,425668930f62daf7e24db6e26b958d18f750bcbf97d551ec702fb1f617badf38,"The question does NOT need any corrections, but I don't know the answer/ I don't understand what the question is asking.",who_did_americans_vote_for_to_be_their_first_president_who_avoided_serving_three_terms_targ_10_A.wav,target,correct,infinitive vs. participle,/v/ --> /b/; vote/boat,George Washington,nun,first,,,,JB_1205
15,425668930f62daf7e24db6e26b958d18f750bcbf97d551ec702fb1f617badf38,na,who_did_americans_vote_for_to_be_their_first_president_who_avoided_serving_three_terms_targ_10_A.wav,target,correct,infinitive vs. participle,/v/ --> /b/; vote/boat,George Washington,,,,,,
15,425668930f62daf7e24db6e26b958d18f750bcbf97d551ec702fb1f617badf38,The question does NOT need any corrections.,who_did_americans_vote_for_to_be_their_first_president_who_avoided_serving_three_terms_targ_10_A.wav,target,correct,infinitive vs. participle,/v/ --> /b/; vote/boat,George Washington,nans,secdiff,,a,,JB_1205
15,425668930f62daf7e24db6e26b958d18f750bcbf97d551ec702fb1f617badf38,George Washington,who_did_americans_vote_for_to_be_their_first_president_who_avoided_serving_three_terms_targ_10_A.wav,target,correct,infinitive vs. participle,/v/ --> /b/; vote/boat,George Washington,,,,,,
15,425668930f62daf7e24db6e26b958d18f750bcbf97d551ec702fb1f617badf38,"The question needs to be CORRECTED (Select this if you spot an error, even if you don’t know the answer).",what_big_star_in_our_solar_system_can_steal_be_visible_when_it_is_cloudy_targ_19_B.wav,target,phon_err,expletive 'it' dropping,/ɪ/ --> /i/; still/steal,the Sun,y,first,otherp,,reports multiple non-target phon errors,JB_1205
15,425668930f62daf7e24db6e26b958d18f750bcbf97d551ec702fb1f617badf38,"says ""civil"" instead of ""visible"", ""clowy"" instead of ""cloudy"" - Mars",what_big_star_in_our_solar_system_can_steal_be_visible_when_it_is_cloudy_targ_19_B.wav,target,phon_err,expletive 'it' dropping,/ɪ/ --> /i/; still/steal,the Sun,,,,,,
15,425668930f62daf7e24db6e26b958d18f750bcbf97d551ec702fb1f617badf38,"The question needs to be CORRECTED (Select this if you spot an error, even if you don’t know the answer).",what_big_star_in_our_solar_system_can_steal_be_visible_when_it_is_cloudy_targ_19_B.wav,target,phon_err,expletive 'it' dropping,/ɪ/ --> /i/; still/steal,the Sun,y,secsame,otherwrong,,doesn't report additional error,JB_1205
15,425668930f62daf7e24db6e26b958d18f750bcbf97d551ec702fb1f617badf38,the Sun,what_big_star_in_our_solar_system_can_steal_be_visible_when_it_is_cloudy_targ_19_B.wav,target,phon_err,expletive 'it' dropping,/ɪ/ --> /i/; still/steal,the Sun,,,,,,
15,425668930f62daf7e24db6e26b958d18f750bcbf97d551ec702fb1f617badf38,The question does NOT need any corrections.,what_us_holiday_is_often_celebrated_with_fireworks_and_hotdogs_to_honor_americas_freedom_fill_17.wav,filler_other,NA,NA,NA,Independence Day,nans,first,,a,,JB_1205
15,425668930f62daf7e24db6e26b958d18f750bcbf97d551ec702fb1f617badf38,4th of July,what_us_holiday_is_often_celebrated_with_fireworks_and_hotdogs_to_honor_americas_freedom_fill_17.wav,filler_other,NA,NA,NA,Independence Day,,,,,,
15,425668930f62daf7e24db6e26b958d18f750bcbf97d551ec702fb1f617badf38,I’m good — skip to the next question,what_us_holiday_is_often_celebrated_with_fireworks_and_hotdogs_to_honor_americas_freedom_fill_17.wav,filler_other,NA,NA,NA,Independence Day,s,secsame,,,,JB_1205
15,425668930f62daf7e24db6e26b958d18f750bcbf97d551ec702fb1f617badf38,NA,what_us_holiday_is_often_celebrated_with_fireworks_and_hotdogs_to_honor_americas_freedom_fill_17.wav,filler_other,NA,NA,NA,Independence Day,,,,,,
15,425668930f62daf7e24db6e26b958d18f750bcbf97d551ec702fb1f617badf38,"The question needs to be CORRECTED (Select this if you spot an error, even if you don’t know the answer).",which_soft_pastry_made_with_a_certain_spice_is_often_spiral-shaped_and_topped_with_icing_fill_16.wav,filler_other,NA,NA,NA,cinnamon roll,y,first,otherfill,,reports mispronunciations of various words,JB_1205
15,425668930f62daf7e24db6e26b958d18f750bcbf97d551ec702fb1f617badf38,"says ?? instead of ""pastry"" - Cinnamon Roll",which_soft_pastry_made_with_a_certain_spice_is_often_spiral-shaped_and_topped_with_icing_fill_16.wav,filler_other,NA,NA,NA,cinnamon roll,,,,,,
15,425668930f62daf7e24db6e26b958d18f750bcbf97d551ec702fb1f617badf38,"The question needs to be CORRECTED (Select this if you spot an error, even if you don’t know the answer).",which_soft_pastry_made_with_a_certain_spice_is_often_spiral-shaped_and_topped_with_icing_fill_16.wav,filler_other,NA,NA,NA,cinnamon roll,y,secsame,otherfill,,,JB_1205
15,425668930f62daf7e24db6e26b958d18f750bcbf97d551ec702fb1f617badf38,"says ""sock"" instead of ""soft"" - cinnamon roll",which_soft_pastry_made_with_a_certain_spice_is_often_spiral-shaped_and_topped_with_icing_fill_16.wav,filler_other,NA,NA,NA,cinnamon roll,,,,,,
15,425668930f62daf7e24db6e26b958d18f750bcbf97d551ec702fb1f617badf38,The question does NOT need any corrections.,in_the_famous_dr_seuss_book_what_orange_and_yellow_character_speaks_for_the_trees_fill_23.wav,filler_other,NA,NA,NA,the Lorax,nans,first,,a,,JB_1205
15,425668930f62daf7e24db6e26b958d18f750bcbf97d551ec702fb1f617badf38,The Lorax,in_the_famous_dr_seuss_book_what_orange_and_yellow_character_speaks_for_the_trees_fill_23.wav,filler_other,NA,NA,NA,the Lorax,,,,,,
15,425668930f62daf7e24db6e26b958d18f750bcbf97d551ec702fb1f617badf38,I’m good — skip to the next question,in_the_famous_dr_seuss_book_what_orange_and_yellow_character_speaks_for_the_trees_fill_23.wav,filler_other,NA,NA,NA,the Lorax,s,secsame,,,,JB_1205
15,425668930f62daf7e24db6e26b958d18f750bcbf97d551ec702fb1f617badf38,NA,in_the_famous_dr_seuss_book_what_orange_and_yellow_character_speaks_for_the_trees_fill_23.wav,filler_other,NA,NA,NA,the Lorax,,,,,,
15,425668930f62daf7e24db6e26b958d18f750bcbf97d551ec702fb1f617badf38,"The question does NOT need any corrections, but I don't know the answer/ I don't understand what the question is asking.",what_letter_in_the_latin_alphabet_corresponds_to_the_greek_letter_alpha_fill_01.wav,filler_other,NA,NA,NA,a,nun,first,,,,JB_1205
15,425668930f62daf7e24db6e26b958d18f750bcbf97d551ec702fb1f617badf38,NA,what_letter_in_the_latin_alphabet_corresponds_to_the_greek_letter_alpha_fill_01.wav,filler_other,NA,NA,NA,a,,,,,,
15,425668930f62daf7e24db6e26b958d18f750bcbf97d551ec702fb1f617badf38,I’m good — skip to the next question,what_letter_in_the_latin_alphabet_corresponds_to_the_greek_letter_alpha_fill_01.wav,filler_other,NA,NA,NA,a,s,secsame,,,,JB_1205
15,425668930f62daf7e24db6e26b958d18f750bcbf97d551ec702fb1f617badf38,NA,what_letter_in_the_latin_alphabet_corresponds_to_the_greek_letter_alpha_fill_01.wav,filler_other,NA,NA,NA,a,,,,,,
15,425668930f62daf7e24db6e26b958d18f750bcbf97d551ec702fb1f617badf38,"The question does NOT need any corrections, but I don't know the answer/ I don't understand what the question is asking.",if_i_consider_to_leave_work_after_the_fourth_hour_how_many_minutes_would_that_be_targ_24_C.wav,target,non_phon_err,infinitive vs. participle,/θ/ --> /t/; fourth/fort,two hundred and forty,nun,first,,,,JB_1205
15,425668930f62daf7e24db6e26b958d18f750bcbf97d551ec702fb1f617badf38,NA,if_i_consider_to_leave_work_after_the_fourth_hour_how_many_minutes_would_that_be_targ_24_C.wav,target,non_phon_err,infinitive vs. participle,/θ/ --> /t/; fourth/fort,two hundred and forty,,,,,,
15,425668930f62daf7e24db6e26b958d18f750bcbf97d551ec702fb1f617badf38,The question does NOT need any corrections.,if_i_consider_to_leave_work_after_the_fourth_hour_how_many_minutes_would_that_be_targ_24_C.wav,target,non_phon_err,infinitive vs. participle,/θ/ --> /t/; fourth/fort,two hundred and forty,nans,secdiff,,a,,JB_1205
15,425668930f62daf7e24db6e26b958d18f750bcbf97d551ec702fb1f617badf38,240,if_i_consider_to_leave_work_after_the_fourth_hour_how_many_minutes_would_that_be_targ_24_C.wav,target,non_phon_err,infinitive vs. participle,/θ/ --> /t/; fourth/fort,two hundred and forty,,,,,,
15,425668930f62daf7e24db6e26b958d18f750bcbf97d551ec702fb1f617badf38,The question does NOT need any corrections.,what_is_the_name_of_the_comic_strip_featuring_charlie_brown_and_his_dog_snoopy_fill_06.wav,filler_other,NA,NA,NA,Peanuts,nans,first,,a,,JB_1205
15,425668930f62daf7e24db6e26b958d18f750bcbf97d551ec702fb1f617badf38,Peanuts,what_is_the_name_of_the_comic_strip_featuring_charlie_brown_and_his_dog_snoopy_fill_06.wav,filler_other,NA,NA,NA,Peanuts,,,,,,
15,425668930f62daf7e24db6e26b958d18f750bcbf97d551ec702fb1f617badf38,I’m good — skip to the next question,what_is_the_name_of_the_comic_strip_featuring_charlie_brown_and_his_dog_snoopy_fill_06.wav,filler_other,NA,NA,NA,Peanuts,s,secsame,,,,JB_1205
15,425668930f62daf7e24db6e26b958d18f750bcbf97d551ec702fb1f617badf38,NA,what_is_the_name_of_the_comic_strip_featuring_charlie_brown_and_his_dog_snoopy_fill_06.wav,filler_other,NA,NA,NA,Peanuts,,,,,,
15,425668930f62daf7e24db6e26b958d18f750bcbf97d551ec702fb1f617badf38,The question does NOT need any corrections.,what_kind_of_weather_cooed_cooled_occur_when_is_raining_and_below_freezing_targ_05_D.wav,target,both_err,expletive 'it' dropping,/ʊ/ --> /u/; could/cooed,snow,nans,first,,a,,JB_1205
15,425668930f62daf7e24db6e26b958d18f750bcbf97d551ec702fb1f617badf38,Snow,what_kind_of_weather_cooed_cooled_occur_when_is_raining_and_below_freezing_targ_05_D.wav,target,both_err,expletive 'it' dropping,/ʊ/ --> /u/; could/cooed,snow,,,,,,
15,425668930f62daf7e24db6e26b958d18f750bcbf97d551ec702fb1f617badf38,"The question needs to be CORRECTED (Select this if you spot an error, even if you don’t know the answer).",what_kind_of_weather_cooed_cooled_occur_when_is_raining_and_below_freezing_targ_05_D.wav,target,both_err,expletive 'it' dropping,/ʊ/ --> /u/; could/cooed,snow,y,secdiff,p,,,JB_1205
15,425668930f62daf7e24db6e26b958d18f750bcbf97d551ec702fb1f617badf38,"says ""cooled"" instead of ""could"" - Snow",what_kind_of_weather_cooed_cooled_occur_when_is_raining_and_below_freezing_targ_05_D.wav,target,both_err,expletive 'it' dropping,/ʊ/ --> /u/; could/cooed,snow,,,,,,
15,425668930f62daf7e24db6e26b958d18f750bcbf97d551ec702fb1f617badf38,"The question needs to be CORRECTED (Select this if you spot an error, even if you don’t know the answer).",what_supplies_you_need_to_neat_a_scarf_targ_13_D.wav,target,both_err,no aux verbs in questions (lack of do support),/ɪ/ --> /i/; knit/neat,needles and yarn,y,first,p,,,JB_1205
15,425668930f62daf7e24db6e26b958d18f750bcbf97d551ec702fb1f617badf38,"says ""need"" instead of ""knit"" - Yarn and Knitting Hooks",what_supplies_you_need_to_neat_a_scarf_targ_13_D.wav,target,both_err,no aux verbs in questions (lack of do support),/ɪ/ --> /i/; knit/neat,needles and yarn,,,,,,
15,425668930f62daf7e24db6e26b958d18f750bcbf97d551ec702fb1f617badf38,I’m good — skip to the next question,what_supplies_you_need_to_neat_a_scarf_targ_13_D.wav,target,both_err,no aux verbs in questions (lack of do support),/ɪ/ --> /i/; knit/neat,needles and yarn,s,secsame,,,,JB_1205
15,425668930f62daf7e24db6e26b958d18f750bcbf97d551ec702fb1f617badf38,NA,what_supplies_you_need_to_neat_a_scarf_targ_13_D.wav,target,both_err,no aux verbs in questions (lack of do support),/ɪ/ --> /i/; knit/neat,needles and yarn,,,,,,
15,425668930f62daf7e24db6e26b958d18f750bcbf97d551ec702fb1f617badf38,The question does NOT need any corrections.,if_a_hardworking_janitor_cleaned_a_vent_in_five_minutes_how_many_seconds_is_that_targ_22_A.wav,target,correct,adj/noun order,/v/ --> /b/; vent/bent,eight,nans,first,,a,,JB_1205
15,425668930f62daf7e24db6e26b958d18f750bcbf97d551ec702fb1f617badf38,300,if_a_hardworking_janitor_cleaned_a_vent_in_five_minutes_how_many_seconds_is_that_targ_22_A.wav,target,correct,adj/noun order,/v/ --> /b/; vent/bent,eight,,,,,,
15,425668930f62daf7e24db6e26b958d18f750bcbf97d551ec702fb1f617badf38,I’m good — skip to the next question,if_a_hardworking_janitor_cleaned_a_vent_in_five_minutes_how_many_seconds_is_that_targ_22_A.wav,target,correct,adj/noun order,/v/ --> /b/; vent/bent,eight,s,secsame,,,,JB_1205
15,425668930f62daf7e24db6e26b958d18f750bcbf97d551ec702fb1f617badf38,NA,if_a_hardworking_janitor_cleaned_a_vent_in_five_minutes_how_many_seconds_is_that_targ_22_A.wav,target,correct,adj/noun order,/v/ --> /b/; vent/bent,eight,,,,,,
15,425668930f62daf7e24db6e26b958d18f750bcbf97d551ec702fb1f617badf38,"The question needs to be CORRECTED (Select this if you spot an error, even if you don’t know the answer).",if_laundry_service_will_gum_in_five_days_and_todays_thursday_when_are_they_making_laundry_next_targ_09_D.wav,target,both_err,make vs. other verb,/k/ --> /g/; come/gum,Tuesday,y,first,np,,,JB_1205
15,425668930f62daf7e24db6e26b958d18f750bcbf97d551ec702fb1f617badf38,"says ""making"" instead of ""taking"" - Thursday",if_laundry_service_will_gum_in_five_days_and_todays_thursday_when_are_they_making_laundry_next_targ_09_D.wav,target,both_err,make vs. other verb,/k/ --> /g/; come/gum,Tuesday,,,,,,
15,425668930f62daf7e24db6e26b958d18f750bcbf97d551ec702fb1f617badf38,"The question needs to be CORRECTED (Select this if you spot an error, even if you don’t know the answer).",if_laundry_service_will_gum_in_five_days_and_todays_thursday_when_are_they_making_laundry_next_targ_09_D.wav,target,both_err,make vs. other verb,/k/ --> /g/; come/gum,Tuesday,y,secsame,np,,,JB_1205
15,425668930f62daf7e24db6e26b958d18f750bcbf97d551ec702fb1f617badf38,"says ""making"" instead of ""taking"" - Tuesday",if_laundry_service_will_gum_in_five_days_and_todays_thursday_when_are_they_making_laundry_next_targ_09_D.wav,target,both_err,make vs. other verb,/k/ --> /g/; come/gum,Tuesday,,,,,,
15,425668930f62daf7e24db6e26b958d18f750bcbf97d551ec702fb1f617badf38,The question does NOT need any corrections.,what_city_have_people_rushed_to_tour_to_see_where_the_us_government_does_business_targ_14_A.wav,target,correct,make vs. other verb,/ʃ/ --> /s/; rushed/rust,Washington D.C.,nans,first,,a,,JB_1205
15,425668930f62daf7e24db6e26b958d18f750bcbf97d551ec702fb1f617badf38,Washington DC,what_city_have_people_rushed_to_tour_to_see_where_the_us_government_does_business_targ_14_A.wav,target,correct,make vs. other verb,/ʃ/ --> /s/; rushed/rust,Washington D.C.,,,,,,
15,425668930f62daf7e24db6e26b958d18f750bcbf97d551ec702fb1f617badf38,"The question needs to be CORRECTED (Select this if you spot an error, even if you don’t know the answer).",what_city_have_people_rushed_to_tour_to_see_where_the_us_government_does_business_targ_14_A.wav,target,correct,make vs. other verb,/ʃ/ --> /s/; rushed/rust,Washington D.C.,y,secdiff,othernp,,reports hearing 'toward' instead of 'to',JB_1205
15,425668930f62daf7e24db6e26b958d18f750bcbf97d551ec702fb1f617badf38,"says ""toward"" instead of ""to' - Washington DC",what_city_have_people_rushed_to_tour_to_see_where_the_us_government_does_business_targ_14_A.wav,target,correct,make vs. other verb,/ʃ/ --> /s/; rushed/rust,Washington D.C.,,,,,,
15,425668930f62daf7e24db6e26b958d18f750bcbf97d551ec702fb1f617badf38,"The question needs to be CORRECTED (Select this if you spot an error, even if you don’t know the answer).",what_colors_make_up_a_traditional_candy_gain_which_people_enjoy_eating_during_christmas_targ_15_B.wav,target,phon_err,infinitive vs. participle,/k/ --> /g/; cane/gain,red and white,y,first,p,,,JB_1205
15,425668930f62daf7e24db6e26b958d18f750bcbf97d551ec702fb1f617badf38,"says ""gain"" instead of ""game"" - Red and White",what_colors_make_up_a_traditional_candy_gain_which_people_enjoy_eating_during_christmas_targ_15_B.wav,target,phon_err,infinitive vs. participle,/k/ --> /g/; cane/gain,red and white,,,,,,
15,425668930f62daf7e24db6e26b958d18f750bcbf97d551ec702fb1f617badf38,I’m good — skip to the next question,what_colors_make_up_a_traditional_candy_gain_which_people_enjoy_eating_during_christmas_targ_15_B.wav,target,phon_err,infinitive vs. participle,/k/ --> /g/; cane/gain,red and white,s,secsame,,,,JB_1205
15,425668930f62daf7e24db6e26b958d18f750bcbf97d551ec702fb1f617badf38,NA,what_colors_make_up_a_traditional_candy_gain_which_people_enjoy_eating_during_christmas_targ_15_B.wav,target,phon_err,infinitive vs. participle,/k/ --> /g/; cane/gain,red and white,,,,,,
15,425668930f62daf7e24db6e26b958d18f750bcbf97d551ec702fb1f617badf38,"The question does NOT need any corrections, but I don't know the answer/ I don't understand what the question is asking.",how_many_days_wooed_wooled_my_bike_tandem_be_gone_if_someone_borrows_it_for_july_targ_17_D.wav,target,both_err,adj/noun order,/ʊ/ --> /u/; would/wooed,thirty-one days,nun,first,,,,JB_1205
15,425668930f62daf7e24db6e26b958d18f750bcbf97d551ec702fb1f617badf38,na,how_many_days_wooed_wooled_my_bike_tandem_be_gone_if_someone_borrows_it_for_july_targ_17_D.wav,target,both_err,adj/noun order,/ʊ/ --> /u/; would/wooed,thirty-one days,,,,,,
15,425668930f62daf7e24db6e26b958d18f750bcbf97d551ec702fb1f617badf38,"The question needs to be CORRECTED (Select this if you spot an error, even if you don’t know the answer).",how_many_days_wooed_wooled_my_bike_tandem_be_gone_if_someone_borrows_it_for_july_targ_17_D.wav,target,both_err,adj/noun order,/ʊ/ --> /u/; would/wooed,thirty-one days,y,secdiff,p,,,JB_1205
15,425668930f62daf7e24db6e26b958d18f750bcbf97d551ec702fb1f617badf38,"says ""wooled"" instead of ""would"" - 30",how_many_days_wooed_wooled_my_bike_tandem_be_gone_if_someone_borrows_it_for_july_targ_17_D.wav,target,both_err,adj/noun order,/ʊ/ --> /u/; would/wooed,thirty-one days,,,,,,
15,425668930f62daf7e24db6e26b958d18f750bcbf97d551ec702fb1f617badf38,The question does NOT need any corrections.,what_company_created_the_macbook_a_device_fool_of_features_to_help_students_do_homework_targ_23_B.wav,target,phon_err,make vs. other verb,/ʊ/ --> /u/; full/fool,Apple,nans,first,,a,,JB_1205
15,425668930f62daf7e24db6e26b958d18f750bcbf97d551ec702fb1f617badf38,Apple,what_company_created_the_macbook_a_device_fool_of_features_to_help_students_do_homework_targ_23_B.wav,target,phon_err,make vs. other verb,/ʊ/ --> /u/; full/fool,Apple,,,,,,
15,425668930f62daf7e24db6e26b958d18f750bcbf97d551ec702fb1f617badf38,I’m good — skip to the next question,what_company_created_the_macbook_a_device_fool_of_features_to_help_students_do_homework_targ_23_B.wav,target,phon_err,make vs. other verb,/ʊ/ --> /u/; full/fool,Apple,s,secsame,,,,JB_1205
15,425668930f62daf7e24db6e26b958d18f750bcbf97d551ec702fb1f617badf38,NA,what_company_created_the_macbook_a_device_fool_of_features_to_help_students_do_homework_targ_23_B.wav,target,phon_err,make vs. other verb,/ʊ/ --> /u/; full/fool,Apple,,,,,,
15,425668930f62daf7e24db6e26b958d18f750bcbf97d551ec702fb1f617badf38,"The question needs to be CORRECTED (Select this if you spot an error, even if you don’t know the answer).",who_discovered_the_law_of_universal_gravitation_which_accounts_for_why_objects_naturally_fall_downwards_fill_15.wav,filler_other,NA,NA,NA,Isaac Newton,y,first,otherfill,,reports mispronunciation of 'law',JB_1205
15,425668930f62daf7e24db6e26b958d18f750bcbf97d551ec702fb1f617badf38,"says ""lull"" instead of ""law"" - Sir Isaac Newton",who_discovered_the_law_of_universal_gravitation_which_accounts_for_why_objects_naturally_fall_downwards_fill_15.wav,filler_other,NA,NA,NA,Isaac Newton,,,,,,
15,425668930f62daf7e24db6e26b958d18f750bcbf97d551ec702fb1f617badf38,I’m good — skip to the next question,who_discovered_the_law_of_universal_gravitation_which_accounts_for_why_objects_naturally_fall_downwards_fill_15.wav,filler_other,NA,NA,NA,Isaac Newton,s,secsame,,,,JB_1205
15,425668930f62daf7e24db6e26b958d18f750bcbf97d551ec702fb1f617badf38,NA,who_discovered_the_law_of_universal_gravitation_which_accounts_for_why_objects_naturally_fall_downwards_fill_15.wav,filler_other,NA,NA,NA,Isaac Newton,,,,,,
15,425668930f62daf7e24db6e26b958d18f750bcbf97d551ec702fb1f617badf38,The question does NOT need any corrections.,when_you_are_hot_what_device_measures_body_temperature_in_both_celsius_and_fahrenheit_targ_18_A.wav,target,correct,have vs. be,/θ/ --> /t/; both/boat,thermometer,nans,first,,a,,JB_1205
15,425668930f62daf7e24db6e26b958d18f750bcbf97d551ec702fb1f617badf38,Thermometer,when_you_are_hot_what_device_measures_body_temperature_in_both_celsius_and_fahrenheit_targ_18_A.wav,target,correct,have vs. be,/θ/ --> /t/; both/boat,thermometer,,,,,,
15,425668930f62daf7e24db6e26b958d18f750bcbf97d551ec702fb1f617badf38,I’m good — skip to the next question,when_you_are_hot_what_device_measures_body_temperature_in_both_celsius_and_fahrenheit_targ_18_A.wav,target,correct,have vs. be,/θ/ --> /t/; both/boat,thermometer,s,secsame,,,,JB_1205
15,425668930f62daf7e24db6e26b958d18f750bcbf97d551ec702fb1f617badf38,NA,when_you_are_hot_what_device_measures_body_temperature_in_both_celsius_and_fahrenheit_targ_18_A.wav,target,correct,have vs. be,/θ/ --> /t/; both/boat,thermometer,,,,,,
15,425668930f62daf7e24db6e26b958d18f750bcbf97d551ec702fb1f617badf38,"The question needs to be CORRECTED (Select this if you spot an error, even if you don’t know the answer).",what_holiday_occurs_at_the_end_of_october_and_features_trick-or-treating_pumpkins_and_haunted_houses_fill_07.wav,filler_other,NA,NA,NA,Halloween,y,first,otherfill,,reports mispronunciation of 'pumpkins',JB_1205
15,425668930f62daf7e24db6e26b958d18f750bcbf97d551ec702fb1f617badf38,"says ""pumpkings"" instead of ""pumpkins"" - Halloween",what_holiday_occurs_at_the_end_of_october_and_features_trick-or-treating_pumpkins_and_haunted_houses_fill_07.wav,filler_other,NA,NA,NA,Halloween,,,,,,
15,425668930f62daf7e24db6e26b958d18f750bcbf97d551ec702fb1f617badf38,I’m good — skip to the next question,what_holiday_occurs_at_the_end_of_october_and_features_trick-or-treating_pumpkins_and_haunted_houses_fill_07.wav,filler_other,NA,NA,NA,Halloween,s,secsame,,,,JB_1205
15,425668930f62daf7e24db6e26b958d18f750bcbf97d551ec702fb1f617badf38,NA,what_holiday_occurs_at_the_end_of_october_and_features_trick-or-treating_pumpkins_and_haunted_houses_fill_07.wav,filler_other,NA,NA,NA,Halloween,,,,,,
15,425668930f62daf7e24db6e26b958d18f750bcbf97d551ec702fb1f617badf38,"The question does NOT need any corrections, but I don't know the answer/ I don't understand what the question is asking.",in_the_lion_king_who_nala_talk_to_and_is_laying_in_a_got_after_theyve_reunited_targ_21_D.wav,target,both_err,no aux verbs in questions (lack of do support),/k/ --> /g/; cot/got,Simba,nun,first,,,,JB_1205
15,425668930f62daf7e24db6e26b958d18f750bcbf97d551ec702fb1f617badf38,na,in_the_lion_king_who_nala_talk_to_and_is_laying_in_a_got_after_theyve_reunited_targ_21_D.wav,target,both_err,no aux verbs in questions (lack of do support),/k/ --> /g/; cot/got,Simba,,,,,,
15,425668930f62daf7e24db6e26b958d18f750bcbf97d551ec702fb1f617badf38,"The question does NOT need any corrections, but I don't know the answer/ I don't understand what the question is asking.",in_the_lion_king_who_nala_talk_to_and_is_laying_in_a_got_after_theyve_reunited_targ_21_D.wav,target,both_err,no aux verbs in questions (lack of do support),/k/ --> /g/; cot/got,Simba,nun,secsame,,,,JB_1205
15,425668930f62daf7e24db6e26b958d18f750bcbf97d551ec702fb1f617badf38,NA,in_the_lion_king_who_nala_talk_to_and_is_laying_in_a_got_after_theyve_reunited_targ_21_D.wav,target,both_err,no aux verbs in questions (lack of do support),/k/ --> /g/; cot/got,Simba,,,,,,
15,425668930f62daf7e24db6e26b958d18f750bcbf97d551ec702fb1f617badf38,"The question needs to be CORRECTED (Select this if you spot an error, even if you don’t know the answer).",which_cartoon_dog_solves_mysteries_with_the_group_fred_daphne_velma_and_shaggy_fill_10.wav,filler_other,NA,NA,NA,Scooby-Doo,y,first,otherfill,,reports mispronunciation of 'Velma',JB_1205
15,425668930f62daf7e24db6e26b958d18f750bcbf97d551ec702fb1f617badf38,"says ""Thelma"" instead of ""Velma"" - Scooby-Doo",which_cartoon_dog_solves_mysteries_with_the_group_fred_daphne_velma_and_shaggy_fill_10.wav,filler_other,NA,NA,NA,Scooby-Doo,,,,,,
15,425668930f62daf7e24db6e26b958d18f750bcbf97d551ec702fb1f617badf38,I’m good — skip to the next question,which_cartoon_dog_solves_mysteries_with_the_group_fred_daphne_velma_and_shaggy_fill_10.wav,filler_other,NA,NA,NA,Scooby-Doo,s,secsame,,,,JB_1205
15,425668930f62daf7e24db6e26b958d18f750bcbf97d551ec702fb1f617badf38,NA,which_cartoon_dog_solves_mysteries_with_the_group_fred_daphne_velma_and_shaggy_fill_10.wav,filler_other,NA,NA,NA,Scooby-Doo,,,,,,