participant_num,participant_id,response_value,question,stim_type,condition,nonphon_err_details,phon_err_details,err_reported,err_reported_num,err_type_response,no_err_response,comments,coder
1,02f23c1765769744bf2212dabbeffcfc67c50b537ac1676a4bf20c66cb2f980c,The question does NOT need any corrections.,how_many_legs_does_a_dog_normally_have_fill_25.wav,att_check_good,NA,NA,NA,nans,,,a,,FB_1108
1,02f23c1765769744bf2212dabbeffcfc67c50b537ac1676a4bf20c66cb2f980c,four,how_many_legs_does_a_dog_normally_have_fill_25.wav,att_check_good,NA,NA,NA,,,,,,
1,02f23c1765769744bf2212dabbeffcfc67c50b537ac1676a4bf20c66cb2f980c,The question does NOT need any corrections.,what_state_is_los_angeles_located_in_fill_26.wav,att_check_good,NA,NA,NA,nans,,,a,,FB_1108
1,02f23c1765769744bf2212dabbeffcfc67c50b537ac1676a4bf20c66cb2f980c,California,what_state_is_los_angeles_located_in_fill_26.wav,att_check_good,NA,NA,NA,,,,,,
1,02f23c1765769744bf2212dabbeffcfc67c50b537ac1676a4bf20c66cb2f980c,The question does NOT need any corrections.,what_day_of_the_week_comes_after_monday_fill_27.wav,att_check_good,NA,NA,NA,nans,,,a,,FB_1108
1,02f23c1765769744bf2212dabbeffcfc67c50b537ac1676a4bf20c66cb2f980c,Tuesday,what_day_of_the_week_comes_after_monday_fill_27.wav,att_check_good,NA,NA,NA,,,,,,
1,02f23c1765769744bf2212dabbeffcfc67c50b537ac1676a4bf20c66cb2f980c,The question does NOT need any corrections.,what_color_is_a_typical_school_bus_fill_28.wav,att_check_good,NA,NA,NA,nans,,,a,,FB_1108
1,02f23c1765769744bf2212dabbeffcfc67c50b537ac1676a4bf20c66cb2f980c,yellow,what_color_is_a_typical_school_bus_fill_28.wav,att_check_good,NA,NA,NA,,,,,,
1,02f23c1765769744bf2212dabbeffcfc67c50b537ac1676a4bf20c66cb2f980c,The question needs to be CORRECTED.,in_the_cycle_of_seasons_what_season_comes_after_dinter_fill_29.wav,att_check_err,NA,NA,NA,y,,acheckp,,,FB_1108
1,02f23c1765769744bf2212dabbeffcfc67c50b537ac1676a4bf20c66cb2f980c,"Spring; sounds like speaker is saying ""dinter"" instead of ""winter""",in_the_cycle_of_seasons_what_season_comes_after_dinter_fill_29.wav,att_check_err,NA,NA,NA,,,,,,
1,02f23c1765769744bf2212dabbeffcfc67c50b537ac1676a4bf20c66cb2f980c,The question does NOT need any corrections.,what_insect_undergoes_a_process_of_change_to_turn_into_a_butterfy_fill_30.wav,att_check_err,NA,NA,NA,nans,,acheckf,,,FB_1108
1,02f23c1765769744bf2212dabbeffcfc67c50b537ac1676a4bf20c66cb2f980c,caterpillar,what_insect_undergoes_a_process_of_change_to_turn_into_a_butterfy_fill_30.wav,att_check_err,NA,NA,NA,,,,,,
1,02f23c1765769744bf2212dabbeffcfc67c50b537ac1676a4bf20c66cb2f980c,The question needs to be CORRECTED.,what_is_the_largest_plant_in_the_solar_system_fill_31.wav,att_check_err,NA,NA,NA,y,,acheckp,,,FB_1108
1,02f23c1765769744bf2212dabbeffcfc67c50b537ac1676a4bf20c66cb2f980c,"Jupiter; speaker sounds like they are saying ""plant"" instead of ""planet""",what_is_the_largest_plant_in_the_solar_system_fill_31.wav,att_check_err,NA,NA,NA,,,,,,
1,02f23c1765769744bf2212dabbeffcfc67c50b537ac1676a4bf20c66cb2f980c,"The question does NOT need any corrections, but I don't know the answer/ I don't understand what the question is asking.",how_many_embers_were_in_the_beatles_the_british_rock_band_fill_32.wav,att_check_err,NA,NA,NA,nun,,acheckf,,,FB_1108
1,02f23c1765769744bf2212dabbeffcfc67c50b537ac1676a4bf20c66cb2f980c,NA,how_many_embers_were_in_the_beatles_the_british_rock_band_fill_32.wav,att_check_err,NA,NA,NA,,,,,,
1,02f23c1765769744bf2212dabbeffcfc67c50b537ac1676a4bf20c66cb2f980c,"The question does NOT need any corrections, but I don't know the answer/ I don't understand what the question is asking.",for_what_pink_ice_cream_flavor_will_companies_do_their_best_to_use_real_fruit_targ_01_A.wav,target,correct,make vs. other verb,/ɪ/ --> /i/; will/wheel,nun,,,,,FB_1108
1,02f23c1765769744bf2212dabbeffcfc67c50b537ac1676a4bf20c66cb2f980c,NA,for_what_pink_ice_cream_flavor_will_companies_do_their_best_to_use_real_fruit_targ_01_A.wav,target,correct,make vs. other verb,/ɪ/ --> /i/; will/wheel,,,,,,
1,02f23c1765769744bf2212dabbeffcfc67c50b537ac1676a4bf20c66cb2f980c,The question does NOT need any corrections.,what_term_refers_to_armored_men_who_enjoyed_carrying_medieval_swords_that_class_in_combat_targ_02_B.wav,target,phon_err,infinitive vs. participle,/ʃ/ --> /s/; clash/class,nans,,,,,FB_1108
1,02f23c1765769744bf2212dabbeffcfc67c50b537ac1676a4bf20c66cb2f980c,knights,what_term_refers_to_armored_men_who_enjoyed_carrying_medieval_swords_that_class_in_combat_targ_02_B.wav,target,phon_err,infinitive vs. participle,/ʃ/ --> /s/; clash/class,,,,,,
1,02f23c1765769744bf2212dabbeffcfc67c50b537ac1676a4bf20c66cb2f980c,I’m good — skip to the next question,which_scottish_actor_first_played_james_bond_wearing_kilts_to_red_carpets_when_he_had_32_years_old_targ_03_C.wav,target,non_phon_err,have vs. be,/k/ --> /g/; kilt/guilt,s,,,,skipped 1st attempt,FB_1108
1,02f23c1765769744bf2212dabbeffcfc67c50b537ac1676a4bf20c66cb2f980c,NA,which_scottish_actor_first_played_james_bond_wearing_kilts_to_red_carpets_when_he_had_32_years_old_targ_03_C.wav,target,non_phon_err,have vs. be,/k/ --> /g/; kilt/guilt,,,,,,
1,02f23c1765769744bf2212dabbeffcfc67c50b537ac1676a4bf20c66cb2f980c,The question does NOT need any corrections.,what_neil_armstrong_say_during_his_berry_first_steps_on_the_moon_targ_04_D.wav,target,both_err,no aux verbs in questions (lack of do support),/v/ --> /b/; very/berry,nans,,,,,FB_1108
1,02f23c1765769744bf2212dabbeffcfc67c50b537ac1676a4bf20c66cb2f980c,"one small step for man, one big leap for mankind",what_neil_armstrong_say_during_his_berry_first_steps_on_the_moon_targ_04_D.wav,target,both_err,no aux verbs in questions (lack of do support),/v/ --> /b/; very/berry,,,,,,
1,02f23c1765769744bf2212dabbeffcfc67c50b537ac1676a4bf20c66cb2f980c,The question needs to be CORRECTED.,what_kind_of_weather_could_occur_when_it_is_raining_and_below_freezing_targ_05_A.wav,target,correct,expletive 'it' dropping,/ʊ/ --> /u/; could/cooed,y,,otherp,,,FB_1108
1,02f23c1765769744bf2212dabbeffcfc67c50b537ac1676a4bf20c66cb2f980c,"ice; sounds like speaker says ""oh cure"" instead of ""occur""",what_kind_of_weather_could_occur_when_it_is_raining_and_below_freezing_targ_05_A.wav,target,correct,expletive 'it' dropping,/ʊ/ --> /u/; could/cooed,,,,,,
1,02f23c1765769744bf2212dabbeffcfc67c50b537ac1676a4bf20c66cb2f980c,"The question does NOT need any corrections, but I don't know the answer/ I don't understand what the question is asking.",how_many_legs_does_a_canadian_garden_spider_whose_silk_can_make_clot_have_targ_06_B.wav,target,phon_err,adj/noun order,/θ/ --> /t/; cloth/clot,nun,,,,,FB_1108
1,02f23c1765769744bf2212dabbeffcfc67c50b537ac1676a4bf20c66cb2f980c,NA,how_many_legs_does_a_canadian_garden_spider_whose_silk_can_make_clot_have_targ_06_B.wav,target,phon_err,adj/noun order,/θ/ --> /t/; cloth/clot,,,,,,
1,02f23c1765769744bf2212dabbeffcfc67c50b537ac1676a4bf20c66cb2f980c,The question does NOT need any corrections.,what_childrens_game_makes_people_sit_down_quickly_when_the_music_loud_stops_targ_07_C.wav,target,non_phon_err,adj/noun order,/ɪ/ --> /i/; sit/seat,nans,,,,,FB_1108
1,02f23c1765769744bf2212dabbeffcfc67c50b537ac1676a4bf20c66cb2f980c,Musical chairs,what_childrens_game_makes_people_sit_down_quickly_when_the_music_loud_stops_targ_07_C.wav,target,non_phon_err,adj/noun order,/ɪ/ --> /i/; sit/seat,,,,,,
1,02f23c1765769744bf2212dabbeffcfc67c50b537ac1676a4bf20c66cb2f980c,The question needs to be CORRECTED.,because_is_important_to_honor_the_iris_saint_what_holiday_occurs_on_march_17th_targ_08_D.wav,target,both_err,expletive 'it' dropping,/ʃ/ --> /s/; Irish/iris,y,,p,,,FB_1108
1,02f23c1765769744bf2212dabbeffcfc67c50b537ac1676a4bf20c66cb2f980c,"St. Patrick's Day; sounds like speaker is saying ""Iris"" instead of ""Irish""",because_is_important_to_honor_the_iris_saint_what_holiday_occurs_on_march_17th_targ_08_D.wav,target,both_err,expletive 'it' dropping,/ʃ/ --> /s/; Irish/iris,,,,,,
1,02f23c1765769744bf2212dabbeffcfc67c50b537ac1676a4bf20c66cb2f980c,The question does NOT need any corrections.,if_laundry_service_will_come_in_five_days_and_todays_thursday_when_are_they_doing_laundry_next_targ_09_A.wav,target,correct,make vs. other verb,/k/ --> /g/; come/gum,nans,,,,,FB_1108
1,02f23c1765769744bf2212dabbeffcfc67c50b537ac1676a4bf20c66cb2f980c,Tuesday,if_laundry_service_will_come_in_five_days_and_todays_thursday_when_are_they_doing_laundry_next_targ_09_A.wav,target,correct,make vs. other verb,/k/ --> /g/; come/gum,,,,,,
1,02f23c1765769744bf2212dabbeffcfc67c50b537ac1676a4bf20c66cb2f980c,The question does NOT need any corrections.,who_did_americans_boat_for_to_be_their_first_president_who_avoided_serving_three_terms_targ_10_B.wav,target,phon_err,infinitive vs. participle,/v/ --> /b/; vote/boat,nans,,,,,FB_1108
1,02f23c1765769744bf2212dabbeffcfc67c50b537ac1676a4bf20c66cb2f980c,George Washington,who_did_americans_boat_for_to_be_their_first_president_who_avoided_serving_three_terms_targ_10_B.wav,target,phon_err,infinitive vs. participle,/v/ --> /b/; vote/boat,,,,,,
1,02f23c1765769744bf2212dabbeffcfc67c50b537ac1676a4bf20c66cb2f980c,,what_colors_can_have_on_a_traffic_light_which_often_senses_when_cars_pull_up_targ_11_C.wav,target,non_phon_err,have vs. be,/ʊ/ --> /u/; pulls/pools,y,,np,,,FB_1108
1,02f23c1765769744bf2212dabbeffcfc67c50b537ac1676a4bf20c66cb2f980c,The question needs to be CORRECTED.,what_colors_can_have_on_a_traffic_light_which_often_senses_when_cars_pull_up_targ_11_C.wav,target,non_phon_err,have vs. be,/ʊ/ --> /u/; pulls/pools,,,,,,
1,02f23c1765769744bf2212dabbeffcfc67c50b537ac1676a4bf20c66cb2f980c,The question needs to be CORRECTED.,if_youre_on_a_pat_from_california_to_hawaii_which_ocean_you_go_through_targ_12_D.wav,target,both_err,no aux verbs in questions (lack of do support),/θ/ --> /t/; path/pat,y,,np,,,FB_1108
1,02f23c1765769744bf2212dabbeffcfc67c50b537ac1676a4bf20c66cb2f980c,"Pacific; ""which ocean you go through"" should be ""which ocean would you go through"" (or something similar""",if_youre_on_a_pat_from_california_to_hawaii_which_ocean_you_go_through_targ_12_D.wav,target,both_err,no aux verbs in questions (lack of do support),/θ/ --> /t/; path/pat,,,,,,
1,02f23c1765769744bf2212dabbeffcfc67c50b537ac1676a4bf20c66cb2f980c,The question needs to be CORRECTED.,what_supplies_do_you_need_to_knit_a_scarf_targ_13_A.wav,target,correct,no aux verbs in questions (lack of do support),/ɪ/ --> /i/; knit/neat,y,,otherp,,,FB_1108
1,02f23c1765769744bf2212dabbeffcfc67c50b537ac1676a4bf20c66cb2f980c,"yarn and needle; sounds like speaker is saying ""to need"" instead of ""to knit""",what_supplies_do_you_need_to_knit_a_scarf_targ_13_A.wav,target,correct,no aux verbs in questions (lack of do support),/ɪ/ --> /i/; knit/neat,,,,,,
1,02f23c1765769744bf2212dabbeffcfc67c50b537ac1676a4bf20c66cb2f980c,The question needs to be CORRECTED.,what_city_have_people_rust_to_tour_to_see_where_the_us_government_does_business_targ_14_B.wav,target,phon_err,make vs. other verb,/ʃ/ --> /s/; rushed/rust,y,,otherirr,,,FB_1108
1,02f23c1765769744bf2212dabbeffcfc67c50b537ac1676a4bf20c66cb2f980c,"New York; unnecessary ""has"" in the question",what_city_have_people_rust_to_tour_to_see_where_the_us_government_does_business_targ_14_B.wav,target,phon_err,make vs. other verb,/ʃ/ --> /s/; rushed/rust,,,,,,
1,02f23c1765769744bf2212dabbeffcfc67c50b537ac1676a4bf20c66cb2f980c,The question needs to be CORRECTED.,what_colors_make_up_a_traditional_candy_cane_which_people_enjoy_to_eat_during_christmas_targ_15_C.wav,target,non_phon_err,infinitive vs. participle,/k/ --> /g/; cane/gain,y,,np,,,FB_1108
1,02f23c1765769744bf2212dabbeffcfc67c50b537ac1676a4bf20c66cb2f980c,"red and white; speaker should say ""enjoy eating,"" not ""enjoy to eat""",what_colors_make_up_a_traditional_candy_cane_which_people_enjoy_to_eat_during_christmas_targ_15_C.wav,target,non_phon_err,infinitive vs. participle,/k/ --> /g/; cane/gain,,,,,,
1,02f23c1765769744bf2212dabbeffcfc67c50b537ac1676a4bf20c66cb2f980c,"The question does NOT need any corrections, but I don't know the answer/ I don't understand what the question is asking.",where_do_people_get_drivers_licenses_since_is_required_as_ballad_id_to_drive_targ_16_D.wav,target,both_err,expletive 'it' dropping,/v/ --> /b/; valid/ballad,nun,,,,,FB_1108
1,02f23c1765769744bf2212dabbeffcfc67c50b537ac1676a4bf20c66cb2f980c,NA,where_do_people_get_drivers_licenses_since_is_required_as_ballad_id_to_drive_targ_16_D.wav,target,both_err,expletive 'it' dropping,/v/ --> /b/; valid/ballad,,,,,,
1,02f23c1765769744bf2212dabbeffcfc67c50b537ac1676a4bf20c66cb2f980c,The question does NOT need any corrections.,how_many_days_would_my_tandem_bike_be_gone_if_someone_borrows_it_for_july_targ_17_A.wav,target,correct,adj/noun order,/ʊ/ --> /u/; would/wooed,nans,,,,,FB_1108
1,02f23c1765769744bf2212dabbeffcfc67c50b537ac1676a4bf20c66cb2f980c,31,how_many_days_would_my_tandem_bike_be_gone_if_someone_borrows_it_for_july_targ_17_A.wav,target,correct,adj/noun order,/ʊ/ --> /u/; would/wooed,,,,,,
1,02f23c1765769744bf2212dabbeffcfc67c50b537ac1676a4bf20c66cb2f980c,The question needs to be CORRECTED.,when_you_are_hot_what_device_measures_body_temperature_in_boat_celsius_and_fahrenheit_targ_18_B.wav,target,phon_err,have vs. be,/θ/ --> /t/; both/boat,y,,otherp,,,FB_1108
1,02f23c1765769744bf2212dabbeffcfc67c50b537ac1676a4bf20c66cb2f980c,"thermometer; sounds like speaker is saying ""heart"" instead of ""hot""",when_you_are_hot_what_device_measures_body_temperature_in_boat_celsius_and_fahrenheit_targ_18_B.wav,target,phon_err,have vs. be,/θ/ --> /t/; both/boat,,,,,,
1,02f23c1765769744bf2212dabbeffcfc67c50b537ac1676a4bf20c66cb2f980c,The question does NOT need any corrections.,what_big_star_in_our_solar_system_can_still_be_visible_when_is_cloudy_targ_19_C.wav,target,non_phon_err,expletive 'it' dropping,/ɪ/ --> /i/; still/steal,nans,,,,,FB_1108
1,02f23c1765769744bf2212dabbeffcfc67c50b537ac1676a4bf20c66cb2f980c,sun,what_big_star_in_our_solar_system_can_still_be_visible_when_is_cloudy_targ_19_C.wav,target,non_phon_err,expletive 'it' dropping,/ɪ/ --> /i/; still/steal,,,,,,
1,02f23c1765769744bf2212dabbeffcfc67c50b537ac1676a4bf20c66cb2f980c,The question needs to be CORRECTED.,what_popular_us_chain_provides_a_happy_meal_toy_or_plus_when_kids_have_hungry_targ_20_D.wav,target,both_err,have vs. be,/ʃ/ --> /s/; plush/plus,y,,np,,,FB_1108
1,02f23c1765769744bf2212dabbeffcfc67c50b537ac1676a4bf20c66cb2f980c,"McDonalds; ""have hungry"" should be said as ""are hungry""",what_popular_us_chain_provides_a_happy_meal_toy_or_plus_when_kids_have_hungry_targ_20_D.wav,target,both_err,have vs. be,/ʃ/ --> /s/; plush/plus,,,,,,
1,02f23c1765769744bf2212dabbeffcfc67c50b537ac1676a4bf20c66cb2f980c,"The question does NOT need any corrections, but I don't know the answer/ I don't understand what the question is asking.",in_the_lion_king_who_does_nala_talk_to_and_is_laying_in_a_cot_after_theyve_reunited_targ_21_A.wav,target,correct,no aux verbs in questions (lack of do support),/k/ --> /g/; cot/got,nun,,,,,FB_1108
1,02f23c1765769744bf2212dabbeffcfc67c50b537ac1676a4bf20c66cb2f980c,NA,in_the_lion_king_who_does_nala_talk_to_and_is_laying_in_a_cot_after_theyve_reunited_targ_21_A.wav,target,correct,no aux verbs in questions (lack of do support),/k/ --> /g/; cot/got,,,,,,
1,02f23c1765769744bf2212dabbeffcfc67c50b537ac1676a4bf20c66cb2f980c,The question does NOT need any corrections.,if_a_hardworking_janitor_cleaned_a_vent_in_five_minutes_how_many_seconds_is_that_targ_22_B.wav,target,phon_err,adj/noun order,/v/ --> /b/; vent/bent,nans,,,,,FB_1108
1,02f23c1765769744bf2212dabbeffcfc67c50b537ac1676a4bf20c66cb2f980c,300,if_a_hardworking_janitor_cleaned_a_vent_in_five_minutes_how_many_seconds_is_that_targ_22_B.wav,target,phon_err,adj/noun order,/v/ --> /b/; vent/bent,,,,,,
1,02f23c1765769744bf2212dabbeffcfc67c50b537ac1676a4bf20c66cb2f980c,The question does NOT need any corrections.,what_company_created_the_macbook_a_device_full_of_features_to_help_students_make_homework_targ_23_C.wav,target,non_phon_err,make vs. other verb,/ʊ/ --> /u/; full/fool,nans,,,,,FB_1108
1,02f23c1765769744bf2212dabbeffcfc67c50b537ac1676a4bf20c66cb2f980c,Apple,what_company_created_the_macbook_a_device_full_of_features_to_help_students_make_homework_targ_23_C.wav,target,non_phon_err,make vs. other verb,/ʊ/ --> /u/; full/fool,,,,,,
1,02f23c1765769744bf2212dabbeffcfc67c50b537ac1676a4bf20c66cb2f980c,The question needs to be CORRECTED.,if_i_consider_to_leave_work_after_the_fort_hour_how_many_minutes_would_that_be_targ_24_D.wav,target,both_err,infinitive vs. participle,/θ/ --> /t/; fourth/fort,y,,np,,noted the target error but didn't provide an explicit correction ,FB_1108
1,02f23c1765769744bf2212dabbeffcfc67c50b537ac1676a4bf20c66cb2f980c,"240; ""considered to"" does not sound correct here (to me)",if_i_consider_to_leave_work_after_the_fort_hour_how_many_minutes_would_that_be_targ_24_D.wav,target,both_err,infinitive vs. participle,/θ/ --> /t/; fourth/fort,,,,,,
1,02f23c1765769744bf2212dabbeffcfc67c50b537ac1676a4bf20c66cb2f980c,"The question does NOT need any corrections, but I don't know the answer/ I don't understand what the question is asking.",what_letter_in_the_latin_alphabet_corresponds_to_the_greek_letter_alpha_fill_01.wav,filler_other,NA,NA,NA,nun,,,,,FB_1108
1,02f23c1765769744bf2212dabbeffcfc67c50b537ac1676a4bf20c66cb2f980c,NA,what_letter_in_the_latin_alphabet_corresponds_to_the_greek_letter_alpha_fill_01.wav,filler_other,NA,NA,NA,,,,,,
1,02f23c1765769744bf2212dabbeffcfc67c50b537ac1676a4bf20c66cb2f980c,The question does NOT need any corrections.,what_organ_is_often_associated_with_being_eaten_by_rotting_flesh_monsters_also_known_as_zombies_fill_02.wav,filler_other,NA,NA,NA,nans,,,,,FB_1108
1,02f23c1765769744bf2212dabbeffcfc67c50b537ac1676a4bf20c66cb2f980c,brain,what_organ_is_often_associated_with_being_eaten_by_rotting_flesh_monsters_also_known_as_zombies_fill_02.wav,filler_other,NA,NA,NA,,,,,,
1,02f23c1765769744bf2212dabbeffcfc67c50b537ac1676a4bf20c66cb2f980c,The question does NOT need any corrections.,which_british_celebrity_judge_often_harshly_critiqued_contestants_on_the_nationwide_singing_contest_american_idol_fill_03.wav,filler_other,NA,NA,NA,nans,,,,,FB_1108
1,02f23c1765769744bf2212dabbeffcfc67c50b537ac1676a4bf20c66cb2f980c,Simon Cowell,which_british_celebrity_judge_often_harshly_critiqued_contestants_on_the_nationwide_singing_contest_american_idol_fill_03.wav,filler_other,NA,NA,NA,,,,,,
1,02f23c1765769744bf2212dabbeffcfc67c50b537ac1676a4bf20c66cb2f980c,The question does NOT need any corrections.,which_cartoon_character_works_at_the_krusty_krab_and_is_best_friends_with_patrick_star_fill_04.wav,filler_other,NA,NA,NA,nans,,,,,FB_1108
1,02f23c1765769744bf2212dabbeffcfc67c50b537ac1676a4bf20c66cb2f980c,Spongebob Squarepants,which_cartoon_character_works_at_the_krusty_krab_and_is_best_friends_with_patrick_star_fill_04.wav,filler_other,NA,NA,NA,,,,,,
1,02f23c1765769744bf2212dabbeffcfc67c50b537ac1676a4bf20c66cb2f980c,The question does NOT need any corrections.,which_body_part_did_van_gogh_allegedly_cut_off_after_an_argument_with_his_friend_fill_05.wav,filler_other,NA,NA,NA,nans,,,,,FB_1108
1,02f23c1765769744bf2212dabbeffcfc67c50b537ac1676a4bf20c66cb2f980c,ear,which_body_part_did_van_gogh_allegedly_cut_off_after_an_argument_with_his_friend_fill_05.wav,filler_other,NA,NA,NA,,,,,,
1,02f23c1765769744bf2212dabbeffcfc67c50b537ac1676a4bf20c66cb2f980c,The question does NOT need any corrections.,what_is_the_name_of_the_comic_strip_featuring_charlie_brown_and_his_dog_snoopy_fill_06.wav,filler_other,NA,NA,NA,nans,,,,,FB_1108
1,02f23c1765769744bf2212dabbeffcfc67c50b537ac1676a4bf20c66cb2f980c,Charlie Brown,what_is_the_name_of_the_comic_strip_featuring_charlie_brown_and_his_dog_snoopy_fill_06.wav,filler_other,NA,NA,NA,,,,,,
1,02f23c1765769744bf2212dabbeffcfc67c50b537ac1676a4bf20c66cb2f980c,The question needs to be CORRECTED.,what_holiday_occurs_at_the_end_of_october_and_features_trick-or-treating_pumpkins_and_haunted_houses_fill_07.wav,filler_other,NA,NA,NA,y,,otherp,,,FB_1108
1,02f23c1765769744bf2212dabbeffcfc67c50b537ac1676a4bf20c66cb2f980c,"Halloween; sounds like speaker is saying ""oh cure"" instead of ""occur,"" sounds like speaker is saying ""pumpkings"" instead of ""pumpkins""",what_holiday_occurs_at_the_end_of_october_and_features_trick-or-treating_pumpkins_and_haunted_houses_fill_07.wav,filler_other,NA,NA,NA,,,,,,
1,02f23c1765769744bf2212dabbeffcfc67c50b537ac1676a4bf20c66cb2f980c,The question does NOT need any corrections.,what_is_the_name_of_the_video_game_character_who_is_a_traveling_italian_plumber_fill_08.wav,filler_other,NA,NA,NA,nans,,,,,FB_1108
1,02f23c1765769744bf2212dabbeffcfc67c50b537ac1676a4bf20c66cb2f980c,Mario,what_is_the_name_of_the_video_game_character_who_is_a_traveling_italian_plumber_fill_08.wav,filler_other,NA,NA,NA,,,,,,
1,02f23c1765769744bf2212dabbeffcfc67c50b537ac1676a4bf20c66cb2f980c,"The question does NOT need any corrections, but I don't know the answer/ I don't understand what the question is asking.",what_kind_of_animal_is_mickey_mouse’s_girlfriend_minnie_who_wears_a_bow_fill_09.wav,filler_other,NA,NA,NA,nun,,,,,FB_1108
1,02f23c1765769744bf2212dabbeffcfc67c50b537ac1676a4bf20c66cb2f980c,NA,what_kind_of_animal_is_mickey_mouse’s_girlfriend_minnie_who_wears_a_bow_fill_09.wav,filler_other,NA,NA,NA,,,,,,
1,02f23c1765769744bf2212dabbeffcfc67c50b537ac1676a4bf20c66cb2f980c,The question does NOT need any corrections.,which_cartoon_dog_solves_mysteries_with_the_group_fred_daphne_velma_and_shaggy_fill_10.wav,filler_other,NA,NA,NA,nans,,,,,FB_1108
1,02f23c1765769744bf2212dabbeffcfc67c50b537ac1676a4bf20c66cb2f980c,Scoobydoo,which_cartoon_dog_solves_mysteries_with_the_group_fred_daphne_velma_and_shaggy_fill_10.wav,filler_other,NA,NA,NA,,,,,,
1,02f23c1765769744bf2212dabbeffcfc67c50b537ac1676a4bf20c66cb2f980c,The question does NOT need any corrections.,which_fast_food_chain_offers_foot-long_sandwiches_and_has_the_slogan_eat_fresh_fill_11.wav,filler_other,NA,NA,NA,nans,,,,,FB_1108
1,02f23c1765769744bf2212dabbeffcfc67c50b537ac1676a4bf20c66cb2f980c,Subway,which_fast_food_chain_offers_foot-long_sandwiches_and_has_the_slogan_eat_fresh_fill_11.wav,filler_other,NA,NA,NA,,,,,,
1,02f23c1765769744bf2212dabbeffcfc67c50b537ac1676a4bf20c66cb2f980c,The question does NOT need any corrections.,which_oscar-winning_movie_features_tom_hanks_saying_life_is_like_a_box_of_chocolates_fill_12.wav,filler_other,NA,NA,NA,nans,,,,,FB_1108
1,02f23c1765769744bf2212dabbeffcfc67c50b537ac1676a4bf20c66cb2f980c,Forrest Gump,which_oscar-winning_movie_features_tom_hanks_saying_life_is_like_a_box_of_chocolates_fill_12.wav,filler_other,NA,NA,NA,,,,,,
1,02f23c1765769744bf2212dabbeffcfc67c50b537ac1676a4bf20c66cb2f980c,"The question does NOT need any corrections, but I don't know the answer/ I don't understand what the question is asking.",what_novel_has_the_quote_i’m_late_i’m_late_for_a_very_important_date_fill_13.wav,filler_other,NA,NA,NA,nun,,,,,FB_1108
1,02f23c1765769744bf2212dabbeffcfc67c50b537ac1676a4bf20c66cb2f980c,NA,what_novel_has_the_quote_i’m_late_i’m_late_for_a_very_important_date_fill_13.wav,filler_other,NA,NA,NA,,,,,,
1,02f23c1765769744bf2212dabbeffcfc67c50b537ac1676a4bf20c66cb2f980c,The question does NOT need any corrections.,what_mythical_creatures_have_been_said_to_drink_blood_turn_into_bats_and_hate_onions_fill_14.wav,filler_other,NA,NA,NA,nans,,,,,FB_1108
1,02f23c1765769744bf2212dabbeffcfc67c50b537ac1676a4bf20c66cb2f980c,vampires,what_mythical_creatures_have_been_said_to_drink_blood_turn_into_bats_and_hate_onions_fill_14.wav,filler_other,NA,NA,NA,,,,,,
1,02f23c1765769744bf2212dabbeffcfc67c50b537ac1676a4bf20c66cb2f980c,The question does NOT need any corrections.,who_discovered_the_law_of_universal_gravitation_which_accounts_for_why_objects_naturally_fall_downwards_fill_15.wav,filler_other,NA,NA,NA,nans,,,,,FB_1108
1,02f23c1765769744bf2212dabbeffcfc67c50b537ac1676a4bf20c66cb2f980c,Isaac Newton,who_discovered_the_law_of_universal_gravitation_which_accounts_for_why_objects_naturally_fall_downwards_fill_15.wav,filler_other,NA,NA,NA,,,,,,
1,02f23c1765769744bf2212dabbeffcfc67c50b537ac1676a4bf20c66cb2f980c,"The question does NOT need any corrections, but I don't know the answer/ I don't understand what the question is asking.",which_soft_pastry_made_with_a_certain_spice_is_often_spiral-shaped_and_topped_with_icing_fill_16.wav,filler_other,NA,NA,NA,nun,,,,,FB_1108
1,02f23c1765769744bf2212dabbeffcfc67c50b537ac1676a4bf20c66cb2f980c,NA,which_soft_pastry_made_with_a_certain_spice_is_often_spiral-shaped_and_topped_with_icing_fill_16.wav,filler_other,NA,NA,NA,,,,,,
1,02f23c1765769744bf2212dabbeffcfc67c50b537ac1676a4bf20c66cb2f980c,The question does NOT need any corrections.,what_us_holiday_is_often_celebrated_with_fireworks_and_hotdogs_to_honor_americas_freedom_fill_17.wav,filler_other,NA,NA,NA,nans,,,,,FB_1108
1,02f23c1765769744bf2212dabbeffcfc67c50b537ac1676a4bf20c66cb2f980c,July 4,what_us_holiday_is_often_celebrated_with_fireworks_and_hotdogs_to_honor_americas_freedom_fill_17.wav,filler_other,NA,NA,NA,,,,,,
1,02f23c1765769744bf2212dabbeffcfc67c50b537ac1676a4bf20c66cb2f980c,The question does NOT need any corrections.,which_tropical_fruit_that_grows_on_palm_trees_is_used_for_oils_and_milks_fill_18.wav,filler_other,NA,NA,NA,nans,,,,,FB_1108
1,02f23c1765769744bf2212dabbeffcfc67c50b537ac1676a4bf20c66cb2f980c,coconut,which_tropical_fruit_that_grows_on_palm_trees_is_used_for_oils_and_milks_fill_18.wav,filler_other,NA,NA,NA,,,,,,
1,02f23c1765769744bf2212dabbeffcfc67c50b537ac1676a4bf20c66cb2f980c,The question does NOT need any corrections.,which_season_do_we_associate_with_thanksgiving_the_beginning_of_school_and_leaves_turning_brown_fill_19.wav,filler_other,NA,NA,NA,nans,,,,,FB_1108
1,02f23c1765769744bf2212dabbeffcfc67c50b537ac1676a4bf20c66cb2f980c,Autumn,which_season_do_we_associate_with_thanksgiving_the_beginning_of_school_and_leaves_turning_brown_fill_19.wav,filler_other,NA,NA,NA,,,,,,
1,02f23c1765769744bf2212dabbeffcfc67c50b537ac1676a4bf20c66cb2f980c,The question needs to be CORRECTED.,what_musician_won_grammys_for_their_album_thriller_which_features_the_hit_song_beat_it_fill_20.wav,filler_other,NA,NA,NA,y,,otherp,,,FB_1108
1,02f23c1765769744bf2212dabbeffcfc67c50b537ac1676a4bf20c66cb2f980c,"Michael Jackson; sounds like speaker says ""magician"" instead of ""musician""",what_musician_won_grammys_for_their_album_thriller_which_features_the_hit_song_beat_it_fill_20.wav,filler_other,NA,NA,NA,,,,,,
1,02f23c1765769744bf2212dabbeffcfc67c50b537ac1676a4bf20c66cb2f980c,The question does NOT need any corrections.,what_animal_is_typically_white_with_black_spots_and_says_moo_fill_21.wav,filler_other,NA,NA,NA,nans,,,,,FB_1108
1,02f23c1765769744bf2212dabbeffcfc67c50b537ac1676a4bf20c66cb2f980c,cow,what_animal_is_typically_white_with_black_spots_and_says_moo_fill_21.wav,filler_other,NA,NA,NA,,,,,,
1,02f23c1765769744bf2212dabbeffcfc67c50b537ac1676a4bf20c66cb2f980c,The question does NOT need any corrections.,where_do_the_jolly_christmas_icons_santa_claus_and_his_wife_mrs._claus_live_fill_22.wav,filler_other,NA,NA,NA,nans,,,,,FB_1108
1,02f23c1765769744bf2212dabbeffcfc67c50b537ac1676a4bf20c66cb2f980c,North Pole,where_do_the_jolly_christmas_icons_santa_claus_and_his_wife_mrs._claus_live_fill_22.wav,filler_other,NA,NA,NA,,,,,,
1,02f23c1765769744bf2212dabbeffcfc67c50b537ac1676a4bf20c66cb2f980c,The question does NOT need any corrections.,in_the_famous_dr_seuss_book_what_orange_and_yellow_character_speaks_for_the_trees_fill_23.wav,filler_other,NA,NA,NA,nans,,,,,FB_1108
1,02f23c1765769744bf2212dabbeffcfc67c50b537ac1676a4bf20c66cb2f980c,Lorax,in_the_famous_dr_seuss_book_what_orange_and_yellow_character_speaks_for_the_trees_fill_23.wav,filler_other,NA,NA,NA,,,,,,
1,02f23c1765769744bf2212dabbeffcfc67c50b537ac1676a4bf20c66cb2f980c,The question does NOT need any corrections.,in_what_country_would_you_find_landmarks_like_the_pyramids_of_giza_and_great_sphinx_fill_24.wav,filler_other,NA,NA,NA,nans,,,,,FB_1108
1,02f23c1765769744bf2212dabbeffcfc67c50b537ac1676a4bf20c66cb2f980c,Egypt,in_what_country_would_you_find_landmarks_like_the_pyramids_of_giza_and_great_sphinx_fill_24.wav,filler_other,NA,NA,NA,,,,,,
2,04aeb1c2eb913dd61c444bb893023ea877f57e964e67697c6dbaa53f83694e80,The question does NOT need any corrections.,how_many_legs_does_a_dog_normally_have_fill_25.wav,att_check_good,NA,NA,NA,nans,,,a,FAILED ATTENTION CHECKS (4/8 correct),FB_1108
2,04aeb1c2eb913dd61c444bb893023ea877f57e964e67697c6dbaa53f83694e80,4,how_many_legs_does_a_dog_normally_have_fill_25.wav,att_check_good,NA,NA,NA,,,,,,
2,04aeb1c2eb913dd61c444bb893023ea877f57e964e67697c6dbaa53f83694e80,The question does NOT need any corrections.,what_state_is_los_angeles_located_in_fill_26.wav,att_check_good,NA,NA,NA,nans,,,a,,FB_1108
2,04aeb1c2eb913dd61c444bb893023ea877f57e964e67697c6dbaa53f83694e80,California,what_state_is_los_angeles_located_in_fill_26.wav,att_check_good,NA,NA,NA,,,,,,
2,04aeb1c2eb913dd61c444bb893023ea877f57e964e67697c6dbaa53f83694e80,The question does NOT need any corrections.,what_day_of_the_week_comes_after_monday_fill_27.wav,att_check_good,NA,NA,NA,nans,,,a,,FB_1108
2,04aeb1c2eb913dd61c444bb893023ea877f57e964e67697c6dbaa53f83694e80,Tuesday,what_day_of_the_week_comes_after_monday_fill_27.wav,att_check_good,NA,NA,NA,,,,,,
2,04aeb1c2eb913dd61c444bb893023ea877f57e964e67697c6dbaa53f83694e80,The question does NOT need any corrections.,what_color_is_a_typical_school_bus_fill_28.wav,att_check_good,NA,NA,NA,nans,,,a,,FB_1108
2,04aeb1c2eb913dd61c444bb893023ea877f57e964e67697c6dbaa53f83694e80,Yellow,what_color_is_a_typical_school_bus_fill_28.wav,att_check_good,NA,NA,NA,,,,,,
2,04aeb1c2eb913dd61c444bb893023ea877f57e964e67697c6dbaa53f83694e80,The question does NOT need any corrections.,in_the_cycle_of_seasons_what_season_comes_after_dinter_fill_29.wav,att_check_err,NA,NA,NA,nans,,acheckf,,,FB_1108
2,04aeb1c2eb913dd61c444bb893023ea877f57e964e67697c6dbaa53f83694e80,Fall,in_the_cycle_of_seasons_what_season_comes_after_dinter_fill_29.wav,att_check_err,NA,NA,NA,,,,,,
2,04aeb1c2eb913dd61c444bb893023ea877f57e964e67697c6dbaa53f83694e80,The question does NOT need any corrections.,what_insect_undergoes_a_process_of_change_to_turn_into_a_butterfy_fill_30.wav,att_check_err,NA,NA,NA,nans,,acheckf,,,FB_1108
2,04aeb1c2eb913dd61c444bb893023ea877f57e964e67697c6dbaa53f83694e80,Catepillar,what_insect_undergoes_a_process_of_change_to_turn_into_a_butterfy_fill_30.wav,att_check_err,NA,NA,NA,,,,,,
2,04aeb1c2eb913dd61c444bb893023ea877f57e964e67697c6dbaa53f83694e80,The question does NOT need any corrections.,what_is_the_largest_plant_in_the_solar_system_fill_31.wav,att_check_err,NA,NA,NA,nans,,acheckf,,,FB_1108
2,04aeb1c2eb913dd61c444bb893023ea877f57e964e67697c6dbaa53f83694e80,Jupiter,what_is_the_largest_plant_in_the_solar_system_fill_31.wav,att_check_err,NA,NA,NA,,,,,,
2,04aeb1c2eb913dd61c444bb893023ea877f57e964e67697c6dbaa53f83694e80,"The question does NOT need any corrections, but I don't know the answer/ I don't understand what the question is asking.",how_many_embers_were_in_the_beatles_the_british_rock_band_fill_32.wav,att_check_err,NA,NA,NA,nun,,acheckf,,,FB_1108
2,04aeb1c2eb913dd61c444bb893023ea877f57e964e67697c6dbaa53f83694e80,NA,how_many_embers_were_in_the_beatles_the_british_rock_band_fill_32.wav,att_check_err,NA,NA,NA,,,,,,
2,04aeb1c2eb913dd61c444bb893023ea877f57e964e67697c6dbaa53f83694e80,I’m good — skip to the next question,for_what_pink_ice_cream_flavor_will_companies_do_their_best_to_use_real_fruit_targ_01_A.wav,target,correct,make vs. other verb,/ɪ/ --> /i/; will/wheel,,,,,,
2,04aeb1c2eb913dd61c444bb893023ea877f57e964e67697c6dbaa53f83694e80,NA,for_what_pink_ice_cream_flavor_will_companies_do_their_best_to_use_real_fruit_targ_01_A.wav,target,correct,make vs. other verb,/ɪ/ --> /i/; will/wheel,,,,,,
2,04aeb1c2eb913dd61c444bb893023ea877f57e964e67697c6dbaa53f83694e80,The question does NOT need any corrections.,what_term_refers_to_armored_men_who_enjoyed_carrying_medieval_swords_that_class_in_combat_targ_02_B.wav,target,phon_err,infinitive vs. participle,/ʃ/ --> /s/; clash/class,,,,,,
2,04aeb1c2eb913dd61c444bb893023ea877f57e964e67697c6dbaa53f83694e80,Knight,what_term_refers_to_armored_men_who_enjoyed_carrying_medieval_swords_that_class_in_combat_targ_02_B.wav,target,phon_err,infinitive vs. participle,/ʃ/ --> /s/; clash/class,,,,,,
2,04aeb1c2eb913dd61c444bb893023ea877f57e964e67697c6dbaa53f83694e80,"The question does NOT need any corrections, but I don't know the answer/ I don't understand what the question is asking.",which_scottish_actor_first_played_james_bond_wearing_kilts_to_red_carpets_when_he_had_32_years_old_targ_03_C.wav,target,non_phon_err,have vs. be,/k/ --> /g/; kilt/guilt,,,,,,
2,04aeb1c2eb913dd61c444bb893023ea877f57e964e67697c6dbaa53f83694e80,NA,which_scottish_actor_first_played_james_bond_wearing_kilts_to_red_carpets_when_he_had_32_years_old_targ_03_C.wav,target,non_phon_err,have vs. be,/k/ --> /g/; kilt/guilt,,,,,,
2,04aeb1c2eb913dd61c444bb893023ea877f57e964e67697c6dbaa53f83694e80,The question does NOT need any corrections.,what_neil_armstrong_say_during_his_berry_first_steps_on_the_moon_targ_04_D.wav,target,both_err,no aux verbs in questions (lack of do support),/v/ --> /b/; very/berry,,,,,,
2,04aeb1c2eb913dd61c444bb893023ea877f57e964e67697c6dbaa53f83694e80,"""One small step for man, one giant leap for mankind""",what_neil_armstrong_say_during_his_berry_first_steps_on_the_moon_targ_04_D.wav,target,both_err,no aux verbs in questions (lack of do support),/v/ --> /b/; very/berry,,,,,,
2,04aeb1c2eb913dd61c444bb893023ea877f57e964e67697c6dbaa53f83694e80,"The question does NOT need any corrections, but I don't know the answer/ I don't understand what the question is asking.",what_kind_of_weather_could_occur_when_it_is_raining_and_below_freezing_targ_05_A.wav,target,correct,expletive 'it' dropping,/ʊ/ --> /u/; could/cooed,,,,,,
2,04aeb1c2eb913dd61c444bb893023ea877f57e964e67697c6dbaa53f83694e80,NA,what_kind_of_weather_could_occur_when_it_is_raining_and_below_freezing_targ_05_A.wav,target,correct,expletive 'it' dropping,/ʊ/ --> /u/; could/cooed,,,,,,
2,04aeb1c2eb913dd61c444bb893023ea877f57e964e67697c6dbaa53f83694e80,"The question does NOT need any corrections, but I don't know the answer/ I don't understand what the question is asking.",how_many_legs_does_a_canadian_garden_spider_whose_silk_can_make_clot_have_targ_06_B.wav,target,phon_err,adj/noun order,/θ/ --> /t/; cloth/clot,,,,,,
2,04aeb1c2eb913dd61c444bb893023ea877f57e964e67697c6dbaa53f83694e80,NA,how_many_legs_does_a_canadian_garden_spider_whose_silk_can_make_clot_have_targ_06_B.wav,target,phon_err,adj/noun order,/θ/ --> /t/; cloth/clot,,,,,,
2,04aeb1c2eb913dd61c444bb893023ea877f57e964e67697c6dbaa53f83694e80,The question does NOT need any corrections.,what_childrens_game_makes_people_sit_down_quickly_when_the_music_loud_stops_targ_07_C.wav,target,non_phon_err,adj/noun order,/ɪ/ --> /i/; sit/seat,,,,,,
2,04aeb1c2eb913dd61c444bb893023ea877f57e964e67697c6dbaa53f83694e80,Musical Chairs,what_childrens_game_makes_people_sit_down_quickly_when_the_music_loud_stops_targ_07_C.wav,target,non_phon_err,adj/noun order,/ɪ/ --> /i/; sit/seat,,,,,,
2,04aeb1c2eb913dd61c444bb893023ea877f57e964e67697c6dbaa53f83694e80,"The question does NOT need any corrections, but I don't know the answer/ I don't understand what the question is asking.",because_is_important_to_honor_the_iris_saint_what_holiday_occurs_on_march_17th_targ_08_D.wav,target,both_err,expletive 'it' dropping,/ʃ/ --> /s/; Irish/iris,,,,,,
2,04aeb1c2eb913dd61c444bb893023ea877f57e964e67697c6dbaa53f83694e80,NA,because_is_important_to_honor_the_iris_saint_what_holiday_occurs_on_march_17th_targ_08_D.wav,target,both_err,expletive 'it' dropping,/ʃ/ --> /s/; Irish/iris,,,,,,
2,04aeb1c2eb913dd61c444bb893023ea877f57e964e67697c6dbaa53f83694e80,The question does NOT need any corrections.,if_laundry_service_will_come_in_five_days_and_todays_thursday_when_are_they_doing_laundry_next_targ_09_A.wav,target,correct,make vs. other verb,/k/ --> /g/; come/gum,,,,,,
2,04aeb1c2eb913dd61c444bb893023ea877f57e964e67697c6dbaa53f83694e80,Tuesday,if_laundry_service_will_come_in_five_days_and_todays_thursday_when_are_they_doing_laundry_next_targ_09_A.wav,target,correct,make vs. other verb,/k/ --> /g/; come/gum,,,,,,
2,04aeb1c2eb913dd61c444bb893023ea877f57e964e67697c6dbaa53f83694e80,"The question does NOT need any corrections, but I don't know the answer/ I don't understand what the question is asking.",who_did_americans_boat_for_to_be_their_first_president_who_avoided_serving_three_terms_targ_10_B.wav,target,phon_err,infinitive vs. participle,/v/ --> /b/; vote/boat,,,,,,
2,04aeb1c2eb913dd61c444bb893023ea877f57e964e67697c6dbaa53f83694e80,NA,who_did_americans_boat_for_to_be_their_first_president_who_avoided_serving_three_terms_targ_10_B.wav,target,phon_err,infinitive vs. participle,/v/ --> /b/; vote/boat,,,,,,
2,04aeb1c2eb913dd61c444bb893023ea877f57e964e67697c6dbaa53f83694e80,"The question does NOT need any corrections, but I don't know the answer/ I don't understand what the question is asking.",what_colors_can_have_on_a_traffic_light_which_often_senses_when_cars_pull_up_targ_11_C.wav,target,non_phon_err,have vs. be,/ʊ/ --> /u/; pulls/pools,,,,,,
2,04aeb1c2eb913dd61c444bb893023ea877f57e964e67697c6dbaa53f83694e80,NA,what_colors_can_have_on_a_traffic_light_which_often_senses_when_cars_pull_up_targ_11_C.wav,target,non_phon_err,have vs. be,/ʊ/ --> /u/; pulls/pools,,,,,,
2,04aeb1c2eb913dd61c444bb893023ea877f57e964e67697c6dbaa53f83694e80,"The question does NOT need any corrections, but I don't know the answer/ I don't understand what the question is asking.",if_youre_on_a_pat_from_california_to_hawaii_which_ocean_you_go_through_targ_12_D.wav,target,both_err,no aux verbs in questions (lack of do support),/θ/ --> /t/; path/pat,,,,,,
2,04aeb1c2eb913dd61c444bb893023ea877f57e964e67697c6dbaa53f83694e80,NA,if_youre_on_a_pat_from_california_to_hawaii_which_ocean_you_go_through_targ_12_D.wav,target,both_err,no aux verbs in questions (lack of do support),/θ/ --> /t/; path/pat,,,,,,
2,04aeb1c2eb913dd61c444bb893023ea877f57e964e67697c6dbaa53f83694e80,"The question does NOT need any corrections, but I don't know the answer/ I don't understand what the question is asking.",what_supplies_do_you_need_to_knit_a_scarf_targ_13_A.wav,target,correct,no aux verbs in questions (lack of do support),/ɪ/ --> /i/; knit/neat,,,,,,
2,04aeb1c2eb913dd61c444bb893023ea877f57e964e67697c6dbaa53f83694e80,NA,what_supplies_do_you_need_to_knit_a_scarf_targ_13_A.wav,target,correct,no aux verbs in questions (lack of do support),/ɪ/ --> /i/; knit/neat,,,,,,
2,04aeb1c2eb913dd61c444bb893023ea877f57e964e67697c6dbaa53f83694e80,"The question does NOT need any corrections, but I don't know the answer/ I don't understand what the question is asking.",what_city_have_people_rust_to_tour_to_see_where_the_us_government_does_business_targ_14_B.wav,target,phon_err,make vs. other verb,/ʃ/ --> /s/; rushed/rust,,,,,,
2,04aeb1c2eb913dd61c444bb893023ea877f57e964e67697c6dbaa53f83694e80,NA,what_city_have_people_rust_to_tour_to_see_where_the_us_government_does_business_targ_14_B.wav,target,phon_err,make vs. other verb,/ʃ/ --> /s/; rushed/rust,,,,,,
2,04aeb1c2eb913dd61c444bb893023ea877f57e964e67697c6dbaa53f83694e80,The question does NOT need any corrections.,what_colors_make_up_a_traditional_candy_cane_which_people_enjoy_to_eat_during_christmas_targ_15_C.wav,target,non_phon_err,infinitive vs. participle,/k/ --> /g/; cane/gain,,,,,,
2,04aeb1c2eb913dd61c444bb893023ea877f57e964e67697c6dbaa53f83694e80,Red and White,what_colors_make_up_a_traditional_candy_cane_which_people_enjoy_to_eat_during_christmas_targ_15_C.wav,target,non_phon_err,infinitive vs. participle,/k/ --> /g/; cane/gain,,,,,,
2,04aeb1c2eb913dd61c444bb893023ea877f57e964e67697c6dbaa53f83694e80,The question does NOT need any corrections.,where_do_people_get_drivers_licenses_since_is_required_as_ballad_id_to_drive_targ_16_D.wav,target,both_err,expletive 'it' dropping,/v/ --> /b/; valid/ballad,,,,,,
2,04aeb1c2eb913dd61c444bb893023ea877f57e964e67697c6dbaa53f83694e80,Department of Motor Vehicles,where_do_people_get_drivers_licenses_since_is_required_as_ballad_id_to_drive_targ_16_D.wav,target,both_err,expletive 'it' dropping,/v/ --> /b/; valid/ballad,,,,,,
2,04aeb1c2eb913dd61c444bb893023ea877f57e964e67697c6dbaa53f83694e80,The question needs to be CORRECTED.,how_many_days_would_my_tandem_bike_be_gone_if_someone_borrows_it_for_july_targ_17_A.wav,target,correct,adj/noun order,/ʊ/ --> /u/; would/wooed,,,,,,
2,04aeb1c2eb913dd61c444bb893023ea877f57e964e67697c6dbaa53f83694e80,The questions made no sense.,how_many_days_would_my_tandem_bike_be_gone_if_someone_borrows_it_for_july_targ_17_A.wav,target,correct,adj/noun order,/ʊ/ --> /u/; would/wooed,,,,,,
2,04aeb1c2eb913dd61c444bb893023ea877f57e964e67697c6dbaa53f83694e80,The question does NOT need any corrections.,when_you_are_hot_what_device_measures_body_temperature_in_boat_celsius_and_fahrenheit_targ_18_B.wav,target,phon_err,have vs. be,/θ/ --> /t/; both/boat,,,,,,
2,04aeb1c2eb913dd61c444bb893023ea877f57e964e67697c6dbaa53f83694e80,Thermometer,when_you_are_hot_what_device_measures_body_temperature_in_boat_celsius_and_fahrenheit_targ_18_B.wav,target,phon_err,have vs. be,/θ/ --> /t/; both/boat,,,,,,
2,04aeb1c2eb913dd61c444bb893023ea877f57e964e67697c6dbaa53f83694e80,"The question does NOT need any corrections, but I don't know the answer/ I don't understand what the question is asking.",what_big_star_in_our_solar_system_can_still_be_visible_when_is_cloudy_targ_19_C.wav,target,non_phon_err,expletive 'it' dropping,/ɪ/ --> /i/; still/steal,,,,,,
2,04aeb1c2eb913dd61c444bb893023ea877f57e964e67697c6dbaa53f83694e80,NA,what_big_star_in_our_solar_system_can_still_be_visible_when_is_cloudy_targ_19_C.wav,target,non_phon_err,expletive 'it' dropping,/ɪ/ --> /i/; still/steal,,,,,,
2,04aeb1c2eb913dd61c444bb893023ea877f57e964e67697c6dbaa53f83694e80,The question does NOT need any corrections.,what_popular_us_chain_provides_a_happy_meal_toy_or_plus_when_kids_have_hungry_targ_20_D.wav,target,both_err,have vs. be,/ʃ/ --> /s/; plush/plus,,,,,,
2,04aeb1c2eb913dd61c444bb893023ea877f57e964e67697c6dbaa53f83694e80,McDonalds,what_popular_us_chain_provides_a_happy_meal_toy_or_plus_when_kids_have_hungry_targ_20_D.wav,target,both_err,have vs. be,/ʃ/ --> /s/; plush/plus,,,,,,
2,04aeb1c2eb913dd61c444bb893023ea877f57e964e67697c6dbaa53f83694e80,"The question does NOT need any corrections, but I don't know the answer/ I don't understand what the question is asking.",in_the_lion_king_who_does_nala_talk_to_and_is_laying_in_a_cot_after_theyve_reunited_targ_21_A.wav,target,correct,no aux verbs in questions (lack of do support),/k/ --> /g/; cot/got,,,,,,
2,04aeb1c2eb913dd61c444bb893023ea877f57e964e67697c6dbaa53f83694e80,NA,in_the_lion_king_who_does_nala_talk_to_and_is_laying_in_a_cot_after_theyve_reunited_targ_21_A.wav,target,correct,no aux verbs in questions (lack of do support),/k/ --> /g/; cot/got,,,,,,
2,04aeb1c2eb913dd61c444bb893023ea877f57e964e67697c6dbaa53f83694e80,The question does NOT need any corrections.,if_a_hardworking_janitor_cleaned_a_vent_in_five_minutes_how_many_seconds_is_that_targ_22_B.wav,target,phon_err,adj/noun order,/v/ --> /b/; vent/bent,,,,,,
2,04aeb1c2eb913dd61c444bb893023ea877f57e964e67697c6dbaa53f83694e80,300,if_a_hardworking_janitor_cleaned_a_vent_in_five_minutes_how_many_seconds_is_that_targ_22_B.wav,target,phon_err,adj/noun order,/v/ --> /b/; vent/bent,,,,,,
2,04aeb1c2eb913dd61c444bb893023ea877f57e964e67697c6dbaa53f83694e80,The question does NOT need any corrections.,what_company_created_the_macbook_a_device_full_of_features_to_help_students_make_homework_targ_23_C.wav,target,non_phon_err,make vs. other verb,/ʊ/ --> /u/; full/fool,,,,,,
2,04aeb1c2eb913dd61c444bb893023ea877f57e964e67697c6dbaa53f83694e80,Apple,what_company_created_the_macbook_a_device_full_of_features_to_help_students_make_homework_targ_23_C.wav,target,non_phon_err,make vs. other verb,/ʊ/ --> /u/; full/fool,,,,,,
2,04aeb1c2eb913dd61c444bb893023ea877f57e964e67697c6dbaa53f83694e80,The question does NOT need any corrections.,if_i_consider_to_leave_work_after_the_fort_hour_how_many_minutes_would_that_be_targ_24_D.wav,target,both_err,infinitive vs. participle,/θ/ --> /t/; fourth/fort,,,,,,
2,04aeb1c2eb913dd61c444bb893023ea877f57e964e67697c6dbaa53f83694e80,240,if_i_consider_to_leave_work_after_the_fort_hour_how_many_minutes_would_that_be_targ_24_D.wav,target,both_err,infinitive vs. participle,/θ/ --> /t/; fourth/fort,,,,,,
2,04aeb1c2eb913dd61c444bb893023ea877f57e964e67697c6dbaa53f83694e80,"The question does NOT need any corrections, but I don't know the answer/ I don't understand what the question is asking.",what_letter_in_the_latin_alphabet_corresponds_to_the_greek_letter_alpha_fill_01.wav,filler_other,NA,NA,NA,,,,,,
2,04aeb1c2eb913dd61c444bb893023ea877f57e964e67697c6dbaa53f83694e80,NA,what_letter_in_the_latin_alphabet_corresponds_to_the_greek_letter_alpha_fill_01.wav,filler_other,NA,NA,NA,,,,,,
2,04aeb1c2eb913dd61c444bb893023ea877f57e964e67697c6dbaa53f83694e80,The question does NOT need any corrections.,what_organ_is_often_associated_with_being_eaten_by_rotting_flesh_monsters_also_known_as_zombies_fill_02.wav,filler_other,NA,NA,NA,,,,,,
2,04aeb1c2eb913dd61c444bb893023ea877f57e964e67697c6dbaa53f83694e80,Brain,what_organ_is_often_associated_with_being_eaten_by_rotting_flesh_monsters_also_known_as_zombies_fill_02.wav,filler_other,NA,NA,NA,,,,,,
2,04aeb1c2eb913dd61c444bb893023ea877f57e964e67697c6dbaa53f83694e80,The question does NOT need any corrections.,which_british_celebrity_judge_often_harshly_critiqued_contestants_on_the_nationwide_singing_contest_american_idol_fill_03.wav,filler_other,NA,NA,NA,,,,,,
2,04aeb1c2eb913dd61c444bb893023ea877f57e964e67697c6dbaa53f83694e80,Simon Cowell,which_british_celebrity_judge_often_harshly_critiqued_contestants_on_the_nationwide_singing_contest_american_idol_fill_03.wav,filler_other,NA,NA,NA,,,,,,
2,04aeb1c2eb913dd61c444bb893023ea877f57e964e67697c6dbaa53f83694e80,The question does NOT need any corrections.,which_cartoon_character_works_at_the_krusty_krab_and_is_best_friends_with_patrick_star_fill_04.wav,filler_other,NA,NA,NA,,,,,,
2,04aeb1c2eb913dd61c444bb893023ea877f57e964e67697c6dbaa53f83694e80,Spongebob,which_cartoon_character_works_at_the_krusty_krab_and_is_best_friends_with_patrick_star_fill_04.wav,filler_other,NA,NA,NA,,,,,,
2,04aeb1c2eb913dd61c444bb893023ea877f57e964e67697c6dbaa53f83694e80,The question does NOT need any corrections.,which_body_part_did_van_gogh_allegedly_cut_off_after_an_argument_with_his_friend_fill_05.wav,filler_other,NA,NA,NA,,,,,,
2,04aeb1c2eb913dd61c444bb893023ea877f57e964e67697c6dbaa53f83694e80,Ear,which_body_part_did_van_gogh_allegedly_cut_off_after_an_argument_with_his_friend_fill_05.wav,filler_other,NA,NA,NA,,,,,,
2,04aeb1c2eb913dd61c444bb893023ea877f57e964e67697c6dbaa53f83694e80,The question does NOT need any corrections.,what_is_the_name_of_the_comic_strip_featuring_charlie_brown_and_his_dog_snoopy_fill_06.wav,filler_other,NA,NA,NA,,,,,,
2,04aeb1c2eb913dd61c444bb893023ea877f57e964e67697c6dbaa53f83694e80,Charlie Brown,what_is_the_name_of_the_comic_strip_featuring_charlie_brown_and_his_dog_snoopy_fill_06.wav,filler_other,NA,NA,NA,,,,,,
2,04aeb1c2eb913dd61c444bb893023ea877f57e964e67697c6dbaa53f83694e80,The question does NOT need any corrections.,what_holiday_occurs_at_the_end_of_october_and_features_trick-or-treating_pumpkins_and_haunted_houses_fill_07.wav,filler_other,NA,NA,NA,,,,,,
2,04aeb1c2eb913dd61c444bb893023ea877f57e964e67697c6dbaa53f83694e80,Halloween,what_holiday_occurs_at_the_end_of_october_and_features_trick-or-treating_pumpkins_and_haunted_houses_fill_07.wav,filler_other,NA,NA,NA,,,,,,
2,04aeb1c2eb913dd61c444bb893023ea877f57e964e67697c6dbaa53f83694e80,The question does NOT need any corrections.,what_is_the_name_of_the_video_game_character_who_is_a_traveling_italian_plumber_fill_08.wav,filler_other,NA,NA,NA,,,,,,
2,04aeb1c2eb913dd61c444bb893023ea877f57e964e67697c6dbaa53f83694e80,Mario,what_is_the_name_of_the_video_game_character_who_is_a_traveling_italian_plumber_fill_08.wav,filler_other,NA,NA,NA,,,,,,
2,04aeb1c2eb913dd61c444bb893023ea877f57e964e67697c6dbaa53f83694e80,The question does NOT need any corrections.,what_kind_of_animal_is_mickey_mouse’s_girlfriend_minnie_who_wears_a_bow_fill_09.wav,filler_other,NA,NA,NA,,,,,,
2,04aeb1c2eb913dd61c444bb893023ea877f57e964e67697c6dbaa53f83694e80,Mouse,what_kind_of_animal_is_mickey_mouse’s_girlfriend_minnie_who_wears_a_bow_fill_09.wav,filler_other,NA,NA,NA,,,,,,
2,04aeb1c2eb913dd61c444bb893023ea877f57e964e67697c6dbaa53f83694e80,The question does NOT need any corrections.,which_cartoon_dog_solves_mysteries_with_the_group_fred_daphne_velma_and_shaggy_fill_10.wav,filler_other,NA,NA,NA,,,,,,
2,04aeb1c2eb913dd61c444bb893023ea877f57e964e67697c6dbaa53f83694e80,Scooby-Doo,which_cartoon_dog_solves_mysteries_with_the_group_fred_daphne_velma_and_shaggy_fill_10.wav,filler_other,NA,NA,NA,,,,,,
2,04aeb1c2eb913dd61c444bb893023ea877f57e964e67697c6dbaa53f83694e80,The question does NOT need any corrections.,which_fast_food_chain_offers_foot-long_sandwiches_and_has_the_slogan_eat_fresh_fill_11.wav,filler_other,NA,NA,NA,,,,,,
2,04aeb1c2eb913dd61c444bb893023ea877f57e964e67697c6dbaa53f83694e80,Subway,which_fast_food_chain_offers_foot-long_sandwiches_and_has_the_slogan_eat_fresh_fill_11.wav,filler_other,NA,NA,NA,,,,,,
2,04aeb1c2eb913dd61c444bb893023ea877f57e964e67697c6dbaa53f83694e80,"The question does NOT need any corrections, but I don't know the answer/ I don't understand what the question is asking.",which_oscar-winning_movie_features_tom_hanks_saying_life_is_like_a_box_of_chocolates_fill_12.wav,filler_other,NA,NA,NA,,,,,,
2,04aeb1c2eb913dd61c444bb893023ea877f57e964e67697c6dbaa53f83694e80,NA,which_oscar-winning_movie_features_tom_hanks_saying_life_is_like_a_box_of_chocolates_fill_12.wav,filler_other,NA,NA,NA,,,,,,
2,04aeb1c2eb913dd61c444bb893023ea877f57e964e67697c6dbaa53f83694e80,"The question does NOT need any corrections, but I don't know the answer/ I don't understand what the question is asking.",what_novel_has_the_quote_i’m_late_i’m_late_for_a_very_important_date_fill_13.wav,filler_other,NA,NA,NA,,,,,,
2,04aeb1c2eb913dd61c444bb893023ea877f57e964e67697c6dbaa53f83694e80,NA,what_novel_has_the_quote_i’m_late_i’m_late_for_a_very_important_date_fill_13.wav,filler_other,NA,NA,NA,,,,,,
2,04aeb1c2eb913dd61c444bb893023ea877f57e964e67697c6dbaa53f83694e80,The question does NOT need any corrections.,what_mythical_creatures_have_been_said_to_drink_blood_turn_into_bats_and_hate_onions_fill_14.wav,filler_other,NA,NA,NA,,,,,,
2,04aeb1c2eb913dd61c444bb893023ea877f57e964e67697c6dbaa53f83694e80,Vampire,what_mythical_creatures_have_been_said_to_drink_blood_turn_into_bats_and_hate_onions_fill_14.wav,filler_other,NA,NA,NA,,,,,,
2,04aeb1c2eb913dd61c444bb893023ea877f57e964e67697c6dbaa53f83694e80,The question does NOT need any corrections.,who_discovered_the_law_of_universal_gravitation_which_accounts_for_why_objects_naturally_fall_downwards_fill_15.wav,filler_other,NA,NA,NA,,,,,,
2,04aeb1c2eb913dd61c444bb893023ea877f57e964e67697c6dbaa53f83694e80,Isaac Newton,who_discovered_the_law_of_universal_gravitation_which_accounts_for_why_objects_naturally_fall_downwards_fill_15.wav,filler_other,NA,NA,NA,,,,,,
2,04aeb1c2eb913dd61c444bb893023ea877f57e964e67697c6dbaa53f83694e80,"The question does NOT need any corrections, but I don't know the answer/ I don't understand what the question is asking.",which_soft_pastry_made_with_a_certain_spice_is_often_spiral-shaped_and_topped_with_icing_fill_16.wav,filler_other,NA,NA,NA,,,,,,
2,04aeb1c2eb913dd61c444bb893023ea877f57e964e67697c6dbaa53f83694e80,NA,which_soft_pastry_made_with_a_certain_spice_is_often_spiral-shaped_and_topped_with_icing_fill_16.wav,filler_other,NA,NA,NA,,,,,,
2,04aeb1c2eb913dd61c444bb893023ea877f57e964e67697c6dbaa53f83694e80,The question does NOT need any corrections.,what_us_holiday_is_often_celebrated_with_fireworks_and_hotdogs_to_honor_americas_freedom_fill_17.wav,filler_other,NA,NA,NA,,,,,,
2,04aeb1c2eb913dd61c444bb893023ea877f57e964e67697c6dbaa53f83694e80,July 4th,what_us_holiday_is_often_celebrated_with_fireworks_and_hotdogs_to_honor_americas_freedom_fill_17.wav,filler_other,NA,NA,NA,,,,,,
2,04aeb1c2eb913dd61c444bb893023ea877f57e964e67697c6dbaa53f83694e80,The question does NOT need any corrections.,which_tropical_fruit_that_grows_on_palm_trees_is_used_for_oils_and_milks_fill_18.wav,filler_other,NA,NA,NA,,,,,,
2,04aeb1c2eb913dd61c444bb893023ea877f57e964e67697c6dbaa53f83694e80,Coconut,which_tropical_fruit_that_grows_on_palm_trees_is_used_for_oils_and_milks_fill_18.wav,filler_other,NA,NA,NA,,,,,,
2,04aeb1c2eb913dd61c444bb893023ea877f57e964e67697c6dbaa53f83694e80,"The question does NOT need any corrections, but I don't know the answer/ I don't understand what the question is asking.",which_season_do_we_associate_with_thanksgiving_the_beginning_of_school_and_leaves_turning_brown_fill_19.wav,filler_other,NA,NA,NA,,,,,,
2,04aeb1c2eb913dd61c444bb893023ea877f57e964e67697c6dbaa53f83694e80,NA,which_season_do_we_associate_with_thanksgiving_the_beginning_of_school_and_leaves_turning_brown_fill_19.wav,filler_other,NA,NA,NA,,,,,,
2,04aeb1c2eb913dd61c444bb893023ea877f57e964e67697c6dbaa53f83694e80,The question does NOT need any corrections.,what_musician_won_grammys_for_their_album_thriller_which_features_the_hit_song_beat_it_fill_20.wav,filler_other,NA,NA,NA,,,,,,
2,04aeb1c2eb913dd61c444bb893023ea877f57e964e67697c6dbaa53f83694e80,Michael Jackson,what_musician_won_grammys_for_their_album_thriller_which_features_the_hit_song_beat_it_fill_20.wav,filler_other,NA,NA,NA,,,,,,
2,04aeb1c2eb913dd61c444bb893023ea877f57e964e67697c6dbaa53f83694e80,The question does NOT need any corrections.,what_animal_is_typically_white_with_black_spots_and_says_moo_fill_21.wav,filler_other,NA,NA,NA,,,,,,
2,04aeb1c2eb913dd61c444bb893023ea877f57e964e67697c6dbaa53f83694e80,Cow,what_animal_is_typically_white_with_black_spots_and_says_moo_fill_21.wav,filler_other,NA,NA,NA,,,,,,
2,04aeb1c2eb913dd61c444bb893023ea877f57e964e67697c6dbaa53f83694e80,The question does NOT need any corrections.,where_do_the_jolly_christmas_icons_santa_claus_and_his_wife_mrs._claus_live_fill_22.wav,filler_other,NA,NA,NA,,,,,,
2,04aeb1c2eb913dd61c444bb893023ea877f57e964e67697c6dbaa53f83694e80,The North,where_do_the_jolly_christmas_icons_santa_claus_and_his_wife_mrs._claus_live_fill_22.wav,filler_other,NA,NA,NA,,,,,,
2,04aeb1c2eb913dd61c444bb893023ea877f57e964e67697c6dbaa53f83694e80,The question does NOT need any corrections.,in_the_famous_dr_seuss_book_what_orange_and_yellow_character_speaks_for_the_trees_fill_23.wav,filler_other,NA,NA,NA,,,,,,
2,04aeb1c2eb913dd61c444bb893023ea877f57e964e67697c6dbaa53f83694e80,The Lorax,in_the_famous_dr_seuss_book_what_orange_and_yellow_character_speaks_for_the_trees_fill_23.wav,filler_other,NA,NA,NA,,,,,,
2,04aeb1c2eb913dd61c444bb893023ea877f57e964e67697c6dbaa53f83694e80,The question does NOT need any corrections.,in_what_country_would_you_find_landmarks_like_the_pyramids_of_giza_and_great_sphinx_fill_24.wav,filler_other,NA,NA,NA,,,,,,
2,04aeb1c2eb913dd61c444bb893023ea877f57e964e67697c6dbaa53f83694e80,Egypt,in_what_country_would_you_find_landmarks_like_the_pyramids_of_giza_and_great_sphinx_fill_24.wav,filler_other,NA,NA,NA,,,,,,
3,0a7e93c8a9fef5f45f7261c9d427e62ccec3132846a5cc1a248083a62df4c256,The question does NOT need any corrections.,how_many_legs_does_a_dog_normally_have_fill_25.wav,att_check_good,NA,NA,NA,nans,,,a,,FB_1108
3,0a7e93c8a9fef5f45f7261c9d427e62ccec3132846a5cc1a248083a62df4c256,The correct answer here is four.,how_many_legs_does_a_dog_normally_have_fill_25.wav,att_check_good,NA,NA,NA,,,,,,
3,0a7e93c8a9fef5f45f7261c9d427e62ccec3132846a5cc1a248083a62df4c256,The question does NOT need any corrections.,what_state_is_los_angeles_located_in_fill_26.wav,att_check_good,NA,NA,NA,nans,,,a,,FB_1108
3,0a7e93c8a9fef5f45f7261c9d427e62ccec3132846a5cc1a248083a62df4c256,The state of California.,what_state_is_los_angeles_located_in_fill_26.wav,att_check_good,NA,NA,NA,,,,,,
3,0a7e93c8a9fef5f45f7261c9d427e62ccec3132846a5cc1a248083a62df4c256,The question needs to be CORRECTED.,what_day_of_the_week_comes_after_monday_fill_27.wav,att_check_good,NA,NA,NA,y,,otherp,a,,FB_1108
3,0a7e93c8a9fef5f45f7261c9d427e62ccec3132846a5cc1a248083a62df4c256,"Tuesday. The speaker says what sounds like ""momday"", instead of ""Monday"".",what_day_of_the_week_comes_after_monday_fill_27.wav,att_check_good,NA,NA,NA,,,,,,
3,0a7e93c8a9fef5f45f7261c9d427e62ccec3132846a5cc1a248083a62df4c256,The question does NOT need any corrections.,what_color_is_a_typical_school_bus_fill_28.wav,att_check_good,NA,NA,NA,nans,,,a,,FB_1108
3,0a7e93c8a9fef5f45f7261c9d427e62ccec3132846a5cc1a248083a62df4c256,The answer is yellow.,what_color_is_a_typical_school_bus_fill_28.wav,att_check_good,NA,NA,NA,,,,,,
3,0a7e93c8a9fef5f45f7261c9d427e62ccec3132846a5cc1a248083a62df4c256,The question needs to be CORRECTED.,in_the_cycle_of_seasons_what_season_comes_after_dinter_fill_29.wav,att_check_err,NA,NA,NA,y,,acheckp,,,FB_1108
3,0a7e93c8a9fef5f45f7261c9d427e62ccec3132846a5cc1a248083a62df4c256,"The speaker says ""dinter"" instead of ""winter"". The correct answer to the trivia question is Spring.",in_the_cycle_of_seasons_what_season_comes_after_dinter_fill_29.wav,att_check_err,NA,NA,NA,,,,,,
3,0a7e93c8a9fef5f45f7261c9d427e62ccec3132846a5cc1a248083a62df4c256,The question needs to be CORRECTED.,what_insect_undergoes_a_process_of_change_to_turn_into_a_butterfy_fill_30.wav,att_check_err,NA,NA,NA,y,,acheckp,,,FB_1108
3,0a7e93c8a9fef5f45f7261c9d427e62ccec3132846a5cc1a248083a62df4c256,"The answer is a catepiller. The speaker mis-prounounces ""butterfly"" as ""butterfy"".",what_insect_undergoes_a_process_of_change_to_turn_into_a_butterfy_fill_30.wav,att_check_err,NA,NA,NA,,,,,,
3,0a7e93c8a9fef5f45f7261c9d427e62ccec3132846a5cc1a248083a62df4c256,The question needs to be CORRECTED.,what_is_the_largest_plant_in_the_solar_system_fill_31.wav,att_check_err,NA,NA,NA,y,,acheckp,,,FB_1108
3,0a7e93c8a9fef5f45f7261c9d427e62ccec3132846a5cc1a248083a62df4c256,"The correct answer is Jupiter. The speaker says the word ""plant"" in place of the word ""planet"" within the question.",what_is_the_largest_plant_in_the_solar_system_fill_31.wav,att_check_err,NA,NA,NA,,,,,,
3,0a7e93c8a9fef5f45f7261c9d427e62ccec3132846a5cc1a248083a62df4c256,The question needs to be CORRECTED.,how_many_embers_were_in_the_beatles_the_british_rock_band_fill_32.wav,att_check_err,NA,NA,NA,y,,acheckp,,,FB_1108
3,0a7e93c8a9fef5f45f7261c9d427e62ccec3132846a5cc1a248083a62df4c256,"Five is the answer. The speaker makes a pronouncation error saying ""embers"" instead of the word ""members"".",how_many_embers_were_in_the_beatles_the_british_rock_band_fill_32.wav,att_check_err,NA,NA,NA,,,,,,
3,0a7e93c8a9fef5f45f7261c9d427e62ccec3132846a5cc1a248083a62df4c256,The question needs to be CORRECTED.,for_what_pink_ice_cream_flavor_will_companies_make_their_best_to_use_real_fruit_targ_01_C.wav,target,non_phon_err,make vs. other verb,/ɪ/ --> /i/; will/wheel,y,,otherp,,,FB_1108
3,0a7e93c8a9fef5f45f7261c9d427e62ccec3132846a5cc1a248083a62df4c256,"The answer is strawberry, but the speaker makes a pronouncation error saying ""vest' instead of ""best"".",for_what_pink_ice_cream_flavor_will_companies_make_their_best_to_use_real_fruit_targ_01_C.wav,target,non_phon_err,make vs. other verb,/ɪ/ --> /i/; will/wheel,,,,,,
3,0a7e93c8a9fef5f45f7261c9d427e62ccec3132846a5cc1a248083a62df4c256,The question needs to be CORRECTED.,what_term_refers_to_armored_men_who_enjoyed_to_carry_medieval_swords_that_class_in_combat_targ_02_D.wav,target,both_err,infinitive vs. participle,/ʃ/ --> /s/; clash/class,y,,p,,,FB_1108
3,0a7e93c8a9fef5f45f7261c9d427e62ccec3132846a5cc1a248083a62df4c256,"Sword Flight. The speaking says what sounds like ""class"" instead of ""clash"" in combat.",what_term_refers_to_armored_men_who_enjoyed_to_carry_medieval_swords_that_class_in_combat_targ_02_D.wav,target,both_err,infinitive vs. participle,/ʃ/ --> /s/; clash/class,,,,,,
3,0a7e93c8a9fef5f45f7261c9d427e62ccec3132846a5cc1a248083a62df4c256,The question needs to be CORRECTED.,which_scottish_actor_first_played_james_bond_wearing_kilts_to_red_carpets_when_he_was_32_years_old_targ_03_A.wav,target,correct,have vs. be,/k/ --> /g/; kilt/guilt,y,,otherp,,,FB_1108
3,0a7e93c8a9fef5f45f7261c9d427e62ccec3132846a5cc1a248083a62df4c256,"It sounds like the speaker says ""colts"" instead of ""Celts"". The answer is Shawn Conrey.",which_scottish_actor_first_played_james_bond_wearing_kilts_to_red_carpets_when_he_was_32_years_old_targ_03_A.wav,target,correct,have vs. be,/k/ --> /g/; kilt/guilt,,,,,,
3,0a7e93c8a9fef5f45f7261c9d427e62ccec3132846a5cc1a248083a62df4c256,The question needs to be CORRECTED.,what_did_neil_armstrong_say_during_his_berry_first_steps_on_the_moon_targ_04_B.wav,target,phon_err,no aux verbs in questions (lack of do support),/v/ --> /b/; very/berry,y,,otherp,,,FB_1108
3,0a7e93c8a9fef5f45f7261c9d427e62ccec3132846a5cc1a248083a62df4c256,"The correct answer to the trivia is ""This is one small step for man, one giant leap for mankind"". The speaker makes a pronouncation mistake saying ""Nel"" instead off ""Neal"".",what_did_neil_armstrong_say_during_his_berry_first_steps_on_the_moon_targ_04_B.wav,target,phon_err,no aux verbs in questions (lack of do support),/v/ --> /b/; very/berry,,,,,,
3,0a7e93c8a9fef5f45f7261c9d427e62ccec3132846a5cc1a248083a62df4c256,The question needs to be CORRECTED.,what_kind_of_weather_could_occur_when_is_raining_and_below_freezing_targ_05_C.wav,target,non_phon_err,expletive 'it' dropping,/ʊ/ --> /u/; could/cooed,y,,otherp,,,FB_1108
3,0a7e93c8a9fef5f45f7261c9d427e62ccec3132846a5cc1a248083a62df4c256,"The answer is freezing rain or snow. The speaker makes an error using the word ""Accur"" instead of ""occur"" for this sentence.",what_kind_of_weather_could_occur_when_is_raining_and_below_freezing_targ_05_C.wav,target,non_phon_err,expletive 'it' dropping,/ʊ/ --> /u/; could/cooed,,,,,,
3,0a7e93c8a9fef5f45f7261c9d427e62ccec3132846a5cc1a248083a62df4c256,"The question does NOT need any corrections, but I don't know the answer/ I don't understand what the question is asking.",how_many_legs_does_a_garden_spider_canadian_whose_silk_can_make_clot_have_targ_06_D.wav,target,both_err,adj/noun order,/θ/ --> /t/; cloth/clot,nun,,,,,FB_1108
3,0a7e93c8a9fef5f45f7261c9d427e62ccec3132846a5cc1a248083a62df4c256,NA,how_many_legs_does_a_garden_spider_canadian_whose_silk_can_make_clot_have_targ_06_D.wav,target,both_err,adj/noun order,/θ/ --> /t/; cloth/clot,,,,,,
3,0a7e93c8a9fef5f45f7261c9d427e62ccec3132846a5cc1a248083a62df4c256,The question does NOT need any corrections.,what_childrens_game_makes_people_sit_down_quickly_when_the_loud_music_stops_targ_07_A.wav,target,correct,adj/noun order,/ɪ/ --> /i/; sit/seat,nans,,,,,FB_1108
3,0a7e93c8a9fef5f45f7261c9d427e62ccec3132846a5cc1a248083a62df4c256,Ring Around the Rosie.,what_childrens_game_makes_people_sit_down_quickly_when_the_loud_music_stops_targ_07_A.wav,target,correct,adj/noun order,/ɪ/ --> /i/; sit/seat,,,,,,
3,0a7e93c8a9fef5f45f7261c9d427e62ccec3132846a5cc1a248083a62df4c256,The question needs to be CORRECTED.,because_it_is_important_to_honor_the_iris_saint_what_holiday_occurs_on_march_17th_targ_08_B.wav,target,phon_err,expletive 'it' dropping,/ʃ/ --> /s/; Irish/iris,y,,p,,,FB_1108
3,0a7e93c8a9fef5f45f7261c9d427e62ccec3132846a5cc1a248083a62df4c256,"The answer to the trivia question is Saint Patrick's Day. The speaker makes a pronouncation error for this question stating, ""Iris"" instead of ""Irish"",",because_it_is_important_to_honor_the_iris_saint_what_holiday_occurs_on_march_17th_targ_08_B.wav,target,phon_err,expletive 'it' dropping,/ʃ/ --> /s/; Irish/iris,,,,,,
3,0a7e93c8a9fef5f45f7261c9d427e62ccec3132846a5cc1a248083a62df4c256,The question does NOT need any corrections.,if_laundry_service_will_come_in_five_days_and_todays_thursday_when_are_they_making_laundry_next_targ_09_C.wav,target,non_phon_err,make vs. other verb,/k/ --> /g/; come/gum,nans,,,,,FB_1108
3,0a7e93c8a9fef5f45f7261c9d427e62ccec3132846a5cc1a248083a62df4c256,The answer is Tuesday.,if_laundry_service_will_come_in_five_days_and_todays_thursday_when_are_they_making_laundry_next_targ_09_C.wav,target,non_phon_err,make vs. other verb,/k/ --> /g/; come/gum,,,,,,
3,0a7e93c8a9fef5f45f7261c9d427e62ccec3132846a5cc1a248083a62df4c256,The question needs to be CORRECTED.,who_did_americans_boat_for_to_be_their_first_president_who_avoided_to_serve_three_terms_targ_10_D.wav,target,both_err,infinitive vs. participle,/v/ --> /b/; vote/boat,y,,np?,,,FB_1108
3,0a7e93c8a9fef5f45f7261c9d427e62ccec3132846a5cc1a248083a62df4c256,"The answer is FDR or Franklin Delenore Roosevelt. I am still not sure exactly what word in place of ""avoided"" they were trying to say here.",who_did_americans_boat_for_to_be_their_first_president_who_avoided_to_serve_three_terms_targ_10_D.wav,target,both_err,infinitive vs. participle,/v/ --> /b/; vote/boat,,,,,,
3,0a7e93c8a9fef5f45f7261c9d427e62ccec3132846a5cc1a248083a62df4c256,The question does NOT need any corrections.,what_colors_can_be_on_a_traffic_light_which_often_senses_when_cars_pull_up_targ_11_A.wav,target,correct,have vs. be,/ʊ/ --> /u/; pulls/pools,nans,,,,,FB_1108
3,0a7e93c8a9fef5f45f7261c9d427e62ccec3132846a5cc1a248083a62df4c256,"The answer is yellow, red and green.",what_colors_can_be_on_a_traffic_light_which_often_senses_when_cars_pull_up_targ_11_A.wav,target,correct,have vs. be,/ʊ/ --> /u/; pulls/pools,,,,,,
3,0a7e93c8a9fef5f45f7261c9d427e62ccec3132846a5cc1a248083a62df4c256,The question needs to be CORRECTED.,if_youre_on_a_pat_from_california_to_hawaii_which_ocean_do_you_go_through_targ_12_B.wav,target,phon_err,no aux verbs in questions (lack of do support),/θ/ --> /t/; path/pat,y,,p,,,FB_1108
3,0a7e93c8a9fef5f45f7261c9d427e62ccec3132846a5cc1a248083a62df4c256,"The speaker says what sound like ""pad"", instead of the word ""path"". The correct answer is the Atlantic.",if_youre_on_a_pat_from_california_to_hawaii_which_ocean_do_you_go_through_targ_12_B.wav,target,phon_err,no aux verbs in questions (lack of do support),/θ/ --> /t/; path/pat,,,,,,
3,0a7e93c8a9fef5f45f7261c9d427e62ccec3132846a5cc1a248083a62df4c256,The question needs to be CORRECTED.,what_supplies_you_need_to_knit_a_scarf_targ_13_C.wav,target,non_phon_err,no aux verbs in questions (lack of do support),/ɪ/ --> /i/; knit/neat,y,,otherp,,,FB_1108
3,0a7e93c8a9fef5f45f7261c9d427e62ccec3132846a5cc1a248083a62df4c256,"The answer is a needle and yarn or thread. The speaker ""need"" instead of ""knit"".",what_supplies_you_need_to_knit_a_scarf_targ_13_C.wav,target,non_phon_err,no aux verbs in questions (lack of do support),/ɪ/ --> /i/; knit/neat,,,,,,
3,0a7e93c8a9fef5f45f7261c9d427e62ccec3132846a5cc1a248083a62df4c256,"The question does NOT need any corrections, but I don't know the answer/ I don't understand what the question is asking.",what_city_have_people_rust_to_tour_to_see_where_the_us_government_makes_business_targ_14_D.wav,target,both_err,make vs. other verb,/ʃ/ --> /s/; rushed/rust,nun,,,,,FB_1108
3,0a7e93c8a9fef5f45f7261c9d427e62ccec3132846a5cc1a248083a62df4c256,NA,what_city_have_people_rust_to_tour_to_see_where_the_us_government_makes_business_targ_14_D.wav,target,both_err,make vs. other verb,/ʃ/ --> /s/; rushed/rust,,,,,,
3,0a7e93c8a9fef5f45f7261c9d427e62ccec3132846a5cc1a248083a62df4c256,The question needs to be CORRECTED.,what_colors_make_up_a_traditional_candy_cane_which_people_enjoy_eating_during_christmas_targ_15_A.wav,target,correct,infinitive vs. participle,/k/ --> /g/; cane/gain,y,,otherp,,,FB_1108
3,0a7e93c8a9fef5f45f7261c9d427e62ccec3132846a5cc1a248083a62df4c256,"The speaker says what sounds like ""Taditional"", instead of ""traditional"". The answer is red and white.",what_colors_make_up_a_traditional_candy_cane_which_people_enjoy_eating_during_christmas_targ_15_A.wav,target,correct,infinitive vs. participle,/k/ --> /g/; cane/gain,,,,,,
3,0a7e93c8a9fef5f45f7261c9d427e62ccec3132846a5cc1a248083a62df4c256,The question needs to be CORRECTED.,where_do_people_get_drivers_licenses_since_it_is_required_as_ballad_id_to_drive_targ_16_B.wav,target,phon_err,expletive 'it' dropping,/v/ --> /b/; valid/ballad,y,,p,,,FB_1108
3,0a7e93c8a9fef5f45f7261c9d427e62ccec3132846a5cc1a248083a62df4c256,"The answer is the DMV. The speaker says ""ballad"" instead of ""valid"".",where_do_people_get_drivers_licenses_since_it_is_required_as_ballad_id_to_drive_targ_16_B.wav,target,phon_err,expletive 'it' dropping,/v/ --> /b/; valid/ballad,,,,,,
3,0a7e93c8a9fef5f45f7261c9d427e62ccec3132846a5cc1a248083a62df4c256,The question needs to be CORRECTED.,how_many_days_would_my_bike_tandem_be_gone_if_someone_borrows_it_for_july_targ_17_C.wav,target,non_phon_err,adj/noun order,/ʊ/ --> /u/; would/wooed,y,,otherp,,,FB_1108
3,0a7e93c8a9fef5f45f7261c9d427e62ccec3132846a5cc1a248083a62df4c256,"The speaker says ""Yuly"", instead of ""July"" for the month. The correct answer is thirty-one.",how_many_days_would_my_bike_tandem_be_gone_if_someone_borrows_it_for_july_targ_17_C.wav,target,non_phon_err,adj/noun order,/ʊ/ --> /u/; would/wooed,,,,,,
3,0a7e93c8a9fef5f45f7261c9d427e62ccec3132846a5cc1a248083a62df4c256,The question needs to be CORRECTED.,when_you_have_hot_what_device_measures_body_temperature_in_boat_celsius_and_fahrenheit_targ_18_D.wav,target,both_err,have vs. be,/θ/ --> /t/; both/boat,y,,np,,,FB_1108
3,0a7e93c8a9fef5f45f7261c9d427e62ccec3132846a5cc1a248083a62df4c256,"The speaker says when you have ""hot"" istead of ""When you are hot"" or ""When you have a fever"". The answer is thermometer.",when_you_have_hot_what_device_measures_body_temperature_in_boat_celsius_and_fahrenheit_targ_18_D.wav,target,both_err,have vs. be,/θ/ --> /t/; both/boat,,,,,,
3,0a7e93c8a9fef5f45f7261c9d427e62ccec3132846a5cc1a248083a62df4c256,The question does NOT need any corrections.,what_big_star_in_our_solar_system_can_still_be_visible_when_it_is_cloudy_targ_19_A.wav,target,correct,expletive 'it' dropping,/ɪ/ --> /i/; still/steal,nans,,,,,FB_1108
3,0a7e93c8a9fef5f45f7261c9d427e62ccec3132846a5cc1a248083a62df4c256,Sun,what_big_star_in_our_solar_system_can_still_be_visible_when_it_is_cloudy_targ_19_A.wav,target,correct,expletive 'it' dropping,/ɪ/ --> /i/; still/steal,,,,,,
3,0a7e93c8a9fef5f45f7261c9d427e62ccec3132846a5cc1a248083a62df4c256,The question needs to be CORRECTED.,what_popular_us_chain_provides_a_happy_meal_toy_or_plus_when_kids_are_hungry_targ_20_B.wav,target,phon_err,have vs. be,/ʃ/ --> /s/; plush/plus,y,,p,,,FB_1108
3,0a7e93c8a9fef5f45f7261c9d427e62ccec3132846a5cc1a248083a62df4c256,"The answer is McDonalds. The speaker says ""plus"" or what sounds like it, instead of ""plush"".",what_popular_us_chain_provides_a_happy_meal_toy_or_plus_when_kids_are_hungry_targ_20_B.wav,target,phon_err,have vs. be,/ʃ/ --> /s/; plush/plus,,,,,,
3,0a7e93c8a9fef5f45f7261c9d427e62ccec3132846a5cc1a248083a62df4c256,"The question does NOT need any corrections, but I don't know the answer/ I don't understand what the question is asking.",in_the_lion_king_who_nala_talk_to_and_is_laying_in_a_cot_after_theyve_reunited_targ_21_C.wav,target,non_phon_err,no aux verbs in questions (lack of do support),/k/ --> /g/; cot/got,nun,,,,,FB_1108
3,0a7e93c8a9fef5f45f7261c9d427e62ccec3132846a5cc1a248083a62df4c256,NA,in_the_lion_king_who_nala_talk_to_and_is_laying_in_a_cot_after_theyve_reunited_targ_21_C.wav,target,non_phon_err,no aux verbs in questions (lack of do support),/k/ --> /g/; cot/got,,,,,,
3,0a7e93c8a9fef5f45f7261c9d427e62ccec3132846a5cc1a248083a62df4c256,The question needs to be CORRECTED.,if_a_janitor_hardworking_cleaned_a_bent_in_five_minutes_how_many_seconds_is_that_targ_22_D.wav,target,both_err,adj/noun order,/v/ --> /b/; vent/bent,y,,other,,seems to have misheard the question and the correction doesn't address the intended error,FB_1108
3,0a7e93c8a9fef5f45f7261c9d427e62ccec3132846a5cc1a248083a62df4c256,"The speaker said ""had working"" instead of had been working. The answer is 300 seconds.",if_a_janitor_hardworking_cleaned_a_bent_in_five_minutes_how_many_seconds_is_that_targ_22_D.wav,target,both_err,adj/noun order,/v/ --> /b/; vent/bent,,,,,,
3,0a7e93c8a9fef5f45f7261c9d427e62ccec3132846a5cc1a248083a62df4c256,The question does NOT need any corrections.,what_company_created_the_macbook_a_device_full_of_features_to_help_students_do_homework_targ_23_A.wav,target,correct,make vs. other verb,/ʊ/ --> /u/; full/fool,nans,,,,,FB_1108
3,0a7e93c8a9fef5f45f7261c9d427e62ccec3132846a5cc1a248083a62df4c256,The answer to the triva question is Apple.,what_company_created_the_macbook_a_device_full_of_features_to_help_students_do_homework_targ_23_A.wav,target,correct,make vs. other verb,/ʊ/ --> /u/; full/fool,,,,,,
3,0a7e93c8a9fef5f45f7261c9d427e62ccec3132846a5cc1a248083a62df4c256,The question needs to be CORRECTED.,if_i_consider_leaving_work_after_the_fort_hour_how_many_minutes_would_that_be_targ_24_B.wav,target,phon_err,infinitive vs. participle,/θ/ --> /t/; fourth/fort,y,,p,,,FB_1108
3,0a7e93c8a9fef5f45f7261c9d427e62ccec3132846a5cc1a248083a62df4c256,"The speaker makes a pronouncation error saying ""fort"" hour, instead of ""forth"". The answer is two-hundred and forty minutes.",if_i_consider_leaving_work_after_the_fort_hour_how_many_minutes_would_that_be_targ_24_B.wav,target,phon_err,infinitive vs. participle,/θ/ --> /t/; fourth/fort,,,,,,
3,0a7e93c8a9fef5f45f7261c9d427e62ccec3132846a5cc1a248083a62df4c256,The question does NOT need any corrections.,what_letter_in_the_latin_alphabet_corresponds_to_the_greek_letter_alpha_fill_01.wav,filler_other,NA,NA,NA,nans,,,,,FB_1108
3,0a7e93c8a9fef5f45f7261c9d427e62ccec3132846a5cc1a248083a62df4c256,The correct letter is A or the first letter.,what_letter_in_the_latin_alphabet_corresponds_to_the_greek_letter_alpha_fill_01.wav,filler_other,NA,NA,NA,,,,,,
3,0a7e93c8a9fef5f45f7261c9d427e62ccec3132846a5cc1a248083a62df4c256,The question does NOT need any corrections.,what_organ_is_often_associated_with_being_eaten_by_rotting_flesh_monsters_also_known_as_zombies_fill_02.wav,filler_other,NA,NA,NA,nans,,,,,FB_1108
3,0a7e93c8a9fef5f45f7261c9d427e62ccec3132846a5cc1a248083a62df4c256,The answer is the brain.,what_organ_is_often_associated_with_being_eaten_by_rotting_flesh_monsters_also_known_as_zombies_fill_02.wav,filler_other,NA,NA,NA,,,,,,
3,0a7e93c8a9fef5f45f7261c9d427e62ccec3132846a5cc1a248083a62df4c256,The question needs to be CORRECTED.,which_british_celebrity_judge_often_harshly_critiqued_contestants_on_the_nationwide_singing_contest_american_idol_fill_03.wav,filler_other,NA,NA,NA,y,,otherp,,,FB_1108
3,0a7e93c8a9fef5f45f7261c9d427e62ccec3132846a5cc1a248083a62df4c256,"The speaker makes a pronouncation error that sounds like ""critik"" instead of ""creteck"". The answer is Simon Powel.",which_british_celebrity_judge_often_harshly_critiqued_contestants_on_the_nationwide_singing_contest_american_idol_fill_03.wav,filler_other,NA,NA,NA,,,,,,
3,0a7e93c8a9fef5f45f7261c9d427e62ccec3132846a5cc1a248083a62df4c256,The question needs to be CORRECTED.,which_cartoon_character_works_at_the_krusty_krab_and_is_best_friends_with_patrick_star_fill_04.wav,filler_other,NA,NA,NA,y,,otherp,,,FB_1108
3,0a7e93c8a9fef5f45f7261c9d427e62ccec3132846a5cc1a248083a62df4c256,"The answer is Spongebob Squarepants. The speaker makes a pronouncation issue with the word ""cartoon"" saying what sounds like ""carton"".",which_cartoon_character_works_at_the_krusty_krab_and_is_best_friends_with_patrick_star_fill_04.wav,filler_other,NA,NA,NA,,,,,,
3,0a7e93c8a9fef5f45f7261c9d427e62ccec3132846a5cc1a248083a62df4c256,The question does NOT need any corrections.,which_body_part_did_van_gogh_allegedly_cut_off_after_an_argument_with_his_friend_fill_05.wav,filler_other,NA,NA,NA,nans,,,,,FB_1108
3,0a7e93c8a9fef5f45f7261c9d427e62ccec3132846a5cc1a248083a62df4c256,His ear.,which_body_part_did_van_gogh_allegedly_cut_off_after_an_argument_with_his_friend_fill_05.wav,filler_other,NA,NA,NA,,,,,,
3,0a7e93c8a9fef5f45f7261c9d427e62ccec3132846a5cc1a248083a62df4c256,The question does NOT need any corrections.,what_is_the_name_of_the_comic_strip_featuring_charlie_brown_and_his_dog_snoopy_fill_06.wav,filler_other,NA,NA,NA,nans,,,,,FB_1108
3,0a7e93c8a9fef5f45f7261c9d427e62ccec3132846a5cc1a248083a62df4c256,Peanuts,what_is_the_name_of_the_comic_strip_featuring_charlie_brown_and_his_dog_snoopy_fill_06.wav,filler_other,NA,NA,NA,,,,,,
3,0a7e93c8a9fef5f45f7261c9d427e62ccec3132846a5cc1a248083a62df4c256,The question needs to be CORRECTED.,what_holiday_occurs_at_the_end_of_october_and_features_trick-or-treating_pumpkins_and_haunted_houses_fill_07.wav,filler_other,NA,NA,NA,y,,otherp,,,FB_1108
3,0a7e93c8a9fef5f45f7261c9d427e62ccec3132846a5cc1a248083a62df4c256,"The answer is Holloween. The speaker makes a pronouncation error saying, ""occurs"" incorrectly, it sounded like ""Acures"", when speaking about the end of October.",what_holiday_occurs_at_the_end_of_october_and_features_trick-or-treating_pumpkins_and_haunted_houses_fill_07.wav,filler_other,NA,NA,NA,,,,,,
3,0a7e93c8a9fef5f45f7261c9d427e62ccec3132846a5cc1a248083a62df4c256,The question needs to be CORRECTED.,what_is_the_name_of_the_video_game_character_who_is_a_traveling_italian_plumber_fill_08.wav,filler_other,NA,NA,NA,y,,otherp,,,FB_1108
3,0a7e93c8a9fef5f45f7261c9d427e62ccec3132846a5cc1a248083a62df4c256,"The answer is Mario. The speaker makes a pronouncation error stating: ""bedio"" or what sound like something like that instead of ""video"", when making reference to video game.",what_is_the_name_of_the_video_game_character_who_is_a_traveling_italian_plumber_fill_08.wav,filler_other,NA,NA,NA,,,,,,
3,0a7e93c8a9fef5f45f7261c9d427e62ccec3132846a5cc1a248083a62df4c256,The question does NOT need any corrections.,what_kind_of_animal_is_mickey_mouse’s_girlfriend_minnie_who_wears_a_bow_fill_09.wav,filler_other,NA,NA,NA,nans,,,,,FB_1108
3,0a7e93c8a9fef5f45f7261c9d427e62ccec3132846a5cc1a248083a62df4c256,Mouse,what_kind_of_animal_is_mickey_mouse’s_girlfriend_minnie_who_wears_a_bow_fill_09.wav,filler_other,NA,NA,NA,,,,,,
3,0a7e93c8a9fef5f45f7261c9d427e62ccec3132846a5cc1a248083a62df4c256,The question needs to be CORRECTED.,which_cartoon_dog_solves_mysteries_with_the_group_fred_daphne_velma_and_shaggy_fill_10.wav,filler_other,NA,NA,NA,y,,otherp,,,FB_1108
3,0a7e93c8a9fef5f45f7261c9d427e62ccec3132846a5cc1a248083a62df4c256,"The answer is Scooby Doo. The speaker pronounces cartoon like ""carton"".",which_cartoon_dog_solves_mysteries_with_the_group_fred_daphne_velma_and_shaggy_fill_10.wav,filler_other,NA,NA,NA,,,,,,
3,0a7e93c8a9fef5f45f7261c9d427e62ccec3132846a5cc1a248083a62df4c256,The question needs to be CORRECTED.,which_fast_food_chain_offers_foot-long_sandwiches_and_has_the_slogan_eat_fresh_fill_11.wav,filler_other,NA,NA,NA,y,,otherp,,,FB_1108
3,0a7e93c8a9fef5f45f7261c9d427e62ccec3132846a5cc1a248083a62df4c256,"The answer to the question in Submay. The speaker says ""logan"" instead of ""slogan"". It also sounds like ""footlong"" is misprounced, though I am not sure.",which_fast_food_chain_offers_foot-long_sandwiches_and_has_the_slogan_eat_fresh_fill_11.wav,filler_other,NA,NA,NA,,,,,,
3,0a7e93c8a9fef5f45f7261c9d427e62ccec3132846a5cc1a248083a62df4c256,The question does NOT need any corrections.,which_oscar-winning_movie_features_tom_hanks_saying_life_is_like_a_box_of_chocolates_fill_12.wav,filler_other,NA,NA,NA,nans,,,,,FB_1108
3,0a7e93c8a9fef5f45f7261c9d427e62ccec3132846a5cc1a248083a62df4c256,Forest Gump.,which_oscar-winning_movie_features_tom_hanks_saying_life_is_like_a_box_of_chocolates_fill_12.wav,filler_other,NA,NA,NA,,,,,,
3,0a7e93c8a9fef5f45f7261c9d427e62ccec3132846a5cc1a248083a62df4c256,The question needs to be CORRECTED.,what_novel_has_the_quote_i’m_late_i’m_late_for_a_very_important_date_fill_13.wav,filler_other,NA,NA,NA,y,,otherp,,,FB_1108
3,0a7e93c8a9fef5f45f7261c9d427e62ccec3132846a5cc1a248083a62df4c256,"The answer is ""Alice in Wonderland"" and deals with the rabbit. The speaker has a pronouncation error where they say what sounds like ""Noval"" as opposed to ""Novel"".",what_novel_has_the_quote_i’m_late_i’m_late_for_a_very_important_date_fill_13.wav,filler_other,NA,NA,NA,,,,,,
3,0a7e93c8a9fef5f45f7261c9d427e62ccec3132846a5cc1a248083a62df4c256,The question needs to be CORRECTED.,what_mythical_creatures_have_been_said_to_drink_blood_turn_into_bats_and_hate_onions_fill_14.wav,filler_other,NA,NA,NA,y,,other,,otherp and othernp,FB_1108
3,0a7e93c8a9fef5f45f7261c9d427e62ccec3132846a5cc1a248083a62df4c256,"The answer is vampires. The speeaker makes two errors, saying 'hat"" or ""heat"" instead of ""hate"", when refering to onions. They also make a second error saying ""turned"" into bats instead of ""turn"".",what_mythical_creatures_have_been_said_to_drink_blood_turn_into_bats_and_hate_onions_fill_14.wav,filler_other,NA,NA,NA,,,,,,
3,0a7e93c8a9fef5f45f7261c9d427e62ccec3132846a5cc1a248083a62df4c256,The question needs to be CORRECTED.,who_discovered_the_law_of_universal_gravitation_which_accounts_for_why_objects_naturally_fall_downwards_fill_15.wav,filler_other,NA,NA,NA,y,,otherp,,,FB_1108
3,0a7e93c8a9fef5f45f7261c9d427e62ccec3132846a5cc1a248083a62df4c256,"The answer is Sir Issic Newton. The speaker makes a prouncation error saying the word ""low"" instead of ""law"" here.",who_discovered_the_law_of_universal_gravitation_which_accounts_for_why_objects_naturally_fall_downwards_fill_15.wav,filler_other,NA,NA,NA,,,,,,
3,0a7e93c8a9fef5f45f7261c9d427e62ccec3132846a5cc1a248083a62df4c256,The question does NOT need any corrections.,which_soft_pastry_made_with_a_certain_spice_is_often_spiral-shaped_and_topped_with_icing_fill_16.wav,filler_other,NA,NA,NA,nans,,,,,FB_1108
3,0a7e93c8a9fef5f45f7261c9d427e62ccec3132846a5cc1a248083a62df4c256,The answer to the trivia question is Cinnom Roll.,which_soft_pastry_made_with_a_certain_spice_is_often_spiral-shaped_and_topped_with_icing_fill_16.wav,filler_other,NA,NA,NA,,,,,,
3,0a7e93c8a9fef5f45f7261c9d427e62ccec3132846a5cc1a248083a62df4c256,The question needs to be CORRECTED.,what_us_holiday_is_often_celebrated_with_fireworks_and_hotdogs_to_honor_americas_freedom_fill_17.wav,filler_other,NA,NA,NA,y,,otherp,,,FB_1108
3,0a7e93c8a9fef5f45f7261c9d427e62ccec3132846a5cc1a248083a62df4c256,"The answer is Independence day. The speaker makes a pronouncation error here saying what sounds similar to ""hutdogs"" instead of ""hotdogs"".",what_us_holiday_is_often_celebrated_with_fireworks_and_hotdogs_to_honor_americas_freedom_fill_17.wav,filler_other,NA,NA,NA,,,,,,
3,0a7e93c8a9fef5f45f7261c9d427e62ccec3132846a5cc1a248083a62df4c256,The question does NOT need any corrections.,which_tropical_fruit_that_grows_on_palm_trees_is_used_for_oils_and_milks_fill_18.wav,filler_other,NA,NA,NA,nans,,,,,FB_1108
3,0a7e93c8a9fef5f45f7261c9d427e62ccec3132846a5cc1a248083a62df4c256,The answer to the trivia question is Coconut. It is used for oil and milk and is a tropical fruit.,which_tropical_fruit_that_grows_on_palm_trees_is_used_for_oils_and_milks_fill_18.wav,filler_other,NA,NA,NA,,,,,,
3,0a7e93c8a9fef5f45f7261c9d427e62ccec3132846a5cc1a248083a62df4c256,The question needs to be CORRECTED.,which_season_do_we_associate_with_thanksgiving_the_beginning_of_school_and_leaves_turning_brown_fill_19.wav,filler_other,NA,NA,NA,y,,otherp,,,FB_1108
3,0a7e93c8a9fef5f45f7261c9d427e62ccec3132846a5cc1a248083a62df4c256,"The correct season is Fall. The speaker says what sounds like ""session"" instead of ""Season"".",which_season_do_we_associate_with_thanksgiving_the_beginning_of_school_and_leaves_turning_brown_fill_19.wav,filler_other,NA,NA,NA,,,,,,
3,0a7e93c8a9fef5f45f7261c9d427e62ccec3132846a5cc1a248083a62df4c256,The question does NOT need any corrections.,what_musician_won_grammys_for_their_album_thriller_which_features_the_hit_song_beat_it_fill_20.wav,filler_other,NA,NA,NA,nans,,,,,FB_1108
3,0a7e93c8a9fef5f45f7261c9d427e62ccec3132846a5cc1a248083a62df4c256,Micheal Jackson,what_musician_won_grammys_for_their_album_thriller_which_features_the_hit_song_beat_it_fill_20.wav,filler_other,NA,NA,NA,,,,,,
3,0a7e93c8a9fef5f45f7261c9d427e62ccec3132846a5cc1a248083a62df4c256,The question does NOT need any corrections.,what_animal_is_typically_white_with_black_spots_and_says_moo_fill_21.wav,filler_other,NA,NA,NA,nans,,,,,FB_1108
3,0a7e93c8a9fef5f45f7261c9d427e62ccec3132846a5cc1a248083a62df4c256,A cow.,what_animal_is_typically_white_with_black_spots_and_says_moo_fill_21.wav,filler_other,NA,NA,NA,,,,,,
3,0a7e93c8a9fef5f45f7261c9d427e62ccec3132846a5cc1a248083a62df4c256,The question needs to be CORRECTED.,where_do_the_jolly_christmas_icons_santa_claus_and_his_wife_mrs._claus_live_fill_22.wav,filler_other,NA,NA,NA,y,,otherp,,,FB_1108
3,0a7e93c8a9fef5f45f7261c9d427e62ccec3132846a5cc1a248083a62df4c256,"They live at the North Pole. The speaker pronounces the word ""icons"" like ""icans"".",where_do_the_jolly_christmas_icons_santa_claus_and_his_wife_mrs._claus_live_fill_22.wav,filler_other,NA,NA,NA,,,,,,
3,0a7e93c8a9fef5f45f7261c9d427e62ccec3132846a5cc1a248083a62df4c256,The question needs to be CORRECTED.,in_the_famous_dr_seuss_book_what_orange_and_yellow_character_speaks_for_the_trees_fill_23.wav,filler_other,NA,NA,NA,y,,otherp,,,FB_1108
3,0a7e93c8a9fef5f45f7261c9d427e62ccec3132846a5cc1a248083a62df4c256,"The speaker pronounces the word ""yellow"" as ""jellow"". The yellow character is the Lerix.",in_the_famous_dr_seuss_book_what_orange_and_yellow_character_speaks_for_the_trees_fill_23.wav,filler_other,NA,NA,NA,,,,,,
3,0a7e93c8a9fef5f45f7261c9d427e62ccec3132846a5cc1a248083a62df4c256,The question needs to be CORRECTED.,in_what_country_would_you_find_landmarks_like_the_pyramids_of_giza_and_great_sphinx_fill_24.wav,filler_other,NA,NA,NA,y,,otherp,,,FB_1108
3,0a7e93c8a9fef5f45f7261c9d427e62ccec3132846a5cc1a248083a62df4c256,"Egypt is the answer. The speaker says ""Finx"" instead of ""Sphyinx"", so there is a pronouncation error.",in_what_country_would_you_find_landmarks_like_the_pyramids_of_giza_and_great_sphinx_fill_24.wav,filler_other,NA,NA,NA,,,,,,
4,1050ff51dd23dd08b1ea5ff356372665b1a0c04cec0b4147e2b40cc4410fca74,The question does NOT need any corrections.,how_many_legs_does_a_dog_normally_have_fill_25.wav,att_check_good,NA,NA,NA,nans,,,a,,FB_1108
4,1050ff51dd23dd08b1ea5ff356372665b1a0c04cec0b4147e2b40cc4410fca74,4,how_many_legs_does_a_dog_normally_have_fill_25.wav,att_check_good,NA,NA,NA,,,,,,
4,1050ff51dd23dd08b1ea5ff356372665b1a0c04cec0b4147e2b40cc4410fca74,The question does NOT need any corrections.,what_state_is_los_angeles_located_in_fill_26.wav,att_check_good,NA,NA,NA,nans,,,a,,FB_1108
4,1050ff51dd23dd08b1ea5ff356372665b1a0c04cec0b4147e2b40cc4410fca74,California,what_state_is_los_angeles_located_in_fill_26.wav,att_check_good,NA,NA,NA,,,,,,
4,1050ff51dd23dd08b1ea5ff356372665b1a0c04cec0b4147e2b40cc4410fca74,The question does NOT need any corrections.,what_day_of_the_week_comes_after_monday_fill_27.wav,att_check_good,NA,NA,NA,nans,,,a,,FB_1108
4,1050ff51dd23dd08b1ea5ff356372665b1a0c04cec0b4147e2b40cc4410fca74,Tuesday,what_day_of_the_week_comes_after_monday_fill_27.wav,att_check_good,NA,NA,NA,,,,,,
4,1050ff51dd23dd08b1ea5ff356372665b1a0c04cec0b4147e2b40cc4410fca74,The question does NOT need any corrections.,what_color_is_a_typical_school_bus_fill_28.wav,att_check_good,NA,NA,NA,nans,,,a,,FB_1108
4,1050ff51dd23dd08b1ea5ff356372665b1a0c04cec0b4147e2b40cc4410fca74,yellow,what_color_is_a_typical_school_bus_fill_28.wav,att_check_good,NA,NA,NA,,,,,,
4,1050ff51dd23dd08b1ea5ff356372665b1a0c04cec0b4147e2b40cc4410fca74,The question needs to be CORRECTED.,in_the_cycle_of_seasons_what_season_comes_after_dinter_fill_29.wav,att_check_err,NA,NA,NA,y,,acheckp,,,FB_1108
4,1050ff51dd23dd08b1ea5ff356372665b1a0c04cec0b4147e2b40cc4410fca74,"Says ""dinter"" not winter. Spring",in_the_cycle_of_seasons_what_season_comes_after_dinter_fill_29.wav,att_check_err,NA,NA,NA,,,,,,
4,1050ff51dd23dd08b1ea5ff356372665b1a0c04cec0b4147e2b40cc4410fca74,The question does NOT need any corrections.,what_insect_undergoes_a_process_of_change_to_turn_into_a_butterfy_fill_30.wav,att_check_err,NA,NA,NA,nans,,acheckf,,,FB_1108
4,1050ff51dd23dd08b1ea5ff356372665b1a0c04cec0b4147e2b40cc4410fca74,Caterpillar,what_insect_undergoes_a_process_of_change_to_turn_into_a_butterfy_fill_30.wav,att_check_err,NA,NA,NA,,,,,,
4,1050ff51dd23dd08b1ea5ff356372665b1a0c04cec0b4147e2b40cc4410fca74,The question needs to be CORRECTED.,what_is_the_largest_plant_in_the_solar_system_fill_31.wav,att_check_err,NA,NA,NA,y,,acheckp,,,FB_1108
4,1050ff51dd23dd08b1ea5ff356372665b1a0c04cec0b4147e2b40cc4410fca74,planet. not plant. jupiter,what_is_the_largest_plant_in_the_solar_system_fill_31.wav,att_check_err,NA,NA,NA,,,,,,
4,1050ff51dd23dd08b1ea5ff356372665b1a0c04cec0b4147e2b40cc4410fca74,The question needs to be CORRECTED.,how_many_embers_were_in_the_beatles_the_british_rock_band_fill_32.wav,att_check_err,NA,NA,NA,y,,acheckp,,,FB_1108
4,1050ff51dd23dd08b1ea5ff356372665b1a0c04cec0b4147e2b40cc4410fca74,says embers not members. the answer is 4,how_many_embers_were_in_the_beatles_the_british_rock_band_fill_32.wav,att_check_err,NA,NA,NA,,,,,,
4,1050ff51dd23dd08b1ea5ff356372665b1a0c04cec0b4147e2b40cc4410fca74,The question needs to be CORRECTED.,for_what_pink_ice_cream_flavor_will_companies_make_their_best_to_use_real_fruit_targ_01_C.wav,target,non_phon_err,make vs. other verb,/ɪ/ --> /i/; will/wheel,y,,np,,,FB_1108
4,1050ff51dd23dd08b1ea5ff356372665b1a0c04cec0b4147e2b40cc4410fca74,make thier best to use real fruit is not a proper sentence. strawberry,for_what_pink_ice_cream_flavor_will_companies_make_their_best_to_use_real_fruit_targ_01_C.wav,target,non_phon_err,make vs. other verb,/ɪ/ --> /i/; will/wheel,,,,,,
4,1050ff51dd23dd08b1ea5ff356372665b1a0c04cec0b4147e2b40cc4410fca74,The question needs to be CORRECTED.,what_term_refers_to_armored_men_who_enjoyed_to_carry_medieval_swords_that_class_in_combat_targ_02_D.wav,target,both_err,infinitive vs. participle,/ʃ/ --> /s/; clash/class,y,,other,,selected wrong answer choice - didn't understand question and no error was specified,FB_1108
4,1050ff51dd23dd08b1ea5ff356372665b1a0c04cec0b4147e2b40cc4410fca74,I have no clue what she is saying,what_term_refers_to_armored_men_who_enjoyed_to_carry_medieval_swords_that_class_in_combat_targ_02_D.wav,target,both_err,infinitive vs. participle,/ʃ/ --> /s/; clash/class,,,,,,
4,1050ff51dd23dd08b1ea5ff356372665b1a0c04cec0b4147e2b40cc4410fca74,The question does NOT need any corrections.,which_scottish_actor_first_played_james_bond_wearing_kilts_to_red_carpets_when_he_was_32_years_old_targ_03_A.wav,target,correct,have vs. be,/k/ --> /g/; kilt/guilt,nans,,,,,FB_1108
4,1050ff51dd23dd08b1ea5ff356372665b1a0c04cec0b4147e2b40cc4410fca74,pierce brosnen,which_scottish_actor_first_played_james_bond_wearing_kilts_to_red_carpets_when_he_was_32_years_old_targ_03_A.wav,target,correct,have vs. be,/k/ --> /g/; kilt/guilt,,,,,,
4,1050ff51dd23dd08b1ea5ff356372665b1a0c04cec0b4147e2b40cc4410fca74,The question does NOT need any corrections.,what_did_neil_armstrong_say_during_his_berry_first_steps_on_the_moon_targ_04_B.wav,target,phon_err,no aux verbs in questions (lack of do support),/v/ --> /b/; very/berry,nans,,,,,FB_1108
4,1050ff51dd23dd08b1ea5ff356372665b1a0c04cec0b4147e2b40cc4410fca74,one step for man one leap for mankind,what_did_neil_armstrong_say_during_his_berry_first_steps_on_the_moon_targ_04_B.wav,target,phon_err,no aux verbs in questions (lack of do support),/v/ --> /b/; very/berry,,,,,,
4,1050ff51dd23dd08b1ea5ff356372665b1a0c04cec0b4147e2b40cc4410fca74,"The question does NOT need any corrections, but I don't know the answer/ I don't understand what the question is asking.",what_kind_of_weather_could_occur_when_is_raining_and_below_freezing_targ_05_C.wav,target,non_phon_err,expletive 'it' dropping,/ʊ/ --> /u/; could/cooed,nun,,,,,FB_1108
4,1050ff51dd23dd08b1ea5ff356372665b1a0c04cec0b4147e2b40cc4410fca74,NA,what_kind_of_weather_could_occur_when_is_raining_and_below_freezing_targ_05_C.wav,target,non_phon_err,expletive 'it' dropping,/ʊ/ --> /u/; could/cooed,,,,,,
4,1050ff51dd23dd08b1ea5ff356372665b1a0c04cec0b4147e2b40cc4410fca74,The question needs to be CORRECTED.,how_many_legs_does_a_garden_spider_canadian_whose_silk_can_make_clot_have_targ_06_D.wav,target,both_err,adj/noun order,/θ/ --> /t/; cloth/clot,y,,other,,selected wrong answer choice - didn't understand question and no error was specified,FB_1108
4,1050ff51dd23dd08b1ea5ff356372665b1a0c04cec0b4147e2b40cc4410fca74,i have no clue what she is asking,how_many_legs_does_a_garden_spider_canadian_whose_silk_can_make_clot_have_targ_06_D.wav,target,both_err,adj/noun order,/θ/ --> /t/; cloth/clot,,,,,,
4,1050ff51dd23dd08b1ea5ff356372665b1a0c04cec0b4147e2b40cc4410fca74,The question does NOT need any corrections.,what_childrens_game_makes_people_sit_down_quickly_when_the_loud_music_stops_targ_07_A.wav,target,correct,adj/noun order,/ɪ/ --> /i/; sit/seat,nans,,,,,FB_1108
4,1050ff51dd23dd08b1ea5ff356372665b1a0c04cec0b4147e2b40cc4410fca74,Musical Chairs,what_childrens_game_makes_people_sit_down_quickly_when_the_loud_music_stops_targ_07_A.wav,target,correct,adj/noun order,/ɪ/ --> /i/; sit/seat,,,,,,
4,1050ff51dd23dd08b1ea5ff356372665b1a0c04cec0b4147e2b40cc4410fca74,The question needs to be CORRECTED.,because_it_is_important_to_honor_the_iris_saint_what_holiday_occurs_on_march_17th_targ_08_B.wav,target,phon_err,expletive 'it' dropping,/ʃ/ --> /s/; Irish/iris,y,,p,,,FB_1108
4,1050ff51dd23dd08b1ea5ff356372665b1a0c04cec0b4147e2b40cc4410fca74,Irish. not iris. St Patricks Day,because_it_is_important_to_honor_the_iris_saint_what_holiday_occurs_on_march_17th_targ_08_B.wav,target,phon_err,expletive 'it' dropping,/ʃ/ --> /s/; Irish/iris,,,,,,
4,1050ff51dd23dd08b1ea5ff356372665b1a0c04cec0b4147e2b40cc4410fca74,The question does NOT need any corrections.,if_laundry_service_will_come_in_five_days_and_todays_thursday_when_are_they_making_laundry_next_targ_09_C.wav,target,non_phon_err,make vs. other verb,/k/ --> /g/; come/gum,nans,,,,,FB_1108
4,1050ff51dd23dd08b1ea5ff356372665b1a0c04cec0b4147e2b40cc4410fca74,Tuesday,if_laundry_service_will_come_in_five_days_and_todays_thursday_when_are_they_making_laundry_next_targ_09_C.wav,target,non_phon_err,make vs. other verb,/k/ --> /g/; come/gum,,,,,,
4,1050ff51dd23dd08b1ea5ff356372665b1a0c04cec0b4147e2b40cc4410fca74,"The question does NOT need any corrections, but I don't know the answer/ I don't understand what the question is asking.",who_did_americans_boat_for_to_be_their_first_president_who_avoided_to_serve_three_terms_targ_10_D.wav,target,both_err,infinitive vs. participle,/v/ --> /b/; vote/boat,nun,,,,,FB_1108
4,1050ff51dd23dd08b1ea5ff356372665b1a0c04cec0b4147e2b40cc4410fca74,NA,who_did_americans_boat_for_to_be_their_first_president_who_avoided_to_serve_three_terms_targ_10_D.wav,target,both_err,infinitive vs. participle,/v/ --> /b/; vote/boat,,,,,,
4,1050ff51dd23dd08b1ea5ff356372665b1a0c04cec0b4147e2b40cc4410fca74,The question does NOT need any corrections.,what_colors_can_be_on_a_traffic_light_which_often_senses_when_cars_pull_up_targ_11_A.wav,target,correct,have vs. be,/ʊ/ --> /u/; pulls/pools,nans,,,,,FB_1108
4,1050ff51dd23dd08b1ea5ff356372665b1a0c04cec0b4147e2b40cc4410fca74,"Red, yellow, green",what_colors_can_be_on_a_traffic_light_which_often_senses_when_cars_pull_up_targ_11_A.wav,target,correct,have vs. be,/ʊ/ --> /u/; pulls/pools,,,,,,
4,1050ff51dd23dd08b1ea5ff356372665b1a0c04cec0b4147e2b40cc4410fca74,"The question does NOT need any corrections, but I don't know the answer/ I don't understand what the question is asking.",if_youre_on_a_pat_from_california_to_hawaii_which_ocean_do_you_go_through_targ_12_B.wav,target,phon_err,no aux verbs in questions (lack of do support),/θ/ --> /t/; path/pat,nun,,,,,FB_1108
4,1050ff51dd23dd08b1ea5ff356372665b1a0c04cec0b4147e2b40cc4410fca74,NA,if_youre_on_a_pat_from_california_to_hawaii_which_ocean_do_you_go_through_targ_12_B.wav,target,phon_err,no aux verbs in questions (lack of do support),/θ/ --> /t/; path/pat,,,,,,
4,1050ff51dd23dd08b1ea5ff356372665b1a0c04cec0b4147e2b40cc4410fca74,The question does NOT need any corrections.,what_supplies_you_need_to_knit_a_scarf_targ_13_C.wav,target,non_phon_err,no aux verbs in questions (lack of do support),/ɪ/ --> /i/; knit/neat,nans,,,,,FB_1108
4,1050ff51dd23dd08b1ea5ff356372665b1a0c04cec0b4147e2b40cc4410fca74,thread and needle,what_supplies_you_need_to_knit_a_scarf_targ_13_C.wav,target,non_phon_err,no aux verbs in questions (lack of do support),/ɪ/ --> /i/; knit/neat,,,,,,
4,1050ff51dd23dd08b1ea5ff356372665b1a0c04cec0b4147e2b40cc4410fca74,The question needs to be CORRECTED.,what_city_have_people_rust_to_tour_to_see_where_the_us_government_makes_business_targ_14_D.wav,target,both_err,make vs. other verb,/ʃ/ --> /s/; rushed/rust,y,,other,,selected wrong answer choice - didn't understand question and no error was specified,FB_1108
4,1050ff51dd23dd08b1ea5ff356372665b1a0c04cec0b4147e2b40cc4410fca74,"stumbled along the lines, couldnt understand the question",what_city_have_people_rust_to_tour_to_see_where_the_us_government_makes_business_targ_14_D.wav,target,both_err,make vs. other verb,/ʃ/ --> /s/; rushed/rust,,,,,,
4,1050ff51dd23dd08b1ea5ff356372665b1a0c04cec0b4147e2b40cc4410fca74,The question does NOT need any corrections.,what_colors_make_up_a_traditional_candy_cane_which_people_enjoy_eating_during_christmas_targ_15_A.wav,target,correct,infinitive vs. participle,/k/ --> /g/; cane/gain,nans,,,,,FB_1108
4,1050ff51dd23dd08b1ea5ff356372665b1a0c04cec0b4147e2b40cc4410fca74,white and red,what_colors_make_up_a_traditional_candy_cane_which_people_enjoy_eating_during_christmas_targ_15_A.wav,target,correct,infinitive vs. participle,/k/ --> /g/; cane/gain,,,,,,
4,1050ff51dd23dd08b1ea5ff356372665b1a0c04cec0b4147e2b40cc4410fca74,The question needs to be CORRECTED.,where_do_people_get_drivers_licenses_since_it_is_required_as_ballad_id_to_drive_targ_16_B.wav,target,phon_err,expletive 'it' dropping,/v/ --> /b/; valid/ballad,y,,other,,selected wrong answer choice - didn't understand question and no error was specified,FB_1108
4,1050ff51dd23dd08b1ea5ff356372665b1a0c04cec0b4147e2b40cc4410fca74,very confusing phrasing. DMV,where_do_people_get_drivers_licenses_since_it_is_required_as_ballad_id_to_drive_targ_16_B.wav,target,phon_err,expletive 'it' dropping,/v/ --> /b/; valid/ballad,,,,,,
4,1050ff51dd23dd08b1ea5ff356372665b1a0c04cec0b4147e2b40cc4410fca74,"The question does NOT need any corrections, but I don't know the answer/ I don't understand what the question is asking.",how_many_days_would_my_bike_tandem_be_gone_if_someone_borrows_it_for_july_targ_17_C.wav,target,non_phon_err,adj/noun order,/ʊ/ --> /u/; would/wooed,nun,,,,,FB_1108
4,1050ff51dd23dd08b1ea5ff356372665b1a0c04cec0b4147e2b40cc4410fca74,i do not understand what the question is asking. NA,how_many_days_would_my_bike_tandem_be_gone_if_someone_borrows_it_for_july_targ_17_C.wav,target,non_phon_err,adj/noun order,/ʊ/ --> /u/; would/wooed,,,,,,
4,1050ff51dd23dd08b1ea5ff356372665b1a0c04cec0b4147e2b40cc4410fca74,The question needs to be CORRECTED.,when_you_have_hot_what_device_measures_body_temperature_in_boat_celsius_and_fahrenheit_targ_18_D.wav,target,both_err,have vs. be,/θ/ --> /t/; both/boat,y,,other,,selected wrong answer choice - didn't understand question and no error was specified,FB_1108
4,1050ff51dd23dd08b1ea5ff356372665b1a0c04cec0b4147e2b40cc4410fca74,very confusing phrasing im not sure what shes asking,when_you_have_hot_what_device_measures_body_temperature_in_boat_celsius_and_fahrenheit_targ_18_D.wav,target,both_err,have vs. be,/θ/ --> /t/; both/boat,,,,,,
4,1050ff51dd23dd08b1ea5ff356372665b1a0c04cec0b4147e2b40cc4410fca74,The question does NOT need any corrections.,what_big_star_in_our_solar_system_can_still_be_visible_when_it_is_cloudy_targ_19_A.wav,target,correct,expletive 'it' dropping,/ɪ/ --> /i/; still/steal,nans,,,,,FB_1108
4,1050ff51dd23dd08b1ea5ff356372665b1a0c04cec0b4147e2b40cc4410fca74,North star,what_big_star_in_our_solar_system_can_still_be_visible_when_it_is_cloudy_targ_19_A.wav,target,correct,expletive 'it' dropping,/ɪ/ --> /i/; still/steal,,,,,,
4,1050ff51dd23dd08b1ea5ff356372665b1a0c04cec0b4147e2b40cc4410fca74,The question does NOT need any corrections.,what_popular_us_chain_provides_a_happy_meal_toy_or_plus_when_kids_are_hungry_targ_20_B.wav,target,phon_err,have vs. be,/ʃ/ --> /s/; plush/plus,nans,,,,,FB_1108
4,1050ff51dd23dd08b1ea5ff356372665b1a0c04cec0b4147e2b40cc4410fca74,Mcdonalds,what_popular_us_chain_provides_a_happy_meal_toy_or_plus_when_kids_are_hungry_targ_20_B.wav,target,phon_err,have vs. be,/ʃ/ --> /s/; plush/plus,,,,,,
4,1050ff51dd23dd08b1ea5ff356372665b1a0c04cec0b4147e2b40cc4410fca74,The question needs to be CORRECTED.,in_the_lion_king_who_nala_talk_to_and_is_laying_in_a_cot_after_theyve_reunited_targ_21_C.wav,target,non_phon_err,no aux verbs in questions (lack of do support),/k/ --> /g/; cot/got,y,,np,,,FB_1108
4,1050ff51dd23dd08b1ea5ff356372665b1a0c04cec0b4147e2b40cc4410fca74,who DID nala talk to,in_the_lion_king_who_nala_talk_to_and_is_laying_in_a_cot_after_theyve_reunited_targ_21_C.wav,target,non_phon_err,no aux verbs in questions (lack of do support),/k/ --> /g/; cot/got,,,,,,
4,1050ff51dd23dd08b1ea5ff356372665b1a0c04cec0b4147e2b40cc4410fca74,"The question does NOT need any corrections, but I don't know the answer/ I don't understand what the question is asking.",if_a_janitor_hardworking_cleaned_a_bent_in_five_minutes_how_many_seconds_is_that_targ_22_D.wav,target,both_err,adj/noun order,/v/ --> /b/; vent/bent,nun,,,,,FB_1108
4,1050ff51dd23dd08b1ea5ff356372665b1a0c04cec0b4147e2b40cc4410fca74,confusing,if_a_janitor_hardworking_cleaned_a_bent_in_five_minutes_how_many_seconds_is_that_targ_22_D.wav,target,both_err,adj/noun order,/v/ --> /b/; vent/bent,,,,,,
4,1050ff51dd23dd08b1ea5ff356372665b1a0c04cec0b4147e2b40cc4410fca74,The question does NOT need any corrections.,what_company_created_the_macbook_a_device_full_of_features_to_help_students_do_homework_targ_23_A.wav,target,correct,make vs. other verb,/ʊ/ --> /u/; full/fool,nans,,,,,FB_1108
4,1050ff51dd23dd08b1ea5ff356372665b1a0c04cec0b4147e2b40cc4410fca74,Apple,what_company_created_the_macbook_a_device_full_of_features_to_help_students_do_homework_targ_23_A.wav,target,correct,make vs. other verb,/ʊ/ --> /u/; full/fool,,,,,,
4,1050ff51dd23dd08b1ea5ff356372665b1a0c04cec0b4147e2b40cc4410fca74,The question does NOT need any corrections.,if_i_consider_leaving_work_after_the_fort_hour_how_many_minutes_would_that_be_targ_24_B.wav,target,phon_err,infinitive vs. participle,/θ/ --> /t/; fourth/fort,nans,,,,,FB_1108
4,1050ff51dd23dd08b1ea5ff356372665b1a0c04cec0b4147e2b40cc4410fca74,240,if_i_consider_leaving_work_after_the_fort_hour_how_many_minutes_would_that_be_targ_24_B.wav,target,phon_err,infinitive vs. participle,/θ/ --> /t/; fourth/fort,,,,,,
4,1050ff51dd23dd08b1ea5ff356372665b1a0c04cec0b4147e2b40cc4410fca74,The question does NOT need any corrections.,what_letter_in_the_latin_alphabet_corresponds_to_the_greek_letter_alpha_fill_01.wav,filler_other,NA,NA,NA,nans,,,,,FB_1108
4,1050ff51dd23dd08b1ea5ff356372665b1a0c04cec0b4147e2b40cc4410fca74,A,what_letter_in_the_latin_alphabet_corresponds_to_the_greek_letter_alpha_fill_01.wav,filler_other,NA,NA,NA,,,,,,
4,1050ff51dd23dd08b1ea5ff356372665b1a0c04cec0b4147e2b40cc4410fca74,The question does NOT need any corrections.,what_organ_is_often_associated_with_being_eaten_by_rotting_flesh_monsters_also_known_as_zombies_fill_02.wav,filler_other,NA,NA,NA,nans,,,,,FB_1108
4,1050ff51dd23dd08b1ea5ff356372665b1a0c04cec0b4147e2b40cc4410fca74,brain,what_organ_is_often_associated_with_being_eaten_by_rotting_flesh_monsters_also_known_as_zombies_fill_02.wav,filler_other,NA,NA,NA,,,,,,
4,1050ff51dd23dd08b1ea5ff356372665b1a0c04cec0b4147e2b40cc4410fca74,The question does NOT need any corrections.,which_british_celebrity_judge_often_harshly_critiqued_contestants_on_the_nationwide_singing_contest_american_idol_fill_03.wav,filler_other,NA,NA,NA,nans,,,,,FB_1108
4,1050ff51dd23dd08b1ea5ff356372665b1a0c04cec0b4147e2b40cc4410fca74,Simon Cowell,which_british_celebrity_judge_often_harshly_critiqued_contestants_on_the_nationwide_singing_contest_american_idol_fill_03.wav,filler_other,NA,NA,NA,,,,,,
4,1050ff51dd23dd08b1ea5ff356372665b1a0c04cec0b4147e2b40cc4410fca74,The question does NOT need any corrections.,which_cartoon_character_works_at_the_krusty_krab_and_is_best_friends_with_patrick_star_fill_04.wav,filler_other,NA,NA,NA,nans,,,,,FB_1108
4,1050ff51dd23dd08b1ea5ff356372665b1a0c04cec0b4147e2b40cc4410fca74,Spongebob Squarepants,which_cartoon_character_works_at_the_krusty_krab_and_is_best_friends_with_patrick_star_fill_04.wav,filler_other,NA,NA,NA,,,,,,
4,1050ff51dd23dd08b1ea5ff356372665b1a0c04cec0b4147e2b40cc4410fca74,The question does NOT need any corrections.,which_body_part_did_van_gogh_allegedly_cut_off_after_an_argument_with_his_friend_fill_05.wav,filler_other,NA,NA,NA,nans,,,,,FB_1108
4,1050ff51dd23dd08b1ea5ff356372665b1a0c04cec0b4147e2b40cc4410fca74,Ear,which_body_part_did_van_gogh_allegedly_cut_off_after_an_argument_with_his_friend_fill_05.wav,filler_other,NA,NA,NA,,,,,,
4,1050ff51dd23dd08b1ea5ff356372665b1a0c04cec0b4147e2b40cc4410fca74,The question does NOT need any corrections.,what_is_the_name_of_the_comic_strip_featuring_charlie_brown_and_his_dog_snoopy_fill_06.wav,filler_other,NA,NA,NA,nans,,,,,FB_1108
4,1050ff51dd23dd08b1ea5ff356372665b1a0c04cec0b4147e2b40cc4410fca74,Charlie Brown,what_is_the_name_of_the_comic_strip_featuring_charlie_brown_and_his_dog_snoopy_fill_06.wav,filler_other,NA,NA,NA,,,,,,
4,1050ff51dd23dd08b1ea5ff356372665b1a0c04cec0b4147e2b40cc4410fca74,The question does NOT need any corrections.,what_holiday_occurs_at_the_end_of_october_and_features_trick-or-treating_pumpkins_and_haunted_houses_fill_07.wav,filler_other,NA,NA,NA,nans,,,,,FB_1108
4,1050ff51dd23dd08b1ea5ff356372665b1a0c04cec0b4147e2b40cc4410fca74,Halloween,what_holiday_occurs_at_the_end_of_october_and_features_trick-or-treating_pumpkins_and_haunted_houses_fill_07.wav,filler_other,NA,NA,NA,,,,,,
4,1050ff51dd23dd08b1ea5ff356372665b1a0c04cec0b4147e2b40cc4410fca74,The question does NOT need any corrections.,what_is_the_name_of_the_video_game_character_who_is_a_traveling_italian_plumber_fill_08.wav,filler_other,NA,NA,NA,nans,,,,,FB_1108
4,1050ff51dd23dd08b1ea5ff356372665b1a0c04cec0b4147e2b40cc4410fca74,Mario,what_is_the_name_of_the_video_game_character_who_is_a_traveling_italian_plumber_fill_08.wav,filler_other,NA,NA,NA,,,,,,
4,1050ff51dd23dd08b1ea5ff356372665b1a0c04cec0b4147e2b40cc4410fca74,The question does NOT need any corrections.,what_kind_of_animal_is_mickey_mouse’s_girlfriend_minnie_who_wears_a_bow_fill_09.wav,filler_other,NA,NA,NA,nans,,,,,FB_1108
4,1050ff51dd23dd08b1ea5ff356372665b1a0c04cec0b4147e2b40cc4410fca74,Mouse,what_kind_of_animal_is_mickey_mouse’s_girlfriend_minnie_who_wears_a_bow_fill_09.wav,filler_other,NA,NA,NA,,,,,,
4,1050ff51dd23dd08b1ea5ff356372665b1a0c04cec0b4147e2b40cc4410fca74,The question does NOT need any corrections.,which_cartoon_dog_solves_mysteries_with_the_group_fred_daphne_velma_and_shaggy_fill_10.wav,filler_other,NA,NA,NA,nans,,,,,FB_1108
4,1050ff51dd23dd08b1ea5ff356372665b1a0c04cec0b4147e2b40cc4410fca74,Scooby Doo,which_cartoon_dog_solves_mysteries_with_the_group_fred_daphne_velma_and_shaggy_fill_10.wav,filler_other,NA,NA,NA,,,,,,
4,1050ff51dd23dd08b1ea5ff356372665b1a0c04cec0b4147e2b40cc4410fca74,The question needs to be CORRECTED.,which_fast_food_chain_offers_foot-long_sandwiches_and_has_the_slogan_eat_fresh_fill_11.wav,filler_other,NA,NA,NA,y,,otherp,,,FB_1108
4,1050ff51dd23dd08b1ea5ff356372665b1a0c04cec0b4147e2b40cc4410fca74,"Eat fresh, not it fresh",which_fast_food_chain_offers_foot-long_sandwiches_and_has_the_slogan_eat_fresh_fill_11.wav,filler_other,NA,NA,NA,,,,,,
4,1050ff51dd23dd08b1ea5ff356372665b1a0c04cec0b4147e2b40cc4410fca74,The question does NOT need any corrections.,which_oscar-winning_movie_features_tom_hanks_saying_life_is_like_a_box_of_chocolates_fill_12.wav,filler_other,NA,NA,NA,nans,,,,,FB_1108
4,1050ff51dd23dd08b1ea5ff356372665b1a0c04cec0b4147e2b40cc4410fca74,Forrest Gump,which_oscar-winning_movie_features_tom_hanks_saying_life_is_like_a_box_of_chocolates_fill_12.wav,filler_other,NA,NA,NA,,,,,,
4,1050ff51dd23dd08b1ea5ff356372665b1a0c04cec0b4147e2b40cc4410fca74,"The question does NOT need any corrections, but I don't know the answer/ I don't understand what the question is asking.",what_novel_has_the_quote_i’m_late_i’m_late_for_a_very_important_date_fill_13.wav,filler_other,NA,NA,NA,nun,,,,,FB_1108
4,1050ff51dd23dd08b1ea5ff356372665b1a0c04cec0b4147e2b40cc4410fca74,NA,what_novel_has_the_quote_i’m_late_i’m_late_for_a_very_important_date_fill_13.wav,filler_other,NA,NA,NA,,,,,,
4,1050ff51dd23dd08b1ea5ff356372665b1a0c04cec0b4147e2b40cc4410fca74,The question does NOT need any corrections.,what_mythical_creatures_have_been_said_to_drink_blood_turn_into_bats_and_hate_onions_fill_14.wav,filler_other,NA,NA,NA,nans,,,,,FB_1108
4,1050ff51dd23dd08b1ea5ff356372665b1a0c04cec0b4147e2b40cc4410fca74,Vampires,what_mythical_creatures_have_been_said_to_drink_blood_turn_into_bats_and_hate_onions_fill_14.wav,filler_other,NA,NA,NA,,,,,,
4,1050ff51dd23dd08b1ea5ff356372665b1a0c04cec0b4147e2b40cc4410fca74,The question needs to be CORRECTED.,who_discovered_the_law_of_universal_gravitation_which_accounts_for_why_objects_naturally_fall_downwards_fill_15.wav,filler_other,NA,NA,NA,y,,othernp,,possibly selected wrong answer choice and didn't understand the question,FB_1108
4,1050ff51dd23dd08b1ea5ff356372665b1a0c04cec0b4147e2b40cc4410fca74,very confusing order of words,who_discovered_the_law_of_universal_gravitation_which_accounts_for_why_objects_naturally_fall_downwards_fill_15.wav,filler_other,NA,NA,NA,,,,,,
4,1050ff51dd23dd08b1ea5ff356372665b1a0c04cec0b4147e2b40cc4410fca74,The question does NOT need any corrections.,which_soft_pastry_made_with_a_certain_spice_is_often_spiral-shaped_and_topped_with_icing_fill_16.wav,filler_other,NA,NA,NA,nans,,,,,FB_1108
4,1050ff51dd23dd08b1ea5ff356372665b1a0c04cec0b4147e2b40cc4410fca74,croissant,which_soft_pastry_made_with_a_certain_spice_is_often_spiral-shaped_and_topped_with_icing_fill_16.wav,filler_other,NA,NA,NA,,,,,,
4,1050ff51dd23dd08b1ea5ff356372665b1a0c04cec0b4147e2b40cc4410fca74,The question needs to be CORRECTED.,what_us_holiday_is_often_celebrated_with_fireworks_and_hotdogs_to_honor_americas_freedom_fill_17.wav,filler_other,NA,NA,NA,y,,other,,"the answer is ambigious, possibly didn't hear the first word",FB_1108
4,1050ff51dd23dd08b1ea5ff356372665b1a0c04cec0b4147e2b40cc4410fca74,there is no WHAT before the question,what_us_holiday_is_often_celebrated_with_fireworks_and_hotdogs_to_honor_americas_freedom_fill_17.wav,filler_other,NA,NA,NA,,,,,,
4,1050ff51dd23dd08b1ea5ff356372665b1a0c04cec0b4147e2b40cc4410fca74,The question does NOT need any corrections.,which_tropical_fruit_that_grows_on_palm_trees_is_used_for_oils_and_milks_fill_18.wav,filler_other,NA,NA,NA,nans,,,,,FB_1108
4,1050ff51dd23dd08b1ea5ff356372665b1a0c04cec0b4147e2b40cc4410fca74,Coconut,which_tropical_fruit_that_grows_on_palm_trees_is_used_for_oils_and_milks_fill_18.wav,filler_other,NA,NA,NA,,,,,,
4,1050ff51dd23dd08b1ea5ff356372665b1a0c04cec0b4147e2b40cc4410fca74,The question does NOT need any corrections.,which_season_do_we_associate_with_thanksgiving_the_beginning_of_school_and_leaves_turning_brown_fill_19.wav,filler_other,NA,NA,NA,nans,,,,,FB_1108
4,1050ff51dd23dd08b1ea5ff356372665b1a0c04cec0b4147e2b40cc4410fca74,Fall,which_season_do_we_associate_with_thanksgiving_the_beginning_of_school_and_leaves_turning_brown_fill_19.wav,filler_other,NA,NA,NA,,,,,,
4,1050ff51dd23dd08b1ea5ff356372665b1a0c04cec0b4147e2b40cc4410fca74,The question does NOT need any corrections.,what_musician_won_grammys_for_their_album_thriller_which_features_the_hit_song_beat_it_fill_20.wav,filler_other,NA,NA,NA,nans,,,,,FB_1108
4,1050ff51dd23dd08b1ea5ff356372665b1a0c04cec0b4147e2b40cc4410fca74,Michael Jackson,what_musician_won_grammys_for_their_album_thriller_which_features_the_hit_song_beat_it_fill_20.wav,filler_other,NA,NA,NA,,,,,,
4,1050ff51dd23dd08b1ea5ff356372665b1a0c04cec0b4147e2b40cc4410fca74,"The question does NOT need any corrections, but I don't know the answer/ I don't understand what the question is asking.",what_animal_is_typically_white_with_black_spots_and_says_moo_fill_21.wav,filler_other,NA,NA,NA,nun,,,,,FB_1108
4,1050ff51dd23dd08b1ea5ff356372665b1a0c04cec0b4147e2b40cc4410fca74,cant understand question. NA,what_animal_is_typically_white_with_black_spots_and_says_moo_fill_21.wav,filler_other,NA,NA,NA,,,,,,
4,1050ff51dd23dd08b1ea5ff356372665b1a0c04cec0b4147e2b40cc4410fca74,The question needs to be CORRECTED.,where_do_the_jolly_christmas_icons_santa_claus_and_his_wife_mrs._claus_live_fill_22.wav,filler_other,NA,NA,NA,y,,othernp,,,FB_1108
4,1050ff51dd23dd08b1ea5ff356372665b1a0c04cec0b4147e2b40cc4410fca74,confusing phrasing. using the wrong words. but answer is North Pole,where_do_the_jolly_christmas_icons_santa_claus_and_his_wife_mrs._claus_live_fill_22.wav,filler_other,NA,NA,NA,,,,,,
4,1050ff51dd23dd08b1ea5ff356372665b1a0c04cec0b4147e2b40cc4410fca74,"The question does NOT need any corrections, but I don't know the answer/ I don't understand what the question is asking.",in_the_famous_dr_seuss_book_what_orange_and_yellow_character_speaks_for_the_trees_fill_23.wav,filler_other,NA,NA,NA,nun,,,,,FB_1108
4,1050ff51dd23dd08b1ea5ff356372665b1a0c04cec0b4147e2b40cc4410fca74,NA,in_the_famous_dr_seuss_book_what_orange_and_yellow_character_speaks_for_the_trees_fill_23.wav,filler_other,NA,NA,NA,,,,,,
4,1050ff51dd23dd08b1ea5ff356372665b1a0c04cec0b4147e2b40cc4410fca74,The question does NOT need any corrections.,in_what_country_would_you_find_landmarks_like_the_pyramids_of_giza_and_great_sphinx_fill_24.wav,filler_other,NA,NA,NA,nans,,,,,FB_1108
4,1050ff51dd23dd08b1ea5ff356372665b1a0c04cec0b4147e2b40cc4410fca74,Egypt,in_what_country_would_you_find_landmarks_like_the_pyramids_of_giza_and_great_sphinx_fill_24.wav,filler_other,NA,NA,NA,,,,,,
5,13e3c34f715fbfd4525ad43cd301f5a1fdcc749d43775dda84e8a7409a665498,The question does NOT need any corrections.,how_many_legs_does_a_dog_normally_have_fill_25.wav,att_check_good,NA,NA,NA,nans,,,a,FAILED ATTENTION CHECKS (4/8 correct),FB_1108
5,13e3c34f715fbfd4525ad43cd301f5a1fdcc749d43775dda84e8a7409a665498,4,how_many_legs_does_a_dog_normally_have_fill_25.wav,att_check_good,NA,NA,NA,,,,,,
5,13e3c34f715fbfd4525ad43cd301f5a1fdcc749d43775dda84e8a7409a665498,The question does NOT need any corrections.,what_state_is_los_angeles_located_in_fill_26.wav,att_check_good,NA,NA,NA,nans,,,a,,FB_1108
5,13e3c34f715fbfd4525ad43cd301f5a1fdcc749d43775dda84e8a7409a665498,California,what_state_is_los_angeles_located_in_fill_26.wav,att_check_good,NA,NA,NA,,,,,,
5,13e3c34f715fbfd4525ad43cd301f5a1fdcc749d43775dda84e8a7409a665498,The question does NOT need any corrections.,what_day_of_the_week_comes_after_monday_fill_27.wav,att_check_good,NA,NA,NA,nans,,,a,,FB_1108
5,13e3c34f715fbfd4525ad43cd301f5a1fdcc749d43775dda84e8a7409a665498,Tuesday,what_day_of_the_week_comes_after_monday_fill_27.wav,att_check_good,NA,NA,NA,,,,,,
5,13e3c34f715fbfd4525ad43cd301f5a1fdcc749d43775dda84e8a7409a665498,The question does NOT need any corrections.,what_color_is_a_typical_school_bus_fill_28.wav,att_check_good,NA,NA,NA,nans,,,a,,FB_1108
5,13e3c34f715fbfd4525ad43cd301f5a1fdcc749d43775dda84e8a7409a665498,Yellow,what_color_is_a_typical_school_bus_fill_28.wav,att_check_good,NA,NA,NA,,,,,,
5,13e3c34f715fbfd4525ad43cd301f5a1fdcc749d43775dda84e8a7409a665498,The question does NOT need any corrections.,in_the_cycle_of_seasons_what_season_comes_after_dinter_fill_29.wav,att_check_err,NA,NA,NA,nans,,acheckf,,,FB_1108
5,13e3c34f715fbfd4525ad43cd301f5a1fdcc749d43775dda84e8a7409a665498,Spring,in_the_cycle_of_seasons_what_season_comes_after_dinter_fill_29.wav,att_check_err,NA,NA,NA,,,,,,
5,13e3c34f715fbfd4525ad43cd301f5a1fdcc749d43775dda84e8a7409a665498,The question does NOT need any corrections.,what_insect_undergoes_a_process_of_change_to_turn_into_a_butterfy_fill_30.wav,att_check_err,NA,NA,NA,nans,,acheckf,,,FB_1108
5,13e3c34f715fbfd4525ad43cd301f5a1fdcc749d43775dda84e8a7409a665498,Catepillar,what_insect_undergoes_a_process_of_change_to_turn_into_a_butterfy_fill_30.wav,att_check_err,NA,NA,NA,,,,,,
5,13e3c34f715fbfd4525ad43cd301f5a1fdcc749d43775dda84e8a7409a665498,"The question does NOT need any corrections, but I don't know the answer/ I don't understand what the question is asking.",what_is_the_largest_plant_in_the_solar_system_fill_31.wav,att_check_err,NA,NA,NA,nun,,acheckf,,,FB_1108
5,13e3c34f715fbfd4525ad43cd301f5a1fdcc749d43775dda84e8a7409a665498,NA,what_is_the_largest_plant_in_the_solar_system_fill_31.wav,att_check_err,NA,NA,NA,,,,,,
5,13e3c34f715fbfd4525ad43cd301f5a1fdcc749d43775dda84e8a7409a665498,The question does NOT need any corrections.,how_many_embers_were_in_the_beatles_the_british_rock_band_fill_32.wav,att_check_err,NA,NA,NA,nans,,acheckf,,,FB_1108
5,13e3c34f715fbfd4525ad43cd301f5a1fdcc749d43775dda84e8a7409a665498,4,how_many_embers_were_in_the_beatles_the_british_rock_band_fill_32.wav,att_check_err,NA,NA,NA,,,,,,
5,13e3c34f715fbfd4525ad43cd301f5a1fdcc749d43775dda84e8a7409a665498,"The question does NOT need any corrections, but I don't know the answer/ I don't understand what the question is asking.",for_what_pink_ice_cream_flavor_wheel_companies_make_their_best_to_use_real_fruit_targ_01_D.wav,target,both_err,make vs. other verb,/ɪ/ --> /i/; will/wheel,,,,,,
5,13e3c34f715fbfd4525ad43cd301f5a1fdcc749d43775dda84e8a7409a665498,NA,for_what_pink_ice_cream_flavor_wheel_companies_make_their_best_to_use_real_fruit_targ_01_D.wav,target,both_err,make vs. other verb,/ɪ/ --> /i/; will/wheel,,,,,,
5,13e3c34f715fbfd4525ad43cd301f5a1fdcc749d43775dda84e8a7409a665498,The question does NOT need any corrections.,what_term_refers_to_armored_men_who_enjoyed_carrying_medieval_swords_that_clash_in_combat_targ_02_A.wav,target,correct,infinitive vs. participle,/ʃ/ --> /s/; clash/class,,,,,,
5,13e3c34f715fbfd4525ad43cd301f5a1fdcc749d43775dda84e8a7409a665498,Knights,what_term_refers_to_armored_men_who_enjoyed_carrying_medieval_swords_that_clash_in_combat_targ_02_A.wav,target,correct,infinitive vs. participle,/ʃ/ --> /s/; clash/class,,,,,,
5,13e3c34f715fbfd4525ad43cd301f5a1fdcc749d43775dda84e8a7409a665498,"The question does NOT need any corrections, but I don't know the answer/ I don't understand what the question is asking.",which_scottish_actor_first_played_james_bond_wearing_guilts_to_red_carpets_when_he_was_32_years_old_targ_03_B.wav,target,phon_err,have vs. be,/k/ --> /g/; kilt/guilt,,,,,,
5,13e3c34f715fbfd4525ad43cd301f5a1fdcc749d43775dda84e8a7409a665498,NA,which_scottish_actor_first_played_james_bond_wearing_guilts_to_red_carpets_when_he_was_32_years_old_targ_03_B.wav,target,phon_err,have vs. be,/k/ --> /g/; kilt/guilt,,,,,,
5,13e3c34f715fbfd4525ad43cd301f5a1fdcc749d43775dda84e8a7409a665498,"The question does NOT need any corrections, but I don't know the answer/ I don't understand what the question is asking.",what_neil_armstrong_say_during_his_very_first_steps_on_the_moon_targ_04_C.wav,target,non_phon_err,no aux verbs in questions (lack of do support),/v/ --> /b/; very/berry,,,,,,
5,13e3c34f715fbfd4525ad43cd301f5a1fdcc749d43775dda84e8a7409a665498,NA,what_neil_armstrong_say_during_his_very_first_steps_on_the_moon_targ_04_C.wav,target,non_phon_err,no aux verbs in questions (lack of do support),/v/ --> /b/; very/berry,,,,,,
5,13e3c34f715fbfd4525ad43cd301f5a1fdcc749d43775dda84e8a7409a665498,The question does NOT need any corrections.,what_kind_of_weather_cooed_cooled_occur_when_is_raining_and_below_freezing_targ_05_D.wav,target,both_err,expletive 'it' dropping,/ʊ/ --> /u/; could/cooed,,,,,,
5,13e3c34f715fbfd4525ad43cd301f5a1fdcc749d43775dda84e8a7409a665498,Snow,what_kind_of_weather_cooed_cooled_occur_when_is_raining_and_below_freezing_targ_05_D.wav,target,both_err,expletive 'it' dropping,/ʊ/ --> /u/; could/cooed,,,,,,
5,13e3c34f715fbfd4525ad43cd301f5a1fdcc749d43775dda84e8a7409a665498,"The question does NOT need any corrections, but I don't know the answer/ I don't understand what the question is asking.",how_many_legs_does_a_canadian_garden_spider_whose_silk_can_make_cloth_have_targ_06_A.wav,target,correct,adj/noun order,/θ/ --> /t/; cloth/clot,,,,,,
5,13e3c34f715fbfd4525ad43cd301f5a1fdcc749d43775dda84e8a7409a665498,NA,how_many_legs_does_a_canadian_garden_spider_whose_silk_can_make_cloth_have_targ_06_A.wav,target,correct,adj/noun order,/θ/ --> /t/; cloth/clot,,,,,,
5,13e3c34f715fbfd4525ad43cd301f5a1fdcc749d43775dda84e8a7409a665498,The question does NOT need any corrections.,what_childrens_game_makes_people_seat_down_quickly_when_the_loud_music_stops_targ_07_B.wav,target,phon_err,adj/noun order,/ɪ/ --> /i/; sit/seat,,,,,,
5,13e3c34f715fbfd4525ad43cd301f5a1fdcc749d43775dda84e8a7409a665498,Musical Chairs,what_childrens_game_makes_people_seat_down_quickly_when_the_loud_music_stops_targ_07_B.wav,target,phon_err,adj/noun order,/ɪ/ --> /i/; sit/seat,,,,,,
5,13e3c34f715fbfd4525ad43cd301f5a1fdcc749d43775dda84e8a7409a665498,The question does NOT need any corrections.,because_is_important_to_honor_the_irish_saint_what_holiday_occurs_on_march_17th_targ_08_C.wav,target,non_phon_err,expletive 'it' dropping,/ʃ/ --> /s/; Irish/iris,,,,,,
5,13e3c34f715fbfd4525ad43cd301f5a1fdcc749d43775dda84e8a7409a665498,St Patrick's Day,because_is_important_to_honor_the_irish_saint_what_holiday_occurs_on_march_17th_targ_08_C.wav,target,non_phon_err,expletive 'it' dropping,/ʃ/ --> /s/; Irish/iris,,,,,,
5,13e3c34f715fbfd4525ad43cd301f5a1fdcc749d43775dda84e8a7409a665498,The question does NOT need any corrections.,if_laundry_service_will_gum_in_five_days_and_todays_thursday_when_are_they_making_laundry_next_targ_09_D.wav,target,both_err,make vs. other verb,/k/ --> /g/; come/gum,,,,,,
5,13e3c34f715fbfd4525ad43cd301f5a1fdcc749d43775dda84e8a7409a665498,Tuesday,if_laundry_service_will_gum_in_five_days_and_todays_thursday_when_are_they_making_laundry_next_targ_09_D.wav,target,both_err,make vs. other verb,/k/ --> /g/; come/gum,,,,,,
5,13e3c34f715fbfd4525ad43cd301f5a1fdcc749d43775dda84e8a7409a665498,The question does NOT need any corrections.,who_did_americans_vote_for_to_be_their_first_president_who_avoided_serving_three_terms_targ_10_A.wav,target,correct,infinitive vs. participle,/v/ --> /b/; vote/boat,,,,,,
5,13e3c34f715fbfd4525ad43cd301f5a1fdcc749d43775dda84e8a7409a665498,George Washington,who_did_americans_vote_for_to_be_their_first_president_who_avoided_serving_three_terms_targ_10_A.wav,target,correct,infinitive vs. participle,/v/ --> /b/; vote/boat,,,,,,
5,13e3c34f715fbfd4525ad43cd301f5a1fdcc749d43775dda84e8a7409a665498,"The question does NOT need any corrections, but I don't know the answer/ I don't understand what the question is asking.",what_colors_can_be_on_a_traffic_light_which_often_senses_when_cars_pool_up_targ_11_B.wav,target,phon_err,have vs. be,/ʊ/ --> /u/; pulls/pools,,,,,,
5,13e3c34f715fbfd4525ad43cd301f5a1fdcc749d43775dda84e8a7409a665498,NA,what_colors_can_be_on_a_traffic_light_which_often_senses_when_cars_pool_up_targ_11_B.wav,target,phon_err,have vs. be,/ʊ/ --> /u/; pulls/pools,,,,,,
5,13e3c34f715fbfd4525ad43cd301f5a1fdcc749d43775dda84e8a7409a665498,The question does NOT need any corrections.,if_youre_on_a_path_from_california_to_hawaii_which_ocean_you_go_through_targ_12_C.wav,target,non_phon_err,no aux verbs in questions (lack of do support),/θ/ --> /t/; path/pat,,,,,,
5,13e3c34f715fbfd4525ad43cd301f5a1fdcc749d43775dda84e8a7409a665498,Pacific Ocean,if_youre_on_a_path_from_california_to_hawaii_which_ocean_you_go_through_targ_12_C.wav,target,non_phon_err,no aux verbs in questions (lack of do support),/θ/ --> /t/; path/pat,,,,,,
5,13e3c34f715fbfd4525ad43cd301f5a1fdcc749d43775dda84e8a7409a665498,The question needs to be CORRECTED.,what_supplies_you_need_to_neat_a_scarf_targ_13_D.wav,target,both_err,no aux verbs in questions (lack of do support),/ɪ/ --> /i/; knit/neat,,,,,,
5,13e3c34f715fbfd4525ad43cd301f5a1fdcc749d43775dda84e8a7409a665498,"Needles and Thread; I think the question should be ""to make/sew a scarf"". Supplies should also be plural.",what_supplies_you_need_to_neat_a_scarf_targ_13_D.wav,target,both_err,no aux verbs in questions (lack of do support),/ɪ/ --> /i/; knit/neat,,,,,,
5,13e3c34f715fbfd4525ad43cd301f5a1fdcc749d43775dda84e8a7409a665498,The question needs to be CORRECTED.,what_city_have_people_rushed_to_tour_to_see_where_the_us_government_does_business_targ_14_A.wav,target,correct,make vs. other verb,/ʃ/ --> /s/; rushed/rust,,,,,,
5,13e3c34f715fbfd4525ad43cd301f5a1fdcc749d43775dda84e8a7409a665498,Washington DC; I think there is a grammatical error in there,what_city_have_people_rushed_to_tour_to_see_where_the_us_government_does_business_targ_14_A.wav,target,correct,make vs. other verb,/ʃ/ --> /s/; rushed/rust,,,,,,
5,13e3c34f715fbfd4525ad43cd301f5a1fdcc749d43775dda84e8a7409a665498,The question does NOT need any corrections.,what_colors_make_up_a_traditional_candy_gain_which_people_enjoy_eating_during_christmas_targ_15_B.wav,target,phon_err,infinitive vs. participle,/k/ --> /g/; cane/gain,,,,,,
5,13e3c34f715fbfd4525ad43cd301f5a1fdcc749d43775dda84e8a7409a665498,Red and White,what_colors_make_up_a_traditional_candy_gain_which_people_enjoy_eating_during_christmas_targ_15_B.wav,target,phon_err,infinitive vs. participle,/k/ --> /g/; cane/gain,,,,,,
5,13e3c34f715fbfd4525ad43cd301f5a1fdcc749d43775dda84e8a7409a665498,The question does NOT need any corrections.,where_do_people_get_drivers_licenses_since_is_required_as_valid_id_to_drive_targ_16_C.wav,target,non_phon_err,expletive 'it' dropping,/v/ --> /b/; valid/ballad,,,,,,
5,13e3c34f715fbfd4525ad43cd301f5a1fdcc749d43775dda84e8a7409a665498,DMV,where_do_people_get_drivers_licenses_since_is_required_as_valid_id_to_drive_targ_16_C.wav,target,non_phon_err,expletive 'it' dropping,/v/ --> /b/; valid/ballad,,,,,,
5,13e3c34f715fbfd4525ad43cd301f5a1fdcc749d43775dda84e8a7409a665498,The question does NOT need any corrections.,how_many_days_wooed_wooled_my_bike_tandem_be_gone_if_someone_borrows_it_for_july_targ_17_D.wav,target,both_err,adj/noun order,/ʊ/ --> /u/; would/wooed,,,,,,
5,13e3c34f715fbfd4525ad43cd301f5a1fdcc749d43775dda84e8a7409a665498,31,how_many_days_wooed_wooled_my_bike_tandem_be_gone_if_someone_borrows_it_for_july_targ_17_D.wav,target,both_err,adj/noun order,/ʊ/ --> /u/; would/wooed,,,,,,
5,13e3c34f715fbfd4525ad43cd301f5a1fdcc749d43775dda84e8a7409a665498,The question does NOT need any corrections.,when_you_are_hot_what_device_measures_body_temperature_in_both_celsius_and_fahrenheit_targ_18_A.wav,target,correct,have vs. be,/θ/ --> /t/; both/boat,,,,,,
5,13e3c34f715fbfd4525ad43cd301f5a1fdcc749d43775dda84e8a7409a665498,Thermometer,when_you_are_hot_what_device_measures_body_temperature_in_both_celsius_and_fahrenheit_targ_18_A.wav,target,correct,have vs. be,/θ/ --> /t/; both/boat,,,,,,
5,13e3c34f715fbfd4525ad43cd301f5a1fdcc749d43775dda84e8a7409a665498,"The question does NOT need any corrections, but I don't know the answer/ I don't understand what the question is asking.",what_big_star_in_our_solar_system_can_steal_be_visible_when_it_is_cloudy_targ_19_B.wav,target,phon_err,expletive 'it' dropping,/ɪ/ --> /i/; still/steal,,,,,,
5,13e3c34f715fbfd4525ad43cd301f5a1fdcc749d43775dda84e8a7409a665498,NA,what_big_star_in_our_solar_system_can_steal_be_visible_when_it_is_cloudy_targ_19_B.wav,target,phon_err,expletive 'it' dropping,/ɪ/ --> /i/; still/steal,,,,,,
5,13e3c34f715fbfd4525ad43cd301f5a1fdcc749d43775dda84e8a7409a665498,The question needs to be CORRECTED.,what_popular_us_chain_provides_a_happy_meal_toy_or_plush_when_kids_have_hungry_targ_20_C.wav,target,non_phon_err,have vs. be,/ʃ/ --> /s/; plush/plus,,,,,,
5,13e3c34f715fbfd4525ad43cd301f5a1fdcc749d43775dda84e8a7409a665498,"McDonald's; It should be ""when kids are hungry"" or ""when kids have hunger""",what_popular_us_chain_provides_a_happy_meal_toy_or_plush_when_kids_have_hungry_targ_20_C.wav,target,non_phon_err,have vs. be,/ʃ/ --> /s/; plush/plus,,,,,,
5,13e3c34f715fbfd4525ad43cd301f5a1fdcc749d43775dda84e8a7409a665498,"The question does NOT need any corrections, but I don't know the answer/ I don't understand what the question is asking.",in_the_lion_king_who_nala_talk_to_and_is_laying_in_a_got_after_theyve_reunited_targ_21_D.wav,target,both_err,no aux verbs in questions (lack of do support),/k/ --> /g/; cot/got,,,,,,
5,13e3c34f715fbfd4525ad43cd301f5a1fdcc749d43775dda84e8a7409a665498,NA,in_the_lion_king_who_nala_talk_to_and_is_laying_in_a_got_after_theyve_reunited_targ_21_D.wav,target,both_err,no aux verbs in questions (lack of do support),/k/ --> /g/; cot/got,,,,,,
5,13e3c34f715fbfd4525ad43cd301f5a1fdcc749d43775dda84e8a7409a665498,The question needs to be CORRECTED.,if_a_hardworking_janitor_cleaned_a_vent_in_five_minutes_how_many_seconds_is_that_targ_22_A.wav,target,correct,adj/noun order,/v/ --> /b/; vent/bent,,,,,,
5,13e3c34f715fbfd4525ad43cd301f5a1fdcc749d43775dda84e8a7409a665498,"120 seconds; 5-minutes is plural, so it should have a 's' at the end of minutes.",if_a_hardworking_janitor_cleaned_a_vent_in_five_minutes_how_many_seconds_is_that_targ_22_A.wav,target,correct,adj/noun order,/v/ --> /b/; vent/bent,,,,,,
5,13e3c34f715fbfd4525ad43cd301f5a1fdcc749d43775dda84e8a7409a665498,The question does NOT need any corrections.,what_company_created_the_macbook_a_device_fool_of_features_to_help_students_do_homework_targ_23_B.wav,target,phon_err,make vs. other verb,/ʊ/ --> /u/; full/fool,,,,,,
5,13e3c34f715fbfd4525ad43cd301f5a1fdcc749d43775dda84e8a7409a665498,Apple,what_company_created_the_macbook_a_device_fool_of_features_to_help_students_do_homework_targ_23_B.wav,target,phon_err,make vs. other verb,/ʊ/ --> /u/; full/fool,,,,,,
5,13e3c34f715fbfd4525ad43cd301f5a1fdcc749d43775dda84e8a7409a665498,The question does NOT need any corrections.,if_i_consider_to_leave_work_after_the_fourth_hour_how_many_minutes_would_that_be_targ_24_C.wav,target,non_phon_err,infinitive vs. participle,/θ/ --> /t/; fourth/fort,,,,,,
5,13e3c34f715fbfd4525ad43cd301f5a1fdcc749d43775dda84e8a7409a665498,160 minutes,if_i_consider_to_leave_work_after_the_fourth_hour_how_many_minutes_would_that_be_targ_24_C.wav,target,non_phon_err,infinitive vs. participle,/θ/ --> /t/; fourth/fort,,,,,,
5,13e3c34f715fbfd4525ad43cd301f5a1fdcc749d43775dda84e8a7409a665498,The question does NOT need any corrections.,what_letter_in_the_latin_alphabet_corresponds_to_the_greek_letter_alpha_fill_01.wav,filler_other,NA,NA,NA,,,,,,
5,13e3c34f715fbfd4525ad43cd301f5a1fdcc749d43775dda84e8a7409a665498,A,what_letter_in_the_latin_alphabet_corresponds_to_the_greek_letter_alpha_fill_01.wav,filler_other,NA,NA,NA,,,,,,
5,13e3c34f715fbfd4525ad43cd301f5a1fdcc749d43775dda84e8a7409a665498,"The question does NOT need any corrections, but I don't know the answer/ I don't understand what the question is asking.",what_organ_is_often_associated_with_being_eaten_by_rotting_flesh_monsters_also_known_as_zombies_fill_02.wav,filler_other,NA,NA,NA,,,,,,
5,13e3c34f715fbfd4525ad43cd301f5a1fdcc749d43775dda84e8a7409a665498,NA,what_organ_is_often_associated_with_being_eaten_by_rotting_flesh_monsters_also_known_as_zombies_fill_02.wav,filler_other,NA,NA,NA,,,,,,
5,13e3c34f715fbfd4525ad43cd301f5a1fdcc749d43775dda84e8a7409a665498,The question does NOT need any corrections.,which_british_celebrity_judge_often_harshly_critiqued_contestants_on_the_nationwide_singing_contest_american_idol_fill_03.wav,filler_other,NA,NA,NA,,,,,,
5,13e3c34f715fbfd4525ad43cd301f5a1fdcc749d43775dda84e8a7409a665498,Simon Cowell,which_british_celebrity_judge_often_harshly_critiqued_contestants_on_the_nationwide_singing_contest_american_idol_fill_03.wav,filler_other,NA,NA,NA,,,,,,
5,13e3c34f715fbfd4525ad43cd301f5a1fdcc749d43775dda84e8a7409a665498,The question does NOT need any corrections.,which_cartoon_character_works_at_the_krusty_krab_and_is_best_friends_with_patrick_star_fill_04.wav,filler_other,NA,NA,NA,,,,,,
5,13e3c34f715fbfd4525ad43cd301f5a1fdcc749d43775dda84e8a7409a665498,Spongebob,which_cartoon_character_works_at_the_krusty_krab_and_is_best_friends_with_patrick_star_fill_04.wav,filler_other,NA,NA,NA,,,,,,
5,13e3c34f715fbfd4525ad43cd301f5a1fdcc749d43775dda84e8a7409a665498,"The question does NOT need any corrections, but I don't know the answer/ I don't understand what the question is asking.",which_body_part_did_van_gogh_allegedly_cut_off_after_an_argument_with_his_friend_fill_05.wav,filler_other,NA,NA,NA,,,,,,
5,13e3c34f715fbfd4525ad43cd301f5a1fdcc749d43775dda84e8a7409a665498,NA,which_body_part_did_van_gogh_allegedly_cut_off_after_an_argument_with_his_friend_fill_05.wav,filler_other,NA,NA,NA,,,,,,
5,13e3c34f715fbfd4525ad43cd301f5a1fdcc749d43775dda84e8a7409a665498,"The question does NOT need any corrections, but I don't know the answer/ I don't understand what the question is asking.",what_is_the_name_of_the_comic_strip_featuring_charlie_brown_and_his_dog_snoopy_fill_06.wav,filler_other,NA,NA,NA,,,,,,
5,13e3c34f715fbfd4525ad43cd301f5a1fdcc749d43775dda84e8a7409a665498,NA,what_is_the_name_of_the_comic_strip_featuring_charlie_brown_and_his_dog_snoopy_fill_06.wav,filler_other,NA,NA,NA,,,,,,
5,13e3c34f715fbfd4525ad43cd301f5a1fdcc749d43775dda84e8a7409a665498,The question does NOT need any corrections.,what_holiday_occurs_at_the_end_of_october_and_features_trick-or-treating_pumpkins_and_haunted_houses_fill_07.wav,filler_other,NA,NA,NA,,,,,,
5,13e3c34f715fbfd4525ad43cd301f5a1fdcc749d43775dda84e8a7409a665498,Halloween,what_holiday_occurs_at_the_end_of_october_and_features_trick-or-treating_pumpkins_and_haunted_houses_fill_07.wav,filler_other,NA,NA,NA,,,,,,
5,13e3c34f715fbfd4525ad43cd301f5a1fdcc749d43775dda84e8a7409a665498,The question does NOT need any corrections.,what_is_the_name_of_the_video_game_character_who_is_a_traveling_italian_plumber_fill_08.wav,filler_other,NA,NA,NA,,,,,,
5,13e3c34f715fbfd4525ad43cd301f5a1fdcc749d43775dda84e8a7409a665498,Mario,what_is_the_name_of_the_video_game_character_who_is_a_traveling_italian_plumber_fill_08.wav,filler_other,NA,NA,NA,,,,,,
5,13e3c34f715fbfd4525ad43cd301f5a1fdcc749d43775dda84e8a7409a665498,The question does NOT need any corrections.,what_kind_of_animal_is_mickey_mouse’s_girlfriend_minnie_who_wears_a_bow_fill_09.wav,filler_other,NA,NA,NA,,,,,,
5,13e3c34f715fbfd4525ad43cd301f5a1fdcc749d43775dda84e8a7409a665498,Mouse,what_kind_of_animal_is_mickey_mouse’s_girlfriend_minnie_who_wears_a_bow_fill_09.wav,filler_other,NA,NA,NA,,,,,,
5,13e3c34f715fbfd4525ad43cd301f5a1fdcc749d43775dda84e8a7409a665498,The question does NOT need any corrections.,which_cartoon_dog_solves_mysteries_with_the_group_fred_daphne_velma_and_shaggy_fill_10.wav,filler_other,NA,NA,NA,,,,,,
5,13e3c34f715fbfd4525ad43cd301f5a1fdcc749d43775dda84e8a7409a665498,Scooby Doo,which_cartoon_dog_solves_mysteries_with_the_group_fred_daphne_velma_and_shaggy_fill_10.wav,filler_other,NA,NA,NA,,,,,,
5,13e3c34f715fbfd4525ad43cd301f5a1fdcc749d43775dda84e8a7409a665498,The question does NOT need any corrections.,which_fast_food_chain_offers_foot-long_sandwiches_and_has_the_slogan_eat_fresh_fill_11.wav,filler_other,NA,NA,NA,,,,,,
5,13e3c34f715fbfd4525ad43cd301f5a1fdcc749d43775dda84e8a7409a665498,Subway,which_fast_food_chain_offers_foot-long_sandwiches_and_has_the_slogan_eat_fresh_fill_11.wav,filler_other,NA,NA,NA,,,,,,
5,13e3c34f715fbfd4525ad43cd301f5a1fdcc749d43775dda84e8a7409a665498,"The question does NOT need any corrections, but I don't know the answer/ I don't understand what the question is asking.",which_oscar-winning_movie_features_tom_hanks_saying_life_is_like_a_box_of_chocolates_fill_12.wav,filler_other,NA,NA,NA,,,,,,
5,13e3c34f715fbfd4525ad43cd301f5a1fdcc749d43775dda84e8a7409a665498,NA,which_oscar-winning_movie_features_tom_hanks_saying_life_is_like_a_box_of_chocolates_fill_12.wav,filler_other,NA,NA,NA,,,,,,
5,13e3c34f715fbfd4525ad43cd301f5a1fdcc749d43775dda84e8a7409a665498,"The question does NOT need any corrections, but I don't know the answer/ I don't understand what the question is asking.",what_novel_has_the_quote_i’m_late_i’m_late_for_a_very_important_date_fill_13.wav,filler_other,NA,NA,NA,,,,,,
5,13e3c34f715fbfd4525ad43cd301f5a1fdcc749d43775dda84e8a7409a665498,NA,what_novel_has_the_quote_i’m_late_i’m_late_for_a_very_important_date_fill_13.wav,filler_other,NA,NA,NA,,,,,,
5,13e3c34f715fbfd4525ad43cd301f5a1fdcc749d43775dda84e8a7409a665498,The question does NOT need any corrections.,what_mythical_creatures_have_been_said_to_drink_blood_turn_into_bats_and_hate_onions_fill_14.wav,filler_other,NA,NA,NA,,,,,,
5,13e3c34f715fbfd4525ad43cd301f5a1fdcc749d43775dda84e8a7409a665498,Vampire,what_mythical_creatures_have_been_said_to_drink_blood_turn_into_bats_and_hate_onions_fill_14.wav,filler_other,NA,NA,NA,,,,,,
5,13e3c34f715fbfd4525ad43cd301f5a1fdcc749d43775dda84e8a7409a665498,The question does NOT need any corrections.,who_discovered_the_law_of_universal_gravitation_which_accounts_for_why_objects_naturally_fall_downwards_fill_15.wav,filler_other,NA,NA,NA,,,,,,
5,13e3c34f715fbfd4525ad43cd301f5a1fdcc749d43775dda84e8a7409a665498,Albert Einstein,who_discovered_the_law_of_universal_gravitation_which_accounts_for_why_objects_naturally_fall_downwards_fill_15.wav,filler_other,NA,NA,NA,,,,,,
5,13e3c34f715fbfd4525ad43cd301f5a1fdcc749d43775dda84e8a7409a665498,"The question does NOT need any corrections, but I don't know the answer/ I don't understand what the question is asking.",which_soft_pastry_made_with_a_certain_spice_is_often_spiral-shaped_and_topped_with_icing_fill_16.wav,filler_other,NA,NA,NA,,,,,,
5,13e3c34f715fbfd4525ad43cd301f5a1fdcc749d43775dda84e8a7409a665498,NA,which_soft_pastry_made_with_a_certain_spice_is_often_spiral-shaped_and_topped_with_icing_fill_16.wav,filler_other,NA,NA,NA,,,,,,
5,13e3c34f715fbfd4525ad43cd301f5a1fdcc749d43775dda84e8a7409a665498,The question does NOT need any corrections.,what_us_holiday_is_often_celebrated_with_fireworks_and_hotdogs_to_honor_americas_freedom_fill_17.wav,filler_other,NA,NA,NA,,,,,,
5,13e3c34f715fbfd4525ad43cd301f5a1fdcc749d43775dda84e8a7409a665498,Independence Day,what_us_holiday_is_often_celebrated_with_fireworks_and_hotdogs_to_honor_americas_freedom_fill_17.wav,filler_other,NA,NA,NA,,,,,,
5,13e3c34f715fbfd4525ad43cd301f5a1fdcc749d43775dda84e8a7409a665498,"The question does NOT need any corrections, but I don't know the answer/ I don't understand what the question is asking.",which_tropical_fruit_that_grows_on_palm_trees_is_used_for_oils_and_milks_fill_18.wav,filler_other,NA,NA,NA,,,,,,
5,13e3c34f715fbfd4525ad43cd301f5a1fdcc749d43775dda84e8a7409a665498,NA,which_tropical_fruit_that_grows_on_palm_trees_is_used_for_oils_and_milks_fill_18.wav,filler_other,NA,NA,NA,,,,,,
5,13e3c34f715fbfd4525ad43cd301f5a1fdcc749d43775dda84e8a7409a665498,"The question does NOT need any corrections, but I don't know the answer/ I don't understand what the question is asking.",which_season_do_we_associate_with_thanksgiving_the_beginning_of_school_and_leaves_turning_brown_fill_19.wav,filler_other,NA,NA,NA,,,,,,
5,13e3c34f715fbfd4525ad43cd301f5a1fdcc749d43775dda84e8a7409a665498,NA,which_season_do_we_associate_with_thanksgiving_the_beginning_of_school_and_leaves_turning_brown_fill_19.wav,filler_other,NA,NA,NA,,,,,,
5,13e3c34f715fbfd4525ad43cd301f5a1fdcc749d43775dda84e8a7409a665498,The question needs to be CORRECTED.,what_musician_won_grammys_for_their_album_thriller_which_features_the_hit_song_beat_it_fill_20.wav,filler_other,NA,NA,NA,,,,,,
5,13e3c34f715fbfd4525ad43cd301f5a1fdcc749d43775dda84e8a7409a665498,"Michael Jackson; I believe ""feature"" should be ""features"" cause it is singular.",what_musician_won_grammys_for_their_album_thriller_which_features_the_hit_song_beat_it_fill_20.wav,filler_other,NA,NA,NA,,,,,,
5,13e3c34f715fbfd4525ad43cd301f5a1fdcc749d43775dda84e8a7409a665498,The question does NOT need any corrections.,what_animal_is_typically_white_with_black_spots_and_says_moo_fill_21.wav,filler_other,NA,NA,NA,,,,,,
5,13e3c34f715fbfd4525ad43cd301f5a1fdcc749d43775dda84e8a7409a665498,Cow,what_animal_is_typically_white_with_black_spots_and_says_moo_fill_21.wav,filler_other,NA,NA,NA,,,,,,
5,13e3c34f715fbfd4525ad43cd301f5a1fdcc749d43775dda84e8a7409a665498,The question does NOT need any corrections.,where_do_the_jolly_christmas_icons_santa_claus_and_his_wife_mrs._claus_live_fill_22.wav,filler_other,NA,NA,NA,,,,,,
5,13e3c34f715fbfd4525ad43cd301f5a1fdcc749d43775dda84e8a7409a665498,North Pole,where_do_the_jolly_christmas_icons_santa_claus_and_his_wife_mrs._claus_live_fill_22.wav,filler_other,NA,NA,NA,,,,,,
5,13e3c34f715fbfd4525ad43cd301f5a1fdcc749d43775dda84e8a7409a665498,"The question does NOT need any corrections, but I don't know the answer/ I don't understand what the question is asking.",in_the_famous_dr_seuss_book_what_orange_and_yellow_character_speaks_for_the_trees_fill_23.wav,filler_other,NA,NA,NA,,,,,,
5,13e3c34f715fbfd4525ad43cd301f5a1fdcc749d43775dda84e8a7409a665498,NA,in_the_famous_dr_seuss_book_what_orange_and_yellow_character_speaks_for_the_trees_fill_23.wav,filler_other,NA,NA,NA,,,,,,
5,13e3c34f715fbfd4525ad43cd301f5a1fdcc749d43775dda84e8a7409a665498,The question does NOT need any corrections.,in_what_country_would_you_find_landmarks_like_the_pyramids_of_giza_and_great_sphinx_fill_24.wav,filler_other,NA,NA,NA,,,,,,
5,13e3c34f715fbfd4525ad43cd301f5a1fdcc749d43775dda84e8a7409a665498,Egypt,in_what_country_would_you_find_landmarks_like_the_pyramids_of_giza_and_great_sphinx_fill_24.wav,filler_other,NA,NA,NA,,,,,,
6,1534ed3badfbec1adf21b784d8177f834f853d8cb0c265b46acc68d9d727b09d,The question does NOT need any corrections.,how_many_legs_does_a_dog_normally_have_fill_25.wav,att_check_good,NA,NA,NA,nans,,,a,,FB_1108
6,1534ed3badfbec1adf21b784d8177f834f853d8cb0c265b46acc68d9d727b09d,four,how_many_legs_does_a_dog_normally_have_fill_25.wav,att_check_good,NA,NA,NA,,,,,,
6,1534ed3badfbec1adf21b784d8177f834f853d8cb0c265b46acc68d9d727b09d,The question does NOT need any corrections.,what_state_is_los_angeles_located_in_fill_26.wav,att_check_good,NA,NA,NA,nans,,,a,,FB_1108
6,1534ed3badfbec1adf21b784d8177f834f853d8cb0c265b46acc68d9d727b09d,California,what_state_is_los_angeles_located_in_fill_26.wav,att_check_good,NA,NA,NA,,,,,,
6,1534ed3badfbec1adf21b784d8177f834f853d8cb0c265b46acc68d9d727b09d,The question does NOT need any corrections.,what_day_of_the_week_comes_after_monday_fill_27.wav,att_check_good,NA,NA,NA,nans,,,a,,FB_1108
6,1534ed3badfbec1adf21b784d8177f834f853d8cb0c265b46acc68d9d727b09d,Tuesday,what_day_of_the_week_comes_after_monday_fill_27.wav,att_check_good,NA,NA,NA,,,,,,
6,1534ed3badfbec1adf21b784d8177f834f853d8cb0c265b46acc68d9d727b09d,The question does NOT need any corrections.,what_color_is_a_typical_school_bus_fill_28.wav,att_check_good,NA,NA,NA,nans,,,a,,FB_1108
6,1534ed3badfbec1adf21b784d8177f834f853d8cb0c265b46acc68d9d727b09d,yellow,what_color_is_a_typical_school_bus_fill_28.wav,att_check_good,NA,NA,NA,,,,,,
6,1534ed3badfbec1adf21b784d8177f834f853d8cb0c265b46acc68d9d727b09d,The question needs to be CORRECTED.,in_the_cycle_of_seasons_what_season_comes_after_dinter_fill_29.wav,att_check_err,NA,NA,NA,y,,acheckp,,,FB_1108
6,1534ed3badfbec1adf21b784d8177f834f853d8cb0c265b46acc68d9d727b09d,dinter should be winter,in_the_cycle_of_seasons_what_season_comes_after_dinter_fill_29.wav,att_check_err,NA,NA,NA,,,,,,
6,1534ed3badfbec1adf21b784d8177f834f853d8cb0c265b46acc68d9d727b09d,The question needs to be CORRECTED.,what_insect_undergoes_a_process_of_change_to_turn_into_a_butterfy_fill_30.wav,att_check_err,NA,NA,NA,y,,acheckp,,,FB_1108
6,1534ed3badfbec1adf21b784d8177f834f853d8cb0c265b46acc68d9d727b09d,"butterfly was mispronounced as butter fy, should be fly instead of fy",what_insect_undergoes_a_process_of_change_to_turn_into_a_butterfy_fill_30.wav,att_check_err,NA,NA,NA,,,,,,
6,1534ed3badfbec1adf21b784d8177f834f853d8cb0c265b46acc68d9d727b09d,The question needs to be CORRECTED.,what_is_the_largest_plant_in_the_solar_system_fill_31.wav,att_check_err,NA,NA,NA,y,,acheckp,,,FB_1108
6,1534ed3badfbec1adf21b784d8177f834f853d8cb0c265b46acc68d9d727b09d,the speaker says plant when it should be planet,what_is_the_largest_plant_in_the_solar_system_fill_31.wav,att_check_err,NA,NA,NA,,,,,,
6,1534ed3badfbec1adf21b784d8177f834f853d8cb0c265b46acc68d9d727b09d,The question needs to be CORRECTED.,how_many_embers_were_in_the_beatles_the_british_rock_band_fill_32.wav,att_check_err,NA,NA,NA,y,,acheckp,,,FB_1108
6,1534ed3badfbec1adf21b784d8177f834f853d8cb0c265b46acc68d9d727b09d,members mispronounced as embers,how_many_embers_were_in_the_beatles_the_british_rock_band_fill_32.wav,att_check_err,NA,NA,NA,,,,,,
6,1534ed3badfbec1adf21b784d8177f834f853d8cb0c265b46acc68d9d727b09d,The question needs to be CORRECTED.,for_what_pink_ice_cream_flavor_will_companies_make_their_best_to_use_real_fruit_targ_01_C.wav,target,non_phon_err,make vs. other verb,/ɪ/ --> /i/; will/wheel,y,,np,,,FB_1108
6,1534ed3badfbec1adf21b784d8177f834f853d8cb0c265b46acc68d9d727b09d,make their best should be do their best,for_what_pink_ice_cream_flavor_will_companies_make_their_best_to_use_real_fruit_targ_01_C.wav,target,non_phon_err,make vs. other verb,/ɪ/ --> /i/; will/wheel,,,,,,
6,1534ed3badfbec1adf21b784d8177f834f853d8cb0c265b46acc68d9d727b09d,The question needs to be CORRECTED.,what_term_refers_to_armored_men_who_enjoyed_to_carry_medieval_swords_that_class_in_combat_targ_02_D.wav,target,both_err,infinitive vs. participle,/ʃ/ --> /s/; clash/class,y,,otherp,,unspecified phonological error ,FB_1108
6,1534ed3badfbec1adf21b784d8177f834f853d8cb0c265b46acc68d9d727b09d,there were multiple mispronounciations that I didn't understand the word intended,what_term_refers_to_armored_men_who_enjoyed_to_carry_medieval_swords_that_class_in_combat_targ_02_D.wav,target,both_err,infinitive vs. participle,/ʃ/ --> /s/; clash/class,,,,,,
6,1534ed3badfbec1adf21b784d8177f834f853d8cb0c265b46acc68d9d727b09d,The question needs to be CORRECTED.,which_scottish_actor_first_played_james_bond_wearing_kilts_to_red_carpets_when_he_was_32_years_old_targ_03_A.wav,target,correct,have vs. be,/k/ --> /g/; kilt/guilt,y,,otherp,,unspecified phonological error ,FB_1108
6,1534ed3badfbec1adf21b784d8177f834f853d8cb0c265b46acc68d9d727b09d,"multiple mispronunciations, at least three I think, but I can't recall them anymore",which_scottish_actor_first_played_james_bond_wearing_kilts_to_red_carpets_when_he_was_32_years_old_targ_03_A.wav,target,correct,have vs. be,/k/ --> /g/; kilt/guilt,,,,,,
6,1534ed3badfbec1adf21b784d8177f834f853d8cb0c265b46acc68d9d727b09d,The question needs to be CORRECTED.,what_did_neil_armstrong_say_during_his_berry_first_steps_on_the_moon_targ_04_B.wav,target,phon_err,no aux verbs in questions (lack of do support),/v/ --> /b/; very/berry,y,,p,,noted both target and irrelevant error ,FB_1108
6,1534ed3badfbec1adf21b784d8177f834f853d8cb0c265b46acc68d9d727b09d,"slight mispronounciations: nail -> niel, barry -> very",what_did_neil_armstrong_say_during_his_berry_first_steps_on_the_moon_targ_04_B.wav,target,phon_err,no aux verbs in questions (lack of do support),/v/ --> /b/; very/berry,,,,,,
6,1534ed3badfbec1adf21b784d8177f834f853d8cb0c265b46acc68d9d727b09d,The question needs to be CORRECTED.,what_kind_of_weather_could_occur_when_is_raining_and_below_freezing_targ_05_C.wav,target,non_phon_err,expletive 'it' dropping,/ʊ/ --> /u/; could/cooed,y,,otherp,,,FB_1108
6,1534ed3badfbec1adf21b784d8177f834f853d8cb0c265b46acc68d9d727b09d,o-CURE should sound more like o-KUR phonetically,what_kind_of_weather_could_occur_when_is_raining_and_below_freezing_targ_05_C.wav,target,non_phon_err,expletive 'it' dropping,/ʊ/ --> /u/; could/cooed,,,,,,
6,1534ed3badfbec1adf21b784d8177f834f853d8cb0c265b46acc68d9d727b09d,The question needs to be CORRECTED.,how_many_legs_does_a_garden_spider_canadian_whose_silk_can_make_clot_have_targ_06_D.wav,target,both_err,adj/noun order,/θ/ --> /t/; cloth/clot,y,,p,,noted the target error but misheard it as 'closs',FB_1108
6,1534ed3badfbec1adf21b784d8177f834f853d8cb0c265b46acc68d9d727b09d,"I don't know why she said Canadian, it sounds like it was added, also, cloth would be more correct than closs (could just be accent)",how_many_legs_does_a_garden_spider_canadian_whose_silk_can_make_clot_have_targ_06_D.wav,target,both_err,adj/noun order,/θ/ --> /t/; cloth/clot,,,,,,
6,1534ed3badfbec1adf21b784d8177f834f853d8cb0c265b46acc68d9d727b09d,The question does NOT need any corrections.,what_childrens_game_makes_people_sit_down_quickly_when_the_loud_music_stops_targ_07_A.wav,target,correct,adj/noun order,/ɪ/ --> /i/; sit/seat,nans,,,,,FB_1108
6,1534ed3badfbec1adf21b784d8177f834f853d8cb0c265b46acc68d9d727b09d,musical chairs,what_childrens_game_makes_people_sit_down_quickly_when_the_loud_music_stops_targ_07_A.wav,target,correct,adj/noun order,/ɪ/ --> /i/; sit/seat,,,,,,
6,1534ed3badfbec1adf21b784d8177f834f853d8cb0c265b46acc68d9d727b09d,The question needs to be CORRECTED.,because_it_is_important_to_honor_the_iris_saint_what_holiday_occurs_on_march_17th_targ_08_B.wav,target,phon_err,expletive 'it' dropping,/ʃ/ --> /s/; Irish/iris,y,,p,,,FB_1108
6,1534ed3badfbec1adf21b784d8177f834f853d8cb0c265b46acc68d9d727b09d,Irish should be prounounced with a SH sound instead of an S at the end like iris,because_it_is_important_to_honor_the_iris_saint_what_holiday_occurs_on_march_17th_targ_08_B.wav,target,phon_err,expletive 'it' dropping,/ʃ/ --> /s/; Irish/iris,,,,,,
6,1534ed3badfbec1adf21b784d8177f834f853d8cb0c265b46acc68d9d727b09d,The question needs to be CORRECTED.,if_laundry_service_will_come_in_five_days_and_todays_thursday_when_are_they_making_laundry_next_targ_09_C.wav,target,non_phon_err,make vs. other verb,/k/ --> /g/; come/gum,y,,np,,,FB_1108
6,1534ed3badfbec1adf21b784d8177f834f853d8cb0c265b46acc68d9d727b09d,making laundry should be doing laundry,if_laundry_service_will_come_in_five_days_and_todays_thursday_when_are_they_making_laundry_next_targ_09_C.wav,target,non_phon_err,make vs. other verb,/k/ --> /g/; come/gum,,,,,,
6,1534ed3badfbec1adf21b784d8177f834f853d8cb0c265b46acc68d9d727b09d,The question needs to be CORRECTED.,who_did_americans_boat_for_to_be_their_first_president_who_avoided_to_serve_three_terms_targ_10_D.wav,target,both_err,infinitive vs. participle,/v/ --> /b/; vote/boat,y,,p ,,also noted a np error but didn't specify,FB_1108
6,1534ed3badfbec1adf21b784d8177f834f853d8cb0c265b46acc68d9d727b09d,"should be vote instead of bote, something grammatically wrong with the way she used terms too, but i can't remember exactly now",who_did_americans_boat_for_to_be_their_first_president_who_avoided_to_serve_three_terms_targ_10_D.wav,target,both_err,infinitive vs. participle,/v/ --> /b/; vote/boat,,,,,,
6,1534ed3badfbec1adf21b784d8177f834f853d8cb0c265b46acc68d9d727b09d,The question does NOT need any corrections.,what_colors_can_be_on_a_traffic_light_which_often_senses_when_cars_pull_up_targ_11_A.wav,target,correct,have vs. be,/ʊ/ --> /u/; pulls/pools,nans,,,,,FB_1108
6,1534ed3badfbec1adf21b784d8177f834f853d8cb0c265b46acc68d9d727b09d,"red, green, and yellow",what_colors_can_be_on_a_traffic_light_which_often_senses_when_cars_pull_up_targ_11_A.wav,target,correct,have vs. be,/ʊ/ --> /u/; pulls/pools,,,,,,
6,1534ed3badfbec1adf21b784d8177f834f853d8cb0c265b46acc68d9d727b09d,The question needs to be CORRECTED.,if_youre_on_a_pat_from_california_to_hawaii_which_ocean_do_you_go_through_targ_12_B.wav,target,phon_err,no aux verbs in questions (lack of do support),/θ/ --> /t/; path/pat,y,,p,,,FB_1108
6,1534ed3badfbec1adf21b784d8177f834f853d8cb0c265b46acc68d9d727b09d,"pat should be path, TH instead of T",if_youre_on_a_pat_from_california_to_hawaii_which_ocean_do_you_go_through_targ_12_B.wav,target,phon_err,no aux verbs in questions (lack of do support),/θ/ --> /t/; path/pat,,,,,,
6,1534ed3badfbec1adf21b784d8177f834f853d8cb0c265b46acc68d9d727b09d,The question needs to be CORRECTED.,what_supplies_you_need_to_knit_a_scarf_targ_13_C.wav,target,non_phon_err,no aux verbs in questions (lack of do support),/ɪ/ --> /i/; knit/neat,y,,p,,,FB_1108
6,1534ed3badfbec1adf21b784d8177f834f853d8cb0c265b46acc68d9d727b09d,"knit should be pronounced ""nit"" with a short I, instead of like neat with a long E sound",what_supplies_you_need_to_knit_a_scarf_targ_13_C.wav,target,non_phon_err,no aux verbs in questions (lack of do support),/ɪ/ --> /i/; knit/neat,,,,,,
6,1534ed3badfbec1adf21b784d8177f834f853d8cb0c265b46acc68d9d727b09d,The question needs to be CORRECTED.,what_city_have_people_rust_to_tour_to_see_where_the_us_government_makes_business_targ_14_D.wav,target,both_err,make vs. other verb,/ʃ/ --> /s/; rushed/rust,y,,np,,also noted a p error but didn't specify,FB_1108
6,1534ed3badfbec1adf21b784d8177f834f853d8cb0c265b46acc68d9d727b09d,"there are at least two errors, a mispronounciation in the first half, though I didn't catch exactly what she said, and in the second half it should be does business instead of makes business.",what_city_have_people_rust_to_tour_to_see_where_the_us_government_makes_business_targ_14_D.wav,target,both_err,make vs. other verb,/ʃ/ --> /s/; rushed/rust,,,,,,
6,1534ed3badfbec1adf21b784d8177f834f853d8cb0c265b46acc68d9d727b09d,The question needs to be CORRECTED.,what_colors_make_up_a_traditional_candy_cane_which_people_enjoy_eating_during_christmas_targ_15_A.wav,target,correct,infinitive vs. participle,/k/ --> /g/; cane/gain,y,,otherp,,,FB_1108
6,1534ed3badfbec1adf21b784d8177f834f853d8cb0c265b46acc68d9d727b09d,"mispronounciation of traditional, speaker says tradictional",what_colors_make_up_a_traditional_candy_cane_which_people_enjoy_eating_during_christmas_targ_15_A.wav,target,correct,infinitive vs. participle,/k/ --> /g/; cane/gain,,,,,,
6,1534ed3badfbec1adf21b784d8177f834f853d8cb0c265b46acc68d9d727b09d,The question needs to be CORRECTED.,where_do_people_get_drivers_licenses_since_it_is_required_as_ballad_id_to_drive_targ_16_B.wav,target,phon_err,expletive 'it' dropping,/v/ --> /b/; valid/ballad,y,,otherirr,,,FB_1108
6,1534ed3badfbec1adf21b784d8177f834f853d8cb0c265b46acc68d9d727b09d,"as valid ID would be better stated like this ""as a valid ID""",where_do_people_get_drivers_licenses_since_it_is_required_as_ballad_id_to_drive_targ_16_B.wav,target,phon_err,expletive 'it' dropping,/v/ --> /b/; valid/ballad,,,,,,
6,1534ed3badfbec1adf21b784d8177f834f853d8cb0c265b46acc68d9d727b09d,The question needs to be CORRECTED.,how_many_days_would_my_bike_tandem_be_gone_if_someone_borrows_it_for_july_targ_17_C.wav,target,non_phon_err,adj/noun order,/ʊ/ --> /u/; would/wooed,y,,np,,noted both target and irrelevant error ,FB_1108
6,1534ed3badfbec1adf21b784d8177f834f853d8cb0c265b46acc68d9d727b09d,"bike tandem should be tandem bike, and july would have a more pronounced j sound, but that sounds like an accent, like a slightly silent j",how_many_days_would_my_bike_tandem_be_gone_if_someone_borrows_it_for_july_targ_17_C.wav,target,non_phon_err,adj/noun order,/ʊ/ --> /u/; would/wooed,,,,,,
6,1534ed3badfbec1adf21b784d8177f834f853d8cb0c265b46acc68d9d727b09d,The question needs to be CORRECTED.,when_you_have_hot_what_device_measures_body_temperature_in_boat_celsius_and_fahrenheit_targ_18_D.wav,target,both_err,have vs. be,/θ/ --> /t/; both/boat,y,,otherp,,,FB_1108
6,1534ed3badfbec1adf21b784d8177f834f853d8cb0c265b46acc68d9d727b09d,when you have hot I think should be when you have heat,when_you_have_hot_what_device_measures_body_temperature_in_boat_celsius_and_fahrenheit_targ_18_D.wav,target,both_err,have vs. be,/θ/ --> /t/; both/boat,,,,,,
6,1534ed3badfbec1adf21b784d8177f834f853d8cb0c265b46acc68d9d727b09d,The question does NOT need any corrections.,what_big_star_in_our_solar_system_can_still_be_visible_when_it_is_cloudy_targ_19_A.wav,target,correct,expletive 'it' dropping,/ɪ/ --> /i/; still/steal,nans,,,,,FB_1108
6,1534ed3badfbec1adf21b784d8177f834f853d8cb0c265b46acc68d9d727b09d,sun,what_big_star_in_our_solar_system_can_still_be_visible_when_it_is_cloudy_targ_19_A.wav,target,correct,expletive 'it' dropping,/ɪ/ --> /i/; still/steal,,,,,,
6,1534ed3badfbec1adf21b784d8177f834f853d8cb0c265b46acc68d9d727b09d,The question needs to be CORRECTED.,what_popular_us_chain_provides_a_happy_meal_toy_or_plus_when_kids_are_hungry_targ_20_B.wav,target,phon_err,have vs. be,/ʃ/ --> /s/; plush/plus,y,,p?,,,FB_1108
6,1534ed3badfbec1adf21b784d8177f834f853d8cb0c265b46acc68d9d727b09d,"the speaker says ""plass"" or something, which I think should be ""prize""",what_popular_us_chain_provides_a_happy_meal_toy_or_plus_when_kids_are_hungry_targ_20_B.wav,target,phon_err,have vs. be,/ʃ/ --> /s/; plush/plus,,,,,,
6,1534ed3badfbec1adf21b784d8177f834f853d8cb0c265b46acc68d9d727b09d,The question needs to be CORRECTED.,in_the_lion_king_who_nala_talk_to_and_is_laying_in_a_cot_after_theyve_reunited_targ_21_C.wav,target,non_phon_err,no aux verbs in questions (lack of do support),/k/ --> /g/; cot/got,y,,np,,,FB_1108
6,1534ed3badfbec1adf21b784d8177f834f853d8cb0c265b46acc68d9d727b09d,"who did Nala rather than who Nala, maybe one other grammatical error but I can't remember now",in_the_lion_king_who_nala_talk_to_and_is_laying_in_a_cot_after_theyve_reunited_targ_21_C.wav,target,non_phon_err,no aux verbs in questions (lack of do support),/k/ --> /g/; cot/got,,,,,,
6,1534ed3badfbec1adf21b784d8177f834f853d8cb0c265b46acc68d9d727b09d,The question needs to be CORRECTED.,if_a_janitor_hardworking_cleaned_a_bent_in_five_minutes_how_many_seconds_is_that_targ_22_D.wav,target,both_err,adj/noun order,/v/ --> /b/; vent/bent,y,,otherp,,,FB_1108
6,1534ed3badfbec1adf21b784d8177f834f853d8cb0c265b46acc68d9d727b09d,"the speaker says something odd which I think should be janitor, mispronounciation",if_a_janitor_hardworking_cleaned_a_bent_in_five_minutes_how_many_seconds_is_that_targ_22_D.wav,target,both_err,adj/noun order,/v/ --> /b/; vent/bent,,,,,,
6,1534ed3badfbec1adf21b784d8177f834f853d8cb0c265b46acc68d9d727b09d,The question does NOT need any corrections.,what_company_created_the_macbook_a_device_full_of_features_to_help_students_do_homework_targ_23_A.wav,target,correct,make vs. other verb,/ʊ/ --> /u/; full/fool,nans,,,,,FB_1108
6,1534ed3badfbec1adf21b784d8177f834f853d8cb0c265b46acc68d9d727b09d,Apple,what_company_created_the_macbook_a_device_full_of_features_to_help_students_do_homework_targ_23_A.wav,target,correct,make vs. other verb,/ʊ/ --> /u/; full/fool,,,,,,
6,1534ed3badfbec1adf21b784d8177f834f853d8cb0c265b46acc68d9d727b09d,The question needs to be CORRECTED.,if_i_consider_leaving_work_after_the_fort_hour_how_many_minutes_would_that_be_targ_24_B.wav,target,phon_err,infinitive vs. participle,/θ/ --> /t/; fourth/fort,y,,p,,,FB_1108
6,1534ed3badfbec1adf21b784d8177f834f853d8cb0c265b46acc68d9d727b09d,"fort should be fourth, th instead of t sound",if_i_consider_leaving_work_after_the_fort_hour_how_many_minutes_would_that_be_targ_24_B.wav,target,phon_err,infinitive vs. participle,/θ/ --> /t/; fourth/fort,,,,,,
6,1534ed3badfbec1adf21b784d8177f834f853d8cb0c265b46acc68d9d727b09d,"The question does NOT need any corrections, but I don't know the answer/ I don't understand what the question is asking.",what_letter_in_the_latin_alphabet_corresponds_to_the_greek_letter_alpha_fill_01.wav,filler_other,NA,NA,NA,nun,,,,,FB_1108
6,1534ed3badfbec1adf21b784d8177f834f853d8cb0c265b46acc68d9d727b09d,NA,what_letter_in_the_latin_alphabet_corresponds_to_the_greek_letter_alpha_fill_01.wav,filler_other,NA,NA,NA,,,,,,
6,1534ed3badfbec1adf21b784d8177f834f853d8cb0c265b46acc68d9d727b09d,The question needs to be CORRECTED.,what_organ_is_often_associated_with_being_eaten_by_rotting_flesh_monsters_also_known_as_zombies_fill_02.wav,filler_other,NA,NA,NA,y,,otherirr,,,FB_1108
6,1534ed3badfbec1adf21b784d8177f834f853d8cb0c265b46acc68d9d727b09d,"The speaker says rotten flesh monsters, but it would be better to say rotting flesh monsters",what_organ_is_often_associated_with_being_eaten_by_rotting_flesh_monsters_also_known_as_zombies_fill_02.wav,filler_other,NA,NA,NA,,,,,,
6,1534ed3badfbec1adf21b784d8177f834f853d8cb0c265b46acc68d9d727b09d,"The question does NOT need any corrections, but I don't know the answer/ I don't understand what the question is asking.",which_british_celebrity_judge_often_harshly_critiqued_contestants_on_the_nationwide_singing_contest_american_idol_fill_03.wav,filler_other,NA,NA,NA,nun,,,,,FB_1108
6,1534ed3badfbec1adf21b784d8177f834f853d8cb0c265b46acc68d9d727b09d,NA,which_british_celebrity_judge_often_harshly_critiqued_contestants_on_the_nationwide_singing_contest_american_idol_fill_03.wav,filler_other,NA,NA,NA,,,,,,
6,1534ed3badfbec1adf21b784d8177f834f853d8cb0c265b46acc68d9d727b09d,The question does NOT need any corrections.,which_cartoon_character_works_at_the_krusty_krab_and_is_best_friends_with_patrick_star_fill_04.wav,filler_other,NA,NA,NA,nans,,,,,FB_1108
6,1534ed3badfbec1adf21b784d8177f834f853d8cb0c265b46acc68d9d727b09d,Sponge Bob,which_cartoon_character_works_at_the_krusty_krab_and_is_best_friends_with_patrick_star_fill_04.wav,filler_other,NA,NA,NA,,,,,,
6,1534ed3badfbec1adf21b784d8177f834f853d8cb0c265b46acc68d9d727b09d,"The question does NOT need any corrections, but I don't know the answer/ I don't understand what the question is asking.",which_body_part_did_van_gogh_allegedly_cut_off_after_an_argument_with_his_friend_fill_05.wav,filler_other,NA,NA,NA,nun,,,,,FB_1108
6,1534ed3badfbec1adf21b784d8177f834f853d8cb0c265b46acc68d9d727b09d,"I accidentally chose the wrong response, and meant to choose three.",which_body_part_did_van_gogh_allegedly_cut_off_after_an_argument_with_his_friend_fill_05.wav,filler_other,NA,NA,NA,,,,,,
6,1534ed3badfbec1adf21b784d8177f834f853d8cb0c265b46acc68d9d727b09d,The question does NOT need any corrections.,what_is_the_name_of_the_comic_strip_featuring_charlie_brown_and_his_dog_snoopy_fill_06.wav,filler_other,NA,NA,NA,nans,,,,,FB_1108
6,1534ed3badfbec1adf21b784d8177f834f853d8cb0c265b46acc68d9d727b09d,peanuts,what_is_the_name_of_the_comic_strip_featuring_charlie_brown_and_his_dog_snoopy_fill_06.wav,filler_other,NA,NA,NA,,,,,,
6,1534ed3badfbec1adf21b784d8177f834f853d8cb0c265b46acc68d9d727b09d,The question needs to be CORRECTED.,what_holiday_occurs_at_the_end_of_october_and_features_trick-or-treating_pumpkins_and_haunted_houses_fill_07.wav,filler_other,NA,NA,NA,y,,otherp,,,FB_1108
6,1534ed3badfbec1adf21b784d8177f834f853d8cb0c265b46acc68d9d727b09d,"o-CURES should be o-KURS phonetically, and pumpkins was mispronounced as pumkings",what_holiday_occurs_at_the_end_of_october_and_features_trick-or-treating_pumpkins_and_haunted_houses_fill_07.wav,filler_other,NA,NA,NA,,,,,,
6,1534ed3badfbec1adf21b784d8177f834f853d8cb0c265b46acc68d9d727b09d,The question does NOT need any corrections.,what_is_the_name_of_the_video_game_character_who_is_a_traveling_italian_plumber_fill_08.wav,filler_other,NA,NA,NA,nans,,,,,FB_1108
6,1534ed3badfbec1adf21b784d8177f834f853d8cb0c265b46acc68d9d727b09d,Mario,what_is_the_name_of_the_video_game_character_who_is_a_traveling_italian_plumber_fill_08.wav,filler_other,NA,NA,NA,,,,,,
6,1534ed3badfbec1adf21b784d8177f834f853d8cb0c265b46acc68d9d727b09d,The question does NOT need any corrections.,what_kind_of_animal_is_mickey_mouse’s_girlfriend_minnie_who_wears_a_bow_fill_09.wav,filler_other,NA,NA,NA,nans,,,,,FB_1108
6,1534ed3badfbec1adf21b784d8177f834f853d8cb0c265b46acc68d9d727b09d,Mouse,what_kind_of_animal_is_mickey_mouse’s_girlfriend_minnie_who_wears_a_bow_fill_09.wav,filler_other,NA,NA,NA,,,,,,
6,1534ed3badfbec1adf21b784d8177f834f853d8cb0c265b46acc68d9d727b09d,"The question does NOT need any corrections, but I don't know the answer/ I don't understand what the question is asking.",which_cartoon_dog_solves_mysteries_with_the_group_fred_daphne_velma_and_shaggy_fill_10.wav,filler_other,NA,NA,NA,nun,,,,,FB_1108
6,1534ed3badfbec1adf21b784d8177f834f853d8cb0c265b46acc68d9d727b09d,NA,which_cartoon_dog_solves_mysteries_with_the_group_fred_daphne_velma_and_shaggy_fill_10.wav,filler_other,NA,NA,NA,,,,,,
6,1534ed3badfbec1adf21b784d8177f834f853d8cb0c265b46acc68d9d727b09d,The question does NOT need any corrections.,which_fast_food_chain_offers_foot-long_sandwiches_and_has_the_slogan_eat_fresh_fill_11.wav,filler_other,NA,NA,NA,nans,,,,,FB_1108
6,1534ed3badfbec1adf21b784d8177f834f853d8cb0c265b46acc68d9d727b09d,Subway,which_fast_food_chain_offers_foot-long_sandwiches_and_has_the_slogan_eat_fresh_fill_11.wav,filler_other,NA,NA,NA,,,,,,
6,1534ed3badfbec1adf21b784d8177f834f853d8cb0c265b46acc68d9d727b09d,The question does NOT need any corrections.,which_oscar-winning_movie_features_tom_hanks_saying_life_is_like_a_box_of_chocolates_fill_12.wav,filler_other,NA,NA,NA,nans,,,,,FB_1108
6,1534ed3badfbec1adf21b784d8177f834f853d8cb0c265b46acc68d9d727b09d,Forrest Gump,which_oscar-winning_movie_features_tom_hanks_saying_life_is_like_a_box_of_chocolates_fill_12.wav,filler_other,NA,NA,NA,,,,,,
6,1534ed3badfbec1adf21b784d8177f834f853d8cb0c265b46acc68d9d727b09d,The question does NOT need any corrections.,what_novel_has_the_quote_i’m_late_i’m_late_for_a_very_important_date_fill_13.wav,filler_other,NA,NA,NA,nans,,,,,FB_1108
6,1534ed3badfbec1adf21b784d8177f834f853d8cb0c265b46acc68d9d727b09d,alice in wonderland,what_novel_has_the_quote_i’m_late_i’m_late_for_a_very_important_date_fill_13.wav,filler_other,NA,NA,NA,,,,,,
6,1534ed3badfbec1adf21b784d8177f834f853d8cb0c265b46acc68d9d727b09d,The question needs to be CORRECTED.,what_mythical_creatures_have_been_said_to_drink_blood_turn_into_bats_and_hate_onions_fill_14.wav,filler_other,NA,NA,NA,y,,otherp,,,FB_1108
6,1534ed3badfbec1adf21b784d8177f834f853d8cb0c265b46acc68d9d727b09d,i think she said hab instead of have,what_mythical_creatures_have_been_said_to_drink_blood_turn_into_bats_and_hate_onions_fill_14.wav,filler_other,NA,NA,NA,,,,,,
6,1534ed3badfbec1adf21b784d8177f834f853d8cb0c265b46acc68d9d727b09d,"The question does NOT need any corrections, but I don't know the answer/ I don't understand what the question is asking.",who_discovered_the_law_of_universal_gravitation_which_accounts_for_why_objects_naturally_fall_downwards_fill_15.wav,filler_other,NA,NA,NA,nun,,,,,FB_1108
6,1534ed3badfbec1adf21b784d8177f834f853d8cb0c265b46acc68d9d727b09d,NA,who_discovered_the_law_of_universal_gravitation_which_accounts_for_why_objects_naturally_fall_downwards_fill_15.wav,filler_other,NA,NA,NA,,,,,,
6,1534ed3badfbec1adf21b784d8177f834f853d8cb0c265b46acc68d9d727b09d,The question does NOT need any corrections.,which_soft_pastry_made_with_a_certain_spice_is_often_spiral-shaped_and_topped_with_icing_fill_16.wav,filler_other,NA,NA,NA,nans,,,,,FB_1108
6,1534ed3badfbec1adf21b784d8177f834f853d8cb0c265b46acc68d9d727b09d,cinnamon roll,which_soft_pastry_made_with_a_certain_spice_is_often_spiral-shaped_and_topped_with_icing_fill_16.wav,filler_other,NA,NA,NA,,,,,,
6,1534ed3badfbec1adf21b784d8177f834f853d8cb0c265b46acc68d9d727b09d,The question does NOT need any corrections.,what_us_holiday_is_often_celebrated_with_fireworks_and_hotdogs_to_honor_americas_freedom_fill_17.wav,filler_other,NA,NA,NA,nans,,,,,FB_1108
6,1534ed3badfbec1adf21b784d8177f834f853d8cb0c265b46acc68d9d727b09d,fourth of july,what_us_holiday_is_often_celebrated_with_fireworks_and_hotdogs_to_honor_americas_freedom_fill_17.wav,filler_other,NA,NA,NA,,,,,,
6,1534ed3badfbec1adf21b784d8177f834f853d8cb0c265b46acc68d9d727b09d,The question does NOT need any corrections.,which_tropical_fruit_that_grows_on_palm_trees_is_used_for_oils_and_milks_fill_18.wav,filler_other,NA,NA,NA,nans,,,,,FB_1108
6,1534ed3badfbec1adf21b784d8177f834f853d8cb0c265b46acc68d9d727b09d,coconut,which_tropical_fruit_that_grows_on_palm_trees_is_used_for_oils_and_milks_fill_18.wav,filler_other,NA,NA,NA,,,,,,
6,1534ed3badfbec1adf21b784d8177f834f853d8cb0c265b46acc68d9d727b09d,The question does NOT need any corrections.,which_season_do_we_associate_with_thanksgiving_the_beginning_of_school_and_leaves_turning_brown_fill_19.wav,filler_other,NA,NA,NA,nans,,,,,FB_1108
6,1534ed3badfbec1adf21b784d8177f834f853d8cb0c265b46acc68d9d727b09d,Fall,which_season_do_we_associate_with_thanksgiving_the_beginning_of_school_and_leaves_turning_brown_fill_19.wav,filler_other,NA,NA,NA,,,,,,
6,1534ed3badfbec1adf21b784d8177f834f853d8cb0c265b46acc68d9d727b09d,The question does NOT need any corrections.,what_musician_won_grammys_for_their_album_thriller_which_features_the_hit_song_beat_it_fill_20.wav,filler_other,NA,NA,NA,nans,,,,,FB_1108
6,1534ed3badfbec1adf21b784d8177f834f853d8cb0c265b46acc68d9d727b09d,"I think it asked about the album, but I don't know that, just that it was Michael Jackson as the singer. should have chosen NA",what_musician_won_grammys_for_their_album_thriller_which_features_the_hit_song_beat_it_fill_20.wav,filler_other,NA,NA,NA,,,,,,
6,1534ed3badfbec1adf21b784d8177f834f853d8cb0c265b46acc68d9d727b09d,The question does NOT need any corrections.,what_animal_is_typically_white_with_black_spots_and_says_moo_fill_21.wav,filler_other,NA,NA,NA,nans,,,,,FB_1108
6,1534ed3badfbec1adf21b784d8177f834f853d8cb0c265b46acc68d9d727b09d,cow,what_animal_is_typically_white_with_black_spots_and_says_moo_fill_21.wav,filler_other,NA,NA,NA,,,,,,
6,1534ed3badfbec1adf21b784d8177f834f853d8cb0c265b46acc68d9d727b09d,The question does NOT need any corrections.,where_do_the_jolly_christmas_icons_santa_claus_and_his_wife_mrs._claus_live_fill_22.wav,filler_other,NA,NA,NA,nans,,,,,FB_1108
6,1534ed3badfbec1adf21b784d8177f834f853d8cb0c265b46acc68d9d727b09d,the north pole,where_do_the_jolly_christmas_icons_santa_claus_and_his_wife_mrs._claus_live_fill_22.wav,filler_other,NA,NA,NA,,,,,,
6,1534ed3badfbec1adf21b784d8177f834f853d8cb0c265b46acc68d9d727b09d,The question does NOT need any corrections.,in_the_famous_dr_seuss_book_what_orange_and_yellow_character_speaks_for_the_trees_fill_23.wav,filler_other,NA,NA,NA,nans,,,,,FB_1108
6,1534ed3badfbec1adf21b784d8177f834f853d8cb0c265b46acc68d9d727b09d,the Lorax,in_the_famous_dr_seuss_book_what_orange_and_yellow_character_speaks_for_the_trees_fill_23.wav,filler_other,NA,NA,NA,,,,,,
6,1534ed3badfbec1adf21b784d8177f834f853d8cb0c265b46acc68d9d727b09d,The question needs to be CORRECTED.,in_what_country_would_you_find_landmarks_like_the_pyramids_of_giza_and_great_sphinx_fill_24.wav,filler_other,NA,NA,NA,y,,otherirr,,,FB_1108
6,1534ed3badfbec1adf21b784d8177f834f853d8cb0c265b46acc68d9d727b09d,"it would be more clear to enunciate the ""T"" on great, sounds slurred into Sphynx",in_what_country_would_you_find_landmarks_like_the_pyramids_of_giza_and_great_sphinx_fill_24.wav,filler_other,NA,NA,NA,,,,,,
7,16198ec2d61bd3acf1d6e990d95fcceacf29d69d0ae0e1beacbb359b2c42b1f7,The question does NOT need any corrections.,how_many_legs_does_a_dog_normally_have_fill_25.wav,att_check_good,NA,NA,NA,nans,,,a,,FB_1108
7,16198ec2d61bd3acf1d6e990d95fcceacf29d69d0ae0e1beacbb359b2c42b1f7,four,how_many_legs_does_a_dog_normally_have_fill_25.wav,att_check_good,NA,NA,NA,,,,,,
7,16198ec2d61bd3acf1d6e990d95fcceacf29d69d0ae0e1beacbb359b2c42b1f7,The question does NOT need any corrections.,what_state_is_los_angeles_located_in_fill_26.wav,att_check_good,NA,NA,NA,nans,,,a,,FB_1108
7,16198ec2d61bd3acf1d6e990d95fcceacf29d69d0ae0e1beacbb359b2c42b1f7,California,what_state_is_los_angeles_located_in_fill_26.wav,att_check_good,NA,NA,NA,,,,,,
7,16198ec2d61bd3acf1d6e990d95fcceacf29d69d0ae0e1beacbb359b2c42b1f7,The question needs to be CORRECTED.,what_day_of_the_week_comes_after_monday_fill_27.wav,att_check_good,NA,NA,NA,y,,otherp,,,FB_1108
7,16198ec2d61bd3acf1d6e990d95fcceacf29d69d0ae0e1beacbb359b2c42b1f7,"The answer is Tusday; there is a sound issue, speaker said ""momday"" but it should have been ""monday""",what_day_of_the_week_comes_after_monday_fill_27.wav,att_check_good,NA,NA,NA,,,,,,
7,16198ec2d61bd3acf1d6e990d95fcceacf29d69d0ae0e1beacbb359b2c42b1f7,The question does NOT need any corrections.,what_color_is_a_typical_school_bus_fill_28.wav,att_check_good,NA,NA,NA,nans,,,a,,FB_1108
7,16198ec2d61bd3acf1d6e990d95fcceacf29d69d0ae0e1beacbb359b2c42b1f7,Yellow,what_color_is_a_typical_school_bus_fill_28.wav,att_check_good,NA,NA,NA,,,,,,
7,16198ec2d61bd3acf1d6e990d95fcceacf29d69d0ae0e1beacbb359b2c42b1f7,The question needs to be CORRECTED.,in_the_cycle_of_seasons_what_season_comes_after_dinter_fill_29.wav,att_check_err,NA,NA,NA,y,,acheckp,,,FB_1108
7,16198ec2d61bd3acf1d6e990d95fcceacf29d69d0ae0e1beacbb359b2c42b1f7,"The answer is spring but there is a sound issue. ""Winter"" sounded like ""dinter""",in_the_cycle_of_seasons_what_season_comes_after_dinter_fill_29.wav,att_check_err,NA,NA,NA,,,,,,
7,16198ec2d61bd3acf1d6e990d95fcceacf29d69d0ae0e1beacbb359b2c42b1f7,The question does NOT need any corrections.,what_insect_undergoes_a_process_of_change_to_turn_into_a_butterfy_fill_30.wav,att_check_err,NA,NA,NA,nans,,acheckf,,,FB_1108
7,16198ec2d61bd3acf1d6e990d95fcceacf29d69d0ae0e1beacbb359b2c42b1f7,Catterpiller,what_insect_undergoes_a_process_of_change_to_turn_into_a_butterfy_fill_30.wav,att_check_err,NA,NA,NA,,,,,,
7,16198ec2d61bd3acf1d6e990d95fcceacf29d69d0ae0e1beacbb359b2c42b1f7,"The question does NOT need any corrections, but I don't know the answer/ I don't understand what the question is asking.",what_is_the_largest_plant_in_the_solar_system_fill_31.wav,att_check_err,NA,NA,NA,nun,,acheckf,,,FB_1108
7,16198ec2d61bd3acf1d6e990d95fcceacf29d69d0ae0e1beacbb359b2c42b1f7,NA,what_is_the_largest_plant_in_the_solar_system_fill_31.wav,att_check_err,NA,NA,NA,,,,,,
7,16198ec2d61bd3acf1d6e990d95fcceacf29d69d0ae0e1beacbb359b2c42b1f7,The question needs to be CORRECTED.,how_many_embers_were_in_the_beatles_the_british_rock_band_fill_32.wav,att_check_err,NA,NA,NA,y,,acheckp,,,FB_1108
7,16198ec2d61bd3acf1d6e990d95fcceacf29d69d0ae0e1beacbb359b2c42b1f7,"I am not sure of the answer and there was a sound issue. The speaker said ""How many embers"" when it should have been ""how many members.",how_many_embers_were_in_the_beatles_the_british_rock_band_fill_32.wav,att_check_err,NA,NA,NA,,,,,,
7,16198ec2d61bd3acf1d6e990d95fcceacf29d69d0ae0e1beacbb359b2c42b1f7,"The question does NOT need any corrections, but I don't know the answer/ I don't understand what the question is asking.",for_what_pink_ice_cream_flavor_will_companies_do_their_best_to_use_real_fruit_targ_01_A.wav,target,correct,make vs. other verb,/ɪ/ --> /i/; will/wheel,nun,,,,,FB_1108
7,16198ec2d61bd3acf1d6e990d95fcceacf29d69d0ae0e1beacbb359b2c42b1f7,NA,for_what_pink_ice_cream_flavor_will_companies_do_their_best_to_use_real_fruit_targ_01_A.wav,target,correct,make vs. other verb,/ɪ/ --> /i/; will/wheel,,,,,,
7,16198ec2d61bd3acf1d6e990d95fcceacf29d69d0ae0e1beacbb359b2c42b1f7,"The question does NOT need any corrections, but I don't know the answer/ I don't understand what the question is asking.",what_term_refers_to_armored_men_who_enjoyed_carrying_medieval_swords_that_class_in_combat_targ_02_B.wav,target,phon_err,infinitive vs. participle,/ʃ/ --> /s/; clash/class,nun,,,,,FB_1108
7,16198ec2d61bd3acf1d6e990d95fcceacf29d69d0ae0e1beacbb359b2c42b1f7,NA,what_term_refers_to_armored_men_who_enjoyed_carrying_medieval_swords_that_class_in_combat_targ_02_B.wav,target,phon_err,infinitive vs. participle,/ʃ/ --> /s/; clash/class,,,,,,
7,16198ec2d61bd3acf1d6e990d95fcceacf29d69d0ae0e1beacbb359b2c42b1f7,The question needs to be CORRECTED.,which_scottish_actor_first_played_james_bond_wearing_kilts_to_red_carpets_when_he_had_32_years_old_targ_03_C.wav,target,non_phon_err,have vs. be,/k/ --> /g/; kilt/guilt,y,,np,,,FB_1108
7,16198ec2d61bd3acf1d6e990d95fcceacf29d69d0ae0e1beacbb359b2c42b1f7,"Can't think of the actors name; but there is a grammatical issue, the speaker said ""when he had 38 years old"" but should have been ""when he was 38 years old""",which_scottish_actor_first_played_james_bond_wearing_kilts_to_red_carpets_when_he_had_32_years_old_targ_03_C.wav,target,non_phon_err,have vs. be,/k/ --> /g/; kilt/guilt,,,,,,
7,16198ec2d61bd3acf1d6e990d95fcceacf29d69d0ae0e1beacbb359b2c42b1f7,"The question does NOT need any corrections, but I don't know the answer/ I don't understand what the question is asking.",what_neil_armstrong_say_during_his_berry_first_steps_on_the_moon_targ_04_D.wav,target,both_err,no aux verbs in questions (lack of do support),/v/ --> /b/; very/berry,nun,,,,,FB_1108
7,16198ec2d61bd3acf1d6e990d95fcceacf29d69d0ae0e1beacbb359b2c42b1f7,NA,what_neil_armstrong_say_during_his_berry_first_steps_on_the_moon_targ_04_D.wav,target,both_err,no aux verbs in questions (lack of do support),/v/ --> /b/; very/berry,,,,,,
7,16198ec2d61bd3acf1d6e990d95fcceacf29d69d0ae0e1beacbb359b2c42b1f7,The question needs to be CORRECTED.,what_kind_of_weather_could_occur_when_it_is_raining_and_below_freezing_targ_05_A.wav,target,correct,expletive 'it' dropping,/ʊ/ --> /u/; could/cooed,y,,otherp,,,FB_1108
7,16198ec2d61bd3acf1d6e990d95fcceacf29d69d0ae0e1beacbb359b2c42b1f7,"Winter; speaker sounded like they said ocure but should have said ""occur""",what_kind_of_weather_could_occur_when_it_is_raining_and_below_freezing_targ_05_A.wav,target,correct,expletive 'it' dropping,/ʊ/ --> /u/; could/cooed,,,,,,
7,16198ec2d61bd3acf1d6e990d95fcceacf29d69d0ae0e1beacbb359b2c42b1f7,"The question does NOT need any corrections, but I don't know the answer/ I don't understand what the question is asking.",how_many_legs_does_a_canadian_garden_spider_whose_silk_can_make_clot_have_targ_06_B.wav,target,phon_err,adj/noun order,/θ/ --> /t/; cloth/clot,nun,,,,,FB_1108
7,16198ec2d61bd3acf1d6e990d95fcceacf29d69d0ae0e1beacbb359b2c42b1f7,NA,how_many_legs_does_a_canadian_garden_spider_whose_silk_can_make_clot_have_targ_06_B.wav,target,phon_err,adj/noun order,/θ/ --> /t/; cloth/clot,,,,,,
7,16198ec2d61bd3acf1d6e990d95fcceacf29d69d0ae0e1beacbb359b2c42b1f7,"The question does NOT need any corrections, but I don't know the answer/ I don't understand what the question is asking.",what_childrens_game_makes_people_sit_down_quickly_when_the_music_loud_stops_targ_07_C.wav,target,non_phon_err,adj/noun order,/ɪ/ --> /i/; sit/seat,nun,,,,,FB_1108
7,16198ec2d61bd3acf1d6e990d95fcceacf29d69d0ae0e1beacbb359b2c42b1f7,NA,what_childrens_game_makes_people_sit_down_quickly_when_the_music_loud_stops_targ_07_C.wav,target,non_phon_err,adj/noun order,/ɪ/ --> /i/; sit/seat,,,,,,
7,16198ec2d61bd3acf1d6e990d95fcceacf29d69d0ae0e1beacbb359b2c42b1f7,"The question does NOT need any corrections, but I don't know the answer/ I don't understand what the question is asking.",because_is_important_to_honor_the_iris_saint_what_holiday_occurs_on_march_17th_targ_08_D.wav,target,both_err,expletive 'it' dropping,/ʃ/ --> /s/; Irish/iris,nun,,,,,FB_1108
7,16198ec2d61bd3acf1d6e990d95fcceacf29d69d0ae0e1beacbb359b2c42b1f7,NA,because_is_important_to_honor_the_iris_saint_what_holiday_occurs_on_march_17th_targ_08_D.wav,target,both_err,expletive 'it' dropping,/ʃ/ --> /s/; Irish/iris,,,,,,
7,16198ec2d61bd3acf1d6e990d95fcceacf29d69d0ae0e1beacbb359b2c42b1f7,The question does NOT need any corrections.,if_laundry_service_will_come_in_five_days_and_todays_thursday_when_are_they_doing_laundry_next_targ_09_A.wav,target,correct,make vs. other verb,/k/ --> /g/; come/gum,nans,,,,,FB_1108
7,16198ec2d61bd3acf1d6e990d95fcceacf29d69d0ae0e1beacbb359b2c42b1f7,Tuesday,if_laundry_service_will_come_in_five_days_and_todays_thursday_when_are_they_doing_laundry_next_targ_09_A.wav,target,correct,make vs. other verb,/k/ --> /g/; come/gum,,,,,,
7,16198ec2d61bd3acf1d6e990d95fcceacf29d69d0ae0e1beacbb359b2c42b1f7,"The question does NOT need any corrections, but I don't know the answer/ I don't understand what the question is asking.",who_did_americans_boat_for_to_be_their_first_president_who_avoided_serving_three_terms_targ_10_B.wav,target,phon_err,infinitive vs. participle,/v/ --> /b/; vote/boat,nun,,,,,FB_1108
7,16198ec2d61bd3acf1d6e990d95fcceacf29d69d0ae0e1beacbb359b2c42b1f7,NA,who_did_americans_boat_for_to_be_their_first_president_who_avoided_serving_three_terms_targ_10_B.wav,target,phon_err,infinitive vs. participle,/v/ --> /b/; vote/boat,,,,,,
7,16198ec2d61bd3acf1d6e990d95fcceacf29d69d0ae0e1beacbb359b2c42b1f7,"The question does NOT need any corrections, but I don't know the answer/ I don't understand what the question is asking.",what_colors_can_have_on_a_traffic_light_which_often_senses_when_cars_pull_up_targ_11_C.wav,target,non_phon_err,have vs. be,/ʊ/ --> /u/; pulls/pools,nun,,,,,FB_1108
7,16198ec2d61bd3acf1d6e990d95fcceacf29d69d0ae0e1beacbb359b2c42b1f7,NA,what_colors_can_have_on_a_traffic_light_which_often_senses_when_cars_pull_up_targ_11_C.wav,target,non_phon_err,have vs. be,/ʊ/ --> /u/; pulls/pools,,,,,,
7,16198ec2d61bd3acf1d6e990d95fcceacf29d69d0ae0e1beacbb359b2c42b1f7,The question does NOT need any corrections.,if_youre_on_a_pat_from_california_to_hawaii_which_ocean_you_go_through_targ_12_D.wav,target,both_err,no aux verbs in questions (lack of do support),/θ/ --> /t/; path/pat,nans,,,,,FB_1108
7,16198ec2d61bd3acf1d6e990d95fcceacf29d69d0ae0e1beacbb359b2c42b1f7,The Pacific,if_youre_on_a_pat_from_california_to_hawaii_which_ocean_you_go_through_targ_12_D.wav,target,both_err,no aux verbs in questions (lack of do support),/θ/ --> /t/; path/pat,,,,,,
7,16198ec2d61bd3acf1d6e990d95fcceacf29d69d0ae0e1beacbb359b2c42b1f7,"The question does NOT need any corrections, but I don't know the answer/ I don't understand what the question is asking.",what_supplies_do_you_need_to_knit_a_scarf_targ_13_A.wav,target,correct,no aux verbs in questions (lack of do support),/ɪ/ --> /i/; knit/neat,nun,,,,,FB_1108
7,16198ec2d61bd3acf1d6e990d95fcceacf29d69d0ae0e1beacbb359b2c42b1f7,NA,what_supplies_do_you_need_to_knit_a_scarf_targ_13_A.wav,target,correct,no aux verbs in questions (lack of do support),/ɪ/ --> /i/; knit/neat,,,,,,
7,16198ec2d61bd3acf1d6e990d95fcceacf29d69d0ae0e1beacbb359b2c42b1f7,"The question does NOT need any corrections, but I don't know the answer/ I don't understand what the question is asking.",what_city_have_people_rust_to_tour_to_see_where_the_us_government_does_business_targ_14_B.wav,target,phon_err,make vs. other verb,/ʃ/ --> /s/; rushed/rust,nun,,,,,FB_1108
7,16198ec2d61bd3acf1d6e990d95fcceacf29d69d0ae0e1beacbb359b2c42b1f7,NA,what_city_have_people_rust_to_tour_to_see_where_the_us_government_does_business_targ_14_B.wav,target,phon_err,make vs. other verb,/ʃ/ --> /s/; rushed/rust,,,,,,
7,16198ec2d61bd3acf1d6e990d95fcceacf29d69d0ae0e1beacbb359b2c42b1f7,The question needs to be CORRECTED.,what_colors_make_up_a_traditional_candy_cane_which_people_enjoy_to_eat_during_christmas_targ_15_C.wav,target,non_phon_err,infinitive vs. participle,/k/ --> /g/; cane/gain,y,,othernp,,the explanation doesn't offer a valid correction,FB_1108
7,16198ec2d61bd3acf1d6e990d95fcceacf29d69d0ae0e1beacbb359b2c42b1f7,"The answer is red and white however there is a grammatical issue. The speaker said ""which people enjoy"" but should have been ""that people enjoy.",what_colors_make_up_a_traditional_candy_cane_which_people_enjoy_to_eat_during_christmas_targ_15_C.wav,target,non_phon_err,infinitive vs. participle,/k/ --> /g/; cane/gain,,,,,,
7,16198ec2d61bd3acf1d6e990d95fcceacf29d69d0ae0e1beacbb359b2c42b1f7,The question needs to be CORRECTED.,where_do_people_get_drivers_licenses_since_is_required_as_ballad_id_to_drive_targ_16_D.wav,target,both_err,expletive 'it' dropping,/v/ --> /b/; valid/ballad,y,,p,,,FB_1108
7,16198ec2d61bd3acf1d6e990d95fcceacf29d69d0ae0e1beacbb359b2c42b1f7,"DMV; there is a sound issue, it sounds like the speaker says ""ballad"" but should have said ""valid""",where_do_people_get_drivers_licenses_since_is_required_as_ballad_id_to_drive_targ_16_D.wav,target,both_err,expletive 'it' dropping,/v/ --> /b/; valid/ballad,,,,,,
7,16198ec2d61bd3acf1d6e990d95fcceacf29d69d0ae0e1beacbb359b2c42b1f7,"The question does NOT need any corrections, but I don't know the answer/ I don't understand what the question is asking.",how_many_days_would_my_tandem_bike_be_gone_if_someone_borrows_it_for_july_targ_17_A.wav,target,correct,adj/noun order,/ʊ/ --> /u/; would/wooed,nun,,,,,FB_1108
7,16198ec2d61bd3acf1d6e990d95fcceacf29d69d0ae0e1beacbb359b2c42b1f7,NA,how_many_days_would_my_tandem_bike_be_gone_if_someone_borrows_it_for_july_targ_17_A.wav,target,correct,adj/noun order,/ʊ/ --> /u/; would/wooed,,,,,,
7,16198ec2d61bd3acf1d6e990d95fcceacf29d69d0ae0e1beacbb359b2c42b1f7,"The question does NOT need any corrections, but I don't know the answer/ I don't understand what the question is asking.",when_you_are_hot_what_device_measures_body_temperature_in_boat_celsius_and_fahrenheit_targ_18_B.wav,target,phon_err,have vs. be,/θ/ --> /t/; both/boat,nun,,,,,FB_1108
7,16198ec2d61bd3acf1d6e990d95fcceacf29d69d0ae0e1beacbb359b2c42b1f7,NA,when_you_are_hot_what_device_measures_body_temperature_in_boat_celsius_and_fahrenheit_targ_18_B.wav,target,phon_err,have vs. be,/θ/ --> /t/; both/boat,,,,,,
7,16198ec2d61bd3acf1d6e990d95fcceacf29d69d0ae0e1beacbb359b2c42b1f7,The question does NOT need any corrections.,what_big_star_in_our_solar_system_can_still_be_visible_when_is_cloudy_targ_19_C.wav,target,non_phon_err,expletive 'it' dropping,/ɪ/ --> /i/; still/steal,nans,,,,,FB_1108
7,16198ec2d61bd3acf1d6e990d95fcceacf29d69d0ae0e1beacbb359b2c42b1f7,Sun,what_big_star_in_our_solar_system_can_still_be_visible_when_is_cloudy_targ_19_C.wav,target,non_phon_err,expletive 'it' dropping,/ɪ/ --> /i/; still/steal,,,,,,
7,16198ec2d61bd3acf1d6e990d95fcceacf29d69d0ae0e1beacbb359b2c42b1f7,The question needs to be CORRECTED.,what_popular_us_chain_provides_a_happy_meal_toy_or_plus_when_kids_have_hungry_targ_20_D.wav,target,both_err,have vs. be,/ʃ/ --> /s/; plush/plus,y,,np,,,FB_1108
7,16198ec2d61bd3acf1d6e990d95fcceacf29d69d0ae0e1beacbb359b2c42b1f7,"Mcdonalds; there is a grammatical issue, speaker said ""when kids have hungry"" but it should be ""when kids are hungry""",what_popular_us_chain_provides_a_happy_meal_toy_or_plus_when_kids_have_hungry_targ_20_D.wav,target,both_err,have vs. be,/ʃ/ --> /s/; plush/plus,,,,,,
7,16198ec2d61bd3acf1d6e990d95fcceacf29d69d0ae0e1beacbb359b2c42b1f7,The question does NOT need any corrections.,in_the_lion_king_who_does_nala_talk_to_and_is_laying_in_a_cot_after_theyve_reunited_targ_21_A.wav,target,correct,no aux verbs in questions (lack of do support),/k/ --> /g/; cot/got,nans,,,,,FB_1108
7,16198ec2d61bd3acf1d6e990d95fcceacf29d69d0ae0e1beacbb359b2c42b1f7,Simba,in_the_lion_king_who_does_nala_talk_to_and_is_laying_in_a_cot_after_theyve_reunited_targ_21_A.wav,target,correct,no aux verbs in questions (lack of do support),/k/ --> /g/; cot/got,,,,,,
7,16198ec2d61bd3acf1d6e990d95fcceacf29d69d0ae0e1beacbb359b2c42b1f7,"The question does NOT need any corrections, but I don't know the answer/ I don't understand what the question is asking.",if_a_hardworking_janitor_cleaned_a_vent_in_five_minutes_how_many_seconds_is_that_targ_22_B.wav,target,phon_err,adj/noun order,/v/ --> /b/; vent/bent,nun,,,,,FB_1108
7,16198ec2d61bd3acf1d6e990d95fcceacf29d69d0ae0e1beacbb359b2c42b1f7,NA,if_a_hardworking_janitor_cleaned_a_vent_in_five_minutes_how_many_seconds_is_that_targ_22_B.wav,target,phon_err,adj/noun order,/v/ --> /b/; vent/bent,,,,,,
7,16198ec2d61bd3acf1d6e990d95fcceacf29d69d0ae0e1beacbb359b2c42b1f7,The question needs to be CORRECTED.,what_company_created_the_macbook_a_device_full_of_features_to_help_students_make_homework_targ_23_C.wav,target,non_phon_err,make vs. other verb,/ʊ/ --> /u/; full/fool,y,,np,,,FB_1108
7,16198ec2d61bd3acf1d6e990d95fcceacf29d69d0ae0e1beacbb359b2c42b1f7,"Apple; there is a grammatical issue. ""make howework"" should be ""do homework",what_company_created_the_macbook_a_device_full_of_features_to_help_students_make_homework_targ_23_C.wav,target,non_phon_err,make vs. other verb,/ʊ/ --> /u/; full/fool,,,,,,
7,16198ec2d61bd3acf1d6e990d95fcceacf29d69d0ae0e1beacbb359b2c42b1f7,The question needs to be CORRECTED.,if_i_consider_to_leave_work_after_the_fort_hour_how_many_minutes_would_that_be_targ_24_D.wav,target,both_err,infinitive vs. participle,/θ/ --> /t/; fourth/fort,y,,otherp,,,FB_1108
7,16198ec2d61bd3acf1d6e990d95fcceacf29d69d0ae0e1beacbb359b2c42b1f7,"The answer is 240 minutes; however there is a sound issue, ""live"" should be ""leave""",if_i_consider_to_leave_work_after_the_fort_hour_how_many_minutes_would_that_be_targ_24_D.wav,target,both_err,infinitive vs. participle,/θ/ --> /t/; fourth/fort,,,,,,
7,16198ec2d61bd3acf1d6e990d95fcceacf29d69d0ae0e1beacbb359b2c42b1f7,"The question does NOT need any corrections, but I don't know the answer/ I don't understand what the question is asking.",what_letter_in_the_latin_alphabet_corresponds_to_the_greek_letter_alpha_fill_01.wav,filler_other,NA,NA,NA,nun,,,,,FB_1108
7,16198ec2d61bd3acf1d6e990d95fcceacf29d69d0ae0e1beacbb359b2c42b1f7,NA,what_letter_in_the_latin_alphabet_corresponds_to_the_greek_letter_alpha_fill_01.wav,filler_other,NA,NA,NA,,,,,,
7,16198ec2d61bd3acf1d6e990d95fcceacf29d69d0ae0e1beacbb359b2c42b1f7,"The question does NOT need any corrections, but I don't know the answer/ I don't understand what the question is asking.",what_organ_is_often_associated_with_being_eaten_by_rotting_flesh_monsters_also_known_as_zombies_fill_02.wav,filler_other,NA,NA,NA,nun,,,,,FB_1108
7,16198ec2d61bd3acf1d6e990d95fcceacf29d69d0ae0e1beacbb359b2c42b1f7,NA,what_organ_is_often_associated_with_being_eaten_by_rotting_flesh_monsters_also_known_as_zombies_fill_02.wav,filler_other,NA,NA,NA,,,,,,
7,16198ec2d61bd3acf1d6e990d95fcceacf29d69d0ae0e1beacbb359b2c42b1f7,The question does NOT need any corrections.,which_british_celebrity_judge_often_harshly_critiqued_contestants_on_the_nationwide_singing_contest_american_idol_fill_03.wav,filler_other,NA,NA,NA,nans,,,,,FB_1108
7,16198ec2d61bd3acf1d6e990d95fcceacf29d69d0ae0e1beacbb359b2c42b1f7,Simon Cowell,which_british_celebrity_judge_often_harshly_critiqued_contestants_on_the_nationwide_singing_contest_american_idol_fill_03.wav,filler_other,NA,NA,NA,,,,,,
7,16198ec2d61bd3acf1d6e990d95fcceacf29d69d0ae0e1beacbb359b2c42b1f7,The question does NOT need any corrections.,which_cartoon_character_works_at_the_krusty_krab_and_is_best_friends_with_patrick_star_fill_04.wav,filler_other,NA,NA,NA,nans,,,,,FB_1108
7,16198ec2d61bd3acf1d6e990d95fcceacf29d69d0ae0e1beacbb359b2c42b1f7,Sponge Bob Square Pants,which_cartoon_character_works_at_the_krusty_krab_and_is_best_friends_with_patrick_star_fill_04.wav,filler_other,NA,NA,NA,,,,,,
7,16198ec2d61bd3acf1d6e990d95fcceacf29d69d0ae0e1beacbb359b2c42b1f7,"The question does NOT need any corrections, but I don't know the answer/ I don't understand what the question is asking.",which_body_part_did_van_gogh_allegedly_cut_off_after_an_argument_with_his_friend_fill_05.wav,filler_other,NA,NA,NA,nun,,,,,FB_1108
7,16198ec2d61bd3acf1d6e990d95fcceacf29d69d0ae0e1beacbb359b2c42b1f7,NA,which_body_part_did_van_gogh_allegedly_cut_off_after_an_argument_with_his_friend_fill_05.wav,filler_other,NA,NA,NA,,,,,,
7,16198ec2d61bd3acf1d6e990d95fcceacf29d69d0ae0e1beacbb359b2c42b1f7,"The question does NOT need any corrections, but I don't know the answer/ I don't understand what the question is asking.",what_is_the_name_of_the_comic_strip_featuring_charlie_brown_and_his_dog_snoopy_fill_06.wav,filler_other,NA,NA,NA,nun,,,,,FB_1108
7,16198ec2d61bd3acf1d6e990d95fcceacf29d69d0ae0e1beacbb359b2c42b1f7,NA,what_is_the_name_of_the_comic_strip_featuring_charlie_brown_and_his_dog_snoopy_fill_06.wav,filler_other,NA,NA,NA,,,,,,
7,16198ec2d61bd3acf1d6e990d95fcceacf29d69d0ae0e1beacbb359b2c42b1f7,The question needs to be CORRECTED.,what_holiday_occurs_at_the_end_of_october_and_features_trick-or-treating_pumpkins_and_haunted_houses_fill_07.wav,filler_other,NA,NA,NA,y,,otherp,,,FB_1108
7,16198ec2d61bd3acf1d6e990d95fcceacf29d69d0ae0e1beacbb359b2c42b1f7,"Halloween; there is a sound issue, the speaker sounds like they said ""occure"" but it should be ""occur""",what_holiday_occurs_at_the_end_of_october_and_features_trick-or-treating_pumpkins_and_haunted_houses_fill_07.wav,filler_other,NA,NA,NA,,,,,,
7,16198ec2d61bd3acf1d6e990d95fcceacf29d69d0ae0e1beacbb359b2c42b1f7,The question does NOT need any corrections.,what_is_the_name_of_the_video_game_character_who_is_a_traveling_italian_plumber_fill_08.wav,filler_other,NA,NA,NA,nans,,,,,FB_1108
7,16198ec2d61bd3acf1d6e990d95fcceacf29d69d0ae0e1beacbb359b2c42b1f7,Super Mario,what_is_the_name_of_the_video_game_character_who_is_a_traveling_italian_plumber_fill_08.wav,filler_other,NA,NA,NA,,,,,,
7,16198ec2d61bd3acf1d6e990d95fcceacf29d69d0ae0e1beacbb359b2c42b1f7,The question does NOT need any corrections.,what_kind_of_animal_is_mickey_mouse’s_girlfriend_minnie_who_wears_a_bow_fill_09.wav,filler_other,NA,NA,NA,nans,,,,,FB_1108
7,16198ec2d61bd3acf1d6e990d95fcceacf29d69d0ae0e1beacbb359b2c42b1f7,Mouse,what_kind_of_animal_is_mickey_mouse’s_girlfriend_minnie_who_wears_a_bow_fill_09.wav,filler_other,NA,NA,NA,,,,,,
7,16198ec2d61bd3acf1d6e990d95fcceacf29d69d0ae0e1beacbb359b2c42b1f7,The question does NOT need any corrections.,which_cartoon_dog_solves_mysteries_with_the_group_fred_daphne_velma_and_shaggy_fill_10.wav,filler_other,NA,NA,NA,nans,,,,,FB_1108
7,16198ec2d61bd3acf1d6e990d95fcceacf29d69d0ae0e1beacbb359b2c42b1f7,scooby,which_cartoon_dog_solves_mysteries_with_the_group_fred_daphne_velma_and_shaggy_fill_10.wav,filler_other,NA,NA,NA,,,,,,
7,16198ec2d61bd3acf1d6e990d95fcceacf29d69d0ae0e1beacbb359b2c42b1f7,The question does NOT need any corrections.,which_fast_food_chain_offers_foot-long_sandwiches_and_has_the_slogan_eat_fresh_fill_11.wav,filler_other,NA,NA,NA,nans,,,,,FB_1108
7,16198ec2d61bd3acf1d6e990d95fcceacf29d69d0ae0e1beacbb359b2c42b1f7,Subway,which_fast_food_chain_offers_foot-long_sandwiches_and_has_the_slogan_eat_fresh_fill_11.wav,filler_other,NA,NA,NA,,,,,,
7,16198ec2d61bd3acf1d6e990d95fcceacf29d69d0ae0e1beacbb359b2c42b1f7,The question needs to be CORRECTED.,which_oscar-winning_movie_features_tom_hanks_saying_life_is_like_a_box_of_chocolates_fill_12.wav,filler_other,NA,NA,NA,y,,otherp,,,FB_1108
7,16198ec2d61bd3acf1d6e990d95fcceacf29d69d0ae0e1beacbb359b2c42b1f7,"Forest Gump; there is a sound issue, sounds like the speaker is saying ""saving"" when they should be saying ""saying""",which_oscar-winning_movie_features_tom_hanks_saying_life_is_like_a_box_of_chocolates_fill_12.wav,filler_other,NA,NA,NA,,,,,,
7,16198ec2d61bd3acf1d6e990d95fcceacf29d69d0ae0e1beacbb359b2c42b1f7,"The question does NOT need any corrections, but I don't know the answer/ I don't understand what the question is asking.",what_novel_has_the_quote_i’m_late_i’m_late_for_a_very_important_date_fill_13.wav,filler_other,NA,NA,NA,nun,,,,,FB_1108
7,16198ec2d61bd3acf1d6e990d95fcceacf29d69d0ae0e1beacbb359b2c42b1f7,NA,what_novel_has_the_quote_i’m_late_i’m_late_for_a_very_important_date_fill_13.wav,filler_other,NA,NA,NA,,,,,,
7,16198ec2d61bd3acf1d6e990d95fcceacf29d69d0ae0e1beacbb359b2c42b1f7,The question does NOT need any corrections.,what_mythical_creatures_have_been_said_to_drink_blood_turn_into_bats_and_hate_onions_fill_14.wav,filler_other,NA,NA,NA,nans,,,,,FB_1108
7,16198ec2d61bd3acf1d6e990d95fcceacf29d69d0ae0e1beacbb359b2c42b1f7,Vampire,what_mythical_creatures_have_been_said_to_drink_blood_turn_into_bats_and_hate_onions_fill_14.wav,filler_other,NA,NA,NA,,,,,,
7,16198ec2d61bd3acf1d6e990d95fcceacf29d69d0ae0e1beacbb359b2c42b1f7,"The question does NOT need any corrections, but I don't know the answer/ I don't understand what the question is asking.",who_discovered_the_law_of_universal_gravitation_which_accounts_for_why_objects_naturally_fall_downwards_fill_15.wav,filler_other,NA,NA,NA,nun,,,,,FB_1108
7,16198ec2d61bd3acf1d6e990d95fcceacf29d69d0ae0e1beacbb359b2c42b1f7,NA,who_discovered_the_law_of_universal_gravitation_which_accounts_for_why_objects_naturally_fall_downwards_fill_15.wav,filler_other,NA,NA,NA,,,,,,
7,16198ec2d61bd3acf1d6e990d95fcceacf29d69d0ae0e1beacbb359b2c42b1f7,"The question does NOT need any corrections, but I don't know the answer/ I don't understand what the question is asking.",which_soft_pastry_made_with_a_certain_spice_is_often_spiral-shaped_and_topped_with_icing_fill_16.wav,filler_other,NA,NA,NA,nun,,,,,FB_1108
7,16198ec2d61bd3acf1d6e990d95fcceacf29d69d0ae0e1beacbb359b2c42b1f7,NA,which_soft_pastry_made_with_a_certain_spice_is_often_spiral-shaped_and_topped_with_icing_fill_16.wav,filler_other,NA,NA,NA,,,,,,
7,16198ec2d61bd3acf1d6e990d95fcceacf29d69d0ae0e1beacbb359b2c42b1f7,The question does NOT need any corrections.,what_us_holiday_is_often_celebrated_with_fireworks_and_hotdogs_to_honor_americas_freedom_fill_17.wav,filler_other,NA,NA,NA,nans,,,,,FB_1108
7,16198ec2d61bd3acf1d6e990d95fcceacf29d69d0ae0e1beacbb359b2c42b1f7,Fourth of July,what_us_holiday_is_often_celebrated_with_fireworks_and_hotdogs_to_honor_americas_freedom_fill_17.wav,filler_other,NA,NA,NA,,,,,,
7,16198ec2d61bd3acf1d6e990d95fcceacf29d69d0ae0e1beacbb359b2c42b1f7,The question does NOT need any corrections.,which_tropical_fruit_that_grows_on_palm_trees_is_used_for_oils_and_milks_fill_18.wav,filler_other,NA,NA,NA,nans,,,,,FB_1108
7,16198ec2d61bd3acf1d6e990d95fcceacf29d69d0ae0e1beacbb359b2c42b1f7,Coconut,which_tropical_fruit_that_grows_on_palm_trees_is_used_for_oils_and_milks_fill_18.wav,filler_other,NA,NA,NA,,,,,,
7,16198ec2d61bd3acf1d6e990d95fcceacf29d69d0ae0e1beacbb359b2c42b1f7,The question needs to be CORRECTED.,which_season_do_we_associate_with_thanksgiving_the_beginning_of_school_and_leaves_turning_brown_fill_19.wav,filler_other,NA,NA,NA,y,,otherirr,,,FB_1108
7,16198ec2d61bd3acf1d6e990d95fcceacf29d69d0ae0e1beacbb359b2c42b1f7,November; however school normal starts in august or september not November,which_season_do_we_associate_with_thanksgiving_the_beginning_of_school_and_leaves_turning_brown_fill_19.wav,filler_other,NA,NA,NA,,,,,,
7,16198ec2d61bd3acf1d6e990d95fcceacf29d69d0ae0e1beacbb359b2c42b1f7,The question does NOT need any corrections.,what_musician_won_grammys_for_their_album_thriller_which_features_the_hit_song_beat_it_fill_20.wav,filler_other,NA,NA,NA,nans,,,,,FB_1108
7,16198ec2d61bd3acf1d6e990d95fcceacf29d69d0ae0e1beacbb359b2c42b1f7,Michael Jackson,what_musician_won_grammys_for_their_album_thriller_which_features_the_hit_song_beat_it_fill_20.wav,filler_other,NA,NA,NA,,,,,,
7,16198ec2d61bd3acf1d6e990d95fcceacf29d69d0ae0e1beacbb359b2c42b1f7,The question does NOT need any corrections.,what_animal_is_typically_white_with_black_spots_and_says_moo_fill_21.wav,filler_other,NA,NA,NA,nans,,,,,FB_1108
7,16198ec2d61bd3acf1d6e990d95fcceacf29d69d0ae0e1beacbb359b2c42b1f7,Cow,what_animal_is_typically_white_with_black_spots_and_says_moo_fill_21.wav,filler_other,NA,NA,NA,,,,,,
7,16198ec2d61bd3acf1d6e990d95fcceacf29d69d0ae0e1beacbb359b2c42b1f7,The question does NOT need any corrections.,where_do_the_jolly_christmas_icons_santa_claus_and_his_wife_mrs._claus_live_fill_22.wav,filler_other,NA,NA,NA,nans,,,,,FB_1108
7,16198ec2d61bd3acf1d6e990d95fcceacf29d69d0ae0e1beacbb359b2c42b1f7,The North Pole,where_do_the_jolly_christmas_icons_santa_claus_and_his_wife_mrs._claus_live_fill_22.wav,filler_other,NA,NA,NA,,,,,,
7,16198ec2d61bd3acf1d6e990d95fcceacf29d69d0ae0e1beacbb359b2c42b1f7,"The question does NOT need any corrections, but I don't know the answer/ I don't understand what the question is asking.",in_the_famous_dr_seuss_book_what_orange_and_yellow_character_speaks_for_the_trees_fill_23.wav,filler_other,NA,NA,NA,nun,,,,,FB_1108
7,16198ec2d61bd3acf1d6e990d95fcceacf29d69d0ae0e1beacbb359b2c42b1f7,NA,in_the_famous_dr_seuss_book_what_orange_and_yellow_character_speaks_for_the_trees_fill_23.wav,filler_other,NA,NA,NA,,,,,,
7,16198ec2d61bd3acf1d6e990d95fcceacf29d69d0ae0e1beacbb359b2c42b1f7,The question does NOT need any corrections.,in_what_country_would_you_find_landmarks_like_the_pyramids_of_giza_and_great_sphinx_fill_24.wav,filler_other,NA,NA,NA,nans,,,,,FB_1108
7,16198ec2d61bd3acf1d6e990d95fcceacf29d69d0ae0e1beacbb359b2c42b1f7,Egypt,in_what_country_would_you_find_landmarks_like_the_pyramids_of_giza_and_great_sphinx_fill_24.wav,filler_other,NA,NA,NA,,,,,,
8,19bc3e2ffb5de17204f99292f3271aeccb77a54c6361a1d7d3309e05ee25e3e9,The question does NOT need any corrections.,how_many_legs_does_a_dog_normally_have_fill_25.wav,att_check_good,NA,NA,NA,nans,,,a,,FB_1108
8,19bc3e2ffb5de17204f99292f3271aeccb77a54c6361a1d7d3309e05ee25e3e9,4,how_many_legs_does_a_dog_normally_have_fill_25.wav,att_check_good,NA,NA,NA,,,,,,
8,19bc3e2ffb5de17204f99292f3271aeccb77a54c6361a1d7d3309e05ee25e3e9,The question does NOT need any corrections.,what_state_is_los_angeles_located_in_fill_26.wav,att_check_good,NA,NA,NA,nans,,,a,,FB_1108
8,19bc3e2ffb5de17204f99292f3271aeccb77a54c6361a1d7d3309e05ee25e3e9,California,what_state_is_los_angeles_located_in_fill_26.wav,att_check_good,NA,NA,NA,,,,,,
8,19bc3e2ffb5de17204f99292f3271aeccb77a54c6361a1d7d3309e05ee25e3e9,The question does NOT need any corrections.,what_day_of_the_week_comes_after_monday_fill_27.wav,att_check_good,NA,NA,NA,nans,,,a,,FB_1108
8,19bc3e2ffb5de17204f99292f3271aeccb77a54c6361a1d7d3309e05ee25e3e9,Tuesday,what_day_of_the_week_comes_after_monday_fill_27.wav,att_check_good,NA,NA,NA,,,,,,
8,19bc3e2ffb5de17204f99292f3271aeccb77a54c6361a1d7d3309e05ee25e3e9,The question does NOT need any corrections.,what_color_is_a_typical_school_bus_fill_28.wav,att_check_good,NA,NA,NA,nans,,,a,,FB_1108
8,19bc3e2ffb5de17204f99292f3271aeccb77a54c6361a1d7d3309e05ee25e3e9,yellow,what_color_is_a_typical_school_bus_fill_28.wav,att_check_good,NA,NA,NA,,,,,,
8,19bc3e2ffb5de17204f99292f3271aeccb77a54c6361a1d7d3309e05ee25e3e9,The question does NOT need any corrections.,in_the_cycle_of_seasons_what_season_comes_after_dinter_fill_29.wav,att_check_err,NA,NA,NA,nans,,acheckf,,,FB_1108
8,19bc3e2ffb5de17204f99292f3271aeccb77a54c6361a1d7d3309e05ee25e3e9,Spring,in_the_cycle_of_seasons_what_season_comes_after_dinter_fill_29.wav,att_check_err,NA,NA,NA,,,,,,
8,19bc3e2ffb5de17204f99292f3271aeccb77a54c6361a1d7d3309e05ee25e3e9,The question does NOT need any corrections.,what_insect_undergoes_a_process_of_change_to_turn_into_a_butterfy_fill_30.wav,att_check_err,NA,NA,NA,nans,,acheckf,,,FB_1108
8,19bc3e2ffb5de17204f99292f3271aeccb77a54c6361a1d7d3309e05ee25e3e9,caterpillar,what_insect_undergoes_a_process_of_change_to_turn_into_a_butterfy_fill_30.wav,att_check_err,NA,NA,NA,,,,,,
8,19bc3e2ffb5de17204f99292f3271aeccb77a54c6361a1d7d3309e05ee25e3e9,The question needs to be CORRECTED.,what_is_the_largest_plant_in_the_solar_system_fill_31.wav,att_check_err,NA,NA,NA,y,,acheckp,,,FB_1108
8,19bc3e2ffb5de17204f99292f3271aeccb77a54c6361a1d7d3309e05ee25e3e9,"Jupiter; ""plant"" should be changed to ""planet""",what_is_the_largest_plant_in_the_solar_system_fill_31.wav,att_check_err,NA,NA,NA,,,,,,
8,19bc3e2ffb5de17204f99292f3271aeccb77a54c6361a1d7d3309e05ee25e3e9,The question needs to be CORRECTED.,how_many_embers_were_in_the_beatles_the_british_rock_band_fill_32.wav,att_check_err,NA,NA,NA,y,,acheckp,,,FB_1108
8,19bc3e2ffb5de17204f99292f3271aeccb77a54c6361a1d7d3309e05ee25e3e9,"5; it should be ""members"" not ""embers""",how_many_embers_were_in_the_beatles_the_british_rock_band_fill_32.wav,att_check_err,NA,NA,NA,,,,,,
8,19bc3e2ffb5de17204f99292f3271aeccb77a54c6361a1d7d3309e05ee25e3e9,The question does NOT need any corrections.,for_what_pink_ice_cream_flavor_wheel_companies_do_their_best_to_use_real_fruit_targ_01_B.wav,target,phon_err,make vs. other verb,/ɪ/ --> /i/; will/wheel,nans,,,,,FB_1108
8,19bc3e2ffb5de17204f99292f3271aeccb77a54c6361a1d7d3309e05ee25e3e9,Strawberry,for_what_pink_ice_cream_flavor_wheel_companies_do_their_best_to_use_real_fruit_targ_01_B.wav,target,phon_err,make vs. other verb,/ɪ/ --> /i/; will/wheel,,,,,,
8,19bc3e2ffb5de17204f99292f3271aeccb77a54c6361a1d7d3309e05ee25e3e9,The question needs to be CORRECTED.,what_term_refers_to_armored_men_who_enjoyed_to_carry_medieval_swords_that_clash_in_combat_targ_02_C.wav,target,non_phon_err,infinitive vs. participle,/ʃ/ --> /s/; clash/class,y,,np,,,FB_1108
8,19bc3e2ffb5de17204f99292f3271aeccb77a54c6361a1d7d3309e05ee25e3e9,"knights; Instead of ""enjoyed to carry,"" she should said ""enjoyed carrying""",what_term_refers_to_armored_men_who_enjoyed_to_carry_medieval_swords_that_clash_in_combat_targ_02_C.wav,target,non_phon_err,infinitive vs. participle,/ʃ/ --> /s/; clash/class,,,,,,
8,19bc3e2ffb5de17204f99292f3271aeccb77a54c6361a1d7d3309e05ee25e3e9,The question needs to be CORRECTED.,which_scottish_actor_first_played_james_bond_wearing_guilts_to_red_carpets_when_he_had_32_years_old_targ_03_D.wav,target,both_err,have vs. be,/k/ --> /g/; kilt/guilt,y,,np,,,FB_1108
8,19bc3e2ffb5de17204f99292f3271aeccb77a54c6361a1d7d3309e05ee25e3e9,"I don't know the answer but she said ""when he had 32 years old"" and it should be ""when he was 32 years old""",which_scottish_actor_first_played_james_bond_wearing_guilts_to_red_carpets_when_he_had_32_years_old_targ_03_D.wav,target,both_err,have vs. be,/k/ --> /g/; kilt/guilt,,,,,,
8,19bc3e2ffb5de17204f99292f3271aeccb77a54c6361a1d7d3309e05ee25e3e9,The question does NOT need any corrections.,what_did_neil_armstrong_say_during_his_very_first_steps_on_the_moon_targ_04_A.wav,target,correct,no aux verbs in questions (lack of do support),/v/ --> /b/; very/berry,nans,,,,,FB_1108
8,19bc3e2ffb5de17204f99292f3271aeccb77a54c6361a1d7d3309e05ee25e3e9,"""one giant step for man, one giant leap for mankind""",what_did_neil_armstrong_say_during_his_very_first_steps_on_the_moon_targ_04_A.wav,target,correct,no aux verbs in questions (lack of do support),/v/ --> /b/; very/berry,,,,,,
8,19bc3e2ffb5de17204f99292f3271aeccb77a54c6361a1d7d3309e05ee25e3e9,The question does NOT need any corrections.,what_kind_of_weather_cooed_cooled_occur_when_it_is_raining_and_below_freezing_targ_05_B.wav,target,phon_err,expletive 'it' dropping,/ʊ/ --> /u/; could/cooed,nans,,,,,FB_1108
8,19bc3e2ffb5de17204f99292f3271aeccb77a54c6361a1d7d3309e05ee25e3e9,snow,what_kind_of_weather_cooed_cooled_occur_when_it_is_raining_and_below_freezing_targ_05_B.wav,target,phon_err,expletive 'it' dropping,/ʊ/ --> /u/; could/cooed,,,,,,
8,19bc3e2ffb5de17204f99292f3271aeccb77a54c6361a1d7d3309e05ee25e3e9,The question needs to be CORRECTED.,how_many_legs_does_a_garden_spider_canadian_whose_silk_can_make_cloth_have_targ_06_C.wav,target,non_phon_err,adj/noun order,/θ/ --> /t/; cloth/clot,y,,np,,,FB_1108
8,19bc3e2ffb5de17204f99292f3271aeccb77a54c6361a1d7d3309e05ee25e3e9,"8; the wording needs to be changed around. Instead of ""spider Canadian"" it should be ""Canadian spider""",how_many_legs_does_a_garden_spider_canadian_whose_silk_can_make_cloth_have_targ_06_C.wav,target,non_phon_err,adj/noun order,/θ/ --> /t/; cloth/clot,,,,,,
8,19bc3e2ffb5de17204f99292f3271aeccb77a54c6361a1d7d3309e05ee25e3e9,The question needs to be CORRECTED.,what_childrens_game_makes_people_seat_down_quickly_when_the_music_loud_stops_targ_07_D.wav,target,both_err,adj/noun order,/ɪ/ --> /i/; sit/seat,y,,np,,,FB_1108
8,19bc3e2ffb5de17204f99292f3271aeccb77a54c6361a1d7d3309e05ee25e3e9,"Musical chairs; Instead of ""when the music loud stops"" it should be ""when the loud music stops""",what_childrens_game_makes_people_seat_down_quickly_when_the_music_loud_stops_targ_07_D.wav,target,both_err,adj/noun order,/ɪ/ --> /i/; sit/seat,,,,,,
8,19bc3e2ffb5de17204f99292f3271aeccb77a54c6361a1d7d3309e05ee25e3e9,The question does NOT need any corrections.,because_it_is_important_to_honor_the_irish_saint_what_holiday_occurs_on_march_17th_targ_08_A.wav,target,correct,expletive 'it' dropping,/ʃ/ --> /s/; Irish/iris,nans,,,,,FB_1108
8,19bc3e2ffb5de17204f99292f3271aeccb77a54c6361a1d7d3309e05ee25e3e9,Saint Patrick's Day,because_it_is_important_to_honor_the_irish_saint_what_holiday_occurs_on_march_17th_targ_08_A.wav,target,correct,expletive 'it' dropping,/ʃ/ --> /s/; Irish/iris,,,,,,
8,19bc3e2ffb5de17204f99292f3271aeccb77a54c6361a1d7d3309e05ee25e3e9,The question does NOT need any corrections.,if_laundry_service_will_gum_in_five_days_and_todays_thursday_when_are_they_doing_laundry_next_targ_09_B.wav,target,phon_err,make vs. other verb,/k/ --> /g/; come/gum,nans,,,,,FB_1108
8,19bc3e2ffb5de17204f99292f3271aeccb77a54c6361a1d7d3309e05ee25e3e9,Tuesday,if_laundry_service_will_gum_in_five_days_and_todays_thursday_when_are_they_doing_laundry_next_targ_09_B.wav,target,phon_err,make vs. other verb,/k/ --> /g/; come/gum,,,,,,
8,19bc3e2ffb5de17204f99292f3271aeccb77a54c6361a1d7d3309e05ee25e3e9,The question needs to be CORRECTED.,who_did_americans_vote_for_to_be_their_first_president_who_avoided_to_serve_three_terms_targ_10_C.wav,target,non_phon_err,infinitive vs. participle,/v/ --> /b/; vote/boat,y,,np,,,FB_1108
8,19bc3e2ffb5de17204f99292f3271aeccb77a54c6361a1d7d3309e05ee25e3e9,"George Washington; instead of ""who avoided to serve"" it should be ""who avoided serving""",who_did_americans_vote_for_to_be_their_first_president_who_avoided_to_serve_three_terms_targ_10_C.wav,target,non_phon_err,infinitive vs. participle,/v/ --> /b/; vote/boat,,,,,,
8,19bc3e2ffb5de17204f99292f3271aeccb77a54c6361a1d7d3309e05ee25e3e9,"The question does NOT need any corrections, but I don't know the answer/ I don't understand what the question is asking.",what_colors_can_have_on_a_traffic_light_which_often_senses_when_cars_pool_up_targ_11_D.wav,target,both_err,have vs. be,/ʊ/ --> /u/; pulls/pools,nun,,,,,FB_1108
8,19bc3e2ffb5de17204f99292f3271aeccb77a54c6361a1d7d3309e05ee25e3e9,NA,what_colors_can_have_on_a_traffic_light_which_often_senses_when_cars_pool_up_targ_11_D.wav,target,both_err,have vs. be,/ʊ/ --> /u/; pulls/pools,,,,,,
8,19bc3e2ffb5de17204f99292f3271aeccb77a54c6361a1d7d3309e05ee25e3e9,The question does NOT need any corrections.,if_youre_on_a_path_from_california_to_hawaii_which_ocean_do_you_go_through_targ_12_A.wav,target,correct,no aux verbs in questions (lack of do support),/θ/ --> /t/; path/pat,nans,,,,,FB_1108
8,19bc3e2ffb5de17204f99292f3271aeccb77a54c6361a1d7d3309e05ee25e3e9,Pacific,if_youre_on_a_path_from_california_to_hawaii_which_ocean_do_you_go_through_targ_12_A.wav,target,correct,no aux verbs in questions (lack of do support),/θ/ --> /t/; path/pat,,,,,,
8,19bc3e2ffb5de17204f99292f3271aeccb77a54c6361a1d7d3309e05ee25e3e9,The question does NOT need any corrections.,what_supplies_do_you_need_to_neat_a_scarf_targ_13_B.wav,target,phon_err,no aux verbs in questions (lack of do support),/ɪ/ --> /i/; knit/neat,nans,,,,,FB_1108
8,19bc3e2ffb5de17204f99292f3271aeccb77a54c6361a1d7d3309e05ee25e3e9,"knitting needles, yarn",what_supplies_do_you_need_to_neat_a_scarf_targ_13_B.wav,target,phon_err,no aux verbs in questions (lack of do support),/ɪ/ --> /i/; knit/neat,,,,,,
8,19bc3e2ffb5de17204f99292f3271aeccb77a54c6361a1d7d3309e05ee25e3e9,The question needs to be CORRECTED.,what_city_have_people_rushed_to_tour_to_see_where_the_us_government_makes_business_targ_14_C.wav,target,non_phon_err,make vs. other verb,/ʃ/ --> /s/; rushed/rust,y,,othernp,,,FB_1108
8,19bc3e2ffb5de17204f99292f3271aeccb77a54c6361a1d7d3309e05ee25e3e9,"Washington, DC; instead of ""have rush to tour"" it should be ""rush to tour"" and the end should be ""where the US does business""",what_city_have_people_rushed_to_tour_to_see_where_the_us_government_makes_business_targ_14_C.wav,target,non_phon_err,make vs. other verb,/ʃ/ --> /s/; rushed/rust,,,,,,
8,19bc3e2ffb5de17204f99292f3271aeccb77a54c6361a1d7d3309e05ee25e3e9,The question needs to be CORRECTED.,what_colors_make_up_a_traditional_candy_gain_which_people_enjoy_to_eat_during_christmas_targ_15_D.wav,target,both_err,infinitive vs. participle,/k/ --> /g/; cane/gain,y,,np,,,FB_1108
8,19bc3e2ffb5de17204f99292f3271aeccb77a54c6361a1d7d3309e05ee25e3e9,"red and white; instead of ""enjoy to eat"" it should be ""enjoy eating""",what_colors_make_up_a_traditional_candy_gain_which_people_enjoy_to_eat_during_christmas_targ_15_D.wav,target,both_err,infinitive vs. participle,/k/ --> /g/; cane/gain,,,,,,
8,19bc3e2ffb5de17204f99292f3271aeccb77a54c6361a1d7d3309e05ee25e3e9,The question does NOT need any corrections.,where_do_people_get_drivers_licenses_since_it_is_required_as_valid_id_to_drive_targ_16_A.wav,target,correct,expletive 'it' dropping,/v/ --> /b/; valid/ballad,nans,,,,,FB_1108
8,19bc3e2ffb5de17204f99292f3271aeccb77a54c6361a1d7d3309e05ee25e3e9,DMV,where_do_people_get_drivers_licenses_since_it_is_required_as_valid_id_to_drive_targ_16_A.wav,target,correct,expletive 'it' dropping,/v/ --> /b/; valid/ballad,,,,,,
8,19bc3e2ffb5de17204f99292f3271aeccb77a54c6361a1d7d3309e05ee25e3e9,The question does NOT need any corrections.,how_many_days_wooed_wooled_my_tandem_bike_be_gone_if_someone_borrows_it_for_july_targ_17_B.wav,target,phon_err,adj/noun order,/ʊ/ --> /u/; would/wooed,nans,,,,,FB_1108
8,19bc3e2ffb5de17204f99292f3271aeccb77a54c6361a1d7d3309e05ee25e3e9,31,how_many_days_wooed_wooled_my_tandem_bike_be_gone_if_someone_borrows_it_for_july_targ_17_B.wav,target,phon_err,adj/noun order,/ʊ/ --> /u/; would/wooed,,,,,,
8,19bc3e2ffb5de17204f99292f3271aeccb77a54c6361a1d7d3309e05ee25e3e9,The question needs to be CORRECTED.,when_you_have_hot_what_device_measures_body_temperature_in_both_celsius_and_fahrenheit_targ_18_C.wav,target,non_phon_err,have vs. be,/θ/ --> /t/; both/boat,y,,np,,,FB_1108
8,19bc3e2ffb5de17204f99292f3271aeccb77a54c6361a1d7d3309e05ee25e3e9,"thermometer; ""when you have hot"" doesn't make sense, it should be something like ""when you have a fever""",when_you_have_hot_what_device_measures_body_temperature_in_both_celsius_and_fahrenheit_targ_18_C.wav,target,non_phon_err,have vs. be,/θ/ --> /t/; both/boat,,,,,,
8,19bc3e2ffb5de17204f99292f3271aeccb77a54c6361a1d7d3309e05ee25e3e9,"The question does NOT need any corrections, but I don't know the answer/ I don't understand what the question is asking.",what_big_star_in_our_solar_system_can_steal_be_visible_when_is_cloudy_targ_19_D.wav,target,both_err,expletive 'it' dropping,/ɪ/ --> /i/; still/steal,nun,,,,,FB_1108
8,19bc3e2ffb5de17204f99292f3271aeccb77a54c6361a1d7d3309e05ee25e3e9,NA,what_big_star_in_our_solar_system_can_steal_be_visible_when_is_cloudy_targ_19_D.wav,target,both_err,expletive 'it' dropping,/ɪ/ --> /i/; still/steal,,,,,,
8,19bc3e2ffb5de17204f99292f3271aeccb77a54c6361a1d7d3309e05ee25e3e9,The question does NOT need any corrections.,what_popular_us_chain_provides_a_happy_meal_toy_or_plush_when_kids_are_hungry_targ_20_A.wav,target,correct,have vs. be,/ʃ/ --> /s/; plush/plus,nans,,,,,FB_1108
8,19bc3e2ffb5de17204f99292f3271aeccb77a54c6361a1d7d3309e05ee25e3e9,McDonalds,what_popular_us_chain_provides_a_happy_meal_toy_or_plush_when_kids_are_hungry_targ_20_A.wav,target,correct,have vs. be,/ʃ/ --> /s/; plush/plus,,,,,,
8,19bc3e2ffb5de17204f99292f3271aeccb77a54c6361a1d7d3309e05ee25e3e9,The question needs to be CORRECTED.,in_the_lion_king_who_does_nala_talk_to_and_is_laying_in_a_got_after_theyve_reunited_targ_21_B.wav,target,phon_err,no aux verbs in questions (lack of do support),/k/ --> /g/; cot/got,y,,p,,,FB_1108
8,19bc3e2ffb5de17204f99292f3271aeccb77a54c6361a1d7d3309e05ee25e3e9,"Simba; it sounded like she said, ""laying in a 'got'"", I don't know what to change it to as I don't know what she meant",in_the_lion_king_who_does_nala_talk_to_and_is_laying_in_a_got_after_theyve_reunited_targ_21_B.wav,target,phon_err,no aux verbs in questions (lack of do support),/k/ --> /g/; cot/got,,,,,,
8,19bc3e2ffb5de17204f99292f3271aeccb77a54c6361a1d7d3309e05ee25e3e9,The question needs to be CORRECTED.,if_a_janitor_hardworking_cleaned_a_vent_in_five_minutes_how_many_seconds_is_that_targ_22_C.wav,target,non_phon_err,adj/noun order,/v/ --> /b/; vent/bent,y,,np?,,noticed the intended error but their suggestion still results in ungrammaticality,FB_1108
8,19bc3e2ffb5de17204f99292f3271aeccb77a54c6361a1d7d3309e05ee25e3e9,"300; instead of ""if a janitor hard worked"" it should be ""if a janitor worked hard""",if_a_janitor_hardworking_cleaned_a_vent_in_five_minutes_how_many_seconds_is_that_targ_22_C.wav,target,non_phon_err,adj/noun order,/v/ --> /b/; vent/bent,,,,,,
8,19bc3e2ffb5de17204f99292f3271aeccb77a54c6361a1d7d3309e05ee25e3e9,The question needs to be CORRECTED.,what_company_created_the_macbook_a_device_fool_of_features_to_help_students_make_homework_targ_23_D.wav,target,both_err,make vs. other verb,/ʊ/ --> /u/; full/fool,y,,np,,,FB_1108
8,19bc3e2ffb5de17204f99292f3271aeccb77a54c6361a1d7d3309e05ee25e3e9,"Apple; the speaker said ""make homework"" when a student ""does"" homework. I would change that wording",what_company_created_the_macbook_a_device_fool_of_features_to_help_students_make_homework_targ_23_D.wav,target,both_err,make vs. other verb,/ʊ/ --> /u/; full/fool,,,,,,
8,19bc3e2ffb5de17204f99292f3271aeccb77a54c6361a1d7d3309e05ee25e3e9,The question does NOT need any corrections.,if_i_consider_leaving_work_after_the_fourth_hour_how_many_minutes_would_that_be_targ_24_A.wav,target,correct,infinitive vs. participle,/θ/ --> /t/; fourth/fort,nans,,,,,FB_1108
8,19bc3e2ffb5de17204f99292f3271aeccb77a54c6361a1d7d3309e05ee25e3e9,240,if_i_consider_leaving_work_after_the_fourth_hour_how_many_minutes_would_that_be_targ_24_A.wav,target,correct,infinitive vs. participle,/θ/ --> /t/; fourth/fort,,,,,,
8,19bc3e2ffb5de17204f99292f3271aeccb77a54c6361a1d7d3309e05ee25e3e9,The question does NOT need any corrections.,what_letter_in_the_latin_alphabet_corresponds_to_the_greek_letter_alpha_fill_01.wav,filler_other,NA,NA,NA,nans,,,,,FB_1108
8,19bc3e2ffb5de17204f99292f3271aeccb77a54c6361a1d7d3309e05ee25e3e9,A,what_letter_in_the_latin_alphabet_corresponds_to_the_greek_letter_alpha_fill_01.wav,filler_other,NA,NA,NA,,,,,,
8,19bc3e2ffb5de17204f99292f3271aeccb77a54c6361a1d7d3309e05ee25e3e9,The question does NOT need any corrections.,what_organ_is_often_associated_with_being_eaten_by_rotting_flesh_monsters_also_known_as_zombies_fill_02.wav,filler_other,NA,NA,NA,nans,,,,,FB_1108
8,19bc3e2ffb5de17204f99292f3271aeccb77a54c6361a1d7d3309e05ee25e3e9,brains,what_organ_is_often_associated_with_being_eaten_by_rotting_flesh_monsters_also_known_as_zombies_fill_02.wav,filler_other,NA,NA,NA,,,,,,
8,19bc3e2ffb5de17204f99292f3271aeccb77a54c6361a1d7d3309e05ee25e3e9,The question does NOT need any corrections.,which_british_celebrity_judge_often_harshly_critiqued_contestants_on_the_nationwide_singing_contest_american_idol_fill_03.wav,filler_other,NA,NA,NA,nans,,,,,FB_1108
8,19bc3e2ffb5de17204f99292f3271aeccb77a54c6361a1d7d3309e05ee25e3e9,Simon Cowell,which_british_celebrity_judge_often_harshly_critiqued_contestants_on_the_nationwide_singing_contest_american_idol_fill_03.wav,filler_other,NA,NA,NA,,,,,,
8,19bc3e2ffb5de17204f99292f3271aeccb77a54c6361a1d7d3309e05ee25e3e9,The question does NOT need any corrections.,which_cartoon_character_works_at_the_krusty_krab_and_is_best_friends_with_patrick_star_fill_04.wav,filler_other,NA,NA,NA,nans,,,,,FB_1108
8,19bc3e2ffb5de17204f99292f3271aeccb77a54c6361a1d7d3309e05ee25e3e9,Spongebob Squarepants,which_cartoon_character_works_at_the_krusty_krab_and_is_best_friends_with_patrick_star_fill_04.wav,filler_other,NA,NA,NA,,,,,,
8,19bc3e2ffb5de17204f99292f3271aeccb77a54c6361a1d7d3309e05ee25e3e9,The question does NOT need any corrections.,which_body_part_did_van_gogh_allegedly_cut_off_after_an_argument_with_his_friend_fill_05.wav,filler_other,NA,NA,NA,nans,,,,,FB_1108
8,19bc3e2ffb5de17204f99292f3271aeccb77a54c6361a1d7d3309e05ee25e3e9,ear,which_body_part_did_van_gogh_allegedly_cut_off_after_an_argument_with_his_friend_fill_05.wav,filler_other,NA,NA,NA,,,,,,
8,19bc3e2ffb5de17204f99292f3271aeccb77a54c6361a1d7d3309e05ee25e3e9,The question does NOT need any corrections.,what_is_the_name_of_the_comic_strip_featuring_charlie_brown_and_his_dog_snoopy_fill_06.wav,filler_other,NA,NA,NA,nans,,,,,FB_1108
8,19bc3e2ffb5de17204f99292f3271aeccb77a54c6361a1d7d3309e05ee25e3e9,Peanuts,what_is_the_name_of_the_comic_strip_featuring_charlie_brown_and_his_dog_snoopy_fill_06.wav,filler_other,NA,NA,NA,,,,,,
8,19bc3e2ffb5de17204f99292f3271aeccb77a54c6361a1d7d3309e05ee25e3e9,The question does NOT need any corrections.,what_holiday_occurs_at_the_end_of_october_and_features_trick-or-treating_pumpkins_and_haunted_houses_fill_07.wav,filler_other,NA,NA,NA,nans,,,,,FB_1108
8,19bc3e2ffb5de17204f99292f3271aeccb77a54c6361a1d7d3309e05ee25e3e9,Halloween,what_holiday_occurs_at_the_end_of_october_and_features_trick-or-treating_pumpkins_and_haunted_houses_fill_07.wav,filler_other,NA,NA,NA,,,,,,
8,19bc3e2ffb5de17204f99292f3271aeccb77a54c6361a1d7d3309e05ee25e3e9,The question does NOT need any corrections.,what_is_the_name_of_the_video_game_character_who_is_a_traveling_italian_plumber_fill_08.wav,filler_other,NA,NA,NA,nans,,,,,FB_1108
8,19bc3e2ffb5de17204f99292f3271aeccb77a54c6361a1d7d3309e05ee25e3e9,Mario,what_is_the_name_of_the_video_game_character_who_is_a_traveling_italian_plumber_fill_08.wav,filler_other,NA,NA,NA,,,,,,
8,19bc3e2ffb5de17204f99292f3271aeccb77a54c6361a1d7d3309e05ee25e3e9,The question does NOT need any corrections.,what_kind_of_animal_is_mickey_mouse’s_girlfriend_minnie_who_wears_a_bow_fill_09.wav,filler_other,NA,NA,NA,nans,,,,,FB_1108
8,19bc3e2ffb5de17204f99292f3271aeccb77a54c6361a1d7d3309e05ee25e3e9,mouse,what_kind_of_animal_is_mickey_mouse’s_girlfriend_minnie_who_wears_a_bow_fill_09.wav,filler_other,NA,NA,NA,,,,,,
8,19bc3e2ffb5de17204f99292f3271aeccb77a54c6361a1d7d3309e05ee25e3e9,The question does NOT need any corrections.,which_cartoon_dog_solves_mysteries_with_the_group_fred_daphne_velma_and_shaggy_fill_10.wav,filler_other,NA,NA,NA,nans,,,,,FB_1108
8,19bc3e2ffb5de17204f99292f3271aeccb77a54c6361a1d7d3309e05ee25e3e9,Scooby Doo,which_cartoon_dog_solves_mysteries_with_the_group_fred_daphne_velma_and_shaggy_fill_10.wav,filler_other,NA,NA,NA,,,,,,
8,19bc3e2ffb5de17204f99292f3271aeccb77a54c6361a1d7d3309e05ee25e3e9,The question does NOT need any corrections.,which_fast_food_chain_offers_foot-long_sandwiches_and_has_the_slogan_eat_fresh_fill_11.wav,filler_other,NA,NA,NA,nans,,,,,FB_1108
8,19bc3e2ffb5de17204f99292f3271aeccb77a54c6361a1d7d3309e05ee25e3e9,Subway,which_fast_food_chain_offers_foot-long_sandwiches_and_has_the_slogan_eat_fresh_fill_11.wav,filler_other,NA,NA,NA,,,,,,
8,19bc3e2ffb5de17204f99292f3271aeccb77a54c6361a1d7d3309e05ee25e3e9,The question does NOT need any corrections.,which_oscar-winning_movie_features_tom_hanks_saying_life_is_like_a_box_of_chocolates_fill_12.wav,filler_other,NA,NA,NA,nans,,,,,FB_1108
8,19bc3e2ffb5de17204f99292f3271aeccb77a54c6361a1d7d3309e05ee25e3e9,Forrest Gump,which_oscar-winning_movie_features_tom_hanks_saying_life_is_like_a_box_of_chocolates_fill_12.wav,filler_other,NA,NA,NA,,,,,,
8,19bc3e2ffb5de17204f99292f3271aeccb77a54c6361a1d7d3309e05ee25e3e9,The question does NOT need any corrections.,what_novel_has_the_quote_i’m_late_i’m_late_for_a_very_important_date_fill_13.wav,filler_other,NA,NA,NA,nans,,,,,FB_1108
8,19bc3e2ffb5de17204f99292f3271aeccb77a54c6361a1d7d3309e05ee25e3e9,Alice in Wonderland,what_novel_has_the_quote_i’m_late_i’m_late_for_a_very_important_date_fill_13.wav,filler_other,NA,NA,NA,,,,,,
8,19bc3e2ffb5de17204f99292f3271aeccb77a54c6361a1d7d3309e05ee25e3e9,The question does NOT need any corrections.,what_mythical_creatures_have_been_said_to_drink_blood_turn_into_bats_and_hate_onions_fill_14.wav,filler_other,NA,NA,NA,nans,,,,,FB_1108
8,19bc3e2ffb5de17204f99292f3271aeccb77a54c6361a1d7d3309e05ee25e3e9,vampires,what_mythical_creatures_have_been_said_to_drink_blood_turn_into_bats_and_hate_onions_fill_14.wav,filler_other,NA,NA,NA,,,,,,
8,19bc3e2ffb5de17204f99292f3271aeccb77a54c6361a1d7d3309e05ee25e3e9,The question does NOT need any corrections.,who_discovered_the_law_of_universal_gravitation_which_accounts_for_why_objects_naturally_fall_downwards_fill_15.wav,filler_other,NA,NA,NA,nans,,,,,FB_1108
8,19bc3e2ffb5de17204f99292f3271aeccb77a54c6361a1d7d3309e05ee25e3e9,Einstein,who_discovered_the_law_of_universal_gravitation_which_accounts_for_why_objects_naturally_fall_downwards_fill_15.wav,filler_other,NA,NA,NA,,,,,,
8,19bc3e2ffb5de17204f99292f3271aeccb77a54c6361a1d7d3309e05ee25e3e9,The question does NOT need any corrections.,which_soft_pastry_made_with_a_certain_spice_is_often_spiral-shaped_and_topped_with_icing_fill_16.wav,filler_other,NA,NA,NA,nans,,,,,FB_1108
8,19bc3e2ffb5de17204f99292f3271aeccb77a54c6361a1d7d3309e05ee25e3e9,cinnamon roll,which_soft_pastry_made_with_a_certain_spice_is_often_spiral-shaped_and_topped_with_icing_fill_16.wav,filler_other,NA,NA,NA,,,,,,
8,19bc3e2ffb5de17204f99292f3271aeccb77a54c6361a1d7d3309e05ee25e3e9,The question does NOT need any corrections.,what_us_holiday_is_often_celebrated_with_fireworks_and_hotdogs_to_honor_americas_freedom_fill_17.wav,filler_other,NA,NA,NA,nans,,,,,FB_1108
8,19bc3e2ffb5de17204f99292f3271aeccb77a54c6361a1d7d3309e05ee25e3e9,4th of July,what_us_holiday_is_often_celebrated_with_fireworks_and_hotdogs_to_honor_americas_freedom_fill_17.wav,filler_other,NA,NA,NA,,,,,,
8,19bc3e2ffb5de17204f99292f3271aeccb77a54c6361a1d7d3309e05ee25e3e9,The question does NOT need any corrections.,which_tropical_fruit_that_grows_on_palm_trees_is_used_for_oils_and_milks_fill_18.wav,filler_other,NA,NA,NA,nans,,,,,FB_1108
8,19bc3e2ffb5de17204f99292f3271aeccb77a54c6361a1d7d3309e05ee25e3e9,coconuts,which_tropical_fruit_that_grows_on_palm_trees_is_used_for_oils_and_milks_fill_18.wav,filler_other,NA,NA,NA,,,,,,
8,19bc3e2ffb5de17204f99292f3271aeccb77a54c6361a1d7d3309e05ee25e3e9,The question does NOT need any corrections.,which_season_do_we_associate_with_thanksgiving_the_beginning_of_school_and_leaves_turning_brown_fill_19.wav,filler_other,NA,NA,NA,nans,,,,,FB_1108
8,19bc3e2ffb5de17204f99292f3271aeccb77a54c6361a1d7d3309e05ee25e3e9,Fall,which_season_do_we_associate_with_thanksgiving_the_beginning_of_school_and_leaves_turning_brown_fill_19.wav,filler_other,NA,NA,NA,,,,,,
8,19bc3e2ffb5de17204f99292f3271aeccb77a54c6361a1d7d3309e05ee25e3e9,The question does NOT need any corrections.,what_musician_won_grammys_for_their_album_thriller_which_features_the_hit_song_beat_it_fill_20.wav,filler_other,NA,NA,NA,nans,,,,,FB_1108
8,19bc3e2ffb5de17204f99292f3271aeccb77a54c6361a1d7d3309e05ee25e3e9,Michael Jackson,what_musician_won_grammys_for_their_album_thriller_which_features_the_hit_song_beat_it_fill_20.wav,filler_other,NA,NA,NA,,,,,,
8,19bc3e2ffb5de17204f99292f3271aeccb77a54c6361a1d7d3309e05ee25e3e9,The question does NOT need any corrections.,what_animal_is_typically_white_with_black_spots_and_says_moo_fill_21.wav,filler_other,NA,NA,NA,nans,,,,,FB_1108
8,19bc3e2ffb5de17204f99292f3271aeccb77a54c6361a1d7d3309e05ee25e3e9,cow,what_animal_is_typically_white_with_black_spots_and_says_moo_fill_21.wav,filler_other,NA,NA,NA,,,,,,
8,19bc3e2ffb5de17204f99292f3271aeccb77a54c6361a1d7d3309e05ee25e3e9,The question does NOT need any corrections.,where_do_the_jolly_christmas_icons_santa_claus_and_his_wife_mrs._claus_live_fill_22.wav,filler_other,NA,NA,NA,nans,,,,,FB_1108
8,19bc3e2ffb5de17204f99292f3271aeccb77a54c6361a1d7d3309e05ee25e3e9,the North Pole,where_do_the_jolly_christmas_icons_santa_claus_and_his_wife_mrs._claus_live_fill_22.wav,filler_other,NA,NA,NA,,,,,,
8,19bc3e2ffb5de17204f99292f3271aeccb77a54c6361a1d7d3309e05ee25e3e9,The question does NOT need any corrections.,in_the_famous_dr_seuss_book_what_orange_and_yellow_character_speaks_for_the_trees_fill_23.wav,filler_other,NA,NA,NA,nans,,,,,FB_1108
8,19bc3e2ffb5de17204f99292f3271aeccb77a54c6361a1d7d3309e05ee25e3e9,Lorax,in_the_famous_dr_seuss_book_what_orange_and_yellow_character_speaks_for_the_trees_fill_23.wav,filler_other,NA,NA,NA,,,,,,
8,19bc3e2ffb5de17204f99292f3271aeccb77a54c6361a1d7d3309e05ee25e3e9,The question does NOT need any corrections.,in_what_country_would_you_find_landmarks_like_the_pyramids_of_giza_and_great_sphinx_fill_24.wav,filler_other,NA,NA,NA,nans,,,,,FB_1108
8,19bc3e2ffb5de17204f99292f3271aeccb77a54c6361a1d7d3309e05ee25e3e9,Egypt,in_what_country_would_you_find_landmarks_like_the_pyramids_of_giza_and_great_sphinx_fill_24.wav,filler_other,NA,NA,NA,,,,,,
9,1f6e74023a5fe1235313f27f7bbe2d67bbfa94f0c51c3f2c8f2d00ff3c5440b2,The question does NOT need any corrections.,how_many_legs_does_a_dog_normally_have_fill_25.wav,att_check_good,NA,NA,NA,nans,,,a,,FB_1109
9,1f6e74023a5fe1235313f27f7bbe2d67bbfa94f0c51c3f2c8f2d00ff3c5440b2,4,how_many_legs_does_a_dog_normally_have_fill_25.wav,att_check_good,NA,NA,NA,,,,,,
9,1f6e74023a5fe1235313f27f7bbe2d67bbfa94f0c51c3f2c8f2d00ff3c5440b2,The question does NOT need any corrections.,what_state_is_los_angeles_located_in_fill_26.wav,att_check_good,NA,NA,NA,nans,,,a,,FB_1109
9,1f6e74023a5fe1235313f27f7bbe2d67bbfa94f0c51c3f2c8f2d00ff3c5440b2,California,what_state_is_los_angeles_located_in_fill_26.wav,att_check_good,NA,NA,NA,,,,,,
9,1f6e74023a5fe1235313f27f7bbe2d67bbfa94f0c51c3f2c8f2d00ff3c5440b2,The question does NOT need any corrections.,what_day_of_the_week_comes_after_monday_fill_27.wav,att_check_good,NA,NA,NA,nans,,,a,,FB_1109
9,1f6e74023a5fe1235313f27f7bbe2d67bbfa94f0c51c3f2c8f2d00ff3c5440b2,Tuesday,what_day_of_the_week_comes_after_monday_fill_27.wav,att_check_good,NA,NA,NA,,,,,,
9,1f6e74023a5fe1235313f27f7bbe2d67bbfa94f0c51c3f2c8f2d00ff3c5440b2,The question does NOT need any corrections.,what_color_is_a_typical_school_bus_fill_28.wav,att_check_good,NA,NA,NA,nans,,,a,,FB_1109
9,1f6e74023a5fe1235313f27f7bbe2d67bbfa94f0c51c3f2c8f2d00ff3c5440b2,yellow,what_color_is_a_typical_school_bus_fill_28.wav,att_check_good,NA,NA,NA,,,,,,
9,1f6e74023a5fe1235313f27f7bbe2d67bbfa94f0c51c3f2c8f2d00ff3c5440b2,"The question does NOT need any corrections, but I don't know the answer/ I don't understand what the question is asking.",in_the_cycle_of_seasons_what_season_comes_after_dinter_fill_29.wav,att_check_err,NA,NA,NA,nun,,acheckp,,marked wrong answer choice but noticed intended error,FB_1109
9,1f6e74023a5fe1235313f27f7bbe2d67bbfa94f0c51c3f2c8f2d00ff3c5440b2,"Summer; she mispronounces ""winter""",in_the_cycle_of_seasons_what_season_comes_after_dinter_fill_29.wav,att_check_err,NA,NA,NA,,,,,,
9,1f6e74023a5fe1235313f27f7bbe2d67bbfa94f0c51c3f2c8f2d00ff3c5440b2,The question does NOT need any corrections.,what_insect_undergoes_a_process_of_change_to_turn_into_a_butterfy_fill_30.wav,att_check_err,NA,NA,NA,nans,,acheckf,,,FB_1109
9,1f6e74023a5fe1235313f27f7bbe2d67bbfa94f0c51c3f2c8f2d00ff3c5440b2,Caterpillar,what_insect_undergoes_a_process_of_change_to_turn_into_a_butterfy_fill_30.wav,att_check_err,NA,NA,NA,,,,,,
9,1f6e74023a5fe1235313f27f7bbe2d67bbfa94f0c51c3f2c8f2d00ff3c5440b2,The question needs to be CORRECTED.,what_is_the_largest_plant_in_the_solar_system_fill_31.wav,att_check_err,NA,NA,NA,y,,acheckp,,,FB_1109
9,1f6e74023a5fe1235313f27f7bbe2d67bbfa94f0c51c3f2c8f2d00ff3c5440b2,"Jupiter; it should be ""planet"" and not ""plant""",what_is_the_largest_plant_in_the_solar_system_fill_31.wav,att_check_err,NA,NA,NA,,,,,,
9,1f6e74023a5fe1235313f27f7bbe2d67bbfa94f0c51c3f2c8f2d00ff3c5440b2,"The question does NOT need any corrections, but I don't know the answer/ I don't understand what the question is asking.",how_many_embers_were_in_the_beatles_the_british_rock_band_fill_32.wav,att_check_err,NA,NA,NA,nun,,acheckf,,,FB_1109
9,1f6e74023a5fe1235313f27f7bbe2d67bbfa94f0c51c3f2c8f2d00ff3c5440b2,4 members,how_many_embers_were_in_the_beatles_the_british_rock_band_fill_32.wav,att_check_err,NA,NA,NA,,,,,,
9,1f6e74023a5fe1235313f27f7bbe2d67bbfa94f0c51c3f2c8f2d00ff3c5440b2,I’m good — skip to the next question,for_what_pink_ice_cream_flavor_will_companies_make_their_best_to_use_real_fruit_targ_01_C.wav,target,non_phon_err,make vs. other verb,/ɪ/ --> /i/; will/wheel,s,,,,second attempt is their first instance and they chose the skip option,FB_1109
9,1f6e74023a5fe1235313f27f7bbe2d67bbfa94f0c51c3f2c8f2d00ff3c5440b2,NA,for_what_pink_ice_cream_flavor_will_companies_make_their_best_to_use_real_fruit_targ_01_C.wav,target,non_phon_err,make vs. other verb,/ɪ/ --> /i/; will/wheel,,,,,,
9,1f6e74023a5fe1235313f27f7bbe2d67bbfa94f0c51c3f2c8f2d00ff3c5440b2,"The question does NOT need any corrections, but I don't know the answer/ I don't understand what the question is asking.",what_term_refers_to_armored_men_who_enjoyed_to_carry_medieval_swords_that_class_in_combat_targ_02_D.wav,target,both_err,infinitive vs. participle,/ʃ/ --> /s/; clash/class,nun,,,,,FB_1109
9,1f6e74023a5fe1235313f27f7bbe2d67bbfa94f0c51c3f2c8f2d00ff3c5440b2,"Knights, this questions contains some mispronounced words and some sentenced structure errors.",what_term_refers_to_armored_men_who_enjoyed_to_carry_medieval_swords_that_class_in_combat_targ_02_D.wav,target,both_err,infinitive vs. participle,/ʃ/ --> /s/; clash/class,,,,,,
9,1f6e74023a5fe1235313f27f7bbe2d67bbfa94f0c51c3f2c8f2d00ff3c5440b2,The question does NOT need any corrections.,which_scottish_actor_first_played_james_bond_wearing_kilts_to_red_carpets_when_he_was_32_years_old_targ_03_A.wav,target,correct,have vs. be,/k/ --> /g/; kilt/guilt,nans,,,,,FB_1109
9,1f6e74023a5fe1235313f27f7bbe2d67bbfa94f0c51c3f2c8f2d00ff3c5440b2,Sean Connery,which_scottish_actor_first_played_james_bond_wearing_kilts_to_red_carpets_when_he_was_32_years_old_targ_03_A.wav,target,correct,have vs. be,/k/ --> /g/; kilt/guilt,,,,,,
9,1f6e74023a5fe1235313f27f7bbe2d67bbfa94f0c51c3f2c8f2d00ff3c5440b2,The question needs to be CORRECTED.,what_did_neil_armstrong_say_during_his_berry_first_steps_on_the_moon_targ_04_B.wav,target,phon_err,no aux verbs in questions (lack of do support),/v/ --> /b/; very/berry,y,,otherp,,,FB_1109
9,1f6e74023a5fe1235313f27f7bbe2d67bbfa94f0c51c3f2c8f2d00ff3c5440b2,"""One small step for man, one giant leap for mankind""; It sounds like she says ""Neil Arm"" and not ""Neil Armstrong""",what_did_neil_armstrong_say_during_his_berry_first_steps_on_the_moon_targ_04_B.wav,target,phon_err,no aux verbs in questions (lack of do support),/v/ --> /b/; very/berry,,,,,,
9,1f6e74023a5fe1235313f27f7bbe2d67bbfa94f0c51c3f2c8f2d00ff3c5440b2,The question does NOT need any corrections.,what_kind_of_weather_could_occur_when_is_raining_and_below_freezing_targ_05_C.wav,target,non_phon_err,expletive 'it' dropping,/ʊ/ --> /u/; could/cooed,nans,,,,,FB_1109
9,1f6e74023a5fe1235313f27f7bbe2d67bbfa94f0c51c3f2c8f2d00ff3c5440b2,Freezing Rain,what_kind_of_weather_could_occur_when_is_raining_and_below_freezing_targ_05_C.wav,target,non_phon_err,expletive 'it' dropping,/ʊ/ --> /u/; could/cooed,,,,,,
9,1f6e74023a5fe1235313f27f7bbe2d67bbfa94f0c51c3f2c8f2d00ff3c5440b2,The question needs to be CORRECTED.,how_many_legs_does_a_garden_spider_canadian_whose_silk_can_make_clot_have_targ_06_D.wav,target,both_err,adj/noun order,/θ/ --> /t/; cloth/clot,y,,np,,,FB_1109
9,1f6e74023a5fe1235313f27f7bbe2d67bbfa94f0c51c3f2c8f2d00ff3c5440b2,8; the question needs to rearrange the words to describe the spider better. The sentence is out of order.,how_many_legs_does_a_garden_spider_canadian_whose_silk_can_make_clot_have_targ_06_D.wav,target,both_err,adj/noun order,/θ/ --> /t/; cloth/clot,,,,,,
9,1f6e74023a5fe1235313f27f7bbe2d67bbfa94f0c51c3f2c8f2d00ff3c5440b2,The question does NOT need any corrections.,what_childrens_game_makes_people_sit_down_quickly_when_the_loud_music_stops_targ_07_A.wav,target,correct,adj/noun order,/ɪ/ --> /i/; sit/seat,nans,,,,,FB_1109
9,1f6e74023a5fe1235313f27f7bbe2d67bbfa94f0c51c3f2c8f2d00ff3c5440b2,Musical chairs,what_childrens_game_makes_people_sit_down_quickly_when_the_loud_music_stops_targ_07_A.wav,target,correct,adj/noun order,/ɪ/ --> /i/; sit/seat,,,,,,
9,1f6e74023a5fe1235313f27f7bbe2d67bbfa94f0c51c3f2c8f2d00ff3c5440b2,The question does NOT need any corrections.,because_it_is_important_to_honor_the_iris_saint_what_holiday_occurs_on_march_17th_targ_08_B.wav,target,phon_err,expletive 'it' dropping,/ʃ/ --> /s/; Irish/iris,nans,,,,,FB_1109
9,1f6e74023a5fe1235313f27f7bbe2d67bbfa94f0c51c3f2c8f2d00ff3c5440b2,St. Patrick's Day,because_it_is_important_to_honor_the_iris_saint_what_holiday_occurs_on_march_17th_targ_08_B.wav,target,phon_err,expletive 'it' dropping,/ʃ/ --> /s/; Irish/iris,,,,,,
9,1f6e74023a5fe1235313f27f7bbe2d67bbfa94f0c51c3f2c8f2d00ff3c5440b2,The question does NOT need any corrections.,if_laundry_service_will_come_in_five_days_and_todays_thursday_when_are_they_making_laundry_next_targ_09_C.wav,target,non_phon_err,make vs. other verb,/k/ --> /g/; come/gum,nans,,,,,FB_1109
9,1f6e74023a5fe1235313f27f7bbe2d67bbfa94f0c51c3f2c8f2d00ff3c5440b2,Tuesday,if_laundry_service_will_come_in_five_days_and_todays_thursday_when_are_they_making_laundry_next_targ_09_C.wav,target,non_phon_err,make vs. other verb,/k/ --> /g/; come/gum,,,,,,
9,1f6e74023a5fe1235313f27f7bbe2d67bbfa94f0c51c3f2c8f2d00ff3c5440b2,The question does NOT need any corrections.,who_did_americans_boat_for_to_be_their_first_president_who_avoided_to_serve_three_terms_targ_10_D.wav,target,both_err,infinitive vs. participle,/v/ --> /b/; vote/boat,nans,,,,,FB_1109
9,1f6e74023a5fe1235313f27f7bbe2d67bbfa94f0c51c3f2c8f2d00ff3c5440b2,George Washington,who_did_americans_boat_for_to_be_their_first_president_who_avoided_to_serve_three_terms_targ_10_D.wav,target,both_err,infinitive vs. participle,/v/ --> /b/; vote/boat,,,,,,
9,1f6e74023a5fe1235313f27f7bbe2d67bbfa94f0c51c3f2c8f2d00ff3c5440b2,The question does NOT need any corrections.,what_colors_can_be_on_a_traffic_light_which_often_senses_when_cars_pull_up_targ_11_A.wav,target,correct,have vs. be,/ʊ/ --> /u/; pulls/pools,nans,,,,,FB_1109
9,1f6e74023a5fe1235313f27f7bbe2d67bbfa94f0c51c3f2c8f2d00ff3c5440b2,"red, green, and yellow",what_colors_can_be_on_a_traffic_light_which_often_senses_when_cars_pull_up_targ_11_A.wav,target,correct,have vs. be,/ʊ/ --> /u/; pulls/pools,,,,,,
9,1f6e74023a5fe1235313f27f7bbe2d67bbfa94f0c51c3f2c8f2d00ff3c5440b2,"The question does NOT need any corrections, but I don't know the answer/ I don't understand what the question is asking.",if_youre_on_a_pat_from_california_to_hawaii_which_ocean_do_you_go_through_targ_12_B.wav,target,phon_err,no aux verbs in questions (lack of do support),/θ/ --> /t/; path/pat,nun,,,,,FB_1109
9,1f6e74023a5fe1235313f27f7bbe2d67bbfa94f0c51c3f2c8f2d00ff3c5440b2,"Pacific Ocean; couldn't tell the word she said, but it should be either boat or plane.",if_youre_on_a_pat_from_california_to_hawaii_which_ocean_do_you_go_through_targ_12_B.wav,target,phon_err,no aux verbs in questions (lack of do support),/θ/ --> /t/; path/pat,,,,,,
9,1f6e74023a5fe1235313f27f7bbe2d67bbfa94f0c51c3f2c8f2d00ff3c5440b2,"The question does NOT need any corrections, but I don't know the answer/ I don't understand what the question is asking.",what_supplies_you_need_to_knit_a_scarf_targ_13_C.wav,target,non_phon_err,no aux verbs in questions (lack of do support),/ɪ/ --> /i/; knit/neat,nun,,,,,FB_1109
9,1f6e74023a5fe1235313f27f7bbe2d67bbfa94f0c51c3f2c8f2d00ff3c5440b2,"knitting needles and yarn; the question should say ""what supplies do you need""",what_supplies_you_need_to_knit_a_scarf_targ_13_C.wav,target,non_phon_err,no aux verbs in questions (lack of do support),/ɪ/ --> /i/; knit/neat,,,,,,
9,1f6e74023a5fe1235313f27f7bbe2d67bbfa94f0c51c3f2c8f2d00ff3c5440b2,I’m good — skip to the next question,what_city_have_people_rust_to_tour_to_see_where_the_us_government_makes_business_targ_14_D.wav,target,both_err,make vs. other verb,/ʃ/ --> /s/; rushed/rust,s,,,,second attempt is their first instance and they chose the skip option,FB_1109
9,1f6e74023a5fe1235313f27f7bbe2d67bbfa94f0c51c3f2c8f2d00ff3c5440b2,NA,what_city_have_people_rust_to_tour_to_see_where_the_us_government_makes_business_targ_14_D.wav,target,both_err,make vs. other verb,/ʃ/ --> /s/; rushed/rust,,,,,,
9,1f6e74023a5fe1235313f27f7bbe2d67bbfa94f0c51c3f2c8f2d00ff3c5440b2,The question does NOT need any corrections.,what_colors_make_up_a_traditional_candy_cane_which_people_enjoy_eating_during_christmas_targ_15_A.wav,target,correct,infinitive vs. participle,/k/ --> /g/; cane/gain,nans,,,,,FB_1109
9,1f6e74023a5fe1235313f27f7bbe2d67bbfa94f0c51c3f2c8f2d00ff3c5440b2,Red and white,what_colors_make_up_a_traditional_candy_cane_which_people_enjoy_eating_during_christmas_targ_15_A.wav,target,correct,infinitive vs. participle,/k/ --> /g/; cane/gain,,,,,,
9,1f6e74023a5fe1235313f27f7bbe2d67bbfa94f0c51c3f2c8f2d00ff3c5440b2,The question does NOT need any corrections.,where_do_people_get_drivers_licenses_since_it_is_required_as_ballad_id_to_drive_targ_16_B.wav,target,phon_err,expletive 'it' dropping,/v/ --> /b/; valid/ballad,nans,,,,,FB_1109
9,1f6e74023a5fe1235313f27f7bbe2d67bbfa94f0c51c3f2c8f2d00ff3c5440b2,Department of Motor Vehicles,where_do_people_get_drivers_licenses_since_it_is_required_as_ballad_id_to_drive_targ_16_B.wav,target,phon_err,expletive 'it' dropping,/v/ --> /b/; valid/ballad,,,,,,
9,1f6e74023a5fe1235313f27f7bbe2d67bbfa94f0c51c3f2c8f2d00ff3c5440b2,"The question does NOT need any corrections, but I don't know the answer/ I don't understand what the question is asking.",how_many_days_would_my_bike_tandem_be_gone_if_someone_borrows_it_for_july_targ_17_C.wav,target,non_phon_err,adj/noun order,/ʊ/ --> /u/; would/wooed,nun,,,,,FB_1109
9,1f6e74023a5fe1235313f27f7bbe2d67bbfa94f0c51c3f2c8f2d00ff3c5440b2,NA; I couldn't understand what was being asked,how_many_days_would_my_bike_tandem_be_gone_if_someone_borrows_it_for_july_targ_17_C.wav,target,non_phon_err,adj/noun order,/ʊ/ --> /u/; would/wooed,,,,,,
9,1f6e74023a5fe1235313f27f7bbe2d67bbfa94f0c51c3f2c8f2d00ff3c5440b2,"The question does NOT need any corrections, but I don't know the answer/ I don't understand what the question is asking.",when_you_have_hot_what_device_measures_body_temperature_in_boat_celsius_and_fahrenheit_targ_18_D.wav,target,both_err,have vs. be,/θ/ --> /t/; both/boat,nun,,,,,FB_1109
9,1f6e74023a5fe1235313f27f7bbe2d67bbfa94f0c51c3f2c8f2d00ff3c5440b2,"Thermometer; She says ""hot"" when she should say ""fever""",when_you_have_hot_what_device_measures_body_temperature_in_boat_celsius_and_fahrenheit_targ_18_D.wav,target,both_err,have vs. be,/θ/ --> /t/; both/boat,,,,,,
9,1f6e74023a5fe1235313f27f7bbe2d67bbfa94f0c51c3f2c8f2d00ff3c5440b2,The question does NOT need any corrections.,what_big_star_in_our_solar_system_can_still_be_visible_when_it_is_cloudy_targ_19_A.wav,target,correct,expletive 'it' dropping,/ɪ/ --> /i/; still/steal,nans,,,,,FB_1109
9,1f6e74023a5fe1235313f27f7bbe2d67bbfa94f0c51c3f2c8f2d00ff3c5440b2,NA,what_big_star_in_our_solar_system_can_still_be_visible_when_it_is_cloudy_targ_19_A.wav,target,correct,expletive 'it' dropping,/ɪ/ --> /i/; still/steal,,,,,,
9,1f6e74023a5fe1235313f27f7bbe2d67bbfa94f0c51c3f2c8f2d00ff3c5440b2,The question does NOT need any corrections.,what_popular_us_chain_provides_a_happy_meal_toy_or_plus_when_kids_are_hungry_targ_20_B.wav,target,phon_err,have vs. be,/ʃ/ --> /s/; plush/plus,nans,,,,,FB_1109
9,1f6e74023a5fe1235313f27f7bbe2d67bbfa94f0c51c3f2c8f2d00ff3c5440b2,McDonald's,what_popular_us_chain_provides_a_happy_meal_toy_or_plus_when_kids_are_hungry_targ_20_B.wav,target,phon_err,have vs. be,/ʃ/ --> /s/; plush/plus,,,,,,
9,1f6e74023a5fe1235313f27f7bbe2d67bbfa94f0c51c3f2c8f2d00ff3c5440b2,The question needs to be CORRECTED.,in_the_lion_king_who_nala_talk_to_and_is_laying_in_a_cot_after_theyve_reunited_targ_21_C.wav,target,non_phon_err,no aux verbs in questions (lack of do support),/k/ --> /g/; cot/got,y,,othernp,,answer isn't specific about which type of np errors ,FB_1109
9,1f6e74023a5fe1235313f27f7bbe2d67bbfa94f0c51c3f2c8f2d00ff3c5440b2,"Simba, this question contains many grammatical errors.",in_the_lion_king_who_nala_talk_to_and_is_laying_in_a_cot_after_theyve_reunited_targ_21_C.wav,target,non_phon_err,no aux verbs in questions (lack of do support),/k/ --> /g/; cot/got,,,,,,
9,1f6e74023a5fe1235313f27f7bbe2d67bbfa94f0c51c3f2c8f2d00ff3c5440b2,The question does NOT need any corrections.,if_a_janitor_hardworking_cleaned_a_bent_in_five_minutes_how_many_seconds_is_that_targ_22_D.wav,target,both_err,adj/noun order,/v/ --> /b/; vent/bent,nans,,,,,FB_1109
9,1f6e74023a5fe1235313f27f7bbe2d67bbfa94f0c51c3f2c8f2d00ff3c5440b2,300,if_a_janitor_hardworking_cleaned_a_bent_in_five_minutes_how_many_seconds_is_that_targ_22_D.wav,target,both_err,adj/noun order,/v/ --> /b/; vent/bent,,,,,,
9,1f6e74023a5fe1235313f27f7bbe2d67bbfa94f0c51c3f2c8f2d00ff3c5440b2,The question does NOT need any corrections.,what_company_created_the_macbook_a_device_full_of_features_to_help_students_do_homework_targ_23_A.wav,target,correct,make vs. other verb,/ʊ/ --> /u/; full/fool,nans,,,,,FB_1109
9,1f6e74023a5fe1235313f27f7bbe2d67bbfa94f0c51c3f2c8f2d00ff3c5440b2,Apple,what_company_created_the_macbook_a_device_full_of_features_to_help_students_do_homework_targ_23_A.wav,target,correct,make vs. other verb,/ʊ/ --> /u/; full/fool,,,,,,
9,1f6e74023a5fe1235313f27f7bbe2d67bbfa94f0c51c3f2c8f2d00ff3c5440b2,The question does NOT need any corrections.,if_i_consider_leaving_work_after_the_fort_hour_how_many_minutes_would_that_be_targ_24_B.wav,target,phon_err,infinitive vs. participle,/θ/ --> /t/; fourth/fort,nans,,,,,FB_1109
9,1f6e74023a5fe1235313f27f7bbe2d67bbfa94f0c51c3f2c8f2d00ff3c5440b2,180,if_i_consider_leaving_work_after_the_fort_hour_how_many_minutes_would_that_be_targ_24_B.wav,target,phon_err,infinitive vs. participle,/θ/ --> /t/; fourth/fort,,,,,,
9,1f6e74023a5fe1235313f27f7bbe2d67bbfa94f0c51c3f2c8f2d00ff3c5440b2,The question does NOT need any corrections.,what_letter_in_the_latin_alphabet_corresponds_to_the_greek_letter_alpha_fill_01.wav,filler_other,NA,NA,NA,nans,,,,,FB_1109
9,1f6e74023a5fe1235313f27f7bbe2d67bbfa94f0c51c3f2c8f2d00ff3c5440b2,A,what_letter_in_the_latin_alphabet_corresponds_to_the_greek_letter_alpha_fill_01.wav,filler_other,NA,NA,NA,,,,,,
9,1f6e74023a5fe1235313f27f7bbe2d67bbfa94f0c51c3f2c8f2d00ff3c5440b2,The question does NOT need any corrections.,what_organ_is_often_associated_with_being_eaten_by_rotting_flesh_monsters_also_known_as_zombies_fill_02.wav,filler_other,NA,NA,NA,nans,,,,,FB_1109
9,1f6e74023a5fe1235313f27f7bbe2d67bbfa94f0c51c3f2c8f2d00ff3c5440b2,brain,what_organ_is_often_associated_with_being_eaten_by_rotting_flesh_monsters_also_known_as_zombies_fill_02.wav,filler_other,NA,NA,NA,,,,,,
9,1f6e74023a5fe1235313f27f7bbe2d67bbfa94f0c51c3f2c8f2d00ff3c5440b2,The question does NOT need any corrections.,which_british_celebrity_judge_often_harshly_critiqued_contestants_on_the_nationwide_singing_contest_american_idol_fill_03.wav,filler_other,NA,NA,NA,nans,,,,,FB_1109
9,1f6e74023a5fe1235313f27f7bbe2d67bbfa94f0c51c3f2c8f2d00ff3c5440b2,Simon Cowell,which_british_celebrity_judge_often_harshly_critiqued_contestants_on_the_nationwide_singing_contest_american_idol_fill_03.wav,filler_other,NA,NA,NA,,,,,,
9,1f6e74023a5fe1235313f27f7bbe2d67bbfa94f0c51c3f2c8f2d00ff3c5440b2,The question does NOT need any corrections.,which_cartoon_character_works_at_the_krusty_krab_and_is_best_friends_with_patrick_star_fill_04.wav,filler_other,NA,NA,NA,nans,,,,,FB_1109
9,1f6e74023a5fe1235313f27f7bbe2d67bbfa94f0c51c3f2c8f2d00ff3c5440b2,Spongebob Squarepants,which_cartoon_character_works_at_the_krusty_krab_and_is_best_friends_with_patrick_star_fill_04.wav,filler_other,NA,NA,NA,,,,,,
9,1f6e74023a5fe1235313f27f7bbe2d67bbfa94f0c51c3f2c8f2d00ff3c5440b2,"The question does NOT need any corrections, but I don't know the answer/ I don't understand what the question is asking.",which_body_part_did_van_gogh_allegedly_cut_off_after_an_argument_with_his_friend_fill_05.wav,filler_other,NA,NA,NA,nun,,,,,FB_1109
9,1f6e74023a5fe1235313f27f7bbe2d67bbfa94f0c51c3f2c8f2d00ff3c5440b2,NA,which_body_part_did_van_gogh_allegedly_cut_off_after_an_argument_with_his_friend_fill_05.wav,filler_other,NA,NA,NA,,,,,,
9,1f6e74023a5fe1235313f27f7bbe2d67bbfa94f0c51c3f2c8f2d00ff3c5440b2,The question does NOT need any corrections.,what_is_the_name_of_the_comic_strip_featuring_charlie_brown_and_his_dog_snoopy_fill_06.wav,filler_other,NA,NA,NA,nans,,,,,FB_1109
9,1f6e74023a5fe1235313f27f7bbe2d67bbfa94f0c51c3f2c8f2d00ff3c5440b2,Peanuts,what_is_the_name_of_the_comic_strip_featuring_charlie_brown_and_his_dog_snoopy_fill_06.wav,filler_other,NA,NA,NA,,,,,,
9,1f6e74023a5fe1235313f27f7bbe2d67bbfa94f0c51c3f2c8f2d00ff3c5440b2,The question does NOT need any corrections.,what_holiday_occurs_at_the_end_of_october_and_features_trick-or-treating_pumpkins_and_haunted_houses_fill_07.wav,filler_other,NA,NA,NA,nans,,,,,FB_1109
9,1f6e74023a5fe1235313f27f7bbe2d67bbfa94f0c51c3f2c8f2d00ff3c5440b2,Halloween,what_holiday_occurs_at_the_end_of_october_and_features_trick-or-treating_pumpkins_and_haunted_houses_fill_07.wav,filler_other,NA,NA,NA,,,,,,
9,1f6e74023a5fe1235313f27f7bbe2d67bbfa94f0c51c3f2c8f2d00ff3c5440b2,The question does NOT need any corrections.,what_is_the_name_of_the_video_game_character_who_is_a_traveling_italian_plumber_fill_08.wav,filler_other,NA,NA,NA,nans,,,,,FB_1109
9,1f6e74023a5fe1235313f27f7bbe2d67bbfa94f0c51c3f2c8f2d00ff3c5440b2,Super Mario,what_is_the_name_of_the_video_game_character_who_is_a_traveling_italian_plumber_fill_08.wav,filler_other,NA,NA,NA,,,,,,
9,1f6e74023a5fe1235313f27f7bbe2d67bbfa94f0c51c3f2c8f2d00ff3c5440b2,The question does NOT need any corrections.,what_kind_of_animal_is_mickey_mouse’s_girlfriend_minnie_who_wears_a_bow_fill_09.wav,filler_other,NA,NA,NA,nans,,,,,FB_1109
9,1f6e74023a5fe1235313f27f7bbe2d67bbfa94f0c51c3f2c8f2d00ff3c5440b2,Mouse,what_kind_of_animal_is_mickey_mouse’s_girlfriend_minnie_who_wears_a_bow_fill_09.wav,filler_other,NA,NA,NA,,,,,,
9,1f6e74023a5fe1235313f27f7bbe2d67bbfa94f0c51c3f2c8f2d00ff3c5440b2,The question does NOT need any corrections.,which_cartoon_dog_solves_mysteries_with_the_group_fred_daphne_velma_and_shaggy_fill_10.wav,filler_other,NA,NA,NA,nans,,,,,FB_1109
9,1f6e74023a5fe1235313f27f7bbe2d67bbfa94f0c51c3f2c8f2d00ff3c5440b2,Scooby Doo,which_cartoon_dog_solves_mysteries_with_the_group_fred_daphne_velma_and_shaggy_fill_10.wav,filler_other,NA,NA,NA,,,,,,
9,1f6e74023a5fe1235313f27f7bbe2d67bbfa94f0c51c3f2c8f2d00ff3c5440b2,The question does NOT need any corrections.,which_fast_food_chain_offers_foot-long_sandwiches_and_has_the_slogan_eat_fresh_fill_11.wav,filler_other,NA,NA,NA,nans,,,,,FB_1109
9,1f6e74023a5fe1235313f27f7bbe2d67bbfa94f0c51c3f2c8f2d00ff3c5440b2,Subway,which_fast_food_chain_offers_foot-long_sandwiches_and_has_the_slogan_eat_fresh_fill_11.wav,filler_other,NA,NA,NA,,,,,,
9,1f6e74023a5fe1235313f27f7bbe2d67bbfa94f0c51c3f2c8f2d00ff3c5440b2,The question does NOT need any corrections.,which_oscar-winning_movie_features_tom_hanks_saying_life_is_like_a_box_of_chocolates_fill_12.wav,filler_other,NA,NA,NA,nans,,,,,FB_1109
9,1f6e74023a5fe1235313f27f7bbe2d67bbfa94f0c51c3f2c8f2d00ff3c5440b2,Forrest Gump,which_oscar-winning_movie_features_tom_hanks_saying_life_is_like_a_box_of_chocolates_fill_12.wav,filler_other,NA,NA,NA,,,,,,
9,1f6e74023a5fe1235313f27f7bbe2d67bbfa94f0c51c3f2c8f2d00ff3c5440b2,"The question does NOT need any corrections, but I don't know the answer/ I don't understand what the question is asking.",what_novel_has_the_quote_i’m_late_i’m_late_for_a_very_important_date_fill_13.wav,filler_other,NA,NA,NA,nun,,,,,FB_1109
9,1f6e74023a5fe1235313f27f7bbe2d67bbfa94f0c51c3f2c8f2d00ff3c5440b2,NA,what_novel_has_the_quote_i’m_late_i’m_late_for_a_very_important_date_fill_13.wav,filler_other,NA,NA,NA,,,,,,
9,1f6e74023a5fe1235313f27f7bbe2d67bbfa94f0c51c3f2c8f2d00ff3c5440b2,The question does NOT need any corrections.,what_mythical_creatures_have_been_said_to_drink_blood_turn_into_bats_and_hate_onions_fill_14.wav,filler_other,NA,NA,NA,nans,,,,,FB_1109
9,1f6e74023a5fe1235313f27f7bbe2d67bbfa94f0c51c3f2c8f2d00ff3c5440b2,Vampires,what_mythical_creatures_have_been_said_to_drink_blood_turn_into_bats_and_hate_onions_fill_14.wav,filler_other,NA,NA,NA,,,,,,
9,1f6e74023a5fe1235313f27f7bbe2d67bbfa94f0c51c3f2c8f2d00ff3c5440b2,The question does NOT need any corrections.,who_discovered_the_law_of_universal_gravitation_which_accounts_for_why_objects_naturally_fall_downwards_fill_15.wav,filler_other,NA,NA,NA,nans,,,,,FB_1109
9,1f6e74023a5fe1235313f27f7bbe2d67bbfa94f0c51c3f2c8f2d00ff3c5440b2,Newton,who_discovered_the_law_of_universal_gravitation_which_accounts_for_why_objects_naturally_fall_downwards_fill_15.wav,filler_other,NA,NA,NA,,,,,,
9,1f6e74023a5fe1235313f27f7bbe2d67bbfa94f0c51c3f2c8f2d00ff3c5440b2,"The question does NOT need any corrections, but I don't know the answer/ I don't understand what the question is asking.",which_soft_pastry_made_with_a_certain_spice_is_often_spiral-shaped_and_topped_with_icing_fill_16.wav,filler_other,NA,NA,NA,nun,,,,,FB_1109
9,1f6e74023a5fe1235313f27f7bbe2d67bbfa94f0c51c3f2c8f2d00ff3c5440b2,NA,which_soft_pastry_made_with_a_certain_spice_is_often_spiral-shaped_and_topped_with_icing_fill_16.wav,filler_other,NA,NA,NA,,,,,,
9,1f6e74023a5fe1235313f27f7bbe2d67bbfa94f0c51c3f2c8f2d00ff3c5440b2,The question does NOT need any corrections.,what_us_holiday_is_often_celebrated_with_fireworks_and_hotdogs_to_honor_americas_freedom_fill_17.wav,filler_other,NA,NA,NA,nans,,,,,FB_1109
9,1f6e74023a5fe1235313f27f7bbe2d67bbfa94f0c51c3f2c8f2d00ff3c5440b2,Independence Day,what_us_holiday_is_often_celebrated_with_fireworks_and_hotdogs_to_honor_americas_freedom_fill_17.wav,filler_other,NA,NA,NA,,,,,,
9,1f6e74023a5fe1235313f27f7bbe2d67bbfa94f0c51c3f2c8f2d00ff3c5440b2,The question does NOT need any corrections.,which_tropical_fruit_that_grows_on_palm_trees_is_used_for_oils_and_milks_fill_18.wav,filler_other,NA,NA,NA,nans,,,,,FB_1109
9,1f6e74023a5fe1235313f27f7bbe2d67bbfa94f0c51c3f2c8f2d00ff3c5440b2,Coconut,which_tropical_fruit_that_grows_on_palm_trees_is_used_for_oils_and_milks_fill_18.wav,filler_other,NA,NA,NA,,,,,,
9,1f6e74023a5fe1235313f27f7bbe2d67bbfa94f0c51c3f2c8f2d00ff3c5440b2,The question does NOT need any corrections.,which_season_do_we_associate_with_thanksgiving_the_beginning_of_school_and_leaves_turning_brown_fill_19.wav,filler_other,NA,NA,NA,nans,,,,,FB_1109
9,1f6e74023a5fe1235313f27f7bbe2d67bbfa94f0c51c3f2c8f2d00ff3c5440b2,Autumn,which_season_do_we_associate_with_thanksgiving_the_beginning_of_school_and_leaves_turning_brown_fill_19.wav,filler_other,NA,NA,NA,,,,,,
9,1f6e74023a5fe1235313f27f7bbe2d67bbfa94f0c51c3f2c8f2d00ff3c5440b2,The question does NOT need any corrections.,what_musician_won_grammys_for_their_album_thriller_which_features_the_hit_song_beat_it_fill_20.wav,filler_other,NA,NA,NA,nans,,,,,FB_1109
9,1f6e74023a5fe1235313f27f7bbe2d67bbfa94f0c51c3f2c8f2d00ff3c5440b2,Michael Jackson,what_musician_won_grammys_for_their_album_thriller_which_features_the_hit_song_beat_it_fill_20.wav,filler_other,NA,NA,NA,,,,,,
9,1f6e74023a5fe1235313f27f7bbe2d67bbfa94f0c51c3f2c8f2d00ff3c5440b2,The question does NOT need any corrections.,what_animal_is_typically_white_with_black_spots_and_says_moo_fill_21.wav,filler_other,NA,NA,NA,nans,,,,,FB_1109
9,1f6e74023a5fe1235313f27f7bbe2d67bbfa94f0c51c3f2c8f2d00ff3c5440b2,Cow,what_animal_is_typically_white_with_black_spots_and_says_moo_fill_21.wav,filler_other,NA,NA,NA,,,,,,
9,1f6e74023a5fe1235313f27f7bbe2d67bbfa94f0c51c3f2c8f2d00ff3c5440b2,The question does NOT need any corrections.,where_do_the_jolly_christmas_icons_santa_claus_and_his_wife_mrs._claus_live_fill_22.wav,filler_other,NA,NA,NA,nans,,,,,FB_1109
9,1f6e74023a5fe1235313f27f7bbe2d67bbfa94f0c51c3f2c8f2d00ff3c5440b2,The North Pole,where_do_the_jolly_christmas_icons_santa_claus_and_his_wife_mrs._claus_live_fill_22.wav,filler_other,NA,NA,NA,,,,,,
9,1f6e74023a5fe1235313f27f7bbe2d67bbfa94f0c51c3f2c8f2d00ff3c5440b2,The question does NOT need any corrections.,in_the_famous_dr_seuss_book_what_orange_and_yellow_character_speaks_for_the_trees_fill_23.wav,filler_other,NA,NA,NA,nans,,,,,FB_1109
9,1f6e74023a5fe1235313f27f7bbe2d67bbfa94f0c51c3f2c8f2d00ff3c5440b2,The Lorax,in_the_famous_dr_seuss_book_what_orange_and_yellow_character_speaks_for_the_trees_fill_23.wav,filler_other,NA,NA,NA,,,,,,
9,1f6e74023a5fe1235313f27f7bbe2d67bbfa94f0c51c3f2c8f2d00ff3c5440b2,The question does NOT need any corrections.,in_what_country_would_you_find_landmarks_like_the_pyramids_of_giza_and_great_sphinx_fill_24.wav,filler_other,NA,NA,NA,nans,,,,,FB_1109
9,1f6e74023a5fe1235313f27f7bbe2d67bbfa94f0c51c3f2c8f2d00ff3c5440b2,Egypt,in_what_country_would_you_find_landmarks_like_the_pyramids_of_giza_and_great_sphinx_fill_24.wav,filler_other,NA,NA,NA,,,,,,
10,2b889c70c6ee5941779fab9172195a8c08bf5de1b5c18d357c1fdc9b44fabf24,The question does NOT need any corrections.,how_many_legs_does_a_dog_normally_have_fill_25.wav,att_check_good,NA,NA,NA,nans,,,a,,FB_1109
10,2b889c70c6ee5941779fab9172195a8c08bf5de1b5c18d357c1fdc9b44fabf24,Four,how_many_legs_does_a_dog_normally_have_fill_25.wav,att_check_good,NA,NA,NA,,,,,,
10,2b889c70c6ee5941779fab9172195a8c08bf5de1b5c18d357c1fdc9b44fabf24,The question does NOT need any corrections.,what_state_is_los_angeles_located_in_fill_26.wav,att_check_good,NA,NA,NA,nans,,,a,,FB_1109
10,2b889c70c6ee5941779fab9172195a8c08bf5de1b5c18d357c1fdc9b44fabf24,California,what_state_is_los_angeles_located_in_fill_26.wav,att_check_good,NA,NA,NA,,,,,,
10,2b889c70c6ee5941779fab9172195a8c08bf5de1b5c18d357c1fdc9b44fabf24,The question does NOT need any corrections.,what_day_of_the_week_comes_after_monday_fill_27.wav,att_check_good,NA,NA,NA,nans,,,a,,FB_1109
10,2b889c70c6ee5941779fab9172195a8c08bf5de1b5c18d357c1fdc9b44fabf24,Tuesday,what_day_of_the_week_comes_after_monday_fill_27.wav,att_check_good,NA,NA,NA,,,,,,
10,2b889c70c6ee5941779fab9172195a8c08bf5de1b5c18d357c1fdc9b44fabf24,The question does NOT need any corrections.,what_color_is_a_typical_school_bus_fill_28.wav,att_check_good,NA,NA,NA,nans,,,a,,FB_1109
10,2b889c70c6ee5941779fab9172195a8c08bf5de1b5c18d357c1fdc9b44fabf24,Yellow,what_color_is_a_typical_school_bus_fill_28.wav,att_check_good,NA,NA,NA,,,,,,
10,2b889c70c6ee5941779fab9172195a8c08bf5de1b5c18d357c1fdc9b44fabf24,The question needs to be CORRECTED.,in_the_cycle_of_seasons_what_season_comes_after_dinter_fill_29.wav,att_check_err,NA,NA,NA,y,,acheckp,,,FB_1109
10,2b889c70c6ee5941779fab9172195a8c08bf5de1b5c18d357c1fdc9b44fabf24,"Spring. She pronounces ""winter"" as ""dinter.""",in_the_cycle_of_seasons_what_season_comes_after_dinter_fill_29.wav,att_check_err,NA,NA,NA,,,,,,
10,2b889c70c6ee5941779fab9172195a8c08bf5de1b5c18d357c1fdc9b44fabf24,The question needs to be CORRECTED.,what_insect_undergoes_a_process_of_change_to_turn_into_a_butterfy_fill_30.wav,att_check_err,NA,NA,NA,y,,acheckp,,,FB_1109
10,2b889c70c6ee5941779fab9172195a8c08bf5de1b5c18d357c1fdc9b44fabf24,"caterpillar. ""Process"" was pronounced pro- (as in low) -cess. Butterfly was pronounced ""butterfy.""",what_insect_undergoes_a_process_of_change_to_turn_into_a_butterfy_fill_30.wav,att_check_err,NA,NA,NA,,,,,,
10,2b889c70c6ee5941779fab9172195a8c08bf5de1b5c18d357c1fdc9b44fabf24,The question needs to be CORRECTED.,what_is_the_largest_plant_in_the_solar_system_fill_31.wav,att_check_err,NA,NA,NA,y,,acheckp,,,FB_1109
10,2b889c70c6ee5941779fab9172195a8c08bf5de1b5c18d357c1fdc9b44fabf24,"Jupiter. She said ""plant"" instead of planet.",what_is_the_largest_plant_in_the_solar_system_fill_31.wav,att_check_err,NA,NA,NA,,,,,,
10,2b889c70c6ee5941779fab9172195a8c08bf5de1b5c18d357c1fdc9b44fabf24,"The question does NOT need any corrections, but I don't know the answer/ I don't understand what the question is asking.",how_many_embers_were_in_the_beatles_the_british_rock_band_fill_32.wav,att_check_err,NA,NA,NA,nun,,acheckf,,,FB_1109
10,2b889c70c6ee5941779fab9172195a8c08bf5de1b5c18d357c1fdc9b44fabf24,NA,how_many_embers_were_in_the_beatles_the_british_rock_band_fill_32.wav,att_check_err,NA,NA,NA,,,,,,
10,2b889c70c6ee5941779fab9172195a8c08bf5de1b5c18d357c1fdc9b44fabf24,The question does NOT need any corrections.,for_what_pink_ice_cream_flavor_wheel_companies_make_their_best_to_use_real_fruit_targ_01_D.wav,target,both_err,make vs. other verb,/ɪ/ --> /i/; will/wheel,nans,,,,,FB_1109
10,2b889c70c6ee5941779fab9172195a8c08bf5de1b5c18d357c1fdc9b44fabf24,Strawberry,for_what_pink_ice_cream_flavor_wheel_companies_make_their_best_to_use_real_fruit_targ_01_D.wav,target,both_err,make vs. other verb,/ɪ/ --> /i/; will/wheel,,,,,,
10,2b889c70c6ee5941779fab9172195a8c08bf5de1b5c18d357c1fdc9b44fabf24,"The question does NOT need any corrections, but I don't know the answer/ I don't understand what the question is asking.",what_term_refers_to_armored_men_who_enjoyed_carrying_medieval_swords_that_clash_in_combat_targ_02_A.wav,target,correct,infinitive vs. participle,/ʃ/ --> /s/; clash/class,nun,,,,,FB_1109
10,2b889c70c6ee5941779fab9172195a8c08bf5de1b5c18d357c1fdc9b44fabf24,NA,what_term_refers_to_armored_men_who_enjoyed_carrying_medieval_swords_that_clash_in_combat_targ_02_A.wav,target,correct,infinitive vs. participle,/ʃ/ --> /s/; clash/class,,,,,,
10,2b889c70c6ee5941779fab9172195a8c08bf5de1b5c18d357c1fdc9b44fabf24,"The question does NOT need any corrections, but I don't know the answer/ I don't understand what the question is asking.",which_scottish_actor_first_played_james_bond_wearing_guilts_to_red_carpets_when_he_was_32_years_old_targ_03_B.wav,target,phon_err,have vs. be,/k/ --> /g/; kilt/guilt,nun,,,,,FB_1109
10,2b889c70c6ee5941779fab9172195a8c08bf5de1b5c18d357c1fdc9b44fabf24,NA,which_scottish_actor_first_played_james_bond_wearing_guilts_to_red_carpets_when_he_was_32_years_old_targ_03_B.wav,target,phon_err,have vs. be,/k/ --> /g/; kilt/guilt,,,,,,
10,2b889c70c6ee5941779fab9172195a8c08bf5de1b5c18d357c1fdc9b44fabf24,"The question does NOT need any corrections, but I don't know the answer/ I don't understand what the question is asking.",what_neil_armstrong_say_during_his_very_first_steps_on_the_moon_targ_04_C.wav,target,non_phon_err,no aux verbs in questions (lack of do support),/v/ --> /b/; very/berry,nun,,,,,FB_1109
10,2b889c70c6ee5941779fab9172195a8c08bf5de1b5c18d357c1fdc9b44fabf24,NA,what_neil_armstrong_say_during_his_very_first_steps_on_the_moon_targ_04_C.wav,target,non_phon_err,no aux verbs in questions (lack of do support),/v/ --> /b/; very/berry,,,,,,
10,2b889c70c6ee5941779fab9172195a8c08bf5de1b5c18d357c1fdc9b44fabf24,The question needs to be CORRECTED.,what_kind_of_weather_cooed_cooled_occur_when_is_raining_and_below_freezing_targ_05_D.wav,target,both_err,expletive 'it' dropping,/ʊ/ --> /u/; could/cooed,y,,p,,,FB_1109
10,2b889c70c6ee5941779fab9172195a8c08bf5de1b5c18d357c1fdc9b44fabf24,"Hail. She puts too much emphasis on the ""l"" in ""could."" It almost sounds like kewl'd.",what_kind_of_weather_cooed_cooled_occur_when_is_raining_and_below_freezing_targ_05_D.wav,target,both_err,expletive 'it' dropping,/ʊ/ --> /u/; could/cooed,,,,,,
10,2b889c70c6ee5941779fab9172195a8c08bf5de1b5c18d357c1fdc9b44fabf24,The question does NOT need any corrections.,how_many_legs_does_a_canadian_garden_spider_whose_silk_can_make_cloth_have_targ_06_A.wav,target,correct,adj/noun order,/θ/ --> /t/; cloth/clot,nans,,,,,FB_1109
10,2b889c70c6ee5941779fab9172195a8c08bf5de1b5c18d357c1fdc9b44fabf24,Eight legs,how_many_legs_does_a_canadian_garden_spider_whose_silk_can_make_cloth_have_targ_06_A.wav,target,correct,adj/noun order,/θ/ --> /t/; cloth/clot,,,,,,
10,2b889c70c6ee5941779fab9172195a8c08bf5de1b5c18d357c1fdc9b44fabf24,The question does NOT need any corrections.,what_childrens_game_makes_people_seat_down_quickly_when_the_loud_music_stops_targ_07_B.wav,target,phon_err,adj/noun order,/ɪ/ --> /i/; sit/seat,nans,,,,,FB_1109
10,2b889c70c6ee5941779fab9172195a8c08bf5de1b5c18d357c1fdc9b44fabf24,Musical chairs,what_childrens_game_makes_people_seat_down_quickly_when_the_loud_music_stops_targ_07_B.wav,target,phon_err,adj/noun order,/ɪ/ --> /i/; sit/seat,,,,,,
10,2b889c70c6ee5941779fab9172195a8c08bf5de1b5c18d357c1fdc9b44fabf24,"The question does NOT need any corrections, but I don't know the answer/ I don't understand what the question is asking.",because_is_important_to_honor_the_irish_saint_what_holiday_occurs_on_march_17th_targ_08_C.wav,target,non_phon_err,expletive 'it' dropping,/ʃ/ --> /s/; Irish/iris,nun,,,,,FB_1109
10,2b889c70c6ee5941779fab9172195a8c08bf5de1b5c18d357c1fdc9b44fabf24,NA,because_is_important_to_honor_the_irish_saint_what_holiday_occurs_on_march_17th_targ_08_C.wav,target,non_phon_err,expletive 'it' dropping,/ʃ/ --> /s/; Irish/iris,,,,,,
10,2b889c70c6ee5941779fab9172195a8c08bf5de1b5c18d357c1fdc9b44fabf24,"The question does NOT need any corrections, but I don't know the answer/ I don't understand what the question is asking.",if_laundry_service_will_gum_in_five_days_and_todays_thursday_when_are_they_making_laundry_next_targ_09_D.wav,target,both_err,make vs. other verb,/k/ --> /g/; come/gum,nun,,,,,FB_1109
10,2b889c70c6ee5941779fab9172195a8c08bf5de1b5c18d357c1fdc9b44fabf24,NA,if_laundry_service_will_gum_in_five_days_and_todays_thursday_when_are_they_making_laundry_next_targ_09_D.wav,target,both_err,make vs. other verb,/k/ --> /g/; come/gum,,,,,,
10,2b889c70c6ee5941779fab9172195a8c08bf5de1b5c18d357c1fdc9b44fabf24,"The question does NOT need any corrections, but I don't know the answer/ I don't understand what the question is asking.",who_did_americans_vote_for_to_be_their_first_president_who_avoided_serving_three_terms_targ_10_A.wav,target,correct,infinitive vs. participle,/v/ --> /b/; vote/boat,nun,,,,,FB_1109
10,2b889c70c6ee5941779fab9172195a8c08bf5de1b5c18d357c1fdc9b44fabf24,NA,who_did_americans_vote_for_to_be_their_first_president_who_avoided_serving_three_terms_targ_10_A.wav,target,correct,infinitive vs. participle,/v/ --> /b/; vote/boat,,,,,,
10,2b889c70c6ee5941779fab9172195a8c08bf5de1b5c18d357c1fdc9b44fabf24,The question needs to be CORRECTED.,what_colors_can_be_on_a_traffic_light_which_often_senses_when_cars_pool_up_targ_11_B.wav,target,phon_err,have vs. be,/ʊ/ --> /u/; pulls/pools,y,,otherirr,,,FB_1109
10,2b889c70c6ee5941779fab9172195a8c08bf5de1b5c18d357c1fdc9b44fabf24,"Red, yellow, green. Traffic lights don't sense cars pulling up...",what_colors_can_be_on_a_traffic_light_which_often_senses_when_cars_pool_up_targ_11_B.wav,target,phon_err,have vs. be,/ʊ/ --> /u/; pulls/pools,,,,,,
10,2b889c70c6ee5941779fab9172195a8c08bf5de1b5c18d357c1fdc9b44fabf24,"The question does NOT need any corrections, but I don't know the answer/ I don't understand what the question is asking.",if_youre_on_a_path_from_california_to_hawaii_which_ocean_you_go_through_targ_12_C.wav,target,non_phon_err,no aux verbs in questions (lack of do support),/θ/ --> /t/; path/pat,nun,,,,,FB_1109
10,2b889c70c6ee5941779fab9172195a8c08bf5de1b5c18d357c1fdc9b44fabf24,NA,if_youre_on_a_path_from_california_to_hawaii_which_ocean_you_go_through_targ_12_C.wav,target,non_phon_err,no aux verbs in questions (lack of do support),/θ/ --> /t/; path/pat,,,,,,
10,2b889c70c6ee5941779fab9172195a8c08bf5de1b5c18d357c1fdc9b44fabf24,"The question does NOT need any corrections, but I don't know the answer/ I don't understand what the question is asking.",what_supplies_you_need_to_neat_a_scarf_targ_13_D.wav,target,both_err,no aux verbs in questions (lack of do support),/ɪ/ --> /i/; knit/neat,nun,,,,,FB_1109
10,2b889c70c6ee5941779fab9172195a8c08bf5de1b5c18d357c1fdc9b44fabf24,NA,what_supplies_you_need_to_neat_a_scarf_targ_13_D.wav,target,both_err,no aux verbs in questions (lack of do support),/ɪ/ --> /i/; knit/neat,,,,,,
10,2b889c70c6ee5941779fab9172195a8c08bf5de1b5c18d357c1fdc9b44fabf24,"The question does NOT need any corrections, but I don't know the answer/ I don't understand what the question is asking.",what_city_have_people_rushed_to_tour_to_see_where_the_us_government_does_business_targ_14_A.wav,target,correct,make vs. other verb,/ʃ/ --> /s/; rushed/rust,nun,,,,,FB_1109
10,2b889c70c6ee5941779fab9172195a8c08bf5de1b5c18d357c1fdc9b44fabf24,NA,what_city_have_people_rushed_to_tour_to_see_where_the_us_government_does_business_targ_14_A.wav,target,correct,make vs. other verb,/ʃ/ --> /s/; rushed/rust,,,,,,
10,2b889c70c6ee5941779fab9172195a8c08bf5de1b5c18d357c1fdc9b44fabf24,The question does NOT need any corrections.,what_colors_make_up_a_traditional_candy_gain_which_people_enjoy_eating_during_christmas_targ_15_B.wav,target,phon_err,infinitive vs. participle,/k/ --> /g/; cane/gain,nans,,,,,FB_1109
10,2b889c70c6ee5941779fab9172195a8c08bf5de1b5c18d357c1fdc9b44fabf24,Red and white,what_colors_make_up_a_traditional_candy_gain_which_people_enjoy_eating_during_christmas_targ_15_B.wav,target,phon_err,infinitive vs. participle,/k/ --> /g/; cane/gain,,,,,,
10,2b889c70c6ee5941779fab9172195a8c08bf5de1b5c18d357c1fdc9b44fabf24,The question does NOT need any corrections.,where_do_people_get_drivers_licenses_since_is_required_as_valid_id_to_drive_targ_16_C.wav,target,non_phon_err,expletive 'it' dropping,/v/ --> /b/; valid/ballad,nans,,,,,FB_1109
10,2b889c70c6ee5941779fab9172195a8c08bf5de1b5c18d357c1fdc9b44fabf24,DMV,where_do_people_get_drivers_licenses_since_is_required_as_valid_id_to_drive_targ_16_C.wav,target,non_phon_err,expletive 'it' dropping,/v/ --> /b/; valid/ballad,,,,,,
10,2b889c70c6ee5941779fab9172195a8c08bf5de1b5c18d357c1fdc9b44fabf24,I’m good — skip to the next question,how_many_days_wooed_wooled_my_bike_tandem_be_gone_if_someone_borrows_it_for_july_targ_17_D.wav,target,both_err,adj/noun order,/ʊ/ --> /u/; would/wooed,s,,,,second attempt is their first instance and they chose the skip option,FB_1109
10,2b889c70c6ee5941779fab9172195a8c08bf5de1b5c18d357c1fdc9b44fabf24,NA,how_many_days_wooed_wooled_my_bike_tandem_be_gone_if_someone_borrows_it_for_july_targ_17_D.wav,target,both_err,adj/noun order,/ʊ/ --> /u/; would/wooed,,,,,,
10,2b889c70c6ee5941779fab9172195a8c08bf5de1b5c18d357c1fdc9b44fabf24,The question does NOT need any corrections.,when_you_are_hot_what_device_measures_body_temperature_in_both_celsius_and_fahrenheit_targ_18_A.wav,target,correct,have vs. be,/θ/ --> /t/; both/boat,nans,,,,,FB_1109
10,2b889c70c6ee5941779fab9172195a8c08bf5de1b5c18d357c1fdc9b44fabf24,Thermometer,when_you_are_hot_what_device_measures_body_temperature_in_both_celsius_and_fahrenheit_targ_18_A.wav,target,correct,have vs. be,/θ/ --> /t/; both/boat,,,,,,
10,2b889c70c6ee5941779fab9172195a8c08bf5de1b5c18d357c1fdc9b44fabf24,The question needs to be CORRECTED.,what_big_star_in_our_solar_system_can_steal_be_visible_when_it_is_cloudy_targ_19_B.wav,target,phon_err,expletive 'it' dropping,/ɪ/ --> /i/; still/steal,y,,otherp,,,FB_1109
10,2b889c70c6ee5941779fab9172195a8c08bf5de1b5c18d357c1fdc9b44fabf24,"Sun. Visible sounded like ""bisible.""",what_big_star_in_our_solar_system_can_steal_be_visible_when_it_is_cloudy_targ_19_B.wav,target,phon_err,expletive 'it' dropping,/ɪ/ --> /i/; still/steal,,,,,,
10,2b889c70c6ee5941779fab9172195a8c08bf5de1b5c18d357c1fdc9b44fabf24,The question needs to be CORRECTED.,what_popular_us_chain_provides_a_happy_meal_toy_or_plush_when_kids_have_hungry_targ_20_C.wav,target,non_phon_err,have vs. be,/ʃ/ --> /s/; plush/plus,y,,np,,,FB_1109
10,2b889c70c6ee5941779fab9172195a8c08bf5de1b5c18d357c1fdc9b44fabf24,"McDonalds. She said ""when kids have hungry"" instead of ""when kids are hungry.""",what_popular_us_chain_provides_a_happy_meal_toy_or_plush_when_kids_have_hungry_targ_20_C.wav,target,non_phon_err,have vs. be,/ʃ/ --> /s/; plush/plus,,,,,,
10,2b889c70c6ee5941779fab9172195a8c08bf5de1b5c18d357c1fdc9b44fabf24,"The question does NOT need any corrections, but I don't know the answer/ I don't understand what the question is asking.",in_the_lion_king_who_nala_talk_to_and_is_laying_in_a_got_after_theyve_reunited_targ_21_D.wav,target,both_err,no aux verbs in questions (lack of do support),/k/ --> /g/; cot/got,nun,,,,,FB_1109
10,2b889c70c6ee5941779fab9172195a8c08bf5de1b5c18d357c1fdc9b44fabf24,NA,in_the_lion_king_who_nala_talk_to_and_is_laying_in_a_got_after_theyve_reunited_targ_21_D.wav,target,both_err,no aux verbs in questions (lack of do support),/k/ --> /g/; cot/got,,,,,,
10,2b889c70c6ee5941779fab9172195a8c08bf5de1b5c18d357c1fdc9b44fabf24,The question needs to be CORRECTED.,if_a_hardworking_janitor_cleaned_a_vent_in_five_minutes_how_many_seconds_is_that_targ_22_A.wav,target,correct,adj/noun order,/v/ --> /b/; vent/bent,y,,other,,participant misheard part of the question,FB_1109
10,2b889c70c6ee5941779fab9172195a8c08bf5de1b5c18d357c1fdc9b44fabf24,"300 seconds. She said ""cleaned event"" and should've said ""cleaned an event.""",if_a_hardworking_janitor_cleaned_a_vent_in_five_minutes_how_many_seconds_is_that_targ_22_A.wav,target,correct,adj/noun order,/v/ --> /b/; vent/bent,,,,,,
10,2b889c70c6ee5941779fab9172195a8c08bf5de1b5c18d357c1fdc9b44fabf24,The question does NOT need any corrections.,what_company_created_the_macbook_a_device_fool_of_features_to_help_students_do_homework_targ_23_B.wav,target,phon_err,make vs. other verb,/ʊ/ --> /u/; full/fool,nans,,,,,FB_1109
10,2b889c70c6ee5941779fab9172195a8c08bf5de1b5c18d357c1fdc9b44fabf24,Apple,what_company_created_the_macbook_a_device_fool_of_features_to_help_students_do_homework_targ_23_B.wav,target,phon_err,make vs. other verb,/ʊ/ --> /u/; full/fool,,,,,,
10,2b889c70c6ee5941779fab9172195a8c08bf5de1b5c18d357c1fdc9b44fabf24,The question does NOT need any corrections.,if_i_consider_to_leave_work_after_the_fourth_hour_how_many_minutes_would_that_be_targ_24_C.wav,target,non_phon_err,infinitive vs. participle,/θ/ --> /t/; fourth/fort,nans,,,,,FB_1109
10,2b889c70c6ee5941779fab9172195a8c08bf5de1b5c18d357c1fdc9b44fabf24,240 minutes,if_i_consider_to_leave_work_after_the_fourth_hour_how_many_minutes_would_that_be_targ_24_C.wav,target,non_phon_err,infinitive vs. participle,/θ/ --> /t/; fourth/fort,,,,,,
10,2b889c70c6ee5941779fab9172195a8c08bf5de1b5c18d357c1fdc9b44fabf24,"The question does NOT need any corrections, but I don't know the answer/ I don't understand what the question is asking.",what_letter_in_the_latin_alphabet_corresponds_to_the_greek_letter_alpha_fill_01.wav,filler_other,NA,NA,NA,nun,,,,,FB_1109
10,2b889c70c6ee5941779fab9172195a8c08bf5de1b5c18d357c1fdc9b44fabf24,NA,what_letter_in_the_latin_alphabet_corresponds_to_the_greek_letter_alpha_fill_01.wav,filler_other,NA,NA,NA,,,,,,
10,2b889c70c6ee5941779fab9172195a8c08bf5de1b5c18d357c1fdc9b44fabf24,The question needs to be CORRECTED.,what_organ_is_often_associated_with_being_eaten_by_rotting_flesh_monsters_also_known_as_zombies_fill_02.wav,filler_other,NA,NA,NA,y,,otherp,,,FB_1109
10,2b889c70c6ee5941779fab9172195a8c08bf5de1b5c18d357c1fdc9b44fabf24,"Brains. ""Zombies"" sounds like it is pronounced as ""sombies.""",what_organ_is_often_associated_with_being_eaten_by_rotting_flesh_monsters_also_known_as_zombies_fill_02.wav,filler_other,NA,NA,NA,,,,,,
10,2b889c70c6ee5941779fab9172195a8c08bf5de1b5c18d357c1fdc9b44fabf24,The question does NOT need any corrections.,which_british_celebrity_judge_often_harshly_critiqued_contestants_on_the_nationwide_singing_contest_american_idol_fill_03.wav,filler_other,NA,NA,NA,nans,,,,,FB_1109
10,2b889c70c6ee5941779fab9172195a8c08bf5de1b5c18d357c1fdc9b44fabf24,Simon Cowell,which_british_celebrity_judge_often_harshly_critiqued_contestants_on_the_nationwide_singing_contest_american_idol_fill_03.wav,filler_other,NA,NA,NA,,,,,,
10,2b889c70c6ee5941779fab9172195a8c08bf5de1b5c18d357c1fdc9b44fabf24,The question does NOT need any corrections.,which_cartoon_character_works_at_the_krusty_krab_and_is_best_friends_with_patrick_star_fill_04.wav,filler_other,NA,NA,NA,nans,,,,,FB_1109
10,2b889c70c6ee5941779fab9172195a8c08bf5de1b5c18d357c1fdc9b44fabf24,Spongebob Squarepants,which_cartoon_character_works_at_the_krusty_krab_and_is_best_friends_with_patrick_star_fill_04.wav,filler_other,NA,NA,NA,,,,,,
10,2b889c70c6ee5941779fab9172195a8c08bf5de1b5c18d357c1fdc9b44fabf24,"The question does NOT need any corrections, but I don't know the answer/ I don't understand what the question is asking.",which_body_part_did_van_gogh_allegedly_cut_off_after_an_argument_with_his_friend_fill_05.wav,filler_other,NA,NA,NA,nun,,,,,FB_1109
10,2b889c70c6ee5941779fab9172195a8c08bf5de1b5c18d357c1fdc9b44fabf24,NA,which_body_part_did_van_gogh_allegedly_cut_off_after_an_argument_with_his_friend_fill_05.wav,filler_other,NA,NA,NA,,,,,,
10,2b889c70c6ee5941779fab9172195a8c08bf5de1b5c18d357c1fdc9b44fabf24,The question does NOT need any corrections.,what_is_the_name_of_the_comic_strip_featuring_charlie_brown_and_his_dog_snoopy_fill_06.wav,filler_other,NA,NA,NA,nans,,,,,FB_1109
10,2b889c70c6ee5941779fab9172195a8c08bf5de1b5c18d357c1fdc9b44fabf24,Peanuts,what_is_the_name_of_the_comic_strip_featuring_charlie_brown_and_his_dog_snoopy_fill_06.wav,filler_other,NA,NA,NA,,,,,,
10,2b889c70c6ee5941779fab9172195a8c08bf5de1b5c18d357c1fdc9b44fabf24,The question needs to be CORRECTED.,what_holiday_occurs_at_the_end_of_october_and_features_trick-or-treating_pumpkins_and_haunted_houses_fill_07.wav,filler_other,NA,NA,NA,y,,otherp,,,FB_1109
10,2b889c70c6ee5941779fab9172195a8c08bf5de1b5c18d357c1fdc9b44fabf24,"Halloween. She pronounced ""pumpkins"" a bit strangely.",what_holiday_occurs_at_the_end_of_october_and_features_trick-or-treating_pumpkins_and_haunted_houses_fill_07.wav,filler_other,NA,NA,NA,,,,,,
10,2b889c70c6ee5941779fab9172195a8c08bf5de1b5c18d357c1fdc9b44fabf24,The question does NOT need any corrections.,what_is_the_name_of_the_video_game_character_who_is_a_traveling_italian_plumber_fill_08.wav,filler_other,NA,NA,NA,nans,,,,,FB_1109
10,2b889c70c6ee5941779fab9172195a8c08bf5de1b5c18d357c1fdc9b44fabf24,Mario,what_is_the_name_of_the_video_game_character_who_is_a_traveling_italian_plumber_fill_08.wav,filler_other,NA,NA,NA,,,,,,
10,2b889c70c6ee5941779fab9172195a8c08bf5de1b5c18d357c1fdc9b44fabf24,The question does NOT need any corrections.,what_kind_of_animal_is_mickey_mouse’s_girlfriend_minnie_who_wears_a_bow_fill_09.wav,filler_other,NA,NA,NA,nans,,,,,FB_1109
10,2b889c70c6ee5941779fab9172195a8c08bf5de1b5c18d357c1fdc9b44fabf24,Mouse,what_kind_of_animal_is_mickey_mouse’s_girlfriend_minnie_who_wears_a_bow_fill_09.wav,filler_other,NA,NA,NA,,,,,,
10,2b889c70c6ee5941779fab9172195a8c08bf5de1b5c18d357c1fdc9b44fabf24,The question needs to be CORRECTED.,which_cartoon_dog_solves_mysteries_with_the_group_fred_daphne_velma_and_shaggy_fill_10.wav,filler_other,NA,NA,NA,y,,otherp,,,FB_1109
10,2b889c70c6ee5941779fab9172195a8c08bf5de1b5c18d357c1fdc9b44fabf24,"Scooby Doo. She said ""Belma"" instead of Velma.",which_cartoon_dog_solves_mysteries_with_the_group_fred_daphne_velma_and_shaggy_fill_10.wav,filler_other,NA,NA,NA,,,,,,
10,2b889c70c6ee5941779fab9172195a8c08bf5de1b5c18d357c1fdc9b44fabf24,The question does NOT need any corrections.,which_fast_food_chain_offers_foot-long_sandwiches_and_has_the_slogan_eat_fresh_fill_11.wav,filler_other,NA,NA,NA,nans,,,,,FB_1109
10,2b889c70c6ee5941779fab9172195a8c08bf5de1b5c18d357c1fdc9b44fabf24,Subway,which_fast_food_chain_offers_foot-long_sandwiches_and_has_the_slogan_eat_fresh_fill_11.wav,filler_other,NA,NA,NA,,,,,,
10,2b889c70c6ee5941779fab9172195a8c08bf5de1b5c18d357c1fdc9b44fabf24,"The question does NOT need any corrections, but I don't know the answer/ I don't understand what the question is asking.",which_oscar-winning_movie_features_tom_hanks_saying_life_is_like_a_box_of_chocolates_fill_12.wav,filler_other,NA,NA,NA,nun,,,,,FB_1109
10,2b889c70c6ee5941779fab9172195a8c08bf5de1b5c18d357c1fdc9b44fabf24,NA,which_oscar-winning_movie_features_tom_hanks_saying_life_is_like_a_box_of_chocolates_fill_12.wav,filler_other,NA,NA,NA,,,,,,
10,2b889c70c6ee5941779fab9172195a8c08bf5de1b5c18d357c1fdc9b44fabf24,"The question does NOT need any corrections, but I don't know the answer/ I don't understand what the question is asking.",what_novel_has_the_quote_i’m_late_i’m_late_for_a_very_important_date_fill_13.wav,filler_other,NA,NA,NA,nun,,,,,FB_1109
10,2b889c70c6ee5941779fab9172195a8c08bf5de1b5c18d357c1fdc9b44fabf24,NA,what_novel_has_the_quote_i’m_late_i’m_late_for_a_very_important_date_fill_13.wav,filler_other,NA,NA,NA,,,,,,
10,2b889c70c6ee5941779fab9172195a8c08bf5de1b5c18d357c1fdc9b44fabf24,The question does NOT need any corrections.,what_mythical_creatures_have_been_said_to_drink_blood_turn_into_bats_and_hate_onions_fill_14.wav,filler_other,NA,NA,NA,nans,,,,,FB_1109
10,2b889c70c6ee5941779fab9172195a8c08bf5de1b5c18d357c1fdc9b44fabf24,Vampires,what_mythical_creatures_have_been_said_to_drink_blood_turn_into_bats_and_hate_onions_fill_14.wav,filler_other,NA,NA,NA,,,,,,
10,2b889c70c6ee5941779fab9172195a8c08bf5de1b5c18d357c1fdc9b44fabf24,"The question does NOT need any corrections, but I don't know the answer/ I don't understand what the question is asking.",who_discovered_the_law_of_universal_gravitation_which_accounts_for_why_objects_naturally_fall_downwards_fill_15.wav,filler_other,NA,NA,NA,nun,,,,,FB_1109
10,2b889c70c6ee5941779fab9172195a8c08bf5de1b5c18d357c1fdc9b44fabf24,NA,who_discovered_the_law_of_universal_gravitation_which_accounts_for_why_objects_naturally_fall_downwards_fill_15.wav,filler_other,NA,NA,NA,,,,,,
10,2b889c70c6ee5941779fab9172195a8c08bf5de1b5c18d357c1fdc9b44fabf24,"The question does NOT need any corrections, but I don't know the answer/ I don't understand what the question is asking.",which_soft_pastry_made_with_a_certain_spice_is_often_spiral-shaped_and_topped_with_icing_fill_16.wav,filler_other,NA,NA,NA,nun,,,,,FB_1109
10,2b889c70c6ee5941779fab9172195a8c08bf5de1b5c18d357c1fdc9b44fabf24,NA,which_soft_pastry_made_with_a_certain_spice_is_often_spiral-shaped_and_topped_with_icing_fill_16.wav,filler_other,NA,NA,NA,,,,,,
10,2b889c70c6ee5941779fab9172195a8c08bf5de1b5c18d357c1fdc9b44fabf24,The question does NOT need any corrections.,what_us_holiday_is_often_celebrated_with_fireworks_and_hotdogs_to_honor_americas_freedom_fill_17.wav,filler_other,NA,NA,NA,nans,,,,,FB_1109
10,2b889c70c6ee5941779fab9172195a8c08bf5de1b5c18d357c1fdc9b44fabf24,Fourth of July,what_us_holiday_is_often_celebrated_with_fireworks_and_hotdogs_to_honor_americas_freedom_fill_17.wav,filler_other,NA,NA,NA,,,,,,
10,2b889c70c6ee5941779fab9172195a8c08bf5de1b5c18d357c1fdc9b44fabf24,"The question does NOT need any corrections, but I don't know the answer/ I don't understand what the question is asking.",which_tropical_fruit_that_grows_on_palm_trees_is_used_for_oils_and_milks_fill_18.wav,filler_other,NA,NA,NA,nun,,,,,FB_1109
10,2b889c70c6ee5941779fab9172195a8c08bf5de1b5c18d357c1fdc9b44fabf24,NA,which_tropical_fruit_that_grows_on_palm_trees_is_used_for_oils_and_milks_fill_18.wav,filler_other,NA,NA,NA,,,,,,
10,2b889c70c6ee5941779fab9172195a8c08bf5de1b5c18d357c1fdc9b44fabf24,The question does NOT need any corrections.,which_season_do_we_associate_with_thanksgiving_the_beginning_of_school_and_leaves_turning_brown_fill_19.wav,filler_other,NA,NA,NA,nans,,,,,FB_1109
10,2b889c70c6ee5941779fab9172195a8c08bf5de1b5c18d357c1fdc9b44fabf24,Fall,which_season_do_we_associate_with_thanksgiving_the_beginning_of_school_and_leaves_turning_brown_fill_19.wav,filler_other,NA,NA,NA,,,,,,
10,2b889c70c6ee5941779fab9172195a8c08bf5de1b5c18d357c1fdc9b44fabf24,The question does NOT need any corrections.,what_musician_won_grammys_for_their_album_thriller_which_features_the_hit_song_beat_it_fill_20.wav,filler_other,NA,NA,NA,nans,,,,,FB_1109
10,2b889c70c6ee5941779fab9172195a8c08bf5de1b5c18d357c1fdc9b44fabf24,Michael Joseph Jackson,what_musician_won_grammys_for_their_album_thriller_which_features_the_hit_song_beat_it_fill_20.wav,filler_other,NA,NA,NA,,,,,,
10,2b889c70c6ee5941779fab9172195a8c08bf5de1b5c18d357c1fdc9b44fabf24,The question does NOT need any corrections.,what_animal_is_typically_white_with_black_spots_and_says_moo_fill_21.wav,filler_other,NA,NA,NA,nans,,,,,FB_1109
10,2b889c70c6ee5941779fab9172195a8c08bf5de1b5c18d357c1fdc9b44fabf24,Cow,what_animal_is_typically_white_with_black_spots_and_says_moo_fill_21.wav,filler_other,NA,NA,NA,,,,,,
10,2b889c70c6ee5941779fab9172195a8c08bf5de1b5c18d357c1fdc9b44fabf24,"The question does NOT need any corrections, but I don't know the answer/ I don't understand what the question is asking.",where_do_the_jolly_christmas_icons_santa_claus_and_his_wife_mrs._claus_live_fill_22.wav,filler_other,NA,NA,NA,nun,,,,,FB_1109
10,2b889c70c6ee5941779fab9172195a8c08bf5de1b5c18d357c1fdc9b44fabf24,NA,where_do_the_jolly_christmas_icons_santa_claus_and_his_wife_mrs._claus_live_fill_22.wav,filler_other,NA,NA,NA,,,,,,
10,2b889c70c6ee5941779fab9172195a8c08bf5de1b5c18d357c1fdc9b44fabf24,The question does NOT need any corrections.,in_the_famous_dr_seuss_book_what_orange_and_yellow_character_speaks_for_the_trees_fill_23.wav,filler_other,NA,NA,NA,nans,,,,,FB_1109
10,2b889c70c6ee5941779fab9172195a8c08bf5de1b5c18d357c1fdc9b44fabf24,Lorax,in_the_famous_dr_seuss_book_what_orange_and_yellow_character_speaks_for_the_trees_fill_23.wav,filler_other,NA,NA,NA,,,,,,
10,2b889c70c6ee5941779fab9172195a8c08bf5de1b5c18d357c1fdc9b44fabf24,The question does NOT need any corrections.,in_what_country_would_you_find_landmarks_like_the_pyramids_of_giza_and_great_sphinx_fill_24.wav,filler_other,NA,NA,NA,nans,,,,,FB_1109
10,2b889c70c6ee5941779fab9172195a8c08bf5de1b5c18d357c1fdc9b44fabf24,Egypt,in_what_country_would_you_find_landmarks_like_the_pyramids_of_giza_and_great_sphinx_fill_24.wav,filler_other,NA,NA,NA,,,,,,
11,308afae365796b7ac7115c2e133b2bcb11cbf3075ef919154ae8312ff5b3e50d,The question does NOT need any corrections.,how_many_legs_does_a_dog_normally_have_fill_25.wav,att_check_good,NA,NA,NA,nans,,,a,FAILED ATTENTION CHECKS (5/8 correct),FB_1109
11,308afae365796b7ac7115c2e133b2bcb11cbf3075ef919154ae8312ff5b3e50d,4,how_many_legs_does_a_dog_normally_have_fill_25.wav,att_check_good,NA,NA,NA,,,,,,
11,308afae365796b7ac7115c2e133b2bcb11cbf3075ef919154ae8312ff5b3e50d,The question does NOT need any corrections.,what_state_is_los_angeles_located_in_fill_26.wav,att_check_good,NA,NA,NA,nans,,,a,,FB_1109
11,308afae365796b7ac7115c2e133b2bcb11cbf3075ef919154ae8312ff5b3e50d,California,what_state_is_los_angeles_located_in_fill_26.wav,att_check_good,NA,NA,NA,,,,,,
11,308afae365796b7ac7115c2e133b2bcb11cbf3075ef919154ae8312ff5b3e50d,The question does NOT need any corrections.,what_day_of_the_week_comes_after_monday_fill_27.wav,att_check_good,NA,NA,NA,nans,,,a,,FB_1109
11,308afae365796b7ac7115c2e133b2bcb11cbf3075ef919154ae8312ff5b3e50d,Tuesday,what_day_of_the_week_comes_after_monday_fill_27.wav,att_check_good,NA,NA,NA,,,,,,
11,308afae365796b7ac7115c2e133b2bcb11cbf3075ef919154ae8312ff5b3e50d,The question does NOT need any corrections.,what_color_is_a_typical_school_bus_fill_28.wav,att_check_good,NA,NA,NA,nans,,,a,,FB_1109
11,308afae365796b7ac7115c2e133b2bcb11cbf3075ef919154ae8312ff5b3e50d,yellow,what_color_is_a_typical_school_bus_fill_28.wav,att_check_good,NA,NA,NA,,,,,,
11,308afae365796b7ac7115c2e133b2bcb11cbf3075ef919154ae8312ff5b3e50d,"The question does NOT need any corrections, but I don't know the answer/ I don't understand what the question is asking.",in_the_cycle_of_seasons_what_season_comes_after_dinter_fill_29.wav,att_check_err,NA,NA,NA,nun,,acheckf,,,FB_1109
11,308afae365796b7ac7115c2e133b2bcb11cbf3075ef919154ae8312ff5b3e50d,NA,in_the_cycle_of_seasons_what_season_comes_after_dinter_fill_29.wav,att_check_err,NA,NA,NA,,,,,,
11,308afae365796b7ac7115c2e133b2bcb11cbf3075ef919154ae8312ff5b3e50d,The question does NOT need any corrections.,what_insect_undergoes_a_process_of_change_to_turn_into_a_butterfy_fill_30.wav,att_check_err,NA,NA,NA,nans,,acheckf,,,FB_1109
11,308afae365796b7ac7115c2e133b2bcb11cbf3075ef919154ae8312ff5b3e50d,Caterpillar,what_insect_undergoes_a_process_of_change_to_turn_into_a_butterfy_fill_30.wav,att_check_err,NA,NA,NA,,,,,,
11,308afae365796b7ac7115c2e133b2bcb11cbf3075ef919154ae8312ff5b3e50d,The question does NOT need any corrections.,what_is_the_largest_plant_in_the_solar_system_fill_31.wav,att_check_err,NA,NA,NA,nans,,acheckf,,,FB_1109
11,308afae365796b7ac7115c2e133b2bcb11cbf3075ef919154ae8312ff5b3e50d,Jupiter,what_is_the_largest_plant_in_the_solar_system_fill_31.wav,att_check_err,NA,NA,NA,,,,,,
11,308afae365796b7ac7115c2e133b2bcb11cbf3075ef919154ae8312ff5b3e50d,The question needs to be CORRECTED.,how_many_embers_were_in_the_beatles_the_british_rock_band_fill_32.wav,att_check_err,NA,NA,NA,y,,acheckp,,,FB_1109
11,308afae365796b7ac7115c2e133b2bcb11cbf3075ef919154ae8312ff5b3e50d,"4, sound like amber instead of members",how_many_embers_were_in_the_beatles_the_british_rock_band_fill_32.wav,att_check_err,NA,NA,NA,,,,,,
11,308afae365796b7ac7115c2e133b2bcb11cbf3075ef919154ae8312ff5b3e50d,The question does NOT need any corrections.,for_what_pink_ice_cream_flavor_wheel_companies_make_their_best_to_use_real_fruit_targ_01_D.wav,target,both_err,make vs. other verb,/ɪ/ --> /i/; will/wheel,,,,,,
11,308afae365796b7ac7115c2e133b2bcb11cbf3075ef919154ae8312ff5b3e50d,strawberry,for_what_pink_ice_cream_flavor_wheel_companies_make_their_best_to_use_real_fruit_targ_01_D.wav,target,both_err,make vs. other verb,/ɪ/ --> /i/; will/wheel,,,,,,
11,308afae365796b7ac7115c2e133b2bcb11cbf3075ef919154ae8312ff5b3e50d,"The question does NOT need any corrections, but I don't know the answer/ I don't understand what the question is asking.",what_term_refers_to_armored_men_who_enjoyed_carrying_medieval_swords_that_clash_in_combat_targ_02_A.wav,target,correct,infinitive vs. participle,/ʃ/ --> /s/; clash/class,,,,,,
11,308afae365796b7ac7115c2e133b2bcb11cbf3075ef919154ae8312ff5b3e50d,NA,what_term_refers_to_armored_men_who_enjoyed_carrying_medieval_swords_that_clash_in_combat_targ_02_A.wav,target,correct,infinitive vs. participle,/ʃ/ --> /s/; clash/class,,,,,,
11,308afae365796b7ac7115c2e133b2bcb11cbf3075ef919154ae8312ff5b3e50d,"The question does NOT need any corrections, but I don't know the answer/ I don't understand what the question is asking.",which_scottish_actor_first_played_james_bond_wearing_guilts_to_red_carpets_when_he_was_32_years_old_targ_03_B.wav,target,phon_err,have vs. be,/k/ --> /g/; kilt/guilt,,,,,,
11,308afae365796b7ac7115c2e133b2bcb11cbf3075ef919154ae8312ff5b3e50d,NA,which_scottish_actor_first_played_james_bond_wearing_guilts_to_red_carpets_when_he_was_32_years_old_targ_03_B.wav,target,phon_err,have vs. be,/k/ --> /g/; kilt/guilt,,,,,,
11,308afae365796b7ac7115c2e133b2bcb11cbf3075ef919154ae8312ff5b3e50d,"The question does NOT need any corrections, but I don't know the answer/ I don't understand what the question is asking.",what_neil_armstrong_say_during_his_very_first_steps_on_the_moon_targ_04_C.wav,target,non_phon_err,no aux verbs in questions (lack of do support),/v/ --> /b/; very/berry,,,,,,
11,308afae365796b7ac7115c2e133b2bcb11cbf3075ef919154ae8312ff5b3e50d,NA,what_neil_armstrong_say_during_his_very_first_steps_on_the_moon_targ_04_C.wav,target,non_phon_err,no aux verbs in questions (lack of do support),/v/ --> /b/; very/berry,,,,,,
11,308afae365796b7ac7115c2e133b2bcb11cbf3075ef919154ae8312ff5b3e50d,The question needs to be CORRECTED.,what_kind_of_weather_cooed_cooled_occur_when_is_raining_and_below_freezing_targ_05_D.wav,target,both_err,expletive 'it' dropping,/ʊ/ --> /u/; could/cooed,,,,,,
11,308afae365796b7ac7115c2e133b2bcb11cbf3075ef919154ae8312ff5b3e50d,"Snow, can instead of could",what_kind_of_weather_cooed_cooled_occur_when_is_raining_and_below_freezing_targ_05_D.wav,target,both_err,expletive 'it' dropping,/ʊ/ --> /u/; could/cooed,,,,,,
11,308afae365796b7ac7115c2e133b2bcb11cbf3075ef919154ae8312ff5b3e50d,"The question does NOT need any corrections, but I don't know the answer/ I don't understand what the question is asking.",how_many_legs_does_a_canadian_garden_spider_whose_silk_can_make_cloth_have_targ_06_A.wav,target,correct,adj/noun order,/θ/ --> /t/; cloth/clot,,,,,,
11,308afae365796b7ac7115c2e133b2bcb11cbf3075ef919154ae8312ff5b3e50d,NA,how_many_legs_does_a_canadian_garden_spider_whose_silk_can_make_cloth_have_targ_06_A.wav,target,correct,adj/noun order,/θ/ --> /t/; cloth/clot,,,,,,
11,308afae365796b7ac7115c2e133b2bcb11cbf3075ef919154ae8312ff5b3e50d,The question does NOT need any corrections.,what_childrens_game_makes_people_seat_down_quickly_when_the_loud_music_stops_targ_07_B.wav,target,phon_err,adj/noun order,/ɪ/ --> /i/; sit/seat,,,,,,
11,308afae365796b7ac7115c2e133b2bcb11cbf3075ef919154ae8312ff5b3e50d,Musical Chairs,what_childrens_game_makes_people_seat_down_quickly_when_the_loud_music_stops_targ_07_B.wav,target,phon_err,adj/noun order,/ɪ/ --> /i/; sit/seat,,,,,,
11,308afae365796b7ac7115c2e133b2bcb11cbf3075ef919154ae8312ff5b3e50d,"The question does NOT need any corrections, but I don't know the answer/ I don't understand what the question is asking.",because_is_important_to_honor_the_irish_saint_what_holiday_occurs_on_march_17th_targ_08_C.wav,target,non_phon_err,expletive 'it' dropping,/ʃ/ --> /s/; Irish/iris,,,,,,
11,308afae365796b7ac7115c2e133b2bcb11cbf3075ef919154ae8312ff5b3e50d,NA,because_is_important_to_honor_the_irish_saint_what_holiday_occurs_on_march_17th_targ_08_C.wav,target,non_phon_err,expletive 'it' dropping,/ʃ/ --> /s/; Irish/iris,,,,,,
11,308afae365796b7ac7115c2e133b2bcb11cbf3075ef919154ae8312ff5b3e50d,The question needs to be CORRECTED.,if_laundry_service_will_gum_in_five_days_and_todays_thursday_when_are_they_making_laundry_next_targ_09_D.wav,target,both_err,make vs. other verb,/k/ --> /g/; come/gum,,,,,,
11,308afae365796b7ac7115c2e133b2bcb11cbf3075ef919154ae8312ff5b3e50d,"Sunday, when are they doing laundry next",if_laundry_service_will_gum_in_five_days_and_todays_thursday_when_are_they_making_laundry_next_targ_09_D.wav,target,both_err,make vs. other verb,/k/ --> /g/; come/gum,,,,,,
11,308afae365796b7ac7115c2e133b2bcb11cbf3075ef919154ae8312ff5b3e50d,"The question does NOT need any corrections, but I don't know the answer/ I don't understand what the question is asking.",who_did_americans_vote_for_to_be_their_first_president_who_avoided_serving_three_terms_targ_10_A.wav,target,correct,infinitive vs. participle,/v/ --> /b/; vote/boat,,,,,,
11,308afae365796b7ac7115c2e133b2bcb11cbf3075ef919154ae8312ff5b3e50d,NA,who_did_americans_vote_for_to_be_their_first_president_who_avoided_serving_three_terms_targ_10_A.wav,target,correct,infinitive vs. participle,/v/ --> /b/; vote/boat,,,,,,
11,308afae365796b7ac7115c2e133b2bcb11cbf3075ef919154ae8312ff5b3e50d,The question does NOT need any corrections.,what_colors_can_be_on_a_traffic_light_which_often_senses_when_cars_pool_up_targ_11_B.wav,target,phon_err,have vs. be,/ʊ/ --> /u/; pulls/pools,,,,,,
11,308afae365796b7ac7115c2e133b2bcb11cbf3075ef919154ae8312ff5b3e50d,"Green
 yellow 
 red",what_colors_can_be_on_a_traffic_light_which_often_senses_when_cars_pool_up_targ_11_B.wav,target,phon_err,have vs. be,/ʊ/ --> /u/; pulls/pools,,,,,,
11,308afae365796b7ac7115c2e133b2bcb11cbf3075ef919154ae8312ff5b3e50d,"The question does NOT need any corrections, but I don't know the answer/ I don't understand what the question is asking.",if_youre_on_a_path_from_california_to_hawaii_which_ocean_you_go_through_targ_12_C.wav,target,non_phon_err,no aux verbs in questions (lack of do support),/θ/ --> /t/; path/pat,,,,,,
11,308afae365796b7ac7115c2e133b2bcb11cbf3075ef919154ae8312ff5b3e50d,NA,if_youre_on_a_path_from_california_to_hawaii_which_ocean_you_go_through_targ_12_C.wav,target,non_phon_err,no aux verbs in questions (lack of do support),/θ/ --> /t/; path/pat,,,,,,
11,308afae365796b7ac7115c2e133b2bcb11cbf3075ef919154ae8312ff5b3e50d,"The question does NOT need any corrections, but I don't know the answer/ I don't understand what the question is asking.",what_supplies_you_need_to_neat_a_scarf_targ_13_D.wav,target,both_err,no aux verbs in questions (lack of do support),/ɪ/ --> /i/; knit/neat,,,,,,
11,308afae365796b7ac7115c2e133b2bcb11cbf3075ef919154ae8312ff5b3e50d,NA,what_supplies_you_need_to_neat_a_scarf_targ_13_D.wav,target,both_err,no aux verbs in questions (lack of do support),/ɪ/ --> /i/; knit/neat,,,,,,
11,308afae365796b7ac7115c2e133b2bcb11cbf3075ef919154ae8312ff5b3e50d,The question does NOT need any corrections.,what_city_have_people_rushed_to_tour_to_see_where_the_us_government_does_business_targ_14_A.wav,target,correct,make vs. other verb,/ʃ/ --> /s/; rushed/rust,,,,,,
11,308afae365796b7ac7115c2e133b2bcb11cbf3075ef919154ae8312ff5b3e50d,Washington DC,what_city_have_people_rushed_to_tour_to_see_where_the_us_government_does_business_targ_14_A.wav,target,correct,make vs. other verb,/ʃ/ --> /s/; rushed/rust,,,,,,
11,308afae365796b7ac7115c2e133b2bcb11cbf3075ef919154ae8312ff5b3e50d,The question does NOT need any corrections.,what_colors_make_up_a_traditional_candy_gain_which_people_enjoy_eating_during_christmas_targ_15_B.wav,target,phon_err,infinitive vs. participle,/k/ --> /g/; cane/gain,,,,,,
11,308afae365796b7ac7115c2e133b2bcb11cbf3075ef919154ae8312ff5b3e50d,White and Red,what_colors_make_up_a_traditional_candy_gain_which_people_enjoy_eating_during_christmas_targ_15_B.wav,target,phon_err,infinitive vs. participle,/k/ --> /g/; cane/gain,,,,,,
11,308afae365796b7ac7115c2e133b2bcb11cbf3075ef919154ae8312ff5b3e50d,The question does NOT need any corrections.,where_do_people_get_drivers_licenses_since_is_required_as_valid_id_to_drive_targ_16_C.wav,target,non_phon_err,expletive 'it' dropping,/v/ --> /b/; valid/ballad,,,,,,
11,308afae365796b7ac7115c2e133b2bcb11cbf3075ef919154ae8312ff5b3e50d,DMV,where_do_people_get_drivers_licenses_since_is_required_as_valid_id_to_drive_targ_16_C.wav,target,non_phon_err,expletive 'it' dropping,/v/ --> /b/; valid/ballad,,,,,,
11,308afae365796b7ac7115c2e133b2bcb11cbf3075ef919154ae8312ff5b3e50d,The question needs to be CORRECTED.,how_many_days_wooed_wooled_my_bike_tandem_be_gone_if_someone_borrows_it_for_july_targ_17_D.wav,target,both_err,adj/noun order,/ʊ/ --> /u/; would/wooed,,,,,,
11,308afae365796b7ac7115c2e133b2bcb11cbf3075ef919154ae8312ff5b3e50d,"31, how many days will i have to lend my bike in july",how_many_days_wooed_wooled_my_bike_tandem_be_gone_if_someone_borrows_it_for_july_targ_17_D.wav,target,both_err,adj/noun order,/ʊ/ --> /u/; would/wooed,,,,,,
11,308afae365796b7ac7115c2e133b2bcb11cbf3075ef919154ae8312ff5b3e50d,The question does NOT need any corrections.,when_you_are_hot_what_device_measures_body_temperature_in_both_celsius_and_fahrenheit_targ_18_A.wav,target,correct,have vs. be,/θ/ --> /t/; both/boat,,,,,,
11,308afae365796b7ac7115c2e133b2bcb11cbf3075ef919154ae8312ff5b3e50d,thermometer,when_you_are_hot_what_device_measures_body_temperature_in_both_celsius_and_fahrenheit_targ_18_A.wav,target,correct,have vs. be,/θ/ --> /t/; both/boat,,,,,,
11,308afae365796b7ac7115c2e133b2bcb11cbf3075ef919154ae8312ff5b3e50d,The question does NOT need any corrections.,what_big_star_in_our_solar_system_can_steal_be_visible_when_it_is_cloudy_targ_19_B.wav,target,phon_err,expletive 'it' dropping,/ɪ/ --> /i/; still/steal,,,,,,
11,308afae365796b7ac7115c2e133b2bcb11cbf3075ef919154ae8312ff5b3e50d,Sun,what_big_star_in_our_solar_system_can_steal_be_visible_when_it_is_cloudy_targ_19_B.wav,target,phon_err,expletive 'it' dropping,/ɪ/ --> /i/; still/steal,,,,,,
11,308afae365796b7ac7115c2e133b2bcb11cbf3075ef919154ae8312ff5b3e50d,The question does NOT need any corrections.,what_popular_us_chain_provides_a_happy_meal_toy_or_plush_when_kids_have_hungry_targ_20_C.wav,target,non_phon_err,have vs. be,/ʃ/ --> /s/; plush/plus,,,,,,
11,308afae365796b7ac7115c2e133b2bcb11cbf3075ef919154ae8312ff5b3e50d,Mcdonalds,what_popular_us_chain_provides_a_happy_meal_toy_or_plush_when_kids_have_hungry_targ_20_C.wav,target,non_phon_err,have vs. be,/ʃ/ --> /s/; plush/plus,,,,,,
11,308afae365796b7ac7115c2e133b2bcb11cbf3075ef919154ae8312ff5b3e50d,"The question does NOT need any corrections, but I don't know the answer/ I don't understand what the question is asking.",in_the_lion_king_who_nala_talk_to_and_is_laying_in_a_got_after_theyve_reunited_targ_21_D.wav,target,both_err,no aux verbs in questions (lack of do support),/k/ --> /g/; cot/got,,,,,,
11,308afae365796b7ac7115c2e133b2bcb11cbf3075ef919154ae8312ff5b3e50d,NA,in_the_lion_king_who_nala_talk_to_and_is_laying_in_a_got_after_theyve_reunited_targ_21_D.wav,target,both_err,no aux verbs in questions (lack of do support),/k/ --> /g/; cot/got,,,,,,
11,308afae365796b7ac7115c2e133b2bcb11cbf3075ef919154ae8312ff5b3e50d,The question does NOT need any corrections.,if_a_hardworking_janitor_cleaned_a_vent_in_five_minutes_how_many_seconds_is_that_targ_22_A.wav,target,correct,adj/noun order,/v/ --> /b/; vent/bent,,,,,,
11,308afae365796b7ac7115c2e133b2bcb11cbf3075ef919154ae8312ff5b3e50d,300,if_a_hardworking_janitor_cleaned_a_vent_in_five_minutes_how_many_seconds_is_that_targ_22_A.wav,target,correct,adj/noun order,/v/ --> /b/; vent/bent,,,,,,
11,308afae365796b7ac7115c2e133b2bcb11cbf3075ef919154ae8312ff5b3e50d,The question does NOT need any corrections.,what_company_created_the_macbook_a_device_fool_of_features_to_help_students_do_homework_targ_23_B.wav,target,phon_err,make vs. other verb,/ʊ/ --> /u/; full/fool,,,,,,
11,308afae365796b7ac7115c2e133b2bcb11cbf3075ef919154ae8312ff5b3e50d,Apple,what_company_created_the_macbook_a_device_fool_of_features_to_help_students_do_homework_targ_23_B.wav,target,phon_err,make vs. other verb,/ʊ/ --> /u/; full/fool,,,,,,
11,308afae365796b7ac7115c2e133b2bcb11cbf3075ef919154ae8312ff5b3e50d,The question does NOT need any corrections.,if_i_consider_to_leave_work_after_the_fourth_hour_how_many_minutes_would_that_be_targ_24_C.wav,target,non_phon_err,infinitive vs. participle,/θ/ --> /t/; fourth/fort,,,,,,
11,308afae365796b7ac7115c2e133b2bcb11cbf3075ef919154ae8312ff5b3e50d,240,if_i_consider_to_leave_work_after_the_fourth_hour_how_many_minutes_would_that_be_targ_24_C.wav,target,non_phon_err,infinitive vs. participle,/θ/ --> /t/; fourth/fort,,,,,,
11,308afae365796b7ac7115c2e133b2bcb11cbf3075ef919154ae8312ff5b3e50d,"The question does NOT need any corrections, but I don't know the answer/ I don't understand what the question is asking.",what_letter_in_the_latin_alphabet_corresponds_to_the_greek_letter_alpha_fill_01.wav,filler_other,NA,NA,NA,,,,,,
11,308afae365796b7ac7115c2e133b2bcb11cbf3075ef919154ae8312ff5b3e50d,NA,what_letter_in_the_latin_alphabet_corresponds_to_the_greek_letter_alpha_fill_01.wav,filler_other,NA,NA,NA,,,,,,
11,308afae365796b7ac7115c2e133b2bcb11cbf3075ef919154ae8312ff5b3e50d,The question needs to be CORRECTED.,what_organ_is_often_associated_with_being_eaten_by_rotting_flesh_monsters_also_known_as_zombies_fill_02.wav,filler_other,NA,NA,NA,,,,,,
11,308afae365796b7ac7115c2e133b2bcb11cbf3075ef919154ae8312ff5b3e50d,"Human flesh, would take out the word organ",what_organ_is_often_associated_with_being_eaten_by_rotting_flesh_monsters_also_known_as_zombies_fill_02.wav,filler_other,NA,NA,NA,,,,,,
11,308afae365796b7ac7115c2e133b2bcb11cbf3075ef919154ae8312ff5b3e50d,The question does NOT need any corrections.,which_british_celebrity_judge_often_harshly_critiqued_contestants_on_the_nationwide_singing_contest_american_idol_fill_03.wav,filler_other,NA,NA,NA,,,,,,
11,308afae365796b7ac7115c2e133b2bcb11cbf3075ef919154ae8312ff5b3e50d,Simon,which_british_celebrity_judge_often_harshly_critiqued_contestants_on_the_nationwide_singing_contest_american_idol_fill_03.wav,filler_other,NA,NA,NA,,,,,,
11,308afae365796b7ac7115c2e133b2bcb11cbf3075ef919154ae8312ff5b3e50d,The question does NOT need any corrections.,which_cartoon_character_works_at_the_krusty_krab_and_is_best_friends_with_patrick_star_fill_04.wav,filler_other,NA,NA,NA,,,,,,
11,308afae365796b7ac7115c2e133b2bcb11cbf3075ef919154ae8312ff5b3e50d,Spongebob,which_cartoon_character_works_at_the_krusty_krab_and_is_best_friends_with_patrick_star_fill_04.wav,filler_other,NA,NA,NA,,,,,,
11,308afae365796b7ac7115c2e133b2bcb11cbf3075ef919154ae8312ff5b3e50d,The question does NOT need any corrections.,which_body_part_did_van_gogh_allegedly_cut_off_after_an_argument_with_his_friend_fill_05.wav,filler_other,NA,NA,NA,,,,,,
11,308afae365796b7ac7115c2e133b2bcb11cbf3075ef919154ae8312ff5b3e50d,ear,which_body_part_did_van_gogh_allegedly_cut_off_after_an_argument_with_his_friend_fill_05.wav,filler_other,NA,NA,NA,,,,,,
11,308afae365796b7ac7115c2e133b2bcb11cbf3075ef919154ae8312ff5b3e50d,The question does NOT need any corrections.,what_is_the_name_of_the_comic_strip_featuring_charlie_brown_and_his_dog_snoopy_fill_06.wav,filler_other,NA,NA,NA,,,,,,
11,308afae365796b7ac7115c2e133b2bcb11cbf3075ef919154ae8312ff5b3e50d,Peanuts,what_is_the_name_of_the_comic_strip_featuring_charlie_brown_and_his_dog_snoopy_fill_06.wav,filler_other,NA,NA,NA,,,,,,
11,308afae365796b7ac7115c2e133b2bcb11cbf3075ef919154ae8312ff5b3e50d,The question does NOT need any corrections.,what_holiday_occurs_at_the_end_of_october_and_features_trick-or-treating_pumpkins_and_haunted_houses_fill_07.wav,filler_other,NA,NA,NA,,,,,,
11,308afae365796b7ac7115c2e133b2bcb11cbf3075ef919154ae8312ff5b3e50d,Halloween,what_holiday_occurs_at_the_end_of_october_and_features_trick-or-treating_pumpkins_and_haunted_houses_fill_07.wav,filler_other,NA,NA,NA,,,,,,
11,308afae365796b7ac7115c2e133b2bcb11cbf3075ef919154ae8312ff5b3e50d,The question does NOT need any corrections.,what_is_the_name_of_the_video_game_character_who_is_a_traveling_italian_plumber_fill_08.wav,filler_other,NA,NA,NA,,,,,,
11,308afae365796b7ac7115c2e133b2bcb11cbf3075ef919154ae8312ff5b3e50d,Mario,what_is_the_name_of_the_video_game_character_who_is_a_traveling_italian_plumber_fill_08.wav,filler_other,NA,NA,NA,,,,,,
11,308afae365796b7ac7115c2e133b2bcb11cbf3075ef919154ae8312ff5b3e50d,The question does NOT need any corrections.,what_kind_of_animal_is_mickey_mouse’s_girlfriend_minnie_who_wears_a_bow_fill_09.wav,filler_other,NA,NA,NA,,,,,,
11,308afae365796b7ac7115c2e133b2bcb11cbf3075ef919154ae8312ff5b3e50d,mouse,what_kind_of_animal_is_mickey_mouse’s_girlfriend_minnie_who_wears_a_bow_fill_09.wav,filler_other,NA,NA,NA,,,,,,
11,308afae365796b7ac7115c2e133b2bcb11cbf3075ef919154ae8312ff5b3e50d,The question needs to be CORRECTED.,which_cartoon_dog_solves_mysteries_with_the_group_fred_daphne_velma_and_shaggy_fill_10.wav,filler_other,NA,NA,NA,,,,,,
11,308afae365796b7ac7115c2e133b2bcb11cbf3075ef919154ae8312ff5b3e50d,"Scooby Doo, sounds like Belma instead of Velma",which_cartoon_dog_solves_mysteries_with_the_group_fred_daphne_velma_and_shaggy_fill_10.wav,filler_other,NA,NA,NA,,,,,,
11,308afae365796b7ac7115c2e133b2bcb11cbf3075ef919154ae8312ff5b3e50d,The question does NOT need any corrections.,which_fast_food_chain_offers_foot-long_sandwiches_and_has_the_slogan_eat_fresh_fill_11.wav,filler_other,NA,NA,NA,,,,,,
11,308afae365796b7ac7115c2e133b2bcb11cbf3075ef919154ae8312ff5b3e50d,Subway,which_fast_food_chain_offers_foot-long_sandwiches_and_has_the_slogan_eat_fresh_fill_11.wav,filler_other,NA,NA,NA,,,,,,
11,308afae365796b7ac7115c2e133b2bcb11cbf3075ef919154ae8312ff5b3e50d,The question does NOT need any corrections.,which_oscar-winning_movie_features_tom_hanks_saying_life_is_like_a_box_of_chocolates_fill_12.wav,filler_other,NA,NA,NA,,,,,,
11,308afae365796b7ac7115c2e133b2bcb11cbf3075ef919154ae8312ff5b3e50d,Forrest Gump,which_oscar-winning_movie_features_tom_hanks_saying_life_is_like_a_box_of_chocolates_fill_12.wav,filler_other,NA,NA,NA,,,,,,
11,308afae365796b7ac7115c2e133b2bcb11cbf3075ef919154ae8312ff5b3e50d,"The question does NOT need any corrections, but I don't know the answer/ I don't understand what the question is asking.",what_novel_has_the_quote_i’m_late_i’m_late_for_a_very_important_date_fill_13.wav,filler_other,NA,NA,NA,,,,,,
11,308afae365796b7ac7115c2e133b2bcb11cbf3075ef919154ae8312ff5b3e50d,NA,what_novel_has_the_quote_i’m_late_i’m_late_for_a_very_important_date_fill_13.wav,filler_other,NA,NA,NA,,,,,,
11,308afae365796b7ac7115c2e133b2bcb11cbf3075ef919154ae8312ff5b3e50d,The question does NOT need any corrections.,what_mythical_creatures_have_been_said_to_drink_blood_turn_into_bats_and_hate_onions_fill_14.wav,filler_other,NA,NA,NA,,,,,,
11,308afae365796b7ac7115c2e133b2bcb11cbf3075ef919154ae8312ff5b3e50d,Vampire,what_mythical_creatures_have_been_said_to_drink_blood_turn_into_bats_and_hate_onions_fill_14.wav,filler_other,NA,NA,NA,,,,,,
11,308afae365796b7ac7115c2e133b2bcb11cbf3075ef919154ae8312ff5b3e50d,"The question does NOT need any corrections, but I don't know the answer/ I don't understand what the question is asking.",who_discovered_the_law_of_universal_gravitation_which_accounts_for_why_objects_naturally_fall_downwards_fill_15.wav,filler_other,NA,NA,NA,,,,,,
11,308afae365796b7ac7115c2e133b2bcb11cbf3075ef919154ae8312ff5b3e50d,NA,who_discovered_the_law_of_universal_gravitation_which_accounts_for_why_objects_naturally_fall_downwards_fill_15.wav,filler_other,NA,NA,NA,,,,,,
11,308afae365796b7ac7115c2e133b2bcb11cbf3075ef919154ae8312ff5b3e50d,The question does NOT need any corrections.,which_soft_pastry_made_with_a_certain_spice_is_often_spiral-shaped_and_topped_with_icing_fill_16.wav,filler_other,NA,NA,NA,,,,,,
11,308afae365796b7ac7115c2e133b2bcb11cbf3075ef919154ae8312ff5b3e50d,Cinnamon Rolls,which_soft_pastry_made_with_a_certain_spice_is_often_spiral-shaped_and_topped_with_icing_fill_16.wav,filler_other,NA,NA,NA,,,,,,
11,308afae365796b7ac7115c2e133b2bcb11cbf3075ef919154ae8312ff5b3e50d,The question does NOT need any corrections.,what_us_holiday_is_often_celebrated_with_fireworks_and_hotdogs_to_honor_americas_freedom_fill_17.wav,filler_other,NA,NA,NA,,,,,,
11,308afae365796b7ac7115c2e133b2bcb11cbf3075ef919154ae8312ff5b3e50d,4TH OF JULY,what_us_holiday_is_often_celebrated_with_fireworks_and_hotdogs_to_honor_americas_freedom_fill_17.wav,filler_other,NA,NA,NA,,,,,,
11,308afae365796b7ac7115c2e133b2bcb11cbf3075ef919154ae8312ff5b3e50d,The question does NOT need any corrections.,which_tropical_fruit_that_grows_on_palm_trees_is_used_for_oils_and_milks_fill_18.wav,filler_other,NA,NA,NA,,,,,,
11,308afae365796b7ac7115c2e133b2bcb11cbf3075ef919154ae8312ff5b3e50d,Coconut,which_tropical_fruit_that_grows_on_palm_trees_is_used_for_oils_and_milks_fill_18.wav,filler_other,NA,NA,NA,,,,,,
11,308afae365796b7ac7115c2e133b2bcb11cbf3075ef919154ae8312ff5b3e50d,The question needs to be CORRECTED.,which_season_do_we_associate_with_thanksgiving_the_beginning_of_school_and_leaves_turning_brown_fill_19.wav,filler_other,NA,NA,NA,,,,,,
11,308afae365796b7ac7115c2e133b2bcb11cbf3075ef919154ae8312ff5b3e50d,"Fall, should say which season",which_season_do_we_associate_with_thanksgiving_the_beginning_of_school_and_leaves_turning_brown_fill_19.wav,filler_other,NA,NA,NA,,,,,,
11,308afae365796b7ac7115c2e133b2bcb11cbf3075ef919154ae8312ff5b3e50d,The question does NOT need any corrections.,what_musician_won_grammys_for_their_album_thriller_which_features_the_hit_song_beat_it_fill_20.wav,filler_other,NA,NA,NA,,,,,,
11,308afae365796b7ac7115c2e133b2bcb11cbf3075ef919154ae8312ff5b3e50d,Micheal Jackson,what_musician_won_grammys_for_their_album_thriller_which_features_the_hit_song_beat_it_fill_20.wav,filler_other,NA,NA,NA,,,,,,
11,308afae365796b7ac7115c2e133b2bcb11cbf3075ef919154ae8312ff5b3e50d,The question does NOT need any corrections.,what_animal_is_typically_white_with_black_spots_and_says_moo_fill_21.wav,filler_other,NA,NA,NA,,,,,,
11,308afae365796b7ac7115c2e133b2bcb11cbf3075ef919154ae8312ff5b3e50d,Zebra,what_animal_is_typically_white_with_black_spots_and_says_moo_fill_21.wav,filler_other,NA,NA,NA,,,,,,
11,308afae365796b7ac7115c2e133b2bcb11cbf3075ef919154ae8312ff5b3e50d,The question does NOT need any corrections.,where_do_the_jolly_christmas_icons_santa_claus_and_his_wife_mrs._claus_live_fill_22.wav,filler_other,NA,NA,NA,,,,,,
11,308afae365796b7ac7115c2e133b2bcb11cbf3075ef919154ae8312ff5b3e50d,North Pole,where_do_the_jolly_christmas_icons_santa_claus_and_his_wife_mrs._claus_live_fill_22.wav,filler_other,NA,NA,NA,,,,,,
11,308afae365796b7ac7115c2e133b2bcb11cbf3075ef919154ae8312ff5b3e50d,The question does NOT need any corrections.,in_the_famous_dr_seuss_book_what_orange_and_yellow_character_speaks_for_the_trees_fill_23.wav,filler_other,NA,NA,NA,,,,,,
11,308afae365796b7ac7115c2e133b2bcb11cbf3075ef919154ae8312ff5b3e50d,The Lorax,in_the_famous_dr_seuss_book_what_orange_and_yellow_character_speaks_for_the_trees_fill_23.wav,filler_other,NA,NA,NA,,,,,,
11,308afae365796b7ac7115c2e133b2bcb11cbf3075ef919154ae8312ff5b3e50d,"The question does NOT need any corrections, but I don't know the answer/ I don't understand what the question is asking.",in_what_country_would_you_find_landmarks_like_the_pyramids_of_giza_and_great_sphinx_fill_24.wav,filler_other,NA,NA,NA,,,,,,
11,308afae365796b7ac7115c2e133b2bcb11cbf3075ef919154ae8312ff5b3e50d,NA,in_what_country_would_you_find_landmarks_like_the_pyramids_of_giza_and_great_sphinx_fill_24.wav,filler_other,NA,NA,NA,,,,,,
12,34f7098a7494821366e25ecb72d330227d0d510729f3593130779972cff577b2,The question does NOT need any corrections.,how_many_legs_does_a_dog_normally_have_fill_25.wav,att_check_good,NA,NA,NA,nans,,,a,,FB_1109
12,34f7098a7494821366e25ecb72d330227d0d510729f3593130779972cff577b2,4,how_many_legs_does_a_dog_normally_have_fill_25.wav,att_check_good,NA,NA,NA,,,,,,
12,34f7098a7494821366e25ecb72d330227d0d510729f3593130779972cff577b2,The question does NOT need any corrections.,what_state_is_los_angeles_located_in_fill_26.wav,att_check_good,NA,NA,NA,nans,,,a,,FB_1109
12,34f7098a7494821366e25ecb72d330227d0d510729f3593130779972cff577b2,California,what_state_is_los_angeles_located_in_fill_26.wav,att_check_good,NA,NA,NA,,,,,,
12,34f7098a7494821366e25ecb72d330227d0d510729f3593130779972cff577b2,The question does NOT need any corrections.,what_day_of_the_week_comes_after_monday_fill_27.wav,att_check_good,NA,NA,NA,nans,,,a,,FB_1109
12,34f7098a7494821366e25ecb72d330227d0d510729f3593130779972cff577b2,Tuesday,what_day_of_the_week_comes_after_monday_fill_27.wav,att_check_good,NA,NA,NA,,,,,,
12,34f7098a7494821366e25ecb72d330227d0d510729f3593130779972cff577b2,The question does NOT need any corrections.,what_color_is_a_typical_school_bus_fill_28.wav,att_check_good,NA,NA,NA,nans,,,a,,FB_1109
12,34f7098a7494821366e25ecb72d330227d0d510729f3593130779972cff577b2,yellow,what_color_is_a_typical_school_bus_fill_28.wav,att_check_good,NA,NA,NA,,,,,,
12,34f7098a7494821366e25ecb72d330227d0d510729f3593130779972cff577b2,The question needs to be CORRECTED.,in_the_cycle_of_seasons_what_season_comes_after_dinter_fill_29.wav,att_check_err,NA,NA,NA,y,,acheckp,,,FB_1109
12,34f7098a7494821366e25ecb72d330227d0d510729f3593130779972cff577b2,spring; winter is mispronounced,in_the_cycle_of_seasons_what_season_comes_after_dinter_fill_29.wav,att_check_err,NA,NA,NA,,,,,,
12,34f7098a7494821366e25ecb72d330227d0d510729f3593130779972cff577b2,The question does NOT need any corrections.,what_insect_undergoes_a_process_of_change_to_turn_into_a_butterfy_fill_30.wav,att_check_err,NA,NA,NA,nans,,acheckf,,,FB_1109
12,34f7098a7494821366e25ecb72d330227d0d510729f3593130779972cff577b2,Caterpillar,what_insect_undergoes_a_process_of_change_to_turn_into_a_butterfy_fill_30.wav,att_check_err,NA,NA,NA,,,,,,
12,34f7098a7494821366e25ecb72d330227d0d510729f3593130779972cff577b2,The question needs to be CORRECTED.,what_is_the_largest_plant_in_the_solar_system_fill_31.wav,att_check_err,NA,NA,NA,y,,acheckp,,,FB_1109
12,34f7098a7494821366e25ecb72d330227d0d510729f3593130779972cff577b2,Jupiter; planet sounds like plant,what_is_the_largest_plant_in_the_solar_system_fill_31.wav,att_check_err,NA,NA,NA,,,,,,
12,34f7098a7494821366e25ecb72d330227d0d510729f3593130779972cff577b2,The question needs to be CORRECTED.,how_many_embers_were_in_the_beatles_the_british_rock_band_fill_32.wav,att_check_err,NA,NA,NA,y,,acheckp ,,,FB_1109
12,34f7098a7494821366e25ecb72d330227d0d510729f3593130779972cff577b2,5; members sounds more like embers,how_many_embers_were_in_the_beatles_the_british_rock_band_fill_32.wav,att_check_err,NA,NA,NA,,,,,,
12,34f7098a7494821366e25ecb72d330227d0d510729f3593130779972cff577b2,The question does NOT need any corrections.,for_what_pink_ice_cream_flavor_wheel_companies_do_their_best_to_use_real_fruit_targ_01_B.wav,target,phon_err,make vs. other verb,/ɪ/ --> /i/; will/wheel,nans,,,,,FB_1109
12,34f7098a7494821366e25ecb72d330227d0d510729f3593130779972cff577b2,strawberry,for_what_pink_ice_cream_flavor_wheel_companies_do_their_best_to_use_real_fruit_targ_01_B.wav,target,phon_err,make vs. other verb,/ɪ/ --> /i/; will/wheel,,,,,,
12,34f7098a7494821366e25ecb72d330227d0d510729f3593130779972cff577b2,The question does NOT need any corrections.,what_term_refers_to_armored_men_who_enjoyed_to_carry_medieval_swords_that_clash_in_combat_targ_02_C.wav,target,non_phon_err,infinitive vs. participle,/ʃ/ --> /s/; clash/class,nans,,,,,FB_1109
12,34f7098a7494821366e25ecb72d330227d0d510729f3593130779972cff577b2,Knight,what_term_refers_to_armored_men_who_enjoyed_to_carry_medieval_swords_that_clash_in_combat_targ_02_C.wav,target,non_phon_err,infinitive vs. participle,/ʃ/ --> /s/; clash/class,,,,,,
12,34f7098a7494821366e25ecb72d330227d0d510729f3593130779972cff577b2,"The question does NOT need any corrections, but I don't know the answer/ I don't understand what the question is asking.",which_scottish_actor_first_played_james_bond_wearing_guilts_to_red_carpets_when_he_had_32_years_old_targ_03_D.wav,target,both_err,have vs. be,/k/ --> /g/; kilt/guilt,nun,,,,,FB_1109
12,34f7098a7494821366e25ecb72d330227d0d510729f3593130779972cff577b2,NA,which_scottish_actor_first_played_james_bond_wearing_guilts_to_red_carpets_when_he_had_32_years_old_targ_03_D.wav,target,both_err,have vs. be,/k/ --> /g/; kilt/guilt,,,,,,
12,34f7098a7494821366e25ecb72d330227d0d510729f3593130779972cff577b2,The question needs to be CORRECTED.,what_did_neil_armstrong_say_during_his_very_first_steps_on_the_moon_targ_04_A.wav,target,correct,no aux verbs in questions (lack of do support),/v/ --> /b/; very/berry,y,,otherp,,,FB_1109
12,34f7098a7494821366e25ecb72d330227d0d510729f3593130779972cff577b2,"One small step for man, one giant leap for mankind; Neil sounded more like ""Nell""",what_did_neil_armstrong_say_during_his_very_first_steps_on_the_moon_targ_04_A.wav,target,correct,no aux verbs in questions (lack of do support),/v/ --> /b/; very/berry,,,,,,
12,34f7098a7494821366e25ecb72d330227d0d510729f3593130779972cff577b2,The question needs to be CORRECTED.,what_kind_of_weather_cooed_cooled_occur_when_it_is_raining_and_below_freezing_targ_05_B.wav,target,phon_err,expletive 'it' dropping,/ʊ/ --> /u/; could/cooed,y,,p,,also mentioned otherp,FB_1109
12,34f7098a7494821366e25ecb72d330227d0d510729f3593130779972cff577b2,"snow; ""could"" and ""occur"" are mispronounced",what_kind_of_weather_cooed_cooled_occur_when_it_is_raining_and_below_freezing_targ_05_B.wav,target,phon_err,expletive 'it' dropping,/ʊ/ --> /u/; could/cooed,,,,,,
12,34f7098a7494821366e25ecb72d330227d0d510729f3593130779972cff577b2,The question needs to be CORRECTED.,how_many_legs_does_a_garden_spider_canadian_whose_silk_can_make_cloth_have_targ_06_C.wav,target,non_phon_err,adj/noun order,/θ/ --> /t/; cloth/clot,y,,np,,,FB_1109
12,34f7098a7494821366e25ecb72d330227d0d510729f3593130779972cff577b2,8; remove the word Canadian,how_many_legs_does_a_garden_spider_canadian_whose_silk_can_make_cloth_have_targ_06_C.wav,target,non_phon_err,adj/noun order,/θ/ --> /t/; cloth/clot,,,,,,
12,34f7098a7494821366e25ecb72d330227d0d510729f3593130779972cff577b2,The question needs to be CORRECTED.,what_childrens_game_makes_people_seat_down_quickly_when_the_music_loud_stops_targ_07_D.wav,target,both_err,adj/noun order,/ɪ/ --> /i/; sit/seat,y,,np,,,FB_1109
12,34f7098a7494821366e25ecb72d330227d0d510729f3593130779972cff577b2,Musical chairs; the word loud should be removed.,what_childrens_game_makes_people_seat_down_quickly_when_the_music_loud_stops_targ_07_D.wav,target,both_err,adj/noun order,/ɪ/ --> /i/; sit/seat,,,,,,
12,34f7098a7494821366e25ecb72d330227d0d510729f3593130779972cff577b2,The question does NOT need any corrections.,because_it_is_important_to_honor_the_irish_saint_what_holiday_occurs_on_march_17th_targ_08_A.wav,target,correct,expletive 'it' dropping,/ʃ/ --> /s/; Irish/iris,nans,,,,,FB_1109
12,34f7098a7494821366e25ecb72d330227d0d510729f3593130779972cff577b2,St. Patrick's Day,because_it_is_important_to_honor_the_irish_saint_what_holiday_occurs_on_march_17th_targ_08_A.wav,target,correct,expletive 'it' dropping,/ʃ/ --> /s/; Irish/iris,,,,,,
12,34f7098a7494821366e25ecb72d330227d0d510729f3593130779972cff577b2,The question does NOT need any corrections.,if_laundry_service_will_gum_in_five_days_and_todays_thursday_when_are_they_doing_laundry_next_targ_09_B.wav,target,phon_err,make vs. other verb,/k/ --> /g/; come/gum,nans,,,,,FB_1109
12,34f7098a7494821366e25ecb72d330227d0d510729f3593130779972cff577b2,Tuesday,if_laundry_service_will_gum_in_five_days_and_todays_thursday_when_are_they_doing_laundry_next_targ_09_B.wav,target,phon_err,make vs. other verb,/k/ --> /g/; come/gum,,,,,,
12,34f7098a7494821366e25ecb72d330227d0d510729f3593130779972cff577b2,The question needs to be CORRECTED.,who_did_americans_vote_for_to_be_their_first_president_who_avoided_to_serve_three_terms_targ_10_C.wav,target,non_phon_err,infinitive vs. participle,/v/ --> /b/; vote/boat,y,,np?,,,FB_1109
12,34f7098a7494821366e25ecb72d330227d0d510729f3593130779972cff577b2,"Washington; Avoided is a strange word to use, replace it with something like declined to serve 3 terms.",who_did_americans_vote_for_to_be_their_first_president_who_avoided_to_serve_three_terms_targ_10_C.wav,target,non_phon_err,infinitive vs. participle,/v/ --> /b/; vote/boat,,,,,,
12,34f7098a7494821366e25ecb72d330227d0d510729f3593130779972cff577b2,The question needs to be CORRECTED.,what_colors_can_have_on_a_traffic_light_which_often_senses_when_cars_pool_up_targ_11_D.wav,target,both_err,have vs. be,/ʊ/ --> /u/; pulls/pools,y,,np,,,FB_1109
12,34f7098a7494821366e25ecb72d330227d0d510729f3593130779972cff577b2,"red, yellow, green; change ""have on a traffic light"" to ""be on...""",what_colors_can_have_on_a_traffic_light_which_often_senses_when_cars_pool_up_targ_11_D.wav,target,both_err,have vs. be,/ʊ/ --> /u/; pulls/pools,,,,,,
12,34f7098a7494821366e25ecb72d330227d0d510729f3593130779972cff577b2,The question does NOT need any corrections.,if_youre_on_a_path_from_california_to_hawaii_which_ocean_do_you_go_through_targ_12_A.wav,target,correct,no aux verbs in questions (lack of do support),/θ/ --> /t/; path/pat,nans,,,,,FB_1109
12,34f7098a7494821366e25ecb72d330227d0d510729f3593130779972cff577b2,Pacific,if_youre_on_a_path_from_california_to_hawaii_which_ocean_do_you_go_through_targ_12_A.wav,target,correct,no aux verbs in questions (lack of do support),/θ/ --> /t/; path/pat,,,,,,
12,34f7098a7494821366e25ecb72d330227d0d510729f3593130779972cff577b2,The question needs to be CORRECTED.,what_supplies_do_you_need_to_neat_a_scarf_targ_13_B.wav,target,phon_err,no aux verbs in questions (lack of do support),/ɪ/ --> /i/; knit/neat,y,,p,,,FB_1109
12,34f7098a7494821366e25ecb72d330227d0d510729f3593130779972cff577b2,yarn and kitting needles; knit sounds like neat,what_supplies_do_you_need_to_neat_a_scarf_targ_13_B.wav,target,phon_err,no aux verbs in questions (lack of do support),/ɪ/ --> /i/; knit/neat,,,,,,
12,34f7098a7494821366e25ecb72d330227d0d510729f3593130779972cff577b2,The question does NOT need any corrections.,what_city_have_people_rushed_to_tour_to_see_where_the_us_government_makes_business_targ_14_C.wav,target,non_phon_err,make vs. other verb,/ʃ/ --> /s/; rushed/rust,nans,,,,,FB_1109
12,34f7098a7494821366e25ecb72d330227d0d510729f3593130779972cff577b2,"Washington, DC",what_city_have_people_rushed_to_tour_to_see_where_the_us_government_makes_business_targ_14_C.wav,target,non_phon_err,make vs. other verb,/ʃ/ --> /s/; rushed/rust,,,,,,
12,34f7098a7494821366e25ecb72d330227d0d510729f3593130779972cff577b2,The question needs to be CORRECTED.,what_colors_make_up_a_traditional_candy_gain_which_people_enjoy_to_eat_during_christmas_targ_15_D.wav,target,both_err,infinitive vs. participle,/k/ --> /g/; cane/gain,y,,other,,unclear what participant meant here ,FB_1109
12,34f7098a7494821366e25ecb72d330227d0d510729f3593130779972cff577b2,Red and white; should be phrased enjoy to eat,what_colors_make_up_a_traditional_candy_gain_which_people_enjoy_to_eat_during_christmas_targ_15_D.wav,target,both_err,infinitive vs. participle,/k/ --> /g/; cane/gain,,,,,,
12,34f7098a7494821366e25ecb72d330227d0d510729f3593130779972cff577b2,The question does NOT need any corrections.,where_do_people_get_drivers_licenses_since_it_is_required_as_valid_id_to_drive_targ_16_A.wav,target,correct,expletive 'it' dropping,/v/ --> /b/; valid/ballad,nans,,,,,FB_1109
12,34f7098a7494821366e25ecb72d330227d0d510729f3593130779972cff577b2,the DMV,where_do_people_get_drivers_licenses_since_it_is_required_as_valid_id_to_drive_targ_16_A.wav,target,correct,expletive 'it' dropping,/v/ --> /b/; valid/ballad,,,,,,
12,34f7098a7494821366e25ecb72d330227d0d510729f3593130779972cff577b2,"The question does NOT need any corrections, but I don't know the answer/ I don't understand what the question is asking.",how_many_days_wooed_wooled_my_tandem_bike_be_gone_if_someone_borrows_it_for_july_targ_17_B.wav,target,phon_err,adj/noun order,/ʊ/ --> /u/; would/wooed,nun,,,,,FB_1109
12,34f7098a7494821366e25ecb72d330227d0d510729f3593130779972cff577b2,NA,how_many_days_wooed_wooled_my_tandem_bike_be_gone_if_someone_borrows_it_for_july_targ_17_B.wav,target,phon_err,adj/noun order,/ʊ/ --> /u/; would/wooed,,,,,,
12,34f7098a7494821366e25ecb72d330227d0d510729f3593130779972cff577b2,The question needs to be CORRECTED.,when_you_have_hot_what_device_measures_body_temperature_in_both_celsius_and_fahrenheit_targ_18_C.wav,target,non_phon_err,have vs. be,/θ/ --> /t/; both/boat,y,,np,,,FB_1109
12,34f7098a7494821366e25ecb72d330227d0d510729f3593130779972cff577b2,thermometer; when you have hot should be when you have a fever,when_you_have_hot_what_device_measures_body_temperature_in_both_celsius_and_fahrenheit_targ_18_C.wav,target,non_phon_err,have vs. be,/θ/ --> /t/; both/boat,,,,,,
12,34f7098a7494821366e25ecb72d330227d0d510729f3593130779972cff577b2,"The question does NOT need any corrections, but I don't know the answer/ I don't understand what the question is asking.",what_big_star_in_our_solar_system_can_steal_be_visible_when_is_cloudy_targ_19_D.wav,target,both_err,expletive 'it' dropping,/ɪ/ --> /i/; still/steal,nun,,,,,FB_1109
12,34f7098a7494821366e25ecb72d330227d0d510729f3593130779972cff577b2,NA,what_big_star_in_our_solar_system_can_steal_be_visible_when_is_cloudy_targ_19_D.wav,target,both_err,expletive 'it' dropping,/ɪ/ --> /i/; still/steal,,,,,,
12,34f7098a7494821366e25ecb72d330227d0d510729f3593130779972cff577b2,The question does NOT need any corrections.,what_popular_us_chain_provides_a_happy_meal_toy_or_plush_when_kids_are_hungry_targ_20_A.wav,target,correct,have vs. be,/ʃ/ --> /s/; plush/plus,nans,,,,,FB_1109
12,34f7098a7494821366e25ecb72d330227d0d510729f3593130779972cff577b2,McDonald's,what_popular_us_chain_provides_a_happy_meal_toy_or_plush_when_kids_are_hungry_targ_20_A.wav,target,correct,have vs. be,/ʃ/ --> /s/; plush/plus,,,,,,
12,34f7098a7494821366e25ecb72d330227d0d510729f3593130779972cff577b2,"The question does NOT need any corrections, but I don't know the answer/ I don't understand what the question is asking.",in_the_lion_king_who_does_nala_talk_to_and_is_laying_in_a_got_after_theyve_reunited_targ_21_B.wav,target,phon_err,no aux verbs in questions (lack of do support),/k/ --> /g/; cot/got,nun,,,,,FB_1109
12,34f7098a7494821366e25ecb72d330227d0d510729f3593130779972cff577b2,NA,in_the_lion_king_who_does_nala_talk_to_and_is_laying_in_a_got_after_theyve_reunited_targ_21_B.wav,target,phon_err,no aux verbs in questions (lack of do support),/k/ --> /g/; cot/got,,,,,,
12,34f7098a7494821366e25ecb72d330227d0d510729f3593130779972cff577b2,The question needs to be CORRECTED.,if_a_janitor_hardworking_cleaned_a_vent_in_five_minutes_how_many_seconds_is_that_targ_22_C.wav,target,non_phon_err,adj/noun order,/v/ --> /b/; vent/bent,y,,np,,,FB_1109
12,34f7098a7494821366e25ecb72d330227d0d510729f3593130779972cff577b2,300; change hardworking to working hard,if_a_janitor_hardworking_cleaned_a_vent_in_five_minutes_how_many_seconds_is_that_targ_22_C.wav,target,non_phon_err,adj/noun order,/v/ --> /b/; vent/bent,,,,,,
12,34f7098a7494821366e25ecb72d330227d0d510729f3593130779972cff577b2,The question needs to be CORRECTED.,what_company_created_the_macbook_a_device_fool_of_features_to_help_students_make_homework_targ_23_D.wav,target,both_err,make vs. other verb,/ʊ/ --> /u/; full/fool,y,,np,,,FB_1109
12,34f7098a7494821366e25ecb72d330227d0d510729f3593130779972cff577b2,Apple; Students make homework should be students do homework,what_company_created_the_macbook_a_device_fool_of_features_to_help_students_make_homework_targ_23_D.wav,target,both_err,make vs. other verb,/ʊ/ --> /u/; full/fool,,,,,,
12,34f7098a7494821366e25ecb72d330227d0d510729f3593130779972cff577b2,The question does NOT need any corrections.,if_i_consider_leaving_work_after_the_fourth_hour_how_many_minutes_would_that_be_targ_24_A.wav,target,correct,infinitive vs. participle,/θ/ --> /t/; fourth/fort,nans,,,,,FB_1109
12,34f7098a7494821366e25ecb72d330227d0d510729f3593130779972cff577b2,240,if_i_consider_leaving_work_after_the_fourth_hour_how_many_minutes_would_that_be_targ_24_A.wav,target,correct,infinitive vs. participle,/θ/ --> /t/; fourth/fort,,,,,,
12,34f7098a7494821366e25ecb72d330227d0d510729f3593130779972cff577b2,"The question does NOT need any corrections, but I don't know the answer/ I don't understand what the question is asking.",what_letter_in_the_latin_alphabet_corresponds_to_the_greek_letter_alpha_fill_01.wav,filler_other,NA,NA,NA,nun,,,,,FB_1109
12,34f7098a7494821366e25ecb72d330227d0d510729f3593130779972cff577b2,NA,what_letter_in_the_latin_alphabet_corresponds_to_the_greek_letter_alpha_fill_01.wav,filler_other,NA,NA,NA,,,,,,
12,34f7098a7494821366e25ecb72d330227d0d510729f3593130779972cff577b2,The question does NOT need any corrections.,what_organ_is_often_associated_with_being_eaten_by_rotting_flesh_monsters_also_known_as_zombies_fill_02.wav,filler_other,NA,NA,NA,nans,,,,,FB_1109
12,34f7098a7494821366e25ecb72d330227d0d510729f3593130779972cff577b2,brain,what_organ_is_often_associated_with_being_eaten_by_rotting_flesh_monsters_also_known_as_zombies_fill_02.wav,filler_other,NA,NA,NA,,,,,,
12,34f7098a7494821366e25ecb72d330227d0d510729f3593130779972cff577b2,"The question does NOT need any corrections, but I don't know the answer/ I don't understand what the question is asking.",which_british_celebrity_judge_often_harshly_critiqued_contestants_on_the_nationwide_singing_contest_american_idol_fill_03.wav,filler_other,NA,NA,NA,nun,,,,,FB_1109
12,34f7098a7494821366e25ecb72d330227d0d510729f3593130779972cff577b2,NA,which_british_celebrity_judge_often_harshly_critiqued_contestants_on_the_nationwide_singing_contest_american_idol_fill_03.wav,filler_other,NA,NA,NA,,,,,,
12,34f7098a7494821366e25ecb72d330227d0d510729f3593130779972cff577b2,The question does NOT need any corrections.,which_cartoon_character_works_at_the_krusty_krab_and_is_best_friends_with_patrick_star_fill_04.wav,filler_other,NA,NA,NA,nans,,,,,FB_1109
12,34f7098a7494821366e25ecb72d330227d0d510729f3593130779972cff577b2,Spongebob Squarepants,which_cartoon_character_works_at_the_krusty_krab_and_is_best_friends_with_patrick_star_fill_04.wav,filler_other,NA,NA,NA,,,,,,
12,34f7098a7494821366e25ecb72d330227d0d510729f3593130779972cff577b2,The question does NOT need any corrections.,which_body_part_did_van_gogh_allegedly_cut_off_after_an_argument_with_his_friend_fill_05.wav,filler_other,NA,NA,NA,nans,,,,,FB_1109
12,34f7098a7494821366e25ecb72d330227d0d510729f3593130779972cff577b2,Ear,which_body_part_did_van_gogh_allegedly_cut_off_after_an_argument_with_his_friend_fill_05.wav,filler_other,NA,NA,NA,,,,,,
12,34f7098a7494821366e25ecb72d330227d0d510729f3593130779972cff577b2,The question does NOT need any corrections.,what_is_the_name_of_the_comic_strip_featuring_charlie_brown_and_his_dog_snoopy_fill_06.wav,filler_other,NA,NA,NA,nans,,,,,FB_1109
12,34f7098a7494821366e25ecb72d330227d0d510729f3593130779972cff577b2,Peanuts,what_is_the_name_of_the_comic_strip_featuring_charlie_brown_and_his_dog_snoopy_fill_06.wav,filler_other,NA,NA,NA,,,,,,
12,34f7098a7494821366e25ecb72d330227d0d510729f3593130779972cff577b2,The question needs to be CORRECTED.,what_holiday_occurs_at_the_end_of_october_and_features_trick-or-treating_pumpkins_and_haunted_houses_fill_07.wav,filler_other,NA,NA,NA,y,,otherp,,,FB_1109
12,34f7098a7494821366e25ecb72d330227d0d510729f3593130779972cff577b2,"Halloween; occurs is pronounced like ""ocures"", and pumpkins like ""pumpkings""",what_holiday_occurs_at_the_end_of_october_and_features_trick-or-treating_pumpkins_and_haunted_houses_fill_07.wav,filler_other,NA,NA,NA,,,,,,
12,34f7098a7494821366e25ecb72d330227d0d510729f3593130779972cff577b2,The question does NOT need any corrections.,what_is_the_name_of_the_video_game_character_who_is_a_traveling_italian_plumber_fill_08.wav,filler_other,NA,NA,NA,nans,,,,,FB_1109
12,34f7098a7494821366e25ecb72d330227d0d510729f3593130779972cff577b2,Mario,what_is_the_name_of_the_video_game_character_who_is_a_traveling_italian_plumber_fill_08.wav,filler_other,NA,NA,NA,,,,,,
12,34f7098a7494821366e25ecb72d330227d0d510729f3593130779972cff577b2,The question does NOT need any corrections.,what_kind_of_animal_is_mickey_mouse’s_girlfriend_minnie_who_wears_a_bow_fill_09.wav,filler_other,NA,NA,NA,nans,,,,,FB_1109
12,34f7098a7494821366e25ecb72d330227d0d510729f3593130779972cff577b2,Mouse,what_kind_of_animal_is_mickey_mouse’s_girlfriend_minnie_who_wears_a_bow_fill_09.wav,filler_other,NA,NA,NA,,,,,,
12,34f7098a7494821366e25ecb72d330227d0d510729f3593130779972cff577b2,The question does NOT need any corrections.,which_cartoon_dog_solves_mysteries_with_the_group_fred_daphne_velma_and_shaggy_fill_10.wav,filler_other,NA,NA,NA,nans,,,,,FB_1109
12,34f7098a7494821366e25ecb72d330227d0d510729f3593130779972cff577b2,Scooby-Do,which_cartoon_dog_solves_mysteries_with_the_group_fred_daphne_velma_and_shaggy_fill_10.wav,filler_other,NA,NA,NA,,,,,,
12,34f7098a7494821366e25ecb72d330227d0d510729f3593130779972cff577b2,The question does NOT need any corrections.,which_fast_food_chain_offers_foot-long_sandwiches_and_has_the_slogan_eat_fresh_fill_11.wav,filler_other,NA,NA,NA,nans,,,,,FB_1109
12,34f7098a7494821366e25ecb72d330227d0d510729f3593130779972cff577b2,Subway,which_fast_food_chain_offers_foot-long_sandwiches_and_has_the_slogan_eat_fresh_fill_11.wav,filler_other,NA,NA,NA,,,,,,
12,34f7098a7494821366e25ecb72d330227d0d510729f3593130779972cff577b2,The question does NOT need any corrections.,which_oscar-winning_movie_features_tom_hanks_saying_life_is_like_a_box_of_chocolates_fill_12.wav,filler_other,NA,NA,NA,nans,,,,,FB_1109
12,34f7098a7494821366e25ecb72d330227d0d510729f3593130779972cff577b2,Forest Gump,which_oscar-winning_movie_features_tom_hanks_saying_life_is_like_a_box_of_chocolates_fill_12.wav,filler_other,NA,NA,NA,,,,,,
12,34f7098a7494821366e25ecb72d330227d0d510729f3593130779972cff577b2,The question does NOT need any corrections.,what_novel_has_the_quote_i’m_late_i’m_late_for_a_very_important_date_fill_13.wav,filler_other,NA,NA,NA,nans,,,,,FB_1109
12,34f7098a7494821366e25ecb72d330227d0d510729f3593130779972cff577b2,Alice in Wonderland,what_novel_has_the_quote_i’m_late_i’m_late_for_a_very_important_date_fill_13.wav,filler_other,NA,NA,NA,,,,,,
12,34f7098a7494821366e25ecb72d330227d0d510729f3593130779972cff577b2,The question does NOT need any corrections.,what_mythical_creatures_have_been_said_to_drink_blood_turn_into_bats_and_hate_onions_fill_14.wav,filler_other,NA,NA,NA,nans,,,,,FB_1109
12,34f7098a7494821366e25ecb72d330227d0d510729f3593130779972cff577b2,Vampires,what_mythical_creatures_have_been_said_to_drink_blood_turn_into_bats_and_hate_onions_fill_14.wav,filler_other,NA,NA,NA,,,,,,
12,34f7098a7494821366e25ecb72d330227d0d510729f3593130779972cff577b2,The question does NOT need any corrections.,who_discovered_the_law_of_universal_gravitation_which_accounts_for_why_objects_naturally_fall_downwards_fill_15.wav,filler_other,NA,NA,NA,nans,,,,,FB_1109
12,34f7098a7494821366e25ecb72d330227d0d510729f3593130779972cff577b2,Newton,who_discovered_the_law_of_universal_gravitation_which_accounts_for_why_objects_naturally_fall_downwards_fill_15.wav,filler_other,NA,NA,NA,,,,,,
12,34f7098a7494821366e25ecb72d330227d0d510729f3593130779972cff577b2,The question does NOT need any corrections.,which_soft_pastry_made_with_a_certain_spice_is_often_spiral-shaped_and_topped_with_icing_fill_16.wav,filler_other,NA,NA,NA,nans,,,,,FB_1109
12,34f7098a7494821366e25ecb72d330227d0d510729f3593130779972cff577b2,Cinnamon roll,which_soft_pastry_made_with_a_certain_spice_is_often_spiral-shaped_and_topped_with_icing_fill_16.wav,filler_other,NA,NA,NA,,,,,,
12,34f7098a7494821366e25ecb72d330227d0d510729f3593130779972cff577b2,The question does NOT need any corrections.,what_us_holiday_is_often_celebrated_with_fireworks_and_hotdogs_to_honor_americas_freedom_fill_17.wav,filler_other,NA,NA,NA,nans,,,,,FB_1109
12,34f7098a7494821366e25ecb72d330227d0d510729f3593130779972cff577b2,Fourth of July,what_us_holiday_is_often_celebrated_with_fireworks_and_hotdogs_to_honor_americas_freedom_fill_17.wav,filler_other,NA,NA,NA,,,,,,
12,34f7098a7494821366e25ecb72d330227d0d510729f3593130779972cff577b2,The question does NOT need any corrections.,which_tropical_fruit_that_grows_on_palm_trees_is_used_for_oils_and_milks_fill_18.wav,filler_other,NA,NA,NA,nans,,,,,FB_1109
12,34f7098a7494821366e25ecb72d330227d0d510729f3593130779972cff577b2,Coconut,which_tropical_fruit_that_grows_on_palm_trees_is_used_for_oils_and_milks_fill_18.wav,filler_other,NA,NA,NA,,,,,,
12,34f7098a7494821366e25ecb72d330227d0d510729f3593130779972cff577b2,The question does NOT need any corrections.,which_season_do_we_associate_with_thanksgiving_the_beginning_of_school_and_leaves_turning_brown_fill_19.wav,filler_other,NA,NA,NA,nans,,,,,FB_1109
12,34f7098a7494821366e25ecb72d330227d0d510729f3593130779972cff577b2,Fall,which_season_do_we_associate_with_thanksgiving_the_beginning_of_school_and_leaves_turning_brown_fill_19.wav,filler_other,NA,NA,NA,,,,,,
12,34f7098a7494821366e25ecb72d330227d0d510729f3593130779972cff577b2,The question does NOT need any corrections.,what_musician_won_grammys_for_their_album_thriller_which_features_the_hit_song_beat_it_fill_20.wav,filler_other,NA,NA,NA,nans,,,,,FB_1109
12,34f7098a7494821366e25ecb72d330227d0d510729f3593130779972cff577b2,Michael Jackson,what_musician_won_grammys_for_their_album_thriller_which_features_the_hit_song_beat_it_fill_20.wav,filler_other,NA,NA,NA,,,,,,
12,34f7098a7494821366e25ecb72d330227d0d510729f3593130779972cff577b2,The question does NOT need any corrections.,what_animal_is_typically_white_with_black_spots_and_says_moo_fill_21.wav,filler_other,NA,NA,NA,nans,,,,,FB_1109
12,34f7098a7494821366e25ecb72d330227d0d510729f3593130779972cff577b2,cow,what_animal_is_typically_white_with_black_spots_and_says_moo_fill_21.wav,filler_other,NA,NA,NA,,,,,,
12,34f7098a7494821366e25ecb72d330227d0d510729f3593130779972cff577b2,The question does NOT need any corrections.,where_do_the_jolly_christmas_icons_santa_claus_and_his_wife_mrs._claus_live_fill_22.wav,filler_other,NA,NA,NA,nans,,,,,FB_1109
12,34f7098a7494821366e25ecb72d330227d0d510729f3593130779972cff577b2,The North Pole,where_do_the_jolly_christmas_icons_santa_claus_and_his_wife_mrs._claus_live_fill_22.wav,filler_other,NA,NA,NA,,,,,,
12,34f7098a7494821366e25ecb72d330227d0d510729f3593130779972cff577b2,The question does NOT need any corrections.,in_the_famous_dr_seuss_book_what_orange_and_yellow_character_speaks_for_the_trees_fill_23.wav,filler_other,NA,NA,NA,nans,,,,,FB_1109
12,34f7098a7494821366e25ecb72d330227d0d510729f3593130779972cff577b2,The Lorax,in_the_famous_dr_seuss_book_what_orange_and_yellow_character_speaks_for_the_trees_fill_23.wav,filler_other,NA,NA,NA,,,,,,
12,34f7098a7494821366e25ecb72d330227d0d510729f3593130779972cff577b2,The question does NOT need any corrections.,in_what_country_would_you_find_landmarks_like_the_pyramids_of_giza_and_great_sphinx_fill_24.wav,filler_other,NA,NA,NA,nans,,,,,FB_1109
12,34f7098a7494821366e25ecb72d330227d0d510729f3593130779972cff577b2,Egypt,in_what_country_would_you_find_landmarks_like_the_pyramids_of_giza_and_great_sphinx_fill_24.wav,filler_other,NA,NA,NA,,,,,,
13,521b84e5b5ae6ed9f49f1958951f57e00d51936b21954c33b4e2ec806f891d56,The question does NOT need any corrections.,how_many_legs_does_a_dog_normally_have_fill_25.wav,att_check_good,NA,NA,NA,nans,,,a,,FB_1109
13,521b84e5b5ae6ed9f49f1958951f57e00d51936b21954c33b4e2ec806f891d56,four,how_many_legs_does_a_dog_normally_have_fill_25.wav,att_check_good,NA,NA,NA,,,,,,
13,521b84e5b5ae6ed9f49f1958951f57e00d51936b21954c33b4e2ec806f891d56,The question does NOT need any corrections.,what_state_is_los_angeles_located_in_fill_26.wav,att_check_good,NA,NA,NA,nans,,,a,,FB_1109
13,521b84e5b5ae6ed9f49f1958951f57e00d51936b21954c33b4e2ec806f891d56,California,what_state_is_los_angeles_located_in_fill_26.wav,att_check_good,NA,NA,NA,,,,,,
13,521b84e5b5ae6ed9f49f1958951f57e00d51936b21954c33b4e2ec806f891d56,The question does NOT need any corrections.,what_day_of_the_week_comes_after_monday_fill_27.wav,att_check_good,NA,NA,NA,nans,,,a,,FB_1109
13,521b84e5b5ae6ed9f49f1958951f57e00d51936b21954c33b4e2ec806f891d56,Tuesday,what_day_of_the_week_comes_after_monday_fill_27.wav,att_check_good,NA,NA,NA,,,,,,
13,521b84e5b5ae6ed9f49f1958951f57e00d51936b21954c33b4e2ec806f891d56,The question does NOT need any corrections.,what_color_is_a_typical_school_bus_fill_28.wav,att_check_good,NA,NA,NA,nans,,,a,,FB_1109
13,521b84e5b5ae6ed9f49f1958951f57e00d51936b21954c33b4e2ec806f891d56,Yellow and Black,what_color_is_a_typical_school_bus_fill_28.wav,att_check_good,NA,NA,NA,,,,,,
13,521b84e5b5ae6ed9f49f1958951f57e00d51936b21954c33b4e2ec806f891d56,The question needs to be CORRECTED.,in_the_cycle_of_seasons_what_season_comes_after_dinter_fill_29.wav,att_check_err,NA,NA,NA,y,,acheckp,,,FB_1109
13,521b84e5b5ae6ed9f49f1958951f57e00d51936b21954c33b4e2ec806f891d56,"Spring, sound error, sounds like she says 'dinter' should sound like 'winter'",in_the_cycle_of_seasons_what_season_comes_after_dinter_fill_29.wav,att_check_err,NA,NA,NA,,,,,,
13,521b84e5b5ae6ed9f49f1958951f57e00d51936b21954c33b4e2ec806f891d56,The question needs to be CORRECTED.,what_insect_undergoes_a_process_of_change_to_turn_into_a_butterfy_fill_30.wav,att_check_err,NA,NA,NA,y,,acheckp,,,FB_1109
13,521b84e5b5ae6ed9f49f1958951f57e00d51936b21954c33b4e2ec806f891d56,"Caterpillar and Theresa a couple errors, should say what changes 'does it go' through and it should sound like 'butterfly' not 'butterfry'",what_insect_undergoes_a_process_of_change_to_turn_into_a_butterfy_fill_30.wav,att_check_err,NA,NA,NA,,,,,,
13,521b84e5b5ae6ed9f49f1958951f57e00d51936b21954c33b4e2ec806f891d56,The question needs to be CORRECTED.,what_is_the_largest_plant_in_the_solar_system_fill_31.wav,att_check_err,NA,NA,NA,y,,acheckp,,,FB_1109
13,521b84e5b5ae6ed9f49f1958951f57e00d51936b21954c33b4e2ec806f891d56,"Jupiter, and its a sound error should sound like 'planet' but sounds like she says 'plant'",what_is_the_largest_plant_in_the_solar_system_fill_31.wav,att_check_err,NA,NA,NA,,,,,,
13,521b84e5b5ae6ed9f49f1958951f57e00d51936b21954c33b4e2ec806f891d56,I’m good — skip to the next question,how_many_embers_were_in_the_beatles_the_british_rock_band_fill_32.wav,att_check_err,NA,NA,NA,s,,,,second attempt is their first instance and they chose the skip option,FB_1109
13,521b84e5b5ae6ed9f49f1958951f57e00d51936b21954c33b4e2ec806f891d56,NA,how_many_embers_were_in_the_beatles_the_british_rock_band_fill_32.wav,att_check_err,NA,NA,NA,,,,,,
13,521b84e5b5ae6ed9f49f1958951f57e00d51936b21954c33b4e2ec806f891d56,The question does NOT need any corrections.,for_what_pink_ice_cream_flavor_wheel_companies_make_their_best_to_use_real_fruit_targ_01_D.wav,target,both_err,make vs. other verb,/ɪ/ --> /i/; will/wheel,nans,,,,,FB_1109
13,521b84e5b5ae6ed9f49f1958951f57e00d51936b21954c33b4e2ec806f891d56,Strawberry,for_what_pink_ice_cream_flavor_wheel_companies_make_their_best_to_use_real_fruit_targ_01_D.wav,target,both_err,make vs. other verb,/ɪ/ --> /i/; will/wheel,,,,,,
13,521b84e5b5ae6ed9f49f1958951f57e00d51936b21954c33b4e2ec806f891d56,"The question does NOT need any corrections, but I don't know the answer/ I don't understand what the question is asking.",what_term_refers_to_armored_men_who_enjoyed_carrying_medieval_swords_that_clash_in_combat_targ_02_A.wav,target,correct,infinitive vs. participle,/ʃ/ --> /s/; clash/class,nun,,,,,FB_1109
13,521b84e5b5ae6ed9f49f1958951f57e00d51936b21954c33b4e2ec806f891d56,NA,what_term_refers_to_armored_men_who_enjoyed_carrying_medieval_swords_that_clash_in_combat_targ_02_A.wav,target,correct,infinitive vs. participle,/ʃ/ --> /s/; clash/class,,,,,,
13,521b84e5b5ae6ed9f49f1958951f57e00d51936b21954c33b4e2ec806f891d56,"The question does NOT need any corrections, but I don't know the answer/ I don't understand what the question is asking.",which_scottish_actor_first_played_james_bond_wearing_guilts_to_red_carpets_when_he_was_32_years_old_targ_03_B.wav,target,phon_err,have vs. be,/k/ --> /g/; kilt/guilt,nun,,,,,FB_1109
13,521b84e5b5ae6ed9f49f1958951f57e00d51936b21954c33b4e2ec806f891d56,NA,which_scottish_actor_first_played_james_bond_wearing_guilts_to_red_carpets_when_he_was_32_years_old_targ_03_B.wav,target,phon_err,have vs. be,/k/ --> /g/; kilt/guilt,,,,,,
13,521b84e5b5ae6ed9f49f1958951f57e00d51936b21954c33b4e2ec806f891d56,The question needs to be CORRECTED.,what_neil_armstrong_say_during_his_very_first_steps_on_the_moon_targ_04_C.wav,target,non_phon_err,no aux verbs in questions (lack of do support),/v/ --> /b/; very/berry,y,,np,,,FB_1109
13,521b84e5b5ae6ed9f49f1958951f57e00d51936b21954c33b4e2ec806f891d56,"""That's one small step for a man, one giant leap for mankind."" should have an added word to the sentence, should say what 'did' Neil...etc. instead of what 'Neil'.",what_neil_armstrong_say_during_his_very_first_steps_on_the_moon_targ_04_C.wav,target,non_phon_err,no aux verbs in questions (lack of do support),/v/ --> /b/; very/berry,,,,,,
13,521b84e5b5ae6ed9f49f1958951f57e00d51936b21954c33b4e2ec806f891d56,The question needs to be CORRECTED.,what_kind_of_weather_cooed_cooled_occur_when_is_raining_and_below_freezing_targ_05_D.wav,target,both_err,expletive 'it' dropping,/ʊ/ --> /u/; could/cooed,y,,p,,,FB_1109
13,521b84e5b5ae6ed9f49f1958951f57e00d51936b21954c33b4e2ec806f891d56,"cold wet weather, and using the wrong word when says cooled",what_kind_of_weather_cooed_cooled_occur_when_is_raining_and_below_freezing_targ_05_D.wav,target,both_err,expletive 'it' dropping,/ʊ/ --> /u/; could/cooed,,,,,,
13,521b84e5b5ae6ed9f49f1958951f57e00d51936b21954c33b4e2ec806f891d56,The question does NOT need any corrections.,how_many_legs_does_a_canadian_garden_spider_whose_silk_can_make_cloth_have_targ_06_A.wav,target,correct,adj/noun order,/θ/ --> /t/; cloth/clot,nans,,,,,FB_1109
13,521b84e5b5ae6ed9f49f1958951f57e00d51936b21954c33b4e2ec806f891d56,I meant to select 2 because I don't know the answer,how_many_legs_does_a_canadian_garden_spider_whose_silk_can_make_cloth_have_targ_06_A.wav,target,correct,adj/noun order,/θ/ --> /t/; cloth/clot,,,,,,
13,521b84e5b5ae6ed9f49f1958951f57e00d51936b21954c33b4e2ec806f891d56,The question does NOT need any corrections.,what_childrens_game_makes_people_seat_down_quickly_when_the_loud_music_stops_targ_07_B.wav,target,phon_err,adj/noun order,/ɪ/ --> /i/; sit/seat,nans,,,,,FB_1109
13,521b84e5b5ae6ed9f49f1958951f57e00d51936b21954c33b4e2ec806f891d56,"duck, duck, goose",what_childrens_game_makes_people_seat_down_quickly_when_the_loud_music_stops_targ_07_B.wav,target,phon_err,adj/noun order,/ɪ/ --> /i/; sit/seat,,,,,,
13,521b84e5b5ae6ed9f49f1958951f57e00d51936b21954c33b4e2ec806f891d56,The question does NOT need any corrections.,because_is_important_to_honor_the_irish_saint_what_holiday_occurs_on_march_17th_targ_08_C.wav,target,non_phon_err,expletive 'it' dropping,/ʃ/ --> /s/; Irish/iris,nans,,,,,FB_1109
13,521b84e5b5ae6ed9f49f1958951f57e00d51936b21954c33b4e2ec806f891d56,St Patrick's Day,because_is_important_to_honor_the_irish_saint_what_holiday_occurs_on_march_17th_targ_08_C.wav,target,non_phon_err,expletive 'it' dropping,/ʃ/ --> /s/; Irish/iris,,,,,,
13,521b84e5b5ae6ed9f49f1958951f57e00d51936b21954c33b4e2ec806f891d56,The question needs to be CORRECTED.,if_laundry_service_will_gum_in_five_days_and_todays_thursday_when_are_they_making_laundry_next_targ_09_D.wav,target,both_err,make vs. other verb,/k/ --> /g/; come/gum,y,,p,,,FB_1109
13,521b84e5b5ae6ed9f49f1958951f57e00d51936b21954c33b4e2ec806f891d56,"Tuesday, there's a sound error, sound like 'gum' when it should sound like 'come'",if_laundry_service_will_gum_in_five_days_and_todays_thursday_when_are_they_making_laundry_next_targ_09_D.wav,target,both_err,make vs. other verb,/k/ --> /g/; come/gum,,,,,,
13,521b84e5b5ae6ed9f49f1958951f57e00d51936b21954c33b4e2ec806f891d56,The question does NOT need any corrections.,who_did_americans_vote_for_to_be_their_first_president_who_avoided_serving_three_terms_targ_10_A.wav,target,correct,infinitive vs. participle,/v/ --> /b/; vote/boat,nans,,,,,FB_1109
13,521b84e5b5ae6ed9f49f1958951f57e00d51936b21954c33b4e2ec806f891d56,George Washington,who_did_americans_vote_for_to_be_their_first_president_who_avoided_serving_three_terms_targ_10_A.wav,target,correct,infinitive vs. participle,/v/ --> /b/; vote/boat,,,,,,
13,521b84e5b5ae6ed9f49f1958951f57e00d51936b21954c33b4e2ec806f891d56,The question does NOT need any corrections.,what_colors_can_be_on_a_traffic_light_which_often_senses_when_cars_pool_up_targ_11_B.wav,target,phon_err,have vs. be,/ʊ/ --> /u/; pulls/pools,nans,,,,,FB_1109
13,521b84e5b5ae6ed9f49f1958951f57e00d51936b21954c33b4e2ec806f891d56,"red, yellow and green",what_colors_can_be_on_a_traffic_light_which_often_senses_when_cars_pool_up_targ_11_B.wav,target,phon_err,have vs. be,/ʊ/ --> /u/; pulls/pools,,,,,,
13,521b84e5b5ae6ed9f49f1958951f57e00d51936b21954c33b4e2ec806f891d56,"The question does NOT need any corrections, but I don't know the answer/ I don't understand what the question is asking.",if_youre_on_a_path_from_california_to_hawaii_which_ocean_you_go_through_targ_12_C.wav,target,non_phon_err,no aux verbs in questions (lack of do support),/θ/ --> /t/; path/pat,nun,,,,,FB_1109
13,521b84e5b5ae6ed9f49f1958951f57e00d51936b21954c33b4e2ec806f891d56,NA,if_youre_on_a_path_from_california_to_hawaii_which_ocean_you_go_through_targ_12_C.wav,target,non_phon_err,no aux verbs in questions (lack of do support),/θ/ --> /t/; path/pat,,,,,,
13,521b84e5b5ae6ed9f49f1958951f57e00d51936b21954c33b4e2ec806f891d56,The question needs to be CORRECTED.,what_supplies_you_need_to_neat_a_scarf_targ_13_D.wav,target,both_err,no aux verbs in questions (lack of do support),/ɪ/ --> /i/; knit/neat,y,,p,,,FB_1109
13,521b84e5b5ae6ed9f49f1958951f57e00d51936b21954c33b4e2ec806f891d56,"Yarn & crochet needle, sound switching, should be the word knit but sounds like she said need",what_supplies_you_need_to_neat_a_scarf_targ_13_D.wav,target,both_err,no aux verbs in questions (lack of do support),/ɪ/ --> /i/; knit/neat,,,,,,
13,521b84e5b5ae6ed9f49f1958951f57e00d51936b21954c33b4e2ec806f891d56,The question needs to be CORRECTED.,what_city_have_people_rushed_to_tour_to_see_where_the_us_government_does_business_targ_14_A.wav,target,correct,make vs. other verb,/ʃ/ --> /s/; rushed/rust,y,,otherirr,,slightly misheard words,FB_1109
13,521b84e5b5ae6ed9f49f1958951f57e00d51936b21954c33b4e2ec806f891d56,"Washington D.C., should say what city 'has' instead of 'does have'",what_city_have_people_rushed_to_tour_to_see_where_the_us_government_does_business_targ_14_A.wav,target,correct,make vs. other verb,/ʃ/ --> /s/; rushed/rust,,,,,,
13,521b84e5b5ae6ed9f49f1958951f57e00d51936b21954c33b4e2ec806f891d56,The question does NOT need any corrections.,what_colors_make_up_a_traditional_candy_gain_which_people_enjoy_eating_during_christmas_targ_15_B.wav,target,phon_err,infinitive vs. participle,/k/ --> /g/; cane/gain,nans,,,,,FB_1109
13,521b84e5b5ae6ed9f49f1958951f57e00d51936b21954c33b4e2ec806f891d56,red and white,what_colors_make_up_a_traditional_candy_gain_which_people_enjoy_eating_during_christmas_targ_15_B.wav,target,phon_err,infinitive vs. participle,/k/ --> /g/; cane/gain,,,,,,
13,521b84e5b5ae6ed9f49f1958951f57e00d51936b21954c33b4e2ec806f891d56,The question does NOT need any corrections.,where_do_people_get_drivers_licenses_since_is_required_as_valid_id_to_drive_targ_16_C.wav,target,non_phon_err,expletive 'it' dropping,/v/ --> /b/; valid/ballad,nans,,,,,FB_1109
13,521b84e5b5ae6ed9f49f1958951f57e00d51936b21954c33b4e2ec806f891d56,The DMV,where_do_people_get_drivers_licenses_since_is_required_as_valid_id_to_drive_targ_16_C.wav,target,non_phon_err,expletive 'it' dropping,/v/ --> /b/; valid/ballad,,,,,,
13,521b84e5b5ae6ed9f49f1958951f57e00d51936b21954c33b4e2ec806f891d56,The question needs to be CORRECTED.,how_many_days_wooed_wooled_my_bike_tandem_be_gone_if_someone_borrows_it_for_july_targ_17_D.wav,target,both_err,adj/noun order,/ʊ/ --> /u/; would/wooed,y,,otherp,,possibly noticed intended error but couldn't remember the word,FB_1109
13,521b84e5b5ae6ed9f49f1958951f57e00d51936b21954c33b4e2ec806f891d56,31 days and there's a sound /pronunciation error with a couple words including 'borrowed'and another word I cant remember,how_many_days_wooed_wooled_my_bike_tandem_be_gone_if_someone_borrows_it_for_july_targ_17_D.wav,target,both_err,adj/noun order,/ʊ/ --> /u/; would/wooed,,,,,,
13,521b84e5b5ae6ed9f49f1958951f57e00d51936b21954c33b4e2ec806f891d56,The question does NOT need any corrections.,when_you_are_hot_what_device_measures_body_temperature_in_both_celsius_and_fahrenheit_targ_18_A.wav,target,correct,have vs. be,/θ/ --> /t/; both/boat,nans,,,,,FB_1109
13,521b84e5b5ae6ed9f49f1958951f57e00d51936b21954c33b4e2ec806f891d56,thermometer,when_you_are_hot_what_device_measures_body_temperature_in_both_celsius_and_fahrenheit_targ_18_A.wav,target,correct,have vs. be,/θ/ --> /t/; both/boat,,,,,,
13,521b84e5b5ae6ed9f49f1958951f57e00d51936b21954c33b4e2ec806f891d56,"The question does NOT need any corrections, but I don't know the answer/ I don't understand what the question is asking.",what_big_star_in_our_solar_system_can_steal_be_visible_when_it_is_cloudy_targ_19_B.wav,target,phon_err,expletive 'it' dropping,/ɪ/ --> /i/; still/steal,nun,,,,,FB_1109
13,521b84e5b5ae6ed9f49f1958951f57e00d51936b21954c33b4e2ec806f891d56,NA,what_big_star_in_our_solar_system_can_steal_be_visible_when_it_is_cloudy_targ_19_B.wav,target,phon_err,expletive 'it' dropping,/ɪ/ --> /i/; still/steal,,,,,,
13,521b84e5b5ae6ed9f49f1958951f57e00d51936b21954c33b4e2ec806f891d56,The question needs to be CORRECTED.,what_popular_us_chain_provides_a_happy_meal_toy_or_plush_when_kids_have_hungry_targ_20_C.wav,target,non_phon_err,have vs. be,/ʃ/ --> /s/; plush/plus,y,,np,,,FB_1109
13,521b84e5b5ae6ed9f49f1958951f57e00d51936b21954c33b4e2ec806f891d56,"Mcdonald's, 'have' should be replaced with 'are'",what_popular_us_chain_provides_a_happy_meal_toy_or_plush_when_kids_have_hungry_targ_20_C.wav,target,non_phon_err,have vs. be,/ʃ/ --> /s/; plush/plus,,,,,,
13,521b84e5b5ae6ed9f49f1958951f57e00d51936b21954c33b4e2ec806f891d56,The question does NOT need any corrections.,in_the_lion_king_who_nala_talk_to_and_is_laying_in_a_got_after_theyve_reunited_targ_21_D.wav,target,both_err,no aux verbs in questions (lack of do support),/k/ --> /g/; cot/got,nans,,,,,FB_1109
13,521b84e5b5ae6ed9f49f1958951f57e00d51936b21954c33b4e2ec806f891d56,Simba,in_the_lion_king_who_nala_talk_to_and_is_laying_in_a_got_after_theyve_reunited_targ_21_D.wav,target,both_err,no aux verbs in questions (lack of do support),/k/ --> /g/; cot/got,,,,,,
13,521b84e5b5ae6ed9f49f1958951f57e00d51936b21954c33b4e2ec806f891d56,The question does NOT need any corrections.,if_a_hardworking_janitor_cleaned_a_vent_in_five_minutes_how_many_seconds_is_that_targ_22_A.wav,target,correct,adj/noun order,/v/ --> /b/; vent/bent,nans,,,,,FB_1109
13,521b84e5b5ae6ed9f49f1958951f57e00d51936b21954c33b4e2ec806f891d56,300 seconds,if_a_hardworking_janitor_cleaned_a_vent_in_five_minutes_how_many_seconds_is_that_targ_22_A.wav,target,correct,adj/noun order,/v/ --> /b/; vent/bent,,,,,,
13,521b84e5b5ae6ed9f49f1958951f57e00d51936b21954c33b4e2ec806f891d56,The question does NOT need any corrections.,what_company_created_the_macbook_a_device_fool_of_features_to_help_students_do_homework_targ_23_B.wav,target,phon_err,make vs. other verb,/ʊ/ --> /u/; full/fool,nans,,,,,FB_1109
13,521b84e5b5ae6ed9f49f1958951f57e00d51936b21954c33b4e2ec806f891d56,Apple,what_company_created_the_macbook_a_device_fool_of_features_to_help_students_do_homework_targ_23_B.wav,target,phon_err,make vs. other verb,/ʊ/ --> /u/; full/fool,,,,,,
13,521b84e5b5ae6ed9f49f1958951f57e00d51936b21954c33b4e2ec806f891d56,The question needs to be CORRECTED.,if_i_consider_to_leave_work_after_the_fourth_hour_how_many_minutes_would_that_be_targ_24_C.wav,target,non_phon_err,infinitive vs. participle,/θ/ --> /t/; fourth/fort,y,,other,,selected wrong answer choice - didn't understand question and didn't specify the error ,FB_1109
13,521b84e5b5ae6ed9f49f1958951f57e00d51936b21954c33b4e2ec806f891d56,I couldn't understand her,if_i_consider_to_leave_work_after_the_fourth_hour_how_many_minutes_would_that_be_targ_24_C.wav,target,non_phon_err,infinitive vs. participle,/θ/ --> /t/; fourth/fort,,,,,,
13,521b84e5b5ae6ed9f49f1958951f57e00d51936b21954c33b4e2ec806f891d56,"The question does NOT need any corrections, but I don't know the answer/ I don't understand what the question is asking.",what_letter_in_the_latin_alphabet_corresponds_to_the_greek_letter_alpha_fill_01.wav,filler_other,NA,NA,NA,nun,,,,,FB_1109
13,521b84e5b5ae6ed9f49f1958951f57e00d51936b21954c33b4e2ec806f891d56,NA,what_letter_in_the_latin_alphabet_corresponds_to_the_greek_letter_alpha_fill_01.wav,filler_other,NA,NA,NA,,,,,,
13,521b84e5b5ae6ed9f49f1958951f57e00d51936b21954c33b4e2ec806f891d56,The question does NOT need any corrections.,what_organ_is_often_associated_with_being_eaten_by_rotting_flesh_monsters_also_known_as_zombies_fill_02.wav,filler_other,NA,NA,NA,nans,,,,,FB_1109
13,521b84e5b5ae6ed9f49f1958951f57e00d51936b21954c33b4e2ec806f891d56,Living Human Flesh,what_organ_is_often_associated_with_being_eaten_by_rotting_flesh_monsters_also_known_as_zombies_fill_02.wav,filler_other,NA,NA,NA,,,,,,
13,521b84e5b5ae6ed9f49f1958951f57e00d51936b21954c33b4e2ec806f891d56,"The question does NOT need any corrections, but I don't know the answer/ I don't understand what the question is asking.",which_british_celebrity_judge_often_harshly_critiqued_contestants_on_the_nationwide_singing_contest_american_idol_fill_03.wav,filler_other,NA,NA,NA,nun,,,,,FB_1109
13,521b84e5b5ae6ed9f49f1958951f57e00d51936b21954c33b4e2ec806f891d56,"sounds like there is a sound switching of a word, the second word she said I couldn't understand",which_british_celebrity_judge_often_harshly_critiqued_contestants_on_the_nationwide_singing_contest_american_idol_fill_03.wav,filler_other,NA,NA,NA,,,,,,
13,521b84e5b5ae6ed9f49f1958951f57e00d51936b21954c33b4e2ec806f891d56,The question does NOT need any corrections.,which_cartoon_character_works_at_the_krusty_krab_and_is_best_friends_with_patrick_star_fill_04.wav,filler_other,NA,NA,NA,nans,,,,,FB_1109
13,521b84e5b5ae6ed9f49f1958951f57e00d51936b21954c33b4e2ec806f891d56,SpongeBob Square Pants,which_cartoon_character_works_at_the_krusty_krab_and_is_best_friends_with_patrick_star_fill_04.wav,filler_other,NA,NA,NA,,,,,,
13,521b84e5b5ae6ed9f49f1958951f57e00d51936b21954c33b4e2ec806f891d56,"The question does NOT need any corrections, but I don't know the answer/ I don't understand what the question is asking.",which_body_part_did_van_gogh_allegedly_cut_off_after_an_argument_with_his_friend_fill_05.wav,filler_other,NA,NA,NA,nun,,,,,FB_1109
13,521b84e5b5ae6ed9f49f1958951f57e00d51936b21954c33b4e2ec806f891d56,NA,which_body_part_did_van_gogh_allegedly_cut_off_after_an_argument_with_his_friend_fill_05.wav,filler_other,NA,NA,NA,,,,,,
13,521b84e5b5ae6ed9f49f1958951f57e00d51936b21954c33b4e2ec806f891d56,The question does NOT need any corrections.,what_is_the_name_of_the_comic_strip_featuring_charlie_brown_and_his_dog_snoopy_fill_06.wav,filler_other,NA,NA,NA,nans,,,,,FB_1109
13,521b84e5b5ae6ed9f49f1958951f57e00d51936b21954c33b4e2ec806f891d56,Peanuts,what_is_the_name_of_the_comic_strip_featuring_charlie_brown_and_his_dog_snoopy_fill_06.wav,filler_other,NA,NA,NA,,,,,,
13,521b84e5b5ae6ed9f49f1958951f57e00d51936b21954c33b4e2ec806f891d56,The question does NOT need any corrections.,what_holiday_occurs_at_the_end_of_october_and_features_trick-or-treating_pumpkins_and_haunted_houses_fill_07.wav,filler_other,NA,NA,NA,nans,,,,,FB_1109
13,521b84e5b5ae6ed9f49f1958951f57e00d51936b21954c33b4e2ec806f891d56,Halloween,what_holiday_occurs_at_the_end_of_october_and_features_trick-or-treating_pumpkins_and_haunted_houses_fill_07.wav,filler_other,NA,NA,NA,,,,,,
13,521b84e5b5ae6ed9f49f1958951f57e00d51936b21954c33b4e2ec806f891d56,The question does NOT need any corrections.,what_is_the_name_of_the_video_game_character_who_is_a_traveling_italian_plumber_fill_08.wav,filler_other,NA,NA,NA,nans,,,,,FB_1109
13,521b84e5b5ae6ed9f49f1958951f57e00d51936b21954c33b4e2ec806f891d56,Mario,what_is_the_name_of_the_video_game_character_who_is_a_traveling_italian_plumber_fill_08.wav,filler_other,NA,NA,NA,,,,,,
13,521b84e5b5ae6ed9f49f1958951f57e00d51936b21954c33b4e2ec806f891d56,The question does NOT need any corrections.,what_kind_of_animal_is_mickey_mouse’s_girlfriend_minnie_who_wears_a_bow_fill_09.wav,filler_other,NA,NA,NA,nans,,,,,FB_1109
13,521b84e5b5ae6ed9f49f1958951f57e00d51936b21954c33b4e2ec806f891d56,mouse,what_kind_of_animal_is_mickey_mouse’s_girlfriend_minnie_who_wears_a_bow_fill_09.wav,filler_other,NA,NA,NA,,,,,,
13,521b84e5b5ae6ed9f49f1958951f57e00d51936b21954c33b4e2ec806f891d56,The question does NOT need any corrections.,which_cartoon_dog_solves_mysteries_with_the_group_fred_daphne_velma_and_shaggy_fill_10.wav,filler_other,NA,NA,NA,nans,,,,,FB_1109
13,521b84e5b5ae6ed9f49f1958951f57e00d51936b21954c33b4e2ec806f891d56,Scooby Doo,which_cartoon_dog_solves_mysteries_with_the_group_fred_daphne_velma_and_shaggy_fill_10.wav,filler_other,NA,NA,NA,,,,,,
13,521b84e5b5ae6ed9f49f1958951f57e00d51936b21954c33b4e2ec806f891d56,The question needs to be CORRECTED.,which_fast_food_chain_offers_foot-long_sandwiches_and_has_the_slogan_eat_fresh_fill_11.wav,filler_other,NA,NA,NA,y,,otherp,,,FB_1109
13,521b84e5b5ae6ed9f49f1958951f57e00d51936b21954c33b4e2ec806f891d56,"subway, and there's a sound error it sound like she says 'it' fresh when it should sound like 'eat' fresh",which_fast_food_chain_offers_foot-long_sandwiches_and_has_the_slogan_eat_fresh_fill_11.wav,filler_other,NA,NA,NA,,,,,,
13,521b84e5b5ae6ed9f49f1958951f57e00d51936b21954c33b4e2ec806f891d56,The question does NOT need any corrections.,which_oscar-winning_movie_features_tom_hanks_saying_life_is_like_a_box_of_chocolates_fill_12.wav,filler_other,NA,NA,NA,nans,,,,,FB_1109
13,521b84e5b5ae6ed9f49f1958951f57e00d51936b21954c33b4e2ec806f891d56,Forrest Gump,which_oscar-winning_movie_features_tom_hanks_saying_life_is_like_a_box_of_chocolates_fill_12.wav,filler_other,NA,NA,NA,,,,,,
13,521b84e5b5ae6ed9f49f1958951f57e00d51936b21954c33b4e2ec806f891d56,The question needs to be CORRECTED.,what_novel_has_the_quote_i’m_late_i’m_late_for_a_very_important_date_fill_13.wav,filler_other,NA,NA,NA,y,,otherp,,,FB_1109
13,521b84e5b5ae6ed9f49f1958951f57e00d51936b21954c33b4e2ec806f891d56,"Alice in Wonderland, sound switching, sounds almost like 'nobel' when it should sound like 'novel'",what_novel_has_the_quote_i’m_late_i’m_late_for_a_very_important_date_fill_13.wav,filler_other,NA,NA,NA,,,,,,
13,521b84e5b5ae6ed9f49f1958951f57e00d51936b21954c33b4e2ec806f891d56,The question needs to be CORRECTED.,what_mythical_creatures_have_been_said_to_drink_blood_turn_into_bats_and_hate_onions_fill_14.wav,filler_other,NA,NA,NA,y,,otherp,,,FB_1109
13,521b84e5b5ae6ed9f49f1958951f57e00d51936b21954c33b4e2ec806f891d56,"Vampires, and it sounds like she says 'sit' instead of 'said'",what_mythical_creatures_have_been_said_to_drink_blood_turn_into_bats_and_hate_onions_fill_14.wav,filler_other,NA,NA,NA,,,,,,
13,521b84e5b5ae6ed9f49f1958951f57e00d51936b21954c33b4e2ec806f891d56,"The question does NOT need any corrections, but I don't know the answer/ I don't understand what the question is asking.",who_discovered_the_law_of_universal_gravitation_which_accounts_for_why_objects_naturally_fall_downwards_fill_15.wav,filler_other,NA,NA,NA,nun,,,,,FB_1109
13,521b84e5b5ae6ed9f49f1958951f57e00d51936b21954c33b4e2ec806f891d56,NA,who_discovered_the_law_of_universal_gravitation_which_accounts_for_why_objects_naturally_fall_downwards_fill_15.wav,filler_other,NA,NA,NA,,,,,,
13,521b84e5b5ae6ed9f49f1958951f57e00d51936b21954c33b4e2ec806f891d56,The question does NOT need any corrections.,which_soft_pastry_made_with_a_certain_spice_is_often_spiral-shaped_and_topped_with_icing_fill_16.wav,filler_other,NA,NA,NA,nans,,,,,FB_1109
13,521b84e5b5ae6ed9f49f1958951f57e00d51936b21954c33b4e2ec806f891d56,cinnamon roll,which_soft_pastry_made_with_a_certain_spice_is_often_spiral-shaped_and_topped_with_icing_fill_16.wav,filler_other,NA,NA,NA,,,,,,
13,521b84e5b5ae6ed9f49f1958951f57e00d51936b21954c33b4e2ec806f891d56,The question does NOT need any corrections.,what_us_holiday_is_often_celebrated_with_fireworks_and_hotdogs_to_honor_americas_freedom_fill_17.wav,filler_other,NA,NA,NA,nans,,,,,FB_1109
13,521b84e5b5ae6ed9f49f1958951f57e00d51936b21954c33b4e2ec806f891d56,4th of July,what_us_holiday_is_often_celebrated_with_fireworks_and_hotdogs_to_honor_americas_freedom_fill_17.wav,filler_other,NA,NA,NA,,,,,,
13,521b84e5b5ae6ed9f49f1958951f57e00d51936b21954c33b4e2ec806f891d56,"The question does NOT need any corrections, but I don't know the answer/ I don't understand what the question is asking.",which_tropical_fruit_that_grows_on_palm_trees_is_used_for_oils_and_milks_fill_18.wav,filler_other,NA,NA,NA,nun,,,,,FB_1109
13,521b84e5b5ae6ed9f49f1958951f57e00d51936b21954c33b4e2ec806f891d56,NA,which_tropical_fruit_that_grows_on_palm_trees_is_used_for_oils_and_milks_fill_18.wav,filler_other,NA,NA,NA,,,,,,
13,521b84e5b5ae6ed9f49f1958951f57e00d51936b21954c33b4e2ec806f891d56,The question does NOT need any corrections.,which_season_do_we_associate_with_thanksgiving_the_beginning_of_school_and_leaves_turning_brown_fill_19.wav,filler_other,NA,NA,NA,nans,,,,,FB_1109
13,521b84e5b5ae6ed9f49f1958951f57e00d51936b21954c33b4e2ec806f891d56,Fall,which_season_do_we_associate_with_thanksgiving_the_beginning_of_school_and_leaves_turning_brown_fill_19.wav,filler_other,NA,NA,NA,,,,,,
13,521b84e5b5ae6ed9f49f1958951f57e00d51936b21954c33b4e2ec806f891d56,The question does NOT need any corrections.,what_musician_won_grammys_for_their_album_thriller_which_features_the_hit_song_beat_it_fill_20.wav,filler_other,NA,NA,NA,nans,,,,,FB_1109
13,521b84e5b5ae6ed9f49f1958951f57e00d51936b21954c33b4e2ec806f891d56,Micheal Jackson,what_musician_won_grammys_for_their_album_thriller_which_features_the_hit_song_beat_it_fill_20.wav,filler_other,NA,NA,NA,,,,,,
13,521b84e5b5ae6ed9f49f1958951f57e00d51936b21954c33b4e2ec806f891d56,The question needs to be CORRECTED.,what_animal_is_typically_white_with_black_spots_and_says_moo_fill_21.wav,filler_other,NA,NA,NA,y,,otherp,,,FB_1109
13,521b84e5b5ae6ed9f49f1958951f57e00d51936b21954c33b4e2ec806f891d56,"cow, and 'moo' doesn't sound like it should",what_animal_is_typically_white_with_black_spots_and_says_moo_fill_21.wav,filler_other,NA,NA,NA,,,,,,
13,521b84e5b5ae6ed9f49f1958951f57e00d51936b21954c33b4e2ec806f891d56,The question needs to be CORRECTED.,where_do_the_jolly_christmas_icons_santa_claus_and_his_wife_mrs._claus_live_fill_22.wav,filler_other,NA,NA,NA,y,,otherp,,,FB_1109
13,521b84e5b5ae6ed9f49f1958951f57e00d51936b21954c33b4e2ec806f891d56,"North Pole, and wrong word used, should say where 'does' sounds like dos",where_do_the_jolly_christmas_icons_santa_claus_and_his_wife_mrs._claus_live_fill_22.wav,filler_other,NA,NA,NA,,,,,,
13,521b84e5b5ae6ed9f49f1958951f57e00d51936b21954c33b4e2ec806f891d56,The question does NOT need any corrections.,in_the_famous_dr_seuss_book_what_orange_and_yellow_character_speaks_for_the_trees_fill_23.wav,filler_other,NA,NA,NA,nans,,,,,FB_1109
13,521b84e5b5ae6ed9f49f1958951f57e00d51936b21954c33b4e2ec806f891d56,The Lorax,in_the_famous_dr_seuss_book_what_orange_and_yellow_character_speaks_for_the_trees_fill_23.wav,filler_other,NA,NA,NA,,,,,,
13,521b84e5b5ae6ed9f49f1958951f57e00d51936b21954c33b4e2ec806f891d56,The question does NOT need any corrections.,in_what_country_would_you_find_landmarks_like_the_pyramids_of_giza_and_great_sphinx_fill_24.wav,filler_other,NA,NA,NA,nans,,,,,FB_1109
13,521b84e5b5ae6ed9f49f1958951f57e00d51936b21954c33b4e2ec806f891d56,Egypt,in_what_country_would_you_find_landmarks_like_the_pyramids_of_giza_and_great_sphinx_fill_24.wav,filler_other,NA,NA,NA,,,,,,
14,618e6facae933e988b33cca3c94042c9ce1a81669fa6570fddeea729cd7891f9,The question does NOT need any corrections.,how_many_legs_does_a_dog_normally_have_fill_25.wav,att_check_good,NA,NA,NA,nans,,,a,,FB_1109
14,618e6facae933e988b33cca3c94042c9ce1a81669fa6570fddeea729cd7891f9,Four,how_many_legs_does_a_dog_normally_have_fill_25.wav,att_check_good,NA,NA,NA,,,,,,
14,618e6facae933e988b33cca3c94042c9ce1a81669fa6570fddeea729cd7891f9,The question needs to be CORRECTED.,what_state_is_los_angeles_located_in_fill_26.wav,att_check_good,NA,NA,NA,y,,otherirr,,,FB_1109
14,618e6facae933e988b33cca3c94042c9ce1a81669fa6570fddeea729cd7891f9,"California
 IN WHICH STATE is Los Angeles located?",what_state_is_los_angeles_located_in_fill_26.wav,att_check_good,NA,NA,NA,,,,,,
14,618e6facae933e988b33cca3c94042c9ce1a81669fa6570fddeea729cd7891f9,The question does NOT need any corrections.,what_day_of_the_week_comes_after_monday_fill_27.wav,att_check_good,NA,NA,NA,nans,,,a,,FB_1109
14,618e6facae933e988b33cca3c94042c9ce1a81669fa6570fddeea729cd7891f9,Tuesday,what_day_of_the_week_comes_after_monday_fill_27.wav,att_check_good,NA,NA,NA,,,,,,
14,618e6facae933e988b33cca3c94042c9ce1a81669fa6570fddeea729cd7891f9,The question does NOT need any corrections.,what_color_is_a_typical_school_bus_fill_28.wav,att_check_good,NA,NA,NA,nans,,,a,,FB_1109
14,618e6facae933e988b33cca3c94042c9ce1a81669fa6570fddeea729cd7891f9,Yellow,what_color_is_a_typical_school_bus_fill_28.wav,att_check_good,NA,NA,NA,,,,,,
14,618e6facae933e988b33cca3c94042c9ce1a81669fa6570fddeea729cd7891f9,The question needs to be CORRECTED.,in_the_cycle_of_seasons_what_season_comes_after_dinter_fill_29.wav,att_check_err,NA,NA,NA,y,,acheckp,,,FB_1109
14,618e6facae933e988b33cca3c94042c9ce1a81669fa6570fddeea729cd7891f9,"Spring
 WINTER sounded like DEENTER",in_the_cycle_of_seasons_what_season_comes_after_dinter_fill_29.wav,att_check_err,NA,NA,NA,,,,,,
14,618e6facae933e988b33cca3c94042c9ce1a81669fa6570fddeea729cd7891f9,The question does NOT need any corrections.,what_insect_undergoes_a_process_of_change_to_turn_into_a_butterfy_fill_30.wav,att_check_err,NA,NA,NA,nans,,acheckf,,,FB_1109
14,618e6facae933e988b33cca3c94042c9ce1a81669fa6570fddeea729cd7891f9,Caterpillar,what_insect_undergoes_a_process_of_change_to_turn_into_a_butterfy_fill_30.wav,att_check_err,NA,NA,NA,,,,,,
14,618e6facae933e988b33cca3c94042c9ce1a81669fa6570fddeea729cd7891f9,The question needs to be CORRECTED.,what_is_the_largest_plant_in_the_solar_system_fill_31.wav,att_check_err,NA,NA,NA,y,,acheckp,,,FB_1109
14,618e6facae933e988b33cca3c94042c9ce1a81669fa6570fddeea729cd7891f9,"Jupiter
 ""What is the largest PLANET in the solar system""
 The recording said ""PLANT""",what_is_the_largest_plant_in_the_solar_system_fill_31.wav,att_check_err,NA,NA,NA,,,,,,
14,618e6facae933e988b33cca3c94042c9ce1a81669fa6570fddeea729cd7891f9,The question needs to be CORRECTED.,how_many_embers_were_in_the_beatles_the_british_rock_band_fill_32.wav,att_check_err,NA,NA,NA,y,,acheckp,,,FB_1109
14,618e6facae933e988b33cca3c94042c9ce1a81669fa6570fddeea729cd7891f9,"5
 MEMBERS sounded like EMBERS",how_many_embers_were_in_the_beatles_the_british_rock_band_fill_32.wav,att_check_err,NA,NA,NA,,,,,,
14,618e6facae933e988b33cca3c94042c9ce1a81669fa6570fddeea729cd7891f9,The question needs to be CORRECTED.,for_what_pink_ice_cream_flavor_will_companies_make_their_best_to_use_real_fruit_targ_01_C.wav,target,non_phon_err,make vs. other verb,/ɪ/ --> /i/; will/wheel,y,,np?,,,FB_1109
14,618e6facae933e988b33cca3c94042c9ce1a81669fa6570fddeea729cd7891f9,"Strawberry
 ""What flavor of pink ice cream tastes best when companies use real fruit?""",for_what_pink_ice_cream_flavor_will_companies_make_their_best_to_use_real_fruit_targ_01_C.wav,target,non_phon_err,make vs. other verb,/ɪ/ --> /i/; will/wheel,,,,,,
14,618e6facae933e988b33cca3c94042c9ce1a81669fa6570fddeea729cd7891f9,"The question does NOT need any corrections, but I don't know the answer/ I don't understand what the question is asking.",what_term_refers_to_armored_men_who_enjoyed_to_carry_medieval_swords_that_class_in_combat_targ_02_D.wav,target,both_err,infinitive vs. participle,/ʃ/ --> /s/; clash/class,nun,,,,,FB_1109
14,618e6facae933e988b33cca3c94042c9ce1a81669fa6570fddeea729cd7891f9,NA,what_term_refers_to_armored_men_who_enjoyed_to_carry_medieval_swords_that_class_in_combat_targ_02_D.wav,target,both_err,infinitive vs. participle,/ʃ/ --> /s/; clash/class,,,,,,
14,618e6facae933e988b33cca3c94042c9ce1a81669fa6570fddeea729cd7891f9,The question does NOT need any corrections.,which_scottish_actor_first_played_james_bond_wearing_kilts_to_red_carpets_when_he_was_32_years_old_targ_03_A.wav,target,correct,have vs. be,/k/ --> /g/; kilt/guilt,nans,,,,,FB_1109
14,618e6facae933e988b33cca3c94042c9ce1a81669fa6570fddeea729cd7891f9,Sean Connery,which_scottish_actor_first_played_james_bond_wearing_kilts_to_red_carpets_when_he_was_32_years_old_targ_03_A.wav,target,correct,have vs. be,/k/ --> /g/; kilt/guilt,,,,,,
14,618e6facae933e988b33cca3c94042c9ce1a81669fa6570fddeea729cd7891f9,The question does NOT need any corrections.,what_did_neil_armstrong_say_during_his_berry_first_steps_on_the_moon_targ_04_B.wav,target,phon_err,no aux verbs in questions (lack of do support),/v/ --> /b/; very/berry,nans,,,,,FB_1109
14,618e6facae933e988b33cca3c94042c9ce1a81669fa6570fddeea729cd7891f9,"One small step for man, one giant leap for mankind",what_did_neil_armstrong_say_during_his_berry_first_steps_on_the_moon_targ_04_B.wav,target,phon_err,no aux verbs in questions (lack of do support),/v/ --> /b/; very/berry,,,,,,
14,618e6facae933e988b33cca3c94042c9ce1a81669fa6570fddeea729cd7891f9,The question needs to be CORRECTED.,what_kind_of_weather_could_occur_when_is_raining_and_below_freezing_targ_05_C.wav,target,non_phon_err,expletive 'it' dropping,/ʊ/ --> /u/; could/cooed,y,,otherp,,,FB_1109
14,618e6facae933e988b33cca3c94042c9ce1a81669fa6570fddeea729cd7891f9,"Snow
 OCCUR sounded like OC-CURE",what_kind_of_weather_could_occur_when_is_raining_and_below_freezing_targ_05_C.wav,target,non_phon_err,expletive 'it' dropping,/ʊ/ --> /u/; could/cooed,,,,,,
14,618e6facae933e988b33cca3c94042c9ce1a81669fa6570fddeea729cd7891f9,The question needs to be CORRECTED.,how_many_legs_does_a_garden_spider_canadian_whose_silk_can_make_clot_have_targ_06_D.wav,target,both_err,adj/noun order,/θ/ --> /t/; cloth/clot,y,,np,,,FB_1109
14,618e6facae933e988b33cca3c94042c9ce1a81669fa6570fddeea729cd7891f9,"8
 How many legs does a GARDEN-VARIETY SPIDER HAVE?",how_many_legs_does_a_garden_spider_canadian_whose_silk_can_make_clot_have_targ_06_D.wav,target,both_err,adj/noun order,/θ/ --> /t/; cloth/clot,,,,,,
14,618e6facae933e988b33cca3c94042c9ce1a81669fa6570fddeea729cd7891f9,The question does NOT need any corrections.,what_childrens_game_makes_people_sit_down_quickly_when_the_loud_music_stops_targ_07_A.wav,target,correct,adj/noun order,/ɪ/ --> /i/; sit/seat,nans,,,,,FB_1109
14,618e6facae933e988b33cca3c94042c9ce1a81669fa6570fddeea729cd7891f9,Musical Chairs,what_childrens_game_makes_people_sit_down_quickly_when_the_loud_music_stops_targ_07_A.wav,target,correct,adj/noun order,/ɪ/ --> /i/; sit/seat,,,,,,
14,618e6facae933e988b33cca3c94042c9ce1a81669fa6570fddeea729cd7891f9,The question needs to be CORRECTED.,because_it_is_important_to_honor_the_iris_saint_what_holiday_occurs_on_march_17th_targ_08_B.wav,target,phon_err,expletive 'it' dropping,/ʃ/ --> /s/; Irish/iris,y,,p,,,FB_1109
14,618e6facae933e988b33cca3c94042c9ce1a81669fa6570fddeea729cd7891f9,"St. Patrick's Day
 ""IRISH saint"" sounded like ""IRIS saint""",because_it_is_important_to_honor_the_iris_saint_what_holiday_occurs_on_march_17th_targ_08_B.wav,target,phon_err,expletive 'it' dropping,/ʃ/ --> /s/; Irish/iris,,,,,,
14,618e6facae933e988b33cca3c94042c9ce1a81669fa6570fddeea729cd7891f9,The question needs to be CORRECTED.,if_laundry_service_will_come_in_five_days_and_todays_thursday_when_are_they_making_laundry_next_targ_09_C.wav,target,non_phon_err,make vs. other verb,/k/ --> /g/; come/gum,y,,np,,,FB_1109
14,618e6facae933e988b33cca3c94042c9ce1a81669fa6570fddeea729cd7891f9,"Tuesday
 WHEN ARE THEY DOING LAUNDRY NEXT, not MAKING",if_laundry_service_will_come_in_five_days_and_todays_thursday_when_are_they_making_laundry_next_targ_09_C.wav,target,non_phon_err,make vs. other verb,/k/ --> /g/; come/gum,,,,,,
14,618e6facae933e988b33cca3c94042c9ce1a81669fa6570fddeea729cd7891f9,The question needs to be CORRECTED.,who_did_americans_boat_for_to_be_their_first_president_who_avoided_to_serve_three_terms_targ_10_D.wav,target,both_err,infinitive vs. participle,/v/ --> /b/; vote/boat,y,,np,,,FB_1109
14,618e6facae933e988b33cca3c94042c9ce1a81669fa6570fddeea729cd7891f9,"George Washington
 Who did Americans vote for to be their first President who ALSO DECLINED to serve three terms?",who_did_americans_boat_for_to_be_their_first_president_who_avoided_to_serve_three_terms_targ_10_D.wav,target,both_err,infinitive vs. participle,/v/ --> /b/; vote/boat,,,,,,
14,618e6facae933e988b33cca3c94042c9ce1a81669fa6570fddeea729cd7891f9,"The question does NOT need any corrections, but I don't know the answer/ I don't understand what the question is asking.",what_colors_can_be_on_a_traffic_light_which_often_senses_when_cars_pull_up_targ_11_A.wav,target,correct,have vs. be,/ʊ/ --> /u/; pulls/pools,nun,,,,,FB_1109
14,618e6facae933e988b33cca3c94042c9ce1a81669fa6570fddeea729cd7891f9,NA,what_colors_can_be_on_a_traffic_light_which_often_senses_when_cars_pull_up_targ_11_A.wav,target,correct,have vs. be,/ʊ/ --> /u/; pulls/pools,,,,,,
14,618e6facae933e988b33cca3c94042c9ce1a81669fa6570fddeea729cd7891f9,The question needs to be CORRECTED.,if_youre_on_a_pat_from_california_to_hawaii_which_ocean_do_you_go_through_targ_12_B.wav,target,phon_err,no aux verbs in questions (lack of do support),/θ/ --> /t/; path/pat,y,,p,,,FB_1109
14,618e6facae933e988b33cca3c94042c9ce1a81669fa6570fddeea729cd7891f9,"Pacific
 If you are on a PATH from California to Hawai'i... (PATH sounded like PAT)",if_youre_on_a_pat_from_california_to_hawaii_which_ocean_do_you_go_through_targ_12_B.wav,target,phon_err,no aux verbs in questions (lack of do support),/θ/ --> /t/; path/pat,,,,,,
14,618e6facae933e988b33cca3c94042c9ce1a81669fa6570fddeea729cd7891f9,The question needs to be CORRECTED.,what_supplies_you_need_to_knit_a_scarf_targ_13_C.wav,target,non_phon_err,no aux verbs in questions (lack of do support),/ɪ/ --> /i/; knit/neat,y,,otherp,,,FB_1109
14,618e6facae933e988b33cca3c94042c9ce1a81669fa6570fddeea729cd7891f9,"Yarn and needles
 

 KNIT sounded like NEED",what_supplies_you_need_to_knit_a_scarf_targ_13_C.wav,target,non_phon_err,no aux verbs in questions (lack of do support),/ɪ/ --> /i/; knit/neat,,,,,,
14,618e6facae933e988b33cca3c94042c9ce1a81669fa6570fddeea729cd7891f9,The question needs to be CORRECTED.,what_city_have_people_rust_to_tour_to_see_where_the_us_government_makes_business_targ_14_D.wav,target,both_err,make vs. other verb,/ʃ/ --> /s/; rushed/rust,y,,np,,,FB_1109
14,618e6facae933e988b33cca3c94042c9ce1a81669fa6570fddeea729cd7891f9,"Washington DC
 Which US City would one tour if one wanted to see where the government CONDUCTS ITS BUSINESS",what_city_have_people_rust_to_tour_to_see_where_the_us_government_makes_business_targ_14_D.wav,target,both_err,make vs. other verb,/ʃ/ --> /s/; rushed/rust,,,,,,
14,618e6facae933e988b33cca3c94042c9ce1a81669fa6570fddeea729cd7891f9,The question does NOT need any corrections.,what_colors_make_up_a_traditional_candy_cane_which_people_enjoy_eating_during_christmas_targ_15_A.wav,target,correct,infinitive vs. participle,/k/ --> /g/; cane/gain,nans,,,,,FB_1109
14,618e6facae933e988b33cca3c94042c9ce1a81669fa6570fddeea729cd7891f9,Red and White,what_colors_make_up_a_traditional_candy_cane_which_people_enjoy_eating_during_christmas_targ_15_A.wav,target,correct,infinitive vs. participle,/k/ --> /g/; cane/gain,,,,,,
14,618e6facae933e988b33cca3c94042c9ce1a81669fa6570fddeea729cd7891f9,The question needs to be CORRECTED.,where_do_people_get_drivers_licenses_since_it_is_required_as_ballad_id_to_drive_targ_16_B.wav,target,phon_err,expletive 'it' dropping,/v/ --> /b/; valid/ballad,y,,p,,,FB_1109
14,618e6facae933e988b33cca3c94042c9ce1a81669fa6570fddeea729cd7891f9,"The DMV
 VALID ID sounded like BALLOT ID",where_do_people_get_drivers_licenses_since_it_is_required_as_ballad_id_to_drive_targ_16_B.wav,target,phon_err,expletive 'it' dropping,/v/ --> /b/; valid/ballad,,,,,,
14,618e6facae933e988b33cca3c94042c9ce1a81669fa6570fddeea729cd7891f9,"The question does NOT need any corrections, but I don't know the answer/ I don't understand what the question is asking.",how_many_days_would_my_bike_tandem_be_gone_if_someone_borrows_it_for_july_targ_17_C.wav,target,non_phon_err,adj/noun order,/ʊ/ --> /u/; would/wooed,nun,,,,,FB_1109
14,618e6facae933e988b33cca3c94042c9ce1a81669fa6570fddeea729cd7891f9,NA,how_many_days_would_my_bike_tandem_be_gone_if_someone_borrows_it_for_july_targ_17_C.wav,target,non_phon_err,adj/noun order,/ʊ/ --> /u/; would/wooed,,,,,,
14,618e6facae933e988b33cca3c94042c9ce1a81669fa6570fddeea729cd7891f9,The question needs to be CORRECTED.,when_you_have_hot_what_device_measures_body_temperature_in_boat_celsius_and_fahrenheit_targ_18_D.wav,target,both_err,have vs. be,/θ/ --> /t/; both/boat,y,,np,,,FB_1109
14,618e6facae933e988b33cca3c94042c9ce1a81669fa6570fddeea729cd7891f9,"Thermometer
 When you have A FEVER, what device...",when_you_have_hot_what_device_measures_body_temperature_in_boat_celsius_and_fahrenheit_targ_18_D.wav,target,both_err,have vs. be,/θ/ --> /t/; both/boat,,,,,,
14,618e6facae933e988b33cca3c94042c9ce1a81669fa6570fddeea729cd7891f9,The question does NOT need any corrections.,what_big_star_in_our_solar_system_can_still_be_visible_when_it_is_cloudy_targ_19_A.wav,target,correct,expletive 'it' dropping,/ɪ/ --> /i/; still/steal,nans,,,,,FB_1109
14,618e6facae933e988b33cca3c94042c9ce1a81669fa6570fddeea729cd7891f9,The sun,what_big_star_in_our_solar_system_can_still_be_visible_when_it_is_cloudy_targ_19_A.wav,target,correct,expletive 'it' dropping,/ɪ/ --> /i/; still/steal,,,,,,
14,618e6facae933e988b33cca3c94042c9ce1a81669fa6570fddeea729cd7891f9,The question needs to be CORRECTED.,what_popular_us_chain_provides_a_happy_meal_toy_or_plus_when_kids_are_hungry_targ_20_B.wav,target,phon_err,have vs. be,/ʃ/ --> /s/; plush/plus,y,,p?,,,FB_1109
14,618e6facae933e988b33cca3c94042c9ce1a81669fa6570fddeea729cd7891f9,"McDonald's
 What restaurant chain sells Happy Meals, which include a toy or PRIZE, for when kids are hungry?",what_popular_us_chain_provides_a_happy_meal_toy_or_plus_when_kids_are_hungry_targ_20_B.wav,target,phon_err,have vs. be,/ʃ/ --> /s/; plush/plus,,,,,,
14,618e6facae933e988b33cca3c94042c9ce1a81669fa6570fddeea729cd7891f9,The question needs to be CORRECTED.,in_the_lion_king_who_nala_talk_to_and_is_laying_in_a_cot_after_theyve_reunited_targ_21_C.wav,target,non_phon_err,no aux verbs in questions (lack of do support),/k/ --> /g/; cot/got,y,,np,,,FB_1109
14,618e6facae933e988b33cca3c94042c9ce1a81669fa6570fddeea729cd7891f9,"Simba
 In the Lion King, who IS Nala talking to AS they LIE in a hammock after they've reunited.",in_the_lion_king_who_nala_talk_to_and_is_laying_in_a_cot_after_theyve_reunited_targ_21_C.wav,target,non_phon_err,no aux verbs in questions (lack of do support),/k/ --> /g/; cot/got,,,,,,
14,618e6facae933e988b33cca3c94042c9ce1a81669fa6570fddeea729cd7891f9,"The question does NOT need any corrections, but I don't know the answer/ I don't understand what the question is asking.",if_a_janitor_hardworking_cleaned_a_bent_in_five_minutes_how_many_seconds_is_that_targ_22_D.wav,target,both_err,adj/noun order,/v/ --> /b/; vent/bent,nun,,,,,FB_1109
14,618e6facae933e988b33cca3c94042c9ce1a81669fa6570fddeea729cd7891f9,NA,if_a_janitor_hardworking_cleaned_a_bent_in_five_minutes_how_many_seconds_is_that_targ_22_D.wav,target,both_err,adj/noun order,/v/ --> /b/; vent/bent,,,,,,
14,618e6facae933e988b33cca3c94042c9ce1a81669fa6570fddeea729cd7891f9,The question does NOT need any corrections.,what_company_created_the_macbook_a_device_full_of_features_to_help_students_do_homework_targ_23_A.wav,target,correct,make vs. other verb,/ʊ/ --> /u/; full/fool,nans,,,,,FB_1109
14,618e6facae933e988b33cca3c94042c9ce1a81669fa6570fddeea729cd7891f9,Apple,what_company_created_the_macbook_a_device_full_of_features_to_help_students_do_homework_targ_23_A.wav,target,correct,make vs. other verb,/ʊ/ --> /u/; full/fool,,,,,,
14,618e6facae933e988b33cca3c94042c9ce1a81669fa6570fddeea729cd7891f9,The question does NOT need any corrections.,if_i_consider_leaving_work_after_the_fort_hour_how_many_minutes_would_that_be_targ_24_B.wav,target,phon_err,infinitive vs. participle,/θ/ --> /t/; fourth/fort,nans,,,,,FB_1109
14,618e6facae933e988b33cca3c94042c9ce1a81669fa6570fddeea729cd7891f9,240,if_i_consider_leaving_work_after_the_fort_hour_how_many_minutes_would_that_be_targ_24_B.wav,target,phon_err,infinitive vs. participle,/θ/ --> /t/; fourth/fort,,,,,,
14,618e6facae933e988b33cca3c94042c9ce1a81669fa6570fddeea729cd7891f9,The question does NOT need any corrections.,what_letter_in_the_latin_alphabet_corresponds_to_the_greek_letter_alpha_fill_01.wav,filler_other,NA,NA,NA,nans,,,,,FB_1109
14,618e6facae933e988b33cca3c94042c9ce1a81669fa6570fddeea729cd7891f9,A,what_letter_in_the_latin_alphabet_corresponds_to_the_greek_letter_alpha_fill_01.wav,filler_other,NA,NA,NA,,,,,,
14,618e6facae933e988b33cca3c94042c9ce1a81669fa6570fddeea729cd7891f9,The question does NOT need any corrections.,what_organ_is_often_associated_with_being_eaten_by_rotting_flesh_monsters_also_known_as_zombies_fill_02.wav,filler_other,NA,NA,NA,nans,,,,,FB_1109
14,618e6facae933e988b33cca3c94042c9ce1a81669fa6570fddeea729cd7891f9,Brains,what_organ_is_often_associated_with_being_eaten_by_rotting_flesh_monsters_also_known_as_zombies_fill_02.wav,filler_other,NA,NA,NA,,,,,,
14,618e6facae933e988b33cca3c94042c9ce1a81669fa6570fddeea729cd7891f9,The question needs to be CORRECTED.,which_british_celebrity_judge_often_harshly_critiqued_contestants_on_the_nationwide_singing_contest_american_idol_fill_03.wav,filler_other,NA,NA,NA,y,,otherp,,,FB_1109
14,618e6facae933e988b33cca3c94042c9ce1a81669fa6570fddeea729cd7891f9,"Simon Cowell
 CRITIQUE sounded like CRITIC",which_british_celebrity_judge_often_harshly_critiqued_contestants_on_the_nationwide_singing_contest_american_idol_fill_03.wav,filler_other,NA,NA,NA,,,,,,
14,618e6facae933e988b33cca3c94042c9ce1a81669fa6570fddeea729cd7891f9,The question does NOT need any corrections.,which_cartoon_character_works_at_the_krusty_krab_and_is_best_friends_with_patrick_star_fill_04.wav,filler_other,NA,NA,NA,nans,,,,,FB_1109
14,618e6facae933e988b33cca3c94042c9ce1a81669fa6570fddeea729cd7891f9,Spongebob Squarepants,which_cartoon_character_works_at_the_krusty_krab_and_is_best_friends_with_patrick_star_fill_04.wav,filler_other,NA,NA,NA,,,,,,
14,618e6facae933e988b33cca3c94042c9ce1a81669fa6570fddeea729cd7891f9,The question does NOT need any corrections.,which_body_part_did_van_gogh_allegedly_cut_off_after_an_argument_with_his_friend_fill_05.wav,filler_other,NA,NA,NA,nans,,,,,FB_1109
14,618e6facae933e988b33cca3c94042c9ce1a81669fa6570fddeea729cd7891f9,His ear,which_body_part_did_van_gogh_allegedly_cut_off_after_an_argument_with_his_friend_fill_05.wav,filler_other,NA,NA,NA,,,,,,
14,618e6facae933e988b33cca3c94042c9ce1a81669fa6570fddeea729cd7891f9,The question does NOT need any corrections.,what_is_the_name_of_the_comic_strip_featuring_charlie_brown_and_his_dog_snoopy_fill_06.wav,filler_other,NA,NA,NA,nans,,,,,FB_1109
14,618e6facae933e988b33cca3c94042c9ce1a81669fa6570fddeea729cd7891f9,Peanuts,what_is_the_name_of_the_comic_strip_featuring_charlie_brown_and_his_dog_snoopy_fill_06.wav,filler_other,NA,NA,NA,,,,,,
14,618e6facae933e988b33cca3c94042c9ce1a81669fa6570fddeea729cd7891f9,The question needs to be CORRECTED.,what_holiday_occurs_at_the_end_of_october_and_features_trick-or-treating_pumpkins_and_haunted_houses_fill_07.wav,filler_other,NA,NA,NA,y,,otherp,,,FB_1109
14,618e6facae933e988b33cca3c94042c9ce1a81669fa6570fddeea729cd7891f9,"Halloween
 The word ""occurs"" was prounounced ""oc-cures""",what_holiday_occurs_at_the_end_of_october_and_features_trick-or-treating_pumpkins_and_haunted_houses_fill_07.wav,filler_other,NA,NA,NA,,,,,,
14,618e6facae933e988b33cca3c94042c9ce1a81669fa6570fddeea729cd7891f9,The question does NOT need any corrections.,what_is_the_name_of_the_video_game_character_who_is_a_traveling_italian_plumber_fill_08.wav,filler_other,NA,NA,NA,nans,,,,,FB_1109
14,618e6facae933e988b33cca3c94042c9ce1a81669fa6570fddeea729cd7891f9,Mario,what_is_the_name_of_the_video_game_character_who_is_a_traveling_italian_plumber_fill_08.wav,filler_other,NA,NA,NA,,,,,,
14,618e6facae933e988b33cca3c94042c9ce1a81669fa6570fddeea729cd7891f9,The question does NOT need any corrections.,what_kind_of_animal_is_mickey_mouse’s_girlfriend_minnie_who_wears_a_bow_fill_09.wav,filler_other,NA,NA,NA,nans,,,,,FB_1109
14,618e6facae933e988b33cca3c94042c9ce1a81669fa6570fddeea729cd7891f9,Mouse,what_kind_of_animal_is_mickey_mouse’s_girlfriend_minnie_who_wears_a_bow_fill_09.wav,filler_other,NA,NA,NA,,,,,,
14,618e6facae933e988b33cca3c94042c9ce1a81669fa6570fddeea729cd7891f9,The question does NOT need any corrections.,which_cartoon_dog_solves_mysteries_with_the_group_fred_daphne_velma_and_shaggy_fill_10.wav,filler_other,NA,NA,NA,nans,,,,,FB_1109
14,618e6facae933e988b33cca3c94042c9ce1a81669fa6570fddeea729cd7891f9,Scooby Doo,which_cartoon_dog_solves_mysteries_with_the_group_fred_daphne_velma_and_shaggy_fill_10.wav,filler_other,NA,NA,NA,,,,,,
14,618e6facae933e988b33cca3c94042c9ce1a81669fa6570fddeea729cd7891f9,The question does NOT need any corrections.,which_fast_food_chain_offers_foot-long_sandwiches_and_has_the_slogan_eat_fresh_fill_11.wav,filler_other,NA,NA,NA,nans,,,,,FB_1109
14,618e6facae933e988b33cca3c94042c9ce1a81669fa6570fddeea729cd7891f9,Subway,which_fast_food_chain_offers_foot-long_sandwiches_and_has_the_slogan_eat_fresh_fill_11.wav,filler_other,NA,NA,NA,,,,,,
14,618e6facae933e988b33cca3c94042c9ce1a81669fa6570fddeea729cd7891f9,The question does NOT need any corrections.,which_oscar-winning_movie_features_tom_hanks_saying_life_is_like_a_box_of_chocolates_fill_12.wav,filler_other,NA,NA,NA,nans,,,,,FB_1109
14,618e6facae933e988b33cca3c94042c9ce1a81669fa6570fddeea729cd7891f9,Forrest Gump,which_oscar-winning_movie_features_tom_hanks_saying_life_is_like_a_box_of_chocolates_fill_12.wav,filler_other,NA,NA,NA,,,,,,
14,618e6facae933e988b33cca3c94042c9ce1a81669fa6570fddeea729cd7891f9,The question does NOT need any corrections.,what_novel_has_the_quote_i’m_late_i’m_late_for_a_very_important_date_fill_13.wav,filler_other,NA,NA,NA,nans,,,,,FB_1109
14,618e6facae933e988b33cca3c94042c9ce1a81669fa6570fddeea729cd7891f9,Alice in Wonderland,what_novel_has_the_quote_i’m_late_i’m_late_for_a_very_important_date_fill_13.wav,filler_other,NA,NA,NA,,,,,,
14,618e6facae933e988b33cca3c94042c9ce1a81669fa6570fddeea729cd7891f9,The question needs to be CORRECTED.,what_mythical_creatures_have_been_said_to_drink_blood_turn_into_bats_and_hate_onions_fill_14.wav,filler_other,NA,NA,NA,y,,otherirr,,,FB_1109
14,618e6facae933e988b33cca3c94042c9ce1a81669fa6570fddeea729cd7891f9,"Vampires
 GARLIC, not ONIONS",what_mythical_creatures_have_been_said_to_drink_blood_turn_into_bats_and_hate_onions_fill_14.wav,filler_other,NA,NA,NA,,,,,,
14,618e6facae933e988b33cca3c94042c9ce1a81669fa6570fddeea729cd7891f9,The question does NOT need any corrections.,who_discovered_the_law_of_universal_gravitation_which_accounts_for_why_objects_naturally_fall_downwards_fill_15.wav,filler_other,NA,NA,NA,nans,,,,,FB_1109
14,618e6facae933e988b33cca3c94042c9ce1a81669fa6570fddeea729cd7891f9,Isaac Newton,who_discovered_the_law_of_universal_gravitation_which_accounts_for_why_objects_naturally_fall_downwards_fill_15.wav,filler_other,NA,NA,NA,,,,,,
14,618e6facae933e988b33cca3c94042c9ce1a81669fa6570fddeea729cd7891f9,The question does NOT need any corrections.,which_soft_pastry_made_with_a_certain_spice_is_often_spiral-shaped_and_topped_with_icing_fill_16.wav,filler_other,NA,NA,NA,nans,,,,,FB_1109
14,618e6facae933e988b33cca3c94042c9ce1a81669fa6570fddeea729cd7891f9,Cinnamon roll,which_soft_pastry_made_with_a_certain_spice_is_often_spiral-shaped_and_topped_with_icing_fill_16.wav,filler_other,NA,NA,NA,,,,,,
14,618e6facae933e988b33cca3c94042c9ce1a81669fa6570fddeea729cd7891f9,The question does NOT need any corrections.,what_us_holiday_is_often_celebrated_with_fireworks_and_hotdogs_to_honor_americas_freedom_fill_17.wav,filler_other,NA,NA,NA,nans,,,,,FB_1109
14,618e6facae933e988b33cca3c94042c9ce1a81669fa6570fddeea729cd7891f9,Independence Day aka The Fourth of July,what_us_holiday_is_often_celebrated_with_fireworks_and_hotdogs_to_honor_americas_freedom_fill_17.wav,filler_other,NA,NA,NA,,,,,,
14,618e6facae933e988b33cca3c94042c9ce1a81669fa6570fddeea729cd7891f9,The question needs to be CORRECTED.,which_tropical_fruit_that_grows_on_palm_trees_is_used_for_oils_and_milks_fill_18.wav,filler_other,NA,NA,NA,y,,otherp,,,FB_1109
14,618e6facae933e988b33cca3c94042c9ce1a81669fa6570fddeea729cd7891f9,"Coconut
 It sounded like ""fooots"" instead of ""FRUIT""",which_tropical_fruit_that_grows_on_palm_trees_is_used_for_oils_and_milks_fill_18.wav,filler_other,NA,NA,NA,,,,,,
14,618e6facae933e988b33cca3c94042c9ce1a81669fa6570fddeea729cd7891f9,The question needs to be CORRECTED.,which_season_do_we_associate_with_thanksgiving_the_beginning_of_school_and_leaves_turning_brown_fill_19.wav,filler_other,NA,NA,NA,y,,otherirr,,,FB_1109
14,618e6facae933e988b33cca3c94042c9ce1a81669fa6570fddeea729cd7891f9,"Fall
 Enunciate SEASON better",which_season_do_we_associate_with_thanksgiving_the_beginning_of_school_and_leaves_turning_brown_fill_19.wav,filler_other,NA,NA,NA,,,,,,
14,618e6facae933e988b33cca3c94042c9ce1a81669fa6570fddeea729cd7891f9,The question does NOT need any corrections.,what_musician_won_grammys_for_their_album_thriller_which_features_the_hit_song_beat_it_fill_20.wav,filler_other,NA,NA,NA,nans,,,,,FB_1109
14,618e6facae933e988b33cca3c94042c9ce1a81669fa6570fddeea729cd7891f9,Michael Jackson,what_musician_won_grammys_for_their_album_thriller_which_features_the_hit_song_beat_it_fill_20.wav,filler_other,NA,NA,NA,,,,,,
14,618e6facae933e988b33cca3c94042c9ce1a81669fa6570fddeea729cd7891f9,The question does NOT need any corrections.,what_animal_is_typically_white_with_black_spots_and_says_moo_fill_21.wav,filler_other,NA,NA,NA,nans,,,,,FB_1109
14,618e6facae933e988b33cca3c94042c9ce1a81669fa6570fddeea729cd7891f9,Cow,what_animal_is_typically_white_with_black_spots_and_says_moo_fill_21.wav,filler_other,NA,NA,NA,,,,,,
14,618e6facae933e988b33cca3c94042c9ce1a81669fa6570fddeea729cd7891f9,The question does NOT need any corrections.,where_do_the_jolly_christmas_icons_santa_claus_and_his_wife_mrs._claus_live_fill_22.wav,filler_other,NA,NA,NA,nans,,,,,FB_1109
14,618e6facae933e988b33cca3c94042c9ce1a81669fa6570fddeea729cd7891f9,The North Pole,where_do_the_jolly_christmas_icons_santa_claus_and_his_wife_mrs._claus_live_fill_22.wav,filler_other,NA,NA,NA,,,,,,
14,618e6facae933e988b33cca3c94042c9ce1a81669fa6570fddeea729cd7891f9,The question does NOT need any corrections.,in_the_famous_dr_seuss_book_what_orange_and_yellow_character_speaks_for_the_trees_fill_23.wav,filler_other,NA,NA,NA,nans,,,,,FB_1109
14,618e6facae933e988b33cca3c94042c9ce1a81669fa6570fddeea729cd7891f9,The Lorax,in_the_famous_dr_seuss_book_what_orange_and_yellow_character_speaks_for_the_trees_fill_23.wav,filler_other,NA,NA,NA,,,,,,
14,618e6facae933e988b33cca3c94042c9ce1a81669fa6570fddeea729cd7891f9,The question does NOT need any corrections.,in_what_country_would_you_find_landmarks_like_the_pyramids_of_giza_and_great_sphinx_fill_24.wav,filler_other,NA,NA,NA,nans,,,,,FB_1109
14,618e6facae933e988b33cca3c94042c9ce1a81669fa6570fddeea729cd7891f9,Egypt,in_what_country_would_you_find_landmarks_like_the_pyramids_of_giza_and_great_sphinx_fill_24.wav,filler_other,NA,NA,NA,,,,,,
15,62f2fde8be74d7c0c7eb67cac4e8aeeaae94df99bf7021b600e8012bb5fd79f0,The question does NOT need any corrections.,how_many_legs_does_a_dog_normally_have_fill_25.wav,att_check_good,NA,NA,NA,nans,,,a,,FB_1109
15,62f2fde8be74d7c0c7eb67cac4e8aeeaae94df99bf7021b600e8012bb5fd79f0,4,how_many_legs_does_a_dog_normally_have_fill_25.wav,att_check_good,NA,NA,NA,,,,,,
15,62f2fde8be74d7c0c7eb67cac4e8aeeaae94df99bf7021b600e8012bb5fd79f0,The question does NOT need any corrections.,what_state_is_los_angeles_located_in_fill_26.wav,att_check_good,NA,NA,NA,nans,,,a,,FB_1109
15,62f2fde8be74d7c0c7eb67cac4e8aeeaae94df99bf7021b600e8012bb5fd79f0,California,what_state_is_los_angeles_located_in_fill_26.wav,att_check_good,NA,NA,NA,,,,,,
15,62f2fde8be74d7c0c7eb67cac4e8aeeaae94df99bf7021b600e8012bb5fd79f0,The question does NOT need any corrections.,what_day_of_the_week_comes_after_monday_fill_27.wav,att_check_good,NA,NA,NA,nans,,,a,,FB_1109
15,62f2fde8be74d7c0c7eb67cac4e8aeeaae94df99bf7021b600e8012bb5fd79f0,Tuesday,what_day_of_the_week_comes_after_monday_fill_27.wav,att_check_good,NA,NA,NA,,,,,,
15,62f2fde8be74d7c0c7eb67cac4e8aeeaae94df99bf7021b600e8012bb5fd79f0,The question does NOT need any corrections.,what_color_is_a_typical_school_bus_fill_28.wav,att_check_good,NA,NA,NA,nans,,,a,,FB_1109
15,62f2fde8be74d7c0c7eb67cac4e8aeeaae94df99bf7021b600e8012bb5fd79f0,yellow,what_color_is_a_typical_school_bus_fill_28.wav,att_check_good,NA,NA,NA,,,,,,
15,62f2fde8be74d7c0c7eb67cac4e8aeeaae94df99bf7021b600e8012bb5fd79f0,The question needs to be CORRECTED.,in_the_cycle_of_seasons_what_season_comes_after_dinter_fill_29.wav,att_check_err,NA,NA,NA,y,,acheckp,,,FB_1109
15,62f2fde8be74d7c0c7eb67cac4e8aeeaae94df99bf7021b600e8012bb5fd79f0,"Spring, Winter not Dinter",in_the_cycle_of_seasons_what_season_comes_after_dinter_fill_29.wav,att_check_err,NA,NA,NA,,,,,,
15,62f2fde8be74d7c0c7eb67cac4e8aeeaae94df99bf7021b600e8012bb5fd79f0,The question needs to be CORRECTED.,what_insect_undergoes_a_process_of_change_to_turn_into_a_butterfy_fill_30.wav,att_check_err,NA,NA,NA,y,,acheckp,,,FB_1109
15,62f2fde8be74d7c0c7eb67cac4e8aeeaae94df99bf7021b600e8012bb5fd79f0,"caterpillar - butterfly, not butterfy",what_insect_undergoes_a_process_of_change_to_turn_into_a_butterfy_fill_30.wav,att_check_err,NA,NA,NA,,,,,,
15,62f2fde8be74d7c0c7eb67cac4e8aeeaae94df99bf7021b600e8012bb5fd79f0,The question needs to be CORRECTED.,what_is_the_largest_plant_in_the_solar_system_fill_31.wav,att_check_err,NA,NA,NA,y,,acheckp,,,FB_1109
15,62f2fde8be74d7c0c7eb67cac4e8aeeaae94df99bf7021b600e8012bb5fd79f0,"Jupiter, planet not plant",what_is_the_largest_plant_in_the_solar_system_fill_31.wav,att_check_err,NA,NA,NA,,,,,,
15,62f2fde8be74d7c0c7eb67cac4e8aeeaae94df99bf7021b600e8012bb5fd79f0,The question does NOT need any corrections.,how_many_embers_were_in_the_beatles_the_british_rock_band_fill_32.wav,att_check_err,NA,NA,NA,nans,,acheckf,,,FB_1109
15,62f2fde8be74d7c0c7eb67cac4e8aeeaae94df99bf7021b600e8012bb5fd79f0,three,how_many_embers_were_in_the_beatles_the_british_rock_band_fill_32.wav,att_check_err,NA,NA,NA,,,,,,
15,62f2fde8be74d7c0c7eb67cac4e8aeeaae94df99bf7021b600e8012bb5fd79f0,The question needs to be CORRECTED.,for_what_pink_ice_cream_flavor_will_companies_make_their_best_to_use_real_fruit_targ_01_C.wav,target,non_phon_err,make vs. other verb,/ɪ/ --> /i/; will/wheel,y,,np?,,,FB_1109
15,62f2fde8be74d7c0c7eb67cac4e8aeeaae94df99bf7021b600e8012bb5fd79f0,What real fruit should companies use to make their best pink ice cream flavor? Strawberry,for_what_pink_ice_cream_flavor_will_companies_make_their_best_to_use_real_fruit_targ_01_C.wav,target,non_phon_err,make vs. other verb,/ɪ/ --> /i/; will/wheel,,,,,,
15,62f2fde8be74d7c0c7eb67cac4e8aeeaae94df99bf7021b600e8012bb5fd79f0,I’m good — skip to the next question,what_term_refers_to_armored_men_who_enjoyed_to_carry_medieval_swords_that_class_in_combat_targ_02_D.wav,target,both_err,infinitive vs. participle,/ʃ/ --> /s/; clash/class,s,,,,second attempt is their first instance and they chose the skip option,FB_1109
15,62f2fde8be74d7c0c7eb67cac4e8aeeaae94df99bf7021b600e8012bb5fd79f0,NA,what_term_refers_to_armored_men_who_enjoyed_to_carry_medieval_swords_that_class_in_combat_targ_02_D.wav,target,both_err,infinitive vs. participle,/ʃ/ --> /s/; clash/class,,,,,,
15,62f2fde8be74d7c0c7eb67cac4e8aeeaae94df99bf7021b600e8012bb5fd79f0,"The question does NOT need any corrections, but I don't know the answer/ I don't understand what the question is asking.",which_scottish_actor_first_played_james_bond_wearing_kilts_to_red_carpets_when_he_was_32_years_old_targ_03_A.wav,target,correct,have vs. be,/k/ --> /g/; kilt/guilt,nun,,,,,FB_1109
15,62f2fde8be74d7c0c7eb67cac4e8aeeaae94df99bf7021b600e8012bb5fd79f0,na,which_scottish_actor_first_played_james_bond_wearing_kilts_to_red_carpets_when_he_was_32_years_old_targ_03_A.wav,target,correct,have vs. be,/k/ --> /g/; kilt/guilt,,,,,,
15,62f2fde8be74d7c0c7eb67cac4e8aeeaae94df99bf7021b600e8012bb5fd79f0,The question does NOT need any corrections.,what_did_neil_armstrong_say_during_his_berry_first_steps_on_the_moon_targ_04_B.wav,target,phon_err,no aux verbs in questions (lack of do support),/v/ --> /b/; very/berry,nans,,,,,FB_1109
15,62f2fde8be74d7c0c7eb67cac4e8aeeaae94df99bf7021b600e8012bb5fd79f0,"A giant leap for man, a giant step for mankind",what_did_neil_armstrong_say_during_his_berry_first_steps_on_the_moon_targ_04_B.wav,target,phon_err,no aux verbs in questions (lack of do support),/v/ --> /b/; very/berry,,,,,,
15,62f2fde8be74d7c0c7eb67cac4e8aeeaae94df99bf7021b600e8012bb5fd79f0,The question needs to be CORRECTED.,what_kind_of_weather_could_occur_when_is_raining_and_below_freezing_targ_05_C.wav,target,non_phon_err,expletive 'it' dropping,/ʊ/ --> /u/; could/cooed,y,,otherirr,,,FB_1109
15,62f2fde8be74d7c0c7eb67cac4e8aeeaae94df99bf7021b600e8012bb5fd79f0,"ice, weather not cweather",what_kind_of_weather_could_occur_when_is_raining_and_below_freezing_targ_05_C.wav,target,non_phon_err,expletive 'it' dropping,/ʊ/ --> /u/; could/cooed,,,,,,
15,62f2fde8be74d7c0c7eb67cac4e8aeeaae94df99bf7021b600e8012bb5fd79f0,"The question does NOT need any corrections, but I don't know the answer/ I don't understand what the question is asking.",how_many_legs_does_a_garden_spider_canadian_whose_silk_can_make_clot_have_targ_06_D.wav,target,both_err,adj/noun order,/θ/ --> /t/; cloth/clot,nun,,,,,FB_1109
15,62f2fde8be74d7c0c7eb67cac4e8aeeaae94df99bf7021b600e8012bb5fd79f0,sentence was too difficult to figure out,how_many_legs_does_a_garden_spider_canadian_whose_silk_can_make_clot_have_targ_06_D.wav,target,both_err,adj/noun order,/θ/ --> /t/; cloth/clot,,,,,,
15,62f2fde8be74d7c0c7eb67cac4e8aeeaae94df99bf7021b600e8012bb5fd79f0,The question does NOT need any corrections.,what_childrens_game_makes_people_sit_down_quickly_when_the_loud_music_stops_targ_07_A.wav,target,correct,adj/noun order,/ɪ/ --> /i/; sit/seat,nans,,,,,FB_1109
15,62f2fde8be74d7c0c7eb67cac4e8aeeaae94df99bf7021b600e8012bb5fd79f0,Musical Chairs,what_childrens_game_makes_people_sit_down_quickly_when_the_loud_music_stops_targ_07_A.wav,target,correct,adj/noun order,/ɪ/ --> /i/; sit/seat,,,,,,
15,62f2fde8be74d7c0c7eb67cac4e8aeeaae94df99bf7021b600e8012bb5fd79f0,The question does NOT need any corrections.,because_it_is_important_to_honor_the_iris_saint_what_holiday_occurs_on_march_17th_targ_08_B.wav,target,phon_err,expletive 'it' dropping,/ʃ/ --> /s/; Irish/iris,nans,,,,,FB_1109
15,62f2fde8be74d7c0c7eb67cac4e8aeeaae94df99bf7021b600e8012bb5fd79f0,St. Patrick's Day,because_it_is_important_to_honor_the_iris_saint_what_holiday_occurs_on_march_17th_targ_08_B.wav,target,phon_err,expletive 'it' dropping,/ʃ/ --> /s/; Irish/iris,,,,,,
15,62f2fde8be74d7c0c7eb67cac4e8aeeaae94df99bf7021b600e8012bb5fd79f0,The question needs to be CORRECTED.,if_laundry_service_will_come_in_five_days_and_todays_thursday_when_are_they_making_laundry_next_targ_09_C.wav,target,non_phon_err,make vs. other verb,/k/ --> /g/; come/gum,y,,np,,,FB_1109
15,62f2fde8be74d7c0c7eb67cac4e8aeeaae94df99bf7021b600e8012bb5fd79f0,"Tuesday, when are they doing laundry next",if_laundry_service_will_come_in_five_days_and_todays_thursday_when_are_they_making_laundry_next_targ_09_C.wav,target,non_phon_err,make vs. other verb,/k/ --> /g/; come/gum,,,,,,
15,62f2fde8be74d7c0c7eb67cac4e8aeeaae94df99bf7021b600e8012bb5fd79f0,The question does NOT need any corrections.,who_did_americans_boat_for_to_be_their_first_president_who_avoided_to_serve_three_terms_targ_10_D.wav,target,both_err,infinitive vs. participle,/v/ --> /b/; vote/boat,nans,,,,,FB_1109
15,62f2fde8be74d7c0c7eb67cac4e8aeeaae94df99bf7021b600e8012bb5fd79f0,George Washington,who_did_americans_boat_for_to_be_their_first_president_who_avoided_to_serve_three_terms_targ_10_D.wav,target,both_err,infinitive vs. participle,/v/ --> /b/; vote/boat,,,,,,
15,62f2fde8be74d7c0c7eb67cac4e8aeeaae94df99bf7021b600e8012bb5fd79f0,The question needs to be CORRECTED.,what_colors_can_be_on_a_traffic_light_which_often_senses_when_cars_pull_up_targ_11_A.wav,target,correct,have vs. be,/ʊ/ --> /u/; pulls/pools,y,,otherirr,,,FB_1109
15,62f2fde8be74d7c0c7eb67cac4e8aeeaae94df99bf7021b600e8012bb5fd79f0,When cars pull up? Doesn't make sense. Cars can pull up to any color.,what_colors_can_be_on_a_traffic_light_which_often_senses_when_cars_pull_up_targ_11_A.wav,target,correct,have vs. be,/ʊ/ --> /u/; pulls/pools,,,,,,
15,62f2fde8be74d7c0c7eb67cac4e8aeeaae94df99bf7021b600e8012bb5fd79f0,The question does NOT need any corrections.,if_youre_on_a_pat_from_california_to_hawaii_which_ocean_do_you_go_through_targ_12_B.wav,target,phon_err,no aux verbs in questions (lack of do support),/θ/ --> /t/; path/pat,nans,,,,,FB_1109
15,62f2fde8be74d7c0c7eb67cac4e8aeeaae94df99bf7021b600e8012bb5fd79f0,Pacific,if_youre_on_a_pat_from_california_to_hawaii_which_ocean_do_you_go_through_targ_12_B.wav,target,phon_err,no aux verbs in questions (lack of do support),/θ/ --> /t/; path/pat,,,,,,
15,62f2fde8be74d7c0c7eb67cac4e8aeeaae94df99bf7021b600e8012bb5fd79f0,I’m good — skip to the next question,what_supplies_you_need_to_knit_a_scarf_targ_13_C.wav,target,non_phon_err,no aux verbs in questions (lack of do support),/ɪ/ --> /i/; knit/neat,s,,,,second attempt is their first instance and they chose the skip option,FB_1109
15,62f2fde8be74d7c0c7eb67cac4e8aeeaae94df99bf7021b600e8012bb5fd79f0,NA,what_supplies_you_need_to_knit_a_scarf_targ_13_C.wav,target,non_phon_err,no aux verbs in questions (lack of do support),/ɪ/ --> /i/; knit/neat,,,,,,
15,62f2fde8be74d7c0c7eb67cac4e8aeeaae94df99bf7021b600e8012bb5fd79f0,I’m good — skip to the next question,what_city_have_people_rust_to_tour_to_see_where_the_us_government_makes_business_targ_14_D.wav,target,both_err,make vs. other verb,/ʃ/ --> /s/; rushed/rust,s,,,,second attempt is their first instance and they chose the skip option,FB_1109
15,62f2fde8be74d7c0c7eb67cac4e8aeeaae94df99bf7021b600e8012bb5fd79f0,NA,what_city_have_people_rust_to_tour_to_see_where_the_us_government_makes_business_targ_14_D.wav,target,both_err,make vs. other verb,/ʃ/ --> /s/; rushed/rust,,,,,,
15,62f2fde8be74d7c0c7eb67cac4e8aeeaae94df99bf7021b600e8012bb5fd79f0,The question does NOT need any corrections.,what_colors_make_up_a_traditional_candy_cane_which_people_enjoy_eating_during_christmas_targ_15_A.wav,target,correct,infinitive vs. participle,/k/ --> /g/; cane/gain,nans,,,,,FB_1109
15,62f2fde8be74d7c0c7eb67cac4e8aeeaae94df99bf7021b600e8012bb5fd79f0,red and white,what_colors_make_up_a_traditional_candy_cane_which_people_enjoy_eating_during_christmas_targ_15_A.wav,target,correct,infinitive vs. participle,/k/ --> /g/; cane/gain,,,,,,
15,62f2fde8be74d7c0c7eb67cac4e8aeeaae94df99bf7021b600e8012bb5fd79f0,The question does NOT need any corrections.,where_do_people_get_drivers_licenses_since_it_is_required_as_ballad_id_to_drive_targ_16_B.wav,target,phon_err,expletive 'it' dropping,/v/ --> /b/; valid/ballad,nans,,,,,FB_1109
15,62f2fde8be74d7c0c7eb67cac4e8aeeaae94df99bf7021b600e8012bb5fd79f0,bmv,where_do_people_get_drivers_licenses_since_it_is_required_as_ballad_id_to_drive_targ_16_B.wav,target,phon_err,expletive 'it' dropping,/v/ --> /b/; valid/ballad,,,,,,
15,62f2fde8be74d7c0c7eb67cac4e8aeeaae94df99bf7021b600e8012bb5fd79f0,"The question does NOT need any corrections, but I don't know the answer/ I don't understand what the question is asking.",how_many_days_would_my_bike_tandem_be_gone_if_someone_borrows_it_for_july_targ_17_C.wav,target,non_phon_err,adj/noun order,/ʊ/ --> /u/; would/wooed,nun,,,,,FB_1109
15,62f2fde8be74d7c0c7eb67cac4e8aeeaae94df99bf7021b600e8012bb5fd79f0,na,how_many_days_would_my_bike_tandem_be_gone_if_someone_borrows_it_for_july_targ_17_C.wav,target,non_phon_err,adj/noun order,/ʊ/ --> /u/; would/wooed,,,,,,
15,62f2fde8be74d7c0c7eb67cac4e8aeeaae94df99bf7021b600e8012bb5fd79f0,"The question does NOT need any corrections, but I don't know the answer/ I don't understand what the question is asking.",when_you_have_hot_what_device_measures_body_temperature_in_boat_celsius_and_fahrenheit_targ_18_D.wav,target,both_err,have vs. be,/θ/ --> /t/; both/boat,nun,,,,,FB_1109
15,62f2fde8be74d7c0c7eb67cac4e8aeeaae94df99bf7021b600e8012bb5fd79f0,na,when_you_have_hot_what_device_measures_body_temperature_in_boat_celsius_and_fahrenheit_targ_18_D.wav,target,both_err,have vs. be,/θ/ --> /t/; both/boat,,,,,,
15,62f2fde8be74d7c0c7eb67cac4e8aeeaae94df99bf7021b600e8012bb5fd79f0,The question does NOT need any corrections.,what_big_star_in_our_solar_system_can_still_be_visible_when_it_is_cloudy_targ_19_A.wav,target,correct,expletive 'it' dropping,/ɪ/ --> /i/; still/steal,nans,,,,,FB_1109
15,62f2fde8be74d7c0c7eb67cac4e8aeeaae94df99bf7021b600e8012bb5fd79f0,Sun,what_big_star_in_our_solar_system_can_still_be_visible_when_it_is_cloudy_targ_19_A.wav,target,correct,expletive 'it' dropping,/ɪ/ --> /i/; still/steal,,,,,,
15,62f2fde8be74d7c0c7eb67cac4e8aeeaae94df99bf7021b600e8012bb5fd79f0,I’m good — skip to the next question,what_popular_us_chain_provides_a_happy_meal_toy_or_plus_when_kids_are_hungry_targ_20_B.wav,target,phon_err,have vs. be,/ʃ/ --> /s/; plush/plus,s,,,,second attempt is their first instance and they chose the skip option,FB_1109
15,62f2fde8be74d7c0c7eb67cac4e8aeeaae94df99bf7021b600e8012bb5fd79f0,NA,what_popular_us_chain_provides_a_happy_meal_toy_or_plus_when_kids_are_hungry_targ_20_B.wav,target,phon_err,have vs. be,/ʃ/ --> /s/; plush/plus,,,,,,
15,62f2fde8be74d7c0c7eb67cac4e8aeeaae94df99bf7021b600e8012bb5fd79f0,The question needs to be CORRECTED.,in_the_lion_king_who_nala_talk_to_and_is_laying_in_a_cot_after_theyve_reunited_targ_21_C.wav,target,non_phon_err,no aux verbs in questions (lack of do support),/k/ --> /g/; cot/got,y,,np,,,FB_1109
15,62f2fde8be74d7c0c7eb67cac4e8aeeaae94df99bf7021b600e8012bb5fd79f0,"In the Lion King, who is Nala ""talking"" too...",in_the_lion_king_who_nala_talk_to_and_is_laying_in_a_cot_after_theyve_reunited_targ_21_C.wav,target,non_phon_err,no aux verbs in questions (lack of do support),/k/ --> /g/; cot/got,,,,,,
15,62f2fde8be74d7c0c7eb67cac4e8aeeaae94df99bf7021b600e8012bb5fd79f0,"The question does NOT need any corrections, but I don't know the answer/ I don't understand what the question is asking.",if_a_janitor_hardworking_cleaned_a_bent_in_five_minutes_how_many_seconds_is_that_targ_22_D.wav,target,both_err,adj/noun order,/v/ --> /b/; vent/bent,nun,,,,,FB_1109
15,62f2fde8be74d7c0c7eb67cac4e8aeeaae94df99bf7021b600e8012bb5fd79f0,na,if_a_janitor_hardworking_cleaned_a_bent_in_five_minutes_how_many_seconds_is_that_targ_22_D.wav,target,both_err,adj/noun order,/v/ --> /b/; vent/bent,,,,,,
15,62f2fde8be74d7c0c7eb67cac4e8aeeaae94df99bf7021b600e8012bb5fd79f0,The question does NOT need any corrections.,what_company_created_the_macbook_a_device_full_of_features_to_help_students_do_homework_targ_23_A.wav,target,correct,make vs. other verb,/ʊ/ --> /u/; full/fool,nans,,,,,FB_1109
15,62f2fde8be74d7c0c7eb67cac4e8aeeaae94df99bf7021b600e8012bb5fd79f0,Apple,what_company_created_the_macbook_a_device_full_of_features_to_help_students_do_homework_targ_23_A.wav,target,correct,make vs. other verb,/ʊ/ --> /u/; full/fool,,,,,,
15,62f2fde8be74d7c0c7eb67cac4e8aeeaae94df99bf7021b600e8012bb5fd79f0,The question needs to be CORRECTED.,if_i_consider_leaving_work_after_the_fort_hour_how_many_minutes_would_that_be_targ_24_B.wav,target,phon_err,infinitive vs. participle,/θ/ --> /t/; fourth/fort,y,,p,,,FB_1109
15,62f2fde8be74d7c0c7eb67cac4e8aeeaae94df99bf7021b600e8012bb5fd79f0,"fourth, not fort - 240 minutes",if_i_consider_leaving_work_after_the_fort_hour_how_many_minutes_would_that_be_targ_24_B.wav,target,phon_err,infinitive vs. participle,/θ/ --> /t/; fourth/fort,,,,,,
15,62f2fde8be74d7c0c7eb67cac4e8aeeaae94df99bf7021b600e8012bb5fd79f0,The question does NOT need any corrections.,what_letter_in_the_latin_alphabet_corresponds_to_the_greek_letter_alpha_fill_01.wav,filler_other,NA,NA,NA,nans,,,,,FB_1109
15,62f2fde8be74d7c0c7eb67cac4e8aeeaae94df99bf7021b600e8012bb5fd79f0,a,what_letter_in_the_latin_alphabet_corresponds_to_the_greek_letter_alpha_fill_01.wav,filler_other,NA,NA,NA,,,,,,
15,62f2fde8be74d7c0c7eb67cac4e8aeeaae94df99bf7021b600e8012bb5fd79f0,The question does NOT need any corrections.,what_organ_is_often_associated_with_being_eaten_by_rotting_flesh_monsters_also_known_as_zombies_fill_02.wav,filler_other,NA,NA,NA,nans,,,,,FB_1109
15,62f2fde8be74d7c0c7eb67cac4e8aeeaae94df99bf7021b600e8012bb5fd79f0,brain,what_organ_is_often_associated_with_being_eaten_by_rotting_flesh_monsters_also_known_as_zombies_fill_02.wav,filler_other,NA,NA,NA,,,,,,
15,62f2fde8be74d7c0c7eb67cac4e8aeeaae94df99bf7021b600e8012bb5fd79f0,The question needs to be CORRECTED.,which_british_celebrity_judge_often_harshly_critiqued_contestants_on_the_nationwide_singing_contest_american_idol_fill_03.wav,filler_other,NA,NA,NA,y,,otherirr,,,FB_1109
15,62f2fde8be74d7c0c7eb67cac4e8aeeaae94df99bf7021b600e8012bb5fd79f0,"Simon Cowell, critiques",which_british_celebrity_judge_often_harshly_critiqued_contestants_on_the_nationwide_singing_contest_american_idol_fill_03.wav,filler_other,NA,NA,NA,,,,,,
15,62f2fde8be74d7c0c7eb67cac4e8aeeaae94df99bf7021b600e8012bb5fd79f0,The question does NOT need any corrections.,which_cartoon_character_works_at_the_krusty_krab_and_is_best_friends_with_patrick_star_fill_04.wav,filler_other,NA,NA,NA,nans,,,,,FB_1109
15,62f2fde8be74d7c0c7eb67cac4e8aeeaae94df99bf7021b600e8012bb5fd79f0,Sponge-Bob Square Pants,which_cartoon_character_works_at_the_krusty_krab_and_is_best_friends_with_patrick_star_fill_04.wav,filler_other,NA,NA,NA,,,,,,
15,62f2fde8be74d7c0c7eb67cac4e8aeeaae94df99bf7021b600e8012bb5fd79f0,The question does NOT need any corrections.,which_body_part_did_van_gogh_allegedly_cut_off_after_an_argument_with_his_friend_fill_05.wav,filler_other,NA,NA,NA,nans,,,,,FB_1109
15,62f2fde8be74d7c0c7eb67cac4e8aeeaae94df99bf7021b600e8012bb5fd79f0,ear,which_body_part_did_van_gogh_allegedly_cut_off_after_an_argument_with_his_friend_fill_05.wav,filler_other,NA,NA,NA,,,,,,
15,62f2fde8be74d7c0c7eb67cac4e8aeeaae94df99bf7021b600e8012bb5fd79f0,The question does NOT need any corrections.,what_is_the_name_of_the_comic_strip_featuring_charlie_brown_and_his_dog_snoopy_fill_06.wav,filler_other,NA,NA,NA,nans,,,,,FB_1109
15,62f2fde8be74d7c0c7eb67cac4e8aeeaae94df99bf7021b600e8012bb5fd79f0,dont know the answer,what_is_the_name_of_the_comic_strip_featuring_charlie_brown_and_his_dog_snoopy_fill_06.wav,filler_other,NA,NA,NA,,,,,,
15,62f2fde8be74d7c0c7eb67cac4e8aeeaae94df99bf7021b600e8012bb5fd79f0,The question needs to be CORRECTED.,what_holiday_occurs_at_the_end_of_october_and_features_trick-or-treating_pumpkins_and_haunted_houses_fill_07.wav,filler_other,NA,NA,NA,y,,otherp,,,FB_1109
15,62f2fde8be74d7c0c7eb67cac4e8aeeaae94df99bf7021b600e8012bb5fd79f0,pumpkins not pumkings - Halloween,what_holiday_occurs_at_the_end_of_october_and_features_trick-or-treating_pumpkins_and_haunted_houses_fill_07.wav,filler_other,NA,NA,NA,,,,,,
15,62f2fde8be74d7c0c7eb67cac4e8aeeaae94df99bf7021b600e8012bb5fd79f0,The question does NOT need any corrections.,what_is_the_name_of_the_video_game_character_who_is_a_traveling_italian_plumber_fill_08.wav,filler_other,NA,NA,NA,nans,,,,,FB_1109
15,62f2fde8be74d7c0c7eb67cac4e8aeeaae94df99bf7021b600e8012bb5fd79f0,Mario,what_is_the_name_of_the_video_game_character_who_is_a_traveling_italian_plumber_fill_08.wav,filler_other,NA,NA,NA,,,,,,
15,62f2fde8be74d7c0c7eb67cac4e8aeeaae94df99bf7021b600e8012bb5fd79f0,The question does NOT need any corrections.,what_kind_of_animal_is_mickey_mouse’s_girlfriend_minnie_who_wears_a_bow_fill_09.wav,filler_other,NA,NA,NA,nans,,,,,FB_1109
15,62f2fde8be74d7c0c7eb67cac4e8aeeaae94df99bf7021b600e8012bb5fd79f0,mouse,what_kind_of_animal_is_mickey_mouse’s_girlfriend_minnie_who_wears_a_bow_fill_09.wav,filler_other,NA,NA,NA,,,,,,
15,62f2fde8be74d7c0c7eb67cac4e8aeeaae94df99bf7021b600e8012bb5fd79f0,The question does NOT need any corrections.,which_cartoon_dog_solves_mysteries_with_the_group_fred_daphne_velma_and_shaggy_fill_10.wav,filler_other,NA,NA,NA,nans,,,,,FB_1109
15,62f2fde8be74d7c0c7eb67cac4e8aeeaae94df99bf7021b600e8012bb5fd79f0,Scooby Doo,which_cartoon_dog_solves_mysteries_with_the_group_fred_daphne_velma_and_shaggy_fill_10.wav,filler_other,NA,NA,NA,,,,,,
15,62f2fde8be74d7c0c7eb67cac4e8aeeaae94df99bf7021b600e8012bb5fd79f0,The question does NOT need any corrections.,which_fast_food_chain_offers_foot-long_sandwiches_and_has_the_slogan_eat_fresh_fill_11.wav,filler_other,NA,NA,NA,nans,,,,,FB_1109
15,62f2fde8be74d7c0c7eb67cac4e8aeeaae94df99bf7021b600e8012bb5fd79f0,Subway,which_fast_food_chain_offers_foot-long_sandwiches_and_has_the_slogan_eat_fresh_fill_11.wav,filler_other,NA,NA,NA,,,,,,
15,62f2fde8be74d7c0c7eb67cac4e8aeeaae94df99bf7021b600e8012bb5fd79f0,The question does NOT need any corrections.,which_oscar-winning_movie_features_tom_hanks_saying_life_is_like_a_box_of_chocolates_fill_12.wav,filler_other,NA,NA,NA,nans,,,,,FB_1109
15,62f2fde8be74d7c0c7eb67cac4e8aeeaae94df99bf7021b600e8012bb5fd79f0,Forrest Gump,which_oscar-winning_movie_features_tom_hanks_saying_life_is_like_a_box_of_chocolates_fill_12.wav,filler_other,NA,NA,NA,,,,,,
15,62f2fde8be74d7c0c7eb67cac4e8aeeaae94df99bf7021b600e8012bb5fd79f0,The question does NOT need any corrections.,what_novel_has_the_quote_i’m_late_i’m_late_for_a_very_important_date_fill_13.wav,filler_other,NA,NA,NA,nans,,,,,FB_1109
15,62f2fde8be74d7c0c7eb67cac4e8aeeaae94df99bf7021b600e8012bb5fd79f0,Alice in Wonderland,what_novel_has_the_quote_i’m_late_i’m_late_for_a_very_important_date_fill_13.wav,filler_other,NA,NA,NA,,,,,,
15,62f2fde8be74d7c0c7eb67cac4e8aeeaae94df99bf7021b600e8012bb5fd79f0,The question needs to be CORRECTED.,what_mythical_creatures_have_been_said_to_drink_blood_turn_into_bats_and_hate_onions_fill_14.wav,filler_other,NA,NA,NA,y,,othernp,,,FB_1109
15,62f2fde8be74d7c0c7eb67cac4e8aeeaae94df99bf7021b600e8012bb5fd79f0,"vampire, turn not turned",what_mythical_creatures_have_been_said_to_drink_blood_turn_into_bats_and_hate_onions_fill_14.wav,filler_other,NA,NA,NA,,,,,,
15,62f2fde8be74d7c0c7eb67cac4e8aeeaae94df99bf7021b600e8012bb5fd79f0,The question does NOT need any corrections.,who_discovered_the_law_of_universal_gravitation_which_accounts_for_why_objects_naturally_fall_downwards_fill_15.wav,filler_other,NA,NA,NA,nans,,,,,FB_1109
15,62f2fde8be74d7c0c7eb67cac4e8aeeaae94df99bf7021b600e8012bb5fd79f0,Newton,who_discovered_the_law_of_universal_gravitation_which_accounts_for_why_objects_naturally_fall_downwards_fill_15.wav,filler_other,NA,NA,NA,,,,,,
15,62f2fde8be74d7c0c7eb67cac4e8aeeaae94df99bf7021b600e8012bb5fd79f0,The question does NOT need any corrections.,which_soft_pastry_made_with_a_certain_spice_is_often_spiral-shaped_and_topped_with_icing_fill_16.wav,filler_other,NA,NA,NA,nans,,,,,FB_1109
15,62f2fde8be74d7c0c7eb67cac4e8aeeaae94df99bf7021b600e8012bb5fd79f0,Cinnamon Roll,which_soft_pastry_made_with_a_certain_spice_is_often_spiral-shaped_and_topped_with_icing_fill_16.wav,filler_other,NA,NA,NA,,,,,,
15,62f2fde8be74d7c0c7eb67cac4e8aeeaae94df99bf7021b600e8012bb5fd79f0,The question does NOT need any corrections.,what_us_holiday_is_often_celebrated_with_fireworks_and_hotdogs_to_honor_americas_freedom_fill_17.wav,filler_other,NA,NA,NA,nans,,,,,FB_1109
15,62f2fde8be74d7c0c7eb67cac4e8aeeaae94df99bf7021b600e8012bb5fd79f0,Fourth of July,what_us_holiday_is_often_celebrated_with_fireworks_and_hotdogs_to_honor_americas_freedom_fill_17.wav,filler_other,NA,NA,NA,,,,,,
15,62f2fde8be74d7c0c7eb67cac4e8aeeaae94df99bf7021b600e8012bb5fd79f0,The question needs to be CORRECTED.,which_tropical_fruit_that_grows_on_palm_trees_is_used_for_oils_and_milks_fill_18.wav,filler_other,NA,NA,NA,y,,otherirr,,,FB_1109
15,62f2fde8be74d7c0c7eb67cac4e8aeeaae94df99bf7021b600e8012bb5fd79f0,"coconut, tropical fruit grows on",which_tropical_fruit_that_grows_on_palm_trees_is_used_for_oils_and_milks_fill_18.wav,filler_other,NA,NA,NA,,,,,,
15,62f2fde8be74d7c0c7eb67cac4e8aeeaae94df99bf7021b600e8012bb5fd79f0,The question does NOT need any corrections.,which_season_do_we_associate_with_thanksgiving_the_beginning_of_school_and_leaves_turning_brown_fill_19.wav,filler_other,NA,NA,NA,nans,,,,,FB_1109
15,62f2fde8be74d7c0c7eb67cac4e8aeeaae94df99bf7021b600e8012bb5fd79f0,fall,which_season_do_we_associate_with_thanksgiving_the_beginning_of_school_and_leaves_turning_brown_fill_19.wav,filler_other,NA,NA,NA,,,,,,
15,62f2fde8be74d7c0c7eb67cac4e8aeeaae94df99bf7021b600e8012bb5fd79f0,The question does NOT need any corrections.,what_musician_won_grammys_for_their_album_thriller_which_features_the_hit_song_beat_it_fill_20.wav,filler_other,NA,NA,NA,nans,,,,,FB_1109
15,62f2fde8be74d7c0c7eb67cac4e8aeeaae94df99bf7021b600e8012bb5fd79f0,Michael Jackson,what_musician_won_grammys_for_their_album_thriller_which_features_the_hit_song_beat_it_fill_20.wav,filler_other,NA,NA,NA,,,,,,
15,62f2fde8be74d7c0c7eb67cac4e8aeeaae94df99bf7021b600e8012bb5fd79f0,The question does NOT need any corrections.,what_animal_is_typically_white_with_black_spots_and_says_moo_fill_21.wav,filler_other,NA,NA,NA,nans,,,,,FB_1109
15,62f2fde8be74d7c0c7eb67cac4e8aeeaae94df99bf7021b600e8012bb5fd79f0,cow,what_animal_is_typically_white_with_black_spots_and_says_moo_fill_21.wav,filler_other,NA,NA,NA,,,,,,
15,62f2fde8be74d7c0c7eb67cac4e8aeeaae94df99bf7021b600e8012bb5fd79f0,The question does NOT need any corrections.,where_do_the_jolly_christmas_icons_santa_claus_and_his_wife_mrs._claus_live_fill_22.wav,filler_other,NA,NA,NA,nans,,,,,FB_1109
15,62f2fde8be74d7c0c7eb67cac4e8aeeaae94df99bf7021b600e8012bb5fd79f0,North Pole,where_do_the_jolly_christmas_icons_santa_claus_and_his_wife_mrs._claus_live_fill_22.wav,filler_other,NA,NA,NA,,,,,,
15,62f2fde8be74d7c0c7eb67cac4e8aeeaae94df99bf7021b600e8012bb5fd79f0,The question does NOT need any corrections.,in_the_famous_dr_seuss_book_what_orange_and_yellow_character_speaks_for_the_trees_fill_23.wav,filler_other,NA,NA,NA,nans,,,,,FB_1109
15,62f2fde8be74d7c0c7eb67cac4e8aeeaae94df99bf7021b600e8012bb5fd79f0,Lorax,in_the_famous_dr_seuss_book_what_orange_and_yellow_character_speaks_for_the_trees_fill_23.wav,filler_other,NA,NA,NA,,,,,,
15,62f2fde8be74d7c0c7eb67cac4e8aeeaae94df99bf7021b600e8012bb5fd79f0,The question needs to be CORRECTED.,in_what_country_would_you_find_landmarks_like_the_pyramids_of_giza_and_great_sphinx_fill_24.wav,filler_other,NA,NA,NA,y,,othernp,,,FB_1109
15,62f2fde8be74d7c0c7eb67cac4e8aeeaae94df99bf7021b600e8012bb5fd79f0,"Egypt, the great sphinx",in_what_country_would_you_find_landmarks_like_the_pyramids_of_giza_and_great_sphinx_fill_24.wav,filler_other,NA,NA,NA,,,,,,
16,640af64da24fe7f33be46873307b3e0a05f4d9f9f7dd1275fe4bd5e68fa0b556,The question does NOT need any corrections.,how_many_legs_does_a_dog_normally_have_fill_25.wav,att_check_good,NA,NA,NA,nans,,,a,,FB_1109
16,640af64da24fe7f33be46873307b3e0a05f4d9f9f7dd1275fe4bd5e68fa0b556,four,how_many_legs_does_a_dog_normally_have_fill_25.wav,att_check_good,NA,NA,NA,,,,,,
16,640af64da24fe7f33be46873307b3e0a05f4d9f9f7dd1275fe4bd5e68fa0b556,The question does NOT need any corrections.,what_state_is_los_angeles_located_in_fill_26.wav,att_check_good,NA,NA,NA,nans,,,a,,FB_1109
16,640af64da24fe7f33be46873307b3e0a05f4d9f9f7dd1275fe4bd5e68fa0b556,California,what_state_is_los_angeles_located_in_fill_26.wav,att_check_good,NA,NA,NA,,,,,,
16,640af64da24fe7f33be46873307b3e0a05f4d9f9f7dd1275fe4bd5e68fa0b556,The question does NOT need any corrections.,what_day_of_the_week_comes_after_monday_fill_27.wav,att_check_good,NA,NA,NA,nans,,,a,,FB_1109
16,640af64da24fe7f33be46873307b3e0a05f4d9f9f7dd1275fe4bd5e68fa0b556,Tuesday,what_day_of_the_week_comes_after_monday_fill_27.wav,att_check_good,NA,NA,NA,,,,,,
16,640af64da24fe7f33be46873307b3e0a05f4d9f9f7dd1275fe4bd5e68fa0b556,The question does NOT need any corrections.,what_color_is_a_typical_school_bus_fill_28.wav,att_check_good,NA,NA,NA,nans,,,a,,FB_1109
16,640af64da24fe7f33be46873307b3e0a05f4d9f9f7dd1275fe4bd5e68fa0b556,yellow,what_color_is_a_typical_school_bus_fill_28.wav,att_check_good,NA,NA,NA,,,,,,
16,640af64da24fe7f33be46873307b3e0a05f4d9f9f7dd1275fe4bd5e68fa0b556,The question needs to be CORRECTED.,in_the_cycle_of_seasons_what_season_comes_after_dinter_fill_29.wav,att_check_err,NA,NA,NA,y,,acheckp,,,FB_1109
16,640af64da24fe7f33be46873307b3e0a05f4d9f9f7dd1275fe4bd5e68fa0b556,"Spring. ""Winter"" is slurred",in_the_cycle_of_seasons_what_season_comes_after_dinter_fill_29.wav,att_check_err,NA,NA,NA,,,,,,
16,640af64da24fe7f33be46873307b3e0a05f4d9f9f7dd1275fe4bd5e68fa0b556,The question needs to be CORRECTED.,what_insect_undergoes_a_process_of_change_to_turn_into_a_butterfy_fill_30.wav,att_check_err,NA,NA,NA,y,,acheckp,,,FB_1109
16,640af64da24fe7f33be46873307b3e0a05f4d9f9f7dd1275fe4bd5e68fa0b556,catapillar. butterfly is not spoken clearly,what_insect_undergoes_a_process_of_change_to_turn_into_a_butterfy_fill_30.wav,att_check_err,NA,NA,NA,,,,,,
16,640af64da24fe7f33be46873307b3e0a05f4d9f9f7dd1275fe4bd5e68fa0b556,The question needs to be CORRECTED.,what_is_the_largest_plant_in_the_solar_system_fill_31.wav,att_check_err,NA,NA,NA,y,,acheckp,,,FB_1109
16,640af64da24fe7f33be46873307b3e0a05f4d9f9f7dd1275fe4bd5e68fa0b556,"Sun. sounds like ""plant"" but should be planet.",what_is_the_largest_plant_in_the_solar_system_fill_31.wav,att_check_err,NA,NA,NA,,,,,,
16,640af64da24fe7f33be46873307b3e0a05f4d9f9f7dd1275fe4bd5e68fa0b556,The question needs to be CORRECTED.,how_many_embers_were_in_the_beatles_the_british_rock_band_fill_32.wav,att_check_err,NA,NA,NA,y,,acheckp,,,FB_1109
16,640af64da24fe7f33be46873307b3e0a05f4d9f9f7dd1275fe4bd5e68fa0b556,"Four. ""members"" is not clear",how_many_embers_were_in_the_beatles_the_british_rock_band_fill_32.wav,att_check_err,NA,NA,NA,,,,,,
16,640af64da24fe7f33be46873307b3e0a05f4d9f9f7dd1275fe4bd5e68fa0b556,"The question does NOT need any corrections, but I don't know the answer/ I don't understand what the question is asking.",for_what_pink_ice_cream_flavor_wheel_companies_make_their_best_to_use_real_fruit_targ_01_D.wav,target,both_err,make vs. other verb,/ɪ/ --> /i/; will/wheel,nun,,,,,FB_1109
16,640af64da24fe7f33be46873307b3e0a05f4d9f9f7dd1275fe4bd5e68fa0b556,NA,for_what_pink_ice_cream_flavor_wheel_companies_make_their_best_to_use_real_fruit_targ_01_D.wav,target,both_err,make vs. other verb,/ɪ/ --> /i/; will/wheel,,,,,,
16,640af64da24fe7f33be46873307b3e0a05f4d9f9f7dd1275fe4bd5e68fa0b556,"The question does NOT need any corrections, but I don't know the answer/ I don't understand what the question is asking.",what_term_refers_to_armored_men_who_enjoyed_carrying_medieval_swords_that_clash_in_combat_targ_02_A.wav,target,correct,infinitive vs. participle,/ʃ/ --> /s/; clash/class,nun,,,,,FB_1109
16,640af64da24fe7f33be46873307b3e0a05f4d9f9f7dd1275fe4bd5e68fa0b556,NA,what_term_refers_to_armored_men_who_enjoyed_carrying_medieval_swords_that_clash_in_combat_targ_02_A.wav,target,correct,infinitive vs. participle,/ʃ/ --> /s/; clash/class,,,,,,
16,640af64da24fe7f33be46873307b3e0a05f4d9f9f7dd1275fe4bd5e68fa0b556,"The question does NOT need any corrections, but I don't know the answer/ I don't understand what the question is asking.",which_scottish_actor_first_played_james_bond_wearing_guilts_to_red_carpets_when_he_was_32_years_old_targ_03_B.wav,target,phon_err,have vs. be,/k/ --> /g/; kilt/guilt,nun,,,,,FB_1109
16,640af64da24fe7f33be46873307b3e0a05f4d9f9f7dd1275fe4bd5e68fa0b556,NA,which_scottish_actor_first_played_james_bond_wearing_guilts_to_red_carpets_when_he_was_32_years_old_targ_03_B.wav,target,phon_err,have vs. be,/k/ --> /g/; kilt/guilt,,,,,,
16,640af64da24fe7f33be46873307b3e0a05f4d9f9f7dd1275fe4bd5e68fa0b556,The question needs to be CORRECTED.,what_neil_armstrong_say_during_his_very_first_steps_on_the_moon_targ_04_C.wav,target,non_phon_err,no aux verbs in questions (lack of do support),/v/ --> /b/; very/berry,y,,np,,,FB_1109
16,640af64da24fe7f33be46873307b3e0a05f4d9f9f7dd1275fe4bd5e68fa0b556,"One small step for man, one small step for mankind. should be ""what did Neil Armstrong say""",what_neil_armstrong_say_during_his_very_first_steps_on_the_moon_targ_04_C.wav,target,non_phon_err,no aux verbs in questions (lack of do support),/v/ --> /b/; very/berry,,,,,,
16,640af64da24fe7f33be46873307b3e0a05f4d9f9f7dd1275fe4bd5e68fa0b556,The question needs to be CORRECTED.,what_kind_of_weather_cooed_cooled_occur_when_is_raining_and_below_freezing_targ_05_D.wav,target,both_err,expletive 'it' dropping,/ʊ/ --> /u/; could/cooed,y,,other,,said end of sentence was difficult to understand but didn't specify error,FB_1109
16,640af64da24fe7f33be46873307b3e0a05f4d9f9f7dd1275fe4bd5e68fa0b556,Ice; Hard to understand at the end of the sentence,what_kind_of_weather_cooed_cooled_occur_when_is_raining_and_below_freezing_targ_05_D.wav,target,both_err,expletive 'it' dropping,/ʊ/ --> /u/; could/cooed,,,,,,
16,640af64da24fe7f33be46873307b3e0a05f4d9f9f7dd1275fe4bd5e68fa0b556,"The question does NOT need any corrections, but I don't know the answer/ I don't understand what the question is asking.",how_many_legs_does_a_canadian_garden_spider_whose_silk_can_make_cloth_have_targ_06_A.wav,target,correct,adj/noun order,/θ/ --> /t/; cloth/clot,nun,,,,,FB_1109
16,640af64da24fe7f33be46873307b3e0a05f4d9f9f7dd1275fe4bd5e68fa0b556,NA,how_many_legs_does_a_canadian_garden_spider_whose_silk_can_make_cloth_have_targ_06_A.wav,target,correct,adj/noun order,/θ/ --> /t/; cloth/clot,,,,,,
16,640af64da24fe7f33be46873307b3e0a05f4d9f9f7dd1275fe4bd5e68fa0b556,The question needs to be CORRECTED.,what_childrens_game_makes_people_seat_down_quickly_when_the_loud_music_stops_targ_07_B.wav,target,phon_err,adj/noun order,/ɪ/ --> /i/; sit/seat,y,,p,,,FB_1109
16,640af64da24fe7f33be46873307b3e0a05f4d9f9f7dd1275fe4bd5e68fa0b556,"musical chairs. ""sit down"" is not clear",what_childrens_game_makes_people_seat_down_quickly_when_the_loud_music_stops_targ_07_B.wav,target,phon_err,adj/noun order,/ɪ/ --> /i/; sit/seat,,,,,,
16,640af64da24fe7f33be46873307b3e0a05f4d9f9f7dd1275fe4bd5e68fa0b556,The question does NOT need any corrections.,because_is_important_to_honor_the_irish_saint_what_holiday_occurs_on_march_17th_targ_08_C.wav,target,non_phon_err,expletive 'it' dropping,/ʃ/ --> /s/; Irish/iris,nans,,,,,FB_1109
16,640af64da24fe7f33be46873307b3e0a05f4d9f9f7dd1275fe4bd5e68fa0b556,st. patrick's day,because_is_important_to_honor_the_irish_saint_what_holiday_occurs_on_march_17th_targ_08_C.wav,target,non_phon_err,expletive 'it' dropping,/ʃ/ --> /s/; Irish/iris,,,,,,
16,640af64da24fe7f33be46873307b3e0a05f4d9f9f7dd1275fe4bd5e68fa0b556,The question does NOT need any corrections.,if_laundry_service_will_gum_in_five_days_and_todays_thursday_when_are_they_making_laundry_next_targ_09_D.wav,target,both_err,make vs. other verb,/k/ --> /g/; come/gum,nans,,,,,FB_1109
16,640af64da24fe7f33be46873307b3e0a05f4d9f9f7dd1275fe4bd5e68fa0b556,tuesday,if_laundry_service_will_gum_in_five_days_and_todays_thursday_when_are_they_making_laundry_next_targ_09_D.wav,target,both_err,make vs. other verb,/k/ --> /g/; come/gum,,,,,,
16,640af64da24fe7f33be46873307b3e0a05f4d9f9f7dd1275fe4bd5e68fa0b556,"The question does NOT need any corrections, but I don't know the answer/ I don't understand what the question is asking.",who_did_americans_vote_for_to_be_their_first_president_who_avoided_serving_three_terms_targ_10_A.wav,target,correct,infinitive vs. participle,/v/ --> /b/; vote/boat,nun,,,,,FB_1109
16,640af64da24fe7f33be46873307b3e0a05f4d9f9f7dd1275fe4bd5e68fa0b556,NA,who_did_americans_vote_for_to_be_their_first_president_who_avoided_serving_three_terms_targ_10_A.wav,target,correct,infinitive vs. participle,/v/ --> /b/; vote/boat,,,,,,
16,640af64da24fe7f33be46873307b3e0a05f4d9f9f7dd1275fe4bd5e68fa0b556,The question needs to be CORRECTED.,what_colors_can_be_on_a_traffic_light_which_often_senses_when_cars_pool_up_targ_11_B.wav,target,phon_err,have vs. be,/ʊ/ --> /u/; pulls/pools,y,,otherirr,,,FB_1109
16,640af64da24fe7f33be46873307b3e0a05f4d9f9f7dd1275fe4bd5e68fa0b556,"Red, green, yellow. A traffic light usually doesn't sense when a car pulls up.",what_colors_can_be_on_a_traffic_light_which_often_senses_when_cars_pool_up_targ_11_B.wav,target,phon_err,have vs. be,/ʊ/ --> /u/; pulls/pools,,,,,,
16,640af64da24fe7f33be46873307b3e0a05f4d9f9f7dd1275fe4bd5e68fa0b556,The question does NOT need any corrections.,if_youre_on_a_path_from_california_to_hawaii_which_ocean_you_go_through_targ_12_C.wav,target,non_phon_err,no aux verbs in questions (lack of do support),/θ/ --> /t/; path/pat,nans,,,,,FB_1109
16,640af64da24fe7f33be46873307b3e0a05f4d9f9f7dd1275fe4bd5e68fa0b556,pacific,if_youre_on_a_path_from_california_to_hawaii_which_ocean_you_go_through_targ_12_C.wav,target,non_phon_err,no aux verbs in questions (lack of do support),/θ/ --> /t/; path/pat,,,,,,
16,640af64da24fe7f33be46873307b3e0a05f4d9f9f7dd1275fe4bd5e68fa0b556,The question needs to be CORRECTED.,what_supplies_you_need_to_neat_a_scarf_targ_13_D.wav,target,both_err,no aux verbs in questions (lack of do support),/ɪ/ --> /i/; knit/neat,y,,p,,,FB_1109
16,640af64da24fe7f33be46873307b3e0a05f4d9f9f7dd1275fe4bd5e68fa0b556,yarn. knit is not spoken clearly.,what_supplies_you_need_to_neat_a_scarf_targ_13_D.wav,target,both_err,no aux verbs in questions (lack of do support),/ɪ/ --> /i/; knit/neat,,,,,,
16,640af64da24fe7f33be46873307b3e0a05f4d9f9f7dd1275fe4bd5e68fa0b556,"The question does NOT need any corrections, but I don't know the answer/ I don't understand what the question is asking.",what_city_have_people_rushed_to_tour_to_see_where_the_us_government_does_business_targ_14_A.wav,target,correct,make vs. other verb,/ʃ/ --> /s/; rushed/rust,nun,,,,,FB_1109
16,640af64da24fe7f33be46873307b3e0a05f4d9f9f7dd1275fe4bd5e68fa0b556,NA,what_city_have_people_rushed_to_tour_to_see_where_the_us_government_does_business_targ_14_A.wav,target,correct,make vs. other verb,/ʃ/ --> /s/; rushed/rust,,,,,,
16,640af64da24fe7f33be46873307b3e0a05f4d9f9f7dd1275fe4bd5e68fa0b556,The question needs to be CORRECTED.,what_colors_make_up_a_traditional_candy_gain_which_people_enjoy_eating_during_christmas_targ_15_B.wav,target,phon_err,infinitive vs. participle,/k/ --> /g/; cane/gain,y,,p,,,FB_1109
16,640af64da24fe7f33be46873307b3e0a05f4d9f9f7dd1275fe4bd5e68fa0b556,"Red and white. ""candy cane"" is not spoken clearly",what_colors_make_up_a_traditional_candy_gain_which_people_enjoy_eating_during_christmas_targ_15_B.wav,target,phon_err,infinitive vs. participle,/k/ --> /g/; cane/gain,,,,,,
16,640af64da24fe7f33be46873307b3e0a05f4d9f9f7dd1275fe4bd5e68fa0b556,The question needs to be CORRECTED.,where_do_people_get_drivers_licenses_since_is_required_as_valid_id_to_drive_targ_16_C.wav,target,non_phon_err,expletive 'it' dropping,/v/ --> /b/; valid/ballad,y,,othernp,,ambiguous: the answer doesn't explicitly mention the intended error ,FB_1109
16,640af64da24fe7f33be46873307b3e0a05f4d9f9f7dd1275fe4bd5e68fa0b556,"RMV. should be ""a valid drivers license""",where_do_people_get_drivers_licenses_since_is_required_as_valid_id_to_drive_targ_16_C.wav,target,non_phon_err,expletive 'it' dropping,/v/ --> /b/; valid/ballad,,,,,,
16,640af64da24fe7f33be46873307b3e0a05f4d9f9f7dd1275fe4bd5e68fa0b556,The question needs to be CORRECTED.,how_many_days_wooed_wooled_my_bike_tandem_be_gone_if_someone_borrows_it_for_july_targ_17_D.wav,target,both_err,adj/noun order,/ʊ/ --> /u/; would/wooed,y,,p?,,mentioned intended p error but misheard it as 'will',FB_1109
16,640af64da24fe7f33be46873307b3e0a05f4d9f9f7dd1275fe4bd5e68fa0b556,"I think ""will"" is slurred",how_many_days_wooed_wooled_my_bike_tandem_be_gone_if_someone_borrows_it_for_july_targ_17_D.wav,target,both_err,adj/noun order,/ʊ/ --> /u/; would/wooed,,,,,,
16,640af64da24fe7f33be46873307b3e0a05f4d9f9f7dd1275fe4bd5e68fa0b556,The question does NOT need any corrections.,when_you_are_hot_what_device_measures_body_temperature_in_both_celsius_and_fahrenheit_targ_18_A.wav,target,correct,have vs. be,/θ/ --> /t/; both/boat,nans,,,,,FB_1109
16,640af64da24fe7f33be46873307b3e0a05f4d9f9f7dd1275fe4bd5e68fa0b556,thermometer,when_you_are_hot_what_device_measures_body_temperature_in_both_celsius_and_fahrenheit_targ_18_A.wav,target,correct,have vs. be,/θ/ --> /t/; both/boat,,,,,,
16,640af64da24fe7f33be46873307b3e0a05f4d9f9f7dd1275fe4bd5e68fa0b556,The question needs to be CORRECTED.,what_big_star_in_our_solar_system_can_steal_be_visible_when_it_is_cloudy_targ_19_B.wav,target,phon_err,expletive 'it' dropping,/ɪ/ --> /i/; still/steal,y,,otherp,,,FB_1109
16,640af64da24fe7f33be46873307b3e0a05f4d9f9f7dd1275fe4bd5e68fa0b556,"Moon. ""visible"" is not clear and ""cloudy"" is not clear",what_big_star_in_our_solar_system_can_steal_be_visible_when_it_is_cloudy_targ_19_B.wav,target,phon_err,expletive 'it' dropping,/ɪ/ --> /i/; still/steal,,,,,,
16,640af64da24fe7f33be46873307b3e0a05f4d9f9f7dd1275fe4bd5e68fa0b556,The question needs to be CORRECTED.,what_popular_us_chain_provides_a_happy_meal_toy_or_plush_when_kids_have_hungry_targ_20_C.wav,target,non_phon_err,have vs. be,/ʃ/ --> /s/; plush/plus,y,,np,,,FB_1109
16,640af64da24fe7f33be46873307b3e0a05f4d9f9f7dd1275fe4bd5e68fa0b556,"McDonalds. It is not ""have hungry""",what_popular_us_chain_provides_a_happy_meal_toy_or_plush_when_kids_have_hungry_targ_20_C.wav,target,non_phon_err,have vs. be,/ʃ/ --> /s/; plush/plus,,,,,,
16,640af64da24fe7f33be46873307b3e0a05f4d9f9f7dd1275fe4bd5e68fa0b556,"The question does NOT need any corrections, but I don't know the answer/ I don't understand what the question is asking.",in_the_lion_king_who_nala_talk_to_and_is_laying_in_a_got_after_theyve_reunited_targ_21_D.wav,target,both_err,no aux verbs in questions (lack of do support),/k/ --> /g/; cot/got,nun,,,,,FB_1109
16,640af64da24fe7f33be46873307b3e0a05f4d9f9f7dd1275fe4bd5e68fa0b556,NA,in_the_lion_king_who_nala_talk_to_and_is_laying_in_a_got_after_theyve_reunited_targ_21_D.wav,target,both_err,no aux verbs in questions (lack of do support),/k/ --> /g/; cot/got,,,,,,
16,640af64da24fe7f33be46873307b3e0a05f4d9f9f7dd1275fe4bd5e68fa0b556,The question does NOT need any corrections.,if_a_hardworking_janitor_cleaned_a_vent_in_five_minutes_how_many_seconds_is_that_targ_22_A.wav,target,correct,adj/noun order,/v/ --> /b/; vent/bent,nans,,,,,FB_1109
16,640af64da24fe7f33be46873307b3e0a05f4d9f9f7dd1275fe4bd5e68fa0b556,300,if_a_hardworking_janitor_cleaned_a_vent_in_five_minutes_how_many_seconds_is_that_targ_22_A.wav,target,correct,adj/noun order,/v/ --> /b/; vent/bent,,,,,,
16,640af64da24fe7f33be46873307b3e0a05f4d9f9f7dd1275fe4bd5e68fa0b556,The question does NOT need any corrections.,what_company_created_the_macbook_a_device_fool_of_features_to_help_students_do_homework_targ_23_B.wav,target,phon_err,make vs. other verb,/ʊ/ --> /u/; full/fool,nans,,,,,FB_1109
16,640af64da24fe7f33be46873307b3e0a05f4d9f9f7dd1275fe4bd5e68fa0b556,Apple,what_company_created_the_macbook_a_device_fool_of_features_to_help_students_do_homework_targ_23_B.wav,target,phon_err,make vs. other verb,/ʊ/ --> /u/; full/fool,,,,,,
16,640af64da24fe7f33be46873307b3e0a05f4d9f9f7dd1275fe4bd5e68fa0b556,The question needs to be CORRECTED.,if_i_consider_to_leave_work_after_the_fourth_hour_how_many_minutes_would_that_be_targ_24_C.wav,target,non_phon_err,infinitive vs. participle,/θ/ --> /t/; fourth/fort,y,,np,,,FB_1109
16,640af64da24fe7f33be46873307b3e0a05f4d9f9f7dd1275fe4bd5e68fa0b556,"240; ""If I consider to leave"" is not considered grammatically correct",if_i_consider_to_leave_work_after_the_fourth_hour_how_many_minutes_would_that_be_targ_24_C.wav,target,non_phon_err,infinitive vs. participle,/θ/ --> /t/; fourth/fort,,,,,,
16,640af64da24fe7f33be46873307b3e0a05f4d9f9f7dd1275fe4bd5e68fa0b556,"The question does NOT need any corrections, but I don't know the answer/ I don't understand what the question is asking.",what_letter_in_the_latin_alphabet_corresponds_to_the_greek_letter_alpha_fill_01.wav,filler_other,NA,NA,NA,nun,,,,,FB_1109
16,640af64da24fe7f33be46873307b3e0a05f4d9f9f7dd1275fe4bd5e68fa0b556,NA,what_letter_in_the_latin_alphabet_corresponds_to_the_greek_letter_alpha_fill_01.wav,filler_other,NA,NA,NA,,,,,,
16,640af64da24fe7f33be46873307b3e0a05f4d9f9f7dd1275fe4bd5e68fa0b556,"The question does NOT need any corrections, but I don't know the answer/ I don't understand what the question is asking.",what_organ_is_often_associated_with_being_eaten_by_rotting_flesh_monsters_also_known_as_zombies_fill_02.wav,filler_other,NA,NA,NA,nun,,,,,FB_1109
16,640af64da24fe7f33be46873307b3e0a05f4d9f9f7dd1275fe4bd5e68fa0b556,NA,what_organ_is_often_associated_with_being_eaten_by_rotting_flesh_monsters_also_known_as_zombies_fill_02.wav,filler_other,NA,NA,NA,,,,,,
16,640af64da24fe7f33be46873307b3e0a05f4d9f9f7dd1275fe4bd5e68fa0b556,The question needs to be CORRECTED.,which_british_celebrity_judge_often_harshly_critiqued_contestants_on_the_nationwide_singing_contest_american_idol_fill_03.wav,filler_other,NA,NA,NA,y,,otherirr,,,FB_1109
16,640af64da24fe7f33be46873307b3e0a05f4d9f9f7dd1275fe4bd5e68fa0b556,Simon Cowell. Critic is slurred,which_british_celebrity_judge_often_harshly_critiqued_contestants_on_the_nationwide_singing_contest_american_idol_fill_03.wav,filler_other,NA,NA,NA,,,,,,
16,640af64da24fe7f33be46873307b3e0a05f4d9f9f7dd1275fe4bd5e68fa0b556,The question does NOT need any corrections.,which_cartoon_character_works_at_the_krusty_krab_and_is_best_friends_with_patrick_star_fill_04.wav,filler_other,NA,NA,NA,nans,,,,,FB_1109
16,640af64da24fe7f33be46873307b3e0a05f4d9f9f7dd1275fe4bd5e68fa0b556,Spongebob,which_cartoon_character_works_at_the_krusty_krab_and_is_best_friends_with_patrick_star_fill_04.wav,filler_other,NA,NA,NA,,,,,,
16,640af64da24fe7f33be46873307b3e0a05f4d9f9f7dd1275fe4bd5e68fa0b556,The question needs to be CORRECTED.,which_body_part_did_van_gogh_allegedly_cut_off_after_an_argument_with_his_friend_fill_05.wav,filler_other,NA,NA,NA,y,,other,,selected wrong answer choice - response was only an answer and contains no indication of errors ,FB_1109
16,640af64da24fe7f33be46873307b3e0a05f4d9f9f7dd1275fe4bd5e68fa0b556,Finger,which_body_part_did_van_gogh_allegedly_cut_off_after_an_argument_with_his_friend_fill_05.wav,filler_other,NA,NA,NA,,,,,,
16,640af64da24fe7f33be46873307b3e0a05f4d9f9f7dd1275fe4bd5e68fa0b556,The question does NOT need any corrections.,what_is_the_name_of_the_comic_strip_featuring_charlie_brown_and_his_dog_snoopy_fill_06.wav,filler_other,NA,NA,NA,nans,,,,,FB_1109
16,640af64da24fe7f33be46873307b3e0a05f4d9f9f7dd1275fe4bd5e68fa0b556,Charlie Brown,what_is_the_name_of_the_comic_strip_featuring_charlie_brown_and_his_dog_snoopy_fill_06.wav,filler_other,NA,NA,NA,,,,,,
16,640af64da24fe7f33be46873307b3e0a05f4d9f9f7dd1275fe4bd5e68fa0b556,The question needs to be CORRECTED.,what_holiday_occurs_at_the_end_of_october_and_features_trick-or-treating_pumpkins_and_haunted_houses_fill_07.wav,filler_other,NA,NA,NA,y,,otherirr,,,FB_1109
16,640af64da24fe7f33be46873307b3e0a05f4d9f9f7dd1275fe4bd5e68fa0b556,"Halloween. ""Occurs"" is slurred",what_holiday_occurs_at_the_end_of_october_and_features_trick-or-treating_pumpkins_and_haunted_houses_fill_07.wav,filler_other,NA,NA,NA,,,,,,
16,640af64da24fe7f33be46873307b3e0a05f4d9f9f7dd1275fe4bd5e68fa0b556,The question does NOT need any corrections.,what_is_the_name_of_the_video_game_character_who_is_a_traveling_italian_plumber_fill_08.wav,filler_other,NA,NA,NA,nans,,,,,FB_1109
16,640af64da24fe7f33be46873307b3e0a05f4d9f9f7dd1275fe4bd5e68fa0b556,mario,what_is_the_name_of_the_video_game_character_who_is_a_traveling_italian_plumber_fill_08.wav,filler_other,NA,NA,NA,,,,,,
16,640af64da24fe7f33be46873307b3e0a05f4d9f9f7dd1275fe4bd5e68fa0b556,The question does NOT need any corrections.,what_kind_of_animal_is_mickey_mouse’s_girlfriend_minnie_who_wears_a_bow_fill_09.wav,filler_other,NA,NA,NA,nans,,,,,FB_1109
16,640af64da24fe7f33be46873307b3e0a05f4d9f9f7dd1275fe4bd5e68fa0b556,mouse,what_kind_of_animal_is_mickey_mouse’s_girlfriend_minnie_who_wears_a_bow_fill_09.wav,filler_other,NA,NA,NA,,,,,,
16,640af64da24fe7f33be46873307b3e0a05f4d9f9f7dd1275fe4bd5e68fa0b556,The question does NOT need any corrections.,which_cartoon_dog_solves_mysteries_with_the_group_fred_daphne_velma_and_shaggy_fill_10.wav,filler_other,NA,NA,NA,nans,,,,,FB_1109
16,640af64da24fe7f33be46873307b3e0a05f4d9f9f7dd1275fe4bd5e68fa0b556,scooby do,which_cartoon_dog_solves_mysteries_with_the_group_fred_daphne_velma_and_shaggy_fill_10.wav,filler_other,NA,NA,NA,,,,,,
16,640af64da24fe7f33be46873307b3e0a05f4d9f9f7dd1275fe4bd5e68fa0b556,The question does NOT need any corrections.,which_fast_food_chain_offers_foot-long_sandwiches_and_has_the_slogan_eat_fresh_fill_11.wav,filler_other,NA,NA,NA,nans,,,,,FB_1109
16,640af64da24fe7f33be46873307b3e0a05f4d9f9f7dd1275fe4bd5e68fa0b556,Subway,which_fast_food_chain_offers_foot-long_sandwiches_and_has_the_slogan_eat_fresh_fill_11.wav,filler_other,NA,NA,NA,,,,,,
16,640af64da24fe7f33be46873307b3e0a05f4d9f9f7dd1275fe4bd5e68fa0b556,The question does NOT need any corrections.,which_oscar-winning_movie_features_tom_hanks_saying_life_is_like_a_box_of_chocolates_fill_12.wav,filler_other,NA,NA,NA,nans,,,,,FB_1109
16,640af64da24fe7f33be46873307b3e0a05f4d9f9f7dd1275fe4bd5e68fa0b556,Forrest Gump,which_oscar-winning_movie_features_tom_hanks_saying_life_is_like_a_box_of_chocolates_fill_12.wav,filler_other,NA,NA,NA,,,,,,
16,640af64da24fe7f33be46873307b3e0a05f4d9f9f7dd1275fe4bd5e68fa0b556,"The question does NOT need any corrections, but I don't know the answer/ I don't understand what the question is asking.",what_novel_has_the_quote_i’m_late_i’m_late_for_a_very_important_date_fill_13.wav,filler_other,NA,NA,NA,nun,,,,,FB_1109
16,640af64da24fe7f33be46873307b3e0a05f4d9f9f7dd1275fe4bd5e68fa0b556,NA,what_novel_has_the_quote_i’m_late_i’m_late_for_a_very_important_date_fill_13.wav,filler_other,NA,NA,NA,,,,,,
16,640af64da24fe7f33be46873307b3e0a05f4d9f9f7dd1275fe4bd5e68fa0b556,The question needs to be CORRECTED.,what_mythical_creatures_have_been_said_to_drink_blood_turn_into_bats_and_hate_onions_fill_14.wav,filler_other,NA,NA,NA,y,,otherirr,,,FB_1109
16,640af64da24fe7f33be46873307b3e0a05f4d9f9f7dd1275fe4bd5e68fa0b556,"Vampires. ""said"" is slurred",what_mythical_creatures_have_been_said_to_drink_blood_turn_into_bats_and_hate_onions_fill_14.wav,filler_other,NA,NA,NA,,,,,,
16,640af64da24fe7f33be46873307b3e0a05f4d9f9f7dd1275fe4bd5e68fa0b556,The question does NOT need any corrections.,who_discovered_the_law_of_universal_gravitation_which_accounts_for_why_objects_naturally_fall_downwards_fill_15.wav,filler_other,NA,NA,NA,nans,,,,,FB_1109
16,640af64da24fe7f33be46873307b3e0a05f4d9f9f7dd1275fe4bd5e68fa0b556,einstein,who_discovered_the_law_of_universal_gravitation_which_accounts_for_why_objects_naturally_fall_downwards_fill_15.wav,filler_other,NA,NA,NA,,,,,,
16,640af64da24fe7f33be46873307b3e0a05f4d9f9f7dd1275fe4bd5e68fa0b556,The question does NOT need any corrections.,which_soft_pastry_made_with_a_certain_spice_is_often_spiral-shaped_and_topped_with_icing_fill_16.wav,filler_other,NA,NA,NA,nans,,,,,FB_1109
16,640af64da24fe7f33be46873307b3e0a05f4d9f9f7dd1275fe4bd5e68fa0b556,cinnamin bun,which_soft_pastry_made_with_a_certain_spice_is_often_spiral-shaped_and_topped_with_icing_fill_16.wav,filler_other,NA,NA,NA,,,,,,
16,640af64da24fe7f33be46873307b3e0a05f4d9f9f7dd1275fe4bd5e68fa0b556,The question does NOT need any corrections.,what_us_holiday_is_often_celebrated_with_fireworks_and_hotdogs_to_honor_americas_freedom_fill_17.wav,filler_other,NA,NA,NA,nans,,,,,FB_1109
16,640af64da24fe7f33be46873307b3e0a05f4d9f9f7dd1275fe4bd5e68fa0b556,Independence Day,what_us_holiday_is_often_celebrated_with_fireworks_and_hotdogs_to_honor_americas_freedom_fill_17.wav,filler_other,NA,NA,NA,,,,,,
16,640af64da24fe7f33be46873307b3e0a05f4d9f9f7dd1275fe4bd5e68fa0b556,The question does NOT need any corrections.,which_tropical_fruit_that_grows_on_palm_trees_is_used_for_oils_and_milks_fill_18.wav,filler_other,NA,NA,NA,nans,,,,,FB_1109
16,640af64da24fe7f33be46873307b3e0a05f4d9f9f7dd1275fe4bd5e68fa0b556,cocanut,which_tropical_fruit_that_grows_on_palm_trees_is_used_for_oils_and_milks_fill_18.wav,filler_other,NA,NA,NA,,,,,,
16,640af64da24fe7f33be46873307b3e0a05f4d9f9f7dd1275fe4bd5e68fa0b556,"The question does NOT need any corrections, but I don't know the answer/ I don't understand what the question is asking.",which_season_do_we_associate_with_thanksgiving_the_beginning_of_school_and_leaves_turning_brown_fill_19.wav,filler_other,NA,NA,NA,nun,,,,,FB_1109
16,640af64da24fe7f33be46873307b3e0a05f4d9f9f7dd1275fe4bd5e68fa0b556,NA,which_season_do_we_associate_with_thanksgiving_the_beginning_of_school_and_leaves_turning_brown_fill_19.wav,filler_other,NA,NA,NA,,,,,,
16,640af64da24fe7f33be46873307b3e0a05f4d9f9f7dd1275fe4bd5e68fa0b556,The question does NOT need any corrections.,what_musician_won_grammys_for_their_album_thriller_which_features_the_hit_song_beat_it_fill_20.wav,filler_other,NA,NA,NA,nans,,,,,FB_1109
16,640af64da24fe7f33be46873307b3e0a05f4d9f9f7dd1275fe4bd5e68fa0b556,michael jackson,what_musician_won_grammys_for_their_album_thriller_which_features_the_hit_song_beat_it_fill_20.wav,filler_other,NA,NA,NA,,,,,,
16,640af64da24fe7f33be46873307b3e0a05f4d9f9f7dd1275fe4bd5e68fa0b556,The question does NOT need any corrections.,what_animal_is_typically_white_with_black_spots_and_says_moo_fill_21.wav,filler_other,NA,NA,NA,nans,,,,,FB_1109
16,640af64da24fe7f33be46873307b3e0a05f4d9f9f7dd1275fe4bd5e68fa0b556,cow,what_animal_is_typically_white_with_black_spots_and_says_moo_fill_21.wav,filler_other,NA,NA,NA,,,,,,
16,640af64da24fe7f33be46873307b3e0a05f4d9f9f7dd1275fe4bd5e68fa0b556,The question does NOT need any corrections.,where_do_the_jolly_christmas_icons_santa_claus_and_his_wife_mrs._claus_live_fill_22.wav,filler_other,NA,NA,NA,nans,,,,,FB_1109
16,640af64da24fe7f33be46873307b3e0a05f4d9f9f7dd1275fe4bd5e68fa0b556,North Pole,where_do_the_jolly_christmas_icons_santa_claus_and_his_wife_mrs._claus_live_fill_22.wav,filler_other,NA,NA,NA,,,,,,
16,640af64da24fe7f33be46873307b3e0a05f4d9f9f7dd1275fe4bd5e68fa0b556,The question does NOT need any corrections.,in_the_famous_dr_seuss_book_what_orange_and_yellow_character_speaks_for_the_trees_fill_23.wav,filler_other,NA,NA,NA,nans,,,,,FB_1109
16,640af64da24fe7f33be46873307b3e0a05f4d9f9f7dd1275fe4bd5e68fa0b556,lorax,in_the_famous_dr_seuss_book_what_orange_and_yellow_character_speaks_for_the_trees_fill_23.wav,filler_other,NA,NA,NA,,,,,,
16,640af64da24fe7f33be46873307b3e0a05f4d9f9f7dd1275fe4bd5e68fa0b556,The question does NOT need any corrections.,in_what_country_would_you_find_landmarks_like_the_pyramids_of_giza_and_great_sphinx_fill_24.wav,filler_other,NA,NA,NA,nans,,,,,FB_1109
16,640af64da24fe7f33be46873307b3e0a05f4d9f9f7dd1275fe4bd5e68fa0b556,Egypt,in_what_country_would_you_find_landmarks_like_the_pyramids_of_giza_and_great_sphinx_fill_24.wav,filler_other,NA,NA,NA,,,,,,
17,6622fc8423065d0fecacd26c0abbdf9076c0b85c9d5e8b6702fba7fe2b461642,The question needs to be CORRECTED.,how_many_legs_does_a_dog_normally_have_fill_25.wav,att_check_good,NA,NA,NA,y,,otherp,,,FB_1109
17,6622fc8423065d0fecacd26c0abbdf9076c0b85c9d5e8b6702fba7fe2b461642,"4; legs sounds like ""ligs""",how_many_legs_does_a_dog_normally_have_fill_25.wav,att_check_good,NA,NA,NA,,,,,,
17,6622fc8423065d0fecacd26c0abbdf9076c0b85c9d5e8b6702fba7fe2b461642,The question needs to be CORRECTED.,what_state_is_los_angeles_located_in_fill_26.wav,att_check_good,NA,NA,NA,y,,otherp,,,FB_1109
17,6622fc8423065d0fecacd26c0abbdf9076c0b85c9d5e8b6702fba7fe2b461642,"California; State is not pronounced correctly, sounds like ""city""",what_state_is_los_angeles_located_in_fill_26.wav,att_check_good,NA,NA,NA,,,,,,
17,6622fc8423065d0fecacd26c0abbdf9076c0b85c9d5e8b6702fba7fe2b461642,The question does NOT need any corrections.,what_day_of_the_week_comes_after_monday_fill_27.wav,att_check_good,NA,NA,NA,nans,,,a,,FB_1109
17,6622fc8423065d0fecacd26c0abbdf9076c0b85c9d5e8b6702fba7fe2b461642,Tuesday,what_day_of_the_week_comes_after_monday_fill_27.wav,att_check_good,NA,NA,NA,,,,,,
17,6622fc8423065d0fecacd26c0abbdf9076c0b85c9d5e8b6702fba7fe2b461642,The question does NOT need any corrections.,what_color_is_a_typical_school_bus_fill_28.wav,att_check_good,NA,NA,NA,nans,,,a,,FB_1109
17,6622fc8423065d0fecacd26c0abbdf9076c0b85c9d5e8b6702fba7fe2b461642,Yellow,what_color_is_a_typical_school_bus_fill_28.wav,att_check_good,NA,NA,NA,,,,,,
17,6622fc8423065d0fecacd26c0abbdf9076c0b85c9d5e8b6702fba7fe2b461642,The question needs to be CORRECTED.,in_the_cycle_of_seasons_what_season_comes_after_dinter_fill_29.wav,att_check_err,NA,NA,NA,y,,acheckp,,,FB_1109
17,6622fc8423065d0fecacd26c0abbdf9076c0b85c9d5e8b6702fba7fe2b461642,Spring; The word winter is not pronounced correctly.,in_the_cycle_of_seasons_what_season_comes_after_dinter_fill_29.wav,att_check_err,NA,NA,NA,,,,,,
17,6622fc8423065d0fecacd26c0abbdf9076c0b85c9d5e8b6702fba7fe2b461642,The question does NOT need any corrections.,what_insect_undergoes_a_process_of_change_to_turn_into_a_butterfy_fill_30.wav,att_check_err,NA,NA,NA,nans,,acheckf,,,FB_1109
17,6622fc8423065d0fecacd26c0abbdf9076c0b85c9d5e8b6702fba7fe2b461642,Caterpillar,what_insect_undergoes_a_process_of_change_to_turn_into_a_butterfy_fill_30.wav,att_check_err,NA,NA,NA,,,,,,
17,6622fc8423065d0fecacd26c0abbdf9076c0b85c9d5e8b6702fba7fe2b461642,The question needs to be CORRECTED.,what_is_the_largest_plant_in_the_solar_system_fill_31.wav,att_check_err,NA,NA,NA,y,,acheckp,,,FB_1109
17,6622fc8423065d0fecacd26c0abbdf9076c0b85c9d5e8b6702fba7fe2b461642,"Jupiter; Pronounce the word as ""planet"" and not ""plant""",what_is_the_largest_plant_in_the_solar_system_fill_31.wav,att_check_err,NA,NA,NA,,,,,,
17,6622fc8423065d0fecacd26c0abbdf9076c0b85c9d5e8b6702fba7fe2b461642,The question needs to be CORRECTED.,how_many_embers_were_in_the_beatles_the_british_rock_band_fill_32.wav,att_check_err,NA,NA,NA,y,,acheckp,,,FB_1109
17,6622fc8423065d0fecacd26c0abbdf9076c0b85c9d5e8b6702fba7fe2b461642,Members sounds like embers,how_many_embers_were_in_the_beatles_the_british_rock_band_fill_32.wav,att_check_err,NA,NA,NA,,,,,,
17,6622fc8423065d0fecacd26c0abbdf9076c0b85c9d5e8b6702fba7fe2b461642,The question needs to be CORRECTED.,for_what_pink_ice_cream_flavor_wheel_companies_make_their_best_to_use_real_fruit_targ_01_D.wav,target,both_err,make vs. other verb,/ɪ/ --> /i/; will/wheel,y,,otherp,,,FB_1109
17,6622fc8423065d0fecacd26c0abbdf9076c0b85c9d5e8b6702fba7fe2b461642,"Strawberry; The word ""best"" is not pronounced correctly",for_what_pink_ice_cream_flavor_wheel_companies_make_their_best_to_use_real_fruit_targ_01_D.wav,target,both_err,make vs. other verb,/ɪ/ --> /i/; will/wheel,,,,,,
17,6622fc8423065d0fecacd26c0abbdf9076c0b85c9d5e8b6702fba7fe2b461642,"The question does NOT need any corrections, but I don't know the answer/ I don't understand what the question is asking.",what_term_refers_to_armored_men_who_enjoyed_carrying_medieval_swords_that_clash_in_combat_targ_02_A.wav,target,correct,infinitive vs. participle,/ʃ/ --> /s/; clash/class,nun,,,,,FB_1109
17,6622fc8423065d0fecacd26c0abbdf9076c0b85c9d5e8b6702fba7fe2b461642,NA,what_term_refers_to_armored_men_who_enjoyed_carrying_medieval_swords_that_clash_in_combat_targ_02_A.wav,target,correct,infinitive vs. participle,/ʃ/ --> /s/; clash/class,,,,,,
17,6622fc8423065d0fecacd26c0abbdf9076c0b85c9d5e8b6702fba7fe2b461642,The question needs to be CORRECTED.,which_scottish_actor_first_played_james_bond_wearing_guilts_to_red_carpets_when_he_was_32_years_old_targ_03_B.wav,target,phon_err,have vs. be,/k/ --> /g/; kilt/guilt,y,,p?,,,FB_1109
17,6622fc8423065d0fecacd26c0abbdf9076c0b85c9d5e8b6702fba7fe2b461642,"NA; cannot understand the word after ""wearing""",which_scottish_actor_first_played_james_bond_wearing_guilts_to_red_carpets_when_he_was_32_years_old_targ_03_B.wav,target,phon_err,have vs. be,/k/ --> /g/; kilt/guilt,,,,,,
17,6622fc8423065d0fecacd26c0abbdf9076c0b85c9d5e8b6702fba7fe2b461642,The question needs to be CORRECTED.,what_neil_armstrong_say_during_his_very_first_steps_on_the_moon_targ_04_C.wav,target,non_phon_err,no aux verbs in questions (lack of do support),/v/ --> /b/; very/berry,y,,other,,"misunderstood question - heard ""Neil"" as ""man/male""",FB_1109
17,6622fc8423065d0fecacd26c0abbdf9076c0b85c9d5e8b6702fba7fe2b461642,"The word after ""male"" or ""man"" is intelligible",what_neil_armstrong_say_during_his_very_first_steps_on_the_moon_targ_04_C.wav,target,non_phon_err,no aux verbs in questions (lack of do support),/v/ --> /b/; very/berry,,,,,,
17,6622fc8423065d0fecacd26c0abbdf9076c0b85c9d5e8b6702fba7fe2b461642,The question needs to be CORRECTED.,what_kind_of_weather_cooed_cooled_occur_when_is_raining_and_below_freezing_targ_05_D.wav,target,both_err,expletive 'it' dropping,/ʊ/ --> /u/; could/cooed,y,,p,,,FB_1109
17,6622fc8423065d0fecacd26c0abbdf9076c0b85c9d5e8b6702fba7fe2b461642,"Snow; the word ""could"" sounds like ""cured""",what_kind_of_weather_cooed_cooled_occur_when_is_raining_and_below_freezing_targ_05_D.wav,target,both_err,expletive 'it' dropping,/ʊ/ --> /u/; could/cooed,,,,,,
17,6622fc8423065d0fecacd26c0abbdf9076c0b85c9d5e8b6702fba7fe2b461642,The question needs to be CORRECTED.,how_many_legs_does_a_canadian_garden_spider_whose_silk_can_make_cloth_have_targ_06_A.wav,target,correct,adj/noun order,/θ/ --> /t/; cloth/clot,y,,other,,selected wrong answer choice - didn't understand question and didn't specify the error ,FB_1109
17,6622fc8423065d0fecacd26c0abbdf9076c0b85c9d5e8b6702fba7fe2b461642,Question is intelligible,how_many_legs_does_a_canadian_garden_spider_whose_silk_can_make_cloth_have_targ_06_A.wav,target,correct,adj/noun order,/θ/ --> /t/; cloth/clot,,,,,,
17,6622fc8423065d0fecacd26c0abbdf9076c0b85c9d5e8b6702fba7fe2b461642,The question needs to be CORRECTED.,what_childrens_game_makes_people_seat_down_quickly_when_the_loud_music_stops_targ_07_B.wav,target,phon_err,adj/noun order,/ɪ/ --> /i/; sit/seat,y,,p,,,FB_1109
17,6622fc8423065d0fecacd26c0abbdf9076c0b85c9d5e8b6702fba7fe2b461642,"musical chairs; ""sit"" sounds like ""seat""",what_childrens_game_makes_people_seat_down_quickly_when_the_loud_music_stops_targ_07_B.wav,target,phon_err,adj/noun order,/ɪ/ --> /i/; sit/seat,,,,,,
17,6622fc8423065d0fecacd26c0abbdf9076c0b85c9d5e8b6702fba7fe2b461642,"The question does NOT need any corrections, but I don't know the answer/ I don't understand what the question is asking.",because_is_important_to_honor_the_irish_saint_what_holiday_occurs_on_march_17th_targ_08_C.wav,target,non_phon_err,expletive 'it' dropping,/ʃ/ --> /s/; Irish/iris,nun,,,,,FB_1109
17,6622fc8423065d0fecacd26c0abbdf9076c0b85c9d5e8b6702fba7fe2b461642,NA,because_is_important_to_honor_the_irish_saint_what_holiday_occurs_on_march_17th_targ_08_C.wav,target,non_phon_err,expletive 'it' dropping,/ʃ/ --> /s/; Irish/iris,,,,,,
17,6622fc8423065d0fecacd26c0abbdf9076c0b85c9d5e8b6702fba7fe2b461642,The question does NOT need any corrections.,if_laundry_service_will_gum_in_five_days_and_todays_thursday_when_are_they_making_laundry_next_targ_09_D.wav,target,both_err,make vs. other verb,/k/ --> /g/; come/gum,nans,,,,,FB_1109
17,6622fc8423065d0fecacd26c0abbdf9076c0b85c9d5e8b6702fba7fe2b461642,Tuesday,if_laundry_service_will_gum_in_five_days_and_todays_thursday_when_are_they_making_laundry_next_targ_09_D.wav,target,both_err,make vs. other verb,/k/ --> /g/; come/gum,,,,,,
17,6622fc8423065d0fecacd26c0abbdf9076c0b85c9d5e8b6702fba7fe2b461642,The question needs to be CORRECTED.,who_did_americans_vote_for_to_be_their_first_president_who_avoided_serving_three_terms_targ_10_A.wav,target,correct,infinitive vs. participle,/v/ --> /b/; vote/boat,y,,otherp,,,FB_1109
17,6622fc8423065d0fecacd26c0abbdf9076c0b85c9d5e8b6702fba7fe2b461642,"NA; The word after ""who"" is mispronounced, sounds like avoided?",who_did_americans_vote_for_to_be_their_first_president_who_avoided_serving_three_terms_targ_10_A.wav,target,correct,infinitive vs. participle,/v/ --> /b/; vote/boat,,,,,,
17,6622fc8423065d0fecacd26c0abbdf9076c0b85c9d5e8b6702fba7fe2b461642,The question needs to be CORRECTED.,what_colors_can_be_on_a_traffic_light_which_often_senses_when_cars_pool_up_targ_11_B.wav,target,phon_err,have vs. be,/ʊ/ --> /u/; pulls/pools,y,,other,,possibly noticed target error but answer is not specific,FB_1109
17,6622fc8423065d0fecacd26c0abbdf9076c0b85c9d5e8b6702fba7fe2b461642,"NA; Could not understand a few words at the end of the question, after the words ""traffic light""",what_colors_can_be_on_a_traffic_light_which_often_senses_when_cars_pool_up_targ_11_B.wav,target,phon_err,have vs. be,/ʊ/ --> /u/; pulls/pools,,,,,,
17,6622fc8423065d0fecacd26c0abbdf9076c0b85c9d5e8b6702fba7fe2b461642,"The question does NOT need any corrections, but I don't know the answer/ I don't understand what the question is asking.",if_youre_on_a_path_from_california_to_hawaii_which_ocean_you_go_through_targ_12_C.wav,target,non_phon_err,no aux verbs in questions (lack of do support),/θ/ --> /t/; path/pat,nun,,,,,FB_1109
17,6622fc8423065d0fecacd26c0abbdf9076c0b85c9d5e8b6702fba7fe2b461642,NA,if_youre_on_a_path_from_california_to_hawaii_which_ocean_you_go_through_targ_12_C.wav,target,non_phon_err,no aux verbs in questions (lack of do support),/θ/ --> /t/; path/pat,,,,,,
17,6622fc8423065d0fecacd26c0abbdf9076c0b85c9d5e8b6702fba7fe2b461642,The question needs to be CORRECTED.,what_supplies_you_need_to_neat_a_scarf_targ_13_D.wav,target,both_err,no aux verbs in questions (lack of do support),/ɪ/ --> /i/; knit/neat,y,,p,,,FB_1109
17,6622fc8423065d0fecacd26c0abbdf9076c0b85c9d5e8b6702fba7fe2b461642,"Yarn; knit sounds like ""need""",what_supplies_you_need_to_neat_a_scarf_targ_13_D.wav,target,both_err,no aux verbs in questions (lack of do support),/ɪ/ --> /i/; knit/neat,,,,,,
17,6622fc8423065d0fecacd26c0abbdf9076c0b85c9d5e8b6702fba7fe2b461642,The question does NOT need any corrections.,what_city_have_people_rushed_to_tour_to_see_where_the_us_government_does_business_targ_14_A.wav,target,correct,make vs. other verb,/ʃ/ --> /s/; rushed/rust,nans,,,,,FB_1109
17,6622fc8423065d0fecacd26c0abbdf9076c0b85c9d5e8b6702fba7fe2b461642,Washington DC,what_city_have_people_rushed_to_tour_to_see_where_the_us_government_does_business_targ_14_A.wav,target,correct,make vs. other verb,/ʃ/ --> /s/; rushed/rust,,,,,,
17,6622fc8423065d0fecacd26c0abbdf9076c0b85c9d5e8b6702fba7fe2b461642,The question needs to be CORRECTED.,what_colors_make_up_a_traditional_candy_gain_which_people_enjoy_eating_during_christmas_targ_15_B.wav,target,phon_err,infinitive vs. participle,/k/ --> /g/; cane/gain,y,,p,,,FB_1109
17,6622fc8423065d0fecacd26c0abbdf9076c0b85c9d5e8b6702fba7fe2b461642,"Red and white; Candy cane is mispronounced, there is a pause in the question",what_colors_make_up_a_traditional_candy_gain_which_people_enjoy_eating_during_christmas_targ_15_B.wav,target,phon_err,infinitive vs. participle,/k/ --> /g/; cane/gain,,,,,,
17,6622fc8423065d0fecacd26c0abbdf9076c0b85c9d5e8b6702fba7fe2b461642,The question does NOT need any corrections.,where_do_people_get_drivers_licenses_since_is_required_as_valid_id_to_drive_targ_16_C.wav,target,non_phon_err,expletive 'it' dropping,/v/ --> /b/; valid/ballad,nans,,,,,FB_1109
17,6622fc8423065d0fecacd26c0abbdf9076c0b85c9d5e8b6702fba7fe2b461642,DMV,where_do_people_get_drivers_licenses_since_is_required_as_valid_id_to_drive_targ_16_C.wav,target,non_phon_err,expletive 'it' dropping,/v/ --> /b/; valid/ballad,,,,,,
17,6622fc8423065d0fecacd26c0abbdf9076c0b85c9d5e8b6702fba7fe2b461642,The question needs to be CORRECTED.,how_many_days_wooed_wooled_my_bike_tandem_be_gone_if_someone_borrows_it_for_july_targ_17_D.wav,target,both_err,adj/noun order,/ʊ/ --> /u/; would/wooed,y,,other,,selected wrong answer choice - didn't understand question and didn't specify any errors,FB_1109
17,6622fc8423065d0fecacd26c0abbdf9076c0b85c9d5e8b6702fba7fe2b461642,NA; Cannot understand a portion of the sentence,how_many_days_wooed_wooled_my_bike_tandem_be_gone_if_someone_borrows_it_for_july_targ_17_D.wav,target,both_err,adj/noun order,/ʊ/ --> /u/; would/wooed,,,,,,
17,6622fc8423065d0fecacd26c0abbdf9076c0b85c9d5e8b6702fba7fe2b461642,The question does NOT need any corrections.,when_you_are_hot_what_device_measures_body_temperature_in_both_celsius_and_fahrenheit_targ_18_A.wav,target,correct,have vs. be,/θ/ --> /t/; both/boat,nans,,,,,FB_1109
17,6622fc8423065d0fecacd26c0abbdf9076c0b85c9d5e8b6702fba7fe2b461642,thermometer,when_you_are_hot_what_device_measures_body_temperature_in_both_celsius_and_fahrenheit_targ_18_A.wav,target,correct,have vs. be,/θ/ --> /t/; both/boat,,,,,,
17,6622fc8423065d0fecacd26c0abbdf9076c0b85c9d5e8b6702fba7fe2b461642,I’m good — skip to the next question,what_big_star_in_our_solar_system_can_steal_be_visible_when_it_is_cloudy_targ_19_B.wav,target,phon_err,expletive 'it' dropping,/ɪ/ --> /i/; still/steal,s,,,,second attempt is their first instance and they chose the skip option,FB_1109
17,6622fc8423065d0fecacd26c0abbdf9076c0b85c9d5e8b6702fba7fe2b461642,NA,what_big_star_in_our_solar_system_can_steal_be_visible_when_it_is_cloudy_targ_19_B.wav,target,phon_err,expletive 'it' dropping,/ɪ/ --> /i/; still/steal,,,,,,
17,6622fc8423065d0fecacd26c0abbdf9076c0b85c9d5e8b6702fba7fe2b461642,The question needs to be CORRECTED.,what_popular_us_chain_provides_a_happy_meal_toy_or_plush_when_kids_have_hungry_targ_20_C.wav,target,non_phon_err,have vs. be,/ʃ/ --> /s/; plush/plus,y,,otherp,,,FB_1109
17,6622fc8423065d0fecacd26c0abbdf9076c0b85c9d5e8b6702fba7fe2b461642,"Mcdonalds; the word after ""what"" is intelligible",what_popular_us_chain_provides_a_happy_meal_toy_or_plush_when_kids_have_hungry_targ_20_C.wav,target,non_phon_err,have vs. be,/ʃ/ --> /s/; plush/plus,,,,,,
17,6622fc8423065d0fecacd26c0abbdf9076c0b85c9d5e8b6702fba7fe2b461642,The question needs to be CORRECTED.,in_the_lion_king_who_nala_talk_to_and_is_laying_in_a_got_after_theyve_reunited_targ_21_D.wav,target,both_err,no aux verbs in questions (lack of do support),/k/ --> /g/; cot/got,y,,other,,selected wrong answer choice - didn't understand question and didn't specify any errors,FB_1109
17,6622fc8423065d0fecacd26c0abbdf9076c0b85c9d5e8b6702fba7fe2b461642,"Intelligible after the word ""lion King""",in_the_lion_king_who_nala_talk_to_and_is_laying_in_a_got_after_theyve_reunited_targ_21_D.wav,target,both_err,no aux verbs in questions (lack of do support),/k/ --> /g/; cot/got,,,,,,
17,6622fc8423065d0fecacd26c0abbdf9076c0b85c9d5e8b6702fba7fe2b461642,"The question does NOT need any corrections, but I don't know the answer/ I don't understand what the question is asking.",if_a_hardworking_janitor_cleaned_a_vent_in_five_minutes_how_many_seconds_is_that_targ_22_A.wav,target,correct,adj/noun order,/v/ --> /b/; vent/bent,nun,,,,,FB_1109
17,6622fc8423065d0fecacd26c0abbdf9076c0b85c9d5e8b6702fba7fe2b461642,NA,if_a_hardworking_janitor_cleaned_a_vent_in_five_minutes_how_many_seconds_is_that_targ_22_A.wav,target,correct,adj/noun order,/v/ --> /b/; vent/bent,,,,,,
17,6622fc8423065d0fecacd26c0abbdf9076c0b85c9d5e8b6702fba7fe2b461642,The question needs to be CORRECTED.,what_company_created_the_macbook_a_device_fool_of_features_to_help_students_do_homework_targ_23_B.wav,target,phon_err,make vs. other verb,/ʊ/ --> /u/; full/fool,y,,otherp,,it's possible participant was referring to the intended word but their answer doesn't specifically state that ,FB_1109
17,6622fc8423065d0fecacd26c0abbdf9076c0b85c9d5e8b6702fba7fe2b461642,"Apple; the word after ""mac book"" is intelligible",what_company_created_the_macbook_a_device_fool_of_features_to_help_students_do_homework_targ_23_B.wav,target,phon_err,make vs. other verb,/ʊ/ --> /u/; full/fool,,,,,,
17,6622fc8423065d0fecacd26c0abbdf9076c0b85c9d5e8b6702fba7fe2b461642,The question does NOT need any corrections.,if_i_consider_to_leave_work_after_the_fourth_hour_how_many_minutes_would_that_be_targ_24_C.wav,target,non_phon_err,infinitive vs. participle,/θ/ --> /t/; fourth/fort,nans,,,,,FB_1109
17,6622fc8423065d0fecacd26c0abbdf9076c0b85c9d5e8b6702fba7fe2b461642,240,if_i_consider_to_leave_work_after_the_fourth_hour_how_many_minutes_would_that_be_targ_24_C.wav,target,non_phon_err,infinitive vs. participle,/θ/ --> /t/; fourth/fort,,,,,,
17,6622fc8423065d0fecacd26c0abbdf9076c0b85c9d5e8b6702fba7fe2b461642,"The question does NOT need any corrections, but I don't know the answer/ I don't understand what the question is asking.",what_letter_in_the_latin_alphabet_corresponds_to_the_greek_letter_alpha_fill_01.wav,filler_other,NA,NA,NA,nun,,,,,FB_1109
17,6622fc8423065d0fecacd26c0abbdf9076c0b85c9d5e8b6702fba7fe2b461642,NA,what_letter_in_the_latin_alphabet_corresponds_to_the_greek_letter_alpha_fill_01.wav,filler_other,NA,NA,NA,,,,,,
17,6622fc8423065d0fecacd26c0abbdf9076c0b85c9d5e8b6702fba7fe2b461642,The question does NOT need any corrections.,what_organ_is_often_associated_with_being_eaten_by_rotting_flesh_monsters_also_known_as_zombies_fill_02.wav,filler_other,NA,NA,NA,nans,,,,,FB_1109
17,6622fc8423065d0fecacd26c0abbdf9076c0b85c9d5e8b6702fba7fe2b461642,Brain,what_organ_is_often_associated_with_being_eaten_by_rotting_flesh_monsters_also_known_as_zombies_fill_02.wav,filler_other,NA,NA,NA,,,,,,
17,6622fc8423065d0fecacd26c0abbdf9076c0b85c9d5e8b6702fba7fe2b461642,I’m good — skip to the next question,which_british_celebrity_judge_often_harshly_critiqued_contestants_on_the_nationwide_singing_contest_american_idol_fill_03.wav,filler_other,NA,NA,NA,s,,,,"selected wrong answer choice - second attempt is their first instance and they chose the skip option, but still indicated unspecified errors ",FB_1109
17,6622fc8423065d0fecacd26c0abbdf9076c0b85c9d5e8b6702fba7fe2b461642,"Intelligible after the word ""british""",which_british_celebrity_judge_often_harshly_critiqued_contestants_on_the_nationwide_singing_contest_american_idol_fill_03.wav,filler_other,NA,NA,NA,,,,,,
17,6622fc8423065d0fecacd26c0abbdf9076c0b85c9d5e8b6702fba7fe2b461642,The question needs to be CORRECTED.,which_cartoon_character_works_at_the_krusty_krab_and_is_best_friends_with_patrick_star_fill_04.wav,filler_other,NA,NA,NA,y,,other,,selected wrong answer choice - didn't understand question and didn't specify the error ,FB_1109
17,6622fc8423065d0fecacd26c0abbdf9076c0b85c9d5e8b6702fba7fe2b461642,NA; cannot understand most words in the question,which_cartoon_character_works_at_the_krusty_krab_and_is_best_friends_with_patrick_star_fill_04.wav,filler_other,NA,NA,NA,,,,,,
17,6622fc8423065d0fecacd26c0abbdf9076c0b85c9d5e8b6702fba7fe2b461642,"The question does NOT need any corrections, but I don't know the answer/ I don't understand what the question is asking.",which_body_part_did_van_gogh_allegedly_cut_off_after_an_argument_with_his_friend_fill_05.wav,filler_other,NA,NA,NA,nun,,,,,FB_1109
17,6622fc8423065d0fecacd26c0abbdf9076c0b85c9d5e8b6702fba7fe2b461642,NA,which_body_part_did_van_gogh_allegedly_cut_off_after_an_argument_with_his_friend_fill_05.wav,filler_other,NA,NA,NA,,,,,,
17,6622fc8423065d0fecacd26c0abbdf9076c0b85c9d5e8b6702fba7fe2b461642,"The question does NOT need any corrections, but I don't know the answer/ I don't understand what the question is asking.",what_is_the_name_of_the_comic_strip_featuring_charlie_brown_and_his_dog_snoopy_fill_06.wav,filler_other,NA,NA,NA,nun,,,,,FB_1109
17,6622fc8423065d0fecacd26c0abbdf9076c0b85c9d5e8b6702fba7fe2b461642,NA,what_is_the_name_of_the_comic_strip_featuring_charlie_brown_and_his_dog_snoopy_fill_06.wav,filler_other,NA,NA,NA,,,,,,
17,6622fc8423065d0fecacd26c0abbdf9076c0b85c9d5e8b6702fba7fe2b461642,The question needs to be CORRECTED.,what_holiday_occurs_at_the_end_of_october_and_features_trick-or-treating_pumpkins_and_haunted_houses_fill_07.wav,filler_other,NA,NA,NA,y,,otherp,,,FB_1109
17,6622fc8423065d0fecacd26c0abbdf9076c0b85c9d5e8b6702fba7fe2b461642,Halloween; The word October is not pronounced correctly,what_holiday_occurs_at_the_end_of_october_and_features_trick-or-treating_pumpkins_and_haunted_houses_fill_07.wav,filler_other,NA,NA,NA,,,,,,
17,6622fc8423065d0fecacd26c0abbdf9076c0b85c9d5e8b6702fba7fe2b461642,"The question does NOT need any corrections, but I don't know the answer/ I don't understand what the question is asking.",what_is_the_name_of_the_video_game_character_who_is_a_traveling_italian_plumber_fill_08.wav,filler_other,NA,NA,NA,nun,,,,,FB_1109
17,6622fc8423065d0fecacd26c0abbdf9076c0b85c9d5e8b6702fba7fe2b461642,Super Mario,what_is_the_name_of_the_video_game_character_who_is_a_traveling_italian_plumber_fill_08.wav,filler_other,NA,NA,NA,,,,,,
17,6622fc8423065d0fecacd26c0abbdf9076c0b85c9d5e8b6702fba7fe2b461642,The question needs to be CORRECTED.,what_kind_of_animal_is_mickey_mouse’s_girlfriend_minnie_who_wears_a_bow_fill_09.wav,filler_other,NA,NA,NA,y,,otherp,,,FB_1109
17,6622fc8423065d0fecacd26c0abbdf9076c0b85c9d5e8b6702fba7fe2b461642,Mouse; Cannot understand last word,what_kind_of_animal_is_mickey_mouse’s_girlfriend_minnie_who_wears_a_bow_fill_09.wav,filler_other,NA,NA,NA,,,,,,
17,6622fc8423065d0fecacd26c0abbdf9076c0b85c9d5e8b6702fba7fe2b461642,The question needs to be CORRECTED.,which_cartoon_dog_solves_mysteries_with_the_group_fred_daphne_velma_and_shaggy_fill_10.wav,filler_other,NA,NA,NA,y,,otherp,,,FB_1109
17,6622fc8423065d0fecacd26c0abbdf9076c0b85c9d5e8b6702fba7fe2b461642,"Scooby Doo; the word after ""group"" is intelligible",which_cartoon_dog_solves_mysteries_with_the_group_fred_daphne_velma_and_shaggy_fill_10.wav,filler_other,NA,NA,NA,,,,,,
17,6622fc8423065d0fecacd26c0abbdf9076c0b85c9d5e8b6702fba7fe2b461642,The question does NOT need any corrections.,which_fast_food_chain_offers_foot-long_sandwiches_and_has_the_slogan_eat_fresh_fill_11.wav,filler_other,NA,NA,NA,nans,,,,,FB_1109
17,6622fc8423065d0fecacd26c0abbdf9076c0b85c9d5e8b6702fba7fe2b461642,Subway,which_fast_food_chain_offers_foot-long_sandwiches_and_has_the_slogan_eat_fresh_fill_11.wav,filler_other,NA,NA,NA,,,,,,
17,6622fc8423065d0fecacd26c0abbdf9076c0b85c9d5e8b6702fba7fe2b461642,The question does NOT need any corrections.,which_oscar-winning_movie_features_tom_hanks_saying_life_is_like_a_box_of_chocolates_fill_12.wav,filler_other,NA,NA,NA,nans,,,,,FB_1109
17,6622fc8423065d0fecacd26c0abbdf9076c0b85c9d5e8b6702fba7fe2b461642,Forest Gump,which_oscar-winning_movie_features_tom_hanks_saying_life_is_like_a_box_of_chocolates_fill_12.wav,filler_other,NA,NA,NA,,,,,,
17,6622fc8423065d0fecacd26c0abbdf9076c0b85c9d5e8b6702fba7fe2b461642,The question does NOT need any corrections.,what_novel_has_the_quote_i’m_late_i’m_late_for_a_very_important_date_fill_13.wav,filler_other,NA,NA,NA,nans,,,,,FB_1109
17,6622fc8423065d0fecacd26c0abbdf9076c0b85c9d5e8b6702fba7fe2b461642,Alice in Wonderland,what_novel_has_the_quote_i’m_late_i’m_late_for_a_very_important_date_fill_13.wav,filler_other,NA,NA,NA,,,,,,
17,6622fc8423065d0fecacd26c0abbdf9076c0b85c9d5e8b6702fba7fe2b461642,The question needs to be CORRECTED.,what_mythical_creatures_have_been_said_to_drink_blood_turn_into_bats_and_hate_onions_fill_14.wav,filler_other,NA,NA,NA,y,,otherp,,,FB_1109
17,6622fc8423065d0fecacd26c0abbdf9076c0b85c9d5e8b6702fba7fe2b461642,Vampire; the word mythical is not pronounced correctly,what_mythical_creatures_have_been_said_to_drink_blood_turn_into_bats_and_hate_onions_fill_14.wav,filler_other,NA,NA,NA,,,,,,
17,6622fc8423065d0fecacd26c0abbdf9076c0b85c9d5e8b6702fba7fe2b461642,"The question does NOT need any corrections, but I don't know the answer/ I don't understand what the question is asking.",who_discovered_the_law_of_universal_gravitation_which_accounts_for_why_objects_naturally_fall_downwards_fill_15.wav,filler_other,NA,NA,NA,nun,,,,,FB_1109
17,6622fc8423065d0fecacd26c0abbdf9076c0b85c9d5e8b6702fba7fe2b461642,NA,who_discovered_the_law_of_universal_gravitation_which_accounts_for_why_objects_naturally_fall_downwards_fill_15.wav,filler_other,NA,NA,NA,,,,,,
17,6622fc8423065d0fecacd26c0abbdf9076c0b85c9d5e8b6702fba7fe2b461642,The question needs to be CORRECTED.,which_soft_pastry_made_with_a_certain_spice_is_often_spiral-shaped_and_topped_with_icing_fill_16.wav,filler_other,NA,NA,NA,y,,otherp,,,FB_1109
17,6622fc8423065d0fecacd26c0abbdf9076c0b85c9d5e8b6702fba7fe2b461642,"NA; the word after ""which"" is intelligible",which_soft_pastry_made_with_a_certain_spice_is_often_spiral-shaped_and_topped_with_icing_fill_16.wav,filler_other,NA,NA,NA,,,,,,
17,6622fc8423065d0fecacd26c0abbdf9076c0b85c9d5e8b6702fba7fe2b461642,The question does NOT need any corrections.,what_us_holiday_is_often_celebrated_with_fireworks_and_hotdogs_to_honor_americas_freedom_fill_17.wav,filler_other,NA,NA,NA,nans,,,,,FB_1109
17,6622fc8423065d0fecacd26c0abbdf9076c0b85c9d5e8b6702fba7fe2b461642,July,what_us_holiday_is_often_celebrated_with_fireworks_and_hotdogs_to_honor_americas_freedom_fill_17.wav,filler_other,NA,NA,NA,,,,,,
17,6622fc8423065d0fecacd26c0abbdf9076c0b85c9d5e8b6702fba7fe2b461642,The question needs to be CORRECTED.,which_tropical_fruit_that_grows_on_palm_trees_is_used_for_oils_and_milks_fill_18.wav,filler_other,NA,NA,NA,y,,otherp,,,FB_1109
17,6622fc8423065d0fecacd26c0abbdf9076c0b85c9d5e8b6702fba7fe2b461642,"NA; the words after ""used for"" are not intelligible",which_tropical_fruit_that_grows_on_palm_trees_is_used_for_oils_and_milks_fill_18.wav,filler_other,NA,NA,NA,,,,,,
17,6622fc8423065d0fecacd26c0abbdf9076c0b85c9d5e8b6702fba7fe2b461642,The question does NOT need any corrections.,which_season_do_we_associate_with_thanksgiving_the_beginning_of_school_and_leaves_turning_brown_fill_19.wav,filler_other,NA,NA,NA,nans,,,,,FB_1109
17,6622fc8423065d0fecacd26c0abbdf9076c0b85c9d5e8b6702fba7fe2b461642,Fall,which_season_do_we_associate_with_thanksgiving_the_beginning_of_school_and_leaves_turning_brown_fill_19.wav,filler_other,NA,NA,NA,,,,,,
17,6622fc8423065d0fecacd26c0abbdf9076c0b85c9d5e8b6702fba7fe2b461642,The question needs to be CORRECTED.,what_musician_won_grammys_for_their_album_thriller_which_features_the_hit_song_beat_it_fill_20.wav,filler_other,NA,NA,NA,y,,otherp,,,FB_1109
17,6622fc8423065d0fecacd26c0abbdf9076c0b85c9d5e8b6702fba7fe2b461642,Michael Jackson; First part of the question is intelligible,what_musician_won_grammys_for_their_album_thriller_which_features_the_hit_song_beat_it_fill_20.wav,filler_other,NA,NA,NA,,,,,,
17,6622fc8423065d0fecacd26c0abbdf9076c0b85c9d5e8b6702fba7fe2b461642,The question needs to be CORRECTED.,what_animal_is_typically_white_with_black_spots_and_says_moo_fill_21.wav,filler_other,NA,NA,NA,y,,otherp,,,FB_1109
17,6622fc8423065d0fecacd26c0abbdf9076c0b85c9d5e8b6702fba7fe2b461642,"Rabbit; The phrase ""is small"" is not prounounced correctly",what_animal_is_typically_white_with_black_spots_and_says_moo_fill_21.wav,filler_other,NA,NA,NA,,,,,,
17,6622fc8423065d0fecacd26c0abbdf9076c0b85c9d5e8b6702fba7fe2b461642,The question needs to be CORRECTED.,where_do_the_jolly_christmas_icons_santa_claus_and_his_wife_mrs._claus_live_fill_22.wav,filler_other,NA,NA,NA,y,,other,,selected wrong answer choice - didn't understand question and didn't specify the error ,FB_1109
17,6622fc8423065d0fecacd26c0abbdf9076c0b85c9d5e8b6702fba7fe2b461642,The question is intelligible,where_do_the_jolly_christmas_icons_santa_claus_and_his_wife_mrs._claus_live_fill_22.wav,filler_other,NA,NA,NA,,,,,,
17,6622fc8423065d0fecacd26c0abbdf9076c0b85c9d5e8b6702fba7fe2b461642,The question does NOT need any corrections.,in_the_famous_dr_seuss_book_what_orange_and_yellow_character_speaks_for_the_trees_fill_23.wav,filler_other,NA,NA,NA,nans,,,,,FB_1109
17,6622fc8423065d0fecacd26c0abbdf9076c0b85c9d5e8b6702fba7fe2b461642,Lorax,in_the_famous_dr_seuss_book_what_orange_and_yellow_character_speaks_for_the_trees_fill_23.wav,filler_other,NA,NA,NA,,,,,,
17,6622fc8423065d0fecacd26c0abbdf9076c0b85c9d5e8b6702fba7fe2b461642,The question does NOT need any corrections.,in_what_country_would_you_find_landmarks_like_the_pyramids_of_giza_and_great_sphinx_fill_24.wav,filler_other,NA,NA,NA,nans,,,,,FB_1109
17,6622fc8423065d0fecacd26c0abbdf9076c0b85c9d5e8b6702fba7fe2b461642,Egypt,in_what_country_would_you_find_landmarks_like_the_pyramids_of_giza_and_great_sphinx_fill_24.wav,filler_other,NA,NA,NA,,,,,,
18,691b0cfb23a559c33480315d3fd03586c2d736c19b0cca013765829a859d398e,The question does NOT need any corrections.,how_many_legs_does_a_dog_normally_have_fill_25.wav,att_check_good,NA,NA,NA,nans,,,a,FAILED ATTENTION CHECKS (4/8 correct),FB_1109
18,691b0cfb23a559c33480315d3fd03586c2d736c19b0cca013765829a859d398e,4,how_many_legs_does_a_dog_normally_have_fill_25.wav,att_check_good,NA,NA,NA,,,,,,
18,691b0cfb23a559c33480315d3fd03586c2d736c19b0cca013765829a859d398e,The question does NOT need any corrections.,what_state_is_los_angeles_located_in_fill_26.wav,att_check_good,NA,NA,NA,nans,,,a,,FB_1109
18,691b0cfb23a559c33480315d3fd03586c2d736c19b0cca013765829a859d398e,CALIFORNIA,what_state_is_los_angeles_located_in_fill_26.wav,att_check_good,NA,NA,NA,,,,,,
18,691b0cfb23a559c33480315d3fd03586c2d736c19b0cca013765829a859d398e,The question does NOT need any corrections.,what_day_of_the_week_comes_after_monday_fill_27.wav,att_check_good,NA,NA,NA,nans,,,a,,FB_1109
18,691b0cfb23a559c33480315d3fd03586c2d736c19b0cca013765829a859d398e,tuesday,what_day_of_the_week_comes_after_monday_fill_27.wav,att_check_good,NA,NA,NA,,,,,,
18,691b0cfb23a559c33480315d3fd03586c2d736c19b0cca013765829a859d398e,The question does NOT need any corrections.,what_color_is_a_typical_school_bus_fill_28.wav,att_check_good,NA,NA,NA,nans,,,a,,FB_1109
18,691b0cfb23a559c33480315d3fd03586c2d736c19b0cca013765829a859d398e,RED,what_color_is_a_typical_school_bus_fill_28.wav,att_check_good,NA,NA,NA,,,,,,
18,691b0cfb23a559c33480315d3fd03586c2d736c19b0cca013765829a859d398e,The question does NOT need any corrections.,in_the_cycle_of_seasons_what_season_comes_after_dinter_fill_29.wav,att_check_err,NA,NA,NA,nans,,acheckf,,,FB_1109
18,691b0cfb23a559c33480315d3fd03586c2d736c19b0cca013765829a859d398e,spring,in_the_cycle_of_seasons_what_season_comes_after_dinter_fill_29.wav,att_check_err,NA,NA,NA,,,,,,
18,691b0cfb23a559c33480315d3fd03586c2d736c19b0cca013765829a859d398e,"The question does NOT need any corrections, but I don't know the answer/ I don't understand what the question is asking.",what_insect_undergoes_a_process_of_change_to_turn_into_a_butterfy_fill_30.wav,att_check_err,NA,NA,NA,nun,,acheckf,,,FB_1109
18,691b0cfb23a559c33480315d3fd03586c2d736c19b0cca013765829a859d398e,NA,what_insect_undergoes_a_process_of_change_to_turn_into_a_butterfy_fill_30.wav,att_check_err,NA,NA,NA,,,,,,
18,691b0cfb23a559c33480315d3fd03586c2d736c19b0cca013765829a859d398e,The question does NOT need any corrections.,what_is_the_largest_plant_in_the_solar_system_fill_31.wav,att_check_err,NA,NA,NA,nans,,acheckf,,,FB_1109
18,691b0cfb23a559c33480315d3fd03586c2d736c19b0cca013765829a859d398e,Jupiter,what_is_the_largest_plant_in_the_solar_system_fill_31.wav,att_check_err,NA,NA,NA,,,,,,
18,691b0cfb23a559c33480315d3fd03586c2d736c19b0cca013765829a859d398e,"The question does NOT need any corrections, but I don't know the answer/ I don't understand what the question is asking.",how_many_embers_were_in_the_beatles_the_british_rock_band_fill_32.wav,att_check_err,NA,NA,NA,nun,,acheckf,,,FB_1109
18,691b0cfb23a559c33480315d3fd03586c2d736c19b0cca013765829a859d398e,NA,how_many_embers_were_in_the_beatles_the_british_rock_band_fill_32.wav,att_check_err,NA,NA,NA,,,,,,
18,691b0cfb23a559c33480315d3fd03586c2d736c19b0cca013765829a859d398e,The question does NOT need any corrections.,for_what_pink_ice_cream_flavor_will_companies_make_their_best_to_use_real_fruit_targ_01_C.wav,target,non_phon_err,make vs. other verb,/ɪ/ --> /i/; will/wheel,,,,,,
18,691b0cfb23a559c33480315d3fd03586c2d736c19b0cca013765829a859d398e,FLAVER,for_what_pink_ice_cream_flavor_will_companies_make_their_best_to_use_real_fruit_targ_01_C.wav,target,non_phon_err,make vs. other verb,/ɪ/ --> /i/; will/wheel,,,,,,
18,691b0cfb23a559c33480315d3fd03586c2d736c19b0cca013765829a859d398e,"The question does NOT need any corrections, but I don't know the answer/ I don't understand what the question is asking.",what_term_refers_to_armored_men_who_enjoyed_to_carry_medieval_swords_that_class_in_combat_targ_02_D.wav,target,both_err,infinitive vs. participle,/ʃ/ --> /s/; clash/class,,,,,,
18,691b0cfb23a559c33480315d3fd03586c2d736c19b0cca013765829a859d398e,NA,what_term_refers_to_armored_men_who_enjoyed_to_carry_medieval_swords_that_class_in_combat_targ_02_D.wav,target,both_err,infinitive vs. participle,/ʃ/ --> /s/; clash/class,,,,,,
18,691b0cfb23a559c33480315d3fd03586c2d736c19b0cca013765829a859d398e,"The question does NOT need any corrections, but I don't know the answer/ I don't understand what the question is asking.",which_scottish_actor_first_played_james_bond_wearing_kilts_to_red_carpets_when_he_was_32_years_old_targ_03_A.wav,target,correct,have vs. be,/k/ --> /g/; kilt/guilt,,,,,,
18,691b0cfb23a559c33480315d3fd03586c2d736c19b0cca013765829a859d398e,na,which_scottish_actor_first_played_james_bond_wearing_kilts_to_red_carpets_when_he_was_32_years_old_targ_03_A.wav,target,correct,have vs. be,/k/ --> /g/; kilt/guilt,,,,,,
18,691b0cfb23a559c33480315d3fd03586c2d736c19b0cca013765829a859d398e,"The question does NOT need any corrections, but I don't know the answer/ I don't understand what the question is asking.",what_did_neil_armstrong_say_during_his_berry_first_steps_on_the_moon_targ_04_B.wav,target,phon_err,no aux verbs in questions (lack of do support),/v/ --> /b/; very/berry,,,,,,
18,691b0cfb23a559c33480315d3fd03586c2d736c19b0cca013765829a859d398e,na,what_did_neil_armstrong_say_during_his_berry_first_steps_on_the_moon_targ_04_B.wav,target,phon_err,no aux verbs in questions (lack of do support),/v/ --> /b/; very/berry,,,,,,
18,691b0cfb23a559c33480315d3fd03586c2d736c19b0cca013765829a859d398e,The question does NOT need any corrections.,what_kind_of_weather_could_occur_when_is_raining_and_below_freezing_targ_05_C.wav,target,non_phon_err,expletive 'it' dropping,/ʊ/ --> /u/; could/cooed,,,,,,
18,691b0cfb23a559c33480315d3fd03586c2d736c19b0cca013765829a859d398e,0 degree,what_kind_of_weather_could_occur_when_is_raining_and_below_freezing_targ_05_C.wav,target,non_phon_err,expletive 'it' dropping,/ʊ/ --> /u/; could/cooed,,,,,,
18,691b0cfb23a559c33480315d3fd03586c2d736c19b0cca013765829a859d398e,"The question does NOT need any corrections, but I don't know the answer/ I don't understand what the question is asking.",how_many_legs_does_a_garden_spider_canadian_whose_silk_can_make_clot_have_targ_06_D.wav,target,both_err,adj/noun order,/θ/ --> /t/; cloth/clot,,,,,,
18,691b0cfb23a559c33480315d3fd03586c2d736c19b0cca013765829a859d398e,na,how_many_legs_does_a_garden_spider_canadian_whose_silk_can_make_clot_have_targ_06_D.wav,target,both_err,adj/noun order,/θ/ --> /t/; cloth/clot,,,,,,
18,691b0cfb23a559c33480315d3fd03586c2d736c19b0cca013765829a859d398e,I’m good — skip to the next question,what_childrens_game_makes_people_sit_down_quickly_when_the_loud_music_stops_targ_07_A.wav,target,correct,adj/noun order,/ɪ/ --> /i/; sit/seat,,,,,,
18,691b0cfb23a559c33480315d3fd03586c2d736c19b0cca013765829a859d398e,NA,what_childrens_game_makes_people_sit_down_quickly_when_the_loud_music_stops_targ_07_A.wav,target,correct,adj/noun order,/ɪ/ --> /i/; sit/seat,,,,,,
18,691b0cfb23a559c33480315d3fd03586c2d736c19b0cca013765829a859d398e,I’m good — skip to the next question,because_it_is_important_to_honor_the_iris_saint_what_holiday_occurs_on_march_17th_targ_08_B.wav,target,phon_err,expletive 'it' dropping,/ʃ/ --> /s/; Irish/iris,,,,,,
18,691b0cfb23a559c33480315d3fd03586c2d736c19b0cca013765829a859d398e,NA,because_it_is_important_to_honor_the_iris_saint_what_holiday_occurs_on_march_17th_targ_08_B.wav,target,phon_err,expletive 'it' dropping,/ʃ/ --> /s/; Irish/iris,,,,,,
18,691b0cfb23a559c33480315d3fd03586c2d736c19b0cca013765829a859d398e,The question does NOT need any corrections.,if_laundry_service_will_come_in_five_days_and_todays_thursday_when_are_they_making_laundry_next_targ_09_C.wav,target,non_phon_err,make vs. other verb,/k/ --> /g/; come/gum,,,,,,
18,691b0cfb23a559c33480315d3fd03586c2d736c19b0cca013765829a859d398e,saturday,if_laundry_service_will_come_in_five_days_and_todays_thursday_when_are_they_making_laundry_next_targ_09_C.wav,target,non_phon_err,make vs. other verb,/k/ --> /g/; come/gum,,,,,,
18,691b0cfb23a559c33480315d3fd03586c2d736c19b0cca013765829a859d398e,I’m good — skip to the next question,who_did_americans_boat_for_to_be_their_first_president_who_avoided_to_serve_three_terms_targ_10_D.wav,target,both_err,infinitive vs. participle,/v/ --> /b/; vote/boat,,,,,,
18,691b0cfb23a559c33480315d3fd03586c2d736c19b0cca013765829a859d398e,NA,who_did_americans_boat_for_to_be_their_first_president_who_avoided_to_serve_three_terms_targ_10_D.wav,target,both_err,infinitive vs. participle,/v/ --> /b/; vote/boat,,,,,,
18,691b0cfb23a559c33480315d3fd03586c2d736c19b0cca013765829a859d398e,The question does NOT need any corrections.,what_colors_can_be_on_a_traffic_light_which_often_senses_when_cars_pull_up_targ_11_A.wav,target,correct,have vs. be,/ʊ/ --> /u/; pulls/pools,,,,,,
18,691b0cfb23a559c33480315d3fd03586c2d736c19b0cca013765829a859d398e,green,what_colors_can_be_on_a_traffic_light_which_often_senses_when_cars_pull_up_targ_11_A.wav,target,correct,have vs. be,/ʊ/ --> /u/; pulls/pools,,,,,,
18,691b0cfb23a559c33480315d3fd03586c2d736c19b0cca013765829a859d398e,The question does NOT need any corrections.,if_youre_on_a_pat_from_california_to_hawaii_which_ocean_do_you_go_through_targ_12_B.wav,target,phon_err,no aux verbs in questions (lack of do support),/θ/ --> /t/; path/pat,,,,,,
18,691b0cfb23a559c33480315d3fd03586c2d736c19b0cca013765829a859d398e,Atlantic ocean,if_youre_on_a_pat_from_california_to_hawaii_which_ocean_do_you_go_through_targ_12_B.wav,target,phon_err,no aux verbs in questions (lack of do support),/θ/ --> /t/; path/pat,,,,,,
18,691b0cfb23a559c33480315d3fd03586c2d736c19b0cca013765829a859d398e,"The question does NOT need any corrections, but I don't know the answer/ I don't understand what the question is asking.",what_supplies_you_need_to_knit_a_scarf_targ_13_C.wav,target,non_phon_err,no aux verbs in questions (lack of do support),/ɪ/ --> /i/; knit/neat,,,,,,
18,691b0cfb23a559c33480315d3fd03586c2d736c19b0cca013765829a859d398e,na,what_supplies_you_need_to_knit_a_scarf_targ_13_C.wav,target,non_phon_err,no aux verbs in questions (lack of do support),/ɪ/ --> /i/; knit/neat,,,,,,
18,691b0cfb23a559c33480315d3fd03586c2d736c19b0cca013765829a859d398e,"The question does NOT need any corrections, but I don't know the answer/ I don't understand what the question is asking.",what_city_have_people_rust_to_tour_to_see_where_the_us_government_makes_business_targ_14_D.wav,target,both_err,make vs. other verb,/ʃ/ --> /s/; rushed/rust,,,,,,
18,691b0cfb23a559c33480315d3fd03586c2d736c19b0cca013765829a859d398e,na,what_city_have_people_rust_to_tour_to_see_where_the_us_government_makes_business_targ_14_D.wav,target,both_err,make vs. other verb,/ʃ/ --> /s/; rushed/rust,,,,,,
18,691b0cfb23a559c33480315d3fd03586c2d736c19b0cca013765829a859d398e,The question does NOT need any corrections.,what_colors_make_up_a_traditional_candy_cane_which_people_enjoy_eating_during_christmas_targ_15_A.wav,target,correct,infinitive vs. participle,/k/ --> /g/; cane/gain,,,,,,
18,691b0cfb23a559c33480315d3fd03586c2d736c19b0cca013765829a859d398e,red,what_colors_make_up_a_traditional_candy_cane_which_people_enjoy_eating_during_christmas_targ_15_A.wav,target,correct,infinitive vs. participle,/k/ --> /g/; cane/gain,,,,,,
18,691b0cfb23a559c33480315d3fd03586c2d736c19b0cca013765829a859d398e,"The question does NOT need any corrections, but I don't know the answer/ I don't understand what the question is asking.",where_do_people_get_drivers_licenses_since_it_is_required_as_ballad_id_to_drive_targ_16_B.wav,target,phon_err,expletive 'it' dropping,/v/ --> /b/; valid/ballad,,,,,,
18,691b0cfb23a559c33480315d3fd03586c2d736c19b0cca013765829a859d398e,NA,where_do_people_get_drivers_licenses_since_it_is_required_as_ballad_id_to_drive_targ_16_B.wav,target,phon_err,expletive 'it' dropping,/v/ --> /b/; valid/ballad,,,,,,
18,691b0cfb23a559c33480315d3fd03586c2d736c19b0cca013765829a859d398e,The question does NOT need any corrections.,how_many_days_would_my_bike_tandem_be_gone_if_someone_borrows_it_for_july_targ_17_C.wav,target,non_phon_err,adj/noun order,/ʊ/ --> /u/; would/wooed,,,,,,
18,691b0cfb23a559c33480315d3fd03586c2d736c19b0cca013765829a859d398e,31,how_many_days_would_my_bike_tandem_be_gone_if_someone_borrows_it_for_july_targ_17_C.wav,target,non_phon_err,adj/noun order,/ʊ/ --> /u/; would/wooed,,,,,,
18,691b0cfb23a559c33480315d3fd03586c2d736c19b0cca013765829a859d398e,The question does NOT need any corrections.,when_you_have_hot_what_device_measures_body_temperature_in_boat_celsius_and_fahrenheit_targ_18_D.wav,target,both_err,have vs. be,/θ/ --> /t/; both/boat,,,,,,
18,691b0cfb23a559c33480315d3fd03586c2d736c19b0cca013765829a859d398e,thermomiter,when_you_have_hot_what_device_measures_body_temperature_in_boat_celsius_and_fahrenheit_targ_18_D.wav,target,both_err,have vs. be,/θ/ --> /t/; both/boat,,,,,,
18,691b0cfb23a559c33480315d3fd03586c2d736c19b0cca013765829a859d398e,The question does NOT need any corrections.,what_big_star_in_our_solar_system_can_still_be_visible_when_it_is_cloudy_targ_19_A.wav,target,correct,expletive 'it' dropping,/ɪ/ --> /i/; still/steal,,,,,,
18,691b0cfb23a559c33480315d3fd03586c2d736c19b0cca013765829a859d398e,SUN,what_big_star_in_our_solar_system_can_still_be_visible_when_it_is_cloudy_targ_19_A.wav,target,correct,expletive 'it' dropping,/ɪ/ --> /i/; still/steal,,,,,,
18,691b0cfb23a559c33480315d3fd03586c2d736c19b0cca013765829a859d398e,The question needs to be CORRECTED.,what_popular_us_chain_provides_a_happy_meal_toy_or_plus_when_kids_are_hungry_targ_20_B.wav,target,phon_err,have vs. be,/ʃ/ --> /s/; plush/plus,,,,,,
18,691b0cfb23a559c33480315d3fd03586c2d736c19b0cca013765829a859d398e,need to correct according to the subject verb,what_popular_us_chain_provides_a_happy_meal_toy_or_plus_when_kids_are_hungry_targ_20_B.wav,target,phon_err,have vs. be,/ʃ/ --> /s/; plush/plus,,,,,,
18,691b0cfb23a559c33480315d3fd03586c2d736c19b0cca013765829a859d398e,I’m good — skip to the next question,in_the_lion_king_who_nala_talk_to_and_is_laying_in_a_cot_after_theyve_reunited_targ_21_C.wav,target,non_phon_err,no aux verbs in questions (lack of do support),/k/ --> /g/; cot/got,,,,,,
18,691b0cfb23a559c33480315d3fd03586c2d736c19b0cca013765829a859d398e,NA,in_the_lion_king_who_nala_talk_to_and_is_laying_in_a_cot_after_theyve_reunited_targ_21_C.wav,target,non_phon_err,no aux verbs in questions (lack of do support),/k/ --> /g/; cot/got,,,,,,
18,691b0cfb23a559c33480315d3fd03586c2d736c19b0cca013765829a859d398e,The question does NOT need any corrections.,if_a_janitor_hardworking_cleaned_a_bent_in_five_minutes_how_many_seconds_is_that_targ_22_D.wav,target,both_err,adj/noun order,/v/ --> /b/; vent/bent,,,,,,
18,691b0cfb23a559c33480315d3fd03586c2d736c19b0cca013765829a859d398e,300,if_a_janitor_hardworking_cleaned_a_bent_in_five_minutes_how_many_seconds_is_that_targ_22_D.wav,target,both_err,adj/noun order,/v/ --> /b/; vent/bent,,,,,,
18,691b0cfb23a559c33480315d3fd03586c2d736c19b0cca013765829a859d398e,The question does NOT need any corrections.,what_company_created_the_macbook_a_device_full_of_features_to_help_students_do_homework_targ_23_A.wav,target,correct,make vs. other verb,/ʊ/ --> /u/; full/fool,,,,,,
18,691b0cfb23a559c33480315d3fd03586c2d736c19b0cca013765829a859d398e,Apple,what_company_created_the_macbook_a_device_full_of_features_to_help_students_do_homework_targ_23_A.wav,target,correct,make vs. other verb,/ʊ/ --> /u/; full/fool,,,,,,
18,691b0cfb23a559c33480315d3fd03586c2d736c19b0cca013765829a859d398e,The question does NOT need any corrections.,if_i_consider_leaving_work_after_the_fort_hour_how_many_minutes_would_that_be_targ_24_B.wav,target,phon_err,infinitive vs. participle,/θ/ --> /t/; fourth/fort,,,,,,
18,691b0cfb23a559c33480315d3fd03586c2d736c19b0cca013765829a859d398e,240,if_i_consider_leaving_work_after_the_fort_hour_how_many_minutes_would_that_be_targ_24_B.wav,target,phon_err,infinitive vs. participle,/θ/ --> /t/; fourth/fort,,,,,,
18,691b0cfb23a559c33480315d3fd03586c2d736c19b0cca013765829a859d398e,"The question does NOT need any corrections, but I don't know the answer/ I don't understand what the question is asking.",what_letter_in_the_latin_alphabet_corresponds_to_the_greek_letter_alpha_fill_01.wav,filler_other,NA,NA,NA,,,,,,
18,691b0cfb23a559c33480315d3fd03586c2d736c19b0cca013765829a859d398e,na,what_letter_in_the_latin_alphabet_corresponds_to_the_greek_letter_alpha_fill_01.wav,filler_other,NA,NA,NA,,,,,,
18,691b0cfb23a559c33480315d3fd03586c2d736c19b0cca013765829a859d398e,I’m good — skip to the next question,what_organ_is_often_associated_with_being_eaten_by_rotting_flesh_monsters_also_known_as_zombies_fill_02.wav,filler_other,NA,NA,NA,,,,,,
18,691b0cfb23a559c33480315d3fd03586c2d736c19b0cca013765829a859d398e,NA,what_organ_is_often_associated_with_being_eaten_by_rotting_flesh_monsters_also_known_as_zombies_fill_02.wav,filler_other,NA,NA,NA,,,,,,
18,691b0cfb23a559c33480315d3fd03586c2d736c19b0cca013765829a859d398e,"The question does NOT need any corrections, but I don't know the answer/ I don't understand what the question is asking.",which_british_celebrity_judge_often_harshly_critiqued_contestants_on_the_nationwide_singing_contest_american_idol_fill_03.wav,filler_other,NA,NA,NA,,,,,,
18,691b0cfb23a559c33480315d3fd03586c2d736c19b0cca013765829a859d398e,NA,which_british_celebrity_judge_often_harshly_critiqued_contestants_on_the_nationwide_singing_contest_american_idol_fill_03.wav,filler_other,NA,NA,NA,,,,,,
18,691b0cfb23a559c33480315d3fd03586c2d736c19b0cca013765829a859d398e,The question does NOT need any corrections.,which_cartoon_character_works_at_the_krusty_krab_and_is_best_friends_with_patrick_star_fill_04.wav,filler_other,NA,NA,NA,,,,,,
18,691b0cfb23a559c33480315d3fd03586c2d736c19b0cca013765829a859d398e,moto patlu,which_cartoon_character_works_at_the_krusty_krab_and_is_best_friends_with_patrick_star_fill_04.wav,filler_other,NA,NA,NA,,,,,,
18,691b0cfb23a559c33480315d3fd03586c2d736c19b0cca013765829a859d398e,The question does NOT need any corrections.,which_body_part_did_van_gogh_allegedly_cut_off_after_an_argument_with_his_friend_fill_05.wav,filler_other,NA,NA,NA,,,,,,
18,691b0cfb23a559c33480315d3fd03586c2d736c19b0cca013765829a859d398e,finger,which_body_part_did_van_gogh_allegedly_cut_off_after_an_argument_with_his_friend_fill_05.wav,filler_other,NA,NA,NA,,,,,,
18,691b0cfb23a559c33480315d3fd03586c2d736c19b0cca013765829a859d398e,I’m good — skip to the next question,what_is_the_name_of_the_comic_strip_featuring_charlie_brown_and_his_dog_snoopy_fill_06.wav,filler_other,NA,NA,NA,,,,,,
18,691b0cfb23a559c33480315d3fd03586c2d736c19b0cca013765829a859d398e,NA,what_is_the_name_of_the_comic_strip_featuring_charlie_brown_and_his_dog_snoopy_fill_06.wav,filler_other,NA,NA,NA,,,,,,
18,691b0cfb23a559c33480315d3fd03586c2d736c19b0cca013765829a859d398e,"The question does NOT need any corrections, but I don't know the answer/ I don't understand what the question is asking.",what_holiday_occurs_at_the_end_of_october_and_features_trick-or-treating_pumpkins_and_haunted_houses_fill_07.wav,filler_other,NA,NA,NA,,,,,,
18,691b0cfb23a559c33480315d3fd03586c2d736c19b0cca013765829a859d398e,na,what_holiday_occurs_at_the_end_of_october_and_features_trick-or-treating_pumpkins_and_haunted_houses_fill_07.wav,filler_other,NA,NA,NA,,,,,,
18,691b0cfb23a559c33480315d3fd03586c2d736c19b0cca013765829a859d398e,"The question does NOT need any corrections, but I don't know the answer/ I don't understand what the question is asking.",what_is_the_name_of_the_video_game_character_who_is_a_traveling_italian_plumber_fill_08.wav,filler_other,NA,NA,NA,,,,,,
18,691b0cfb23a559c33480315d3fd03586c2d736c19b0cca013765829a859d398e,NA,what_is_the_name_of_the_video_game_character_who_is_a_traveling_italian_plumber_fill_08.wav,filler_other,NA,NA,NA,,,,,,
18,691b0cfb23a559c33480315d3fd03586c2d736c19b0cca013765829a859d398e,The question does NOT need any corrections.,what_kind_of_animal_is_mickey_mouse’s_girlfriend_minnie_who_wears_a_bow_fill_09.wav,filler_other,NA,NA,NA,,,,,,
18,691b0cfb23a559c33480315d3fd03586c2d736c19b0cca013765829a859d398e,MOUSE,what_kind_of_animal_is_mickey_mouse’s_girlfriend_minnie_who_wears_a_bow_fill_09.wav,filler_other,NA,NA,NA,,,,,,
18,691b0cfb23a559c33480315d3fd03586c2d736c19b0cca013765829a859d398e,I’m good — skip to the next question,which_cartoon_dog_solves_mysteries_with_the_group_fred_daphne_velma_and_shaggy_fill_10.wav,filler_other,NA,NA,NA,,,,,,
18,691b0cfb23a559c33480315d3fd03586c2d736c19b0cca013765829a859d398e,NA,which_cartoon_dog_solves_mysteries_with_the_group_fred_daphne_velma_and_shaggy_fill_10.wav,filler_other,NA,NA,NA,,,,,,
18,691b0cfb23a559c33480315d3fd03586c2d736c19b0cca013765829a859d398e,"The question does NOT need any corrections, but I don't know the answer/ I don't understand what the question is asking.",which_fast_food_chain_offers_foot-long_sandwiches_and_has_the_slogan_eat_fresh_fill_11.wav,filler_other,NA,NA,NA,,,,,,
18,691b0cfb23a559c33480315d3fd03586c2d736c19b0cca013765829a859d398e,NA,which_fast_food_chain_offers_foot-long_sandwiches_and_has_the_slogan_eat_fresh_fill_11.wav,filler_other,NA,NA,NA,,,,,,
18,691b0cfb23a559c33480315d3fd03586c2d736c19b0cca013765829a859d398e,The question needs to be CORRECTED.,which_oscar-winning_movie_features_tom_hanks_saying_life_is_like_a_box_of_chocolates_fill_12.wav,filler_other,NA,NA,NA,,,,,,
18,691b0cfb23a559c33480315d3fd03586c2d736c19b0cca013765829a859d398e,do not have idea,which_oscar-winning_movie_features_tom_hanks_saying_life_is_like_a_box_of_chocolates_fill_12.wav,filler_other,NA,NA,NA,,,,,,
18,691b0cfb23a559c33480315d3fd03586c2d736c19b0cca013765829a859d398e,"The question does NOT need any corrections, but I don't know the answer/ I don't understand what the question is asking.",what_novel_has_the_quote_i’m_late_i’m_late_for_a_very_important_date_fill_13.wav,filler_other,NA,NA,NA,,,,,,
18,691b0cfb23a559c33480315d3fd03586c2d736c19b0cca013765829a859d398e,NA,what_novel_has_the_quote_i’m_late_i’m_late_for_a_very_important_date_fill_13.wav,filler_other,NA,NA,NA,,,,,,
18,691b0cfb23a559c33480315d3fd03586c2d736c19b0cca013765829a859d398e,"The question does NOT need any corrections, but I don't know the answer/ I don't understand what the question is asking.",what_mythical_creatures_have_been_said_to_drink_blood_turn_into_bats_and_hate_onions_fill_14.wav,filler_other,NA,NA,NA,,,,,,
18,691b0cfb23a559c33480315d3fd03586c2d736c19b0cca013765829a859d398e,NA,what_mythical_creatures_have_been_said_to_drink_blood_turn_into_bats_and_hate_onions_fill_14.wav,filler_other,NA,NA,NA,,,,,,
18,691b0cfb23a559c33480315d3fd03586c2d736c19b0cca013765829a859d398e,"The question does NOT need any corrections, but I don't know the answer/ I don't understand what the question is asking.",who_discovered_the_law_of_universal_gravitation_which_accounts_for_why_objects_naturally_fall_downwards_fill_15.wav,filler_other,NA,NA,NA,,,,,,
18,691b0cfb23a559c33480315d3fd03586c2d736c19b0cca013765829a859d398e,na,who_discovered_the_law_of_universal_gravitation_which_accounts_for_why_objects_naturally_fall_downwards_fill_15.wav,filler_other,NA,NA,NA,,,,,,
18,691b0cfb23a559c33480315d3fd03586c2d736c19b0cca013765829a859d398e,"The question does NOT need any corrections, but I don't know the answer/ I don't understand what the question is asking.",which_soft_pastry_made_with_a_certain_spice_is_often_spiral-shaped_and_topped_with_icing_fill_16.wav,filler_other,NA,NA,NA,,,,,,
18,691b0cfb23a559c33480315d3fd03586c2d736c19b0cca013765829a859d398e,NA,which_soft_pastry_made_with_a_certain_spice_is_often_spiral-shaped_and_topped_with_icing_fill_16.wav,filler_other,NA,NA,NA,,,,,,
18,691b0cfb23a559c33480315d3fd03586c2d736c19b0cca013765829a859d398e,I’m good — skip to the next question,what_us_holiday_is_often_celebrated_with_fireworks_and_hotdogs_to_honor_americas_freedom_fill_17.wav,filler_other,NA,NA,NA,,,,,,
18,691b0cfb23a559c33480315d3fd03586c2d736c19b0cca013765829a859d398e,NA,what_us_holiday_is_often_celebrated_with_fireworks_and_hotdogs_to_honor_americas_freedom_fill_17.wav,filler_other,NA,NA,NA,,,,,,
18,691b0cfb23a559c33480315d3fd03586c2d736c19b0cca013765829a859d398e,I’m good — skip to the next question,which_tropical_fruit_that_grows_on_palm_trees_is_used_for_oils_and_milks_fill_18.wav,filler_other,NA,NA,NA,,,,,,
18,691b0cfb23a559c33480315d3fd03586c2d736c19b0cca013765829a859d398e,NA,which_tropical_fruit_that_grows_on_palm_trees_is_used_for_oils_and_milks_fill_18.wav,filler_other,NA,NA,NA,,,,,,
18,691b0cfb23a559c33480315d3fd03586c2d736c19b0cca013765829a859d398e,The question does NOT need any corrections.,which_season_do_we_associate_with_thanksgiving_the_beginning_of_school_and_leaves_turning_brown_fill_19.wav,filler_other,NA,NA,NA,,,,,,
18,691b0cfb23a559c33480315d3fd03586c2d736c19b0cca013765829a859d398e,fourth Thursday of November,which_season_do_we_associate_with_thanksgiving_the_beginning_of_school_and_leaves_turning_brown_fill_19.wav,filler_other,NA,NA,NA,,,,,,
18,691b0cfb23a559c33480315d3fd03586c2d736c19b0cca013765829a859d398e,I’m good — skip to the next question,what_musician_won_grammys_for_their_album_thriller_which_features_the_hit_song_beat_it_fill_20.wav,filler_other,NA,NA,NA,,,,,,
18,691b0cfb23a559c33480315d3fd03586c2d736c19b0cca013765829a859d398e,NA,what_musician_won_grammys_for_their_album_thriller_which_features_the_hit_song_beat_it_fill_20.wav,filler_other,NA,NA,NA,,,,,,
18,691b0cfb23a559c33480315d3fd03586c2d736c19b0cca013765829a859d398e,The question does NOT need any corrections.,what_animal_is_typically_white_with_black_spots_and_says_moo_fill_21.wav,filler_other,NA,NA,NA,,,,,,
18,691b0cfb23a559c33480315d3fd03586c2d736c19b0cca013765829a859d398e,tiger,what_animal_is_typically_white_with_black_spots_and_says_moo_fill_21.wav,filler_other,NA,NA,NA,,,,,,
18,691b0cfb23a559c33480315d3fd03586c2d736c19b0cca013765829a859d398e,I’m good — skip to the next question,where_do_the_jolly_christmas_icons_santa_claus_and_his_wife_mrs._claus_live_fill_22.wav,filler_other,NA,NA,NA,,,,,,
18,691b0cfb23a559c33480315d3fd03586c2d736c19b0cca013765829a859d398e,NA,where_do_the_jolly_christmas_icons_santa_claus_and_his_wife_mrs._claus_live_fill_22.wav,filler_other,NA,NA,NA,,,,,,
18,691b0cfb23a559c33480315d3fd03586c2d736c19b0cca013765829a859d398e,"The question does NOT need any corrections, but I don't know the answer/ I don't understand what the question is asking.",in_the_famous_dr_seuss_book_what_orange_and_yellow_character_speaks_for_the_trees_fill_23.wav,filler_other,NA,NA,NA,,,,,,
18,691b0cfb23a559c33480315d3fd03586c2d736c19b0cca013765829a859d398e,NA,in_the_famous_dr_seuss_book_what_orange_and_yellow_character_speaks_for_the_trees_fill_23.wav,filler_other,NA,NA,NA,,,,,,
18,691b0cfb23a559c33480315d3fd03586c2d736c19b0cca013765829a859d398e,"The question does NOT need any corrections, but I don't know the answer/ I don't understand what the question is asking.",in_what_country_would_you_find_landmarks_like_the_pyramids_of_giza_and_great_sphinx_fill_24.wav,filler_other,NA,NA,NA,,,,,,
18,691b0cfb23a559c33480315d3fd03586c2d736c19b0cca013765829a859d398e,na,in_what_country_would_you_find_landmarks_like_the_pyramids_of_giza_and_great_sphinx_fill_24.wav,filler_other,NA,NA,NA,,,,,,
19,69c887289b71169d71f56cc2a66ef82a4f3f1c6a231a1de291b33c879eb6a368,The question does NOT need any corrections.,how_many_legs_does_a_dog_normally_have_fill_25.wav,att_check_good,NA,NA,NA,nans,,,a,,FB_1109
19,69c887289b71169d71f56cc2a66ef82a4f3f1c6a231a1de291b33c879eb6a368,2,how_many_legs_does_a_dog_normally_have_fill_25.wav,att_check_good,NA,NA,NA,,,,,,
19,69c887289b71169d71f56cc2a66ef82a4f3f1c6a231a1de291b33c879eb6a368,The question does NOT need any corrections.,what_state_is_los_angeles_located_in_fill_26.wav,att_check_good,NA,NA,NA,nans,,,a,,FB_1109
19,69c887289b71169d71f56cc2a66ef82a4f3f1c6a231a1de291b33c879eb6a368,Nevada,what_state_is_los_angeles_located_in_fill_26.wav,att_check_good,NA,NA,NA,,,,,,
19,69c887289b71169d71f56cc2a66ef82a4f3f1c6a231a1de291b33c879eb6a368,The question does NOT need any corrections.,what_day_of_the_week_comes_after_monday_fill_27.wav,att_check_good,NA,NA,NA,nans,,,a,,FB_1109
19,69c887289b71169d71f56cc2a66ef82a4f3f1c6a231a1de291b33c879eb6a368,Tuesday,what_day_of_the_week_comes_after_monday_fill_27.wav,att_check_good,NA,NA,NA,,,,,,
19,69c887289b71169d71f56cc2a66ef82a4f3f1c6a231a1de291b33c879eb6a368,The question does NOT need any corrections.,what_color_is_a_typical_school_bus_fill_28.wav,att_check_good,NA,NA,NA,nans,,,a,,FB_1109
19,69c887289b71169d71f56cc2a66ef82a4f3f1c6a231a1de291b33c879eb6a368,yellow,what_color_is_a_typical_school_bus_fill_28.wav,att_check_good,NA,NA,NA,,,,,,
19,69c887289b71169d71f56cc2a66ef82a4f3f1c6a231a1de291b33c879eb6a368,The question needs to be CORRECTED.,in_the_cycle_of_seasons_what_season_comes_after_dinter_fill_29.wav,att_check_err,NA,NA,NA,y,,acheckp,,,FB_1109
19,69c887289b71169d71f56cc2a66ef82a4f3f1c6a231a1de291b33c879eb6a368,"Spring. She said ""dinter"" instead of ""winter""",in_the_cycle_of_seasons_what_season_comes_after_dinter_fill_29.wav,att_check_err,NA,NA,NA,,,,,,
19,69c887289b71169d71f56cc2a66ef82a4f3f1c6a231a1de291b33c879eb6a368,The question needs to be CORRECTED.,what_insect_undergoes_a_process_of_change_to_turn_into_a_butterfy_fill_30.wav,att_check_err,NA,NA,NA,y,,acheckp,,,FB_1109
19,69c887289b71169d71f56cc2a66ef82a4f3f1c6a231a1de291b33c879eb6a368,"Caterpillar. She said ""butterfy"" should be ""butterfly""",what_insect_undergoes_a_process_of_change_to_turn_into_a_butterfy_fill_30.wav,att_check_err,NA,NA,NA,,,,,,
19,69c887289b71169d71f56cc2a66ef82a4f3f1c6a231a1de291b33c879eb6a368,The question needs to be CORRECTED.,what_is_the_largest_plant_in_the_solar_system_fill_31.wav,att_check_err,NA,NA,NA,y,,acheckp,,,FB_1109
19,69c887289b71169d71f56cc2a66ef82a4f3f1c6a231a1de291b33c879eb6a368,"Jupiter. She should have said ""planet"" but she said ""plant""",what_is_the_largest_plant_in_the_solar_system_fill_31.wav,att_check_err,NA,NA,NA,,,,,,
19,69c887289b71169d71f56cc2a66ef82a4f3f1c6a231a1de291b33c879eb6a368,The question needs to be CORRECTED.,how_many_embers_were_in_the_beatles_the_british_rock_band_fill_32.wav,att_check_err,NA,NA,NA,y,,acheckf,,mentioned otherp only ,FB_1109
19,69c887289b71169d71f56cc2a66ef82a4f3f1c6a231a1de291b33c879eb6a368,"Four. She said ""Bittles"" instead of ""Beatles""",how_many_embers_were_in_the_beatles_the_british_rock_band_fill_32.wav,att_check_err,NA,NA,NA,,,,,,
19,69c887289b71169d71f56cc2a66ef82a4f3f1c6a231a1de291b33c879eb6a368,The question does NOT need any corrections.,for_what_pink_ice_cream_flavor_will_companies_do_their_best_to_use_real_fruit_targ_01_A.wav,target,correct,make vs. other verb,/ɪ/ --> /i/; will/wheel,nans,,,,,FB_1109
19,69c887289b71169d71f56cc2a66ef82a4f3f1c6a231a1de291b33c879eb6a368,Strawberry,for_what_pink_ice_cream_flavor_will_companies_do_their_best_to_use_real_fruit_targ_01_A.wav,target,correct,make vs. other verb,/ɪ/ --> /i/; will/wheel,,,,,,
19,69c887289b71169d71f56cc2a66ef82a4f3f1c6a231a1de291b33c879eb6a368,"The question does NOT need any corrections, but I don't know the answer/ I don't understand what the question is asking.",what_term_refers_to_armored_men_who_enjoyed_carrying_medieval_swords_that_class_in_combat_targ_02_B.wav,target,phon_err,infinitive vs. participle,/ʃ/ --> /s/; clash/class,nun,,,,,FB_1109
19,69c887289b71169d71f56cc2a66ef82a4f3f1c6a231a1de291b33c879eb6a368,NA,what_term_refers_to_armored_men_who_enjoyed_carrying_medieval_swords_that_class_in_combat_targ_02_B.wav,target,phon_err,infinitive vs. participle,/ʃ/ --> /s/; clash/class,,,,,second attempt is their first instance and they chose the skip option,
19,69c887289b71169d71f56cc2a66ef82a4f3f1c6a231a1de291b33c879eb6a368,I’m good — skip to the next question,which_scottish_actor_first_played_james_bond_wearing_kilts_to_red_carpets_when_he_had_32_years_old_targ_03_C.wav,target,non_phon_err,have vs. be,/k/ --> /g/; kilt/guilt,s,,,,,FB_1109
19,69c887289b71169d71f56cc2a66ef82a4f3f1c6a231a1de291b33c879eb6a368,NA,which_scottish_actor_first_played_james_bond_wearing_kilts_to_red_carpets_when_he_had_32_years_old_targ_03_C.wav,target,non_phon_err,have vs. be,/k/ --> /g/; kilt/guilt,,,,,,
19,69c887289b71169d71f56cc2a66ef82a4f3f1c6a231a1de291b33c879eb6a368,The question needs to be CORRECTED.,what_neil_armstrong_say_during_his_berry_first_steps_on_the_moon_targ_04_D.wav,target,both_err,no aux verbs in questions (lack of do support),/v/ --> /b/; very/berry,y,,p,,,FB_1109
19,69c887289b71169d71f56cc2a66ef82a4f3f1c6a231a1de291b33c879eb6a368,"""One small step for man, one great leap for mankind."" She said ""bery"" when it should be ""very""",what_neil_armstrong_say_during_his_berry_first_steps_on_the_moon_targ_04_D.wav,target,both_err,no aux verbs in questions (lack of do support),/v/ --> /b/; very/berry,,,,,,
19,69c887289b71169d71f56cc2a66ef82a4f3f1c6a231a1de291b33c879eb6a368,The question does NOT need any corrections.,what_kind_of_weather_could_occur_when_it_is_raining_and_below_freezing_targ_05_A.wav,target,correct,expletive 'it' dropping,/ʊ/ --> /u/; could/cooed,nans,,,,,FB_1109
19,69c887289b71169d71f56cc2a66ef82a4f3f1c6a231a1de291b33c879eb6a368,snow,what_kind_of_weather_could_occur_when_it_is_raining_and_below_freezing_targ_05_A.wav,target,correct,expletive 'it' dropping,/ʊ/ --> /u/; could/cooed,,,,,,
19,69c887289b71169d71f56cc2a66ef82a4f3f1c6a231a1de291b33c879eb6a368,The question does NOT need any corrections.,how_many_legs_does_a_canadian_garden_spider_whose_silk_can_make_clot_have_targ_06_B.wav,target,phon_err,adj/noun order,/θ/ --> /t/; cloth/clot,nans,,,,,FB_1109
19,69c887289b71169d71f56cc2a66ef82a4f3f1c6a231a1de291b33c879eb6a368,8,how_many_legs_does_a_canadian_garden_spider_whose_silk_can_make_clot_have_targ_06_B.wav,target,phon_err,adj/noun order,/θ/ --> /t/; cloth/clot,,,,,,
19,69c887289b71169d71f56cc2a66ef82a4f3f1c6a231a1de291b33c879eb6a368,The question needs to be CORRECTED.,what_childrens_game_makes_people_sit_down_quickly_when_the_music_loud_stops_targ_07_C.wav,target,non_phon_err,adj/noun order,/ɪ/ --> /i/; sit/seat,y,,np,,,FB_1109
19,69c887289b71169d71f56cc2a66ef82a4f3f1c6a231a1de291b33c879eb6a368,"Musical Chairs. She says ""music loud"" when it should be ""loud music""",what_childrens_game_makes_people_sit_down_quickly_when_the_music_loud_stops_targ_07_C.wav,target,non_phon_err,adj/noun order,/ɪ/ --> /i/; sit/seat,,,,,,
19,69c887289b71169d71f56cc2a66ef82a4f3f1c6a231a1de291b33c879eb6a368,The question needs to be CORRECTED.,because_is_important_to_honor_the_iris_saint_what_holiday_occurs_on_march_17th_targ_08_D.wav,target,both_err,expletive 'it' dropping,/ʃ/ --> /s/; Irish/iris,y,,p,,,FB_1109
19,69c887289b71169d71f56cc2a66ef82a4f3f1c6a231a1de291b33c879eb6a368,"St. Patrick's Day. She said ""Iris"" instead of ""Irish""",because_is_important_to_honor_the_iris_saint_what_holiday_occurs_on_march_17th_targ_08_D.wav,target,both_err,expletive 'it' dropping,/ʃ/ --> /s/; Irish/iris,,,,,,
19,69c887289b71169d71f56cc2a66ef82a4f3f1c6a231a1de291b33c879eb6a368,The question does NOT need any corrections.,if_laundry_service_will_come_in_five_days_and_todays_thursday_when_are_they_doing_laundry_next_targ_09_A.wav,target,correct,make vs. other verb,/k/ --> /g/; come/gum,nans,,,,,FB_1109
19,69c887289b71169d71f56cc2a66ef82a4f3f1c6a231a1de291b33c879eb6a368,Tuesday,if_laundry_service_will_come_in_five_days_and_todays_thursday_when_are_they_doing_laundry_next_targ_09_A.wav,target,correct,make vs. other verb,/k/ --> /g/; come/gum,,,,,,
19,69c887289b71169d71f56cc2a66ef82a4f3f1c6a231a1de291b33c879eb6a368,"The question does NOT need any corrections, but I don't know the answer/ I don't understand what the question is asking.",who_did_americans_boat_for_to_be_their_first_president_who_avoided_serving_three_terms_targ_10_B.wav,target,phon_err,infinitive vs. participle,/v/ --> /b/; vote/boat,nun,,,,,FB_1109
19,69c887289b71169d71f56cc2a66ef82a4f3f1c6a231a1de291b33c879eb6a368,NA,who_did_americans_boat_for_to_be_their_first_president_who_avoided_serving_three_terms_targ_10_B.wav,target,phon_err,infinitive vs. participle,/v/ --> /b/; vote/boat,,,,,,
19,69c887289b71169d71f56cc2a66ef82a4f3f1c6a231a1de291b33c879eb6a368,"The question does NOT need any corrections, but I don't know the answer/ I don't understand what the question is asking.",what_colors_can_have_on_a_traffic_light_which_often_senses_when_cars_pull_up_targ_11_C.wav,target,non_phon_err,have vs. be,/ʊ/ --> /u/; pulls/pools,nun,,,,,FB_1109
19,69c887289b71169d71f56cc2a66ef82a4f3f1c6a231a1de291b33c879eb6a368,NA,what_colors_can_have_on_a_traffic_light_which_often_senses_when_cars_pull_up_targ_11_C.wav,target,non_phon_err,have vs. be,/ʊ/ --> /u/; pulls/pools,,,,,,
19,69c887289b71169d71f56cc2a66ef82a4f3f1c6a231a1de291b33c879eb6a368,"The question does NOT need any corrections, but I don't know the answer/ I don't understand what the question is asking.",if_youre_on_a_pat_from_california_to_hawaii_which_ocean_you_go_through_targ_12_D.wav,target,both_err,no aux verbs in questions (lack of do support),/θ/ --> /t/; path/pat,nun,,,,,FB_1109
19,69c887289b71169d71f56cc2a66ef82a4f3f1c6a231a1de291b33c879eb6a368,NA,if_youre_on_a_pat_from_california_to_hawaii_which_ocean_you_go_through_targ_12_D.wav,target,both_err,no aux verbs in questions (lack of do support),/θ/ --> /t/; path/pat,,,,,,
19,69c887289b71169d71f56cc2a66ef82a4f3f1c6a231a1de291b33c879eb6a368,"The question does NOT need any corrections, but I don't know the answer/ I don't understand what the question is asking.",what_supplies_do_you_need_to_knit_a_scarf_targ_13_A.wav,target,correct,no aux verbs in questions (lack of do support),/ɪ/ --> /i/; knit/neat,nun,,,,,FB_1109
19,69c887289b71169d71f56cc2a66ef82a4f3f1c6a231a1de291b33c879eb6a368,NA,what_supplies_do_you_need_to_knit_a_scarf_targ_13_A.wav,target,correct,no aux verbs in questions (lack of do support),/ɪ/ --> /i/; knit/neat,,,,,,
19,69c887289b71169d71f56cc2a66ef82a4f3f1c6a231a1de291b33c879eb6a368,"The question does NOT need any corrections, but I don't know the answer/ I don't understand what the question is asking.",what_city_have_people_rust_to_tour_to_see_where_the_us_government_does_business_targ_14_B.wav,target,phon_err,make vs. other verb,/ʃ/ --> /s/; rushed/rust,nun,,,,,FB_1109
19,69c887289b71169d71f56cc2a66ef82a4f3f1c6a231a1de291b33c879eb6a368,NA,what_city_have_people_rust_to_tour_to_see_where_the_us_government_does_business_targ_14_B.wav,target,phon_err,make vs. other verb,/ʃ/ --> /s/; rushed/rust,,,,,,
19,69c887289b71169d71f56cc2a66ef82a4f3f1c6a231a1de291b33c879eb6a368,The question needs to be CORRECTED.,what_colors_make_up_a_traditional_candy_cane_which_people_enjoy_to_eat_during_christmas_targ_15_C.wav,target,non_phon_err,infinitive vs. participle,/k/ --> /g/; cane/gain,y,,np,,,FB_1109
19,69c887289b71169d71f56cc2a66ef82a4f3f1c6a231a1de291b33c879eb6a368,"White and red. She said ""to eat"" should be ""eating""",what_colors_make_up_a_traditional_candy_cane_which_people_enjoy_to_eat_during_christmas_targ_15_C.wav,target,non_phon_err,infinitive vs. participle,/k/ --> /g/; cane/gain,,,,,,
19,69c887289b71169d71f56cc2a66ef82a4f3f1c6a231a1de291b33c879eb6a368,The question needs to be CORRECTED.,where_do_people_get_drivers_licenses_since_is_required_as_ballad_id_to_drive_targ_16_D.wav,target,both_err,expletive 'it' dropping,/v/ --> /b/; valid/ballad,y,,p,,,FB_1109
19,69c887289b71169d71f56cc2a66ef82a4f3f1c6a231a1de291b33c879eb6a368,"DMV. She said ""ballad"" when she should have said ""valid"".",where_do_people_get_drivers_licenses_since_is_required_as_ballad_id_to_drive_targ_16_D.wav,target,both_err,expletive 'it' dropping,/v/ --> /b/; valid/ballad,,,,,,
19,69c887289b71169d71f56cc2a66ef82a4f3f1c6a231a1de291b33c879eb6a368,The question does NOT need any corrections.,how_many_days_would_my_tandem_bike_be_gone_if_someone_borrows_it_for_july_targ_17_A.wav,target,correct,adj/noun order,/ʊ/ --> /u/; would/wooed,nans,,,,,FB_1109
19,69c887289b71169d71f56cc2a66ef82a4f3f1c6a231a1de291b33c879eb6a368,30,how_many_days_would_my_tandem_bike_be_gone_if_someone_borrows_it_for_july_targ_17_A.wav,target,correct,adj/noun order,/ʊ/ --> /u/; would/wooed,,,,,,
19,69c887289b71169d71f56cc2a66ef82a4f3f1c6a231a1de291b33c879eb6a368,The question does NOT need any corrections.,when_you_are_hot_what_device_measures_body_temperature_in_boat_celsius_and_fahrenheit_targ_18_B.wav,target,phon_err,have vs. be,/θ/ --> /t/; both/boat,nans,,,,,FB_1109
19,69c887289b71169d71f56cc2a66ef82a4f3f1c6a231a1de291b33c879eb6a368,thermometer,when_you_are_hot_what_device_measures_body_temperature_in_boat_celsius_and_fahrenheit_targ_18_B.wav,target,phon_err,have vs. be,/θ/ --> /t/; both/boat,,,,,,
19,69c887289b71169d71f56cc2a66ef82a4f3f1c6a231a1de291b33c879eb6a368,The question does NOT need any corrections.,what_big_star_in_our_solar_system_can_still_be_visible_when_is_cloudy_targ_19_C.wav,target,non_phon_err,expletive 'it' dropping,/ɪ/ --> /i/; still/steal,nans,,,,,FB_1109
19,69c887289b71169d71f56cc2a66ef82a4f3f1c6a231a1de291b33c879eb6a368,The Sun,what_big_star_in_our_solar_system_can_still_be_visible_when_is_cloudy_targ_19_C.wav,target,non_phon_err,expletive 'it' dropping,/ɪ/ --> /i/; still/steal,,,,,,
19,69c887289b71169d71f56cc2a66ef82a4f3f1c6a231a1de291b33c879eb6a368,The question needs to be CORRECTED.,what_popular_us_chain_provides_a_happy_meal_toy_or_plus_when_kids_have_hungry_targ_20_D.wav,target,both_err,have vs. be,/ʃ/ --> /s/; plush/plus,y,,p,,,FB_1109
19,69c887289b71169d71f56cc2a66ef82a4f3f1c6a231a1de291b33c879eb6a368,"McDonald's. She said ""plus"" instead of ""prize""",what_popular_us_chain_provides_a_happy_meal_toy_or_plus_when_kids_have_hungry_targ_20_D.wav,target,both_err,have vs. be,/ʃ/ --> /s/; plush/plus,,,,,,
19,69c887289b71169d71f56cc2a66ef82a4f3f1c6a231a1de291b33c879eb6a368,"The question does NOT need any corrections, but I don't know the answer/ I don't understand what the question is asking.",in_the_lion_king_who_does_nala_talk_to_and_is_laying_in_a_cot_after_theyve_reunited_targ_21_A.wav,target,correct,no aux verbs in questions (lack of do support),/k/ --> /g/; cot/got,nun,,,,,FB_1109
19,69c887289b71169d71f56cc2a66ef82a4f3f1c6a231a1de291b33c879eb6a368,NA,in_the_lion_king_who_does_nala_talk_to_and_is_laying_in_a_cot_after_theyve_reunited_targ_21_A.wav,target,correct,no aux verbs in questions (lack of do support),/k/ --> /g/; cot/got,,,,,,
19,69c887289b71169d71f56cc2a66ef82a4f3f1c6a231a1de291b33c879eb6a368,The question does NOT need any corrections.,if_a_hardworking_janitor_cleaned_a_vent_in_five_minutes_how_many_seconds_is_that_targ_22_B.wav,target,phon_err,adj/noun order,/v/ --> /b/; vent/bent,nans,,,,,FB_1109
19,69c887289b71169d71f56cc2a66ef82a4f3f1c6a231a1de291b33c879eb6a368,300,if_a_hardworking_janitor_cleaned_a_vent_in_five_minutes_how_many_seconds_is_that_targ_22_B.wav,target,phon_err,adj/noun order,/v/ --> /b/; vent/bent,,,,,,
19,69c887289b71169d71f56cc2a66ef82a4f3f1c6a231a1de291b33c879eb6a368,The question needs to be CORRECTED.,what_company_created_the_macbook_a_device_full_of_features_to_help_students_make_homework_targ_23_C.wav,target,non_phon_err,make vs. other verb,/ʊ/ --> /u/; full/fool,y,,otherirr,,,FB_1109
19,69c887289b71169d71f56cc2a66ef82a4f3f1c6a231a1de291b33c879eb6a368,"Apple. She said ""A vice"" when it should be ""A device""",what_company_created_the_macbook_a_device_full_of_features_to_help_students_make_homework_targ_23_C.wav,target,non_phon_err,make vs. other verb,/ʊ/ --> /u/; full/fool,,,,,,
19,69c887289b71169d71f56cc2a66ef82a4f3f1c6a231a1de291b33c879eb6a368,"The question does NOT need any corrections, but I don't know the answer/ I don't understand what the question is asking.",if_i_consider_to_leave_work_after_the_fort_hour_how_many_minutes_would_that_be_targ_24_D.wav,target,both_err,infinitive vs. participle,/θ/ --> /t/; fourth/fort,nun,,,,,FB_1109
19,69c887289b71169d71f56cc2a66ef82a4f3f1c6a231a1de291b33c879eb6a368,NA,if_i_consider_to_leave_work_after_the_fort_hour_how_many_minutes_would_that_be_targ_24_D.wav,target,both_err,infinitive vs. participle,/θ/ --> /t/; fourth/fort,,,,,,
19,69c887289b71169d71f56cc2a66ef82a4f3f1c6a231a1de291b33c879eb6a368,The question does NOT need any corrections.,what_letter_in_the_latin_alphabet_corresponds_to_the_greek_letter_alpha_fill_01.wav,filler_other,NA,NA,NA,nans,,,,,FB_1109
19,69c887289b71169d71f56cc2a66ef82a4f3f1c6a231a1de291b33c879eb6a368,a,what_letter_in_the_latin_alphabet_corresponds_to_the_greek_letter_alpha_fill_01.wav,filler_other,NA,NA,NA,,,,,,
19,69c887289b71169d71f56cc2a66ef82a4f3f1c6a231a1de291b33c879eb6a368,The question does NOT need any corrections.,what_organ_is_often_associated_with_being_eaten_by_rotting_flesh_monsters_also_known_as_zombies_fill_02.wav,filler_other,NA,NA,NA,nans,,,,,FB_1109
19,69c887289b71169d71f56cc2a66ef82a4f3f1c6a231a1de291b33c879eb6a368,brain,what_organ_is_often_associated_with_being_eaten_by_rotting_flesh_monsters_also_known_as_zombies_fill_02.wav,filler_other,NA,NA,NA,,,,,,
19,69c887289b71169d71f56cc2a66ef82a4f3f1c6a231a1de291b33c879eb6a368,The question does NOT need any corrections.,which_british_celebrity_judge_often_harshly_critiqued_contestants_on_the_nationwide_singing_contest_american_idol_fill_03.wav,filler_other,NA,NA,NA,nans,,,,,FB_1109
19,69c887289b71169d71f56cc2a66ef82a4f3f1c6a231a1de291b33c879eb6a368,Simon Cowel,which_british_celebrity_judge_often_harshly_critiqued_contestants_on_the_nationwide_singing_contest_american_idol_fill_03.wav,filler_other,NA,NA,NA,,,,,,
19,69c887289b71169d71f56cc2a66ef82a4f3f1c6a231a1de291b33c879eb6a368,The question does NOT need any corrections.,which_cartoon_character_works_at_the_krusty_krab_and_is_best_friends_with_patrick_star_fill_04.wav,filler_other,NA,NA,NA,nans,,,,,FB_1109
19,69c887289b71169d71f56cc2a66ef82a4f3f1c6a231a1de291b33c879eb6a368,Spongebob Squarepants,which_cartoon_character_works_at_the_krusty_krab_and_is_best_friends_with_patrick_star_fill_04.wav,filler_other,NA,NA,NA,,,,,,
19,69c887289b71169d71f56cc2a66ef82a4f3f1c6a231a1de291b33c879eb6a368,The question does NOT need any corrections.,which_body_part_did_van_gogh_allegedly_cut_off_after_an_argument_with_his_friend_fill_05.wav,filler_other,NA,NA,NA,nans,,,,,FB_1109
19,69c887289b71169d71f56cc2a66ef82a4f3f1c6a231a1de291b33c879eb6a368,ear,which_body_part_did_van_gogh_allegedly_cut_off_after_an_argument_with_his_friend_fill_05.wav,filler_other,NA,NA,NA,,,,,,
19,69c887289b71169d71f56cc2a66ef82a4f3f1c6a231a1de291b33c879eb6a368,"The question does NOT need any corrections, but I don't know the answer/ I don't understand what the question is asking.",what_is_the_name_of_the_comic_strip_featuring_charlie_brown_and_his_dog_snoopy_fill_06.wav,filler_other,NA,NA,NA,nun,,,,,FB_1109
19,69c887289b71169d71f56cc2a66ef82a4f3f1c6a231a1de291b33c879eb6a368,NA,what_is_the_name_of_the_comic_strip_featuring_charlie_brown_and_his_dog_snoopy_fill_06.wav,filler_other,NA,NA,NA,,,,,,
19,69c887289b71169d71f56cc2a66ef82a4f3f1c6a231a1de291b33c879eb6a368,The question does NOT need any corrections.,what_holiday_occurs_at_the_end_of_october_and_features_trick-or-treating_pumpkins_and_haunted_houses_fill_07.wav,filler_other,NA,NA,NA,nans,,,,,FB_1109
19,69c887289b71169d71f56cc2a66ef82a4f3f1c6a231a1de291b33c879eb6a368,Halloween,what_holiday_occurs_at_the_end_of_october_and_features_trick-or-treating_pumpkins_and_haunted_houses_fill_07.wav,filler_other,NA,NA,NA,,,,,,
19,69c887289b71169d71f56cc2a66ef82a4f3f1c6a231a1de291b33c879eb6a368,The question does NOT need any corrections.,what_is_the_name_of_the_video_game_character_who_is_a_traveling_italian_plumber_fill_08.wav,filler_other,NA,NA,NA,nans,,,,,FB_1109
19,69c887289b71169d71f56cc2a66ef82a4f3f1c6a231a1de291b33c879eb6a368,Mario,what_is_the_name_of_the_video_game_character_who_is_a_traveling_italian_plumber_fill_08.wav,filler_other,NA,NA,NA,,,,,,
19,69c887289b71169d71f56cc2a66ef82a4f3f1c6a231a1de291b33c879eb6a368,The question does NOT need any corrections.,what_kind_of_animal_is_mickey_mouse’s_girlfriend_minnie_who_wears_a_bow_fill_09.wav,filler_other,NA,NA,NA,nans,,,,,FB_1109
19,69c887289b71169d71f56cc2a66ef82a4f3f1c6a231a1de291b33c879eb6a368,mouse,what_kind_of_animal_is_mickey_mouse’s_girlfriend_minnie_who_wears_a_bow_fill_09.wav,filler_other,NA,NA,NA,,,,,,
19,69c887289b71169d71f56cc2a66ef82a4f3f1c6a231a1de291b33c879eb6a368,The question does NOT need any corrections.,which_cartoon_dog_solves_mysteries_with_the_group_fred_daphne_velma_and_shaggy_fill_10.wav,filler_other,NA,NA,NA,nans,,,,,FB_1109
19,69c887289b71169d71f56cc2a66ef82a4f3f1c6a231a1de291b33c879eb6a368,Scooby Doo,which_cartoon_dog_solves_mysteries_with_the_group_fred_daphne_velma_and_shaggy_fill_10.wav,filler_other,NA,NA,NA,,,,,,
19,69c887289b71169d71f56cc2a66ef82a4f3f1c6a231a1de291b33c879eb6a368,The question does NOT need any corrections.,which_fast_food_chain_offers_foot-long_sandwiches_and_has_the_slogan_eat_fresh_fill_11.wav,filler_other,NA,NA,NA,nans,,,,,FB_1109
19,69c887289b71169d71f56cc2a66ef82a4f3f1c6a231a1de291b33c879eb6a368,Subway,which_fast_food_chain_offers_foot-long_sandwiches_and_has_the_slogan_eat_fresh_fill_11.wav,filler_other,NA,NA,NA,,,,,,
19,69c887289b71169d71f56cc2a66ef82a4f3f1c6a231a1de291b33c879eb6a368,"The question does NOT need any corrections, but I don't know the answer/ I don't understand what the question is asking.",which_oscar-winning_movie_features_tom_hanks_saying_life_is_like_a_box_of_chocolates_fill_12.wav,filler_other,NA,NA,NA,nun,,,,,FB_1109
19,69c887289b71169d71f56cc2a66ef82a4f3f1c6a231a1de291b33c879eb6a368,NA,which_oscar-winning_movie_features_tom_hanks_saying_life_is_like_a_box_of_chocolates_fill_12.wav,filler_other,NA,NA,NA,,,,,,
19,69c887289b71169d71f56cc2a66ef82a4f3f1c6a231a1de291b33c879eb6a368,"The question does NOT need any corrections, but I don't know the answer/ I don't understand what the question is asking.",what_novel_has_the_quote_i’m_late_i’m_late_for_a_very_important_date_fill_13.wav,filler_other,NA,NA,NA,nun,,,,,FB_1109
19,69c887289b71169d71f56cc2a66ef82a4f3f1c6a231a1de291b33c879eb6a368,NA,what_novel_has_the_quote_i’m_late_i’m_late_for_a_very_important_date_fill_13.wav,filler_other,NA,NA,NA,,,,,,
19,69c887289b71169d71f56cc2a66ef82a4f3f1c6a231a1de291b33c879eb6a368,The question does NOT need any corrections.,what_mythical_creatures_have_been_said_to_drink_blood_turn_into_bats_and_hate_onions_fill_14.wav,filler_other,NA,NA,NA,nans,,,,,FB_1109
19,69c887289b71169d71f56cc2a66ef82a4f3f1c6a231a1de291b33c879eb6a368,vampire,what_mythical_creatures_have_been_said_to_drink_blood_turn_into_bats_and_hate_onions_fill_14.wav,filler_other,NA,NA,NA,,,,,,
19,69c887289b71169d71f56cc2a66ef82a4f3f1c6a231a1de291b33c879eb6a368,The question does NOT need any corrections.,who_discovered_the_law_of_universal_gravitation_which_accounts_for_why_objects_naturally_fall_downwards_fill_15.wav,filler_other,NA,NA,NA,nans,,,,,FB_1109
19,69c887289b71169d71f56cc2a66ef82a4f3f1c6a231a1de291b33c879eb6a368,Isaac Newton,who_discovered_the_law_of_universal_gravitation_which_accounts_for_why_objects_naturally_fall_downwards_fill_15.wav,filler_other,NA,NA,NA,,,,,,
19,69c887289b71169d71f56cc2a66ef82a4f3f1c6a231a1de291b33c879eb6a368,"The question does NOT need any corrections, but I don't know the answer/ I don't understand what the question is asking.",which_soft_pastry_made_with_a_certain_spice_is_often_spiral-shaped_and_topped_with_icing_fill_16.wav,filler_other,NA,NA,NA,nun,,,,,FB_1109
19,69c887289b71169d71f56cc2a66ef82a4f3f1c6a231a1de291b33c879eb6a368,NA,which_soft_pastry_made_with_a_certain_spice_is_often_spiral-shaped_and_topped_with_icing_fill_16.wav,filler_other,NA,NA,NA,,,,,,
19,69c887289b71169d71f56cc2a66ef82a4f3f1c6a231a1de291b33c879eb6a368,The question does NOT need any corrections.,what_us_holiday_is_often_celebrated_with_fireworks_and_hotdogs_to_honor_americas_freedom_fill_17.wav,filler_other,NA,NA,NA,nans,,,,,FB_1109
19,69c887289b71169d71f56cc2a66ef82a4f3f1c6a231a1de291b33c879eb6a368,Fourth of July,what_us_holiday_is_often_celebrated_with_fireworks_and_hotdogs_to_honor_americas_freedom_fill_17.wav,filler_other,NA,NA,NA,,,,,,
19,69c887289b71169d71f56cc2a66ef82a4f3f1c6a231a1de291b33c879eb6a368,"The question does NOT need any corrections, but I don't know the answer/ I don't understand what the question is asking.",which_tropical_fruit_that_grows_on_palm_trees_is_used_for_oils_and_milks_fill_18.wav,filler_other,NA,NA,NA,nun,,,,,FB_1109
19,69c887289b71169d71f56cc2a66ef82a4f3f1c6a231a1de291b33c879eb6a368,NA,which_tropical_fruit_that_grows_on_palm_trees_is_used_for_oils_and_milks_fill_18.wav,filler_other,NA,NA,NA,,,,,,
19,69c887289b71169d71f56cc2a66ef82a4f3f1c6a231a1de291b33c879eb6a368,The question does NOT need any corrections.,which_season_do_we_associate_with_thanksgiving_the_beginning_of_school_and_leaves_turning_brown_fill_19.wav,filler_other,NA,NA,NA,nans,,,,,FB_1109
19,69c887289b71169d71f56cc2a66ef82a4f3f1c6a231a1de291b33c879eb6a368,Fall,which_season_do_we_associate_with_thanksgiving_the_beginning_of_school_and_leaves_turning_brown_fill_19.wav,filler_other,NA,NA,NA,,,,,,
19,69c887289b71169d71f56cc2a66ef82a4f3f1c6a231a1de291b33c879eb6a368,The question does NOT need any corrections.,what_musician_won_grammys_for_their_album_thriller_which_features_the_hit_song_beat_it_fill_20.wav,filler_other,NA,NA,NA,nans,,,,,FB_1109
19,69c887289b71169d71f56cc2a66ef82a4f3f1c6a231a1de291b33c879eb6a368,Michael Jackson,what_musician_won_grammys_for_their_album_thriller_which_features_the_hit_song_beat_it_fill_20.wav,filler_other,NA,NA,NA,,,,,,
19,69c887289b71169d71f56cc2a66ef82a4f3f1c6a231a1de291b33c879eb6a368,The question does NOT need any corrections.,what_animal_is_typically_white_with_black_spots_and_says_moo_fill_21.wav,filler_other,NA,NA,NA,nans,,,,,FB_1109
19,69c887289b71169d71f56cc2a66ef82a4f3f1c6a231a1de291b33c879eb6a368,cow,what_animal_is_typically_white_with_black_spots_and_says_moo_fill_21.wav,filler_other,NA,NA,NA,,,,,,
19,69c887289b71169d71f56cc2a66ef82a4f3f1c6a231a1de291b33c879eb6a368,The question needs to be CORRECTED.,where_do_the_jolly_christmas_icons_santa_claus_and_his_wife_mrs._claus_live_fill_22.wav,filler_other,NA,NA,NA,y,,othernp,,,FB_1109
19,69c887289b71169d71f56cc2a66ef82a4f3f1c6a231a1de291b33c879eb6a368,"The North Pole. The last word she says needs to be ""lived""",where_do_the_jolly_christmas_icons_santa_claus_and_his_wife_mrs._claus_live_fill_22.wav,filler_other,NA,NA,NA,,,,,,
19,69c887289b71169d71f56cc2a66ef82a4f3f1c6a231a1de291b33c879eb6a368,The question does NOT need any corrections.,in_the_famous_dr_seuss_book_what_orange_and_yellow_character_speaks_for_the_trees_fill_23.wav,filler_other,NA,NA,NA,nans,,,,,FB_1109
19,69c887289b71169d71f56cc2a66ef82a4f3f1c6a231a1de291b33c879eb6a368,The Lorax,in_the_famous_dr_seuss_book_what_orange_and_yellow_character_speaks_for_the_trees_fill_23.wav,filler_other,NA,NA,NA,,,,,,
19,69c887289b71169d71f56cc2a66ef82a4f3f1c6a231a1de291b33c879eb6a368,The question does NOT need any corrections.,in_what_country_would_you_find_landmarks_like_the_pyramids_of_giza_and_great_sphinx_fill_24.wav,filler_other,NA,NA,NA,nans,,,,,FB_1109
19,69c887289b71169d71f56cc2a66ef82a4f3f1c6a231a1de291b33c879eb6a368,Egypt,in_what_country_would_you_find_landmarks_like_the_pyramids_of_giza_and_great_sphinx_fill_24.wav,filler_other,NA,NA,NA,,,,,,
20,6b063117165caab02c708487206ccb0c9e0da8f989be450b21b12f25118021a7,The question does NOT need any corrections.,how_many_legs_does_a_dog_normally_have_fill_25.wav,att_check_good,NA,NA,NA,nans,,,a,FAILED ATTENTION CHECKS (5/8 correct),FB_1109
20,6b063117165caab02c708487206ccb0c9e0da8f989be450b21b12f25118021a7,4,how_many_legs_does_a_dog_normally_have_fill_25.wav,att_check_good,NA,NA,NA,,,,,,
20,6b063117165caab02c708487206ccb0c9e0da8f989be450b21b12f25118021a7,The question does NOT need any corrections.,what_state_is_los_angeles_located_in_fill_26.wav,att_check_good,NA,NA,NA,nans,,,a,,FB_1109
20,6b063117165caab02c708487206ccb0c9e0da8f989be450b21b12f25118021a7,california,what_state_is_los_angeles_located_in_fill_26.wav,att_check_good,NA,NA,NA,,,,,,
20,6b063117165caab02c708487206ccb0c9e0da8f989be450b21b12f25118021a7,The question does NOT need any corrections.,what_day_of_the_week_comes_after_monday_fill_27.wav,att_check_good,NA,NA,NA,nans,,,a,,FB_1109
20,6b063117165caab02c708487206ccb0c9e0da8f989be450b21b12f25118021a7,tuesday,what_day_of_the_week_comes_after_monday_fill_27.wav,att_check_good,NA,NA,NA,,,,,,
20,6b063117165caab02c708487206ccb0c9e0da8f989be450b21b12f25118021a7,The question does NOT need any corrections.,what_color_is_a_typical_school_bus_fill_28.wav,att_check_good,NA,NA,NA,nans,,,a,,FB_1109
20,6b063117165caab02c708487206ccb0c9e0da8f989be450b21b12f25118021a7,yellow,what_color_is_a_typical_school_bus_fill_28.wav,att_check_good,NA,NA,NA,,,,,,
20,6b063117165caab02c708487206ccb0c9e0da8f989be450b21b12f25118021a7,The question needs to be CORRECTED.,in_the_cycle_of_seasons_what_season_comes_after_dinter_fill_29.wav,att_check_err,NA,NA,NA,y,,acheckp,,,FB_1109
20,6b063117165caab02c708487206ccb0c9e0da8f989be450b21b12f25118021a7,"spring
 mispronounced should be ""winter"" Win-Tur",in_the_cycle_of_seasons_what_season_comes_after_dinter_fill_29.wav,att_check_err,NA,NA,NA,,,,,,
20,6b063117165caab02c708487206ccb0c9e0da8f989be450b21b12f25118021a7,The question does NOT need any corrections.,what_insect_undergoes_a_process_of_change_to_turn_into_a_butterfy_fill_30.wav,att_check_err,NA,NA,NA,nans,,acheckf,,,FB_1109
20,6b063117165caab02c708487206ccb0c9e0da8f989be450b21b12f25118021a7,caterpillar,what_insect_undergoes_a_process_of_change_to_turn_into_a_butterfy_fill_30.wav,att_check_err,NA,NA,NA,,,,,,
20,6b063117165caab02c708487206ccb0c9e0da8f989be450b21b12f25118021a7,The question does NOT need any corrections.,what_is_the_largest_plant_in_the_solar_system_fill_31.wav,att_check_err,NA,NA,NA,nans,,acheckf,,,FB_1109
20,6b063117165caab02c708487206ccb0c9e0da8f989be450b21b12f25118021a7,jupiter,what_is_the_largest_plant_in_the_solar_system_fill_31.wav,att_check_err,NA,NA,NA,,,,,,
20,6b063117165caab02c708487206ccb0c9e0da8f989be450b21b12f25118021a7,The question does NOT need any corrections.,how_many_embers_were_in_the_beatles_the_british_rock_band_fill_32.wav,att_check_err,NA,NA,NA,nans,,acheckf,,,FB_1109
20,6b063117165caab02c708487206ccb0c9e0da8f989be450b21b12f25118021a7,4,how_many_embers_were_in_the_beatles_the_british_rock_band_fill_32.wav,att_check_err,NA,NA,NA,,,,,,
20,6b063117165caab02c708487206ccb0c9e0da8f989be450b21b12f25118021a7,The question does NOT need any corrections.,for_what_pink_ice_cream_flavor_will_companies_do_their_best_to_use_real_fruit_targ_01_A.wav,target,correct,make vs. other verb,/ɪ/ --> /i/; will/wheel,,,,,,
20,6b063117165caab02c708487206ccb0c9e0da8f989be450b21b12f25118021a7,Strawberry,for_what_pink_ice_cream_flavor_will_companies_do_their_best_to_use_real_fruit_targ_01_A.wav,target,correct,make vs. other verb,/ɪ/ --> /i/; will/wheel,,,,,,
20,6b063117165caab02c708487206ccb0c9e0da8f989be450b21b12f25118021a7,The question does NOT need any corrections.,what_term_refers_to_armored_men_who_enjoyed_carrying_medieval_swords_that_class_in_combat_targ_02_B.wav,target,phon_err,infinitive vs. participle,/ʃ/ --> /s/; clash/class,,,,,,
20,6b063117165caab02c708487206ccb0c9e0da8f989be450b21b12f25118021a7,warrior,what_term_refers_to_armored_men_who_enjoyed_carrying_medieval_swords_that_class_in_combat_targ_02_B.wav,target,phon_err,infinitive vs. participle,/ʃ/ --> /s/; clash/class,,,,,,
20,6b063117165caab02c708487206ccb0c9e0da8f989be450b21b12f25118021a7,"The question does NOT need any corrections, but I don't know the answer/ I don't understand what the question is asking.",which_scottish_actor_first_played_james_bond_wearing_kilts_to_red_carpets_when_he_had_32_years_old_targ_03_C.wav,target,non_phon_err,have vs. be,/k/ --> /g/; kilt/guilt,,,,,,
20,6b063117165caab02c708487206ccb0c9e0da8f989be450b21b12f25118021a7,NA,which_scottish_actor_first_played_james_bond_wearing_kilts_to_red_carpets_when_he_had_32_years_old_targ_03_C.wav,target,non_phon_err,have vs. be,/k/ --> /g/; kilt/guilt,,,,,,
20,6b063117165caab02c708487206ccb0c9e0da8f989be450b21b12f25118021a7,The question does NOT need any corrections.,what_neil_armstrong_say_during_his_berry_first_steps_on_the_moon_targ_04_D.wav,target,both_err,no aux verbs in questions (lack of do support),/v/ --> /b/; very/berry,,,,,,
20,6b063117165caab02c708487206ccb0c9e0da8f989be450b21b12f25118021a7,1 small step for man 1 giant leap for mankind,what_neil_armstrong_say_during_his_berry_first_steps_on_the_moon_targ_04_D.wav,target,both_err,no aux verbs in questions (lack of do support),/v/ --> /b/; very/berry,,,,,,
20,6b063117165caab02c708487206ccb0c9e0da8f989be450b21b12f25118021a7,The question does NOT need any corrections.,what_kind_of_weather_could_occur_when_it_is_raining_and_below_freezing_targ_05_A.wav,target,correct,expletive 'it' dropping,/ʊ/ --> /u/; could/cooed,,,,,,
20,6b063117165caab02c708487206ccb0c9e0da8f989be450b21b12f25118021a7,snow,what_kind_of_weather_could_occur_when_it_is_raining_and_below_freezing_targ_05_A.wav,target,correct,expletive 'it' dropping,/ʊ/ --> /u/; could/cooed,,,,,,
20,6b063117165caab02c708487206ccb0c9e0da8f989be450b21b12f25118021a7,The question does NOT need any corrections.,how_many_legs_does_a_canadian_garden_spider_whose_silk_can_make_clot_have_targ_06_B.wav,target,phon_err,adj/noun order,/θ/ --> /t/; cloth/clot,,,,,,
20,6b063117165caab02c708487206ccb0c9e0da8f989be450b21b12f25118021a7,8,how_many_legs_does_a_canadian_garden_spider_whose_silk_can_make_clot_have_targ_06_B.wav,target,phon_err,adj/noun order,/θ/ --> /t/; cloth/clot,,,,,,
20,6b063117165caab02c708487206ccb0c9e0da8f989be450b21b12f25118021a7,The question does NOT need any corrections.,what_childrens_game_makes_people_sit_down_quickly_when_the_music_loud_stops_targ_07_C.wav,target,non_phon_err,adj/noun order,/ɪ/ --> /i/; sit/seat,,,,,,
20,6b063117165caab02c708487206ccb0c9e0da8f989be450b21b12f25118021a7,musical chairs,what_childrens_game_makes_people_sit_down_quickly_when_the_music_loud_stops_targ_07_C.wav,target,non_phon_err,adj/noun order,/ɪ/ --> /i/; sit/seat,,,,,,
20,6b063117165caab02c708487206ccb0c9e0da8f989be450b21b12f25118021a7,The question does NOT need any corrections.,because_is_important_to_honor_the_iris_saint_what_holiday_occurs_on_march_17th_targ_08_D.wav,target,both_err,expletive 'it' dropping,/ʃ/ --> /s/; Irish/iris,,,,,,
20,6b063117165caab02c708487206ccb0c9e0da8f989be450b21b12f25118021a7,st patricks,because_is_important_to_honor_the_iris_saint_what_holiday_occurs_on_march_17th_targ_08_D.wav,target,both_err,expletive 'it' dropping,/ʃ/ --> /s/; Irish/iris,,,,,,
20,6b063117165caab02c708487206ccb0c9e0da8f989be450b21b12f25118021a7,The question does NOT need any corrections.,if_laundry_service_will_come_in_five_days_and_todays_thursday_when_are_they_doing_laundry_next_targ_09_A.wav,target,correct,make vs. other verb,/k/ --> /g/; come/gum,,,,,,
20,6b063117165caab02c708487206ccb0c9e0da8f989be450b21b12f25118021a7,sunday,if_laundry_service_will_come_in_five_days_and_todays_thursday_when_are_they_doing_laundry_next_targ_09_A.wav,target,correct,make vs. other verb,/k/ --> /g/; come/gum,,,,,,
20,6b063117165caab02c708487206ccb0c9e0da8f989be450b21b12f25118021a7,"The question does NOT need any corrections, but I don't know the answer/ I don't understand what the question is asking.",who_did_americans_boat_for_to_be_their_first_president_who_avoided_serving_three_terms_targ_10_B.wav,target,phon_err,infinitive vs. participle,/v/ --> /b/; vote/boat,,,,,,
20,6b063117165caab02c708487206ccb0c9e0da8f989be450b21b12f25118021a7,NA,who_did_americans_boat_for_to_be_their_first_president_who_avoided_serving_three_terms_targ_10_B.wav,target,phon_err,infinitive vs. participle,/v/ --> /b/; vote/boat,,,,,,
20,6b063117165caab02c708487206ccb0c9e0da8f989be450b21b12f25118021a7,The question does NOT need any corrections.,what_colors_can_have_on_a_traffic_light_which_often_senses_when_cars_pull_up_targ_11_C.wav,target,non_phon_err,have vs. be,/ʊ/ --> /u/; pulls/pools,,,,,,
20,6b063117165caab02c708487206ccb0c9e0da8f989be450b21b12f25118021a7,red,what_colors_can_have_on_a_traffic_light_which_often_senses_when_cars_pull_up_targ_11_C.wav,target,non_phon_err,have vs. be,/ʊ/ --> /u/; pulls/pools,,,,,,
20,6b063117165caab02c708487206ccb0c9e0da8f989be450b21b12f25118021a7,The question does NOT need any corrections.,if_youre_on_a_pat_from_california_to_hawaii_which_ocean_you_go_through_targ_12_D.wav,target,both_err,no aux verbs in questions (lack of do support),/θ/ --> /t/; path/pat,,,,,,
20,6b063117165caab02c708487206ccb0c9e0da8f989be450b21b12f25118021a7,pacific,if_youre_on_a_pat_from_california_to_hawaii_which_ocean_you_go_through_targ_12_D.wav,target,both_err,no aux verbs in questions (lack of do support),/θ/ --> /t/; path/pat,,,,,,
20,6b063117165caab02c708487206ccb0c9e0da8f989be450b21b12f25118021a7,The question does NOT need any corrections.,what_supplies_do_you_need_to_knit_a_scarf_targ_13_A.wav,target,correct,no aux verbs in questions (lack of do support),/ɪ/ --> /i/; knit/neat,,,,,,
20,6b063117165caab02c708487206ccb0c9e0da8f989be450b21b12f25118021a7,"yarn, needle",what_supplies_do_you_need_to_knit_a_scarf_targ_13_A.wav,target,correct,no aux verbs in questions (lack of do support),/ɪ/ --> /i/; knit/neat,,,,,,
20,6b063117165caab02c708487206ccb0c9e0da8f989be450b21b12f25118021a7,The question does NOT need any corrections.,what_city_have_people_rust_to_tour_to_see_where_the_us_government_does_business_targ_14_B.wav,target,phon_err,make vs. other verb,/ʃ/ --> /s/; rushed/rust,,,,,,
20,6b063117165caab02c708487206ccb0c9e0da8f989be450b21b12f25118021a7,Washington DC,what_city_have_people_rust_to_tour_to_see_where_the_us_government_does_business_targ_14_B.wav,target,phon_err,make vs. other verb,/ʃ/ --> /s/; rushed/rust,,,,,,
20,6b063117165caab02c708487206ccb0c9e0da8f989be450b21b12f25118021a7,The question does NOT need any corrections.,what_colors_make_up_a_traditional_candy_cane_which_people_enjoy_to_eat_during_christmas_targ_15_C.wav,target,non_phon_err,infinitive vs. participle,/k/ --> /g/; cane/gain,,,,,,
20,6b063117165caab02c708487206ccb0c9e0da8f989be450b21b12f25118021a7,red and white,what_colors_make_up_a_traditional_candy_cane_which_people_enjoy_to_eat_during_christmas_targ_15_C.wav,target,non_phon_err,infinitive vs. participle,/k/ --> /g/; cane/gain,,,,,,
20,6b063117165caab02c708487206ccb0c9e0da8f989be450b21b12f25118021a7,The question does NOT need any corrections.,where_do_people_get_drivers_licenses_since_is_required_as_ballad_id_to_drive_targ_16_D.wav,target,both_err,expletive 'it' dropping,/v/ --> /b/; valid/ballad,,,,,,
20,6b063117165caab02c708487206ccb0c9e0da8f989be450b21b12f25118021a7,DMV,where_do_people_get_drivers_licenses_since_is_required_as_ballad_id_to_drive_targ_16_D.wav,target,both_err,expletive 'it' dropping,/v/ --> /b/; valid/ballad,,,,,,
20,6b063117165caab02c708487206ccb0c9e0da8f989be450b21b12f25118021a7,"The question does NOT need any corrections, but I don't know the answer/ I don't understand what the question is asking.",how_many_days_would_my_tandem_bike_be_gone_if_someone_borrows_it_for_july_targ_17_A.wav,target,correct,adj/noun order,/ʊ/ --> /u/; would/wooed,,,,,,
20,6b063117165caab02c708487206ccb0c9e0da8f989be450b21b12f25118021a7,NA,how_many_days_would_my_tandem_bike_be_gone_if_someone_borrows_it_for_july_targ_17_A.wav,target,correct,adj/noun order,/ʊ/ --> /u/; would/wooed,,,,,,
20,6b063117165caab02c708487206ccb0c9e0da8f989be450b21b12f25118021a7,The question does NOT need any corrections.,when_you_are_hot_what_device_measures_body_temperature_in_boat_celsius_and_fahrenheit_targ_18_B.wav,target,phon_err,have vs. be,/θ/ --> /t/; both/boat,,,,,,
20,6b063117165caab02c708487206ccb0c9e0da8f989be450b21b12f25118021a7,thermometer,when_you_are_hot_what_device_measures_body_temperature_in_boat_celsius_and_fahrenheit_targ_18_B.wav,target,phon_err,have vs. be,/θ/ --> /t/; both/boat,,,,,,
20,6b063117165caab02c708487206ccb0c9e0da8f989be450b21b12f25118021a7,The question does NOT need any corrections.,what_big_star_in_our_solar_system_can_still_be_visible_when_is_cloudy_targ_19_C.wav,target,non_phon_err,expletive 'it' dropping,/ɪ/ --> /i/; still/steal,,,,,,
20,6b063117165caab02c708487206ccb0c9e0da8f989be450b21b12f25118021a7,north star,what_big_star_in_our_solar_system_can_still_be_visible_when_is_cloudy_targ_19_C.wav,target,non_phon_err,expletive 'it' dropping,/ɪ/ --> /i/; still/steal,,,,,,
20,6b063117165caab02c708487206ccb0c9e0da8f989be450b21b12f25118021a7,"The question does NOT need any corrections, but I don't know the answer/ I don't understand what the question is asking.",what_popular_us_chain_provides_a_happy_meal_toy_or_plus_when_kids_have_hungry_targ_20_D.wav,target,both_err,have vs. be,/ʃ/ --> /s/; plush/plus,,,,,,
20,6b063117165caab02c708487206ccb0c9e0da8f989be450b21b12f25118021a7,NA,what_popular_us_chain_provides_a_happy_meal_toy_or_plus_when_kids_have_hungry_targ_20_D.wav,target,both_err,have vs. be,/ʃ/ --> /s/; plush/plus,,,,,,
20,6b063117165caab02c708487206ccb0c9e0da8f989be450b21b12f25118021a7,The question does NOT need any corrections.,in_the_lion_king_who_does_nala_talk_to_and_is_laying_in_a_cot_after_theyve_reunited_targ_21_A.wav,target,correct,no aux verbs in questions (lack of do support),/k/ --> /g/; cot/got,,,,,,
20,6b063117165caab02c708487206ccb0c9e0da8f989be450b21b12f25118021a7,simba,in_the_lion_king_who_does_nala_talk_to_and_is_laying_in_a_cot_after_theyve_reunited_targ_21_A.wav,target,correct,no aux verbs in questions (lack of do support),/k/ --> /g/; cot/got,,,,,,
20,6b063117165caab02c708487206ccb0c9e0da8f989be450b21b12f25118021a7,The question does NOT need any corrections.,if_a_hardworking_janitor_cleaned_a_vent_in_five_minutes_how_many_seconds_is_that_targ_22_B.wav,target,phon_err,adj/noun order,/v/ --> /b/; vent/bent,,,,,,
20,6b063117165caab02c708487206ccb0c9e0da8f989be450b21b12f25118021a7,300,if_a_hardworking_janitor_cleaned_a_vent_in_five_minutes_how_many_seconds_is_that_targ_22_B.wav,target,phon_err,adj/noun order,/v/ --> /b/; vent/bent,,,,,,
20,6b063117165caab02c708487206ccb0c9e0da8f989be450b21b12f25118021a7,The question does NOT need any corrections.,what_company_created_the_macbook_a_device_full_of_features_to_help_students_make_homework_targ_23_C.wav,target,non_phon_err,make vs. other verb,/ʊ/ --> /u/; full/fool,,,,,,
20,6b063117165caab02c708487206ccb0c9e0da8f989be450b21b12f25118021a7,Apple,what_company_created_the_macbook_a_device_full_of_features_to_help_students_make_homework_targ_23_C.wav,target,non_phon_err,make vs. other verb,/ʊ/ --> /u/; full/fool,,,,,,
20,6b063117165caab02c708487206ccb0c9e0da8f989be450b21b12f25118021a7,The question does NOT need any corrections.,if_i_consider_to_leave_work_after_the_fort_hour_how_many_minutes_would_that_be_targ_24_D.wav,target,both_err,infinitive vs. participle,/θ/ --> /t/; fourth/fort,,,,,,
20,6b063117165caab02c708487206ccb0c9e0da8f989be450b21b12f25118021a7,240,if_i_consider_to_leave_work_after_the_fort_hour_how_many_minutes_would_that_be_targ_24_D.wav,target,both_err,infinitive vs. participle,/θ/ --> /t/; fourth/fort,,,,,,
20,6b063117165caab02c708487206ccb0c9e0da8f989be450b21b12f25118021a7,The question does NOT need any corrections.,what_letter_in_the_latin_alphabet_corresponds_to_the_greek_letter_alpha_fill_01.wav,filler_other,NA,NA,NA,,,,,,
20,6b063117165caab02c708487206ccb0c9e0da8f989be450b21b12f25118021a7,1,what_letter_in_the_latin_alphabet_corresponds_to_the_greek_letter_alpha_fill_01.wav,filler_other,NA,NA,NA,,,,,,
20,6b063117165caab02c708487206ccb0c9e0da8f989be450b21b12f25118021a7,The question does NOT need any corrections.,what_organ_is_often_associated_with_being_eaten_by_rotting_flesh_monsters_also_known_as_zombies_fill_02.wav,filler_other,NA,NA,NA,,,,,,
20,6b063117165caab02c708487206ccb0c9e0da8f989be450b21b12f25118021a7,brains,what_organ_is_often_associated_with_being_eaten_by_rotting_flesh_monsters_also_known_as_zombies_fill_02.wav,filler_other,NA,NA,NA,,,,,,
20,6b063117165caab02c708487206ccb0c9e0da8f989be450b21b12f25118021a7,The question does NOT need any corrections.,which_british_celebrity_judge_often_harshly_critiqued_contestants_on_the_nationwide_singing_contest_american_idol_fill_03.wav,filler_other,NA,NA,NA,,,,,,
20,6b063117165caab02c708487206ccb0c9e0da8f989be450b21b12f25118021a7,simon cowell,which_british_celebrity_judge_often_harshly_critiqued_contestants_on_the_nationwide_singing_contest_american_idol_fill_03.wav,filler_other,NA,NA,NA,,,,,,
20,6b063117165caab02c708487206ccb0c9e0da8f989be450b21b12f25118021a7,The question does NOT need any corrections.,which_cartoon_character_works_at_the_krusty_krab_and_is_best_friends_with_patrick_star_fill_04.wav,filler_other,NA,NA,NA,,,,,,
20,6b063117165caab02c708487206ccb0c9e0da8f989be450b21b12f25118021a7,spongebob,which_cartoon_character_works_at_the_krusty_krab_and_is_best_friends_with_patrick_star_fill_04.wav,filler_other,NA,NA,NA,,,,,,
20,6b063117165caab02c708487206ccb0c9e0da8f989be450b21b12f25118021a7,The question does NOT need any corrections.,which_body_part_did_van_gogh_allegedly_cut_off_after_an_argument_with_his_friend_fill_05.wav,filler_other,NA,NA,NA,,,,,,
20,6b063117165caab02c708487206ccb0c9e0da8f989be450b21b12f25118021a7,ear,which_body_part_did_van_gogh_allegedly_cut_off_after_an_argument_with_his_friend_fill_05.wav,filler_other,NA,NA,NA,,,,,,
20,6b063117165caab02c708487206ccb0c9e0da8f989be450b21b12f25118021a7,The question does NOT need any corrections.,what_is_the_name_of_the_comic_strip_featuring_charlie_brown_and_his_dog_snoopy_fill_06.wav,filler_other,NA,NA,NA,,,,,,
20,6b063117165caab02c708487206ccb0c9e0da8f989be450b21b12f25118021a7,charlie brown,what_is_the_name_of_the_comic_strip_featuring_charlie_brown_and_his_dog_snoopy_fill_06.wav,filler_other,NA,NA,NA,,,,,,
20,6b063117165caab02c708487206ccb0c9e0da8f989be450b21b12f25118021a7,The question does NOT need any corrections.,what_holiday_occurs_at_the_end_of_october_and_features_trick-or-treating_pumpkins_and_haunted_houses_fill_07.wav,filler_other,NA,NA,NA,,,,,,
20,6b063117165caab02c708487206ccb0c9e0da8f989be450b21b12f25118021a7,halloween,what_holiday_occurs_at_the_end_of_october_and_features_trick-or-treating_pumpkins_and_haunted_houses_fill_07.wav,filler_other,NA,NA,NA,,,,,,
20,6b063117165caab02c708487206ccb0c9e0da8f989be450b21b12f25118021a7,The question does NOT need any corrections.,what_is_the_name_of_the_video_game_character_who_is_a_traveling_italian_plumber_fill_08.wav,filler_other,NA,NA,NA,,,,,,
20,6b063117165caab02c708487206ccb0c9e0da8f989be450b21b12f25118021a7,luigi,what_is_the_name_of_the_video_game_character_who_is_a_traveling_italian_plumber_fill_08.wav,filler_other,NA,NA,NA,,,,,,
20,6b063117165caab02c708487206ccb0c9e0da8f989be450b21b12f25118021a7,The question does NOT need any corrections.,what_kind_of_animal_is_mickey_mouse’s_girlfriend_minnie_who_wears_a_bow_fill_09.wav,filler_other,NA,NA,NA,,,,,,
20,6b063117165caab02c708487206ccb0c9e0da8f989be450b21b12f25118021a7,mouse,what_kind_of_animal_is_mickey_mouse’s_girlfriend_minnie_who_wears_a_bow_fill_09.wav,filler_other,NA,NA,NA,,,,,,
20,6b063117165caab02c708487206ccb0c9e0da8f989be450b21b12f25118021a7,The question does NOT need any corrections.,which_cartoon_dog_solves_mysteries_with_the_group_fred_daphne_velma_and_shaggy_fill_10.wav,filler_other,NA,NA,NA,,,,,,
20,6b063117165caab02c708487206ccb0c9e0da8f989be450b21b12f25118021a7,scooby doo,which_cartoon_dog_solves_mysteries_with_the_group_fred_daphne_velma_and_shaggy_fill_10.wav,filler_other,NA,NA,NA,,,,,,
20,6b063117165caab02c708487206ccb0c9e0da8f989be450b21b12f25118021a7,The question does NOT need any corrections.,which_fast_food_chain_offers_foot-long_sandwiches_and_has_the_slogan_eat_fresh_fill_11.wav,filler_other,NA,NA,NA,,,,,,
20,6b063117165caab02c708487206ccb0c9e0da8f989be450b21b12f25118021a7,subway,which_fast_food_chain_offers_foot-long_sandwiches_and_has_the_slogan_eat_fresh_fill_11.wav,filler_other,NA,NA,NA,,,,,,
20,6b063117165caab02c708487206ccb0c9e0da8f989be450b21b12f25118021a7,The question does NOT need any corrections.,which_oscar-winning_movie_features_tom_hanks_saying_life_is_like_a_box_of_chocolates_fill_12.wav,filler_other,NA,NA,NA,,,,,,
20,6b063117165caab02c708487206ccb0c9e0da8f989be450b21b12f25118021a7,forrest gump,which_oscar-winning_movie_features_tom_hanks_saying_life_is_like_a_box_of_chocolates_fill_12.wav,filler_other,NA,NA,NA,,,,,,
20,6b063117165caab02c708487206ccb0c9e0da8f989be450b21b12f25118021a7,"The question does NOT need any corrections, but I don't know the answer/ I don't understand what the question is asking.",what_novel_has_the_quote_i’m_late_i’m_late_for_a_very_important_date_fill_13.wav,filler_other,NA,NA,NA,,,,,,
20,6b063117165caab02c708487206ccb0c9e0da8f989be450b21b12f25118021a7,NA,what_novel_has_the_quote_i’m_late_i’m_late_for_a_very_important_date_fill_13.wav,filler_other,NA,NA,NA,,,,,,
20,6b063117165caab02c708487206ccb0c9e0da8f989be450b21b12f25118021a7,The question does NOT need any corrections.,what_mythical_creatures_have_been_said_to_drink_blood_turn_into_bats_and_hate_onions_fill_14.wav,filler_other,NA,NA,NA,,,,,,
20,6b063117165caab02c708487206ccb0c9e0da8f989be450b21b12f25118021a7,vampire,what_mythical_creatures_have_been_said_to_drink_blood_turn_into_bats_and_hate_onions_fill_14.wav,filler_other,NA,NA,NA,,,,,,
20,6b063117165caab02c708487206ccb0c9e0da8f989be450b21b12f25118021a7,The question does NOT need any corrections.,who_discovered_the_law_of_universal_gravitation_which_accounts_for_why_objects_naturally_fall_downwards_fill_15.wav,filler_other,NA,NA,NA,,,,,,
20,6b063117165caab02c708487206ccb0c9e0da8f989be450b21b12f25118021a7,murphy,who_discovered_the_law_of_universal_gravitation_which_accounts_for_why_objects_naturally_fall_downwards_fill_15.wav,filler_other,NA,NA,NA,,,,,,
20,6b063117165caab02c708487206ccb0c9e0da8f989be450b21b12f25118021a7,The question does NOT need any corrections.,which_soft_pastry_made_with_a_certain_spice_is_often_spiral-shaped_and_topped_with_icing_fill_16.wav,filler_other,NA,NA,NA,,,,,,
20,6b063117165caab02c708487206ccb0c9e0da8f989be450b21b12f25118021a7,cinnamon roll,which_soft_pastry_made_with_a_certain_spice_is_often_spiral-shaped_and_topped_with_icing_fill_16.wav,filler_other,NA,NA,NA,,,,,,
20,6b063117165caab02c708487206ccb0c9e0da8f989be450b21b12f25118021a7,The question does NOT need any corrections.,what_us_holiday_is_often_celebrated_with_fireworks_and_hotdogs_to_honor_americas_freedom_fill_17.wav,filler_other,NA,NA,NA,,,,,,
20,6b063117165caab02c708487206ccb0c9e0da8f989be450b21b12f25118021a7,4th of july (independence day),what_us_holiday_is_often_celebrated_with_fireworks_and_hotdogs_to_honor_americas_freedom_fill_17.wav,filler_other,NA,NA,NA,,,,,,
20,6b063117165caab02c708487206ccb0c9e0da8f989be450b21b12f25118021a7,The question does NOT need any corrections.,which_tropical_fruit_that_grows_on_palm_trees_is_used_for_oils_and_milks_fill_18.wav,filler_other,NA,NA,NA,,,,,,
20,6b063117165caab02c708487206ccb0c9e0da8f989be450b21b12f25118021a7,coconut,which_tropical_fruit_that_grows_on_palm_trees_is_used_for_oils_and_milks_fill_18.wav,filler_other,NA,NA,NA,,,,,,
20,6b063117165caab02c708487206ccb0c9e0da8f989be450b21b12f25118021a7,The question does NOT need any corrections.,which_season_do_we_associate_with_thanksgiving_the_beginning_of_school_and_leaves_turning_brown_fill_19.wav,filler_other,NA,NA,NA,,,,,,
20,6b063117165caab02c708487206ccb0c9e0da8f989be450b21b12f25118021a7,fall,which_season_do_we_associate_with_thanksgiving_the_beginning_of_school_and_leaves_turning_brown_fill_19.wav,filler_other,NA,NA,NA,,,,,,
20,6b063117165caab02c708487206ccb0c9e0da8f989be450b21b12f25118021a7,The question does NOT need any corrections.,what_musician_won_grammys_for_their_album_thriller_which_features_the_hit_song_beat_it_fill_20.wav,filler_other,NA,NA,NA,,,,,,
20,6b063117165caab02c708487206ccb0c9e0da8f989be450b21b12f25118021a7,michael jackson,what_musician_won_grammys_for_their_album_thriller_which_features_the_hit_song_beat_it_fill_20.wav,filler_other,NA,NA,NA,,,,,,
20,6b063117165caab02c708487206ccb0c9e0da8f989be450b21b12f25118021a7,The question does NOT need any corrections.,what_animal_is_typically_white_with_black_spots_and_says_moo_fill_21.wav,filler_other,NA,NA,NA,,,,,,
20,6b063117165caab02c708487206ccb0c9e0da8f989be450b21b12f25118021a7,zebra,what_animal_is_typically_white_with_black_spots_and_says_moo_fill_21.wav,filler_other,NA,NA,NA,,,,,,
20,6b063117165caab02c708487206ccb0c9e0da8f989be450b21b12f25118021a7,The question does NOT need any corrections.,where_do_the_jolly_christmas_icons_santa_claus_and_his_wife_mrs._claus_live_fill_22.wav,filler_other,NA,NA,NA,,,,,,
20,6b063117165caab02c708487206ccb0c9e0da8f989be450b21b12f25118021a7,north pole,where_do_the_jolly_christmas_icons_santa_claus_and_his_wife_mrs._claus_live_fill_22.wav,filler_other,NA,NA,NA,,,,,,
20,6b063117165caab02c708487206ccb0c9e0da8f989be450b21b12f25118021a7,The question does NOT need any corrections.,in_the_famous_dr_seuss_book_what_orange_and_yellow_character_speaks_for_the_trees_fill_23.wav,filler_other,NA,NA,NA,,,,,,
20,6b063117165caab02c708487206ccb0c9e0da8f989be450b21b12f25118021a7,lynx,in_the_famous_dr_seuss_book_what_orange_and_yellow_character_speaks_for_the_trees_fill_23.wav,filler_other,NA,NA,NA,,,,,,
20,6b063117165caab02c708487206ccb0c9e0da8f989be450b21b12f25118021a7,The question does NOT need any corrections.,in_what_country_would_you_find_landmarks_like_the_pyramids_of_giza_and_great_sphinx_fill_24.wav,filler_other,NA,NA,NA,,,,,,
20,6b063117165caab02c708487206ccb0c9e0da8f989be450b21b12f25118021a7,Egypt,in_what_country_would_you_find_landmarks_like_the_pyramids_of_giza_and_great_sphinx_fill_24.wav,filler_other,NA,NA,NA,,,,,,
21,6c5bb8c2fe55a4a1f08e7d97937fd2113d2279f4317f81c93af82d981a01b1e3,The question does NOT need any corrections.,how_many_legs_does_a_dog_normally_have_fill_25.wav,att_check_good,NA,NA,NA,nans,,,a,FAILED ATTENTION CHECKS (5/8 correct),FB_1109
21,6c5bb8c2fe55a4a1f08e7d97937fd2113d2279f4317f81c93af82d981a01b1e3,Four,how_many_legs_does_a_dog_normally_have_fill_25.wav,att_check_good,NA,NA,NA,,,,,,
21,6c5bb8c2fe55a4a1f08e7d97937fd2113d2279f4317f81c93af82d981a01b1e3,The question needs to be CORRECTED.,what_state_is_los_angeles_located_in_fill_26.wav,att_check_good,NA,NA,NA,y,,otherirr,,,FB_1109
21,6c5bb8c2fe55a4a1f08e7d97937fd2113d2279f4317f81c93af82d981a01b1e3,"California; Needs to be ""What state is Los Angeles located in?""",what_state_is_los_angeles_located_in_fill_26.wav,att_check_good,NA,NA,NA,,,,,,
21,6c5bb8c2fe55a4a1f08e7d97937fd2113d2279f4317f81c93af82d981a01b1e3,The question does NOT need any corrections.,what_day_of_the_week_comes_after_monday_fill_27.wav,att_check_good,NA,NA,NA,nans,,,a,,FB_1109
21,6c5bb8c2fe55a4a1f08e7d97937fd2113d2279f4317f81c93af82d981a01b1e3,Tuesday,what_day_of_the_week_comes_after_monday_fill_27.wav,att_check_good,NA,NA,NA,,,,,,
21,6c5bb8c2fe55a4a1f08e7d97937fd2113d2279f4317f81c93af82d981a01b1e3,The question does NOT need any corrections.,what_color_is_a_typical_school_bus_fill_28.wav,att_check_good,NA,NA,NA,nans,,,a,,FB_1109
21,6c5bb8c2fe55a4a1f08e7d97937fd2113d2279f4317f81c93af82d981a01b1e3,Yellow,what_color_is_a_typical_school_bus_fill_28.wav,att_check_good,NA,NA,NA,,,,,,
21,6c5bb8c2fe55a4a1f08e7d97937fd2113d2279f4317f81c93af82d981a01b1e3,The question needs to be CORRECTED.,in_the_cycle_of_seasons_what_season_comes_after_dinter_fill_29.wav,att_check_err,NA,NA,NA,y,,acheckp,,,FB_1109
21,6c5bb8c2fe55a4a1f08e7d97937fd2113d2279f4317f81c93af82d981a01b1e3,"Spring; Sounded like ""dinter"", needs to be ""winter""",in_the_cycle_of_seasons_what_season_comes_after_dinter_fill_29.wav,att_check_err,NA,NA,NA,,,,,,
21,6c5bb8c2fe55a4a1f08e7d97937fd2113d2279f4317f81c93af82d981a01b1e3,The question does NOT need any corrections.,what_insect_undergoes_a_process_of_change_to_turn_into_a_butterfy_fill_30.wav,att_check_err,NA,NA,NA,nans,,acheckf,,,FB_1109
21,6c5bb8c2fe55a4a1f08e7d97937fd2113d2279f4317f81c93af82d981a01b1e3,Catepillar,what_insect_undergoes_a_process_of_change_to_turn_into_a_butterfy_fill_30.wav,att_check_err,NA,NA,NA,,,,,,
21,6c5bb8c2fe55a4a1f08e7d97937fd2113d2279f4317f81c93af82d981a01b1e3,"The question does NOT need any corrections, but I don't know the answer/ I don't understand what the question is asking.",what_is_the_largest_plant_in_the_solar_system_fill_31.wav,att_check_err,NA,NA,NA,nun,,acheckf,,,FB_1109
21,6c5bb8c2fe55a4a1f08e7d97937fd2113d2279f4317f81c93af82d981a01b1e3,NA,what_is_the_largest_plant_in_the_solar_system_fill_31.wav,att_check_err,NA,NA,NA,,,,,,
21,6c5bb8c2fe55a4a1f08e7d97937fd2113d2279f4317f81c93af82d981a01b1e3,The question needs to be CORRECTED.,how_many_embers_were_in_the_beatles_the_british_rock_band_fill_32.wav,att_check_err,NA,NA,NA,y,,acheckf,,noticed irrelevant p error only ,FB_1109
21,6c5bb8c2fe55a4a1f08e7d97937fd2113d2279f4317f81c93af82d981a01b1e3,"Four; Sounded like ""Bittles"" needs to be ""Beatles""",how_many_embers_were_in_the_beatles_the_british_rock_band_fill_32.wav,att_check_err,NA,NA,NA,,,,,,
21,6c5bb8c2fe55a4a1f08e7d97937fd2113d2279f4317f81c93af82d981a01b1e3,"The question does NOT need any corrections, but I don't know the answer/ I don't understand what the question is asking.",for_what_pink_ice_cream_flavor_wheel_companies_do_their_best_to_use_real_fruit_targ_01_B.wav,target,phon_err,make vs. other verb,/ɪ/ --> /i/; will/wheel,,,,,,
21,6c5bb8c2fe55a4a1f08e7d97937fd2113d2279f4317f81c93af82d981a01b1e3,NA,for_what_pink_ice_cream_flavor_wheel_companies_do_their_best_to_use_real_fruit_targ_01_B.wav,target,phon_err,make vs. other verb,/ɪ/ --> /i/; will/wheel,,,,,,
21,6c5bb8c2fe55a4a1f08e7d97937fd2113d2279f4317f81c93af82d981a01b1e3,"The question does NOT need any corrections, but I don't know the answer/ I don't understand what the question is asking.",what_term_refers_to_armored_men_who_enjoyed_to_carry_medieval_swords_that_clash_in_combat_targ_02_C.wav,target,non_phon_err,infinitive vs. participle,/ʃ/ --> /s/; clash/class,,,,,,
21,6c5bb8c2fe55a4a1f08e7d97937fd2113d2279f4317f81c93af82d981a01b1e3,NA,what_term_refers_to_armored_men_who_enjoyed_to_carry_medieval_swords_that_clash_in_combat_targ_02_C.wav,target,non_phon_err,infinitive vs. participle,/ʃ/ --> /s/; clash/class,,,,,,
21,6c5bb8c2fe55a4a1f08e7d97937fd2113d2279f4317f81c93af82d981a01b1e3,The question needs to be CORRECTED.,which_scottish_actor_first_played_james_bond_wearing_guilts_to_red_carpets_when_he_had_32_years_old_targ_03_D.wav,target,both_err,have vs. be,/k/ --> /g/; kilt/guilt,,,,,,
21,6c5bb8c2fe55a4a1f08e7d97937fd2113d2279f4317f81c93af82d981a01b1e3,"Don't know the answer; ""had 32 years old"" needs to be ""was 32 years old",which_scottish_actor_first_played_james_bond_wearing_guilts_to_red_carpets_when_he_had_32_years_old_targ_03_D.wav,target,both_err,have vs. be,/k/ --> /g/; kilt/guilt,,,,,,
21,6c5bb8c2fe55a4a1f08e7d97937fd2113d2279f4317f81c93af82d981a01b1e3,"The question does NOT need any corrections, but I don't know the answer/ I don't understand what the question is asking.",what_did_neil_armstrong_say_during_his_very_first_steps_on_the_moon_targ_04_A.wav,target,correct,no aux verbs in questions (lack of do support),/v/ --> /b/; very/berry,,,,,,
21,6c5bb8c2fe55a4a1f08e7d97937fd2113d2279f4317f81c93af82d981a01b1e3,NA,what_did_neil_armstrong_say_during_his_very_first_steps_on_the_moon_targ_04_A.wav,target,correct,no aux verbs in questions (lack of do support),/v/ --> /b/; very/berry,,,,,,
21,6c5bb8c2fe55a4a1f08e7d97937fd2113d2279f4317f81c93af82d981a01b1e3,"The question does NOT need any corrections, but I don't know the answer/ I don't understand what the question is asking.",what_kind_of_weather_cooed_cooled_occur_when_it_is_raining_and_below_freezing_targ_05_B.wav,target,phon_err,expletive 'it' dropping,/ʊ/ --> /u/; could/cooed,,,,,,
21,6c5bb8c2fe55a4a1f08e7d97937fd2113d2279f4317f81c93af82d981a01b1e3,NA,what_kind_of_weather_cooed_cooled_occur_when_it_is_raining_and_below_freezing_targ_05_B.wav,target,phon_err,expletive 'it' dropping,/ʊ/ --> /u/; could/cooed,,,,,,
21,6c5bb8c2fe55a4a1f08e7d97937fd2113d2279f4317f81c93af82d981a01b1e3,"The question does NOT need any corrections, but I don't know the answer/ I don't understand what the question is asking.",how_many_legs_does_a_garden_spider_canadian_whose_silk_can_make_cloth_have_targ_06_C.wav,target,non_phon_err,adj/noun order,/θ/ --> /t/; cloth/clot,,,,,,
21,6c5bb8c2fe55a4a1f08e7d97937fd2113d2279f4317f81c93af82d981a01b1e3,NA,how_many_legs_does_a_garden_spider_canadian_whose_silk_can_make_cloth_have_targ_06_C.wav,target,non_phon_err,adj/noun order,/θ/ --> /t/; cloth/clot,,,,,,
21,6c5bb8c2fe55a4a1f08e7d97937fd2113d2279f4317f81c93af82d981a01b1e3,The question does NOT need any corrections.,what_childrens_game_makes_people_seat_down_quickly_when_the_music_loud_stops_targ_07_D.wav,target,both_err,adj/noun order,/ɪ/ --> /i/; sit/seat,,,,,,
21,6c5bb8c2fe55a4a1f08e7d97937fd2113d2279f4317f81c93af82d981a01b1e3,"Musical Chairs; Sounded like ""seat"" needs to be ""sit""",what_childrens_game_makes_people_seat_down_quickly_when_the_music_loud_stops_targ_07_D.wav,target,both_err,adj/noun order,/ɪ/ --> /i/; sit/seat,,,,,,
21,6c5bb8c2fe55a4a1f08e7d97937fd2113d2279f4317f81c93af82d981a01b1e3,The question does NOT need any corrections.,because_it_is_important_to_honor_the_irish_saint_what_holiday_occurs_on_march_17th_targ_08_A.wav,target,correct,expletive 'it' dropping,/ʃ/ --> /s/; Irish/iris,,,,,,
21,6c5bb8c2fe55a4a1f08e7d97937fd2113d2279f4317f81c93af82d981a01b1e3,St. Patrick's Day,because_it_is_important_to_honor_the_irish_saint_what_holiday_occurs_on_march_17th_targ_08_A.wav,target,correct,expletive 'it' dropping,/ʃ/ --> /s/; Irish/iris,,,,,,
21,6c5bb8c2fe55a4a1f08e7d97937fd2113d2279f4317f81c93af82d981a01b1e3,The question does NOT need any corrections.,if_laundry_service_will_gum_in_five_days_and_todays_thursday_when_are_they_doing_laundry_next_targ_09_B.wav,target,phon_err,make vs. other verb,/k/ --> /g/; come/gum,,,,,,
21,6c5bb8c2fe55a4a1f08e7d97937fd2113d2279f4317f81c93af82d981a01b1e3,Tuesday,if_laundry_service_will_gum_in_five_days_and_todays_thursday_when_are_they_doing_laundry_next_targ_09_B.wav,target,phon_err,make vs. other verb,/k/ --> /g/; come/gum,,,,,,
21,6c5bb8c2fe55a4a1f08e7d97937fd2113d2279f4317f81c93af82d981a01b1e3,"The question does NOT need any corrections, but I don't know the answer/ I don't understand what the question is asking.",who_did_americans_vote_for_to_be_their_first_president_who_avoided_to_serve_three_terms_targ_10_C.wav,target,non_phon_err,infinitive vs. participle,/v/ --> /b/; vote/boat,,,,,,
21,6c5bb8c2fe55a4a1f08e7d97937fd2113d2279f4317f81c93af82d981a01b1e3,NA,who_did_americans_vote_for_to_be_their_first_president_who_avoided_to_serve_three_terms_targ_10_C.wav,target,non_phon_err,infinitive vs. participle,/v/ --> /b/; vote/boat,,,,,,
21,6c5bb8c2fe55a4a1f08e7d97937fd2113d2279f4317f81c93af82d981a01b1e3,The question does NOT need any corrections.,what_colors_can_have_on_a_traffic_light_which_often_senses_when_cars_pool_up_targ_11_D.wav,target,both_err,have vs. be,/ʊ/ --> /u/; pulls/pools,,,,,,
21,6c5bb8c2fe55a4a1f08e7d97937fd2113d2279f4317f81c93af82d981a01b1e3,"red, yellow, green",what_colors_can_have_on_a_traffic_light_which_often_senses_when_cars_pool_up_targ_11_D.wav,target,both_err,have vs. be,/ʊ/ --> /u/; pulls/pools,,,,,,
21,6c5bb8c2fe55a4a1f08e7d97937fd2113d2279f4317f81c93af82d981a01b1e3,The question does NOT need any corrections.,if_youre_on_a_path_from_california_to_hawaii_which_ocean_do_you_go_through_targ_12_A.wav,target,correct,no aux verbs in questions (lack of do support),/θ/ --> /t/; path/pat,,,,,,
21,6c5bb8c2fe55a4a1f08e7d97937fd2113d2279f4317f81c93af82d981a01b1e3,Pacific,if_youre_on_a_path_from_california_to_hawaii_which_ocean_do_you_go_through_targ_12_A.wav,target,correct,no aux verbs in questions (lack of do support),/θ/ --> /t/; path/pat,,,,,,
21,6c5bb8c2fe55a4a1f08e7d97937fd2113d2279f4317f81c93af82d981a01b1e3,The question needs to be CORRECTED.,what_supplies_do_you_need_to_neat_a_scarf_targ_13_B.wav,target,phon_err,no aux verbs in questions (lack of do support),/ɪ/ --> /i/; knit/neat,,,,,,
21,6c5bb8c2fe55a4a1f08e7d97937fd2113d2279f4317f81c93af82d981a01b1e3,"yarn and needle; sounded like ""Neat"" instead of ""Knit""",what_supplies_do_you_need_to_neat_a_scarf_targ_13_B.wav,target,phon_err,no aux verbs in questions (lack of do support),/ɪ/ --> /i/; knit/neat,,,,,,
21,6c5bb8c2fe55a4a1f08e7d97937fd2113d2279f4317f81c93af82d981a01b1e3,The question needs to be CORRECTED.,what_city_have_people_rushed_to_tour_to_see_where_the_us_government_makes_business_targ_14_C.wav,target,non_phon_err,make vs. other verb,/ʃ/ --> /s/; rushed/rust,,,,,,
21,6c5bb8c2fe55a4a1f08e7d97937fd2113d2279f4317f81c93af82d981a01b1e3,"Washington DC; ""Have"" needs to be placed with ""Does""",what_city_have_people_rushed_to_tour_to_see_where_the_us_government_makes_business_targ_14_C.wav,target,non_phon_err,make vs. other verb,/ʃ/ --> /s/; rushed/rust,,,,,,
21,6c5bb8c2fe55a4a1f08e7d97937fd2113d2279f4317f81c93af82d981a01b1e3,The question needs to be CORRECTED.,what_colors_make_up_a_traditional_candy_gain_which_people_enjoy_to_eat_during_christmas_targ_15_D.wav,target,both_err,infinitive vs. participle,/k/ --> /g/; cane/gain,,,,,,
21,6c5bb8c2fe55a4a1f08e7d97937fd2113d2279f4317f81c93af82d981a01b1e3,"Red and white; Sounded like ""gain"" needs to be ""cane""",what_colors_make_up_a_traditional_candy_gain_which_people_enjoy_to_eat_during_christmas_targ_15_D.wav,target,both_err,infinitive vs. participle,/k/ --> /g/; cane/gain,,,,,,
21,6c5bb8c2fe55a4a1f08e7d97937fd2113d2279f4317f81c93af82d981a01b1e3,The question does NOT need any corrections.,where_do_people_get_drivers_licenses_since_it_is_required_as_valid_id_to_drive_targ_16_A.wav,target,correct,expletive 'it' dropping,/v/ --> /b/; valid/ballad,,,,,,
21,6c5bb8c2fe55a4a1f08e7d97937fd2113d2279f4317f81c93af82d981a01b1e3,Department of Motor Vehicles,where_do_people_get_drivers_licenses_since_it_is_required_as_valid_id_to_drive_targ_16_A.wav,target,correct,expletive 'it' dropping,/v/ --> /b/; valid/ballad,,,,,,
21,6c5bb8c2fe55a4a1f08e7d97937fd2113d2279f4317f81c93af82d981a01b1e3,"The question does NOT need any corrections, but I don't know the answer/ I don't understand what the question is asking.",how_many_days_wooed_wooled_my_tandem_bike_be_gone_if_someone_borrows_it_for_july_targ_17_B.wav,target,phon_err,adj/noun order,/ʊ/ --> /u/; would/wooed,,,,,,
21,6c5bb8c2fe55a4a1f08e7d97937fd2113d2279f4317f81c93af82d981a01b1e3,NA,how_many_days_wooed_wooled_my_tandem_bike_be_gone_if_someone_borrows_it_for_july_targ_17_B.wav,target,phon_err,adj/noun order,/ʊ/ --> /u/; would/wooed,,,,,,
21,6c5bb8c2fe55a4a1f08e7d97937fd2113d2279f4317f81c93af82d981a01b1e3,The question needs to be CORRECTED.,when_you_have_hot_what_device_measures_body_temperature_in_both_celsius_and_fahrenheit_targ_18_C.wav,target,non_phon_err,have vs. be,/θ/ --> /t/; both/boat,,,,,,
21,6c5bb8c2fe55a4a1f08e7d97937fd2113d2279f4317f81c93af82d981a01b1e3,"Thermometer; ""Have"" need to be changed to ""Are""",when_you_have_hot_what_device_measures_body_temperature_in_both_celsius_and_fahrenheit_targ_18_C.wav,target,non_phon_err,have vs. be,/θ/ --> /t/; both/boat,,,,,,
21,6c5bb8c2fe55a4a1f08e7d97937fd2113d2279f4317f81c93af82d981a01b1e3,The question does NOT need any corrections.,what_big_star_in_our_solar_system_can_steal_be_visible_when_is_cloudy_targ_19_D.wav,target,both_err,expletive 'it' dropping,/ɪ/ --> /i/; still/steal,,,,,,
21,6c5bb8c2fe55a4a1f08e7d97937fd2113d2279f4317f81c93af82d981a01b1e3,Sun,what_big_star_in_our_solar_system_can_steal_be_visible_when_is_cloudy_targ_19_D.wav,target,both_err,expletive 'it' dropping,/ɪ/ --> /i/; still/steal,,,,,,
21,6c5bb8c2fe55a4a1f08e7d97937fd2113d2279f4317f81c93af82d981a01b1e3,The question does NOT need any corrections.,what_popular_us_chain_provides_a_happy_meal_toy_or_plush_when_kids_are_hungry_targ_20_A.wav,target,correct,have vs. be,/ʃ/ --> /s/; plush/plus,,,,,,
21,6c5bb8c2fe55a4a1f08e7d97937fd2113d2279f4317f81c93af82d981a01b1e3,Mcdonald's,what_popular_us_chain_provides_a_happy_meal_toy_or_plush_when_kids_are_hungry_targ_20_A.wav,target,correct,have vs. be,/ʃ/ --> /s/; plush/plus,,,,,,
21,6c5bb8c2fe55a4a1f08e7d97937fd2113d2279f4317f81c93af82d981a01b1e3,"The question does NOT need any corrections, but I don't know the answer/ I don't understand what the question is asking.",in_the_lion_king_who_does_nala_talk_to_and_is_laying_in_a_got_after_theyve_reunited_targ_21_B.wav,target,phon_err,no aux verbs in questions (lack of do support),/k/ --> /g/; cot/got,,,,,,
21,6c5bb8c2fe55a4a1f08e7d97937fd2113d2279f4317f81c93af82d981a01b1e3,NA,in_the_lion_king_who_does_nala_talk_to_and_is_laying_in_a_got_after_theyve_reunited_targ_21_B.wav,target,phon_err,no aux verbs in questions (lack of do support),/k/ --> /g/; cot/got,,,,,,
21,6c5bb8c2fe55a4a1f08e7d97937fd2113d2279f4317f81c93af82d981a01b1e3,The question needs to be CORRECTED.,if_a_janitor_hardworking_cleaned_a_vent_in_five_minutes_how_many_seconds_is_that_targ_22_C.wav,target,non_phon_err,adj/noun order,/v/ --> /b/; vent/bent,,,,,,
21,6c5bb8c2fe55a4a1f08e7d97937fd2113d2279f4317f81c93af82d981a01b1e3,"300 seconds; ""Hardworking"" needs to come before ""janitor""",if_a_janitor_hardworking_cleaned_a_vent_in_five_minutes_how_many_seconds_is_that_targ_22_C.wav,target,non_phon_err,adj/noun order,/v/ --> /b/; vent/bent,,,,,,
21,6c5bb8c2fe55a4a1f08e7d97937fd2113d2279f4317f81c93af82d981a01b1e3,The question needs to be CORRECTED.,what_company_created_the_macbook_a_device_fool_of_features_to_help_students_make_homework_targ_23_D.wav,target,both_err,make vs. other verb,/ʊ/ --> /u/; full/fool,,,,,,
21,6c5bb8c2fe55a4a1f08e7d97937fd2113d2279f4317f81c93af82d981a01b1e3,"Apple; ""Make homework"" needs to be ""do homework""",what_company_created_the_macbook_a_device_fool_of_features_to_help_students_make_homework_targ_23_D.wav,target,both_err,make vs. other verb,/ʊ/ --> /u/; full/fool,,,,,,
21,6c5bb8c2fe55a4a1f08e7d97937fd2113d2279f4317f81c93af82d981a01b1e3,The question does NOT need any corrections.,if_i_consider_leaving_work_after_the_fourth_hour_how_many_minutes_would_that_be_targ_24_A.wav,target,correct,infinitive vs. participle,/θ/ --> /t/; fourth/fort,,,,,,
21,6c5bb8c2fe55a4a1f08e7d97937fd2113d2279f4317f81c93af82d981a01b1e3,240 minutes,if_i_consider_leaving_work_after_the_fourth_hour_how_many_minutes_would_that_be_targ_24_A.wav,target,correct,infinitive vs. participle,/θ/ --> /t/; fourth/fort,,,,,,
21,6c5bb8c2fe55a4a1f08e7d97937fd2113d2279f4317f81c93af82d981a01b1e3,"The question does NOT need any corrections, but I don't know the answer/ I don't understand what the question is asking.",what_letter_in_the_latin_alphabet_corresponds_to_the_greek_letter_alpha_fill_01.wav,filler_other,NA,NA,NA,,,,,,
21,6c5bb8c2fe55a4a1f08e7d97937fd2113d2279f4317f81c93af82d981a01b1e3,NA,what_letter_in_the_latin_alphabet_corresponds_to_the_greek_letter_alpha_fill_01.wav,filler_other,NA,NA,NA,,,,,,
21,6c5bb8c2fe55a4a1f08e7d97937fd2113d2279f4317f81c93af82d981a01b1e3,The question does NOT need any corrections.,what_organ_is_often_associated_with_being_eaten_by_rotting_flesh_monsters_also_known_as_zombies_fill_02.wav,filler_other,NA,NA,NA,,,,,,
21,6c5bb8c2fe55a4a1f08e7d97937fd2113d2279f4317f81c93af82d981a01b1e3,Brain,what_organ_is_often_associated_with_being_eaten_by_rotting_flesh_monsters_also_known_as_zombies_fill_02.wav,filler_other,NA,NA,NA,,,,,,
21,6c5bb8c2fe55a4a1f08e7d97937fd2113d2279f4317f81c93af82d981a01b1e3,The question does NOT need any corrections.,which_british_celebrity_judge_often_harshly_critiqued_contestants_on_the_nationwide_singing_contest_american_idol_fill_03.wav,filler_other,NA,NA,NA,,,,,,
21,6c5bb8c2fe55a4a1f08e7d97937fd2113d2279f4317f81c93af82d981a01b1e3,Simon Cowel,which_british_celebrity_judge_often_harshly_critiqued_contestants_on_the_nationwide_singing_contest_american_idol_fill_03.wav,filler_other,NA,NA,NA,,,,,,
21,6c5bb8c2fe55a4a1f08e7d97937fd2113d2279f4317f81c93af82d981a01b1e3,The question does NOT need any corrections.,which_cartoon_character_works_at_the_krusty_krab_and_is_best_friends_with_patrick_star_fill_04.wav,filler_other,NA,NA,NA,,,,,,
21,6c5bb8c2fe55a4a1f08e7d97937fd2113d2279f4317f81c93af82d981a01b1e3,Spongebob,which_cartoon_character_works_at_the_krusty_krab_and_is_best_friends_with_patrick_star_fill_04.wav,filler_other,NA,NA,NA,,,,,,
21,6c5bb8c2fe55a4a1f08e7d97937fd2113d2279f4317f81c93af82d981a01b1e3,The question does NOT need any corrections.,which_body_part_did_van_gogh_allegedly_cut_off_after_an_argument_with_his_friend_fill_05.wav,filler_other,NA,NA,NA,,,,,,
21,6c5bb8c2fe55a4a1f08e7d97937fd2113d2279f4317f81c93af82d981a01b1e3,Ear,which_body_part_did_van_gogh_allegedly_cut_off_after_an_argument_with_his_friend_fill_05.wav,filler_other,NA,NA,NA,,,,,,
21,6c5bb8c2fe55a4a1f08e7d97937fd2113d2279f4317f81c93af82d981a01b1e3,The question does NOT need any corrections.,what_is_the_name_of_the_comic_strip_featuring_charlie_brown_and_his_dog_snoopy_fill_06.wav,filler_other,NA,NA,NA,,,,,,
21,6c5bb8c2fe55a4a1f08e7d97937fd2113d2279f4317f81c93af82d981a01b1e3,Peanuts,what_is_the_name_of_the_comic_strip_featuring_charlie_brown_and_his_dog_snoopy_fill_06.wav,filler_other,NA,NA,NA,,,,,,
21,6c5bb8c2fe55a4a1f08e7d97937fd2113d2279f4317f81c93af82d981a01b1e3,The question does NOT need any corrections.,what_holiday_occurs_at_the_end_of_october_and_features_trick-or-treating_pumpkins_and_haunted_houses_fill_07.wav,filler_other,NA,NA,NA,,,,,,
21,6c5bb8c2fe55a4a1f08e7d97937fd2113d2279f4317f81c93af82d981a01b1e3,Halloween,what_holiday_occurs_at_the_end_of_october_and_features_trick-or-treating_pumpkins_and_haunted_houses_fill_07.wav,filler_other,NA,NA,NA,,,,,,
21,6c5bb8c2fe55a4a1f08e7d97937fd2113d2279f4317f81c93af82d981a01b1e3,The question does NOT need any corrections.,what_is_the_name_of_the_video_game_character_who_is_a_traveling_italian_plumber_fill_08.wav,filler_other,NA,NA,NA,,,,,,
21,6c5bb8c2fe55a4a1f08e7d97937fd2113d2279f4317f81c93af82d981a01b1e3,Mario,what_is_the_name_of_the_video_game_character_who_is_a_traveling_italian_plumber_fill_08.wav,filler_other,NA,NA,NA,,,,,,
21,6c5bb8c2fe55a4a1f08e7d97937fd2113d2279f4317f81c93af82d981a01b1e3,The question does NOT need any corrections.,what_kind_of_animal_is_mickey_mouse’s_girlfriend_minnie_who_wears_a_bow_fill_09.wav,filler_other,NA,NA,NA,,,,,,
21,6c5bb8c2fe55a4a1f08e7d97937fd2113d2279f4317f81c93af82d981a01b1e3,Mouse,what_kind_of_animal_is_mickey_mouse’s_girlfriend_minnie_who_wears_a_bow_fill_09.wav,filler_other,NA,NA,NA,,,,,,
21,6c5bb8c2fe55a4a1f08e7d97937fd2113d2279f4317f81c93af82d981a01b1e3,The question does NOT need any corrections.,which_cartoon_dog_solves_mysteries_with_the_group_fred_daphne_velma_and_shaggy_fill_10.wav,filler_other,NA,NA,NA,,,,,,
21,6c5bb8c2fe55a4a1f08e7d97937fd2113d2279f4317f81c93af82d981a01b1e3,Scooby Doo,which_cartoon_dog_solves_mysteries_with_the_group_fred_daphne_velma_and_shaggy_fill_10.wav,filler_other,NA,NA,NA,,,,,,
21,6c5bb8c2fe55a4a1f08e7d97937fd2113d2279f4317f81c93af82d981a01b1e3,The question does NOT need any corrections.,which_fast_food_chain_offers_foot-long_sandwiches_and_has_the_slogan_eat_fresh_fill_11.wav,filler_other,NA,NA,NA,,,,,,
21,6c5bb8c2fe55a4a1f08e7d97937fd2113d2279f4317f81c93af82d981a01b1e3,Subway,which_fast_food_chain_offers_foot-long_sandwiches_and_has_the_slogan_eat_fresh_fill_11.wav,filler_other,NA,NA,NA,,,,,,
21,6c5bb8c2fe55a4a1f08e7d97937fd2113d2279f4317f81c93af82d981a01b1e3,The question does NOT need any corrections.,which_oscar-winning_movie_features_tom_hanks_saying_life_is_like_a_box_of_chocolates_fill_12.wav,filler_other,NA,NA,NA,,,,,,
21,6c5bb8c2fe55a4a1f08e7d97937fd2113d2279f4317f81c93af82d981a01b1e3,Forrest Gump,which_oscar-winning_movie_features_tom_hanks_saying_life_is_like_a_box_of_chocolates_fill_12.wav,filler_other,NA,NA,NA,,,,,,
21,6c5bb8c2fe55a4a1f08e7d97937fd2113d2279f4317f81c93af82d981a01b1e3,The question does NOT need any corrections.,what_novel_has_the_quote_i’m_late_i’m_late_for_a_very_important_date_fill_13.wav,filler_other,NA,NA,NA,,,,,,
21,6c5bb8c2fe55a4a1f08e7d97937fd2113d2279f4317f81c93af82d981a01b1e3,Alice in Wonderland,what_novel_has_the_quote_i’m_late_i’m_late_for_a_very_important_date_fill_13.wav,filler_other,NA,NA,NA,,,,,,
21,6c5bb8c2fe55a4a1f08e7d97937fd2113d2279f4317f81c93af82d981a01b1e3,The question does NOT need any corrections.,what_mythical_creatures_have_been_said_to_drink_blood_turn_into_bats_and_hate_onions_fill_14.wav,filler_other,NA,NA,NA,,,,,,
21,6c5bb8c2fe55a4a1f08e7d97937fd2113d2279f4317f81c93af82d981a01b1e3,Vampires,what_mythical_creatures_have_been_said_to_drink_blood_turn_into_bats_and_hate_onions_fill_14.wav,filler_other,NA,NA,NA,,,,,,
21,6c5bb8c2fe55a4a1f08e7d97937fd2113d2279f4317f81c93af82d981a01b1e3,"The question does NOT need any corrections, but I don't know the answer/ I don't understand what the question is asking.",who_discovered_the_law_of_universal_gravitation_which_accounts_for_why_objects_naturally_fall_downwards_fill_15.wav,filler_other,NA,NA,NA,,,,,,
21,6c5bb8c2fe55a4a1f08e7d97937fd2113d2279f4317f81c93af82d981a01b1e3,NA,who_discovered_the_law_of_universal_gravitation_which_accounts_for_why_objects_naturally_fall_downwards_fill_15.wav,filler_other,NA,NA,NA,,,,,,
21,6c5bb8c2fe55a4a1f08e7d97937fd2113d2279f4317f81c93af82d981a01b1e3,The question does NOT need any corrections.,which_soft_pastry_made_with_a_certain_spice_is_often_spiral-shaped_and_topped_with_icing_fill_16.wav,filler_other,NA,NA,NA,,,,,,
21,6c5bb8c2fe55a4a1f08e7d97937fd2113d2279f4317f81c93af82d981a01b1e3,Cinnamon roll,which_soft_pastry_made_with_a_certain_spice_is_often_spiral-shaped_and_topped_with_icing_fill_16.wav,filler_other,NA,NA,NA,,,,,,
21,6c5bb8c2fe55a4a1f08e7d97937fd2113d2279f4317f81c93af82d981a01b1e3,The question does NOT need any corrections.,what_us_holiday_is_often_celebrated_with_fireworks_and_hotdogs_to_honor_americas_freedom_fill_17.wav,filler_other,NA,NA,NA,,,,,,
21,6c5bb8c2fe55a4a1f08e7d97937fd2113d2279f4317f81c93af82d981a01b1e3,Fourth of July,what_us_holiday_is_often_celebrated_with_fireworks_and_hotdogs_to_honor_americas_freedom_fill_17.wav,filler_other,NA,NA,NA,,,,,,
21,6c5bb8c2fe55a4a1f08e7d97937fd2113d2279f4317f81c93af82d981a01b1e3,The question does NOT need any corrections.,which_tropical_fruit_that_grows_on_palm_trees_is_used_for_oils_and_milks_fill_18.wav,filler_other,NA,NA,NA,,,,,,
21,6c5bb8c2fe55a4a1f08e7d97937fd2113d2279f4317f81c93af82d981a01b1e3,coconut,which_tropical_fruit_that_grows_on_palm_trees_is_used_for_oils_and_milks_fill_18.wav,filler_other,NA,NA,NA,,,,,,
21,6c5bb8c2fe55a4a1f08e7d97937fd2113d2279f4317f81c93af82d981a01b1e3,"The question does NOT need any corrections, but I don't know the answer/ I don't understand what the question is asking.",which_season_do_we_associate_with_thanksgiving_the_beginning_of_school_and_leaves_turning_brown_fill_19.wav,filler_other,NA,NA,NA,,,,,,
21,6c5bb8c2fe55a4a1f08e7d97937fd2113d2279f4317f81c93af82d981a01b1e3,NA,which_season_do_we_associate_with_thanksgiving_the_beginning_of_school_and_leaves_turning_brown_fill_19.wav,filler_other,NA,NA,NA,,,,,,
21,6c5bb8c2fe55a4a1f08e7d97937fd2113d2279f4317f81c93af82d981a01b1e3,The question does NOT need any corrections.,what_musician_won_grammys_for_their_album_thriller_which_features_the_hit_song_beat_it_fill_20.wav,filler_other,NA,NA,NA,,,,,,
21,6c5bb8c2fe55a4a1f08e7d97937fd2113d2279f4317f81c93af82d981a01b1e3,Michael Jackson,what_musician_won_grammys_for_their_album_thriller_which_features_the_hit_song_beat_it_fill_20.wav,filler_other,NA,NA,NA,,,,,,
21,6c5bb8c2fe55a4a1f08e7d97937fd2113d2279f4317f81c93af82d981a01b1e3,The question does NOT need any corrections.,what_animal_is_typically_white_with_black_spots_and_says_moo_fill_21.wav,filler_other,NA,NA,NA,,,,,,
21,6c5bb8c2fe55a4a1f08e7d97937fd2113d2279f4317f81c93af82d981a01b1e3,Cow,what_animal_is_typically_white_with_black_spots_and_says_moo_fill_21.wav,filler_other,NA,NA,NA,,,,,,
21,6c5bb8c2fe55a4a1f08e7d97937fd2113d2279f4317f81c93af82d981a01b1e3,The question does NOT need any corrections.,where_do_the_jolly_christmas_icons_santa_claus_and_his_wife_mrs._claus_live_fill_22.wav,filler_other,NA,NA,NA,,,,,,
21,6c5bb8c2fe55a4a1f08e7d97937fd2113d2279f4317f81c93af82d981a01b1e3,North Pole,where_do_the_jolly_christmas_icons_santa_claus_and_his_wife_mrs._claus_live_fill_22.wav,filler_other,NA,NA,NA,,,,,,
21,6c5bb8c2fe55a4a1f08e7d97937fd2113d2279f4317f81c93af82d981a01b1e3,The question does NOT need any corrections.,in_the_famous_dr_seuss_book_what_orange_and_yellow_character_speaks_for_the_trees_fill_23.wav,filler_other,NA,NA,NA,,,,,,
21,6c5bb8c2fe55a4a1f08e7d97937fd2113d2279f4317f81c93af82d981a01b1e3,The Lorax,in_the_famous_dr_seuss_book_what_orange_and_yellow_character_speaks_for_the_trees_fill_23.wav,filler_other,NA,NA,NA,,,,,,
21,6c5bb8c2fe55a4a1f08e7d97937fd2113d2279f4317f81c93af82d981a01b1e3,The question does NOT need any corrections.,in_what_country_would_you_find_landmarks_like_the_pyramids_of_giza_and_great_sphinx_fill_24.wav,filler_other,NA,NA,NA,,,,,,
21,6c5bb8c2fe55a4a1f08e7d97937fd2113d2279f4317f81c93af82d981a01b1e3,Africa,in_what_country_would_you_find_landmarks_like_the_pyramids_of_giza_and_great_sphinx_fill_24.wav,filler_other,NA,NA,NA,,,,,,
22,6d413a887a5ab9d871cf936bdfd3e16cf0ef15a67c29bd4b34ddeb6d19e810c4,The question does NOT need any corrections.,how_many_legs_does_a_dog_normally_have_fill_25.wav,att_check_good,NA,NA,NA,nans,,,a,,FB_1109
22,6d413a887a5ab9d871cf936bdfd3e16cf0ef15a67c29bd4b34ddeb6d19e810c4,4,how_many_legs_does_a_dog_normally_have_fill_25.wav,att_check_good,NA,NA,NA,,,,,,
22,6d413a887a5ab9d871cf936bdfd3e16cf0ef15a67c29bd4b34ddeb6d19e810c4,The question does NOT need any corrections.,what_state_is_los_angeles_located_in_fill_26.wav,att_check_good,NA,NA,NA,nans,,,a,,FB_1109
22,6d413a887a5ab9d871cf936bdfd3e16cf0ef15a67c29bd4b34ddeb6d19e810c4,California,what_state_is_los_angeles_located_in_fill_26.wav,att_check_good,NA,NA,NA,,,,,,
22,6d413a887a5ab9d871cf936bdfd3e16cf0ef15a67c29bd4b34ddeb6d19e810c4,The question does NOT need any corrections.,what_day_of_the_week_comes_after_monday_fill_27.wav,att_check_good,NA,NA,NA,nans,,,a,,FB_1109
22,6d413a887a5ab9d871cf936bdfd3e16cf0ef15a67c29bd4b34ddeb6d19e810c4,Tuesday,what_day_of_the_week_comes_after_monday_fill_27.wav,att_check_good,NA,NA,NA,,,,,,
22,6d413a887a5ab9d871cf936bdfd3e16cf0ef15a67c29bd4b34ddeb6d19e810c4,The question does NOT need any corrections.,what_color_is_a_typical_school_bus_fill_28.wav,att_check_good,NA,NA,NA,nans,,,a,,FB_1109
22,6d413a887a5ab9d871cf936bdfd3e16cf0ef15a67c29bd4b34ddeb6d19e810c4,Yellow,what_color_is_a_typical_school_bus_fill_28.wav,att_check_good,NA,NA,NA,,,,,,
22,6d413a887a5ab9d871cf936bdfd3e16cf0ef15a67c29bd4b34ddeb6d19e810c4,The question needs to be CORRECTED.,in_the_cycle_of_seasons_what_season_comes_after_dinter_fill_29.wav,att_check_err,NA,NA,NA,y,,acheckp,,,FB_1109
22,6d413a887a5ab9d871cf936bdfd3e16cf0ef15a67c29bd4b34ddeb6d19e810c4,"Spring
 Winter is pronounced as Dinter",in_the_cycle_of_seasons_what_season_comes_after_dinter_fill_29.wav,att_check_err,NA,NA,NA,,,,,,
22,6d413a887a5ab9d871cf936bdfd3e16cf0ef15a67c29bd4b34ddeb6d19e810c4,The question needs to be CORRECTED.,what_insect_undergoes_a_process_of_change_to_turn_into_a_butterfy_fill_30.wav,att_check_err,NA,NA,NA,y,,acheckp,,,FB_1109
22,6d413a887a5ab9d871cf936bdfd3e16cf0ef15a67c29bd4b34ddeb6d19e810c4,"Caterpillar
 ""Butterfly"" is pronounced as ""butterfy""",what_insect_undergoes_a_process_of_change_to_turn_into_a_butterfy_fill_30.wav,att_check_err,NA,NA,NA,,,,,,
22,6d413a887a5ab9d871cf936bdfd3e16cf0ef15a67c29bd4b34ddeb6d19e810c4,The question needs to be CORRECTED.,what_is_the_largest_plant_in_the_solar_system_fill_31.wav,att_check_err,NA,NA,NA,y,,acheckp,,,FB_1109
22,6d413a887a5ab9d871cf936bdfd3e16cf0ef15a67c29bd4b34ddeb6d19e810c4,"NA
 ""Planet"" is pronounced as ""plant""",what_is_the_largest_plant_in_the_solar_system_fill_31.wav,att_check_err,NA,NA,NA,,,,,,
22,6d413a887a5ab9d871cf936bdfd3e16cf0ef15a67c29bd4b34ddeb6d19e810c4,The question needs to be CORRECTED.,how_many_embers_were_in_the_beatles_the_british_rock_band_fill_32.wav,att_check_err,NA,NA,NA,y,,acheckp,,,FB_1109
22,6d413a887a5ab9d871cf936bdfd3e16cf0ef15a67c29bd4b34ddeb6d19e810c4,"4
 Members is pronounced as embers, beatles is pronounced as eatles",how_many_embers_were_in_the_beatles_the_british_rock_band_fill_32.wav,att_check_err,NA,NA,NA,,,,,,
22,6d413a887a5ab9d871cf936bdfd3e16cf0ef15a67c29bd4b34ddeb6d19e810c4,The question needs to be CORRECTED.,for_what_pink_ice_cream_flavor_will_companies_make_their_best_to_use_real_fruit_targ_01_C.wav,target,non_phon_err,make vs. other verb,/ɪ/ --> /i/; will/wheel,y,,other,,selected wrong answer choice - didn't understand question and didn't indicate any specific errors,FB_1109
22,6d413a887a5ab9d871cf936bdfd3e16cf0ef15a67c29bd4b34ddeb6d19e810c4,"NA
 Unsure what the question is asking",for_what_pink_ice_cream_flavor_will_companies_make_their_best_to_use_real_fruit_targ_01_C.wav,target,non_phon_err,make vs. other verb,/ɪ/ --> /i/; will/wheel,,,,,,
22,6d413a887a5ab9d871cf936bdfd3e16cf0ef15a67c29bd4b34ddeb6d19e810c4,The question needs to be CORRECTED.,what_term_refers_to_armored_men_who_enjoyed_to_carry_medieval_swords_that_class_in_combat_targ_02_D.wav,target,both_err,infinitive vs. participle,/ʃ/ --> /s/; clash/class,y,,other,,selected wrong answer choice - didn't understand question and didn't indicate any specific errors,FB_1109
22,6d413a887a5ab9d871cf936bdfd3e16cf0ef15a67c29bd4b34ddeb6d19e810c4,"NA
 No idea what this question even said",what_term_refers_to_armored_men_who_enjoyed_to_carry_medieval_swords_that_class_in_combat_targ_02_D.wav,target,both_err,infinitive vs. participle,/ʃ/ --> /s/; clash/class,,,,,,
22,6d413a887a5ab9d871cf936bdfd3e16cf0ef15a67c29bd4b34ddeb6d19e810c4,"The question does NOT need any corrections, but I don't know the answer/ I don't understand what the question is asking.",which_scottish_actor_first_played_james_bond_wearing_kilts_to_red_carpets_when_he_was_32_years_old_targ_03_A.wav,target,correct,have vs. be,/k/ --> /g/; kilt/guilt,nun,,,,,FB_1109
22,6d413a887a5ab9d871cf936bdfd3e16cf0ef15a67c29bd4b34ddeb6d19e810c4,NA,which_scottish_actor_first_played_james_bond_wearing_kilts_to_red_carpets_when_he_was_32_years_old_targ_03_A.wav,target,correct,have vs. be,/k/ --> /g/; kilt/guilt,,,,,,
22,6d413a887a5ab9d871cf936bdfd3e16cf0ef15a67c29bd4b34ddeb6d19e810c4,The question needs to be CORRECTED.,what_did_neil_armstrong_say_during_his_berry_first_steps_on_the_moon_targ_04_B.wav,target,phon_err,no aux verbs in questions (lack of do support),/v/ --> /b/; very/berry,y,,otherp,,,FB_1109
22,6d413a887a5ab9d871cf936bdfd3e16cf0ef15a67c29bd4b34ddeb6d19e810c4,"One small step for man, one giant leap for mankind
 Niel is pronounced as nell",what_did_neil_armstrong_say_during_his_berry_first_steps_on_the_moon_targ_04_B.wav,target,phon_err,no aux verbs in questions (lack of do support),/v/ --> /b/; very/berry,,,,,,
22,6d413a887a5ab9d871cf936bdfd3e16cf0ef15a67c29bd4b34ddeb6d19e810c4,The question does NOT need any corrections.,what_kind_of_weather_could_occur_when_is_raining_and_below_freezing_targ_05_C.wav,target,non_phon_err,expletive 'it' dropping,/ʊ/ --> /u/; could/cooed,nans,,,,,FB_1109
22,6d413a887a5ab9d871cf936bdfd3e16cf0ef15a67c29bd4b34ddeb6d19e810c4,Snow,what_kind_of_weather_could_occur_when_is_raining_and_below_freezing_targ_05_C.wav,target,non_phon_err,expletive 'it' dropping,/ʊ/ --> /u/; could/cooed,,,,,,
22,6d413a887a5ab9d871cf936bdfd3e16cf0ef15a67c29bd4b34ddeb6d19e810c4,The question needs to be CORRECTED.,how_many_legs_does_a_garden_spider_canadian_whose_silk_can_make_clot_have_targ_06_D.wav,target,both_err,adj/noun order,/θ/ --> /t/; cloth/clot,y,,,,,FB_1109
22,6d413a887a5ab9d871cf936bdfd3e16cf0ef15a67c29bd4b34ddeb6d19e810c4,"8
 Needs to just be shortened to ""how many legs does a garden spider have""",how_many_legs_does_a_garden_spider_canadian_whose_silk_can_make_clot_have_targ_06_D.wav,target,both_err,adj/noun order,/θ/ --> /t/; cloth/clot,,,,,,
22,6d413a887a5ab9d871cf936bdfd3e16cf0ef15a67c29bd4b34ddeb6d19e810c4,The question does NOT need any corrections.,what_childrens_game_makes_people_sit_down_quickly_when_the_loud_music_stops_targ_07_A.wav,target,correct,adj/noun order,/ɪ/ --> /i/; sit/seat,nans,,,,,FB_1109
22,6d413a887a5ab9d871cf936bdfd3e16cf0ef15a67c29bd4b34ddeb6d19e810c4,Musical chairs,what_childrens_game_makes_people_sit_down_quickly_when_the_loud_music_stops_targ_07_A.wav,target,correct,adj/noun order,/ɪ/ --> /i/; sit/seat,,,,,,
22,6d413a887a5ab9d871cf936bdfd3e16cf0ef15a67c29bd4b34ddeb6d19e810c4,The question needs to be CORRECTED.,because_it_is_important_to_honor_the_iris_saint_what_holiday_occurs_on_march_17th_targ_08_B.wav,target,phon_err,expletive 'it' dropping,/ʃ/ --> /s/; Irish/iris,y,,p,,,FB_1109
22,6d413a887a5ab9d871cf936bdfd3e16cf0ef15a67c29bd4b34ddeb6d19e810c4,"St patricks day
 Irish is pronounced as iris",because_it_is_important_to_honor_the_iris_saint_what_holiday_occurs_on_march_17th_targ_08_B.wav,target,phon_err,expletive 'it' dropping,/ʃ/ --> /s/; Irish/iris,,,,,,
22,6d413a887a5ab9d871cf936bdfd3e16cf0ef15a67c29bd4b34ddeb6d19e810c4,The question needs to be CORRECTED.,if_laundry_service_will_come_in_five_days_and_todays_thursday_when_are_they_making_laundry_next_targ_09_C.wav,target,non_phon_err,make vs. other verb,/k/ --> /g/; come/gum,y,,np,,,FB_1109
22,6d413a887a5ab9d871cf936bdfd3e16cf0ef15a67c29bd4b34ddeb6d19e810c4,"Tuesday
 Should be ""when will laundry service come next"" and not ""when are they making laundry next""",if_laundry_service_will_come_in_five_days_and_todays_thursday_when_are_they_making_laundry_next_targ_09_C.wav,target,non_phon_err,make vs. other verb,/k/ --> /g/; come/gum,,,,,,
22,6d413a887a5ab9d871cf936bdfd3e16cf0ef15a67c29bd4b34ddeb6d19e810c4,"The question does NOT need any corrections, but I don't know the answer/ I don't understand what the question is asking.",who_did_americans_boat_for_to_be_their_first_president_who_avoided_to_serve_three_terms_targ_10_D.wav,target,both_err,infinitive vs. participle,/v/ --> /b/; vote/boat,nun,,,,,FB_1109
22,6d413a887a5ab9d871cf936bdfd3e16cf0ef15a67c29bd4b34ddeb6d19e810c4,NA,who_did_americans_boat_for_to_be_their_first_president_who_avoided_to_serve_three_terms_targ_10_D.wav,target,both_err,infinitive vs. participle,/v/ --> /b/; vote/boat,,,,,,
22,6d413a887a5ab9d871cf936bdfd3e16cf0ef15a67c29bd4b34ddeb6d19e810c4,The question does NOT need any corrections.,what_colors_can_be_on_a_traffic_light_which_often_senses_when_cars_pull_up_targ_11_A.wav,target,correct,have vs. be,/ʊ/ --> /u/; pulls/pools,nans,,,,,FB_1109
22,6d413a887a5ab9d871cf936bdfd3e16cf0ef15a67c29bd4b34ddeb6d19e810c4,"Red, green, yellow",what_colors_can_be_on_a_traffic_light_which_often_senses_when_cars_pull_up_targ_11_A.wav,target,correct,have vs. be,/ʊ/ --> /u/; pulls/pools,,,,,,
22,6d413a887a5ab9d871cf936bdfd3e16cf0ef15a67c29bd4b34ddeb6d19e810c4,The question does NOT need any corrections.,if_youre_on_a_pat_from_california_to_hawaii_which_ocean_do_you_go_through_targ_12_B.wav,target,phon_err,no aux verbs in questions (lack of do support),/θ/ --> /t/; path/pat,nans,,,,,FB_1109
22,6d413a887a5ab9d871cf936bdfd3e16cf0ef15a67c29bd4b34ddeb6d19e810c4,pacific,if_youre_on_a_pat_from_california_to_hawaii_which_ocean_do_you_go_through_targ_12_B.wav,target,phon_err,no aux verbs in questions (lack of do support),/θ/ --> /t/; path/pat,,,,,,
22,6d413a887a5ab9d871cf936bdfd3e16cf0ef15a67c29bd4b34ddeb6d19e810c4,The question needs to be CORRECTED.,what_supplies_you_need_to_knit_a_scarf_targ_13_C.wav,target,non_phon_err,no aux verbs in questions (lack of do support),/ɪ/ --> /i/; knit/neat,y,,otherirr,,,FB_1109
22,6d413a887a5ab9d871cf936bdfd3e16cf0ef15a67c29bd4b34ddeb6d19e810c4,"Needle and thread
 Enunciation is kind of muddy, question is grammatically correct",what_supplies_you_need_to_knit_a_scarf_targ_13_C.wav,target,non_phon_err,no aux verbs in questions (lack of do support),/ɪ/ --> /i/; knit/neat,,,,,,
22,6d413a887a5ab9d871cf936bdfd3e16cf0ef15a67c29bd4b34ddeb6d19e810c4,The question needs to be CORRECTED.,what_city_have_people_rust_to_tour_to_see_where_the_us_government_makes_business_targ_14_D.wav,target,both_err,make vs. other verb,/ʃ/ --> /s/; rushed/rust,y,,other,,selected wrong answer choice - didn't understand question ,FB_1109
22,6d413a887a5ab9d871cf936bdfd3e16cf0ef15a67c29bd4b34ddeb6d19e810c4,"NA
 I don't know what it's asking at all",what_city_have_people_rust_to_tour_to_see_where_the_us_government_makes_business_targ_14_D.wav,target,both_err,make vs. other verb,/ʃ/ --> /s/; rushed/rust,,,,,,
22,6d413a887a5ab9d871cf936bdfd3e16cf0ef15a67c29bd4b34ddeb6d19e810c4,The question does NOT need any corrections.,what_colors_make_up_a_traditional_candy_cane_which_people_enjoy_eating_during_christmas_targ_15_A.wav,target,correct,infinitive vs. participle,/k/ --> /g/; cane/gain,nans,,,,,FB_1109
22,6d413a887a5ab9d871cf936bdfd3e16cf0ef15a67c29bd4b34ddeb6d19e810c4,Red and white,what_colors_make_up_a_traditional_candy_cane_which_people_enjoy_eating_during_christmas_targ_15_A.wav,target,correct,infinitive vs. participle,/k/ --> /g/; cane/gain,,,,,,
22,6d413a887a5ab9d871cf936bdfd3e16cf0ef15a67c29bd4b34ddeb6d19e810c4,The question does NOT need any corrections.,where_do_people_get_drivers_licenses_since_it_is_required_as_ballad_id_to_drive_targ_16_B.wav,target,phon_err,expletive 'it' dropping,/v/ --> /b/; valid/ballad,nans,,,,,FB_1109
22,6d413a887a5ab9d871cf936bdfd3e16cf0ef15a67c29bd4b34ddeb6d19e810c4,DMV,where_do_people_get_drivers_licenses_since_it_is_required_as_ballad_id_to_drive_targ_16_B.wav,target,phon_err,expletive 'it' dropping,/v/ --> /b/; valid/ballad,,,,,,
22,6d413a887a5ab9d871cf936bdfd3e16cf0ef15a67c29bd4b34ddeb6d19e810c4,The question needs to be CORRECTED.,how_many_days_would_my_bike_tandem_be_gone_if_someone_borrows_it_for_july_targ_17_C.wav,target,non_phon_err,adj/noun order,/ʊ/ --> /u/; would/wooed,y,,otherirr,,,FB_1109
22,6d413a887a5ab9d871cf936bdfd3e16cf0ef15a67c29bd4b34ddeb6d19e810c4,"31
 ""If someone borrows it for July"" is kind of ambiguous",how_many_days_would_my_bike_tandem_be_gone_if_someone_borrows_it_for_july_targ_17_C.wav,target,non_phon_err,adj/noun order,/ʊ/ --> /u/; would/wooed,,,,,,
22,6d413a887a5ab9d871cf936bdfd3e16cf0ef15a67c29bd4b34ddeb6d19e810c4,The question needs to be CORRECTED.,when_you_have_hot_what_device_measures_body_temperature_in_boat_celsius_and_fahrenheit_targ_18_D.wav,target,both_err,have vs. be,/θ/ --> /t/; both/boat,y,,np,,,FB_1109
22,6d413a887a5ab9d871cf936bdfd3e16cf0ef15a67c29bd4b34ddeb6d19e810c4,"Thermometer
 ""When you have hot"" should be either ""when you feel hot"" or ""when you have a fever""",when_you_have_hot_what_device_measures_body_temperature_in_boat_celsius_and_fahrenheit_targ_18_D.wav,target,both_err,have vs. be,/θ/ --> /t/; both/boat,,,,,,
22,6d413a887a5ab9d871cf936bdfd3e16cf0ef15a67c29bd4b34ddeb6d19e810c4,"The question does NOT need any corrections, but I don't know the answer/ I don't understand what the question is asking.",what_big_star_in_our_solar_system_can_still_be_visible_when_it_is_cloudy_targ_19_A.wav,target,correct,expletive 'it' dropping,/ɪ/ --> /i/; still/steal,nun,,,,,FB_1109
22,6d413a887a5ab9d871cf936bdfd3e16cf0ef15a67c29bd4b34ddeb6d19e810c4,NA,what_big_star_in_our_solar_system_can_still_be_visible_when_it_is_cloudy_targ_19_A.wav,target,correct,expletive 'it' dropping,/ɪ/ --> /i/; still/steal,,,,,,
22,6d413a887a5ab9d871cf936bdfd3e16cf0ef15a67c29bd4b34ddeb6d19e810c4,The question needs to be CORRECTED.,what_popular_us_chain_provides_a_happy_meal_toy_or_plus_when_kids_are_hungry_targ_20_B.wav,target,phon_err,have vs. be,/ʃ/ --> /s/; plush/plus,y,,other,,no specific errors indicated,FB_1109
22,6d413a887a5ab9d871cf936bdfd3e16cf0ef15a67c29bd4b34ddeb6d19e810c4,"Mcdonalds
 Extra words in the middle that I can't discern what they are",what_popular_us_chain_provides_a_happy_meal_toy_or_plus_when_kids_are_hungry_targ_20_B.wav,target,phon_err,have vs. be,/ʃ/ --> /s/; plush/plus,,,,,,
22,6d413a887a5ab9d871cf936bdfd3e16cf0ef15a67c29bd4b34ddeb6d19e810c4,The question needs to be CORRECTED.,in_the_lion_king_who_nala_talk_to_and_is_laying_in_a_cot_after_theyve_reunited_targ_21_C.wav,target,non_phon_err,no aux verbs in questions (lack of do support),/k/ --> /g/; cot/got,y,,other,,selected wrong answer choice - didn't understand question ,FB_1109
22,6d413a887a5ab9d871cf936bdfd3e16cf0ef15a67c29bd4b34ddeb6d19e810c4,"NA
 Whole question is a mess that I can't understand",in_the_lion_king_who_nala_talk_to_and_is_laying_in_a_cot_after_theyve_reunited_targ_21_C.wav,target,non_phon_err,no aux verbs in questions (lack of do support),/k/ --> /g/; cot/got,,,,,,
22,6d413a887a5ab9d871cf936bdfd3e16cf0ef15a67c29bd4b34ddeb6d19e810c4,The question needs to be CORRECTED.,if_a_janitor_hardworking_cleaned_a_bent_in_five_minutes_how_many_seconds_is_that_targ_22_D.wav,target,both_err,adj/noun order,/v/ --> /b/; vent/bent,y,,np,,unclear whether intended phonological error was noticed,FB_1109
22,6d413a887a5ab9d871cf936bdfd3e16cf0ef15a67c29bd4b34ddeb6d19e810c4,"300
 Should be ""If a hardworking janitor cleaned a vent""",if_a_janitor_hardworking_cleaned_a_bent_in_five_minutes_how_many_seconds_is_that_targ_22_D.wav,target,both_err,adj/noun order,/v/ --> /b/; vent/bent,,,,,,
22,6d413a887a5ab9d871cf936bdfd3e16cf0ef15a67c29bd4b34ddeb6d19e810c4,The question does NOT need any corrections.,what_company_created_the_macbook_a_device_full_of_features_to_help_students_do_homework_targ_23_A.wav,target,correct,make vs. other verb,/ʊ/ --> /u/; full/fool,nans,,,,,FB_1109
22,6d413a887a5ab9d871cf936bdfd3e16cf0ef15a67c29bd4b34ddeb6d19e810c4,Apple,what_company_created_the_macbook_a_device_full_of_features_to_help_students_do_homework_targ_23_A.wav,target,correct,make vs. other verb,/ʊ/ --> /u/; full/fool,,,,,,
22,6d413a887a5ab9d871cf936bdfd3e16cf0ef15a67c29bd4b34ddeb6d19e810c4,"The question does NOT need any corrections, but I don't know the answer/ I don't understand what the question is asking.",if_i_consider_leaving_work_after_the_fort_hour_how_many_minutes_would_that_be_targ_24_B.wav,target,phon_err,infinitive vs. participle,/θ/ --> /t/; fourth/fort,nun,,,,,FB_1109
22,6d413a887a5ab9d871cf936bdfd3e16cf0ef15a67c29bd4b34ddeb6d19e810c4,"NA
 I don't know what this question is supposed to be at all",if_i_consider_leaving_work_after_the_fort_hour_how_many_minutes_would_that_be_targ_24_B.wav,target,phon_err,infinitive vs. participle,/θ/ --> /t/; fourth/fort,,,,,,
22,6d413a887a5ab9d871cf936bdfd3e16cf0ef15a67c29bd4b34ddeb6d19e810c4,The question does NOT need any corrections.,what_letter_in_the_latin_alphabet_corresponds_to_the_greek_letter_alpha_fill_01.wav,filler_other,NA,NA,NA,nans,,,,,FB_1109
22,6d413a887a5ab9d871cf936bdfd3e16cf0ef15a67c29bd4b34ddeb6d19e810c4,A,what_letter_in_the_latin_alphabet_corresponds_to_the_greek_letter_alpha_fill_01.wav,filler_other,NA,NA,NA,,,,,,
22,6d413a887a5ab9d871cf936bdfd3e16cf0ef15a67c29bd4b34ddeb6d19e810c4,The question does NOT need any corrections.,what_organ_is_often_associated_with_being_eaten_by_rotting_flesh_monsters_also_known_as_zombies_fill_02.wav,filler_other,NA,NA,NA,nans,,,,,FB_1109
22,6d413a887a5ab9d871cf936bdfd3e16cf0ef15a67c29bd4b34ddeb6d19e810c4,Brain,what_organ_is_often_associated_with_being_eaten_by_rotting_flesh_monsters_also_known_as_zombies_fill_02.wav,filler_other,NA,NA,NA,,,,,,
22,6d413a887a5ab9d871cf936bdfd3e16cf0ef15a67c29bd4b34ddeb6d19e810c4,"The question does NOT need any corrections, but I don't know the answer/ I don't understand what the question is asking.",which_british_celebrity_judge_often_harshly_critiqued_contestants_on_the_nationwide_singing_contest_american_idol_fill_03.wav,filler_other,NA,NA,NA,nun,,,,,FB_1109
22,6d413a887a5ab9d871cf936bdfd3e16cf0ef15a67c29bd4b34ddeb6d19e810c4,NA,which_british_celebrity_judge_often_harshly_critiqued_contestants_on_the_nationwide_singing_contest_american_idol_fill_03.wav,filler_other,NA,NA,NA,,,,,,
22,6d413a887a5ab9d871cf936bdfd3e16cf0ef15a67c29bd4b34ddeb6d19e810c4,The question does NOT need any corrections.,which_cartoon_character_works_at_the_krusty_krab_and_is_best_friends_with_patrick_star_fill_04.wav,filler_other,NA,NA,NA,nans,,,,,FB_1109
22,6d413a887a5ab9d871cf936bdfd3e16cf0ef15a67c29bd4b34ddeb6d19e810c4,Spongebob,which_cartoon_character_works_at_the_krusty_krab_and_is_best_friends_with_patrick_star_fill_04.wav,filler_other,NA,NA,NA,,,,,,
22,6d413a887a5ab9d871cf936bdfd3e16cf0ef15a67c29bd4b34ddeb6d19e810c4,The question does NOT need any corrections.,which_body_part_did_van_gogh_allegedly_cut_off_after_an_argument_with_his_friend_fill_05.wav,filler_other,NA,NA,NA,nans,,,,,FB_1109
22,6d413a887a5ab9d871cf936bdfd3e16cf0ef15a67c29bd4b34ddeb6d19e810c4,Ear,which_body_part_did_van_gogh_allegedly_cut_off_after_an_argument_with_his_friend_fill_05.wav,filler_other,NA,NA,NA,,,,,,
22,6d413a887a5ab9d871cf936bdfd3e16cf0ef15a67c29bd4b34ddeb6d19e810c4,The question does NOT need any corrections.,what_is_the_name_of_the_comic_strip_featuring_charlie_brown_and_his_dog_snoopy_fill_06.wav,filler_other,NA,NA,NA,nans,,,,,FB_1109
22,6d413a887a5ab9d871cf936bdfd3e16cf0ef15a67c29bd4b34ddeb6d19e810c4,Peanuts,what_is_the_name_of_the_comic_strip_featuring_charlie_brown_and_his_dog_snoopy_fill_06.wav,filler_other,NA,NA,NA,,,,,,
22,6d413a887a5ab9d871cf936bdfd3e16cf0ef15a67c29bd4b34ddeb6d19e810c4,The question does NOT need any corrections.,what_holiday_occurs_at_the_end_of_october_and_features_trick-or-treating_pumpkins_and_haunted_houses_fill_07.wav,filler_other,NA,NA,NA,nans,,,,,FB_1109
22,6d413a887a5ab9d871cf936bdfd3e16cf0ef15a67c29bd4b34ddeb6d19e810c4,Halloween,what_holiday_occurs_at_the_end_of_october_and_features_trick-or-treating_pumpkins_and_haunted_houses_fill_07.wav,filler_other,NA,NA,NA,,,,,,
22,6d413a887a5ab9d871cf936bdfd3e16cf0ef15a67c29bd4b34ddeb6d19e810c4,The question does NOT need any corrections.,what_is_the_name_of_the_video_game_character_who_is_a_traveling_italian_plumber_fill_08.wav,filler_other,NA,NA,NA,nans,,,,,FB_1109
22,6d413a887a5ab9d871cf936bdfd3e16cf0ef15a67c29bd4b34ddeb6d19e810c4,Mario,what_is_the_name_of_the_video_game_character_who_is_a_traveling_italian_plumber_fill_08.wav,filler_other,NA,NA,NA,,,,,,
22,6d413a887a5ab9d871cf936bdfd3e16cf0ef15a67c29bd4b34ddeb6d19e810c4,The question does NOT need any corrections.,what_kind_of_animal_is_mickey_mouse’s_girlfriend_minnie_who_wears_a_bow_fill_09.wav,filler_other,NA,NA,NA,nans,,,,,FB_1109
22,6d413a887a5ab9d871cf936bdfd3e16cf0ef15a67c29bd4b34ddeb6d19e810c4,Mouse,what_kind_of_animal_is_mickey_mouse’s_girlfriend_minnie_who_wears_a_bow_fill_09.wav,filler_other,NA,NA,NA,,,,,,
22,6d413a887a5ab9d871cf936bdfd3e16cf0ef15a67c29bd4b34ddeb6d19e810c4,The question does NOT need any corrections.,which_cartoon_dog_solves_mysteries_with_the_group_fred_daphne_velma_and_shaggy_fill_10.wav,filler_other,NA,NA,NA,nans,,,,,FB_1109
22,6d413a887a5ab9d871cf936bdfd3e16cf0ef15a67c29bd4b34ddeb6d19e810c4,Scooby-doo,which_cartoon_dog_solves_mysteries_with_the_group_fred_daphne_velma_and_shaggy_fill_10.wav,filler_other,NA,NA,NA,,,,,,
22,6d413a887a5ab9d871cf936bdfd3e16cf0ef15a67c29bd4b34ddeb6d19e810c4,The question does NOT need any corrections.,which_fast_food_chain_offers_foot-long_sandwiches_and_has_the_slogan_eat_fresh_fill_11.wav,filler_other,NA,NA,NA,nans,,,,,FB_1109
22,6d413a887a5ab9d871cf936bdfd3e16cf0ef15a67c29bd4b34ddeb6d19e810c4,Subway,which_fast_food_chain_offers_foot-long_sandwiches_and_has_the_slogan_eat_fresh_fill_11.wav,filler_other,NA,NA,NA,,,,,,
22,6d413a887a5ab9d871cf936bdfd3e16cf0ef15a67c29bd4b34ddeb6d19e810c4,The question does NOT need any corrections.,which_oscar-winning_movie_features_tom_hanks_saying_life_is_like_a_box_of_chocolates_fill_12.wav,filler_other,NA,NA,NA,nans,,,,,FB_1109
22,6d413a887a5ab9d871cf936bdfd3e16cf0ef15a67c29bd4b34ddeb6d19e810c4,Forrest gump,which_oscar-winning_movie_features_tom_hanks_saying_life_is_like_a_box_of_chocolates_fill_12.wav,filler_other,NA,NA,NA,,,,,,
22,6d413a887a5ab9d871cf936bdfd3e16cf0ef15a67c29bd4b34ddeb6d19e810c4,"The question does NOT need any corrections, but I don't know the answer/ I don't understand what the question is asking.",what_novel_has_the_quote_i’m_late_i’m_late_for_a_very_important_date_fill_13.wav,filler_other,NA,NA,NA,nun,,,,,FB_1109
22,6d413a887a5ab9d871cf936bdfd3e16cf0ef15a67c29bd4b34ddeb6d19e810c4,NA,what_novel_has_the_quote_i’m_late_i’m_late_for_a_very_important_date_fill_13.wav,filler_other,NA,NA,NA,,,,,,
22,6d413a887a5ab9d871cf936bdfd3e16cf0ef15a67c29bd4b34ddeb6d19e810c4,The question needs to be CORRECTED.,what_mythical_creatures_have_been_said_to_drink_blood_turn_into_bats_and_hate_onions_fill_14.wav,filler_other,NA,NA,NA,y,,otherirr,,,FB_1109
22,6d413a887a5ab9d871cf936bdfd3e16cf0ef15a67c29bd4b34ddeb6d19e810c4,"Vampires
 ""Onions"" should be ""garlic""",what_mythical_creatures_have_been_said_to_drink_blood_turn_into_bats_and_hate_onions_fill_14.wav,filler_other,NA,NA,NA,,,,,,
22,6d413a887a5ab9d871cf936bdfd3e16cf0ef15a67c29bd4b34ddeb6d19e810c4,The question does NOT need any corrections.,who_discovered_the_law_of_universal_gravitation_which_accounts_for_why_objects_naturally_fall_downwards_fill_15.wav,filler_other,NA,NA,NA,nans,,,,,FB_1109
22,6d413a887a5ab9d871cf936bdfd3e16cf0ef15a67c29bd4b34ddeb6d19e810c4,Isaac newton,who_discovered_the_law_of_universal_gravitation_which_accounts_for_why_objects_naturally_fall_downwards_fill_15.wav,filler_other,NA,NA,NA,,,,,,
22,6d413a887a5ab9d871cf936bdfd3e16cf0ef15a67c29bd4b34ddeb6d19e810c4,The question needs to be CORRECTED.,which_soft_pastry_made_with_a_certain_spice_is_often_spiral-shaped_and_topped_with_icing_fill_16.wav,filler_other,NA,NA,NA,y,,otherp,,,FB_1109
22,6d413a887a5ab9d871cf936bdfd3e16cf0ef15a67c29bd4b34ddeb6d19e810c4,"Cinnamon roll
 Enunciation is muddy, ""soft"" sounds like ""salt""",which_soft_pastry_made_with_a_certain_spice_is_often_spiral-shaped_and_topped_with_icing_fill_16.wav,filler_other,NA,NA,NA,,,,,,
22,6d413a887a5ab9d871cf936bdfd3e16cf0ef15a67c29bd4b34ddeb6d19e810c4,The question does NOT need any corrections.,what_us_holiday_is_often_celebrated_with_fireworks_and_hotdogs_to_honor_americas_freedom_fill_17.wav,filler_other,NA,NA,NA,nans,,,,,FB_1109
22,6d413a887a5ab9d871cf936bdfd3e16cf0ef15a67c29bd4b34ddeb6d19e810c4,4th of july,what_us_holiday_is_often_celebrated_with_fireworks_and_hotdogs_to_honor_americas_freedom_fill_17.wav,filler_other,NA,NA,NA,,,,,,
22,6d413a887a5ab9d871cf936bdfd3e16cf0ef15a67c29bd4b34ddeb6d19e810c4,The question does NOT need any corrections.,which_tropical_fruit_that_grows_on_palm_trees_is_used_for_oils_and_milks_fill_18.wav,filler_other,NA,NA,NA,nans,,,,,FB_1109
22,6d413a887a5ab9d871cf936bdfd3e16cf0ef15a67c29bd4b34ddeb6d19e810c4,Coconut,which_tropical_fruit_that_grows_on_palm_trees_is_used_for_oils_and_milks_fill_18.wav,filler_other,NA,NA,NA,,,,,,
22,6d413a887a5ab9d871cf936bdfd3e16cf0ef15a67c29bd4b34ddeb6d19e810c4,The question does NOT need any corrections.,which_season_do_we_associate_with_thanksgiving_the_beginning_of_school_and_leaves_turning_brown_fill_19.wav,filler_other,NA,NA,NA,nans,,,,,FB_1109
22,6d413a887a5ab9d871cf936bdfd3e16cf0ef15a67c29bd4b34ddeb6d19e810c4,Fall,which_season_do_we_associate_with_thanksgiving_the_beginning_of_school_and_leaves_turning_brown_fill_19.wav,filler_other,NA,NA,NA,,,,,,
22,6d413a887a5ab9d871cf936bdfd3e16cf0ef15a67c29bd4b34ddeb6d19e810c4,The question does NOT need any corrections.,what_musician_won_grammys_for_their_album_thriller_which_features_the_hit_song_beat_it_fill_20.wav,filler_other,NA,NA,NA,nans,,,,,FB_1109
22,6d413a887a5ab9d871cf936bdfd3e16cf0ef15a67c29bd4b34ddeb6d19e810c4,Michael jackson,what_musician_won_grammys_for_their_album_thriller_which_features_the_hit_song_beat_it_fill_20.wav,filler_other,NA,NA,NA,,,,,,
22,6d413a887a5ab9d871cf936bdfd3e16cf0ef15a67c29bd4b34ddeb6d19e810c4,The question does NOT need any corrections.,what_animal_is_typically_white_with_black_spots_and_says_moo_fill_21.wav,filler_other,NA,NA,NA,nans,,,,,FB_1109
22,6d413a887a5ab9d871cf936bdfd3e16cf0ef15a67c29bd4b34ddeb6d19e810c4,Cow,what_animal_is_typically_white_with_black_spots_and_says_moo_fill_21.wav,filler_other,NA,NA,NA,,,,,,
22,6d413a887a5ab9d871cf936bdfd3e16cf0ef15a67c29bd4b34ddeb6d19e810c4,The question does NOT need any corrections.,where_do_the_jolly_christmas_icons_santa_claus_and_his_wife_mrs._claus_live_fill_22.wav,filler_other,NA,NA,NA,nans,,,,,FB_1109
22,6d413a887a5ab9d871cf936bdfd3e16cf0ef15a67c29bd4b34ddeb6d19e810c4,The north pole,where_do_the_jolly_christmas_icons_santa_claus_and_his_wife_mrs._claus_live_fill_22.wav,filler_other,NA,NA,NA,,,,,,
22,6d413a887a5ab9d871cf936bdfd3e16cf0ef15a67c29bd4b34ddeb6d19e810c4,The question does NOT need any corrections.,in_the_famous_dr_seuss_book_what_orange_and_yellow_character_speaks_for_the_trees_fill_23.wav,filler_other,NA,NA,NA,nans,,,,,FB_1109
22,6d413a887a5ab9d871cf936bdfd3e16cf0ef15a67c29bd4b34ddeb6d19e810c4,The lorax,in_the_famous_dr_seuss_book_what_orange_and_yellow_character_speaks_for_the_trees_fill_23.wav,filler_other,NA,NA,NA,,,,,,
22,6d413a887a5ab9d871cf936bdfd3e16cf0ef15a67c29bd4b34ddeb6d19e810c4,The question does NOT need any corrections.,in_what_country_would_you_find_landmarks_like_the_pyramids_of_giza_and_great_sphinx_fill_24.wav,filler_other,NA,NA,NA,nans,,,,,FB_1109
22,6d413a887a5ab9d871cf936bdfd3e16cf0ef15a67c29bd4b34ddeb6d19e810c4,Egypt,in_what_country_would_you_find_landmarks_like_the_pyramids_of_giza_and_great_sphinx_fill_24.wav,filler_other,NA,NA,NA,,,,,,
23,751b21babeaab7a26d9fdea81cabcb0a9d45c7018cdb4e02425448935bbc2e97,The question does NOT need any corrections.,how_many_legs_does_a_dog_normally_have_fill_25.wav,att_check_good,NA,NA,NA,nans,,,a,FAILED ATTENTION CHECKS (4/7 correct - one skipped),FB_1109
23,751b21babeaab7a26d9fdea81cabcb0a9d45c7018cdb4e02425448935bbc2e97,4,how_many_legs_does_a_dog_normally_have_fill_25.wav,att_check_good,NA,NA,NA,,,,,,
23,751b21babeaab7a26d9fdea81cabcb0a9d45c7018cdb4e02425448935bbc2e97,The question does NOT need any corrections.,what_state_is_los_angeles_located_in_fill_26.wav,att_check_good,NA,NA,NA,nans,,,a,,FB_1109
23,751b21babeaab7a26d9fdea81cabcb0a9d45c7018cdb4e02425448935bbc2e97,California,what_state_is_los_angeles_located_in_fill_26.wav,att_check_good,NA,NA,NA,,,,,,
23,751b21babeaab7a26d9fdea81cabcb0a9d45c7018cdb4e02425448935bbc2e97,The question does NOT need any corrections.,what_day_of_the_week_comes_after_monday_fill_27.wav,att_check_good,NA,NA,NA,nans,,,a,,FB_1109
23,751b21babeaab7a26d9fdea81cabcb0a9d45c7018cdb4e02425448935bbc2e97,Tuesday,what_day_of_the_week_comes_after_monday_fill_27.wav,att_check_good,NA,NA,NA,,,,,,
23,751b21babeaab7a26d9fdea81cabcb0a9d45c7018cdb4e02425448935bbc2e97,I’m good — skip to the next question,what_color_is_a_typical_school_bus_fill_28.wav,att_check_good,NA,NA,NA,s,,,,second attempt is their first instance and they chose the skip option,FB_1109
23,751b21babeaab7a26d9fdea81cabcb0a9d45c7018cdb4e02425448935bbc2e97,NA,what_color_is_a_typical_school_bus_fill_28.wav,att_check_good,NA,NA,NA,,,,,,
23,751b21babeaab7a26d9fdea81cabcb0a9d45c7018cdb4e02425448935bbc2e97,The question needs to be CORRECTED.,in_the_cycle_of_seasons_what_season_comes_after_dinter_fill_29.wav,att_check_err,NA,NA,NA,y,,acheckp,,,FB_1109
23,751b21babeaab7a26d9fdea81cabcb0a9d45c7018cdb4e02425448935bbc2e97,Winter is pronounced as dinter,in_the_cycle_of_seasons_what_season_comes_after_dinter_fill_29.wav,att_check_err,NA,NA,NA,,,,,,
23,751b21babeaab7a26d9fdea81cabcb0a9d45c7018cdb4e02425448935bbc2e97,The question does NOT need any corrections.,what_insect_undergoes_a_process_of_change_to_turn_into_a_butterfy_fill_30.wav,att_check_err,NA,NA,NA,nans,,acheckf,,,FB_1109
23,751b21babeaab7a26d9fdea81cabcb0a9d45c7018cdb4e02425448935bbc2e97,Caterpillar,what_insect_undergoes_a_process_of_change_to_turn_into_a_butterfy_fill_30.wav,att_check_err,NA,NA,NA,,,,,,
23,751b21babeaab7a26d9fdea81cabcb0a9d45c7018cdb4e02425448935bbc2e97,"The question does NOT need any corrections, but I don't know the answer/ I don't understand what the question is asking.",what_is_the_largest_plant_in_the_solar_system_fill_31.wav,att_check_err,NA,NA,NA,nun,,acheckf,,,FB_1109
23,751b21babeaab7a26d9fdea81cabcb0a9d45c7018cdb4e02425448935bbc2e97,NA,what_is_the_largest_plant_in_the_solar_system_fill_31.wav,att_check_err,NA,NA,NA,,,,,,
23,751b21babeaab7a26d9fdea81cabcb0a9d45c7018cdb4e02425448935bbc2e97,"The question does NOT need any corrections, but I don't know the answer/ I don't understand what the question is asking.",how_many_embers_were_in_the_beatles_the_british_rock_band_fill_32.wav,att_check_err,NA,NA,NA,nun,,acheckf,,,FB_1109
23,751b21babeaab7a26d9fdea81cabcb0a9d45c7018cdb4e02425448935bbc2e97,NA,how_many_embers_were_in_the_beatles_the_british_rock_band_fill_32.wav,att_check_err,NA,NA,NA,,,,,,
23,751b21babeaab7a26d9fdea81cabcb0a9d45c7018cdb4e02425448935bbc2e97,The question needs to be CORRECTED.,for_what_pink_ice_cream_flavor_will_companies_make_their_best_to_use_real_fruit_targ_01_C.wav,target,non_phon_err,make vs. other verb,/ɪ/ --> /i/; will/wheel,,,,,,
23,751b21babeaab7a26d9fdea81cabcb0a9d45c7018cdb4e02425448935bbc2e97,Question not clear on asking between flavors and fruits.,for_what_pink_ice_cream_flavor_will_companies_make_their_best_to_use_real_fruit_targ_01_C.wav,target,non_phon_err,make vs. other verb,/ɪ/ --> /i/; will/wheel,,,,,,
23,751b21babeaab7a26d9fdea81cabcb0a9d45c7018cdb4e02425448935bbc2e97,"The question does NOT need any corrections, but I don't know the answer/ I don't understand what the question is asking.",what_term_refers_to_armored_men_who_enjoyed_to_carry_medieval_swords_that_class_in_combat_targ_02_D.wav,target,both_err,infinitive vs. participle,/ʃ/ --> /s/; clash/class,,,,,,
23,751b21babeaab7a26d9fdea81cabcb0a9d45c7018cdb4e02425448935bbc2e97,NA,what_term_refers_to_armored_men_who_enjoyed_to_carry_medieval_swords_that_class_in_combat_targ_02_D.wav,target,both_err,infinitive vs. participle,/ʃ/ --> /s/; clash/class,,,,,,
23,751b21babeaab7a26d9fdea81cabcb0a9d45c7018cdb4e02425448935bbc2e97,"The question does NOT need any corrections, but I don't know the answer/ I don't understand what the question is asking.",which_scottish_actor_first_played_james_bond_wearing_kilts_to_red_carpets_when_he_was_32_years_old_targ_03_A.wav,target,correct,have vs. be,/k/ --> /g/; kilt/guilt,,,,,,
23,751b21babeaab7a26d9fdea81cabcb0a9d45c7018cdb4e02425448935bbc2e97,NA,which_scottish_actor_first_played_james_bond_wearing_kilts_to_red_carpets_when_he_was_32_years_old_targ_03_A.wav,target,correct,have vs. be,/k/ --> /g/; kilt/guilt,,,,,,
23,751b21babeaab7a26d9fdea81cabcb0a9d45c7018cdb4e02425448935bbc2e97,I’m good — skip to the next question,what_did_neil_armstrong_say_during_his_berry_first_steps_on_the_moon_targ_04_B.wav,target,phon_err,no aux verbs in questions (lack of do support),/v/ --> /b/; very/berry,,,,,,
23,751b21babeaab7a26d9fdea81cabcb0a9d45c7018cdb4e02425448935bbc2e97,NA,what_did_neil_armstrong_say_during_his_berry_first_steps_on_the_moon_targ_04_B.wav,target,phon_err,no aux verbs in questions (lack of do support),/v/ --> /b/; very/berry,,,,,,
23,751b21babeaab7a26d9fdea81cabcb0a9d45c7018cdb4e02425448935bbc2e97,The question does NOT need any corrections.,what_kind_of_weather_could_occur_when_is_raining_and_below_freezing_targ_05_C.wav,target,non_phon_err,expletive 'it' dropping,/ʊ/ --> /u/; could/cooed,,,,,,
23,751b21babeaab7a26d9fdea81cabcb0a9d45c7018cdb4e02425448935bbc2e97,Cold,what_kind_of_weather_could_occur_when_is_raining_and_below_freezing_targ_05_C.wav,target,non_phon_err,expletive 'it' dropping,/ʊ/ --> /u/; could/cooed,,,,,,
23,751b21babeaab7a26d9fdea81cabcb0a9d45c7018cdb4e02425448935bbc2e97,The question does NOT need any corrections.,how_many_legs_does_a_garden_spider_canadian_whose_silk_can_make_clot_have_targ_06_D.wav,target,both_err,adj/noun order,/θ/ --> /t/; cloth/clot,,,,,,
23,751b21babeaab7a26d9fdea81cabcb0a9d45c7018cdb4e02425448935bbc2e97,8,how_many_legs_does_a_garden_spider_canadian_whose_silk_can_make_clot_have_targ_06_D.wav,target,both_err,adj/noun order,/θ/ --> /t/; cloth/clot,,,,,,
23,751b21babeaab7a26d9fdea81cabcb0a9d45c7018cdb4e02425448935bbc2e97,I’m good — skip to the next question,what_childrens_game_makes_people_sit_down_quickly_when_the_loud_music_stops_targ_07_A.wav,target,correct,adj/noun order,/ɪ/ --> /i/; sit/seat,,,,,,
23,751b21babeaab7a26d9fdea81cabcb0a9d45c7018cdb4e02425448935bbc2e97,NA,what_childrens_game_makes_people_sit_down_quickly_when_the_loud_music_stops_targ_07_A.wav,target,correct,adj/noun order,/ɪ/ --> /i/; sit/seat,,,,,,
23,751b21babeaab7a26d9fdea81cabcb0a9d45c7018cdb4e02425448935bbc2e97,The question does NOT need any corrections.,because_it_is_important_to_honor_the_iris_saint_what_holiday_occurs_on_march_17th_targ_08_B.wav,target,phon_err,expletive 'it' dropping,/ʃ/ --> /s/; Irish/iris,,,,,,
23,751b21babeaab7a26d9fdea81cabcb0a9d45c7018cdb4e02425448935bbc2e97,St. Patricks day,because_it_is_important_to_honor_the_iris_saint_what_holiday_occurs_on_march_17th_targ_08_B.wav,target,phon_err,expletive 'it' dropping,/ʃ/ --> /s/; Irish/iris,,,,,,
23,751b21babeaab7a26d9fdea81cabcb0a9d45c7018cdb4e02425448935bbc2e97,"The question does NOT need any corrections, but I don't know the answer/ I don't understand what the question is asking.",if_laundry_service_will_come_in_five_days_and_todays_thursday_when_are_they_making_laundry_next_targ_09_C.wav,target,non_phon_err,make vs. other verb,/k/ --> /g/; come/gum,,,,,,
23,751b21babeaab7a26d9fdea81cabcb0a9d45c7018cdb4e02425448935bbc2e97,Tuesday,if_laundry_service_will_come_in_five_days_and_todays_thursday_when_are_they_making_laundry_next_targ_09_C.wav,target,non_phon_err,make vs. other verb,/k/ --> /g/; come/gum,,,,,,
23,751b21babeaab7a26d9fdea81cabcb0a9d45c7018cdb4e02425448935bbc2e97,I’m good — skip to the next question,who_did_americans_boat_for_to_be_their_first_president_who_avoided_to_serve_three_terms_targ_10_D.wav,target,both_err,infinitive vs. participle,/v/ --> /b/; vote/boat,,,,,,
23,751b21babeaab7a26d9fdea81cabcb0a9d45c7018cdb4e02425448935bbc2e97,NA,who_did_americans_boat_for_to_be_their_first_president_who_avoided_to_serve_three_terms_targ_10_D.wav,target,both_err,infinitive vs. participle,/v/ --> /b/; vote/boat,,,,,,
23,751b21babeaab7a26d9fdea81cabcb0a9d45c7018cdb4e02425448935bbc2e97,The question does NOT need any corrections.,what_colors_can_be_on_a_traffic_light_which_often_senses_when_cars_pull_up_targ_11_A.wav,target,correct,have vs. be,/ʊ/ --> /u/; pulls/pools,,,,,,
23,751b21babeaab7a26d9fdea81cabcb0a9d45c7018cdb4e02425448935bbc2e97,Red,what_colors_can_be_on_a_traffic_light_which_often_senses_when_cars_pull_up_targ_11_A.wav,target,correct,have vs. be,/ʊ/ --> /u/; pulls/pools,,,,,,
23,751b21babeaab7a26d9fdea81cabcb0a9d45c7018cdb4e02425448935bbc2e97,The question does NOT need any corrections.,if_youre_on_a_pat_from_california_to_hawaii_which_ocean_do_you_go_through_targ_12_B.wav,target,phon_err,no aux verbs in questions (lack of do support),/θ/ --> /t/; path/pat,,,,,,
23,751b21babeaab7a26d9fdea81cabcb0a9d45c7018cdb4e02425448935bbc2e97,Pacific ocean,if_youre_on_a_pat_from_california_to_hawaii_which_ocean_do_you_go_through_targ_12_B.wav,target,phon_err,no aux verbs in questions (lack of do support),/θ/ --> /t/; path/pat,,,,,,
23,751b21babeaab7a26d9fdea81cabcb0a9d45c7018cdb4e02425448935bbc2e97,"The question does NOT need any corrections, but I don't know the answer/ I don't understand what the question is asking.",what_supplies_you_need_to_knit_a_scarf_targ_13_C.wav,target,non_phon_err,no aux verbs in questions (lack of do support),/ɪ/ --> /i/; knit/neat,,,,,,
23,751b21babeaab7a26d9fdea81cabcb0a9d45c7018cdb4e02425448935bbc2e97,NA,what_supplies_you_need_to_knit_a_scarf_targ_13_C.wav,target,non_phon_err,no aux verbs in questions (lack of do support),/ɪ/ --> /i/; knit/neat,,,,,,
23,751b21babeaab7a26d9fdea81cabcb0a9d45c7018cdb4e02425448935bbc2e97,"The question does NOT need any corrections, but I don't know the answer/ I don't understand what the question is asking.",what_city_have_people_rust_to_tour_to_see_where_the_us_government_makes_business_targ_14_D.wav,target,both_err,make vs. other verb,/ʃ/ --> /s/; rushed/rust,,,,,,
23,751b21babeaab7a26d9fdea81cabcb0a9d45c7018cdb4e02425448935bbc2e97,NA,what_city_have_people_rust_to_tour_to_see_where_the_us_government_makes_business_targ_14_D.wav,target,both_err,make vs. other verb,/ʃ/ --> /s/; rushed/rust,,,,,,
23,751b21babeaab7a26d9fdea81cabcb0a9d45c7018cdb4e02425448935bbc2e97,The question does NOT need any corrections.,what_colors_make_up_a_traditional_candy_cane_which_people_enjoy_eating_during_christmas_targ_15_A.wav,target,correct,infinitive vs. participle,/k/ --> /g/; cane/gain,,,,,,
23,751b21babeaab7a26d9fdea81cabcb0a9d45c7018cdb4e02425448935bbc2e97,red,what_colors_make_up_a_traditional_candy_cane_which_people_enjoy_eating_during_christmas_targ_15_A.wav,target,correct,infinitive vs. participle,/k/ --> /g/; cane/gain,,,,,,
23,751b21babeaab7a26d9fdea81cabcb0a9d45c7018cdb4e02425448935bbc2e97,I’m good — skip to the next question,where_do_people_get_drivers_licenses_since_it_is_required_as_ballad_id_to_drive_targ_16_B.wav,target,phon_err,expletive 'it' dropping,/v/ --> /b/; valid/ballad,,,,,,
23,751b21babeaab7a26d9fdea81cabcb0a9d45c7018cdb4e02425448935bbc2e97,NA,where_do_people_get_drivers_licenses_since_it_is_required_as_ballad_id_to_drive_targ_16_B.wav,target,phon_err,expletive 'it' dropping,/v/ --> /b/; valid/ballad,,,,,,
23,751b21babeaab7a26d9fdea81cabcb0a9d45c7018cdb4e02425448935bbc2e97,"The question does NOT need any corrections, but I don't know the answer/ I don't understand what the question is asking.",how_many_days_would_my_bike_tandem_be_gone_if_someone_borrows_it_for_july_targ_17_C.wav,target,non_phon_err,adj/noun order,/ʊ/ --> /u/; would/wooed,,,,,,
23,751b21babeaab7a26d9fdea81cabcb0a9d45c7018cdb4e02425448935bbc2e97,NA,how_many_days_would_my_bike_tandem_be_gone_if_someone_borrows_it_for_july_targ_17_C.wav,target,non_phon_err,adj/noun order,/ʊ/ --> /u/; would/wooed,,,,,,
23,751b21babeaab7a26d9fdea81cabcb0a9d45c7018cdb4e02425448935bbc2e97,"The question does NOT need any corrections, but I don't know the answer/ I don't understand what the question is asking.",when_you_have_hot_what_device_measures_body_temperature_in_boat_celsius_and_fahrenheit_targ_18_D.wav,target,both_err,have vs. be,/θ/ --> /t/; both/boat,,,,,,
23,751b21babeaab7a26d9fdea81cabcb0a9d45c7018cdb4e02425448935bbc2e97,NA,when_you_have_hot_what_device_measures_body_temperature_in_boat_celsius_and_fahrenheit_targ_18_D.wav,target,both_err,have vs. be,/θ/ --> /t/; both/boat,,,,,,
23,751b21babeaab7a26d9fdea81cabcb0a9d45c7018cdb4e02425448935bbc2e97,The question does NOT need any corrections.,what_big_star_in_our_solar_system_can_still_be_visible_when_it_is_cloudy_targ_19_A.wav,target,correct,expletive 'it' dropping,/ɪ/ --> /i/; still/steal,,,,,,
23,751b21babeaab7a26d9fdea81cabcb0a9d45c7018cdb4e02425448935bbc2e97,Venus,what_big_star_in_our_solar_system_can_still_be_visible_when_it_is_cloudy_targ_19_A.wav,target,correct,expletive 'it' dropping,/ɪ/ --> /i/; still/steal,,,,,,
23,751b21babeaab7a26d9fdea81cabcb0a9d45c7018cdb4e02425448935bbc2e97,"The question does NOT need any corrections, but I don't know the answer/ I don't understand what the question is asking.",what_popular_us_chain_provides_a_happy_meal_toy_or_plus_when_kids_are_hungry_targ_20_B.wav,target,phon_err,have vs. be,/ʃ/ --> /s/; plush/plus,,,,,,
23,751b21babeaab7a26d9fdea81cabcb0a9d45c7018cdb4e02425448935bbc2e97,NA,what_popular_us_chain_provides_a_happy_meal_toy_or_plus_when_kids_are_hungry_targ_20_B.wav,target,phon_err,have vs. be,/ʃ/ --> /s/; plush/plus,,,,,,
23,751b21babeaab7a26d9fdea81cabcb0a9d45c7018cdb4e02425448935bbc2e97,I’m good — skip to the next question,in_the_lion_king_who_nala_talk_to_and_is_laying_in_a_cot_after_theyve_reunited_targ_21_C.wav,target,non_phon_err,no aux verbs in questions (lack of do support),/k/ --> /g/; cot/got,,,,,,
23,751b21babeaab7a26d9fdea81cabcb0a9d45c7018cdb4e02425448935bbc2e97,NA,in_the_lion_king_who_nala_talk_to_and_is_laying_in_a_cot_after_theyve_reunited_targ_21_C.wav,target,non_phon_err,no aux verbs in questions (lack of do support),/k/ --> /g/; cot/got,,,,,,
23,751b21babeaab7a26d9fdea81cabcb0a9d45c7018cdb4e02425448935bbc2e97,The question does NOT need any corrections.,if_a_janitor_hardworking_cleaned_a_bent_in_five_minutes_how_many_seconds_is_that_targ_22_D.wav,target,both_err,adj/noun order,/v/ --> /b/; vent/bent,,,,,,
23,751b21babeaab7a26d9fdea81cabcb0a9d45c7018cdb4e02425448935bbc2e97,300,if_a_janitor_hardworking_cleaned_a_bent_in_five_minutes_how_many_seconds_is_that_targ_22_D.wav,target,both_err,adj/noun order,/v/ --> /b/; vent/bent,,,,,,
23,751b21babeaab7a26d9fdea81cabcb0a9d45c7018cdb4e02425448935bbc2e97,I’m good — skip to the next question,what_company_created_the_macbook_a_device_full_of_features_to_help_students_do_homework_targ_23_A.wav,target,correct,make vs. other verb,/ʊ/ --> /u/; full/fool,,,,,,
23,751b21babeaab7a26d9fdea81cabcb0a9d45c7018cdb4e02425448935bbc2e97,NA,what_company_created_the_macbook_a_device_full_of_features_to_help_students_do_homework_targ_23_A.wav,target,correct,make vs. other verb,/ʊ/ --> /u/; full/fool,,,,,,
23,751b21babeaab7a26d9fdea81cabcb0a9d45c7018cdb4e02425448935bbc2e97,"The question does NOT need any corrections, but I don't know the answer/ I don't understand what the question is asking.",if_i_consider_leaving_work_after_the_fort_hour_how_many_minutes_would_that_be_targ_24_B.wav,target,phon_err,infinitive vs. participle,/θ/ --> /t/; fourth/fort,,,,,,
23,751b21babeaab7a26d9fdea81cabcb0a9d45c7018cdb4e02425448935bbc2e97,NA,if_i_consider_leaving_work_after_the_fort_hour_how_many_minutes_would_that_be_targ_24_B.wav,target,phon_err,infinitive vs. participle,/θ/ --> /t/; fourth/fort,,,,,,
23,751b21babeaab7a26d9fdea81cabcb0a9d45c7018cdb4e02425448935bbc2e97,The question does NOT need any corrections.,what_letter_in_the_latin_alphabet_corresponds_to_the_greek_letter_alpha_fill_01.wav,filler_other,NA,NA,NA,,,,,,
23,751b21babeaab7a26d9fdea81cabcb0a9d45c7018cdb4e02425448935bbc2e97,a,what_letter_in_the_latin_alphabet_corresponds_to_the_greek_letter_alpha_fill_01.wav,filler_other,NA,NA,NA,,,,,,
23,751b21babeaab7a26d9fdea81cabcb0a9d45c7018cdb4e02425448935bbc2e97,"The question does NOT need any corrections, but I don't know the answer/ I don't understand what the question is asking.",what_organ_is_often_associated_with_being_eaten_by_rotting_flesh_monsters_also_known_as_zombies_fill_02.wav,filler_other,NA,NA,NA,,,,,,
23,751b21babeaab7a26d9fdea81cabcb0a9d45c7018cdb4e02425448935bbc2e97,NA,what_organ_is_often_associated_with_being_eaten_by_rotting_flesh_monsters_also_known_as_zombies_fill_02.wav,filler_other,NA,NA,NA,,,,,,
23,751b21babeaab7a26d9fdea81cabcb0a9d45c7018cdb4e02425448935bbc2e97,"The question does NOT need any corrections, but I don't know the answer/ I don't understand what the question is asking.",which_british_celebrity_judge_often_harshly_critiqued_contestants_on_the_nationwide_singing_contest_american_idol_fill_03.wav,filler_other,NA,NA,NA,,,,,,
23,751b21babeaab7a26d9fdea81cabcb0a9d45c7018cdb4e02425448935bbc2e97,NA,which_british_celebrity_judge_often_harshly_critiqued_contestants_on_the_nationwide_singing_contest_american_idol_fill_03.wav,filler_other,NA,NA,NA,,,,,,
23,751b21babeaab7a26d9fdea81cabcb0a9d45c7018cdb4e02425448935bbc2e97,The question does NOT need any corrections.,which_cartoon_character_works_at_the_krusty_krab_and_is_best_friends_with_patrick_star_fill_04.wav,filler_other,NA,NA,NA,,,,,,
23,751b21babeaab7a26d9fdea81cabcb0a9d45c7018cdb4e02425448935bbc2e97,Spongebob squarepants,which_cartoon_character_works_at_the_krusty_krab_and_is_best_friends_with_patrick_star_fill_04.wav,filler_other,NA,NA,NA,,,,,,
23,751b21babeaab7a26d9fdea81cabcb0a9d45c7018cdb4e02425448935bbc2e97,"The question does NOT need any corrections, but I don't know the answer/ I don't understand what the question is asking.",which_body_part_did_van_gogh_allegedly_cut_off_after_an_argument_with_his_friend_fill_05.wav,filler_other,NA,NA,NA,,,,,,
23,751b21babeaab7a26d9fdea81cabcb0a9d45c7018cdb4e02425448935bbc2e97,NA,which_body_part_did_van_gogh_allegedly_cut_off_after_an_argument_with_his_friend_fill_05.wav,filler_other,NA,NA,NA,,,,,,
23,751b21babeaab7a26d9fdea81cabcb0a9d45c7018cdb4e02425448935bbc2e97,"The question does NOT need any corrections, but I don't know the answer/ I don't understand what the question is asking.",what_is_the_name_of_the_comic_strip_featuring_charlie_brown_and_his_dog_snoopy_fill_06.wav,filler_other,NA,NA,NA,,,,,,
23,751b21babeaab7a26d9fdea81cabcb0a9d45c7018cdb4e02425448935bbc2e97,NA,what_is_the_name_of_the_comic_strip_featuring_charlie_brown_and_his_dog_snoopy_fill_06.wav,filler_other,NA,NA,NA,,,,,,
23,751b21babeaab7a26d9fdea81cabcb0a9d45c7018cdb4e02425448935bbc2e97,The question does NOT need any corrections.,what_holiday_occurs_at_the_end_of_october_and_features_trick-or-treating_pumpkins_and_haunted_houses_fill_07.wav,filler_other,NA,NA,NA,,,,,,
23,751b21babeaab7a26d9fdea81cabcb0a9d45c7018cdb4e02425448935bbc2e97,Halloween,what_holiday_occurs_at_the_end_of_october_and_features_trick-or-treating_pumpkins_and_haunted_houses_fill_07.wav,filler_other,NA,NA,NA,,,,,,
23,751b21babeaab7a26d9fdea81cabcb0a9d45c7018cdb4e02425448935bbc2e97,"The question does NOT need any corrections, but I don't know the answer/ I don't understand what the question is asking.",what_is_the_name_of_the_video_game_character_who_is_a_traveling_italian_plumber_fill_08.wav,filler_other,NA,NA,NA,,,,,,
23,751b21babeaab7a26d9fdea81cabcb0a9d45c7018cdb4e02425448935bbc2e97,NA,what_is_the_name_of_the_video_game_character_who_is_a_traveling_italian_plumber_fill_08.wav,filler_other,NA,NA,NA,,,,,,
23,751b21babeaab7a26d9fdea81cabcb0a9d45c7018cdb4e02425448935bbc2e97,"The question does NOT need any corrections, but I don't know the answer/ I don't understand what the question is asking.",what_kind_of_animal_is_mickey_mouse’s_girlfriend_minnie_who_wears_a_bow_fill_09.wav,filler_other,NA,NA,NA,,,,,,
23,751b21babeaab7a26d9fdea81cabcb0a9d45c7018cdb4e02425448935bbc2e97,NA,what_kind_of_animal_is_mickey_mouse’s_girlfriend_minnie_who_wears_a_bow_fill_09.wav,filler_other,NA,NA,NA,,,,,,
23,751b21babeaab7a26d9fdea81cabcb0a9d45c7018cdb4e02425448935bbc2e97,"The question does NOT need any corrections, but I don't know the answer/ I don't understand what the question is asking.",which_cartoon_dog_solves_mysteries_with_the_group_fred_daphne_velma_and_shaggy_fill_10.wav,filler_other,NA,NA,NA,,,,,,
23,751b21babeaab7a26d9fdea81cabcb0a9d45c7018cdb4e02425448935bbc2e97,NA,which_cartoon_dog_solves_mysteries_with_the_group_fred_daphne_velma_and_shaggy_fill_10.wav,filler_other,NA,NA,NA,,,,,,
23,751b21babeaab7a26d9fdea81cabcb0a9d45c7018cdb4e02425448935bbc2e97,"The question does NOT need any corrections, but I don't know the answer/ I don't understand what the question is asking.",which_fast_food_chain_offers_foot-long_sandwiches_and_has_the_slogan_eat_fresh_fill_11.wav,filler_other,NA,NA,NA,,,,,,
23,751b21babeaab7a26d9fdea81cabcb0a9d45c7018cdb4e02425448935bbc2e97,NA,which_fast_food_chain_offers_foot-long_sandwiches_and_has_the_slogan_eat_fresh_fill_11.wav,filler_other,NA,NA,NA,,,,,,
23,751b21babeaab7a26d9fdea81cabcb0a9d45c7018cdb4e02425448935bbc2e97,"The question does NOT need any corrections, but I don't know the answer/ I don't understand what the question is asking.",which_oscar-winning_movie_features_tom_hanks_saying_life_is_like_a_box_of_chocolates_fill_12.wav,filler_other,NA,NA,NA,,,,,,
23,751b21babeaab7a26d9fdea81cabcb0a9d45c7018cdb4e02425448935bbc2e97,NA,which_oscar-winning_movie_features_tom_hanks_saying_life_is_like_a_box_of_chocolates_fill_12.wav,filler_other,NA,NA,NA,,,,,,
23,751b21babeaab7a26d9fdea81cabcb0a9d45c7018cdb4e02425448935bbc2e97,"The question does NOT need any corrections, but I don't know the answer/ I don't understand what the question is asking.",what_novel_has_the_quote_i’m_late_i’m_late_for_a_very_important_date_fill_13.wav,filler_other,NA,NA,NA,,,,,,
23,751b21babeaab7a26d9fdea81cabcb0a9d45c7018cdb4e02425448935bbc2e97,NA,what_novel_has_the_quote_i’m_late_i’m_late_for_a_very_important_date_fill_13.wav,filler_other,NA,NA,NA,,,,,,
23,751b21babeaab7a26d9fdea81cabcb0a9d45c7018cdb4e02425448935bbc2e97,"The question does NOT need any corrections, but I don't know the answer/ I don't understand what the question is asking.",what_mythical_creatures_have_been_said_to_drink_blood_turn_into_bats_and_hate_onions_fill_14.wav,filler_other,NA,NA,NA,,,,,,
23,751b21babeaab7a26d9fdea81cabcb0a9d45c7018cdb4e02425448935bbc2e97,NA,what_mythical_creatures_have_been_said_to_drink_blood_turn_into_bats_and_hate_onions_fill_14.wav,filler_other,NA,NA,NA,,,,,,
23,751b21babeaab7a26d9fdea81cabcb0a9d45c7018cdb4e02425448935bbc2e97,The question does NOT need any corrections.,who_discovered_the_law_of_universal_gravitation_which_accounts_for_why_objects_naturally_fall_downwards_fill_15.wav,filler_other,NA,NA,NA,,,,,,
23,751b21babeaab7a26d9fdea81cabcb0a9d45c7018cdb4e02425448935bbc2e97,Isaac Newton,who_discovered_the_law_of_universal_gravitation_which_accounts_for_why_objects_naturally_fall_downwards_fill_15.wav,filler_other,NA,NA,NA,,,,,,
23,751b21babeaab7a26d9fdea81cabcb0a9d45c7018cdb4e02425448935bbc2e97,I’m good — skip to the next question,which_soft_pastry_made_with_a_certain_spice_is_often_spiral-shaped_and_topped_with_icing_fill_16.wav,filler_other,NA,NA,NA,,,,,,
23,751b21babeaab7a26d9fdea81cabcb0a9d45c7018cdb4e02425448935bbc2e97,NA,which_soft_pastry_made_with_a_certain_spice_is_often_spiral-shaped_and_topped_with_icing_fill_16.wav,filler_other,NA,NA,NA,,,,,,
23,751b21babeaab7a26d9fdea81cabcb0a9d45c7018cdb4e02425448935bbc2e97,"The question does NOT need any corrections, but I don't know the answer/ I don't understand what the question is asking.",what_us_holiday_is_often_celebrated_with_fireworks_and_hotdogs_to_honor_americas_freedom_fill_17.wav,filler_other,NA,NA,NA,,,,,,
23,751b21babeaab7a26d9fdea81cabcb0a9d45c7018cdb4e02425448935bbc2e97,NA,what_us_holiday_is_often_celebrated_with_fireworks_and_hotdogs_to_honor_americas_freedom_fill_17.wav,filler_other,NA,NA,NA,,,,,,
23,751b21babeaab7a26d9fdea81cabcb0a9d45c7018cdb4e02425448935bbc2e97,"The question does NOT need any corrections, but I don't know the answer/ I don't understand what the question is asking.",which_tropical_fruit_that_grows_on_palm_trees_is_used_for_oils_and_milks_fill_18.wav,filler_other,NA,NA,NA,,,,,,
23,751b21babeaab7a26d9fdea81cabcb0a9d45c7018cdb4e02425448935bbc2e97,NA,which_tropical_fruit_that_grows_on_palm_trees_is_used_for_oils_and_milks_fill_18.wav,filler_other,NA,NA,NA,,,,,,
23,751b21babeaab7a26d9fdea81cabcb0a9d45c7018cdb4e02425448935bbc2e97,I’m good — skip to the next question,which_season_do_we_associate_with_thanksgiving_the_beginning_of_school_and_leaves_turning_brown_fill_19.wav,filler_other,NA,NA,NA,,,,,,
23,751b21babeaab7a26d9fdea81cabcb0a9d45c7018cdb4e02425448935bbc2e97,NA,which_season_do_we_associate_with_thanksgiving_the_beginning_of_school_and_leaves_turning_brown_fill_19.wav,filler_other,NA,NA,NA,,,,,,
23,751b21babeaab7a26d9fdea81cabcb0a9d45c7018cdb4e02425448935bbc2e97,"The question does NOT need any corrections, but I don't know the answer/ I don't understand what the question is asking.",what_musician_won_grammys_for_their_album_thriller_which_features_the_hit_song_beat_it_fill_20.wav,filler_other,NA,NA,NA,,,,,,
23,751b21babeaab7a26d9fdea81cabcb0a9d45c7018cdb4e02425448935bbc2e97,NA,what_musician_won_grammys_for_their_album_thriller_which_features_the_hit_song_beat_it_fill_20.wav,filler_other,NA,NA,NA,,,,,,
23,751b21babeaab7a26d9fdea81cabcb0a9d45c7018cdb4e02425448935bbc2e97,"The question does NOT need any corrections, but I don't know the answer/ I don't understand what the question is asking.",what_animal_is_typically_white_with_black_spots_and_says_moo_fill_21.wav,filler_other,NA,NA,NA,,,,,,
23,751b21babeaab7a26d9fdea81cabcb0a9d45c7018cdb4e02425448935bbc2e97,NA,what_animal_is_typically_white_with_black_spots_and_says_moo_fill_21.wav,filler_other,NA,NA,NA,,,,,,
23,751b21babeaab7a26d9fdea81cabcb0a9d45c7018cdb4e02425448935bbc2e97,"The question does NOT need any corrections, but I don't know the answer/ I don't understand what the question is asking.",where_do_the_jolly_christmas_icons_santa_claus_and_his_wife_mrs._claus_live_fill_22.wav,filler_other,NA,NA,NA,,,,,,
23,751b21babeaab7a26d9fdea81cabcb0a9d45c7018cdb4e02425448935bbc2e97,NA,where_do_the_jolly_christmas_icons_santa_claus_and_his_wife_mrs._claus_live_fill_22.wav,filler_other,NA,NA,NA,,,,,,
23,751b21babeaab7a26d9fdea81cabcb0a9d45c7018cdb4e02425448935bbc2e97,"The question does NOT need any corrections, but I don't know the answer/ I don't understand what the question is asking.",in_the_famous_dr_seuss_book_what_orange_and_yellow_character_speaks_for_the_trees_fill_23.wav,filler_other,NA,NA,NA,,,,,,
23,751b21babeaab7a26d9fdea81cabcb0a9d45c7018cdb4e02425448935bbc2e97,NA,in_the_famous_dr_seuss_book_what_orange_and_yellow_character_speaks_for_the_trees_fill_23.wav,filler_other,NA,NA,NA,,,,,,
23,751b21babeaab7a26d9fdea81cabcb0a9d45c7018cdb4e02425448935bbc2e97,"The question does NOT need any corrections, but I don't know the answer/ I don't understand what the question is asking.",in_what_country_would_you_find_landmarks_like_the_pyramids_of_giza_and_great_sphinx_fill_24.wav,filler_other,NA,NA,NA,,,,,,
23,751b21babeaab7a26d9fdea81cabcb0a9d45c7018cdb4e02425448935bbc2e97,Egypt,in_what_country_would_you_find_landmarks_like_the_pyramids_of_giza_and_great_sphinx_fill_24.wav,filler_other,NA,NA,NA,,,,,,
24,859b2329d7f72cc191cb6ec6f9dbf0ef1fb0458ca376c943cd4e1df8cdb86a47,The question needs to be CORRECTED.,how_many_legs_does_a_dog_normally_have_fill_25.wav,att_check_good,NA,NA,NA,y,,otherp,,,FB_1109
24,859b2329d7f72cc191cb6ec6f9dbf0ef1fb0458ca376c943cd4e1df8cdb86a47,"Four, sounds like it is saying 'licks' should be 'legs'",how_many_legs_does_a_dog_normally_have_fill_25.wav,att_check_good,NA,NA,NA,,,,,,
24,859b2329d7f72cc191cb6ec6f9dbf0ef1fb0458ca376c943cd4e1df8cdb86a47,The question does NOT need any corrections.,what_state_is_los_angeles_located_in_fill_26.wav,att_check_good,NA,NA,NA,nans,,,a,,FB_1109
24,859b2329d7f72cc191cb6ec6f9dbf0ef1fb0458ca376c943cd4e1df8cdb86a47,California,what_state_is_los_angeles_located_in_fill_26.wav,att_check_good,NA,NA,NA,,,,,,
24,859b2329d7f72cc191cb6ec6f9dbf0ef1fb0458ca376c943cd4e1df8cdb86a47,The question does NOT need any corrections.,what_day_of_the_week_comes_after_monday_fill_27.wav,att_check_good,NA,NA,NA,nans,,,a,,FB_1109
24,859b2329d7f72cc191cb6ec6f9dbf0ef1fb0458ca376c943cd4e1df8cdb86a47,Tuesday,what_day_of_the_week_comes_after_monday_fill_27.wav,att_check_good,NA,NA,NA,,,,,,
24,859b2329d7f72cc191cb6ec6f9dbf0ef1fb0458ca376c943cd4e1df8cdb86a47,The question does NOT need any corrections.,what_color_is_a_typical_school_bus_fill_28.wav,att_check_good,NA,NA,NA,nans,,,a,,FB_1109
24,859b2329d7f72cc191cb6ec6f9dbf0ef1fb0458ca376c943cd4e1df8cdb86a47,Yellow,what_color_is_a_typical_school_bus_fill_28.wav,att_check_good,NA,NA,NA,,,,,,
24,859b2329d7f72cc191cb6ec6f9dbf0ef1fb0458ca376c943cd4e1df8cdb86a47,The question needs to be CORRECTED.,in_the_cycle_of_seasons_what_season_comes_after_dinter_fill_29.wav,att_check_err,NA,NA,NA,y,,acheckp,,,FB_1109
24,859b2329d7f72cc191cb6ec6f9dbf0ef1fb0458ca376c943cd4e1df8cdb86a47,"Spring, it said 'Dinter' should be corrected to 'Winter'",in_the_cycle_of_seasons_what_season_comes_after_dinter_fill_29.wav,att_check_err,NA,NA,NA,,,,,,
24,859b2329d7f72cc191cb6ec6f9dbf0ef1fb0458ca376c943cd4e1df8cdb86a47,I’m good — skip to the next question,what_insect_undergoes_a_process_of_change_to_turn_into_a_butterfy_fill_30.wav,att_check_err,NA,NA,NA,s,,,,second attempt is their first instance and they chose the skip option,FB_1109
24,859b2329d7f72cc191cb6ec6f9dbf0ef1fb0458ca376c943cd4e1df8cdb86a47,NA,what_insect_undergoes_a_process_of_change_to_turn_into_a_butterfy_fill_30.wav,att_check_err,NA,NA,NA,,,,,,
24,859b2329d7f72cc191cb6ec6f9dbf0ef1fb0458ca376c943cd4e1df8cdb86a47,The question needs to be CORRECTED.,what_is_the_largest_plant_in_the_solar_system_fill_31.wav,att_check_err,NA,NA,NA,y,,acheckp,,,FB_1109
24,859b2329d7f72cc191cb6ec6f9dbf0ef1fb0458ca376c943cd4e1df8cdb86a47,"Jupiter, said 'plant' but should be corrected to 'planet'",what_is_the_largest_plant_in_the_solar_system_fill_31.wav,att_check_err,NA,NA,NA,,,,,,
24,859b2329d7f72cc191cb6ec6f9dbf0ef1fb0458ca376c943cd4e1df8cdb86a47,The question needs to be CORRECTED.,how_many_embers_were_in_the_beatles_the_british_rock_band_fill_32.wav,att_check_err,NA,NA,NA,y,,acheckp,,,FB_1109
24,859b2329d7f72cc191cb6ec6f9dbf0ef1fb0458ca376c943cd4e1df8cdb86a47,"Four, says 'embers' should be corrected to 'members'",how_many_embers_were_in_the_beatles_the_british_rock_band_fill_32.wav,att_check_err,NA,NA,NA,,,,,,
24,859b2329d7f72cc191cb6ec6f9dbf0ef1fb0458ca376c943cd4e1df8cdb86a47,The question needs to be CORRECTED.,for_what_pink_ice_cream_flavor_wheel_companies_do_their_best_to_use_real_fruit_targ_01_B.wav,target,phon_err,make vs. other verb,/ɪ/ --> /i/; will/wheel,y,,p,,,FB_1109
24,859b2329d7f72cc191cb6ec6f9dbf0ef1fb0458ca376c943cd4e1df8cdb86a47,"Strawberry, sounded like it said 'wheel' should be 'will'",for_what_pink_ice_cream_flavor_wheel_companies_do_their_best_to_use_real_fruit_targ_01_B.wav,target,phon_err,make vs. other verb,/ɪ/ --> /i/; will/wheel,,,,,,
24,859b2329d7f72cc191cb6ec6f9dbf0ef1fb0458ca376c943cd4e1df8cdb86a47,"The question does NOT need any corrections, but I don't know the answer/ I don't understand what the question is asking.",what_term_refers_to_armored_men_who_enjoyed_to_carry_medieval_swords_that_clash_in_combat_targ_02_C.wav,target,non_phon_err,infinitive vs. participle,/ʃ/ --> /s/; clash/class,nun,,,,,FB_1109
24,859b2329d7f72cc191cb6ec6f9dbf0ef1fb0458ca376c943cd4e1df8cdb86a47,NA,what_term_refers_to_armored_men_who_enjoyed_to_carry_medieval_swords_that_clash_in_combat_targ_02_C.wav,target,non_phon_err,infinitive vs. participle,/ʃ/ --> /s/; clash/class,,,,,,
24,859b2329d7f72cc191cb6ec6f9dbf0ef1fb0458ca376c943cd4e1df8cdb86a47,"The question does NOT need any corrections, but I don't know the answer/ I don't understand what the question is asking.",which_scottish_actor_first_played_james_bond_wearing_guilts_to_red_carpets_when_he_had_32_years_old_targ_03_D.wav,target,both_err,have vs. be,/k/ --> /g/; kilt/guilt,nun,,,,,FB_1109
24,859b2329d7f72cc191cb6ec6f9dbf0ef1fb0458ca376c943cd4e1df8cdb86a47,NA,which_scottish_actor_first_played_james_bond_wearing_guilts_to_red_carpets_when_he_had_32_years_old_targ_03_D.wav,target,both_err,have vs. be,/k/ --> /g/; kilt/guilt,,,,,,
24,859b2329d7f72cc191cb6ec6f9dbf0ef1fb0458ca376c943cd4e1df8cdb86a47,The question needs to be CORRECTED.,what_did_neil_armstrong_say_during_his_very_first_steps_on_the_moon_targ_04_A.wav,target,correct,no aux verbs in questions (lack of do support),/v/ --> /b/; very/berry,y,,otherp,,,FB_1109
24,859b2329d7f72cc191cb6ec6f9dbf0ef1fb0458ca376c943cd4e1df8cdb86a47,"That's one small step for man, one giant leap for mankind; sounded like it was saying 'Nell' should be 'Neil'",what_did_neil_armstrong_say_during_his_very_first_steps_on_the_moon_targ_04_A.wav,target,correct,no aux verbs in questions (lack of do support),/v/ --> /b/; very/berry,,,,,,
24,859b2329d7f72cc191cb6ec6f9dbf0ef1fb0458ca376c943cd4e1df8cdb86a47,"The question does NOT need any corrections, but I don't know the answer/ I don't understand what the question is asking.",what_kind_of_weather_cooed_cooled_occur_when_it_is_raining_and_below_freezing_targ_05_B.wav,target,phon_err,expletive 'it' dropping,/ʊ/ --> /u/; could/cooed,nun,,,,,FB_1109
24,859b2329d7f72cc191cb6ec6f9dbf0ef1fb0458ca376c943cd4e1df8cdb86a47,NA,what_kind_of_weather_cooed_cooled_occur_when_it_is_raining_and_below_freezing_targ_05_B.wav,target,phon_err,expletive 'it' dropping,/ʊ/ --> /u/; could/cooed,,,,,,
24,859b2329d7f72cc191cb6ec6f9dbf0ef1fb0458ca376c943cd4e1df8cdb86a47,I’m good — skip to the next question,how_many_legs_does_a_garden_spider_canadian_whose_silk_can_make_cloth_have_targ_06_C.wav,target,non_phon_err,adj/noun order,/θ/ --> /t/; cloth/clot,s,,,,second attempt is their first instance and they chose the skip option,FB_1109
24,859b2329d7f72cc191cb6ec6f9dbf0ef1fb0458ca376c943cd4e1df8cdb86a47,NA,how_many_legs_does_a_garden_spider_canadian_whose_silk_can_make_cloth_have_targ_06_C.wav,target,non_phon_err,adj/noun order,/θ/ --> /t/; cloth/clot,,,,,,
24,859b2329d7f72cc191cb6ec6f9dbf0ef1fb0458ca376c943cd4e1df8cdb86a47,The question needs to be CORRECTED.,what_childrens_game_makes_people_seat_down_quickly_when_the_music_loud_stops_targ_07_D.wav,target,both_err,adj/noun order,/ɪ/ --> /i/; sit/seat,y,,np,,,FB_1109
24,859b2329d7f72cc191cb6ec6f9dbf0ef1fb0458ca376c943cd4e1df8cdb86a47,"Musical chairs, the end of the sentence says ""music loud stops"" and should be ""loud music stops""",what_childrens_game_makes_people_seat_down_quickly_when_the_music_loud_stops_targ_07_D.wav,target,both_err,adj/noun order,/ɪ/ --> /i/; sit/seat,,,,,,
24,859b2329d7f72cc191cb6ec6f9dbf0ef1fb0458ca376c943cd4e1df8cdb86a47,The question does NOT need any corrections.,because_it_is_important_to_honor_the_irish_saint_what_holiday_occurs_on_march_17th_targ_08_A.wav,target,correct,expletive 'it' dropping,/ʃ/ --> /s/; Irish/iris,nans,,,,,FB_1109
24,859b2329d7f72cc191cb6ec6f9dbf0ef1fb0458ca376c943cd4e1df8cdb86a47,St. Patrick's Day,because_it_is_important_to_honor_the_irish_saint_what_holiday_occurs_on_march_17th_targ_08_A.wav,target,correct,expletive 'it' dropping,/ʃ/ --> /s/; Irish/iris,,,,,,
24,859b2329d7f72cc191cb6ec6f9dbf0ef1fb0458ca376c943cd4e1df8cdb86a47,The question does NOT need any corrections.,if_laundry_service_will_gum_in_five_days_and_todays_thursday_when_are_they_doing_laundry_next_targ_09_B.wav,target,phon_err,make vs. other verb,/k/ --> /g/; come/gum,nans,,,,,FB_1109
24,859b2329d7f72cc191cb6ec6f9dbf0ef1fb0458ca376c943cd4e1df8cdb86a47,Wednesday,if_laundry_service_will_gum_in_five_days_and_todays_thursday_when_are_they_doing_laundry_next_targ_09_B.wav,target,phon_err,make vs. other verb,/k/ --> /g/; come/gum,,,,,,
24,859b2329d7f72cc191cb6ec6f9dbf0ef1fb0458ca376c943cd4e1df8cdb86a47,"The question does NOT need any corrections, but I don't know the answer/ I don't understand what the question is asking.",who_did_americans_vote_for_to_be_their_first_president_who_avoided_to_serve_three_terms_targ_10_C.wav,target,non_phon_err,infinitive vs. participle,/v/ --> /b/; vote/boat,nun,,,,,FB_1109
24,859b2329d7f72cc191cb6ec6f9dbf0ef1fb0458ca376c943cd4e1df8cdb86a47,NA,who_did_americans_vote_for_to_be_their_first_president_who_avoided_to_serve_three_terms_targ_10_C.wav,target,non_phon_err,infinitive vs. participle,/v/ --> /b/; vote/boat,,,,,,
24,859b2329d7f72cc191cb6ec6f9dbf0ef1fb0458ca376c943cd4e1df8cdb86a47,"The question does NOT need any corrections, but I don't know the answer/ I don't understand what the question is asking.",what_colors_can_have_on_a_traffic_light_which_often_senses_when_cars_pool_up_targ_11_D.wav,target,both_err,have vs. be,/ʊ/ --> /u/; pulls/pools,nun,,,,,FB_1109
24,859b2329d7f72cc191cb6ec6f9dbf0ef1fb0458ca376c943cd4e1df8cdb86a47,NA,what_colors_can_have_on_a_traffic_light_which_often_senses_when_cars_pool_up_targ_11_D.wav,target,both_err,have vs. be,/ʊ/ --> /u/; pulls/pools,,,,,,
24,859b2329d7f72cc191cb6ec6f9dbf0ef1fb0458ca376c943cd4e1df8cdb86a47,I’m good — skip to the next question,if_youre_on_a_path_from_california_to_hawaii_which_ocean_do_you_go_through_targ_12_A.wav,target,correct,no aux verbs in questions (lack of do support),/θ/ --> /t/; path/pat,s,,,,second attempt is their first instance and they chose the skip option,FB_1109
24,859b2329d7f72cc191cb6ec6f9dbf0ef1fb0458ca376c943cd4e1df8cdb86a47,NA,if_youre_on_a_path_from_california_to_hawaii_which_ocean_do_you_go_through_targ_12_A.wav,target,correct,no aux verbs in questions (lack of do support),/θ/ --> /t/; path/pat,,,,,,
24,859b2329d7f72cc191cb6ec6f9dbf0ef1fb0458ca376c943cd4e1df8cdb86a47,The question needs to be CORRECTED.,what_supplies_do_you_need_to_neat_a_scarf_targ_13_B.wav,target,phon_err,no aux verbs in questions (lack of do support),/ɪ/ --> /i/; knit/neat,y,,p,,,FB_1109
24,859b2329d7f72cc191cb6ec6f9dbf0ef1fb0458ca376c943cd4e1df8cdb86a47,"Yarn, knitting needle; sounds like it said 'neat' and should be 'knit'",what_supplies_do_you_need_to_neat_a_scarf_targ_13_B.wav,target,phon_err,no aux verbs in questions (lack of do support),/ɪ/ --> /i/; knit/neat,,,,,,
24,859b2329d7f72cc191cb6ec6f9dbf0ef1fb0458ca376c943cd4e1df8cdb86a47,The question does NOT need any corrections.,what_city_have_people_rushed_to_tour_to_see_where_the_us_government_makes_business_targ_14_C.wav,target,non_phon_err,make vs. other verb,/ʃ/ --> /s/; rushed/rust,nans,,,,,FB_1109
24,859b2329d7f72cc191cb6ec6f9dbf0ef1fb0458ca376c943cd4e1df8cdb86a47,Washington D.C.,what_city_have_people_rushed_to_tour_to_see_where_the_us_government_makes_business_targ_14_C.wav,target,non_phon_err,make vs. other verb,/ʃ/ --> /s/; rushed/rust,,,,,,
24,859b2329d7f72cc191cb6ec6f9dbf0ef1fb0458ca376c943cd4e1df8cdb86a47,I’m good — skip to the next question,what_colors_make_up_a_traditional_candy_gain_which_people_enjoy_to_eat_during_christmas_targ_15_D.wav,target,both_err,infinitive vs. participle,/k/ --> /g/; cane/gain,s,,,,second attempt is their first instance and they chose the skip option,FB_1109
24,859b2329d7f72cc191cb6ec6f9dbf0ef1fb0458ca376c943cd4e1df8cdb86a47,NA,what_colors_make_up_a_traditional_candy_gain_which_people_enjoy_to_eat_during_christmas_targ_15_D.wav,target,both_err,infinitive vs. participle,/k/ --> /g/; cane/gain,,,,,,
24,859b2329d7f72cc191cb6ec6f9dbf0ef1fb0458ca376c943cd4e1df8cdb86a47,I’m good — skip to the next question,where_do_people_get_drivers_licenses_since_it_is_required_as_valid_id_to_drive_targ_16_A.wav,target,correct,expletive 'it' dropping,/v/ --> /b/; valid/ballad,s,,,,second attempt is their first instance and they chose the skip option,FB_1109
24,859b2329d7f72cc191cb6ec6f9dbf0ef1fb0458ca376c943cd4e1df8cdb86a47,NA,where_do_people_get_drivers_licenses_since_it_is_required_as_valid_id_to_drive_targ_16_A.wav,target,correct,expletive 'it' dropping,/v/ --> /b/; valid/ballad,,,,,,
24,859b2329d7f72cc191cb6ec6f9dbf0ef1fb0458ca376c943cd4e1df8cdb86a47,The question needs to be CORRECTED.,how_many_days_wooed_wooled_my_tandem_bike_be_gone_if_someone_borrows_it_for_july_targ_17_B.wav,target,phon_err,adj/noun order,/ʊ/ --> /u/; would/wooed,y,,p,,,FB_1109
24,859b2329d7f72cc191cb6ec6f9dbf0ef1fb0458ca376c943cd4e1df8cdb86a47,"31, sounded like it said 'willed' should be 'would'",how_many_days_wooed_wooled_my_tandem_bike_be_gone_if_someone_borrows_it_for_july_targ_17_B.wav,target,phon_err,adj/noun order,/ʊ/ --> /u/; would/wooed,,,,,,
24,859b2329d7f72cc191cb6ec6f9dbf0ef1fb0458ca376c943cd4e1df8cdb86a47,"The question does NOT need any corrections, but I don't know the answer/ I don't understand what the question is asking.",when_you_have_hot_what_device_measures_body_temperature_in_both_celsius_and_fahrenheit_targ_18_C.wav,target,non_phon_err,have vs. be,/θ/ --> /t/; both/boat,nun,,,,,FB_1109
24,859b2329d7f72cc191cb6ec6f9dbf0ef1fb0458ca376c943cd4e1df8cdb86a47,NA,when_you_have_hot_what_device_measures_body_temperature_in_both_celsius_and_fahrenheit_targ_18_C.wav,target,non_phon_err,have vs. be,/θ/ --> /t/; both/boat,,,,,,
24,859b2329d7f72cc191cb6ec6f9dbf0ef1fb0458ca376c943cd4e1df8cdb86a47,The question needs to be CORRECTED.,what_big_star_in_our_solar_system_can_steal_be_visible_when_is_cloudy_targ_19_D.wav,target,both_err,expletive 'it' dropping,/ɪ/ --> /i/; still/steal,y,,otherp,,,FB_1109
24,859b2329d7f72cc191cb6ec6f9dbf0ef1fb0458ca376c943cd4e1df8cdb86a47,"North Star, sounded like 'sar' and should be 'star'",what_big_star_in_our_solar_system_can_steal_be_visible_when_is_cloudy_targ_19_D.wav,target,both_err,expletive 'it' dropping,/ɪ/ --> /i/; still/steal,,,,,,
24,859b2329d7f72cc191cb6ec6f9dbf0ef1fb0458ca376c943cd4e1df8cdb86a47,The question does NOT need any corrections.,what_popular_us_chain_provides_a_happy_meal_toy_or_plush_when_kids_are_hungry_targ_20_A.wav,target,correct,have vs. be,/ʃ/ --> /s/; plush/plus,nans,,,,,FB_1109
24,859b2329d7f72cc191cb6ec6f9dbf0ef1fb0458ca376c943cd4e1df8cdb86a47,McDonald's,what_popular_us_chain_provides_a_happy_meal_toy_or_plush_when_kids_are_hungry_targ_20_A.wav,target,correct,have vs. be,/ʃ/ --> /s/; plush/plus,,,,,,
24,859b2329d7f72cc191cb6ec6f9dbf0ef1fb0458ca376c943cd4e1df8cdb86a47,"The question does NOT need any corrections, but I don't know the answer/ I don't understand what the question is asking.",in_the_lion_king_who_does_nala_talk_to_and_is_laying_in_a_got_after_theyve_reunited_targ_21_B.wav,target,phon_err,no aux verbs in questions (lack of do support),/k/ --> /g/; cot/got,nun,,,,,FB_1109
24,859b2329d7f72cc191cb6ec6f9dbf0ef1fb0458ca376c943cd4e1df8cdb86a47,NA,in_the_lion_king_who_does_nala_talk_to_and_is_laying_in_a_got_after_theyve_reunited_targ_21_B.wav,target,phon_err,no aux verbs in questions (lack of do support),/k/ --> /g/; cot/got,,,,,,
24,859b2329d7f72cc191cb6ec6f9dbf0ef1fb0458ca376c943cd4e1df8cdb86a47,I’m good — skip to the next question,if_a_janitor_hardworking_cleaned_a_vent_in_five_minutes_how_many_seconds_is_that_targ_22_C.wav,target,non_phon_err,adj/noun order,/v/ --> /b/; vent/bent,s,,,,second attempt is their first instance and they chose the skip option,FB_1109
24,859b2329d7f72cc191cb6ec6f9dbf0ef1fb0458ca376c943cd4e1df8cdb86a47,NA,if_a_janitor_hardworking_cleaned_a_vent_in_five_minutes_how_many_seconds_is_that_targ_22_C.wav,target,non_phon_err,adj/noun order,/v/ --> /b/; vent/bent,,,,,,
24,859b2329d7f72cc191cb6ec6f9dbf0ef1fb0458ca376c943cd4e1df8cdb86a47,I’m good — skip to the next question,what_company_created_the_macbook_a_device_fool_of_features_to_help_students_make_homework_targ_23_D.wav,target,both_err,make vs. other verb,/ʊ/ --> /u/; full/fool,s,,,,second attempt is their first instance and they chose the skip option,FB_1109
24,859b2329d7f72cc191cb6ec6f9dbf0ef1fb0458ca376c943cd4e1df8cdb86a47,NA,what_company_created_the_macbook_a_device_fool_of_features_to_help_students_make_homework_targ_23_D.wav,target,both_err,make vs. other verb,/ʊ/ --> /u/; full/fool,,,,,,
24,859b2329d7f72cc191cb6ec6f9dbf0ef1fb0458ca376c943cd4e1df8cdb86a47,The question does NOT need any corrections.,if_i_consider_leaving_work_after_the_fourth_hour_how_many_minutes_would_that_be_targ_24_A.wav,target,correct,infinitive vs. participle,/θ/ --> /t/; fourth/fort,nans,,,,,FB_1109
24,859b2329d7f72cc191cb6ec6f9dbf0ef1fb0458ca376c943cd4e1df8cdb86a47,240 minutes,if_i_consider_leaving_work_after_the_fourth_hour_how_many_minutes_would_that_be_targ_24_A.wav,target,correct,infinitive vs. participle,/θ/ --> /t/; fourth/fort,,,,,,
24,859b2329d7f72cc191cb6ec6f9dbf0ef1fb0458ca376c943cd4e1df8cdb86a47,"The question does NOT need any corrections, but I don't know the answer/ I don't understand what the question is asking.",what_letter_in_the_latin_alphabet_corresponds_to_the_greek_letter_alpha_fill_01.wav,filler_other,NA,NA,NA,nun,,,,,FB_1109
24,859b2329d7f72cc191cb6ec6f9dbf0ef1fb0458ca376c943cd4e1df8cdb86a47,NA,what_letter_in_the_latin_alphabet_corresponds_to_the_greek_letter_alpha_fill_01.wav,filler_other,NA,NA,NA,,,,,,
24,859b2329d7f72cc191cb6ec6f9dbf0ef1fb0458ca376c943cd4e1df8cdb86a47,The question does NOT need any corrections.,what_organ_is_often_associated_with_being_eaten_by_rotting_flesh_monsters_also_known_as_zombies_fill_02.wav,filler_other,NA,NA,NA,nans,,,,,FB_1109
24,859b2329d7f72cc191cb6ec6f9dbf0ef1fb0458ca376c943cd4e1df8cdb86a47,Brain,what_organ_is_often_associated_with_being_eaten_by_rotting_flesh_monsters_also_known_as_zombies_fill_02.wav,filler_other,NA,NA,NA,,,,,,
24,859b2329d7f72cc191cb6ec6f9dbf0ef1fb0458ca376c943cd4e1df8cdb86a47,The question needs to be CORRECTED.,which_british_celebrity_judge_often_harshly_critiqued_contestants_on_the_nationwide_singing_contest_american_idol_fill_03.wav,filler_other,NA,NA,NA,y,,otherirr,,,FB_1109
24,859b2329d7f72cc191cb6ec6f9dbf0ef1fb0458ca376c943cd4e1df8cdb86a47,"Simon Cowell, critic should be 'criticized'",which_british_celebrity_judge_often_harshly_critiqued_contestants_on_the_nationwide_singing_contest_american_idol_fill_03.wav,filler_other,NA,NA,NA,,,,,,
24,859b2329d7f72cc191cb6ec6f9dbf0ef1fb0458ca376c943cd4e1df8cdb86a47,I’m good — skip to the next question,which_cartoon_character_works_at_the_krusty_krab_and_is_best_friends_with_patrick_star_fill_04.wav,filler_other,NA,NA,NA,s,,,,second attempt is their first instance and they chose the skip option,FB_1109
24,859b2329d7f72cc191cb6ec6f9dbf0ef1fb0458ca376c943cd4e1df8cdb86a47,NA,which_cartoon_character_works_at_the_krusty_krab_and_is_best_friends_with_patrick_star_fill_04.wav,filler_other,NA,NA,NA,,,,,,
24,859b2329d7f72cc191cb6ec6f9dbf0ef1fb0458ca376c943cd4e1df8cdb86a47,The question needs to be CORRECTED.,which_body_part_did_van_gogh_allegedly_cut_off_after_an_argument_with_his_friend_fill_05.wav,filler_other,NA,NA,NA,y,,otherp,,,FB_1109
24,859b2329d7f72cc191cb6ec6f9dbf0ef1fb0458ca376c943cd4e1df8cdb86a47,"Part of his ear, sounded like 'vane go' and should be 'Van Gogh'",which_body_part_did_van_gogh_allegedly_cut_off_after_an_argument_with_his_friend_fill_05.wav,filler_other,NA,NA,NA,,,,,,
24,859b2329d7f72cc191cb6ec6f9dbf0ef1fb0458ca376c943cd4e1df8cdb86a47,The question does NOT need any corrections.,what_is_the_name_of_the_comic_strip_featuring_charlie_brown_and_his_dog_snoopy_fill_06.wav,filler_other,NA,NA,NA,nans,,,,,FB_1109
24,859b2329d7f72cc191cb6ec6f9dbf0ef1fb0458ca376c943cd4e1df8cdb86a47,Peanuts,what_is_the_name_of_the_comic_strip_featuring_charlie_brown_and_his_dog_snoopy_fill_06.wav,filler_other,NA,NA,NA,,,,,,
24,859b2329d7f72cc191cb6ec6f9dbf0ef1fb0458ca376c943cd4e1df8cdb86a47,The question needs to be CORRECTED.,what_holiday_occurs_at_the_end_of_october_and_features_trick-or-treating_pumpkins_and_haunted_houses_fill_07.wav,filler_other,NA,NA,NA,y,,otherp,,,FB_1109
24,859b2329d7f72cc191cb6ec6f9dbf0ef1fb0458ca376c943cd4e1df8cdb86a47,"Halloween, two words need to be corrected, 'occures' is not a word, it's 'occurs' and it's not 'pumpkings' it's supposed to be 'pumpkins'",what_holiday_occurs_at_the_end_of_october_and_features_trick-or-treating_pumpkins_and_haunted_houses_fill_07.wav,filler_other,NA,NA,NA,,,,,,
24,859b2329d7f72cc191cb6ec6f9dbf0ef1fb0458ca376c943cd4e1df8cdb86a47,I’m good — skip to the next question,what_is_the_name_of_the_video_game_character_who_is_a_traveling_italian_plumber_fill_08.wav,filler_other,NA,NA,NA,s,,,,second attempt is their first instance and they chose the skip option,FB_1109
24,859b2329d7f72cc191cb6ec6f9dbf0ef1fb0458ca376c943cd4e1df8cdb86a47,NA,what_is_the_name_of_the_video_game_character_who_is_a_traveling_italian_plumber_fill_08.wav,filler_other,NA,NA,NA,,,,,,
24,859b2329d7f72cc191cb6ec6f9dbf0ef1fb0458ca376c943cd4e1df8cdb86a47,The question does NOT need any corrections.,what_kind_of_animal_is_mickey_mouse’s_girlfriend_minnie_who_wears_a_bow_fill_09.wav,filler_other,NA,NA,NA,nans,,,,,FB_1109
24,859b2329d7f72cc191cb6ec6f9dbf0ef1fb0458ca376c943cd4e1df8cdb86a47,Mouse,what_kind_of_animal_is_mickey_mouse’s_girlfriend_minnie_who_wears_a_bow_fill_09.wav,filler_other,NA,NA,NA,,,,,,
24,859b2329d7f72cc191cb6ec6f9dbf0ef1fb0458ca376c943cd4e1df8cdb86a47,I’m good — skip to the next question,which_cartoon_dog_solves_mysteries_with_the_group_fred_daphne_velma_and_shaggy_fill_10.wav,filler_other,NA,NA,NA,s,,,,second attempt is their first instance and they chose the skip option,FB_1109
24,859b2329d7f72cc191cb6ec6f9dbf0ef1fb0458ca376c943cd4e1df8cdb86a47,NA,which_cartoon_dog_solves_mysteries_with_the_group_fred_daphne_velma_and_shaggy_fill_10.wav,filler_other,NA,NA,NA,,,,,,
24,859b2329d7f72cc191cb6ec6f9dbf0ef1fb0458ca376c943cd4e1df8cdb86a47,The question does NOT need any corrections.,which_fast_food_chain_offers_foot-long_sandwiches_and_has_the_slogan_eat_fresh_fill_11.wav,filler_other,NA,NA,NA,nans,,,,,FB_1109
24,859b2329d7f72cc191cb6ec6f9dbf0ef1fb0458ca376c943cd4e1df8cdb86a47,Subway,which_fast_food_chain_offers_foot-long_sandwiches_and_has_the_slogan_eat_fresh_fill_11.wav,filler_other,NA,NA,NA,,,,,,
24,859b2329d7f72cc191cb6ec6f9dbf0ef1fb0458ca376c943cd4e1df8cdb86a47,I’m good — skip to the next question,which_oscar-winning_movie_features_tom_hanks_saying_life_is_like_a_box_of_chocolates_fill_12.wav,filler_other,NA,NA,NA,s,,,,second attempt is their first instance and they chose the skip option,FB_1109
24,859b2329d7f72cc191cb6ec6f9dbf0ef1fb0458ca376c943cd4e1df8cdb86a47,NA,which_oscar-winning_movie_features_tom_hanks_saying_life_is_like_a_box_of_chocolates_fill_12.wav,filler_other,NA,NA,NA,,,,,,
24,859b2329d7f72cc191cb6ec6f9dbf0ef1fb0458ca376c943cd4e1df8cdb86a47,The question does NOT need any corrections.,what_novel_has_the_quote_i’m_late_i’m_late_for_a_very_important_date_fill_13.wav,filler_other,NA,NA,NA,nans,,,,,FB_1109
24,859b2329d7f72cc191cb6ec6f9dbf0ef1fb0458ca376c943cd4e1df8cdb86a47,Alice in Wonderland,what_novel_has_the_quote_i’m_late_i’m_late_for_a_very_important_date_fill_13.wav,filler_other,NA,NA,NA,,,,,,
24,859b2329d7f72cc191cb6ec6f9dbf0ef1fb0458ca376c943cd4e1df8cdb86a47,The question needs to be CORRECTED.,what_mythical_creatures_have_been_said_to_drink_blood_turn_into_bats_and_hate_onions_fill_14.wav,filler_other,NA,NA,NA,y,,otherirr,,,FB_1109
24,859b2329d7f72cc191cb6ec6f9dbf0ef1fb0458ca376c943cd4e1df8cdb86a47,"Vampire, they don't like garlic, not onions",what_mythical_creatures_have_been_said_to_drink_blood_turn_into_bats_and_hate_onions_fill_14.wav,filler_other,NA,NA,NA,,,,,,
24,859b2329d7f72cc191cb6ec6f9dbf0ef1fb0458ca376c943cd4e1df8cdb86a47,The question needs to be CORRECTED.,who_discovered_the_law_of_universal_gravitation_which_accounts_for_why_objects_naturally_fall_downwards_fill_15.wav,filler_other,NA,NA,NA,y,,otherirr,,,FB_1109
24,859b2329d7f72cc191cb6ec6f9dbf0ef1fb0458ca376c943cd4e1df8cdb86a47,"Isaac Newton, says 'law of universal gravitation', it is commonly referred to as 'the law of gravity'",who_discovered_the_law_of_universal_gravitation_which_accounts_for_why_objects_naturally_fall_downwards_fill_15.wav,filler_other,NA,NA,NA,,,,,,
24,859b2329d7f72cc191cb6ec6f9dbf0ef1fb0458ca376c943cd4e1df8cdb86a47,"The question does NOT need any corrections, but I don't know the answer/ I don't understand what the question is asking.",which_soft_pastry_made_with_a_certain_spice_is_often_spiral-shaped_and_topped_with_icing_fill_16.wav,filler_other,NA,NA,NA,nun,,,,,FB_1109
24,859b2329d7f72cc191cb6ec6f9dbf0ef1fb0458ca376c943cd4e1df8cdb86a47,NA,which_soft_pastry_made_with_a_certain_spice_is_often_spiral-shaped_and_topped_with_icing_fill_16.wav,filler_other,NA,NA,NA,,,,,,
24,859b2329d7f72cc191cb6ec6f9dbf0ef1fb0458ca376c943cd4e1df8cdb86a47,I’m good — skip to the next question,what_us_holiday_is_often_celebrated_with_fireworks_and_hotdogs_to_honor_americas_freedom_fill_17.wav,filler_other,NA,NA,NA,s,,,,second attempt is their first instance and they chose the skip option,FB_1109
24,859b2329d7f72cc191cb6ec6f9dbf0ef1fb0458ca376c943cd4e1df8cdb86a47,NA,what_us_holiday_is_often_celebrated_with_fireworks_and_hotdogs_to_honor_americas_freedom_fill_17.wav,filler_other,NA,NA,NA,,,,,,
24,859b2329d7f72cc191cb6ec6f9dbf0ef1fb0458ca376c943cd4e1df8cdb86a47,The question does NOT need any corrections.,which_tropical_fruit_that_grows_on_palm_trees_is_used_for_oils_and_milks_fill_18.wav,filler_other,NA,NA,NA,nans,,,,,FB_1109
24,859b2329d7f72cc191cb6ec6f9dbf0ef1fb0458ca376c943cd4e1df8cdb86a47,Coconut,which_tropical_fruit_that_grows_on_palm_trees_is_used_for_oils_and_milks_fill_18.wav,filler_other,NA,NA,NA,,,,,,
24,859b2329d7f72cc191cb6ec6f9dbf0ef1fb0458ca376c943cd4e1df8cdb86a47,I’m good — skip to the next question,which_season_do_we_associate_with_thanksgiving_the_beginning_of_school_and_leaves_turning_brown_fill_19.wav,filler_other,NA,NA,NA,s,,,,second attempt is their first instance and they chose the skip option,FB_1109
24,859b2329d7f72cc191cb6ec6f9dbf0ef1fb0458ca376c943cd4e1df8cdb86a47,NA,which_season_do_we_associate_with_thanksgiving_the_beginning_of_school_and_leaves_turning_brown_fill_19.wav,filler_other,NA,NA,NA,,,,,,
24,859b2329d7f72cc191cb6ec6f9dbf0ef1fb0458ca376c943cd4e1df8cdb86a47,The question does NOT need any corrections.,what_musician_won_grammys_for_their_album_thriller_which_features_the_hit_song_beat_it_fill_20.wav,filler_other,NA,NA,NA,nans,,,,,FB_1109
24,859b2329d7f72cc191cb6ec6f9dbf0ef1fb0458ca376c943cd4e1df8cdb86a47,Michael Jackson,what_musician_won_grammys_for_their_album_thriller_which_features_the_hit_song_beat_it_fill_20.wav,filler_other,NA,NA,NA,,,,,,
24,859b2329d7f72cc191cb6ec6f9dbf0ef1fb0458ca376c943cd4e1df8cdb86a47,The question does NOT need any corrections.,what_animal_is_typically_white_with_black_spots_and_says_moo_fill_21.wav,filler_other,NA,NA,NA,nans,,,,,FB_1109
24,859b2329d7f72cc191cb6ec6f9dbf0ef1fb0458ca376c943cd4e1df8cdb86a47,Cow,what_animal_is_typically_white_with_black_spots_and_says_moo_fill_21.wav,filler_other,NA,NA,NA,,,,,,
24,859b2329d7f72cc191cb6ec6f9dbf0ef1fb0458ca376c943cd4e1df8cdb86a47,The question does NOT need any corrections.,where_do_the_jolly_christmas_icons_santa_claus_and_his_wife_mrs._claus_live_fill_22.wav,filler_other,NA,NA,NA,nans,,,,,FB_1109
24,859b2329d7f72cc191cb6ec6f9dbf0ef1fb0458ca376c943cd4e1df8cdb86a47,North Pole,where_do_the_jolly_christmas_icons_santa_claus_and_his_wife_mrs._claus_live_fill_22.wav,filler_other,NA,NA,NA,,,,,,
24,859b2329d7f72cc191cb6ec6f9dbf0ef1fb0458ca376c943cd4e1df8cdb86a47,"The question does NOT need any corrections, but I don't know the answer/ I don't understand what the question is asking.",in_the_famous_dr_seuss_book_what_orange_and_yellow_character_speaks_for_the_trees_fill_23.wav,filler_other,NA,NA,NA,nun,,,,,FB_1109
24,859b2329d7f72cc191cb6ec6f9dbf0ef1fb0458ca376c943cd4e1df8cdb86a47,NA,in_the_famous_dr_seuss_book_what_orange_and_yellow_character_speaks_for_the_trees_fill_23.wav,filler_other,NA,NA,NA,,,,,,
24,859b2329d7f72cc191cb6ec6f9dbf0ef1fb0458ca376c943cd4e1df8cdb86a47,I’m good — skip to the next question,in_what_country_would_you_find_landmarks_like_the_pyramids_of_giza_and_great_sphinx_fill_24.wav,filler_other,NA,NA,NA,s,,,,second attempt is their first instance and they chose the skip option,FB_1109
24,859b2329d7f72cc191cb6ec6f9dbf0ef1fb0458ca376c943cd4e1df8cdb86a47,NA,in_what_country_would_you_find_landmarks_like_the_pyramids_of_giza_and_great_sphinx_fill_24.wav,filler_other,NA,NA,NA,,,,,,